x_mid,var_est,n,D_est,rep,model,diffusion_source
-13.215568615552153,0.39913611274229865,20072,0.19956805637114933,0,hinge_plateau_smooth,recompute_from_transitions
-12.873930922403003,0.2944460958898078,20144,0.1472230479449039,0,hinge_plateau_smooth,recompute_from_transitions
-12.713161295167165,0.3996815595616796,19785,0.1998407797808398,0,hinge_plateau_smooth,recompute_from_transitions
-12.557739569963914,0.44983167930181556,20132,0.22491583965090778,0,hinge_plateau_smooth,recompute_from_transitions
-12.42707200617936,0.36137238847042746,20437,0.18068619423521373,0,hinge_plateau_smooth,recompute_from_transitions
-12.345839520565075,0.4862236610623443,20165,0.24311183053117216,0,hinge_plateau_smooth,recompute_from_transitions
-12.268666397113726,0.4229717883842408,19877,0.2114858941921204,0,hinge_plateau_smooth,recompute_from_transitions
-12.16882174978853,0.5497436688099718,20216,0.2748718344049859,0,hinge_plateau_smooth,recompute_from_transitions
-12.090022719704764,0.44112809366033523,20201,0.22056404683016761,0,hinge_plateau_smooth,recompute_from_transitions
-12.020014114773264,0.5650484814195497,20223,0.28252424070977483,0,hinge_plateau_smooth,recompute_from_transitions
-11.946587451778106,0.5310685514749911,19541,0.26553427573749555,0,hinge_plateau_smooth,recompute_from_transitions
-11.87776586195074,0.5028338414821286,20740,0.2514169207410643,0,hinge_plateau_smooth,recompute_from_transitions
-11.78090710457824,0.582332111770935,20158,0.2911660558854675,0,hinge_plateau_smooth,recompute_from_transitions
-11.698090872057822,0.5740628595803443,20102,0.28703142979017215,0,hinge_plateau_smooth,recompute_from_transitions
-11.63302268210979,0.5419405842639858,19959,0.2709702921319929,0,hinge_plateau_smooth,recompute_from_transitions
-11.564931219048146,0.5484427614963611,20258,0.27422138074818053,0,hinge_plateau_smooth,recompute_from_transitions
-11.477746959837445,0.7016351445333028,20216,0.3508175722666514,0,hinge_plateau_smooth,recompute_from_transitions
-11.39687553923386,0.5662050200544484,20128,0.2831025100272242,0,hinge_plateau_smooth,recompute_from_transitions
-11.315121331717332,0.6556698876209541,20040,0.32783494381047706,0,hinge_plateau_smooth,recompute_from_transitions
-11.2376486736877,0.7559835047106256,20094,0.3779917523553128,0,hinge_plateau_smooth,recompute_from_transitions
-11.135824520249049,0.7832728429900604,20177,0.3916364214950302,0,hinge_plateau_smooth,recompute_from_transitions
-11.033846919870747,0.7318693739545578,20205,0.3659346869772789,0,hinge_plateau_smooth,recompute_from_transitions
-10.93983878309399,0.7977785287573773,20116,0.39888926437868866,0,hinge_plateau_smooth,recompute_from_transitions
-10.837995069557074,0.7044844897868712,20121,0.3522422448934356,0,hinge_plateau_smooth,recompute_from_transitions
-10.733178652255445,0.7556004306476607,20147,0.37780021532383035,0,hinge_plateau_smooth,recompute_from_transitions
-10.605396238724294,0.7607431054415686,20147,0.3803715527207843,0,hinge_plateau_smooth,recompute_from_transitions
-10.4665924843832,0.7408939859469168,20132,0.3704469929734584,0,hinge_plateau_smooth,recompute_from_transitions
-10.308160680414106,0.7220353820866918,20121,0.3610176910433459,0,hinge_plateau_smooth,recompute_from_transitions
-10.117953562631866,0.6714574227793184,20143,0.3357287113896592,0,hinge_plateau_smooth,recompute_from_transitions
-9.882235027171532,0.6821708733114641,20128,0.34108543665573204,0,hinge_plateau_smooth,recompute_from_transitions
-9.519909940976794,0.5623496437740888,20126,0.2811748218870444,0,hinge_plateau_smooth,recompute_from_transitions
-8.756019834533166,0.4148894052223238,20139,0.2074447026111619,0,hinge_plateau_smooth,recompute_from_transitions
-13.289294607776606,0.38974210236779283,18968,0.19487105118389642,1,hinge_plateau_smooth,recompute_from_transitions
-12.90656155908676,0.35271441651947544,20045,0.17635720825973772,1,hinge_plateau_smooth,recompute_from_transitions
-12.716808192826464,0.3757858127316174,21412,0.1878929063658087,1,hinge_plateau_smooth,recompute_from_transitions
-12.569575524419804,0.45123721551840196,19932,0.22561860775920098,1,hinge_plateau_smooth,recompute_from_transitions
-12.4412132763088,0.3973513290449073,19528,0.19867566452245364,1,hinge_plateau_smooth,recompute_from_transitions
-12.363882337052631,0.4267200761509813,20605,0.21336003807549064,1,hinge_plateau_smooth,recompute_from_transitions
-12.29061495959437,0.3990709994864973,20839,0.19953549974324866,1,hinge_plateau_smooth,recompute_from_transitions
-12.178379711278886,0.5533513608486176,20446,0.2766756804243088,1,hinge_plateau_smooth,recompute_from_transitions
-12.099429290576538,0.46996662244861637,18912,0.23498331122430818,1,hinge_plateau_smooth,recompute_from_transitions
-12.024493812681577,0.48505511777761134,21469,0.24252755888880567,1,hinge_plateau_smooth,recompute_from_transitions
-11.955149926079956,0.5327508419433511,19748,0.26637542097167555,1,hinge_plateau_smooth,recompute_from_transitions
-11.88729016568336,0.5145539212439202,20621,0.2572769606219601,1,hinge_plateau_smooth,recompute_from_transitions
-11.79149679570585,0.5741475304985972,20376,0.2870737652492986,1,hinge_plateau_smooth,recompute_from_transitions
-11.7058618450852,0.5632248298994293,19152,0.2816124149497147,1,hinge_plateau_smooth,recompute_from_transitions
-11.646008415731831,0.5597011517491388,21298,0.2798505758745694,1,hinge_plateau_smooth,recompute_from_transitions
-11.570540814483564,0.5529342019312923,20004,0.27646710096564614,1,hinge_plateau_smooth,recompute_from_transitions
-11.485114301054752,0.7124319168356655,20363,0.35621595841783277,1,hinge_plateau_smooth,recompute_from_transitions
-11.406282110106478,0.5965571425743769,19991,0.29827857128718843,1,hinge_plateau_smooth,recompute_from_transitions
-11.324135029944886,0.6961774893560642,20502,0.3480887446780321,1,hinge_plateau_smooth,recompute_from_transitions
-11.245286622108551,0.7741454949809197,20126,0.38707274749045983,1,hinge_plateau_smooth,recompute_from_transitions
-11.146052620481314,0.7666276000104072,20212,0.3833138000052036,1,hinge_plateau_smooth,recompute_from_transitions
-11.04390934791117,0.7853889120717292,20023,0.3926944560358646,1,hinge_plateau_smooth,recompute_from_transitions
-10.954332551529792,0.766809400908987,20511,0.3834047004544935,1,hinge_plateau_smooth,recompute_from_transitions
-10.842512000007565,0.7718436774586367,20264,0.38592183872931834,1,hinge_plateau_smooth,recompute_from_transitions
-10.73772130947042,0.7817309708049324,20227,0.3908654854024662,1,hinge_plateau_smooth,recompute_from_transitions
-10.608104730488945,0.7198271334730962,20230,0.3599135667365481,1,hinge_plateau_smooth,recompute_from_transitions
-10.468223059114958,0.7226151745027606,20232,0.3613075872513803,1,hinge_plateau_smooth,recompute_from_transitions
-10.320234851902422,0.7240526562872263,20064,0.36202632814361313,1,hinge_plateau_smooth,recompute_from_transitions
-10.12762233789186,0.6616678481868955,20343,0.33083392409344775,1,hinge_plateau_smooth,recompute_from_transitions
-9.891883304161176,0.642047943045677,20263,0.3210239715228385,1,hinge_plateau_smooth,recompute_from_transitions
-9.538324602851896,0.5774966214010917,20224,0.28874831070054585,1,hinge_plateau_smooth,recompute_from_transitions
-8.782081905248296,0.42884560807792854,20224,0.21442280403896427,1,hinge_plateau_smooth,recompute_from_transitions
-13.215568615552153,0.37877345769177967,19909,0.18938672884588983,2,hinge_plateau_smooth,recompute_from_transitions
-12.873930922403003,0.3216986197212727,19776,0.16084930986063636,2,hinge_plateau_smooth,recompute_from_transitions
-12.713161295167165,0.38163357572030415,20391,0.19081678786015208,2,hinge_plateau_smooth,recompute_from_transitions
-12.557739569963914,0.4160189027306791,19908,0.20800945136533955,2,hinge_plateau_smooth,recompute_from_transitions
-12.430203708843376,0.3945474122127038,20656,0.1972737061063519,2,hinge_plateau_smooth,recompute_from_transitions
-12.357640847696889,0.4912633918077044,18838,0.2456316959038522,2,hinge_plateau_smooth,recompute_from_transitions
-12.27194452041643,0.4074415286784643,20782,0.20372076433923214,2,hinge_plateau_smooth,recompute_from_transitions
-12.175059099136428,0.5089650379741231,20589,0.25448251898706153,2,hinge_plateau_smooth,recompute_from_transitions
-12.092063728739856,0.4725323936145735,20195,0.23626619680728675,2,hinge_plateau_smooth,recompute_from_transitions
-12.020585328224517,0.5661314900231899,20067,0.2830657450115949,2,hinge_plateau_smooth,recompute_from_transitions
-11.952175739666302,0.5430605646660696,20236,0.2715302823330348,2,hinge_plateau_smooth,recompute_from_transitions
-11.882657574090215,0.5062923293286843,20163,0.25314616466434214,2,hinge_plateau_smooth,recompute_from_transitions
-11.783203234333312,0.573013097731339,20077,0.2865065488656695,2,hinge_plateau_smooth,recompute_from_transitions
-11.699294887643012,0.5979817823922868,20179,0.2989908911961434,2,hinge_plateau_smooth,recompute_from_transitions
-11.63302268210979,0.5749974714841474,20034,0.2874987357420737,2,hinge_plateau_smooth,recompute_from_transitions
-11.566220267292575,0.5635100090415206,19894,0.2817550045207603,2,hinge_plateau_smooth,recompute_from_transitions
-11.482398110500611,0.7052322308350913,20425,0.3526161154175457,2,hinge_plateau_smooth,recompute_from_transitions
-11.398020867510535,0.5669175643222177,20172,0.28345878216110887,2,hinge_plateau_smooth,recompute_from_transitions
-11.31599863352836,0.7141314681410397,20130,0.35706573407051984,2,hinge_plateau_smooth,recompute_from_transitions
-11.241614956797608,0.7461180134768419,20034,0.37305900673842096,2,hinge_plateau_smooth,recompute_from_transitions
-11.141931865442109,0.6541353037218546,19436,0.3270676518609273,2,hinge_plateau_smooth,recompute_from_transitions
-11.042560770195294,0.7965652460501612,20111,0.3982826230250806,2,hinge_plateau_smooth,recompute_from_transitions
-10.95078959646476,0.7889061014491878,20924,0.3944530507245939,2,hinge_plateau_smooth,recompute_from_transitions
-10.84376518576638,0.790556543348841,20089,0.3952782716744205,2,hinge_plateau_smooth,recompute_from_transitions
-10.73995358743546,0.7329039102881261,20179,0.36645195514406304,2,hinge_plateau_smooth,recompute_from_transitions
-10.609223905833444,0.7469578439673779,20112,0.3734789219836889,2,hinge_plateau_smooth,recompute_from_transitions
-10.471968130995034,0.7425669240367514,20139,0.3712834620183757,2,hinge_plateau_smooth,recompute_from_transitions
-10.31996939583773,0.7333884378412043,19883,0.36669421892060217,2,hinge_plateau_smooth,recompute_from_transitions
-10.123721859357955,0.663655024514575,20379,0.3318275122572875,2,hinge_plateau_smooth,recompute_from_transitions
-9.886014542886508,0.6190932113351186,20125,0.3095466056675593,2,hinge_plateau_smooth,recompute_from_transitions
-9.527784119460756,0.5673129913636704,20126,0.2836564956818352,2,hinge_plateau_smooth,recompute_from_transitions
-8.780818542280475,0.4209266651029319,20133,0.21046333255146596,2,hinge_plateau_smooth,recompute_from_transitions
-13.215568615552153,0.3818848432415451,19791,0.19094242162077255,3,hinge_plateau_smooth,recompute_from_transitions
-12.873930922403003,0.3077460736948762,20505,0.1538730368474381,3,hinge_plateau_smooth,recompute_from_transitions
-12.710510913170893,0.40213735715787463,20343,0.20106867857893732,3,hinge_plateau_smooth,recompute_from_transitions
-12.557739569963914,0.45014414250974205,20050,0.22507207125487103,3,hinge_plateau_smooth,recompute_from_transitions
-12.430203708843376,0.36516328995502617,20392,0.18258164497751309,3,hinge_plateau_smooth,recompute_from_transitions
-12.357640847696889,0.4797340679238391,19424,0.23986703396191955,3,hinge_plateau_smooth,recompute_from_transitions
-12.27194452041643,0.4191831028042633,20554,0.20959155140213165,3,hinge_plateau_smooth,recompute_from_transitions
-12.172721188636483,0.5228845838144838,20602,0.2614422919072419,3,hinge_plateau_smooth,recompute_from_transitions
-12.090022719704764,0.46137556250853357,20375,0.23068778125426678,3,hinge_plateau_smooth,recompute_from_transitions
-12.018475195490073,0.5801120253508579,20012,0.29005601267542896,3,hinge_plateau_smooth,recompute_from_transitions
-11.93627780817832,0.5326327426616904,19650,0.2663163713308452,3,hinge_plateau_smooth,recompute_from_transitions
-11.875100399764182,0.5288511500880902,20625,0.2644255750440451,3,hinge_plateau_smooth,recompute_from_transitions
-11.775718390041606,0.5600174352921596,20564,0.2800087176460798,3,hinge_plateau_smooth,recompute_from_transitions
-11.690588433174495,0.586426726906629,19993,0.2932133634533145,3,hinge_plateau_smooth,recompute_from_transitions
-11.630622471622218,0.5383998257968733,20515,0.26919991289843664,3,hinge_plateau_smooth,recompute_from_transitions
-11.549812689246147,0.584745686170083,20063,0.2923728430850415,3,hinge_plateau_smooth,recompute_from_transitions
-11.468802443039378,0.7079906904845471,20139,0.35399534524227355,3,hinge_plateau_smooth,recompute_from_transitions
-11.389256138960745,0.6077221727280374,20415,0.3038610863640187,3,hinge_plateau_smooth,recompute_from_transitions
-11.3025342476753,0.7033394636609226,20216,0.3516697318304613,3,hinge_plateau_smooth,recompute_from_transitions
-11.229701489193678,0.7732764724093892,20311,0.3866382362046946,3,hinge_plateau_smooth,recompute_from_transitions
-11.126076898038612,0.7503904623942715,20081,0.37519523119713577,3,hinge_plateau_smooth,recompute_from_transitions
-11.028636069510126,0.688908583333464,20171,0.344454291666732,3,hinge_plateau_smooth,recompute_from_transitions
-10.93309196620755,0.79981280648419,20419,0.399906403242095,3,hinge_plateau_smooth,recompute_from_transitions
-10.825417996885662,0.7832617129966897,20160,0.39163085649834484,3,hinge_plateau_smooth,recompute_from_transitions
-10.724261304829213,0.7501873508186676,20282,0.3750936754093338,3,hinge_plateau_smooth,recompute_from_transitions
-10.595842752855896,0.7617377335597798,20236,0.3808688667798899,3,hinge_plateau_smooth,recompute_from_transitions
-10.46135093282899,0.775448007233583,20155,0.3877240036167915,3,hinge_plateau_smooth,recompute_from_transitions
-10.308160680414106,0.716262939259131,20296,0.3581314696295655,3,hinge_plateau_smooth,recompute_from_transitions
-10.117703739956998,0.6425484040898397,20242,0.32127420204491985,3,hinge_plateau_smooth,recompute_from_transitions
-9.87809299334275,0.612579232574142,20227,0.306289616287071,3,hinge_plateau_smooth,recompute_from_transitions
-9.519561756221108,0.5847698351122314,20226,0.2923849175561157,3,hinge_plateau_smooth,recompute_from_transitions
-8.748379236415836,0.4101991072369766,20228,0.2050995536184883,3,hinge_plateau_smooth,recompute_from_transitions
-13.215568615552153,0.40990403412773874,19695,0.20495201706386937,4,hinge_plateau_smooth,recompute_from_transitions
-12.883829499865389,0.3026864629296347,20098,0.15134323146481735,4,hinge_plateau_smooth,recompute_from_transitions
-12.710510913170893,0.4050932979139981,20470,0.20254664895699906,4,hinge_plateau_smooth,recompute_from_transitions
-12.557739569963914,0.464387595161412,19365,0.232193797580706,4,hinge_plateau_smooth,recompute_from_transitions
-12.42707200617936,0.3725071910552415,20827,0.18625359552762075,4,hinge_plateau_smooth,recompute_from_transitions
-12.357640847696889,0.4638162015148957,19344,0.23190810075744786,4,hinge_plateau_smooth,recompute_from_transitions
-12.27194452041643,0.39584968855676256,20662,0.19792484427838128,4,hinge_plateau_smooth,recompute_from_transitions
-12.172721188636483,0.5453962237025947,20454,0.27269811185129733,4,hinge_plateau_smooth,recompute_from_transitions
-12.090428487980128,0.4753684040103974,20123,0.2376842020051987,4,hinge_plateau_smooth,recompute_from_transitions
-12.020269380207331,0.572904751479703,19923,0.2864523757398515,4,hinge_plateau_smooth,recompute_from_transitions
-11.949066537304118,0.5203503927510594,19874,0.2601751963755297,4,hinge_plateau_smooth,recompute_from_transitions
-11.882232770753957,0.5057715327482342,20172,0.2528857663741171,4,hinge_plateau_smooth,recompute_from_transitions
-11.789251650443314,0.5814259382185635,20495,0.29071296910928174,4,hinge_plateau_smooth,recompute_from_transitions
-11.702793475398677,0.5822316321751425,20162,0.29111581608757126,4,hinge_plateau_smooth,recompute_from_transitions
-11.63302268210979,0.5681116051276149,20131,0.28405580256380747,4,hinge_plateau_smooth,recompute_from_transitions
-11.564931219048146,0.5908603336245369,20134,0.29543016681226847,4,hinge_plateau_smooth,recompute_from_transitions
-11.48155238820163,0.6950006570114022,19966,0.3475003285057011,4,hinge_plateau_smooth,recompute_from_transitions
-11.397984148998304,0.5456957799274921,20225,0.27284788996374604,4,hinge_plateau_smooth,recompute_from_transitions
-11.31586934187193,0.7068519927802352,20032,0.3534259963901176,4,hinge_plateau_smooth,recompute_from_transitions
-11.238757283452156,0.7615441443356643,20277,0.38077207216783215,4,hinge_plateau_smooth,recompute_from_transitions
-11.138900982248124,0.7613192150755833,19906,0.38065960753779166,4,hinge_plateau_smooth,recompute_from_transitions
-11.037645942581964,0.7218601227898739,20305,0.36093006139493694,4,hinge_plateau_smooth,recompute_from_transitions
-10.939199311400689,0.8016097565460473,20120,0.40080487827302363,4,hinge_plateau_smooth,recompute_from_transitions
-10.83880646743796,0.7081759073360417,20164,0.35408795366802087,4,hinge_plateau_smooth,recompute_from_transitions
-10.735997619285762,0.7447260105443749,20126,0.37236300527218746,4,hinge_plateau_smooth,recompute_from_transitions
-10.605924096822166,0.8092702843545493,20115,0.40463514217727464,4,hinge_plateau_smooth,recompute_from_transitions
-10.468223059114958,0.7140292915295975,20131,0.35701464576479874,4,hinge_plateau_smooth,recompute_from_transitions
-10.315106143087498,0.687342965036055,20122,0.3436714825180275,4,hinge_plateau_smooth,recompute_from_transitions
-10.12031926466571,0.667530730595697,20116,0.3337653652978485,4,hinge_plateau_smooth,recompute_from_transitions
-9.881733005524358,0.6397410176696582,20129,0.3198705088348291,4,hinge_plateau_smooth,recompute_from_transitions
-9.516401785929318,0.5702325253941972,20120,0.2851162626970986,4,hinge_plateau_smooth,recompute_from_transitions
-8.74289908238186,0.38809650598871426,20125,0.19404825299435713,4,hinge_plateau_smooth,recompute_from_transitions
-13.206905691142058,0.38590735980424756,19899,0.19295367990212378,5,hinge_plateau_smooth,recompute_from_transitions
-12.86064922900079,0.2852824710780283,20116,0.14264123553901414,5,hinge_plateau_smooth,recompute_from_transitions
-12.710510913170893,0.42118149759237544,19761,0.21059074879618772,5,hinge_plateau_smooth,recompute_from_transitions
-12.557739569963914,0.44924889962088055,19505,0.22462444981044027,5,hinge_plateau_smooth,recompute_from_transitions
-12.42693850381749,0.37773132968212997,20737,0.18886566484106498,5,hinge_plateau_smooth,recompute_from_transitions
-12.345839520565075,0.49493060294321645,19934,0.24746530147160822,5,hinge_plateau_smooth,recompute_from_transitions
-12.259404166259278,0.4216536765336831,19979,0.21082683826684154,5,hinge_plateau_smooth,recompute_from_transitions
-12.16882174978853,0.5380314787565161,19851,0.26901573937825807,5,hinge_plateau_smooth,recompute_from_transitions
-12.090022719704764,0.44061677866048776,20288,0.22030838933024388,5,hinge_plateau_smooth,recompute_from_transitions
-12.020014114773264,0.5939758175334157,19555,0.29698790876670783,5,hinge_plateau_smooth,recompute_from_transitions
-11.9389012237277,0.5241725972026553,20475,0.26208629860132765,5,hinge_plateau_smooth,recompute_from_transitions
-11.877632359588858,0.48719115777144595,19999,0.24359557888572297,5,hinge_plateau_smooth,recompute_from_transitions
-11.779720922693246,0.591416320449633,19963,0.2957081602248165,5,hinge_plateau_smooth,recompute_from_transitions
-11.698243294090917,0.5908083719855353,19960,0.29540418599276763,5,hinge_plateau_smooth,recompute_from_transitions
-11.632985963597555,0.5858107699234696,20021,0.2929053849617348,5,hinge_plateau_smooth,recompute_from_transitions
-11.564931219048146,0.5478346322473666,20098,0.2739173161236833,5,hinge_plateau_smooth,recompute_from_transitions
-11.482398110500611,0.7045234900445146,19986,0.3522617450222573,5,hinge_plateau_smooth,recompute_from_transitions
-11.398916548269137,0.5561709270734687,19974,0.27808546353673436,5,hinge_plateau_smooth,recompute_from_transitions
-11.31792007700742,0.6947904006644349,19950,0.34739520033221744,5,hinge_plateau_smooth,recompute_from_transitions
-11.242745145234796,0.7533654235067573,20123,0.37668271175337864,5,hinge_plateau_smooth,recompute_from_transitions
-11.145488860603283,0.7072042775891142,19673,0.3536021387945571,5,hinge_plateau_smooth,recompute_from_transitions
-11.043753489741798,0.771378674114283,19841,0.3856893370571415,5,hinge_plateau_smooth,recompute_from_transitions
-10.95408377565863,0.7498850668803652,19676,0.3749425334401826,5,hinge_plateau_smooth,recompute_from_transitions
-10.84756939493744,0.7659742333353661,20831,0.38298711666768304,5,hinge_plateau_smooth,recompute_from_transitions
-10.739286862717018,0.764372278711657,20029,0.3821861393558285,5,hinge_plateau_smooth,recompute_from_transitions
-10.609223905833444,0.7821611895104396,19991,0.3910805947552198,5,hinge_plateau_smooth,recompute_from_transitions
-10.474748153658853,0.7209608531775854,20024,0.3604804265887927,5,hinge_plateau_smooth,recompute_from_transitions
-10.322477894229076,0.7410961008318975,19765,0.37054805041594874,5,hinge_plateau_smooth,recompute_from_transitions
-10.125394540725404,0.6572346199528056,20249,0.3286173099764028,5,hinge_plateau_smooth,recompute_from_transitions
-9.897002737415262,0.6486384457371116,19993,0.3243192228685558,5,hinge_plateau_smooth,recompute_from_transitions
-9.52946306986906,0.5988055858939096,20029,0.2994027929469548,5,hinge_plateau_smooth,recompute_from_transitions
-8.78346570450452,0.4049162826891573,20015,0.20245814134457865,5,hinge_plateau_smooth,recompute_from_transitions
-13.215568615552153,0.4082451017009346,20015,0.2041225508504673,6,hinge_plateau_smooth,recompute_from_transitions
-12.883829499865389,0.28802906877605994,20332,0.14401453438802997,6,hinge_plateau_smooth,recompute_from_transitions
-12.713161295167165,0.40950243862085983,20142,0.20475121931042992,6,hinge_plateau_smooth,recompute_from_transitions
-12.557739569963914,0.4283567711792901,19717,0.21417838558964505,6,hinge_plateau_smooth,recompute_from_transitions
-12.42707200617936,0.3881680049516203,20670,0.19408400247581015,6,hinge_plateau_smooth,recompute_from_transitions
-12.344366331759312,0.4935318899187551,20164,0.24676594495937754,6,hinge_plateau_smooth,recompute_from_transitions
-12.268666397113726,0.425725067686205,20085,0.2128625338431025,6,hinge_plateau_smooth,recompute_from_transitions
-12.16882174978853,0.550067106688346,20134,0.275033553344173,6,hinge_plateau_smooth,recompute_from_transitions
-12.090428487980128,0.4858561060127405,20345,0.24292805300637024,6,hinge_plateau_smooth,recompute_from_transitions
-12.020269380207331,0.5580697093668503,19983,0.27903485468342515,6,hinge_plateau_smooth,recompute_from_transitions
-11.940863659675935,0.5008500252907475,20195,0.25042501264537376,6,hinge_plateau_smooth,recompute_from_transitions
-11.874437717000962,0.5351742928996275,20533,0.26758714644981374,6,hinge_plateau_smooth,recompute_from_transitions
-11.779007633472585,0.6097130181268597,19789,0.30485650906342987,6,hinge_plateau_smooth,recompute_from_transitions
-11.694795004886643,0.5807292118113213,20563,0.29036460590566066,6,hinge_plateau_smooth,recompute_from_transitions
-11.631477597786429,0.5528482137267978,20221,0.2764241068633989,6,hinge_plateau_smooth,recompute_from_transitions
-11.56135957424332,0.5959535920135512,20128,0.2979767960067756,6,hinge_plateau_smooth,recompute_from_transitions
-11.475674569324926,0.7102491959900462,20268,0.3551245979950231,6,hinge_plateau_smooth,recompute_from_transitions
-11.394203844054164,0.5668464581795645,20128,0.28342322908978224,6,hinge_plateau_smooth,recompute_from_transitions
-11.310160333348229,0.6818361715946454,20220,0.3409180857973227,6,hinge_plateau_smooth,recompute_from_transitions
-11.236649638993653,0.8041970934733373,20249,0.40209854673666867,6,hinge_plateau_smooth,recompute_from_transitions
-11.13801962927137,0.7603764631865435,20182,0.38018823159327175,6,hinge_plateau_smooth,recompute_from_transitions
-11.034916119647551,0.6975565781349811,20187,0.34877828906749053,6,hinge_plateau_smooth,recompute_from_transitions
-10.93873017332951,0.7938859508148164,20204,0.3969429754074082,6,hinge_plateau_smooth,recompute_from_transitions
-10.835969256418608,0.730334024254314,20184,0.365167012127157,6,hinge_plateau_smooth,recompute_from_transitions
-10.73112453869816,0.7200881638522373,20202,0.36004408192611864,6,hinge_plateau_smooth,recompute_from_transitions
-10.605396238724294,0.7606493230161084,20201,0.3803246615080542,6,hinge_plateau_smooth,recompute_from_transitions
-10.4665924843832,0.7330057784233317,20187,0.36650288921166585,6,hinge_plateau_smooth,recompute_from_transitions
-10.319277306224445,0.7278701481111295,20205,0.36393507405556474,6,hinge_plateau_smooth,recompute_from_transitions
-10.121071106937343,0.6472626442637432,20192,0.3236313221318716,6,hinge_plateau_smooth,recompute_from_transitions
-9.882235027171532,0.6134603945271808,20195,0.3067301972635904,6,hinge_plateau_smooth,recompute_from_transitions
-9.52679614890317,0.5572966856020232,20196,0.2786483428010116,6,hinge_plateau_smooth,recompute_from_transitions
-8.749425207953903,0.4361605620374791,20196,0.21808028101873955,6,hinge_plateau_smooth,recompute_from_transitions
-13.215568615552153,0.390749730805378,19926,0.195374865402689,7,hinge_plateau_smooth,recompute_from_transitions
-12.883829499865389,0.29679747708079235,19990,0.14839873854039617,7,hinge_plateau_smooth,recompute_from_transitions
-12.713161295167165,0.40958380550566303,20287,0.20479190275283152,7,hinge_plateau_smooth,recompute_from_transitions
-12.56429868561048,0.4319503021376104,19865,0.2159751510688052,7,hinge_plateau_smooth,recompute_from_transitions
-12.430203708843376,0.3803258126346667,20310,0.19016290631733335,7,hinge_plateau_smooth,recompute_from_transitions
-12.363882337052631,0.4838056935512535,18877,0.24190284677562676,7,hinge_plateau_smooth,recompute_from_transitions
-12.29316104199417,0.4083277557129331,21030,0.20416387785646656,7,hinge_plateau_smooth,recompute_from_transitions
-12.17991345784954,0.5023808014113121,19639,0.25119040070565607,7,hinge_plateau_smooth,recompute_from_transitions
-12.104513926460948,0.47956421325912585,19615,0.23978210662956292,7,hinge_plateau_smooth,recompute_from_transitions
-12.024493812681577,0.46254623403732514,20966,0.23127311701866257,7,hinge_plateau_smooth,recompute_from_transitions
-11.954707699490948,0.5436934345685285,20052,0.27184671728426424,7,hinge_plateau_smooth,recompute_from_transitions
-11.88729016568336,0.5163316785642519,20275,0.25816583928212594,7,hinge_plateau_smooth,recompute_from_transitions
-11.79149679570585,0.5686235884779635,20281,0.28431179423898173,7,hinge_plateau_smooth,recompute_from_transitions
-11.7058618450852,0.5580055771546248,19440,0.2790027885773124,7,hinge_plateau_smooth,recompute_from_transitions
-11.646008415731831,0.541262505102938,20121,0.270631252551469,7,hinge_plateau_smooth,recompute_from_transitions
-11.57355888888833,0.5591059525535944,20642,0.2795529762767972,7,hinge_plateau_smooth,recompute_from_transitions
-11.486766277387012,0.7368020479609202,20166,0.3684010239804601,7,hinge_plateau_smooth,recompute_from_transitions
-11.40703012026107,0.5998274953691669,19959,0.29991374768458345,7,hinge_plateau_smooth,recompute_from_transitions
-11.32532801501302,0.6899256977289047,20239,0.34496284886445233,7,hinge_plateau_smooth,recompute_from_transitions
-11.247500521322724,0.694516234677365,20010,0.3472581173386825,7,hinge_plateau_smooth,recompute_from_transitions
-11.149061085125693,0.718137985167213,20143,0.3590689925836065,7,hinge_plateau_smooth,recompute_from_transitions
-11.04390934791117,0.7328774000622771,19637,0.36643870003113854,7,hinge_plateau_smooth,recompute_from_transitions
-10.952861235229005,0.7707951559210043,20566,0.38539757796050217,7,hinge_plateau_smooth,recompute_from_transitions
-10.845716826007637,0.7477985925420798,20087,0.3738992962710399,7,hinge_plateau_smooth,recompute_from_transitions
-10.738110649613809,0.7853832191596578,20084,0.3926916095798289,7,hinge_plateau_smooth,recompute_from_transitions
-10.609223905833444,0.7656001573777766,19894,0.3828000786888883,7,hinge_plateau_smooth,recompute_from_transitions
-10.471500195678756,0.7611616730301036,20271,0.3805808365150518,7,hinge_plateau_smooth,recompute_from_transitions
-10.319617541066382,0.6932522194929657,20050,0.34662610974648284,7,hinge_plateau_smooth,recompute_from_transitions
-10.123747196959428,0.6579348764922874,20114,0.3289674382461437,7,hinge_plateau_smooth,recompute_from_transitions
-9.884645239041616,0.6473080338125254,20113,0.3236540169062627,7,hinge_plateau_smooth,recompute_from_transitions
-9.521116397822674,0.5651315446453233,20100,0.28256577232266167,7,hinge_plateau_smooth,recompute_from_transitions
-8.76579172194662,0.4051171210288539,20090,0.20255856051442694,7,hinge_plateau_smooth,recompute_from_transitions
-13.215568615552153,0.3835379389825493,19897,0.19176896949127464,8,hinge_plateau_smooth,recompute_from_transitions
-12.883829499865389,0.3215899500826323,20163,0.16079497504131615,8,hinge_plateau_smooth,recompute_from_transitions
-12.710510913170893,0.4297006984625076,20214,0.2148503492312538,8,hinge_plateau_smooth,recompute_from_transitions
-12.557739569963914,0.419638868354732,20028,0.209819434177366,8,hinge_plateau_smooth,recompute_from_transitions
-12.428637857511369,0.36838104097036,20410,0.18419052048518,8,hinge_plateau_smooth,recompute_from_transitions
-12.357640847696889,0.514063537836854,19071,0.257031768918427,8,hinge_plateau_smooth,recompute_from_transitions
-12.270626791332338,0.42774354091402184,21134,0.21387177045701092,8,hinge_plateau_smooth,recompute_from_transitions
-12.170550125429626,0.5415281111103947,20184,0.27076405555519734,8,hinge_plateau_smooth,recompute_from_transitions
-12.090428487980128,0.46031378674882845,20158,0.23015689337441422,8,hinge_plateau_smooth,recompute_from_transitions
-12.020014114773264,0.5452125372193808,20003,0.2726062686096904,8,hinge_plateau_smooth,recompute_from_transitions
-11.944041369378144,0.5217483670576097,19779,0.26087418352880487,8,hinge_plateau_smooth,recompute_from_transitions
-11.878512914472651,0.5142127915365076,20722,0.2571063957682538,8,hinge_plateau_smooth,recompute_from_transitions
-11.779720922693246,0.5861958275662381,20154,0.29309791378311906,8,hinge_plateau_smooth,recompute_from_transitions
-11.698243294090917,0.5723475687734048,20161,0.2861737843867024,8,hinge_plateau_smooth,recompute_from_transitions
-11.63302268210979,0.533499698119769,19861,0.2667498490598845,8,hinge_plateau_smooth,recompute_from_transitions
-11.566220267292575,0.5716881995550734,20198,0.2858440997775367,8,hinge_plateau_smooth,recompute_from_transitions
-11.481825057623665,0.6465906229131726,20299,0.3232953114565863,8,hinge_plateau_smooth,recompute_from_transitions
-11.397984148998304,0.6009431491118421,20225,0.30047157455592105,8,hinge_plateau_smooth,recompute_from_transitions
-11.31599863352836,0.7233298500134594,19939,0.3616649250067297,8,hinge_plateau_smooth,recompute_from_transitions
-11.242190651427638,0.7171609181602506,20414,0.3585804590801253,8,hinge_plateau_smooth,recompute_from_transitions
-11.145488860603283,0.7143605852567987,19698,0.35718029262839934,8,hinge_plateau_smooth,recompute_from_transitions
-11.04390934791117,0.7971238199360559,19747,0.3985619099680279,8,hinge_plateau_smooth,recompute_from_transitions
-10.951389077320938,0.7707317781429699,20999,0.38536588907148495,8,hinge_plateau_smooth,recompute_from_transitions
-10.842936803343862,0.7190583727858395,20209,0.35952918639291975,8,hinge_plateau_smooth,recompute_from_transitions
-10.73667489758741,0.7695990490547245,20143,0.38479952452736227,8,hinge_plateau_smooth,recompute_from_transitions
-10.607951237360746,0.7461882312050014,19930,0.3730941156025007,8,hinge_plateau_smooth,recompute_from_transitions
-10.469414915574111,0.7367764751524574,20374,0.3683882375762287,8,hinge_plateau_smooth,recompute_from_transitions
-10.317600937779114,0.7100580104731685,20164,0.35502900523658426,8,hinge_plateau_smooth,recompute_from_transitions
-10.122532716899276,0.6707152412708917,20153,0.33535762063544583,8,hinge_plateau_smooth,recompute_from_transitions
-9.883790065050595,0.6451555662155855,20153,0.3225777831077927,8,hinge_plateau_smooth,recompute_from_transitions
-9.531099280680799,0.5836048348578318,20142,0.2918024174289159,8,hinge_plateau_smooth,recompute_from_transitions
-8.77436164168141,0.42782536923921083,20164,0.21391268461960541,8,hinge_plateau_smooth,recompute_from_transitions
-13.215568615552153,0.41132817813685674,19974,0.20566408906842837,9,hinge_plateau_smooth,recompute_from_transitions
-12.860649229000792,0.30833838601795965,20325,0.15416919300897983,9,hinge_plateau_smooth,recompute_from_transitions
-12.710510913170893,0.41217206417417007,19194,0.20608603208708504,9,hinge_plateau_smooth,recompute_from_transitions
-12.557739569963914,0.40218872111545906,21141,0.20109436055772953,9,hinge_plateau_smooth,recompute_from_transitions
-12.42394030351534,0.40963304594458416,19977,0.20481652297229208,9,hinge_plateau_smooth,recompute_from_transitions
-12.344366331759312,0.5082799788809809,19753,0.25413998944049043,9,hinge_plateau_smooth,recompute_from_transitions
-12.26153494564515,0.4401271339955374,20462,0.2200635669977687,9,hinge_plateau_smooth,recompute_from_transitions
-12.16882174978853,0.5206108126977356,20381,0.2603054063488678,9,hinge_plateau_smooth,recompute_from_transitions
-12.090022719704764,0.46136514689354596,20192,0.23068257344677298,9,hinge_plateau_smooth,recompute_from_transitions
-12.020014114773264,0.5808247570776013,19959,0.29041237853880064,9,hinge_plateau_smooth,recompute_from_transitions
-11.9389012237277,0.5257035406391954,20213,0.2628517703195977,9,hinge_plateau_smooth,recompute_from_transitions
-11.874437717000962,0.5024332238102109,20205,0.25121661190510547,9,hinge_plateau_smooth,recompute_from_transitions
-11.775718390041606,0.5999493635425459,20286,0.29997468177127296,9,hinge_plateau_smooth,recompute_from_transitions
-11.692217437084182,0.5731598510420226,19723,0.2865799255210113,9,hinge_plateau_smooth,recompute_from_transitions
-11.630622471622218,0.5651291789419739,20575,0.28256458947098695,9,hinge_plateau_smooth,recompute_from_transitions
-11.55440225788115,0.5845949044796269,20229,0.29229745223981346,9,hinge_plateau_smooth,recompute_from_transitions
-11.47435486816955,0.6896270120320627,20123,0.34481350601603133,9,hinge_plateau_smooth,recompute_from_transitions
-11.395022970304128,0.5628133314467657,20171,0.28140666572338285,9,hinge_plateau_smooth,recompute_from_transitions
-11.313724978901204,0.65312195899136,20202,0.32656097949568,9,hinge_plateau_smooth,recompute_from_transitions
-11.2376486736877,0.7566866553188085,20131,0.37834332765940426,9,hinge_plateau_smooth,recompute_from_transitions
-11.135824520249049,0.7305145249266697,20195,0.36525726246333484,9,hinge_plateau_smooth,recompute_from_transitions
-11.030873545631414,0.6756312827812798,20046,0.3378156413906399,9,hinge_plateau_smooth,recompute_from_transitions
-10.9362667359598,0.8056009207701141,20219,0.40280046038505707,9,hinge_plateau_smooth,recompute_from_transitions
-10.832404610865524,0.722473707560554,20174,0.361236853780277,9,hinge_plateau_smooth,recompute_from_transitions
-10.729717683926218,0.7693793556021421,19966,0.38468967780107105,9,hinge_plateau_smooth,recompute_from_transitions
-10.605396238724294,0.7156687109659874,20392,0.3578343554829937,9,hinge_plateau_smooth,recompute_from_transitions
-10.4665924843832,0.775862867910613,20175,0.3879314339553065,9,hinge_plateau_smooth,recompute_from_transitions
-10.314993100491115,0.7311886990942679,20152,0.36559434954713393,9,hinge_plateau_smooth,recompute_from_transitions
-10.120999403216048,0.6453170837320943,20169,0.32265854186604714,9,hinge_plateau_smooth,recompute_from_transitions
-9.88217269752365,0.6338835046621628,20170,0.3169417523310814,9,hinge_plateau_smooth,recompute_from_transitions
-9.517011806828362,0.577140566792873,20159,0.2885702833964365,9,hinge_plateau_smooth,recompute_from_transitions
-8.707095245090386,0.4159703073689024,20167,0.2079851536844512,9,hinge_plateau_smooth,recompute_from_transitions
-13.215568615552153,0.385224842199911,19860,0.1926124210999555,10,hinge_plateau_smooth,recompute_from_transitions
-12.873930922403003,0.30267860862198515,20317,0.15133930431099257,10,hinge_plateau_smooth,recompute_from_transitions
-12.710510913170893,0.40783421890736826,19893,0.20391710945368413,10,hinge_plateau_smooth,recompute_from_transitions
-12.557739569963914,0.4620321969820493,19572,0.23101609849102464,10,hinge_plateau_smooth,recompute_from_transitions
-12.42440654399308,0.3732630085585585,21024,0.18663150427927924,10,hinge_plateau_smooth,recompute_from_transitions
-12.344366331759312,0.4707588241138131,19410,0.23537941205690655,10,hinge_plateau_smooth,recompute_from_transitions
-12.268666397113726,0.4407862401168897,20590,0.22039312005844486,10,hinge_plateau_smooth,recompute_from_transitions
-12.16882174978853,0.5497342046188127,20369,0.27486710230940636,10,hinge_plateau_smooth,recompute_from_transitions
-12.088170150775197,0.49297284418863435,20126,0.24648642209431718,10,hinge_plateau_smooth,recompute_from_transitions
-12.020014114773264,0.5767110157033741,19580,0.28835550785168707,10,hinge_plateau_smooth,recompute_from_transitions
-11.940863659675935,0.507764704839185,20244,0.2538823524195925,10,hinge_plateau_smooth,recompute_from_transitions
-11.875100399764182,0.5395738632517189,20462,0.2697869316258594,10,hinge_plateau_smooth,recompute_from_transitions
-11.775718390041606,0.5773914237651941,20292,0.2886957118825971,10,hinge_plateau_smooth,recompute_from_transitions
-11.691230359333806,0.6039647816457719,20169,0.30198239082288597,10,hinge_plateau_smooth,recompute_from_transitions
-11.630622471622218,0.5185732473318448,19561,0.2592866236659224,10,hinge_plateau_smooth,recompute_from_transitions
-11.55898725857929,0.5970525851846166,20722,0.2985262925923083,10,hinge_plateau_smooth,recompute_from_transitions
-11.47127918396068,0.6768863851426636,19919,0.3384431925713318,10,hinge_plateau_smooth,recompute_from_transitions
-11.389256138960745,0.5707228996473245,20331,0.28536144982366224,10,hinge_plateau_smooth,recompute_from_transitions
-11.308739957731197,0.6977942093707818,19287,0.3488971046853909,10,hinge_plateau_smooth,recompute_from_transitions
-11.236649638993653,0.7424115922167842,20722,0.3712057961083921,10,hinge_plateau_smooth,recompute_from_transitions
-11.135251467372084,0.7460583752615482,20394,0.3730291876307741,10,hinge_plateau_smooth,recompute_from_transitions
-11.030873545631414,0.744485155405057,20118,0.3722425777025285,10,hinge_plateau_smooth,recompute_from_transitions
-10.93717335452184,0.7947896580899297,20190,0.39739482904496487,10,hinge_plateau_smooth,recompute_from_transitions
-10.832580883726948,0.7339185901464651,20042,0.36695929507323255,10,hinge_plateau_smooth,recompute_from_transitions
-10.728091213798669,0.7660425138075438,20204,0.3830212569037719,10,hinge_plateau_smooth,recompute_from_transitions
-10.600603814426766,0.7405823789776577,20156,0.37029118948882883,10,hinge_plateau_smooth,recompute_from_transitions
-10.464110201140276,0.7687491839134071,20137,0.38437459195670354,10,hinge_plateau_smooth,recompute_from_transitions
-10.308160680414106,0.6933119763673381,20137,0.34665598818366905,10,hinge_plateau_smooth,recompute_from_transitions
-10.117502297853909,0.6851319619336108,20143,0.3425659809668054,10,hinge_plateau_smooth,recompute_from_transitions
-9.879871989559652,0.626038102224871,20128,0.3130190511124355,10,hinge_plateau_smooth,recompute_from_transitions
-9.5155502087188,0.5606309276856434,20152,0.2803154638428217,10,hinge_plateau_smooth,recompute_from_transitions
-8.767185469396042,0.42090038911366656,20139,0.21045019455683328,10,hinge_plateau_smooth,recompute_from_transitions
-13.215568615552153,0.3731208139426979,19893,0.18656040697134896,11,hinge_plateau_smooth,recompute_from_transitions
-12.873930922403003,0.3118078650447092,20012,0.1559039325223546,11,hinge_plateau_smooth,recompute_from_transitions
-12.710510913170893,0.41699807225112206,20526,0.20849903612556103,11,hinge_plateau_smooth,recompute_from_transitions
-12.557739569963914,0.46174237779832367,19584,0.23087118889916183,11,hinge_plateau_smooth,recompute_from_transitions
-12.42693850381749,0.3723512674180552,20668,0.1861756337090276,11,hinge_plateau_smooth,recompute_from_transitions
-12.345839520565075,0.5010014846677519,19217,0.2505007423338759,11,hinge_plateau_smooth,recompute_from_transitions
-12.27194452041643,0.4125983937245837,20606,0.20629919686229184,11,hinge_plateau_smooth,recompute_from_transitions
-12.172721188636483,0.5249276382019422,20299,0.2624638191009711,11,hinge_plateau_smooth,recompute_from_transitions
-12.090428487980128,0.47239550634616856,20441,0.23619775317308428,11,hinge_plateau_smooth,recompute_from_transitions
-12.020014114773264,0.562647375482495,19927,0.2813236877412475,11,hinge_plateau_smooth,recompute_from_transitions
-11.944041369378144,0.5700845059454804,19775,0.2850422529727402,11,hinge_plateau_smooth,recompute_from_transitions
-11.878512914472651,0.4789065220083212,20676,0.2394532610041606,11,hinge_plateau_smooth,recompute_from_transitions
-11.779720922693246,0.5792321135969635,20233,0.28961605679848174,11,hinge_plateau_smooth,recompute_from_transitions
-11.699455369120038,0.5786802663526088,20166,0.2893401331763044,11,hinge_plateau_smooth,recompute_from_transitions
-11.633724687984396,0.5574468261185628,20075,0.2787234130592814,11,hinge_plateau_smooth,recompute_from_transitions
-11.565573145207466,0.565214117759787,20182,0.2826070588798935,11,hinge_plateau_smooth,recompute_from_transitions
-11.478538993004404,0.7064865881131028,20177,0.3532432940565514,11,hinge_plateau_smooth,recompute_from_transitions
-11.397279528263056,0.6140394013333214,20027,0.3070197006666607,11,hinge_plateau_smooth,recompute_from_transitions
-11.31599863352836,0.7218830769920727,20169,0.36094153849603633,11,hinge_plateau_smooth,recompute_from_transitions
-11.240543307661747,0.6970073168037727,19981,0.34850365840188635,11,hinge_plateau_smooth,recompute_from_transitions
-11.140207845159958,0.766696193170619,20362,0.3833480965853095,11,hinge_plateau_smooth,recompute_from_transitions
-11.040777645246568,0.7401476611101027,19130,0.37007383055505133,11,hinge_plateau_smooth,recompute_from_transitions
-10.94831647600507,0.7550404241020526,21162,0.3775202120510263,11,hinge_plateau_smooth,recompute_from_transitions
-10.841289459577933,0.7092462935053395,20138,0.35462314675266976,11,hinge_plateau_smooth,recompute_from_transitions
-10.73667489758741,0.7522194841344924,20175,0.3761097420672462,11,hinge_plateau_smooth,recompute_from_transitions
-10.609223905833444,0.7632632905685922,20091,0.3816316452842961,11,hinge_plateau_smooth,recompute_from_transitions
-10.471060503679473,0.7491527991562918,20216,0.3745763995781459,11,hinge_plateau_smooth,recompute_from_transitions
-10.316553099758645,0.7445488017688845,20132,0.37227440088444225,11,hinge_plateau_smooth,recompute_from_transitions
-10.12164946884529,0.6663376616538708,20066,0.3331688308269354,11,hinge_plateau_smooth,recompute_from_transitions
-9.883905478182815,0.6510983707499887,20238,0.32554918537499433,11,hinge_plateau_smooth,recompute_from_transitions
-9.531206246339815,0.595785528811438,20141,0.297892764405719,11,hinge_plateau_smooth,recompute_from_transitions
-8.774773375357531,0.43157290167647216,20149,0.21578645083823608,11,hinge_plateau_smooth,recompute_from_transitions
-13.215568615552153,0.3634425339824384,19985,0.1817212669912192,12,hinge_plateau_smooth,recompute_from_transitions
-12.873930922403003,0.3114130921002271,20259,0.15570654605011355,12,hinge_plateau_smooth,recompute_from_transitions
-12.713161295167165,0.4318909049877217,20001,0.21594545249386085,12,hinge_plateau_smooth,recompute_from_transitions
-12.557739569963914,0.4429617429104936,20267,0.2214808714552468,12,hinge_plateau_smooth,recompute_from_transitions
-12.42693850381749,0.3848338975124202,20547,0.1924169487562101,12,hinge_plateau_smooth,recompute_from_transitions
-12.357640847696889,0.4979411992364784,19042,0.2489705996182392,12,hinge_plateau_smooth,recompute_from_transitions
-12.27194452041643,0.4135667682489181,21341,0.20678338412445904,12,hinge_plateau_smooth,recompute_from_transitions
-12.175059099136428,0.489035049950311,20131,0.2445175249751555,12,hinge_plateau_smooth,recompute_from_transitions
-12.091168047981338,0.4745831713111325,20269,0.23729158565556624,12,hinge_plateau_smooth,recompute_from_transitions
-12.020014114773264,0.5710435112085738,20122,0.2855217556042869,12,hinge_plateau_smooth,recompute_from_transitions
-11.9389012237277,0.499242309280914,20000,0.249621154640457,12,hinge_plateau_smooth,recompute_from_transitions
-11.874437717000962,0.5439689768033116,20540,0.2719844884016558,12,hinge_plateau_smooth,recompute_from_transitions
-11.775718390041606,0.5918633683332054,20119,0.2959316841666027,12,hinge_plateau_smooth,recompute_from_transitions
-11.692217437084182,0.5739233956117603,20306,0.28696169780588016,12,hinge_plateau_smooth,recompute_from_transitions
-11.63187735383314,0.5548125982589966,20001,0.2774062991294983,12,hinge_plateau_smooth,recompute_from_transitions
-11.559992507710836,0.5773421917609134,20405,0.2886710958804567,12,hinge_plateau_smooth,recompute_from_transitions
-11.47127918396068,0.6830351283756203,20035,0.34151756418781015,12,hinge_plateau_smooth,recompute_from_transitions
-11.389595079458358,0.5633106914899066,20179,0.2816553457449533,12,hinge_plateau_smooth,recompute_from_transitions
-11.304976601671608,0.7141255387597079,19401,0.35706276937985393,12,hinge_plateau_smooth,recompute_from_transitions
-11.233264470745242,0.7493531762202347,21365,0.37467658811011734,12,hinge_plateau_smooth,recompute_from_transitions
-11.1247055937088,0.8130878742366128,20192,0.4065439371183064,12,hinge_plateau_smooth,recompute_from_transitions
-11.02949119567438,0.7271947846936359,20239,0.3635973923468179,12,hinge_plateau_smooth,recompute_from_transitions
-10.93309196620755,0.8583452530539155,20092,0.42917262652695776,12,hinge_plateau_smooth,recompute_from_transitions
-10.82779936266228,0.7794780200695637,20316,0.38973901003478184,12,hinge_plateau_smooth,recompute_from_transitions
-10.724461604539378,0.7475774815586115,20238,0.37378874077930574,12,hinge_plateau_smooth,recompute_from_transitions
-10.595842752855896,0.7633962109123398,20192,0.3816981054561699,12,hinge_plateau_smooth,recompute_from_transitions
-10.45661852533578,0.7705580299484798,20230,0.3852790149742399,12,hinge_plateau_smooth,recompute_from_transitions
-10.30517657807369,0.7620825481699389,20219,0.38104127408496946,12,hinge_plateau_smooth,recompute_from_transitions
-10.11458281379431,0.6657991572670148,20222,0.3328995786335074,12,hinge_plateau_smooth,recompute_from_transitions
-9.870683462986609,0.6299479547249431,20207,0.31497397736247157,12,hinge_plateau_smooth,recompute_from_transitions
-9.509145974159493,0.59042584592146,20227,0.29521292296073,12,hinge_plateau_smooth,recompute_from_transitions
-8.747305187718016,0.3866827099585104,20216,0.1933413549792552,12,hinge_plateau_smooth,recompute_from_transitions
-13.215568615552153,0.3955395659143426,19899,0.1977697829571713,13,hinge_plateau_smooth,recompute_from_transitions
-12.873930922403003,0.2952969413252387,20019,0.14764847066261935,13,hinge_plateau_smooth,recompute_from_transitions
-12.710510913170893,0.4307433851239222,20120,0.2153716925619611,13,hinge_plateau_smooth,recompute_from_transitions
-12.557739569963914,0.43580996196744964,20265,0.21790498098372482,13,hinge_plateau_smooth,recompute_from_transitions
-12.42693850381749,0.37865689930248236,20432,0.18932844965124118,13,hinge_plateau_smooth,recompute_from_transitions
-12.345839520565075,0.4855683983375963,19528,0.24278419916879815,13,hinge_plateau_smooth,recompute_from_transitions
-12.259404166259278,0.4400955637359485,21115,0.22004778186797425,13,hinge_plateau_smooth,recompute_from_transitions
-12.168206669368452,0.5378148127068264,20239,0.2689074063534132,13,hinge_plateau_smooth,recompute_from_transitions
-12.08288377446331,0.4449323287185788,20154,0.2224661643592894,13,hinge_plateau_smooth,recompute_from_transitions
-12.017282210422035,0.5748773143533308,20394,0.2874386571766654,13,hinge_plateau_smooth,recompute_from_transitions
-11.931193172293767,0.5361308958990976,20222,0.2680654479495488,13,hinge_plateau_smooth,recompute_from_transitions
-11.864592389546113,0.4834036168605161,20060,0.24170180843025804,13,hinge_plateau_smooth,recompute_from_transitions
-11.77444834980632,0.573495085769675,20137,0.2867475428848375,13,hinge_plateau_smooth,recompute_from_transitions
-11.687846855086976,0.605309003843825,20433,0.3026545019219125,13,hinge_plateau_smooth,recompute_from_transitions
-11.627738167514028,0.5199890305955872,20172,0.2599945152977936,13,hinge_plateau_smooth,recompute_from_transitions
-11.549684818023662,0.5778431284419279,20179,0.28892156422096393,13,hinge_plateau_smooth,recompute_from_transitions
-11.465859014257244,0.6876813858221338,20257,0.3438406929110669,13,hinge_plateau_smooth,recompute_from_transitions
-11.389256138960745,0.5571128846778773,19382,0.27855644233893867,13,hinge_plateau_smooth,recompute_from_transitions
-11.302371086352885,0.669822945201221,21108,0.3349114726006105,13,hinge_plateau_smooth,recompute_from_transitions
-11.226985298639478,0.7644176070638962,20205,0.3822088035319481,13,hinge_plateau_smooth,recompute_from_transitions
-11.128373730515904,0.7244607259107926,20060,0.3622303629553963,13,hinge_plateau_smooth,recompute_from_transitions
-11.030873545631414,0.7209624866354741,20328,0.36048124331773707,13,hinge_plateau_smooth,recompute_from_transitions
-10.934590987010164,0.7785798074904707,20201,0.38928990374523537,13,hinge_plateau_smooth,recompute_from_transitions
-10.830493840563518,0.759623560736645,20297,0.3798117803683225,13,hinge_plateau_smooth,recompute_from_transitions
-10.726473315552202,0.7635953858757046,20218,0.3817976929378523,13,hinge_plateau_smooth,recompute_from_transitions
-10.598373126127177,0.7547653320695313,20199,0.37738266603476567,13,hinge_plateau_smooth,recompute_from_transitions
-10.464073657707756,0.7563892648731896,20208,0.3781946324365948,13,hinge_plateau_smooth,recompute_from_transitions
-10.308160680414106,0.7047055607839694,20247,0.3523527803919847,13,hinge_plateau_smooth,recompute_from_transitions
-10.117236841789214,0.6515731731356563,20209,0.32578658656782816,13,hinge_plateau_smooth,recompute_from_transitions
-9.882235027171532,0.649038635971312,20224,0.324519317985656,13,hinge_plateau_smooth,recompute_from_transitions
-9.519909940976794,0.5560105065031689,20220,0.2780052532515844,13,hinge_plateau_smooth,recompute_from_transitions
-8.785442859344199,0.4160681472427434,20221,0.2080340736213717,13,hinge_plateau_smooth,recompute_from_transitions
-13.215568615552153,0.38195252224202964,19798,0.19097626112101482,14,hinge_plateau_smooth,recompute_from_transitions
-12.89260136157762,0.2988260990076049,20117,0.14941304950380244,14,hinge_plateau_smooth,recompute_from_transitions
-12.710510913170893,0.4089510095698088,20275,0.2044755047849044,14,hinge_plateau_smooth,recompute_from_transitions
-12.557739569963914,0.4493574003077053,19573,0.22467870015385266,14,hinge_plateau_smooth,recompute_from_transitions
-12.42693850381749,0.3948948832524119,20603,0.19744744162620595,14,hinge_plateau_smooth,recompute_from_transitions
-12.354531645334946,0.4912633918077044,19329,0.2456316959038522,14,hinge_plateau_smooth,recompute_from_transitions
-12.27194452041643,0.4083327739783106,20524,0.2041663869891553,14,hinge_plateau_smooth,recompute_from_transitions
-12.172721188636483,0.5391736309037836,20280,0.2695868154518918,14,hinge_plateau_smooth,recompute_from_transitions
-12.091168047981338,0.4451179144886385,20263,0.22255895724431926,14,hinge_plateau_smooth,recompute_from_transitions
-12.020585328224517,0.5368692976755994,19962,0.2684346488377997,14,hinge_plateau_smooth,recompute_from_transitions
-11.952175739666302,0.5249272145868482,19870,0.2624636072934241,14,hinge_plateau_smooth,recompute_from_transitions
-11.882232770753957,0.48098944608404265,20032,0.24049472304202132,14,hinge_plateau_smooth,recompute_from_transitions
-11.786545722677928,0.5504596129195036,20431,0.2752298064597518,14,hinge_plateau_smooth,recompute_from_transitions
-11.70017544252683,0.573009913353902,20104,0.286504956676951,14,hinge_plateau_smooth,recompute_from_transitions
-11.63302268210979,0.5474052663111472,19815,0.2737026331555736,14,hinge_plateau_smooth,recompute_from_transitions
-11.566220267292575,0.5631275723234265,20014,0.28156378616171324,14,hinge_plateau_smooth,recompute_from_transitions
-11.482398110500611,0.7046495886021354,20381,0.3523247943010677,14,hinge_plateau_smooth,recompute_from_transitions
-11.398433309817213,0.5669393490230101,20039,0.28346967451150507,14,hinge_plateau_smooth,recompute_from_transitions
-11.31599863352836,0.6989849088220549,20208,0.34949245441102744,14,hinge_plateau_smooth,recompute_from_transitions
-11.240543307661747,0.7623379130252769,20062,0.38116895651263843,14,hinge_plateau_smooth,recompute_from_transitions
-11.138999290001257,0.7572906300068265,20145,0.37864531500341325,14,hinge_plateau_smooth,recompute_from_transitions
-11.03721295212486,0.7282391987807452,20019,0.3641195993903726,14,hinge_plateau_smooth,recompute_from_transitions
-10.93983878309399,0.7804945973453157,20148,0.39024729867265784,14,hinge_plateau_smooth,recompute_from_transitions
-10.839300760371954,0.7872679207079636,20105,0.3936339603539818,14,hinge_plateau_smooth,recompute_from_transitions
-10.733075602718024,0.8136237857013005,20086,0.4068118928506502,14,hinge_plateau_smooth,recompute_from_transitions
-10.605396238724294,0.7760052144834924,20079,0.3880026072417462,14,hinge_plateau_smooth,recompute_from_transitions
-10.4665924843832,0.7872935952619909,20089,0.39364679763099547,14,hinge_plateau_smooth,recompute_from_transitions
-10.308681236152964,0.7083972737244802,20089,0.3541986368622401,14,hinge_plateau_smooth,recompute_from_transitions
-10.12010814399278,0.6510153427657503,20077,0.3255076713828752,14,hinge_plateau_smooth,recompute_from_transitions
-9.882500483236228,0.608113987961475,20102,0.3040569939807375,14,hinge_plateau_smooth,recompute_from_transitions
-9.520914631802617,0.5685748035029405,20085,0.28428740175147027,14,hinge_plateau_smooth,recompute_from_transitions
-8.77310353792738,0.4006557582384725,20092,0.20032787911923625,14,hinge_plateau_smooth,recompute_from_transitions
-13.215568615552153,0.39376420005854956,20044,0.19688210002927478,15,hinge_plateau_smooth,recompute_from_transitions
-12.873930922403003,0.32378803978972365,20085,0.16189401989486182,15,hinge_plateau_smooth,recompute_from_transitions
-12.710510913170893,0.4075063510956914,19836,0.2037531755478457,15,hinge_plateau_smooth,recompute_from_transitions
-12.557739569963914,0.44689433506891113,20277,0.22344716753445557,15,hinge_plateau_smooth,recompute_from_transitions
-12.430203708843376,0.3872054048745905,20571,0.19360270243729524,15,hinge_plateau_smooth,recompute_from_transitions
-12.354531645334946,0.4912633918077044,19009,0.2456316959038522,15,hinge_plateau_smooth,recompute_from_transitions
-12.27194452041643,0.4179489247993465,21131,0.20897446239967324,15,hinge_plateau_smooth,recompute_from_transitions
-12.172721188636483,0.4991328450703021,20304,0.24956642253515104,15,hinge_plateau_smooth,recompute_from_transitions
-12.091168047981338,0.48430270923009644,20191,0.24215135461504822,15,hinge_plateau_smooth,recompute_from_transitions
-12.020014114773264,0.5396484631524285,19907,0.26982423157621427,15,hinge_plateau_smooth,recompute_from_transitions
-11.940863659675935,0.507568253624436,20345,0.253784126812218,15,hinge_plateau_smooth,recompute_from_transitions
-11.87771584030389,0.5106389026323294,20116,0.2553194513161647,15,hinge_plateau_smooth,recompute_from_transitions
-11.779367904917422,0.5780220445906876,19971,0.2890110222953438,15,hinge_plateau_smooth,recompute_from_transitions
-11.698243294090917,0.5665607159923345,20190,0.28328035799616724,15,hinge_plateau_smooth,recompute_from_transitions
-11.631477597786429,0.5669119328739752,20343,0.2834559664369876,15,hinge_plateau_smooth,recompute_from_transitions
-11.55898725857929,0.5807816634623314,20255,0.2903908317311657,15,hinge_plateau_smooth,recompute_from_transitions
-11.47435486816955,0.6659018463094125,20133,0.33295092315470626,15,hinge_plateau_smooth,recompute_from_transitions
-11.390292185788535,0.5659057216179886,19999,0.2829528608089943,15,hinge_plateau_smooth,recompute_from_transitions
-11.302371086352885,0.6862593424389539,20384,0.34312967121947696,15,hinge_plateau_smooth,recompute_from_transitions
-11.23124820810288,0.734758234127183,20137,0.3673791170635915,15,hinge_plateau_smooth,recompute_from_transitions
-11.129100979073172,0.735343726257013,20199,0.3676718631285065,15,hinge_plateau_smooth,recompute_from_transitions
-11.030873545631414,0.7092346389573339,20081,0.3546173194786669,15,hinge_plateau_smooth,recompute_from_transitions
-10.936168428206669,0.8064950580495788,20107,0.4032475290247894,15,hinge_plateau_smooth,recompute_from_transitions
-10.8319108961828,0.6945059983295052,20301,0.3472529991647526,15,hinge_plateau_smooth,recompute_from_transitions
-10.728592578873236,0.7711459214157046,20151,0.3855729607078523,15,hinge_plateau_smooth,recompute_from_transitions
-10.602856248321832,0.7761921061129313,20165,0.38809605305646566,15,hinge_plateau_smooth,recompute_from_transitions
-10.463624587456254,0.7672943582018455,20151,0.3836471791009228,15,hinge_plateau_smooth,recompute_from_transitions
-10.308160680414106,0.6839591303117137,20187,0.34197956515585687,15,hinge_plateau_smooth,recompute_from_transitions
-10.117236841789214,0.6823536909535313,20145,0.34117684547676563,15,hinge_plateau_smooth,recompute_from_transitions
-9.87520090539854,0.6539682778119317,20172,0.32698413890596584,15,hinge_plateau_smooth,recompute_from_transitions
-9.515250439637446,0.5831003939548882,20160,0.2915501969774441,15,hinge_plateau_smooth,recompute_from_transitions
-8.765907028213341,0.4069120418652642,20178,0.2034560209326321,15,hinge_plateau_smooth,recompute_from_transitions
-13.215568615552153,0.4098840417067772,20056,0.2049420208533886,16,hinge_plateau_smooth,recompute_from_transitions
-12.873930922403003,0.3025446058227894,20055,0.1512723029113947,16,hinge_plateau_smooth,recompute_from_transitions
-12.713161295167165,0.4119044037385105,20151,0.20595220186925525,16,hinge_plateau_smooth,recompute_from_transitions
-12.557739569963914,0.4220482665278363,20396,0.21102413326391814,16,hinge_plateau_smooth,recompute_from_transitions
-12.430203708843376,0.395951724960511,20172,0.1979758624802555,16,hinge_plateau_smooth,recompute_from_transitions
-12.358968791936285,0.46213585116680317,19656,0.23106792558340158,16,hinge_plateau_smooth,recompute_from_transitions
-12.27194452041643,0.4307271764617714,20330,0.2153635882308857,16,hinge_plateau_smooth,recompute_from_transitions
-12.175059099136428,0.5277512803915819,20458,0.26387564019579096,16,hinge_plateau_smooth,recompute_from_transitions
-12.092063728739856,0.4637439344201143,20269,0.23187196721005715,16,hinge_plateau_smooth,recompute_from_transitions
-12.020585328224517,0.5176727055655559,20112,0.25883635278277795,16,hinge_plateau_smooth,recompute_from_transitions
-11.949066537304118,0.562610930579025,20100,0.2813054652895125,16,hinge_plateau_smooth,recompute_from_transitions
-11.882657574090215,0.4850140821714513,19977,0.24250704108572566,16,hinge_plateau_smooth,recompute_from_transitions
-11.783203234333312,0.5783202998679046,20468,0.2891601499339523,16,hinge_plateau_smooth,recompute_from_transitions
-11.702793475398677,0.5541307205642048,18117,0.2770653602821024,16,hinge_plateau_smooth,recompute_from_transitions
-11.643842551571444,0.5169067564363277,22222,0.25845337821816383,16,hinge_plateau_smooth,recompute_from_transitions
-11.566256985804811,0.5768545202466986,20054,0.2884272601233493,16,hinge_plateau_smooth,recompute_from_transitions
-11.481911918673427,0.6822391598398699,20206,0.34111957991993497,16,hinge_plateau_smooth,recompute_from_transitions
-11.397984148998304,0.5559217554990016,20070,0.2779608777495008,16,hinge_plateau_smooth,recompute_from_transitions
-11.31586934187193,0.6992841768188442,20378,0.3496420884094221,16,hinge_plateau_smooth,recompute_from_transitions
-11.240543307661747,0.7541125222490097,19989,0.37705626112450485,16,hinge_plateau_smooth,recompute_from_transitions
-11.145488860603283,0.7384242716394996,19700,0.3692121358197498,16,hinge_plateau_smooth,recompute_from_transitions
-11.043021489204277,0.8192469249965066,19751,0.4096234624982533,16,hinge_plateau_smooth,recompute_from_transitions
-10.951856600484067,0.7768777664921467,20975,0.38843888324607334,16,hinge_plateau_smooth,recompute_from_transitions
-10.841289459577933,0.7206084207806972,20439,0.3603042103903486,16,hinge_plateau_smooth,recompute_from_transitions
-10.73667489758741,0.7575390102522794,20169,0.3787695051261397,16,hinge_plateau_smooth,recompute_from_transitions
-10.607951237360746,0.7829815561300838,20186,0.3914907780650419,16,hinge_plateau_smooth,recompute_from_transitions
-10.471500195678756,0.7720079578614526,20176,0.3860039789307263,16,hinge_plateau_smooth,recompute_from_transitions
-10.315483289366092,0.7506987684594121,20167,0.37534938422970604,16,hinge_plateau_smooth,recompute_from_transitions
-10.122532716899276,0.6500145432548928,20174,0.3250072716274464,16,hinge_plateau_smooth,recompute_from_transitions
-9.882500483236228,0.6353438732860913,20171,0.31767193664304566,16,hinge_plateau_smooth,recompute_from_transitions
-9.51511284383134,0.5903482111309408,20163,0.2951741055654704,16,hinge_plateau_smooth,recompute_from_transitions
-8.760775621915853,0.40276370061317607,20184,0.20138185030658803,16,hinge_plateau_smooth,recompute_from_transitions
-13.215568615552153,0.41096602802177157,20045,0.20548301401088578,17,hinge_plateau_smooth,recompute_from_transitions
-12.873930922403003,0.3197064797373722,20038,0.1598532398686861,17,hinge_plateau_smooth,recompute_from_transitions
-12.710510913170893,0.4292565875157781,19953,0.21462829375788905,17,hinge_plateau_smooth,recompute_from_transitions
-12.557739569963914,0.45418234014559955,19830,0.22709117007279978,17,hinge_plateau_smooth,recompute_from_transitions
-12.430203708843376,0.37209918219735216,20911,0.18604959109867608,17,hinge_plateau_smooth,recompute_from_transitions
-12.357640847696889,0.47512870345816477,18991,0.23756435172908238,17,hinge_plateau_smooth,recompute_from_transitions
-12.269892584028424,0.43559371806772734,21337,0.21779685903386367,17,hinge_plateau_smooth,recompute_from_transitions
-12.16824338788068,0.5253724468439055,20091,0.26268622342195275,17,hinge_plateau_smooth,recompute_from_transitions
-12.090022719704764,0.44873029873938597,20235,0.22436514936969298,17,hinge_plateau_smooth,recompute_from_transitions
-12.020014114773264,0.5579389048398669,20243,0.27896945241993343,17,hinge_plateau_smooth,recompute_from_transitions
-11.9389012237277,0.5138700439241902,19838,0.2569350219620951,17,hinge_plateau_smooth,recompute_from_transitions
-11.874364012717782,0.4919253781255175,20428,0.24596268906275875,17,hinge_plateau_smooth,recompute_from_transitions
-11.775718390041606,0.5563138846443159,20209,0.27815694232215793,17,hinge_plateau_smooth,recompute_from_transitions
-11.69496517078791,0.5962871699873424,20256,0.2981435849936712,17,hinge_plateau_smooth,recompute_from_transitions
-11.63187735383314,0.5597555283047443,20153,0.27987776415237214,17,hinge_plateau_smooth,recompute_from_transitions
-11.5624399623485,0.5653913974529348,20012,0.2826956987264674,17,hinge_plateau_smooth,recompute_from_transitions
-11.480135332582414,0.6867257012786714,20334,0.3433628506393357,17,hinge_plateau_smooth,recompute_from_transitions
-11.39687553923386,0.572144596418784,20012,0.286072298209392,17,hinge_plateau_smooth,recompute_from_transitions
-11.31599863352836,0.6861810324954204,20168,0.3430905162477102,17,hinge_plateau_smooth,recompute_from_transitions
-11.242190651427638,0.6917501659850303,20246,0.3458750829925151,17,hinge_plateau_smooth,recompute_from_transitions
-11.14096798459634,0.7446294640165022,20024,0.3723147320082511,17,hinge_plateau_smooth,recompute_from_transitions
-11.03885919429917,0.7253292063759037,20440,0.36266460318795185,17,hinge_plateau_smooth,recompute_from_transitions
-10.944648577427593,0.7625436718251659,19886,0.38127183591258296,17,hinge_plateau_smooth,recompute_from_transitions
-10.841289459577933,0.7803662382509169,20448,0.39018311912545844,17,hinge_plateau_smooth,recompute_from_transitions
-10.735997619285762,0.7922272490616941,20183,0.39611362453084703,17,hinge_plateau_smooth,recompute_from_transitions
-10.60588318116212,0.77494610472754,20158,0.38747305236377,17,hinge_plateau_smooth,recompute_from_transitions
-10.467572993485724,0.7297032585303459,20157,0.36485162926517295,17,hinge_plateau_smooth,recompute_from_transitions
-10.309637272693816,0.737996607245217,20199,0.3689983036226085,17,hinge_plateau_smooth,recompute_from_transitions
-10.117953562631866,0.6464676152402894,20169,0.3232338076201447,17,hinge_plateau_smooth,recompute_from_transitions
-9.8854993449166,0.6133164250983463,20179,0.30665821254917314,17,hinge_plateau_smooth,recompute_from_transitions
-9.521021774860856,0.5882756968474712,20176,0.2941378484237356,17,hinge_plateau_smooth,recompute_from_transitions
-8.766726741372432,0.42496087233172664,20173,0.21248043616586332,17,hinge_plateau_smooth,recompute_from_transitions
-13.215568615552153,0.3912832920220695,20076,0.19564164601103476,18,hinge_plateau_smooth,recompute_from_transitions
-12.873930922403003,0.2881412386260999,19762,0.14407061931304996,18,hinge_plateau_smooth,recompute_from_transitions
-12.710510913170893,0.42609193452439226,20307,0.21304596726219613,18,hinge_plateau_smooth,recompute_from_transitions
-12.557739569963914,0.4611539360520833,19657,0.23057696802604166,18,hinge_plateau_smooth,recompute_from_transitions
-12.42707200617936,0.3777514906084987,20865,0.18887574530424936,18,hinge_plateau_smooth,recompute_from_transitions
-12.344366331759312,0.5041407577644779,19904,0.25207037888223893,18,hinge_plateau_smooth,recompute_from_transitions
-12.262567968992428,0.4381046299051806,20211,0.2190523149525903,18,hinge_plateau_smooth,recompute_from_transitions
-12.16882174978853,0.5206292171308413,20068,0.26031460856542066,18,hinge_plateau_smooth,recompute_from_transitions
-12.089374166360315,0.47853272768572047,20392,0.23926636384286024,18,hinge_plateau_smooth,recompute_from_transitions
-12.018475195490073,0.5504396669171284,20134,0.2752198334585642,18,hinge_plateau_smooth,recompute_from_transitions
-11.935892325718417,0.50726800829025,19467,0.253634004145125,18,hinge_plateau_smooth,recompute_from_transitions
-11.877632359588858,0.5598806777942472,20570,0.2799403388971236,18,hinge_plateau_smooth,recompute_from_transitions
-11.775718390041606,0.5811088411458881,20388,0.29055442057294406,18,hinge_plateau_smooth,recompute_from_transitions
-11.693941470650971,0.5716684796868031,19686,0.28583423984340156,18,hinge_plateau_smooth,recompute_from_transitions
-11.630622471622218,0.5588676824830786,20501,0.2794338412415393,18,hinge_plateau_smooth,recompute_from_transitions
-11.55368198031954,0.606505891434806,19883,0.303252945717403,18,hinge_plateau_smooth,recompute_from_transitions
-11.47127918396068,0.6839209601733551,20157,0.34196048008667757,18,hinge_plateau_smooth,recompute_from_transitions
-11.390292185788535,0.5881700939265945,20425,0.29408504696329724,18,hinge_plateau_smooth,recompute_from_transitions
-11.308739957731197,0.6951740438610324,19413,0.3475870219305162,18,hinge_plateau_smooth,recompute_from_transitions
-11.233264470745242,0.7260987371183756,20889,0.3630493685591878,18,hinge_plateau_smooth,recompute_from_transitions
-11.128485898653018,0.757142442538347,20033,0.3785712212691735,18,hinge_plateau_smooth,recompute_from_transitions
-11.030873545631414,0.7279451986514375,20247,0.36397259932571874,18,hinge_plateau_smooth,recompute_from_transitions
-10.934590987010164,0.8144683589272397,20161,0.40723417946361984,18,hinge_plateau_smooth,recompute_from_transitions
-10.831729593719272,0.6915065312068546,19894,0.3457532656034273,18,hinge_plateau_smooth,recompute_from_transitions
-10.72698954180975,0.7355688313718892,20392,0.3677844156859446,18,hinge_plateau_smooth,recompute_from_transitions
-10.596112551215755,0.7470688699006348,20084,0.3735344349503174,18,hinge_plateau_smooth,recompute_from_transitions
-10.459839240205438,0.73755160523334,20104,0.36877580261667,18,hinge_plateau_smooth,recompute_from_transitions
-10.308160680414106,0.702975429478561,20243,0.3514877147392805,18,hinge_plateau_smooth,recompute_from_transitions
-10.117536610870564,0.6650713066662396,20144,0.3325356533331198,18,hinge_plateau_smooth,recompute_from_transitions
-9.867488222076936,0.6727946762474193,20139,0.33639733812370964,18,hinge_plateau_smooth,recompute_from_transitions
-9.502125100629884,0.5701399150864633,20139,0.28506995754323167,18,hinge_plateau_smooth,recompute_from_transitions
-8.701955875699092,0.3968408929469165,20142,0.19842044647345825,18,hinge_plateau_smooth,recompute_from_transitions
-13.215568615552153,0.3873776292676478,18906,0.1936888146338239,19,hinge_plateau_smooth,recompute_from_transitions
-12.90414824657138,0.31132013836081074,21344,0.15566006918040537,19,hinge_plateau_smooth,recompute_from_transitions
-12.713161295167165,0.43464507121093726,20294,0.21732253560546863,19,hinge_plateau_smooth,recompute_from_transitions
-12.557739569963914,0.4387761291120853,19861,0.21938806455604265,19,hinge_plateau_smooth,recompute_from_transitions
-12.430203708843376,0.3666395442182008,20522,0.1833197721091004,19,hinge_plateau_smooth,recompute_from_transitions
-12.359483944707067,0.48629235375612173,19770,0.24314617687806087,19,hinge_plateau_smooth,recompute_from_transitions
-12.270626791332338,0.4131974962234801,20273,0.20659874811174006,19,hinge_plateau_smooth,recompute_from_transitions
-12.172721188636483,0.5086226078907685,20286,0.25431130394538426,19,hinge_plateau_smooth,recompute_from_transitions
-12.091168047981338,0.46954088264537014,20412,0.23477044132268507,19,hinge_plateau_smooth,recompute_from_transitions
-12.020269380207331,0.5306557811323652,19968,0.2653278905661826,19,hinge_plateau_smooth,recompute_from_transitions
-11.952175739666302,0.5593367995751288,19994,0.2796683997875644,19,hinge_plateau_smooth,recompute_from_transitions
-11.878512914472651,0.5074333684193618,20650,0.2537166842096809,19,hinge_plateau_smooth,recompute_from_transitions
-11.779367904917422,0.5892509516473484,20159,0.2946254758236742,19,hinge_plateau_smooth,recompute_from_transitions
-11.698243294090917,0.5740751667098971,20221,0.28703758335494856,19,hinge_plateau_smooth,recompute_from_transitions
-11.63302268210979,0.5814912379098163,19873,0.29074561895490814,19,hinge_plateau_smooth,recompute_from_transitions
-11.562286858219766,0.5808162233907901,20484,0.29040811169539504,19,hinge_plateau_smooth,recompute_from_transitions
-11.475096207417025,0.7025128864270619,20034,0.35125644321353094,19,hinge_plateau_smooth,recompute_from_transitions
-11.395022970304128,0.6065918763178301,20259,0.30329593815891503,19,hinge_plateau_smooth,recompute_from_transitions
-11.311495927979667,0.6860925143490447,20178,0.34304625717452236,19,hinge_plateau_smooth,recompute_from_transitions
-11.236649638993653,0.7371100696709567,20264,0.36855503483547836,19,hinge_plateau_smooth,recompute_from_transitions
-11.13801962927137,0.7174196228471423,20213,0.35870981142357117,19,hinge_plateau_smooth,recompute_from_transitions
-11.036037873732965,0.7080838467449043,20108,0.35404192337245216,19,hinge_plateau_smooth,recompute_from_transitions
-10.937475291118515,0.7909674544421743,20308,0.39548372722108716,19,hinge_plateau_smooth,recompute_from_transitions
-10.8367255433449,0.708550227748147,20173,0.3542751138740735,19,hinge_plateau_smooth,recompute_from_transitions
-10.73355259775779,0.7704366370602617,20118,0.38521831853013083,19,hinge_plateau_smooth,recompute_from_transitions
-10.605396238724294,0.7487831369375886,20243,0.3743915684687943,19,hinge_plateau_smooth,recompute_from_transitions
-10.4665924843832,0.7123812614626215,20182,0.35619063073131074,19,hinge_plateau_smooth,recompute_from_transitions
-10.315242319025154,0.7523142507634664,20229,0.3761571253817332,19,hinge_plateau_smooth,recompute_from_transitions
-10.122532716899276,0.6482502350268747,20153,0.32412511751343737,19,hinge_plateau_smooth,recompute_from_transitions
-9.88620402465681,0.633438865228662,20234,0.316719432614331,19,hinge_plateau_smooth,recompute_from_transitions
-9.525617249360764,0.56587030994589,20170,0.282935154972945,19,hinge_plateau_smooth,recompute_from_transitions
-8.765130019253498,0.4291439934854659,20212,0.21457199674273295,19,hinge_plateau_smooth,recompute_from_transitions
-13.215568615552153,0.3719440483497921,20080,0.18597202417489606,20,hinge_plateau_smooth,recompute_from_transitions
-12.873930922403003,0.3096344151876114,20069,0.1548172075938057,20,hinge_plateau_smooth,recompute_from_transitions
-12.710510913170893,0.40945311960908537,20296,0.20472655980454268,20,hinge_plateau_smooth,recompute_from_transitions
-12.557739569963914,0.47178465195826724,19378,0.23589232597913362,20,hinge_plateau_smooth,recompute_from_transitions
-12.425734488232454,0.3859884395905753,21176,0.19299421979528766,20,hinge_plateau_smooth,recompute_from_transitions
-12.344366331759312,0.46147512169174937,19529,0.23073756084587468,20,hinge_plateau_smooth,recompute_from_transitions
-12.259404166259278,0.42375967462371683,20804,0.21187983731185842,20,hinge_plateau_smooth,recompute_from_transitions
-12.16824338788068,0.5568788554475292,19837,0.2784394277237646,20,hinge_plateau_smooth,recompute_from_transitions
-12.08288377446331,0.4584609295309541,20639,0.22923046476547704,20,hinge_plateau_smooth,recompute_from_transitions
-12.020014114773264,0.5663205106432524,19999,0.2831602553216262,20,hinge_plateau_smooth,recompute_from_transitions
-11.9353378319113,0.5117755059140671,20394,0.25588775295703353,20,hinge_plateau_smooth,recompute_from_transitions
-11.87360871623122,0.49991518925702544,20194,0.24995759462851272,20,hinge_plateau_smooth,recompute_from_transitions
-11.7753186339949,0.5649115074129035,20140,0.28245575370645176,20,hinge_plateau_smooth,recompute_from_transitions
-11.690588433174495,0.5704930653917379,20295,0.28524653269586897,20,hinge_plateau_smooth,recompute_from_transitions
-11.630622471622218,0.572924702279615,19731,0.2864623511398075,20,hinge_plateau_smooth,recompute_from_transitions
-11.562020808875555,0.5573749469814018,20392,0.2786874734907009,20,hinge_plateau_smooth,recompute_from_transitions
-11.475674569324926,0.6872905220333123,20404,0.34364526101665616,20,hinge_plateau_smooth,recompute_from_transitions
-11.396858955150869,0.5498458994234284,20173,0.2749229497117142,20,hinge_plateau_smooth,recompute_from_transitions
-11.311135818079453,0.6828566663669726,20280,0.3414283331834863,20,hinge_plateau_smooth,recompute_from_transitions
-11.236649638993653,0.7063893705162049,20084,0.35319468525810244,20,hinge_plateau_smooth,recompute_from_transitions
-11.13801962927137,0.7699392539100623,20322,0.3849696269550312,20,hinge_plateau_smooth,recompute_from_transitions
-11.03367532050938,0.7423670508504769,20155,0.37118352542523847,20,hinge_plateau_smooth,recompute_from_transitions
-10.93873017332951,0.7906924273913274,20289,0.3953462136956637,20,hinge_plateau_smooth,recompute_from_transitions
-10.838792143725913,0.7453516980642318,20151,0.3726758490321159,20,hinge_plateau_smooth,recompute_from_transitions
-10.73360845149578,0.7504717721699933,20265,0.37523588608499664,20,hinge_plateau_smooth,recompute_from_transitions
-10.605396238724294,0.7549226676230796,20051,0.3774613338115398,20,hinge_plateau_smooth,recompute_from_transitions
-10.4665924843832,0.7301103311379104,20365,0.3650551655689552,20,hinge_plateau_smooth,recompute_from_transitions
-10.309052824976725,0.6982343754348483,20188,0.34911718771742417,20,hinge_plateau_smooth,recompute_from_transitions
-10.117502297853909,0.6748587898498977,20202,0.33742939492494883,20,hinge_plateau_smooth,recompute_from_transitions
-9.8786116320812,0.6493264360179403,20206,0.32466321800897013,20,hinge_plateau_smooth,recompute_from_transitions
-9.518516426433612,0.5711982984626409,20217,0.28559914923132046,20,hinge_plateau_smooth,recompute_from_transitions
-8.75316601320838,0.4048138627700936,20204,0.2024069313850468,20,hinge_plateau_smooth,recompute_from_transitions
-13.215568615552153,0.3952603710624222,19558,0.1976301855312111,21,hinge_plateau_smooth,recompute_from_transitions
-12.873930922403003,0.29582505928872843,20343,0.14791252964436422,21,hinge_plateau_smooth,recompute_from_transitions
-12.710510913170893,0.4104303498575647,20113,0.20521517492878236,21,hinge_plateau_smooth,recompute_from_transitions
-12.557739569963914,0.41083742125579015,20522,0.20541871062789507,21,hinge_plateau_smooth,recompute_from_transitions
-12.425734488232454,0.3903180509264705,20023,0.19515902546323524,21,hinge_plateau_smooth,recompute_from_transitions
-12.344366331759312,0.5085305858633906,20006,0.2542652929316953,21,hinge_plateau_smooth,recompute_from_transitions
-12.268764180668509,0.4089125979435296,20342,0.2044562989717648,21,hinge_plateau_smooth,recompute_from_transitions
-12.16882174978853,0.5439428005141757,19981,0.2719714002570878,21,hinge_plateau_smooth,recompute_from_transitions
-12.090426708733924,0.45840009500371676,20386,0.22920004750185838,21,hinge_plateau_smooth,recompute_from_transitions
-12.020014114773264,0.5640419444551193,19730,0.2820209722275597,21,hinge_plateau_smooth,recompute_from_transitions
-11.940863659675935,0.5118714503366912,20064,0.2559357251683456,21,hinge_plateau_smooth,recompute_from_transitions
-11.87771584030389,0.5162834330938003,20167,0.25814171654690016,21,hinge_plateau_smooth,recompute_from_transitions
-11.775718390041606,0.5918033659542267,20625,0.29590168297711333,21,hinge_plateau_smooth,recompute_from_transitions
-11.693941470650971,0.5682056860071518,20033,0.2841028430035759,21,hinge_plateau_smooth,recompute_from_transitions
-11.63187735383314,0.524933529933815,20087,0.2624667649669075,21,hinge_plateau_smooth,recompute_from_transitions
-11.562286858219766,0.5765575196128713,20306,0.28827875980643564,21,hinge_plateau_smooth,recompute_from_transitions
-11.477326917975253,0.7310833840278715,20029,0.36554169201393577,21,hinge_plateau_smooth,recompute_from_transitions
-11.397984148998304,0.5816568642226567,20251,0.29082843211132836,21,hinge_plateau_smooth,recompute_from_transitions
-11.31599863352836,0.697313405006055,20041,0.3486567025030275,21,hinge_plateau_smooth,recompute_from_transitions
-11.240543307661747,0.7673384076632184,20229,0.3836692038316092,21,hinge_plateau_smooth,recompute_from_transitions
-11.138540710803264,0.7718142891754323,20230,0.38590714458771613,21,hinge_plateau_smooth,recompute_from_transitions
-11.037528900142076,0.7230130044846244,20143,0.3615065022423122,21,hinge_plateau_smooth,recompute_from_transitions
-10.944648577427593,0.7479075818990858,20160,0.3739537909495429,21,hinge_plateau_smooth,recompute_from_transitions
-10.842420958836232,0.7145053453998266,20130,0.3572526726999133,21,hinge_plateau_smooth,recompute_from_transitions
-10.739286862717018,0.7640805575290468,20161,0.3820402787645234,21,hinge_plateau_smooth,recompute_from_transitions
-10.611414029706172,0.7348917049815177,20101,0.36744585249075884,21,hinge_plateau_smooth,recompute_from_transitions
-10.48026688268648,0.7414091948712718,19887,0.3707045974356359,21,hinge_plateau_smooth,recompute_from_transitions
-10.327951067308735,0.7180476659558968,20450,0.3590238329779484,21,hinge_plateau_smooth,recompute_from_transitions
-10.131079064026546,0.6516464946928846,20150,0.3258232473464423,21,hinge_plateau_smooth,recompute_from_transitions
-9.899191767858182,0.6293143218060099,20148,0.31465716090300494,21,hinge_plateau_smooth,recompute_from_transitions
-9.549746875380446,0.5825196771732838,20149,0.2912598385866419,21,hinge_plateau_smooth,recompute_from_transitions
-8.800881363848585,0.43342295523665336,20147,0.21671147761832668,21,hinge_plateau_smooth,recompute_from_transitions
-13.215568615552153,0.39255397579622836,20095,0.19627698789811418,22,hinge_plateau_smooth,recompute_from_transitions
-12.873930922403003,0.3131234798211477,19589,0.15656173991057384,22,hinge_plateau_smooth,recompute_from_transitions
-12.710510913170893,0.4277598337639287,20216,0.21387991688196434,22,hinge_plateau_smooth,recompute_from_transitions
-12.557739569963914,0.46488364797982645,19702,0.23244182398991323,22,hinge_plateau_smooth,recompute_from_transitions
-12.42707200617936,0.3891124610420351,20675,0.19455623052101756,22,hinge_plateau_smooth,recompute_from_transitions
-12.357640847696889,0.514016057022396,19144,0.257008028511198,22,hinge_plateau_smooth,recompute_from_transitions
-12.270626791332338,0.4607746842343772,21189,0.2303873421171886,22,hinge_plateau_smooth,recompute_from_transitions
-12.16882174978853,0.5684160557883209,20138,0.28420802789416044,22,hinge_plateau_smooth,recompute_from_transitions
-12.090426708733924,0.4994864770592188,20080,0.2497432385296094,22,hinge_plateau_smooth,recompute_from_transitions
-12.020014114773264,0.5517005573312445,19809,0.27585027866562223,22,hinge_plateau_smooth,recompute_from_transitions
-11.9389012237277,0.5089753178953504,20222,0.2544876589476752,22,hinge_plateau_smooth,recompute_from_transitions
-11.87771584030389,0.518425569712059,20221,0.2592127848560295,22,hinge_plateau_smooth,recompute_from_transitions
-11.775718390041606,0.5813511374519005,20377,0.29067556872595024,22,hinge_plateau_smooth,recompute_from_transitions
-11.690588433174495,0.5857062310395083,20071,0.2928531155197541,22,hinge_plateau_smooth,recompute_from_transitions
-11.630622471622218,0.5631934850115,20141,0.28159674250575,22,hinge_plateau_smooth,recompute_from_transitions
-11.55368198031954,0.5970131750098295,20086,0.29850658750491477,22,hinge_plateau_smooth,recompute_from_transitions
-11.467300286848412,0.7207467825369834,20105,0.3603733912684917,22,hinge_plateau_smooth,recompute_from_transitions
-11.389256138960745,0.5427389806787881,20049,0.27136949033939406,22,hinge_plateau_smooth,recompute_from_transitions
-11.302371086352885,0.6917875566466228,20181,0.3458937783233114,22,hinge_plateau_smooth,recompute_from_transitions
-11.230044192517637,0.7424468555461972,20142,0.3712234277730986,22,hinge_plateau_smooth,recompute_from_transitions
-11.125727163638736,0.726610877424063,20095,0.3633054387120315,22,hinge_plateau_smooth,recompute_from_transitions
-11.030397197206185,0.7020194791390314,20132,0.3510097395695157,22,hinge_plateau_smooth,recompute_from_transitions
-10.934590987010164,0.7864331204426807,20101,0.3932165602213403,22,hinge_plateau_smooth,recompute_from_transitions
-10.832580883726948,0.733277709690148,19998,0.366638854845074,22,hinge_plateau_smooth,recompute_from_transitions
-10.72698954180975,0.7831078972634284,20260,0.3915539486317142,22,hinge_plateau_smooth,recompute_from_transitions
-10.596352882199778,0.7913108294992325,20111,0.39565541474961624,22,hinge_plateau_smooth,recompute_from_transitions
-10.461441974000325,0.7376701406411043,19886,0.3688350703205521,22,hinge_plateau_smooth,recompute_from_transitions
-10.30627346868209,0.7046646280061802,20296,0.3523323140030901,22,hinge_plateau_smooth,recompute_from_transitions
-10.116971802723482,0.6873319245254436,20158,0.3436659622627218,22,hinge_plateau_smooth,recompute_from_transitions
-9.876181935910912,0.5970401613279793,20098,0.29852008066398966,22,hinge_plateau_smooth,recompute_from_transitions
-9.5214487892604,0.5745585843816129,20132,0.28727929219080645,22,hinge_plateau_smooth,recompute_from_transitions
-8.773106892529661,0.41715525649123325,20113,0.20857762824561663,22,hinge_plateau_smooth,recompute_from_transitions
-13.215568615552153,0.39451200154611205,19682,0.19725600077305602,23,hinge_plateau_smooth,recompute_from_transitions
-12.883829499865389,0.2967221061503932,20185,0.1483610530751966,23,hinge_plateau_smooth,recompute_from_transitions
-12.710510913170893,0.416698187009179,20247,0.2083490935045895,23,hinge_plateau_smooth,recompute_from_transitions
-12.557739569963914,0.4277653615380017,20347,0.21388268076900085,23,hinge_plateau_smooth,recompute_from_transitions
-12.42394030351534,0.38368443519984813,19936,0.19184221759992406,23,hinge_plateau_smooth,recompute_from_transitions
-12.344366331759312,0.4875994494106334,19691,0.2437997247053167,23,hinge_plateau_smooth,recompute_from_transitions
-12.26153494564515,0.42577925054286947,20623,0.21288962527143473,23,hinge_plateau_smooth,recompute_from_transitions
-12.16882174978853,0.5721822191693491,20247,0.28609110958467454,23,hinge_plateau_smooth,recompute_from_transitions
-12.090426708733924,0.45957878609809166,20027,0.22978939304904583,23,hinge_plateau_smooth,recompute_from_transitions
-12.020014114773264,0.5675529706587247,19977,0.28377648532936234,23,hinge_plateau_smooth,recompute_from_transitions
-11.940863659675935,0.5144531831640591,20303,0.25722659158202954,23,hinge_plateau_smooth,recompute_from_transitions
-11.87776586195074,0.5237466883131624,20016,0.2618733441565812,23,hinge_plateau_smooth,recompute_from_transitions
-11.779720922693246,0.5876411298751658,20238,0.2938205649375829,23,hinge_plateau_smooth,recompute_from_transitions
-11.70017544252683,0.5725001915690271,20013,0.28625009578451355,23,hinge_plateau_smooth,recompute_from_transitions
-11.639362198124976,0.5286580141905673,20097,0.2643290070952837,23,hinge_plateau_smooth,recompute_from_transitions
-11.566256985804811,0.6390105312865679,20091,0.31950526564328396,23,hinge_plateau_smooth,recompute_from_transitions
-11.482398110500611,0.7037512043582893,20394,0.35187560217914465,23,hinge_plateau_smooth,recompute_from_transitions
-11.400679185578085,0.5529776673165814,20128,0.2764888336582907,23,hinge_plateau_smooth,recompute_from_transitions
-11.32020596760224,0.6848278219785413,20038,0.34241391098927065,23,hinge_plateau_smooth,recompute_from_transitions
-11.245286622108551,0.6984497425728501,20169,0.34922487128642504,23,hinge_plateau_smooth,recompute_from_transitions
-11.14565902650456,0.7230612554254141,20155,0.36153062771270705,23,hinge_plateau_smooth,recompute_from_transitions
-11.04390934791117,0.7863062369945655,19852,0.39315311849728274,23,hinge_plateau_smooth,recompute_from_transitions
-10.954332551529792,0.741014693800837,20065,0.3705073469004185,23,hinge_plateau_smooth,recompute_from_transitions
-10.851451047717406,0.7782197341794197,20464,0.38910986708970985,23,hinge_plateau_smooth,recompute_from_transitions
-10.746281491969844,0.7603784506936873,20123,0.38018922534684363,23,hinge_plateau_smooth,recompute_from_transitions
-10.614901539899904,0.7621176015772636,19845,0.3810588007886318,23,hinge_plateau_smooth,recompute_from_transitions
-10.485485887398308,0.7417799207585446,20405,0.3708899603792723,23,hinge_plateau_smooth,recompute_from_transitions
-10.32845518346534,0.7120954181934318,20125,0.3560477090967159,23,hinge_plateau_smooth,recompute_from_transitions
-10.134652182127535,0.6880714423589047,20124,0.34403572117945236,23,hinge_plateau_smooth,recompute_from_transitions
-9.902695572315936,0.6147166339577499,20126,0.30735831697887495,23,hinge_plateau_smooth,recompute_from_transitions
-9.559245521613184,0.5940509598052369,20127,0.29702547990261846,23,hinge_plateau_smooth,recompute_from_transitions
-8.81988876417355,0.4497150012343617,20126,0.22485750061718085,23,hinge_plateau_smooth,recompute_from_transitions
-13.215568615552153,0.3981854448577145,19983,0.19909272242885726,24,hinge_plateau_smooth,recompute_from_transitions
-12.873930922403003,0.2989084926919152,20108,0.1494542463459576,24,hinge_plateau_smooth,recompute_from_transitions
-12.710510913170893,0.41041941939505017,20181,0.20520970969752508,24,hinge_plateau_smooth,recompute_from_transitions
-12.557739569963914,0.4460159256467176,19847,0.2230079628233588,24,hinge_plateau_smooth,recompute_from_transitions
-12.42693850381749,0.3731687485203845,20342,0.18658437426019225,24,hinge_plateau_smooth,recompute_from_transitions
-12.345839520565075,0.49610926181650705,19940,0.24805463090825353,24,hinge_plateau_smooth,recompute_from_transitions
-12.268666397113726,0.4394471313678124,20174,0.2197235656839062,24,hinge_plateau_smooth,recompute_from_transitions
-12.16882174978853,0.5791531666975425,20159,0.28957658334877123,24,hinge_plateau_smooth,recompute_from_transitions
-12.090022719704764,0.4639639306898643,20312,0.23198196534493215,24,hinge_plateau_smooth,recompute_from_transitions
-12.020014114773264,0.5422352542660147,20182,0.27111762713300736,24,hinge_plateau_smooth,recompute_from_transitions
-11.949066537304118,0.5430282356843277,19938,0.27151411784216384,24,hinge_plateau_smooth,recompute_from_transitions
-11.882232770753957,0.5159493034580516,19823,0.2579746517290258,24,hinge_plateau_smooth,recompute_from_transitions
-11.787352136088233,0.594953323929003,20620,0.2974766619645015,24,hinge_plateau_smooth,recompute_from_transitions
-11.698090872057822,0.5826247848545998,20126,0.2913123924272999,24,hinge_plateau_smooth,recompute_from_transitions
-11.632985963597555,0.551454946071029,20047,0.2757274730355145,24,hinge_plateau_smooth,recompute_from_transitions
-11.5624399623485,0.589852680601936,20198,0.294926340300968,24,hinge_plateau_smooth,recompute_from_transitions
-11.475674569324926,0.7033458548063249,20138,0.35167292740316247,24,hinge_plateau_smooth,recompute_from_transitions
-11.395022970304128,0.6033030448417263,20065,0.3016515224208631,24,hinge_plateau_smooth,recompute_from_transitions
-11.311495927979667,0.7049827987490589,20080,0.35249139937452945,24,hinge_plateau_smooth,recompute_from_transitions
-11.236649638993653,0.7241345430666147,19984,0.36206727153330737,24,hinge_plateau_smooth,recompute_from_transitions
-11.135824520249049,0.7769967215676511,20371,0.38849836078382555,24,hinge_plateau_smooth,recompute_from_transitions
-11.031794354335522,0.7173039686311056,19972,0.3586519843155528,24,hinge_plateau_smooth,recompute_from_transitions
-10.937475291118515,0.8440724218846538,20277,0.4220362109423269,24,hinge_plateau_smooth,recompute_from_transitions
-10.835472809036087,0.7059371169706437,20108,0.3529685584853218,24,hinge_plateau_smooth,recompute_from_transitions
-10.734742737074756,0.7534402394700251,20142,0.37672011973501257,24,hinge_plateau_smooth,recompute_from_transitions
-10.605396238724294,0.7518080978179373,20040,0.37590404890896867,24,hinge_plateau_smooth,recompute_from_transitions
-10.4665924843832,0.7382481106980154,20210,0.3691240553490077,24,hinge_plateau_smooth,recompute_from_transitions
-10.316919885149057,0.7341577461108532,20124,0.3670788730554266,24,hinge_plateau_smooth,recompute_from_transitions
-10.123747196959428,0.6573368619790835,20098,0.32866843098954174,24,hinge_plateau_smooth,recompute_from_transitions
-9.894810011322614,0.6301340263628479,20149,0.31506701318142394,24,hinge_plateau_smooth,recompute_from_transitions
-9.535661436897296,0.5823740835189011,20127,0.29118704175945054,24,hinge_plateau_smooth,recompute_from_transitions
-8.779633206675998,0.43747959150655286,20126,0.21873979575327643,24,hinge_plateau_smooth,recompute_from_transitions
-13.215568615552153,0.4071948524086385,19691,0.20359742620431925,25,hinge_plateau_smooth,recompute_from_transitions
-12.873930922403003,0.31153893828596896,19910,0.15576946914298448,25,hinge_plateau_smooth,recompute_from_transitions
-12.710510913170893,0.3992952354384302,20551,0.1996476177192151,25,hinge_plateau_smooth,recompute_from_transitions
-12.557739569963914,0.45689582714431426,20420,0.22844791357215713,25,hinge_plateau_smooth,recompute_from_transitions
-12.42394030351534,0.3764580857429749,20114,0.18822904287148745,25,hinge_plateau_smooth,recompute_from_transitions
-12.344366331759312,0.47181152475378024,19920,0.23590576237689012,25,hinge_plateau_smooth,recompute_from_transitions
-12.268666397113726,0.421327546670867,20269,0.2106637733354335,25,hinge_plateau_smooth,recompute_from_transitions
-12.16882174978853,0.5082068012745458,20211,0.2541034006372729,25,hinge_plateau_smooth,recompute_from_transitions
-12.090426708733924,0.4860014109352549,20168,0.24300070546762745,25,hinge_plateau_smooth,recompute_from_transitions
-12.020014114773264,0.6001927305150488,19808,0.3000963652575244,25,hinge_plateau_smooth,recompute_from_transitions
-11.940863659675935,0.5101149118035784,20503,0.2550574559017892,25,hinge_plateau_smooth,recompute_from_transitions
-11.87776586195074,0.5108219081407617,19936,0.25541095407038084,25,hinge_plateau_smooth,recompute_from_transitions
-11.779007633472585,0.5906907695200551,20359,0.29534538476002753,25,hinge_plateau_smooth,recompute_from_transitions
-11.693653725455986,0.583431933311422,20144,0.291715966655711,25,hinge_plateau_smooth,recompute_from_transitions
-11.63187735383314,0.5602972115215685,20039,0.28014860576078426,25,hinge_plateau_smooth,recompute_from_transitions
-11.5624399623485,0.6235532149997173,20187,0.31177660749985864,25,hinge_plateau_smooth,recompute_from_transitions
-11.475674569324926,0.706381929042576,20146,0.353190964521288,25,hinge_plateau_smooth,recompute_from_transitions
-11.394203844054164,0.594822686559595,20159,0.2974113432797975,25,hinge_plateau_smooth,recompute_from_transitions
-11.310160333348229,0.7104120666829674,19950,0.3552060333414837,25,hinge_plateau_smooth,recompute_from_transitions
-11.235036945330286,0.6973256688899344,20262,0.3486628344449672,25,hinge_plateau_smooth,recompute_from_transitions
-11.13801962927137,0.7504734573568737,20188,0.3752367286784368,25,hinge_plateau_smooth,recompute_from_transitions
-11.034916119647551,0.7156679331073791,20172,0.35783396655368954,25,hinge_plateau_smooth,recompute_from_transitions
-10.93873017332951,0.8079467622188279,20167,0.40397338110941394,25,hinge_plateau_smooth,recompute_from_transitions
-10.835472809036087,0.7153505840161734,20160,0.3576752920080867,25,hinge_plateau_smooth,recompute_from_transitions
-10.7310022220911,0.7648662445565864,19965,0.3824331222782932,25,hinge_plateau_smooth,recompute_from_transitions
-10.605396238724294,0.7633723434277531,20324,0.38168617171387653,25,hinge_plateau_smooth,recompute_from_transitions
-10.4665924843832,0.7166750513789837,20143,0.35833752568949184,25,hinge_plateau_smooth,recompute_from_transitions
-10.311035747312626,0.7167585029404098,20135,0.3583792514702049,25,hinge_plateau_smooth,recompute_from_transitions
-10.117953562631866,0.661273755805222,20135,0.330636877902611,25,hinge_plateau_smooth,recompute_from_transitions
-9.882500483236228,0.6119947641799223,20158,0.30599738208996113,25,hinge_plateau_smooth,recompute_from_transitions
-9.518516426433612,0.5809177906686329,20143,0.29045889533431646,25,hinge_plateau_smooth,recompute_from_transitions
-8.750318543162983,0.4206379939012446,20145,0.2103189969506223,25,hinge_plateau_smooth,recompute_from_transitions
-13.215568615552153,0.41233569323770647,19811,0.20616784661885323,26,hinge_plateau_smooth,recompute_from_transitions
-12.873930922403003,0.2904060322041828,19981,0.1452030161020914,26,hinge_plateau_smooth,recompute_from_transitions
-12.710510913170893,0.40927784995074046,20142,0.20463892497537023,26,hinge_plateau_smooth,recompute_from_transitions
-12.557739569963914,0.4405658336068649,20256,0.22028291680343245,26,hinge_plateau_smooth,recompute_from_transitions
-12.42707200617936,0.39535631722603987,20969,0.19767815861301993,26,hinge_plateau_smooth,recompute_from_transitions
-12.357640847696889,0.5096835785601682,19296,0.2548417892800841,26,hinge_plateau_smooth,recompute_from_transitions
-12.27194452041643,0.4299491162549651,21087,0.21497455812748256,26,hinge_plateau_smooth,recompute_from_transitions
-12.16882174978853,0.5688853192948143,20254,0.28444265964740717,26,hinge_plateau_smooth,recompute_from_transitions
-12.090022719704764,0.44905882290759297,20277,0.22452941145379648,26,hinge_plateau_smooth,recompute_from_transitions
-12.020014114773264,0.5784692806603846,20006,0.2892346403301923,26,hinge_plateau_smooth,recompute_from_transitions
-11.940863659675935,0.5435663874785113,20381,0.27178319373925564,26,hinge_plateau_smooth,recompute_from_transitions
-11.87776586195074,0.521108161334818,20145,0.260554080667409,26,hinge_plateau_smooth,recompute_from_transitions
-11.779720922693246,0.5843327346147961,20451,0.29216636730739803,26,hinge_plateau_smooth,recompute_from_transitions
-11.69676292781828,0.5718228362187557,20285,0.28591141810937787,26,hinge_plateau_smooth,recompute_from_transitions
-11.63187735383314,0.5641070200910732,20152,0.2820535100455366,26,hinge_plateau_smooth,recompute_from_transitions
-11.56507943052477,0.5958507430187824,19977,0.2979253715093912,26,hinge_plateau_smooth,recompute_from_transitions
-11.482398110500611,0.685124966244846,20463,0.342562483122423,26,hinge_plateau_smooth,recompute_from_transitions
-11.398020867510535,0.5764492607302485,20358,0.28822463036512425,26,hinge_plateau_smooth,recompute_from_transitions
-11.31599863352836,0.687848965692162,20023,0.343924482846081,26,hinge_plateau_smooth,recompute_from_transitions
-11.24176584809135,0.7655283487847727,20454,0.38276417439238636,26,hinge_plateau_smooth,recompute_from_transitions
-11.142889415792991,0.704996403926001,19524,0.3524982019630005,26,hinge_plateau_smooth,recompute_from_transitions
-11.04390934791117,0.7509817614870823,19786,0.37549088074354114,26,hinge_plateau_smooth,recompute_from_transitions
-10.951389077320938,0.7797909085255141,21401,0.38989545426275707,26,hinge_plateau_smooth,recompute_from_transitions
-10.842936803343862,0.7588741934279356,20224,0.3794370967139678,26,hinge_plateau_smooth,recompute_from_transitions
-10.73667489758741,0.7490597132104841,20244,0.3745298566052421,26,hinge_plateau_smooth,recompute_from_transitions
-10.609223905833444,0.7710923225324305,20153,0.38554616126621527,26,hinge_plateau_smooth,recompute_from_transitions
-10.46900076323523,0.7832925361642332,20343,0.3916462680821166,26,hinge_plateau_smooth,recompute_from_transitions
-10.31759240098675,0.738439313732876,20227,0.369219656866438,26,hinge_plateau_smooth,recompute_from_transitions
-10.123040703718903,0.6756615470298833,20251,0.3378307735149417,26,hinge_plateau_smooth,recompute_from_transitions
-9.88489819312612,0.6341555312741963,20239,0.31707776563709816,26,hinge_plateau_smooth,recompute_from_transitions
-9.521390137874992,0.6006564261236773,20234,0.30032821306183866,26,hinge_plateau_smooth,recompute_from_transitions
-8.764265717330199,0.42459474070850206,20244,0.21229737035425103,26,hinge_plateau_smooth,recompute_from_transitions
-13.215568615552153,0.37426347306415064,19994,0.18713173653207532,27,hinge_plateau_smooth,recompute_from_transitions
-12.883829499865389,0.3055637361224213,20164,0.15278186806121066,27,hinge_plateau_smooth,recompute_from_transitions
-12.713161295167165,0.4106700128628255,20297,0.20533500643141275,27,hinge_plateau_smooth,recompute_from_transitions
-12.557739569963914,0.47157468750410775,20150,0.23578734375205387,27,hinge_plateau_smooth,recompute_from_transitions
-12.430203708843376,0.37250157653782556,20350,0.18625078826891278,27,hinge_plateau_smooth,recompute_from_transitions
-12.358968791936285,0.4699178979658404,19453,0.2349589489829202,27,hinge_plateau_smooth,recompute_from_transitions
-12.27194452041643,0.400787959597655,20702,0.2003939797988275,27,hinge_plateau_smooth,recompute_from_transitions
-12.172721188636483,0.5074098620868529,20495,0.25370493104342645,27,hinge_plateau_smooth,recompute_from_transitions
-12.097344720107657,0.4926600074406266,19809,0.2463300037203133,27,hinge_plateau_smooth,recompute_from_transitions
-12.02436563316836,0.5318979686206626,20640,0.2659489843103313,27,hinge_plateau_smooth,recompute_from_transitions
-11.9535036839058,0.5518091353688933,20199,0.27590456768444666,27,hinge_plateau_smooth,recompute_from_transitions
-11.87776586195074,0.4757390421962303,20178,0.23786952109811516,27,hinge_plateau_smooth,recompute_from_transitions
-11.787352136088233,0.5744497020153604,20042,0.2872248510076802,27,hinge_plateau_smooth,recompute_from_transitions
-11.699294887643012,0.5756441977050356,20327,0.2878220988525178,27,hinge_plateau_smooth,recompute_from_transitions
-11.639199354236514,0.6040073887095563,20157,0.30200369435477814,27,hinge_plateau_smooth,recompute_from_transitions
-11.566220267292575,0.5432197520297448,20364,0.2716098760148724,27,hinge_plateau_smooth,recompute_from_transitions
-11.483539564349885,0.6683763454710306,19491,0.3341881727355153,27,hinge_plateau_smooth,recompute_from_transitions
-11.40488575729036,0.6032555941305358,20872,0.3016277970652679,27,hinge_plateau_smooth,recompute_from_transitions
-11.325057868444397,0.7099406581258189,20200,0.35497032906290943,27,hinge_plateau_smooth,recompute_from_transitions
-11.245754043244313,0.6674361710585675,20311,0.3337180855292837,27,hinge_plateau_smooth,recompute_from_transitions
-11.145488860603283,0.7537701071271165,20153,0.3768850535635582,27,hinge_plateau_smooth,recompute_from_transitions
-11.042560770195294,0.7677763104363018,20047,0.3838881552181509,27,hinge_plateau_smooth,recompute_from_transitions
-10.954524827623962,0.757205264204574,19668,0.378602632102287,27,hinge_plateau_smooth,recompute_from_transitions
-10.850858638368678,0.7837024082060975,20879,0.39185120410304874,27,hinge_plateau_smooth,recompute_from_transitions
-10.73995358743546,0.7472740570411962,20305,0.3736370285205981,27,hinge_plateau_smooth,recompute_from_transitions
-10.609223905833444,0.7709790437186803,20210,0.38548952185934016,27,hinge_plateau_smooth,recompute_from_transitions
-10.470683493765392,0.7883304137437885,20181,0.39416520687189427,27,hinge_plateau_smooth,recompute_from_transitions
-10.31996939583773,0.7056215350624122,20197,0.3528107675312061,27,hinge_plateau_smooth,recompute_from_transitions
-10.124109903495748,0.657138428822762,20261,0.328569214411381,27,hinge_plateau_smooth,recompute_from_transitions
-9.883273838793032,0.6287003653555938,20215,0.3143501826777969,27,hinge_plateau_smooth,recompute_from_transitions
-9.531519403068488,0.5964128591845134,20211,0.2982064295922567,27,hinge_plateau_smooth,recompute_from_transitions
-8.77635401183955,0.39406748841716865,20212,0.19703374420858433,27,hinge_plateau_smooth,recompute_from_transitions
-13.215568615552153,0.3717397024905098,20136,0.1858698512452549,28,hinge_plateau_smooth,recompute_from_transitions
-12.873930922403003,0.2954086090824876,19763,0.1477043045412438,28,hinge_plateau_smooth,recompute_from_transitions
-12.710510913170893,0.4165487370511993,20067,0.20827436852559966,28,hinge_plateau_smooth,recompute_from_transitions
-12.557739569963914,0.4324198882858291,19887,0.21620994414291456,28,hinge_plateau_smooth,recompute_from_transitions
-12.430203708843376,0.38244780355140634,20814,0.19122390177570317,28,hinge_plateau_smooth,recompute_from_transitions
-12.345839520565075,0.4841344827991396,20041,0.2420672413995698,28,hinge_plateau_smooth,recompute_from_transitions
-12.268666397113726,0.44070912916953536,20100,0.22035456458476768,28,hinge_plateau_smooth,recompute_from_transitions
-12.16824338788068,0.5595424562165421,20293,0.27977122810827104,28,hinge_plateau_smooth,recompute_from_transitions
-12.088170150775197,0.45043713084912407,20198,0.22521856542456203,28,hinge_plateau_smooth,recompute_from_transitions
-12.020014114773264,0.5861086283311727,19634,0.29305431416558636,28,hinge_plateau_smooth,recompute_from_transitions
-11.940863659675935,0.532765318862889,20502,0.2663826594314445,28,hinge_plateau_smooth,recompute_from_transitions
-11.876428344003694,0.5121407140665192,20147,0.2560703570332596,28,hinge_plateau_smooth,recompute_from_transitions
-11.775718390041606,0.5828521522358915,20295,0.29142607611794574,28,hinge_plateau_smooth,recompute_from_transitions
-11.692217437084182,0.5719029639259906,19920,0.2859514819629953,28,hinge_plateau_smooth,recompute_from_transitions
-11.63187735383314,0.5670920961512351,20082,0.28354604807561756,28,hinge_plateau_smooth,recompute_from_transitions
-11.55898725857929,0.5796300776854271,20355,0.28981503884271353,28,hinge_plateau_smooth,recompute_from_transitions
-11.475096207417025,0.6862994005663783,20195,0.34314970028318914,28,hinge_plateau_smooth,recompute_from_transitions
-11.396858955150869,0.6124816318090146,20118,0.3062408159045073,28,hinge_plateau_smooth,recompute_from_transitions
-11.309666618665522,0.6766135539540213,20160,0.33830677697701067,28,hinge_plateau_smooth,recompute_from_transitions
-11.238617561925372,0.7227635916457782,19938,0.3613817958228891,28,hinge_plateau_smooth,recompute_from_transitions
-11.13801962927137,0.7695234620682059,20344,0.38476173103410294,28,hinge_plateau_smooth,recompute_from_transitions
-11.034916119647551,0.6987246375552474,20194,0.3493623187776237,28,hinge_plateau_smooth,recompute_from_transitions
-10.939135051981822,0.8389775776884129,20150,0.41948878884420643,28,hinge_plateau_smooth,recompute_from_transitions
-10.838214387123791,0.7222438756832956,20142,0.3611219378416478,28,hinge_plateau_smooth,recompute_from_transitions
-10.73360845149578,0.7397830460343698,19991,0.3698915230171849,28,hinge_plateau_smooth,recompute_from_transitions
-10.605396238724294,0.7804326250025116,20276,0.3902163125012558,28,hinge_plateau_smooth,recompute_from_transitions
-10.464110201140276,0.7688632120277132,20106,0.3844316060138566,28,hinge_plateau_smooth,recompute_from_transitions
-10.308670809757992,0.7365374307958028,20211,0.3682687153979014,28,hinge_plateau_smooth,recompute_from_transitions
-10.117953562631866,0.6319265090910315,20145,0.31596325454551577,28,hinge_plateau_smooth,recompute_from_transitions
-9.882235027171532,0.6543542885351781,20140,0.32717714426758904,28,hinge_plateau_smooth,recompute_from_transitions
-9.534660815128635,0.5531958900490277,20151,0.27659794502451385,28,hinge_plateau_smooth,recompute_from_transitions
-8.790893881296512,0.43665073572072843,20146,0.21832536786036422,28,hinge_plateau_smooth,recompute_from_transitions
-13.215568615552153,0.41083564501116876,20114,0.20541782250558438,29,hinge_plateau_smooth,recompute_from_transitions
-12.86064922900079,0.29526223115124334,20281,0.14763111557562167,29,hinge_plateau_smooth,recompute_from_transitions
-12.705542382119727,0.4306645258584173,19772,0.21533226292920865,29,hinge_plateau_smooth,recompute_from_transitions
-12.557739569963914,0.4224923992613126,19700,0.2112461996306563,29,hinge_plateau_smooth,recompute_from_transitions
-12.42707200617936,0.3766911687602493,20985,0.18834558438012464,29,hinge_plateau_smooth,recompute_from_transitions
-12.345839520565075,0.4934634423789995,20275,0.24673172118949974,29,hinge_plateau_smooth,recompute_from_transitions
-12.262567968992428,0.4391038246608124,20283,0.2195519123304062,29,hinge_plateau_smooth,recompute_from_transitions
-12.16882174978853,0.5157973427741163,20300,0.25789867138705813,29,hinge_plateau_smooth,recompute_from_transitions
-12.090022719704764,0.45253438945636537,20134,0.22626719472818269,29,hinge_plateau_smooth,recompute_from_transitions
-12.020014114773264,0.5707642154732004,20147,0.2853821077366002,29,hinge_plateau_smooth,recompute_from_transitions
-11.9353378319113,0.52384994946357,20178,0.261924974731785,29,hinge_plateau_smooth,recompute_from_transitions
-11.87360871623122,0.5008250773886387,20242,0.25041253869431934,29,hinge_plateau_smooth,recompute_from_transitions
-11.7753186339949,0.5855106241842417,20386,0.29275531209212086,29,hinge_plateau_smooth,recompute_from_transitions
-11.692217437084182,0.5802380240146199,19981,0.29011901200730994,29,hinge_plateau_smooth,recompute_from_transitions
-11.631477597786429,0.5316623892566478,20168,0.2658311946283239,29,hinge_plateau_smooth,recompute_from_transitions
-11.562020808875555,0.6245568203315328,20043,0.3122784101657664,29,hinge_plateau_smooth,recompute_from_transitions
-11.475096207417025,0.6635993841024845,20606,0.33179969205124227,29,hinge_plateau_smooth,recompute_from_transitions
-11.391313608637802,0.5760124440622836,20252,0.2880062220311418,29,hinge_plateau_smooth,recompute_from_transitions
-11.309666618665522,0.7276967344271154,20122,0.3638483672135577,29,hinge_plateau_smooth,recompute_from_transitions
-11.236649638993653,0.7711069438691783,20348,0.38555347193458916,29,hinge_plateau_smooth,recompute_from_transitions
-11.135251467372084,0.7314929802559332,20282,0.3657464901279666,29,hinge_plateau_smooth,recompute_from_transitions
-11.031766723444711,0.705830564507223,20210,0.3529152822536115,29,hinge_plateau_smooth,recompute_from_transitions
-10.937475291118515,0.810951889603297,20226,0.4054759448016485,29,hinge_plateau_smooth,recompute_from_transitions
-10.836533016296649,0.7212503313271472,20224,0.3606251656635736,29,hinge_plateau_smooth,recompute_from_transitions
-10.73360845149578,0.7767196185840629,20206,0.38835980929203145,29,hinge_plateau_smooth,recompute_from_transitions
-10.605924096822166,0.7509878649805631,20205,0.37549393249028157,29,hinge_plateau_smooth,recompute_from_transitions
-10.467572993485724,0.7891668065835388,20242,0.3945834032917694,29,hinge_plateau_smooth,recompute_from_transitions
-10.310156631532465,0.7459651760171793,20217,0.37298258800858963,29,hinge_plateau_smooth,recompute_from_transitions
-10.120999403216048,0.6530093847484442,20225,0.3265046923742221,29,hinge_plateau_smooth,recompute_from_transitions
-9.881424029803052,0.6475964946224214,20219,0.3237982473112107,29,hinge_plateau_smooth,recompute_from_transitions
-9.522728298251524,0.5917449946602361,20210,0.29587249733011806,29,hinge_plateau_smooth,recompute_from_transitions
-8.742337058869476,0.3985387409640785,20229,0.19926937048203924,29,hinge_plateau_smooth,recompute_from_transitions
-13.215568615552153,0.38388396093738364,20093,0.19194198046869182,30,hinge_plateau_smooth,recompute_from_transitions
-12.873930922403003,0.306670209260831,19829,0.1533351046304155,30,hinge_plateau_smooth,recompute_from_transitions
-12.710510913170893,0.38534304780224754,20070,0.19267152390112377,30,hinge_plateau_smooth,recompute_from_transitions
-12.557739569963914,0.4381722920404272,19567,0.2190861460202136,30,hinge_plateau_smooth,recompute_from_transitions
-12.42707200617936,0.38702814400471286,20754,0.19351407200235643,30,hinge_plateau_smooth,recompute_from_transitions
-12.354842102407222,0.51140045405657,19088,0.255700227028285,30,hinge_plateau_smooth,recompute_from_transitions
-12.27194452041643,0.41998621840124895,20971,0.20999310920062447,30,hinge_plateau_smooth,recompute_from_transitions
-12.172721188636483,0.519100203207445,20224,0.2595501016037225,30,hinge_plateau_smooth,recompute_from_transitions
-12.090426708733924,0.4479434106363967,20326,0.22397170531819835,30,hinge_plateau_smooth,recompute_from_transitions
-12.020269380207331,0.5790741043716275,19803,0.28953705218581377,30,hinge_plateau_smooth,recompute_from_transitions
-11.949066537304118,0.5615689253191097,19833,0.28078446265955487,30,hinge_plateau_smooth,recompute_from_transitions
-11.878512914472651,0.5057612406121323,20641,0.2528806203060662,30,hinge_plateau_smooth,recompute_from_transitions
-11.78090710457824,0.5989033301673733,20075,0.29945166508368665,30,hinge_plateau_smooth,recompute_from_transitions
-11.70282829478898,0.5491071202041259,18026,0.27455356010206294,30,hinge_plateau_smooth,recompute_from_transitions
-11.641448838260333,0.620477845194475,22234,0.3102389225972375,30,hinge_plateau_smooth,recompute_from_transitions
-11.566220267292575,0.553493438617769,20140,0.2767467193088845,30,hinge_plateau_smooth,recompute_from_transitions
-11.482398110500611,0.6743986787481864,20104,0.3371993393740932,30,hinge_plateau_smooth,recompute_from_transitions
-11.398020867510535,0.5634524705137329,19987,0.28172623525686646,30,hinge_plateau_smooth,recompute_from_transitions
-11.31599863352836,0.7367046099246666,20149,0.3683523049623333,30,hinge_plateau_smooth,recompute_from_transitions
-11.240543307661747,0.7038150526544797,20019,0.3519075263272399,30,hinge_plateau_smooth,recompute_from_transitions
-11.145488860603283,0.7477561797076041,19689,0.37387808985380205,30,hinge_plateau_smooth,recompute_from_transitions
-11.04390934791117,0.7971941212502184,20028,0.3985970606251092,30,hinge_plateau_smooth,recompute_from_transitions
-10.954524827623962,0.7424784185050427,20230,0.37123920925252135,30,hinge_plateau_smooth,recompute_from_transitions
-10.853348447797908,0.7260725808964206,20612,0.3630362904482103,30,hinge_plateau_smooth,recompute_from_transitions
-10.745029773167234,0.7638601303038696,20119,0.3819300651519348,30,hinge_plateau_smooth,recompute_from_transitions
-10.611449014915236,0.7136982034597499,20052,0.35684910172987494,30,hinge_plateau_smooth,recompute_from_transitions
-10.473172116608689,0.7928925815701642,20157,0.3964462907850821,30,hinge_plateau_smooth,recompute_from_transitions
-10.31996939583773,0.7453916214939739,20043,0.37269581074698693,30,hinge_plateau_smooth,recompute_from_transitions
-10.123951911893124,0.6318125439893838,20169,0.3159062719946919,30,hinge_plateau_smooth,recompute_from_transitions
-9.886647654227632,0.6355406412869234,20093,0.3177703206434617,30,hinge_plateau_smooth,recompute_from_transitions
-9.539197812837346,0.6196642909964435,20106,0.30983214549822174,30,hinge_plateau_smooth,recompute_from_transitions
-8.82712842701156,0.4364097667840045,20119,0.21820488339200225,30,hinge_plateau_smooth,recompute_from_transitions
-13.215568615552153,0.4115460957072225,19883,0.20577304785361125,31,hinge_plateau_smooth,recompute_from_transitions
-12.873930922403003,0.29856725217606794,19851,0.14928362608803397,31,hinge_plateau_smooth,recompute_from_transitions
-12.710510913170893,0.4168434355491314,20451,0.2084217177745657,31,hinge_plateau_smooth,recompute_from_transitions
-12.557739569963914,0.4380928896942929,19893,0.21904644484714644,31,hinge_plateau_smooth,recompute_from_transitions
-12.42707200617936,0.38326844171954805,20297,0.19163422085977402,31,hinge_plateau_smooth,recompute_from_transitions
-12.358968791936285,0.4964686458581234,18824,0.2482343229290617,31,hinge_plateau_smooth,recompute_from_transitions
-12.27194452041643,0.4383707590695538,20801,0.2191853795347769,31,hinge_plateau_smooth,recompute_from_transitions
-12.172721188636483,0.5465012400411113,20642,0.27325062002055567,31,hinge_plateau_smooth,recompute_from_transitions
-12.092063728739856,0.500892153164248,20110,0.250446076582124,31,hinge_plateau_smooth,recompute_from_transitions
-12.020585328224517,0.579791716253812,19997,0.289895858126906,31,hinge_plateau_smooth,recompute_from_transitions
-11.944041369378144,0.5377104542027464,19430,0.2688552271013732,31,hinge_plateau_smooth,recompute_from_transitions
-11.878512914472651,0.4983345776317679,20731,0.24916728881588396,31,hinge_plateau_smooth,recompute_from_transitions
-11.78090710457824,0.5894138008520873,20211,0.29470690042604364,31,hinge_plateau_smooth,recompute_from_transitions
-11.698910001703185,0.5680147807641832,19858,0.2840073903820916,31,hinge_plateau_smooth,recompute_from_transitions
-11.63302268210979,0.5193959184526982,20014,0.2596979592263491,31,hinge_plateau_smooth,recompute_from_transitions
-11.566256985804811,0.5984641673274902,20081,0.2992320836637451,31,hinge_plateau_smooth,recompute_from_transitions
-11.481911918673427,0.7217511015490597,20431,0.3608755507745299,31,hinge_plateau_smooth,recompute_from_transitions
-11.39687553923386,0.6124497543839295,20035,0.30622487719196473,31,hinge_plateau_smooth,recompute_from_transitions
-11.310205091153964,0.7046603847577202,20073,0.3523301923788601,31,hinge_plateau_smooth,recompute_from_transitions
-11.235036945330286,0.7155365449497955,20031,0.35776827247489773,31,hinge_plateau_smooth,recompute_from_transitions
-11.135824520249049,0.7874235926373802,20089,0.3937117963186901,31,hinge_plateau_smooth,recompute_from_transitions
-11.037645942581964,0.7261768516182004,20185,0.3630884258091002,31,hinge_plateau_smooth,recompute_from_transitions
-10.943301369370404,0.8104035273931622,20111,0.4052017636965811,31,hinge_plateau_smooth,recompute_from_transitions
-10.841289459577933,0.7304145962423912,20033,0.3652072981211956,31,hinge_plateau_smooth,recompute_from_transitions
-10.73667489758741,0.6939805435989045,20057,0.34699027179945224,31,hinge_plateau_smooth,recompute_from_transitions
-10.607758961266574,0.7878171624681453,20180,0.39390858123407263,31,hinge_plateau_smooth,recompute_from_transitions
-10.467033608931237,0.7448951677685575,20088,0.37244758388427873,31,hinge_plateau_smooth,recompute_from_transitions
-10.316919885149057,0.6985538029959124,20083,0.3492769014979562,31,hinge_plateau_smooth,recompute_from_transitions
-10.122532716899276,0.6934298639424541,20086,0.34671493197122705,31,hinge_plateau_smooth,recompute_from_transitions
-9.88262453849882,0.6535610802113776,20086,0.3267805401056888,31,hinge_plateau_smooth,recompute_from_transitions
-9.52679614890317,0.548027513769511,20098,0.2740137568847555,31,hinge_plateau_smooth,recompute_from_transitions
-8.767871242596438,0.4310337860088342,20097,0.2155168930044171,31,hinge_plateau_smooth,recompute_from_transitions
-13.215568615552153,0.3864923161978118,19642,0.1932461580989059,32,hinge_plateau_smooth,recompute_from_transitions
-12.873930922403003,0.29778369629805024,20209,0.14889184814902512,32,hinge_plateau_smooth,recompute_from_transitions
-12.710510913170893,0.40879807111292,20524,0.20439903555646,32,hinge_plateau_smooth,recompute_from_transitions
-12.557739569963914,0.47981650602518106,19843,0.23990825301259053,32,hinge_plateau_smooth,recompute_from_transitions
-12.430203708843376,0.3742475559109073,20169,0.18712377795545365,32,hinge_plateau_smooth,recompute_from_transitions
-12.357640847696889,0.4618767879219946,19415,0.2309383939609973,32,hinge_plateau_smooth,recompute_from_transitions
-12.27194452041643,0.4184185027891335,20687,0.20920925139456675,32,hinge_plateau_smooth,recompute_from_transitions
-12.172721188636483,0.5084764276837415,20469,0.25423821384187073,32,hinge_plateau_smooth,recompute_from_transitions
-12.091131329469109,0.4419627790718664,20269,0.2209813895359332,32,hinge_plateau_smooth,recompute_from_transitions
-12.020269380207331,0.5520048786762377,19893,0.27600243933811885,32,hinge_plateau_smooth,recompute_from_transitions
-11.944041369378144,0.5543997996810072,19748,0.2771998998405036,32,hinge_plateau_smooth,recompute_from_transitions
-11.87776586195074,0.4841223542593465,20382,0.24206117712967326,32,hinge_plateau_smooth,recompute_from_transitions
-11.779720922693246,0.5575977480797562,20028,0.2787988740398781,32,hinge_plateau_smooth,recompute_from_transitions
-11.698243294090917,0.5668093737991352,20321,0.2834046868995676,32,hinge_plateau_smooth,recompute_from_transitions
-11.632985963597555,0.554399289253469,20371,0.2771996446267345,32,hinge_plateau_smooth,recompute_from_transitions
-11.5624399623485,0.5856031945265547,20229,0.29280159726327737,32,hinge_plateau_smooth,recompute_from_transitions
-11.481825057623665,0.6642526573895788,20113,0.3321263286947894,32,hinge_plateau_smooth,recompute_from_transitions
-11.398020867510535,0.5799301776123509,20183,0.28996508880617544,32,hinge_plateau_smooth,recompute_from_transitions
-11.31586934187193,0.7028867680278884,20030,0.3514433840139442,32,hinge_plateau_smooth,recompute_from_transitions
-11.240543307661747,0.7463835563779871,20169,0.3731917781889936,32,hinge_plateau_smooth,recompute_from_transitions
-11.140207845159958,0.7320914929994664,20129,0.3660457464997332,32,hinge_plateau_smooth,recompute_from_transitions
-11.038416967710122,0.7201356465340848,20178,0.3600678232670424,32,hinge_plateau_smooth,recompute_from_transitions
-10.93983878309399,0.7852673889031467,20120,0.39263369445157337,32,hinge_plateau_smooth,recompute_from_transitions
-10.838561317461478,0.730672587272176,20210,0.365336293636088,32,hinge_plateau_smooth,recompute_from_transitions
-10.733178652255445,0.7496165686801192,20098,0.3748082843400596,32,hinge_plateau_smooth,recompute_from_transitions
-10.605396238724294,0.7246164386500364,19974,0.3623082193250182,32,hinge_plateau_smooth,recompute_from_transitions
-10.4665924843832,0.7550430534133749,20329,0.3775215267066874,32,hinge_plateau_smooth,recompute_from_transitions
-10.309786943985127,0.7029733173075418,20141,0.3514866586537709,32,hinge_plateau_smooth,recompute_from_transitions
-10.117536610870564,0.6448446325171938,20144,0.3224223162585969,32,hinge_plateau_smooth,recompute_from_transitions
-9.86951379353175,0.6660755266090909,20148,0.33303776330454543,32,hinge_plateau_smooth,recompute_from_transitions
-9.505997059243068,0.5502091084909685,20138,0.27510455424548425,32,hinge_plateau_smooth,recompute_from_transitions
-8.737399829384962,0.40464761766221036,20141,0.20232380883110518,32,hinge_plateau_smooth,recompute_from_transitions
-13.215568615552153,0.4276369242973988,19649,0.2138184621486994,33,hinge_plateau_smooth,recompute_from_transitions
-12.873930922403003,0.3201600661469135,20118,0.16008003307345675,33,hinge_plateau_smooth,recompute_from_transitions
-12.710510913170893,0.41739899849537015,20281,0.20869949924768508,33,hinge_plateau_smooth,recompute_from_transitions
-12.557739569963914,0.4342918711899297,20013,0.21714593559496484,33,hinge_plateau_smooth,recompute_from_transitions
-12.430203708843376,0.3841399408750296,20355,0.1920699704375148,33,hinge_plateau_smooth,recompute_from_transitions
-12.357640847696889,0.4855732335098121,19482,0.24278661675490604,33,hinge_plateau_smooth,recompute_from_transitions
-12.27194452041643,0.42799980619983363,20263,0.21399990309991682,33,hinge_plateau_smooth,recompute_from_transitions
-12.172496213217798,0.51413055980005,20532,0.257065279900025,33,hinge_plateau_smooth,recompute_from_transitions
-12.090426708733924,0.45514042219939127,20103,0.22757021109969564,33,hinge_plateau_smooth,recompute_from_transitions
-12.020014114773264,0.543459848255012,19558,0.271729924127506,33,hinge_plateau_smooth,recompute_from_transitions
-11.940863659675935,0.5106553444752714,20567,0.2553276722376357,33,hinge_plateau_smooth,recompute_from_transitions
-11.87776586195074,0.480997104148767,19788,0.2404985520743835,33,hinge_plateau_smooth,recompute_from_transitions
-11.775805251091366,0.5829093909086246,20270,0.2914546954543123,33,hinge_plateau_smooth,recompute_from_transitions
-11.698243294090917,0.5895143999780738,20229,0.2947571999890369,33,hinge_plateau_smooth,recompute_from_transitions
-11.632985963597555,0.5623496436564484,19957,0.2811748218282242,33,hinge_plateau_smooth,recompute_from_transitions
-11.564931219048146,0.5766889288449545,20369,0.28834446442247724,33,hinge_plateau_smooth,recompute_from_transitions
-11.478538993004404,0.6854588071987524,20097,0.3427294035993762,33,hinge_plateau_smooth,recompute_from_transitions
-11.398020867510535,0.5754641056090184,19989,0.2877320528045092,33,hinge_plateau_smooth,recompute_from_transitions
-11.31599863352836,0.6691107490703609,19915,0.33455537453518047,33,hinge_plateau_smooth,recompute_from_transitions
-11.242190651427638,0.7369782871110171,20380,0.36848914355550855,33,hinge_plateau_smooth,recompute_from_transitions
-11.141868495646346,0.7333440783003339,20093,0.36667203915016694,33,hinge_plateau_smooth,recompute_from_transitions
-11.04162957247813,0.7374173776210419,19165,0.36870868881052093,33,hinge_plateau_smooth,recompute_from_transitions
-10.94831647600507,0.7345891938598368,20988,0.3672945969299184,33,hinge_plateau_smooth,recompute_from_transitions
-10.841289459577933,0.7245647498817548,20111,0.3622823749408774,33,hinge_plateau_smooth,recompute_from_transitions
-10.737142947562488,0.7714599039723742,20130,0.3857299519861871,33,hinge_plateau_smooth,recompute_from_transitions
-10.608401594835168,0.7043229308661146,20057,0.3521614654330573,33,hinge_plateau_smooth,recompute_from_transitions
-10.471260378847017,0.7245951885587594,20115,0.3622975942793797,33,hinge_plateau_smooth,recompute_from_transitions
-10.31996939583773,0.7293079172163202,19992,0.3646539586081601,33,hinge_plateau_smooth,recompute_from_transitions
-10.12567172733791,0.652530371386762,20202,0.326265185693381,33,hinge_plateau_smooth,recompute_from_transitions
-9.894810011322614,0.5932979909446834,20109,0.2966489954723417,33,hinge_plateau_smooth,recompute_from_transitions
-9.531396257781507,0.5862163985760777,20102,0.29310819928803883,33,hinge_plateau_smooth,recompute_from_transitions
-8.766322050529077,0.41141416442987755,20099,0.20570708221493877,33,hinge_plateau_smooth,recompute_from_transitions
-13.215568615552153,0.41859877399055934,19733,0.20929938699527967,34,hinge_plateau_smooth,recompute_from_transitions
-12.873930922403003,0.3172217329017028,20217,0.1586108664508514,34,hinge_plateau_smooth,recompute_from_transitions
-12.713161295167165,0.41765346015010696,20087,0.20882673007505348,34,hinge_plateau_smooth,recompute_from_transitions
-12.557739569963914,0.4172699017209931,20384,0.20863495086049655,34,hinge_plateau_smooth,recompute_from_transitions
-12.430203708843376,0.37547367197298476,20353,0.18773683598649238,34,hinge_plateau_smooth,recompute_from_transitions
-12.359483944707067,0.47415471614171806,19676,0.23707735807085903,34,hinge_plateau_smooth,recompute_from_transitions
-12.27194452041643,0.4244689262410954,20409,0.2122344631205477,34,hinge_plateau_smooth,recompute_from_transitions
-12.172721188636483,0.5184412882980252,20501,0.2592206441490126,34,hinge_plateau_smooth,recompute_from_transitions
-12.091168047981338,0.4746399842840441,20257,0.23731999214202204,34,hinge_plateau_smooth,recompute_from_transitions
-12.020269380207331,0.5726332811762537,20165,0.28631664058812684,34,hinge_plateau_smooth,recompute_from_transitions
-11.942322571118074,0.5560723997861676,19532,0.2780361998930838,34,hinge_plateau_smooth,recompute_from_transitions
-11.878512914472651,0.5215967909540504,20655,0.2607983954770252,34,hinge_plateau_smooth,recompute_from_transitions
-11.779007633472585,0.6057778369520717,20182,0.30288891847603583,34,hinge_plateau_smooth,recompute_from_transitions
-11.698243294090917,0.5853859335397954,20220,0.2926929667698977,34,hinge_plateau_smooth,recompute_from_transitions
-11.63302268210979,0.5622176782251279,19992,0.28110883911256396,34,hinge_plateau_smooth,recompute_from_transitions
-11.56507943052477,0.5675453640609289,20312,0.28377268203046446,34,hinge_plateau_smooth,recompute_from_transitions
-11.475674569324926,0.694011151285807,20123,0.3470055756429035,34,hinge_plateau_smooth,recompute_from_transitions
-11.397279528263056,0.5615937416818481,20294,0.28079687084092403,34,hinge_plateau_smooth,recompute_from_transitions
-11.313724978901204,0.6879071573091002,20291,0.3439535786545501,34,hinge_plateau_smooth,recompute_from_transitions
-11.23804599180979,0.7638474337428589,20066,0.38192371687142945,34,hinge_plateau_smooth,recompute_from_transitions
-11.138540710803264,0.7426337826111239,20296,0.37131689130556195,34,hinge_plateau_smooth,recompute_from_transitions
-11.036452957513804,0.708709599825449,20206,0.3543547999127245,34,hinge_plateau_smooth,recompute_from_transitions
-10.93873017332951,0.7980731634200446,20180,0.3990365817100223,34,hinge_plateau_smooth,recompute_from_transitions
-10.835833080480954,0.745299641054064,20181,0.372649820527032,34,hinge_plateau_smooth,recompute_from_transitions
-10.73492841950894,0.8074466629946648,20137,0.4037233314973324,34,hinge_plateau_smooth,recompute_from_transitions
-10.605396238724294,0.7908009197797479,20220,0.39540045988987393,34,hinge_plateau_smooth,recompute_from_transitions
-10.467572993485724,0.7542721875424885,20125,0.37713609377124424,34,hinge_plateau_smooth,recompute_from_transitions
-10.318691185199414,0.7197488741364579,20234,0.35987443706822897,34,hinge_plateau_smooth,recompute_from_transitions
-10.122622007737732,0.6725022902657223,20166,0.33625114513286114,34,hinge_plateau_smooth,recompute_from_transitions
-9.893371195403834,0.6084006409615856,20193,0.3042003204807928,34,hinge_plateau_smooth,recompute_from_transitions
-9.527784119460756,0.6196109510180272,20176,0.3098054755090136,34,hinge_plateau_smooth,recompute_from_transitions
-8.752575352734711,0.40452933455225165,20187,0.20226466727612583,34,hinge_plateau_smooth,recompute_from_transitions
-13.215568615552153,0.39923894554618905,19794,0.19961947277309453,35,hinge_plateau_smooth,recompute_from_transitions
-12.873930922403003,0.2920531933200876,20014,0.1460265966600438,35,hinge_plateau_smooth,recompute_from_transitions
-12.713161295167165,0.41920034535381995,19888,0.20960017267690997,35,hinge_plateau_smooth,recompute_from_transitions
-12.557739569963914,0.44735398915565344,19830,0.22367699457782672,35,hinge_plateau_smooth,recompute_from_transitions
-12.430203708843376,0.37980086581202516,20512,0.18990043290601258,35,hinge_plateau_smooth,recompute_from_transitions
-12.357640847696889,0.48284129611264953,19321,0.24142064805632477,35,hinge_plateau_smooth,recompute_from_transitions
-12.27194452041643,0.41243205739012584,20447,0.20621602869506292,35,hinge_plateau_smooth,recompute_from_transitions
-12.172721188636483,0.5407150479885623,20493,0.27035752399428115,35,hinge_plateau_smooth,recompute_from_transitions
-12.094295056472053,0.4518821736015805,19567,0.22594108680079025,35,hinge_plateau_smooth,recompute_from_transitions
-12.02436563316836,0.5544192646167093,20292,0.27720963230835466,35,hinge_plateau_smooth,recompute_from_transitions
-11.952175739666302,0.5577379387687436,19876,0.2788689693843718,35,hinge_plateau_smooth,recompute_from_transitions
-11.878521364625968,0.4989502897361459,20386,0.24947514486807296,35,hinge_plateau_smooth,recompute_from_transitions
-11.78090710457824,0.5800078673069007,20077,0.29000393365345034,35,hinge_plateau_smooth,recompute_from_transitions
-11.698243294090917,0.6103297621494611,19871,0.30516488107473055,35,hinge_plateau_smooth,recompute_from_transitions
-11.632985963597555,0.539298303494024,20128,0.269649151747012,35,hinge_plateau_smooth,recompute_from_transitions
-11.565573145207466,0.6249400353290653,20107,0.31247001766453264,35,hinge_plateau_smooth,recompute_from_transitions
-11.481911918673427,0.6957875857968421,19991,0.34789379289842104,35,hinge_plateau_smooth,recompute_from_transitions
-11.398433309817213,0.576004005752362,20085,0.288002002876181,35,hinge_plateau_smooth,recompute_from_transitions
-11.319248021247011,0.6888709248651875,19927,0.34443546243259376,35,hinge_plateau_smooth,recompute_from_transitions
-11.24176584809135,0.7545739758093299,20152,0.37728698790466497,35,hinge_plateau_smooth,recompute_from_transitions
-11.141062971324208,0.7260849183660684,19960,0.3630424591830342,35,hinge_plateau_smooth,recompute_from_transitions
-11.040777645246568,0.7435326559475676,19095,0.3717663279737838,35,hinge_plateau_smooth,recompute_from_transitions
-10.947177404690104,0.7515788016557523,20967,0.37578940082787615,35,hinge_plateau_smooth,recompute_from_transitions
-10.841289459577933,0.753102339134883,20091,0.3765511695674415,35,hinge_plateau_smooth,recompute_from_transitions
-10.737142947562488,0.7743395699282374,20027,0.3871697849641187,35,hinge_plateau_smooth,recompute_from_transitions
-10.608145424163268,0.7664847394075035,20070,0.38324236970375175,35,hinge_plateau_smooth,recompute_from_transitions
-10.470320787229076,0.770754532335416,20054,0.385377266167708,35,hinge_plateau_smooth,recompute_from_transitions
-10.318996496446363,0.7127164351094384,20044,0.3563582175547192,35,hinge_plateau_smooth,recompute_from_transitions
-10.122532716899276,0.6799953082196353,20044,0.33999765410981764,35,hinge_plateau_smooth,recompute_from_transitions
-9.890821937678346,0.629785741145154,20008,0.314892870572577,35,hinge_plateau_smooth,recompute_from_transitions
-9.530814381741402,0.5843035653958114,20067,0.2921517826979057,35,hinge_plateau_smooth,recompute_from_transitions
-8.756812789502824,0.39585692913668036,20041,0.19792846456834018,35,hinge_plateau_smooth,recompute_from_transitions
-13.215568615552153,0.39255397579622836,19889,0.19627698789811418,36,hinge_plateau_smooth,recompute_from_transitions
-12.883829499865389,0.2958386528570707,20184,0.14791932642853536,36,hinge_plateau_smooth,recompute_from_transitions
-12.710510913170893,0.41859514092392874,20092,0.20929757046196437,36,hinge_plateau_smooth,recompute_from_transitions
-12.557739569963914,0.43564319313798944,20638,0.21782159656899472,36,hinge_plateau_smooth,recompute_from_transitions
-12.42394030351534,0.4022885206137235,20320,0.20114426030686175,36,hinge_plateau_smooth,recompute_from_transitions
-12.344366331759312,0.4876812589709246,20045,0.2438406294854623,36,hinge_plateau_smooth,recompute_from_transitions
-12.268764180668509,0.43473484734872186,20475,0.21736742367436093,36,hinge_plateau_smooth,recompute_from_transitions
-12.16882174978853,0.5370990140895224,20025,0.2685495070447612,36,hinge_plateau_smooth,recompute_from_transitions
-12.090022719704764,0.4847419352288458,20180,0.2423709676144229,36,hinge_plateau_smooth,recompute_from_transitions
-12.020014114773264,0.5676351292133583,20435,0.2838175646066792,36,hinge_plateau_smooth,recompute_from_transitions
-11.9389012237277,0.5005317868999251,19785,0.25026589344996253,36,hinge_plateau_smooth,recompute_from_transitions
-11.874437717000962,0.5205502513740708,20475,0.2602751256870354,36,hinge_plateau_smooth,recompute_from_transitions
-11.775761820566487,0.6205095816139551,20516,0.31025479080697754,36,hinge_plateau_smooth,recompute_from_transitions
-11.692217437084182,0.5929056864304577,19861,0.29645284321522886,36,hinge_plateau_smooth,recompute_from_transitions
-11.63187735383314,0.5654377338031977,20190,0.28271886690159886,36,hinge_plateau_smooth,recompute_from_transitions
-11.556433676842664,0.5977131665298748,20610,0.2988565832649374,36,hinge_plateau_smooth,recompute_from_transitions
-11.472300753890586,0.6942048194582954,20030,0.3471024097291477,36,hinge_plateau_smooth,recompute_from_transitions
-11.38973743846205,0.5484330767468342,20382,0.2742165383734171,36,hinge_plateau_smooth,recompute_from_transitions
-11.302371086352885,0.6701433291290875,20365,0.33507166456454374,36,hinge_plateau_smooth,recompute_from_transitions
-11.229701489193678,0.7459924157976006,20225,0.3729962078988003,36,hinge_plateau_smooth,recompute_from_transitions
-11.126076898038612,0.7534686031808299,20179,0.37673430159041493,36,hinge_plateau_smooth,recompute_from_transitions
-11.030873545631414,0.7167122755861983,20191,0.35835613779309916,36,hinge_plateau_smooth,recompute_from_transitions
-10.934882128078284,0.8215392475180462,20233,0.4107696237590231,36,hinge_plateau_smooth,recompute_from_transitions
-10.829571837247368,0.7592225354952887,20367,0.37961126774764437,36,hinge_plateau_smooth,recompute_from_transitions
-10.728128723864163,0.7580979429029492,19972,0.3790489714514746,36,hinge_plateau_smooth,recompute_from_transitions
-10.60393388779888,0.7714690357731715,20504,0.38573451788658575,36,hinge_plateau_smooth,recompute_from_transitions
-10.4665924843832,0.6952016640675024,20239,0.3476008320337512,36,hinge_plateau_smooth,recompute_from_transitions
-10.312754457383464,0.7146602274705756,20232,0.3573301137352878,36,hinge_plateau_smooth,recompute_from_transitions
-10.122532716899276,0.6349565272537924,20227,0.3174782636268962,36,hinge_plateau_smooth,recompute_from_transitions
-9.882500483236228,0.5975588413157766,20223,0.2987794206578883,36,hinge_plateau_smooth,recompute_from_transitions
-9.52805605850255,0.5845161077614672,20267,0.2922580538807336,36,hinge_plateau_smooth,recompute_from_transitions
-8.765704372496206,0.43357579853834316,20239,0.21678789926917158,36,hinge_plateau_smooth,recompute_from_transitions
-13.215568615552153,0.41353230669977786,19984,0.20676615334988893,37,hinge_plateau_smooth,recompute_from_transitions
-12.873930922403003,0.2949847957189273,19998,0.14749239785946364,37,hinge_plateau_smooth,recompute_from_transitions
-12.713161295167165,0.41299967221466816,20333,0.20649983610733408,37,hinge_plateau_smooth,recompute_from_transitions
-12.557739569963914,0.4550263806524939,19979,0.22751319032624695,37,hinge_plateau_smooth,recompute_from_transitions
-12.42707200617936,0.3719165605515065,20346,0.18595828027575326,37,hinge_plateau_smooth,recompute_from_transitions
-12.357640847696889,0.4930474674729076,19218,0.2465237337364538,37,hinge_plateau_smooth,recompute_from_transitions
-12.270626791332338,0.4223761761987041,21245,0.21118808809935205,37,hinge_plateau_smooth,recompute_from_transitions
-12.16882174978853,0.5204990131364459,20136,0.26024950656822293,37,hinge_plateau_smooth,recompute_from_transitions
-12.090022719704764,0.45590787056870574,19990,0.22795393528435287,37,hinge_plateau_smooth,recompute_from_transitions
-12.020014114773264,0.572933665741445,19860,0.2864668328707225,37,hinge_plateau_smooth,recompute_from_transitions
-11.940863659675935,0.5119651088126723,20544,0.25598255440633616,37,hinge_plateau_smooth,recompute_from_transitions
-11.877632359588858,0.532893961765478,20256,0.266446980882739,37,hinge_plateau_smooth,recompute_from_transitions
-11.775718390041606,0.5627412470532723,20111,0.28137062352663617,37,hinge_plateau_smooth,recompute_from_transitions
-11.690588433174495,0.6139606401647273,20204,0.30698032008236364,37,hinge_plateau_smooth,recompute_from_transitions
-11.630622471622218,0.5513543168953073,20188,0.27567715844765367,37,hinge_plateau_smooth,recompute_from_transitions
-11.553547131716932,0.585459894789183,20095,0.2927299473945915,37,hinge_plateau_smooth,recompute_from_transitions
-11.47127918396068,0.7183090776052028,19993,0.3591545388026014,37,hinge_plateau_smooth,recompute_from_transitions
-11.39155751540672,0.6001616041232305,20318,0.30008080206161525,37,hinge_plateau_smooth,recompute_from_transitions
-11.309666618665522,0.6936864834317714,19447,0.3468432417158857,37,hinge_plateau_smooth,recompute_from_transitions
-11.233264470745242,0.7382262238401041,20851,0.36911311192005203,37,hinge_plateau_smooth,recompute_from_transitions
-11.129100979073172,0.7787770062866584,20143,0.3893885031433292,37,hinge_plateau_smooth,recompute_from_transitions
-11.030873545631414,0.7543952486801969,20231,0.37719762434009846,37,hinge_plateau_smooth,recompute_from_transitions
-10.934590987010164,0.7354772764704888,20196,0.3677386382352444,37,hinge_plateau_smooth,recompute_from_transitions
-10.827735447603084,0.7286887581458344,20141,0.3643443790729172,37,hinge_plateau_smooth,recompute_from_transitions
-10.724461604539378,0.7482584936027386,20171,0.3741292468013693,37,hinge_plateau_smooth,recompute_from_transitions
-10.600117622599557,0.764049023302127,20127,0.3820245116510635,37,hinge_plateau_smooth,recompute_from_transitions
-10.459478968760566,0.7201068596530975,20182,0.36005342982654875,37,hinge_plateau_smooth,recompute_from_transitions
-10.301765004024409,0.7267881250776937,20175,0.3633940625388469,37,hinge_plateau_smooth,recompute_from_transitions
-10.11458281379431,0.6508671278084932,20156,0.3254335639042466,37,hinge_plateau_smooth,recompute_from_transitions
-9.868334385082052,0.6356430432478117,20167,0.31782152162390587,37,hinge_plateau_smooth,recompute_from_transitions
-9.515250439637446,0.5559732158884084,20160,0.2779866079442042,37,hinge_plateau_smooth,recompute_from_transitions
-8.742478913024744,0.40617973578247035,20160,0.20308986789123518,37,hinge_plateau_smooth,recompute_from_transitions
-13.215568615552153,0.3987552622842809,20099,0.19937763114214044,38,hinge_plateau_smooth,recompute_from_transitions
-12.860649229000792,0.3054310750090101,20084,0.15271553750450506,38,hinge_plateau_smooth,recompute_from_transitions
-12.705542382119727,0.42714495158342297,19733,0.21357247579171149,38,hinge_plateau_smooth,recompute_from_transitions
-12.557739569963914,0.45163293598047555,20842,0.22581646799023777,38,hinge_plateau_smooth,recompute_from_transitions
-12.42394030351534,0.3714213634582048,20004,0.1857106817291024,38,hinge_plateau_smooth,recompute_from_transitions
-12.344366331759312,0.47070838738919446,19877,0.23535419369459723,38,hinge_plateau_smooth,recompute_from_transitions
-12.262567968992428,0.43261615148548443,20560,0.21630807574274222,38,hinge_plateau_smooth,recompute_from_transitions
-12.16824338788068,0.5585013206334672,20322,0.2792506603167336,38,hinge_plateau_smooth,recompute_from_transitions
-12.090022719704764,0.4634653843846591,20151,0.23173269219232956,38,hinge_plateau_smooth,recompute_from_transitions
-12.020014114773264,0.5841204752426256,19460,0.2920602376213128,38,hinge_plateau_smooth,recompute_from_transitions
-11.9389012237277,0.531773515530605,20332,0.2658867577653025,38,hinge_plateau_smooth,recompute_from_transitions
-11.874364012717782,0.5134753932775489,20551,0.25673769663877444,38,hinge_plateau_smooth,recompute_from_transitions
-11.774463507830706,0.5674145217010476,20261,0.2837072608505238,38,hinge_plateau_smooth,recompute_from_transitions
-11.69036911560779,0.578832311286052,20197,0.289416155643026,38,hinge_plateau_smooth,recompute_from_transitions
-11.630622471622218,0.5511188630450975,20419,0.27555943152254875,38,hinge_plateau_smooth,recompute_from_transitions
-11.550123146318464,0.5720449167949295,20156,0.28602245839746476,38,hinge_plateau_smooth,recompute_from_transitions
-11.467300286848412,0.6892030934117648,20101,0.3446015467058824,38,hinge_plateau_smooth,recompute_from_transitions
-11.389256138960745,0.5851592453537245,20153,0.29257962267686227,38,hinge_plateau_smooth,recompute_from_transitions
-11.302371086352885,0.6930433727548402,20331,0.3465216863774201,38,hinge_plateau_smooth,recompute_from_transitions
-11.229701489193678,0.7762936285981719,20203,0.38814681429908593,38,hinge_plateau_smooth,recompute_from_transitions
-11.125727163638736,0.7573077824221652,20191,0.3786538912110826,38,hinge_plateau_smooth,recompute_from_transitions
-11.02926239451064,0.7438420777761995,20184,0.37192103888809974,38,hinge_plateau_smooth,recompute_from_transitions
-10.93251891333058,0.8247127227618734,20259,0.4123563613809367,38,hinge_plateau_smooth,recompute_from_transitions
-10.82489503245181,0.7696572720583076,20177,0.3848286360291538,38,hinge_plateau_smooth,recompute_from_transitions
-10.724461604539378,0.7871926964663056,20234,0.3935963482331528,38,hinge_plateau_smooth,recompute_from_transitions
-10.595842752855896,0.7749478009511831,20147,0.38747390047559155,38,hinge_plateau_smooth,recompute_from_transitions
-10.456189725329274,0.7317004061541608,20245,0.3658502030770804,38,hinge_plateau_smooth,recompute_from_transitions
-10.303227544862976,0.729882643516282,20136,0.364941321758141,38,hinge_plateau_smooth,recompute_from_transitions
-10.114868383730585,0.6740174006049433,20239,0.33700870030247165,38,hinge_plateau_smooth,recompute_from_transitions
-9.864746724200458,0.6293032272904535,20194,0.31465161364522676,38,hinge_plateau_smooth,recompute_from_transitions
-9.50184727291495,0.5744139204719754,20213,0.2872069602359877,38,hinge_plateau_smooth,recompute_from_transitions
-8.716833230110037,0.4195477328346589,20198,0.20977386641732945,38,hinge_plateau_smooth,recompute_from_transitions
-13.215568615552153,0.3860269045751638,19876,0.1930134522875819,39,hinge_plateau_smooth,recompute_from_transitions
-12.873930922403003,0.32130716662479164,19979,0.16065358331239582,39,hinge_plateau_smooth,recompute_from_transitions
-12.710510913170893,0.42716625295311444,20559,0.21358312647655722,39,hinge_plateau_smooth,recompute_from_transitions
-12.557739569963914,0.4463797849095143,19625,0.22318989245475715,39,hinge_plateau_smooth,recompute_from_transitions
-12.430203708843376,0.3806500898791234,20725,0.1903250449395617,39,hinge_plateau_smooth,recompute_from_transitions
-12.345839520565075,0.4831352154814659,20231,0.24156760774073294,39,hinge_plateau_smooth,recompute_from_transitions
-12.268764180668509,0.43618797620017624,20142,0.21809398810008812,39,hinge_plateau_smooth,recompute_from_transitions
-12.16882174978853,0.5218112353520145,20141,0.26090561767600723,39,hinge_plateau_smooth,recompute_from_transitions
-12.08288377446331,0.4866577090367298,20358,0.2433288545183649,39,hinge_plateau_smooth,recompute_from_transitions
-12.018475195490073,0.5862905409759175,19900,0.29314527048795874,39,hinge_plateau_smooth,recompute_from_transitions
-11.932755238660029,0.5636786711214755,20582,0.28183933556073776,39,hinge_plateau_smooth,recompute_from_transitions
-11.864592389546113,0.5095007128688539,20159,0.25475035643442695,39,hinge_plateau_smooth,recompute_from_transitions
-11.774463507830706,0.5930980288878105,20041,0.29654901444390525,39,hinge_plateau_smooth,recompute_from_transitions
-11.690588433174495,0.5837753590389566,20309,0.2918876795194783,39,hinge_plateau_smooth,recompute_from_transitions
-11.630622471622218,0.5136247281833727,20199,0.25681236409168634,39,hinge_plateau_smooth,recompute_from_transitions
-11.554249835848054,0.5932969801128404,19987,0.2966484900564202,39,hinge_plateau_smooth,recompute_from_transitions
-11.47127918396068,0.6862787465519032,20235,0.3431393732759516,39,hinge_plateau_smooth,recompute_from_transitions
-11.391313608637802,0.5784069389155271,20428,0.28920346945776354,39,hinge_plateau_smooth,recompute_from_transitions
-11.309510841541789,0.7040690638974394,20084,0.3520345319487197,39,hinge_plateau_smooth,recompute_from_transitions
-11.236649638993653,0.7112294357625238,20262,0.3556147178812619,39,hinge_plateau_smooth,recompute_from_transitions
-11.138540710803264,0.7980013240746561,20235,0.39900066203732804,39,hinge_plateau_smooth,recompute_from_transitions
-11.037645942581964,0.7141221982058947,20190,0.35706109910294737,39,hinge_plateau_smooth,recompute_from_transitions
-10.944648577427593,0.7702666162050091,20126,0.38513330810250457,39,hinge_plateau_smooth,recompute_from_transitions
-10.84346681654596,0.7674720280177532,20224,0.3837360140088766,39,hinge_plateau_smooth,recompute_from_transitions
-10.737142947562488,0.7912111945234039,20232,0.39560559726170197,39,hinge_plateau_smooth,recompute_from_transitions
-10.608104730488945,0.7325756722980965,20211,0.36628783614904825,39,hinge_plateau_smooth,recompute_from_transitions
-10.471543327658727,0.7614813866092238,20182,0.3807406933046119,39,hinge_plateau_smooth,recompute_from_transitions
-10.320234851902422,0.7015966122550703,20143,0.35079830612753515,39,hinge_plateau_smooth,recompute_from_transitions
-10.13014056720428,0.6471527963561917,20243,0.32357639817809586,39,hinge_plateau_smooth,recompute_from_transitions
-9.894810011322614,0.6661491395490754,20183,0.3330745697745377,39,hinge_plateau_smooth,recompute_from_transitions
-9.534660815128635,0.6068950310862358,20218,0.3034475155431179,39,hinge_plateau_smooth,recompute_from_transitions
-8.796101030493634,0.4176805288462868,20194,0.2088402644231434,39,hinge_plateau_smooth,recompute_from_transitions
-13.215568615552153,0.37346313126542047,19822,0.18673156563271023,40,hinge_plateau_smooth,recompute_from_transitions
-12.873930922403003,0.2893631798413094,20316,0.1446815899206547,40,hinge_plateau_smooth,recompute_from_transitions
-12.710510913170893,0.4046823001748414,20097,0.2023411500874207,40,hinge_plateau_smooth,recompute_from_transitions
-12.557739569963914,0.4344601481341922,20238,0.2172300740670961,40,hinge_plateau_smooth,recompute_from_transitions
-12.42394030351534,0.3896302569651906,19810,0.1948151284825953,40,hinge_plateau_smooth,recompute_from_transitions
-12.344366331759312,0.48377239851827614,19820,0.24188619925913807,40,hinge_plateau_smooth,recompute_from_transitions
-12.268666397113726,0.42854515855383557,20336,0.21427257927691779,40,hinge_plateau_smooth,recompute_from_transitions
-12.16824338788068,0.5152795676951715,20486,0.25763978384758573,40,hinge_plateau_smooth,recompute_from_transitions
-12.08288377446331,0.4983469346192485,20021,0.24917346730962425,40,hinge_plateau_smooth,recompute_from_transitions
-12.018475195490073,0.5529692326546182,19802,0.2764846163273091,40,hinge_plateau_smooth,recompute_from_transitions
-11.9353378319113,0.5149078136996821,20230,0.25745390684984104,40,hinge_plateau_smooth,recompute_from_transitions
-11.866479412379473,0.4879131529058274,20229,0.2439565764529137,40,hinge_plateau_smooth,recompute_from_transitions
-11.774463507830706,0.6043679961294387,20264,0.30218399806471935,40,hinge_plateau_smooth,recompute_from_transitions
-11.692217437084182,0.5845506751266587,19816,0.29227533756332935,40,hinge_plateau_smooth,recompute_from_transitions
-11.63187735383314,0.5767985137069424,20435,0.2883992568534712,40,hinge_plateau_smooth,recompute_from_transitions
-11.55898725857929,0.5704299576306919,20195,0.28521497881534597,40,hinge_plateau_smooth,recompute_from_transitions
-11.47435486816955,0.6910185422961148,19996,0.3455092711480574,40,hinge_plateau_smooth,recompute_from_transitions
-11.391313608637802,0.5877061132832222,20221,0.2938530566416111,40,hinge_plateau_smooth,recompute_from_transitions
-11.309518407188891,0.6822083091286109,20088,0.34110415456430543,40,hinge_plateau_smooth,recompute_from_transitions
-11.235585914177143,0.74598724499225,19960,0.372993622496125,40,hinge_plateau_smooth,recompute_from_transitions
-11.135824520249049,0.7496664504864016,20333,0.3748332252432008,40,hinge_plateau_smooth,recompute_from_transitions
-11.030873545631414,0.690865662826374,20117,0.345432831413187,40,hinge_plateau_smooth,recompute_from_transitions
-10.938549734849497,0.8220762157991676,20119,0.4110381078995838,40,hinge_plateau_smooth,recompute_from_transitions
-10.835472809036087,0.6946348765039956,19888,0.3473174382519978,40,hinge_plateau_smooth,recompute_from_transitions
-10.729717683926218,0.7810020100040315,20276,0.39050100500201573,40,hinge_plateau_smooth,recompute_from_transitions
-10.60481548705767,0.7618383671196692,20169,0.3809191835598346,40,hinge_plateau_smooth,recompute_from_transitions
-10.464110201140274,0.7884602958806304,20148,0.3942301479403152,40,hinge_plateau_smooth,recompute_from_transitions
-10.308160680414106,0.7576701545380294,20120,0.3788350772690147,40,hinge_plateau_smooth,recompute_from_transitions
-10.116544752175924,0.6628736497624627,20104,0.33143682488123133,40,hinge_plateau_smooth,recompute_from_transitions
-9.875020088717193,0.5997455855763637,20133,0.29987279278818185,40,hinge_plateau_smooth,recompute_from_transitions
-9.517907149505472,0.5761775336170798,20126,0.2880887668085399,40,hinge_plateau_smooth,recompute_from_transitions
-8.733083884520811,0.4107821275755228,20121,0.2053910637877614,40,hinge_plateau_smooth,recompute_from_transitions
-13.215568615552153,0.38018277326440864,19969,0.19009138663220432,41,hinge_plateau_smooth,recompute_from_transitions
-12.873930922403003,0.2930395762226232,20026,0.1465197881113116,41,hinge_plateau_smooth,recompute_from_transitions
-12.713161295167165,0.41217112600905276,20244,0.20608556300452638,41,hinge_plateau_smooth,recompute_from_transitions
-12.561294512689928,0.44302948244470297,20046,0.22151474122235149,41,hinge_plateau_smooth,recompute_from_transitions
-12.430203708843376,0.372485932228618,20452,0.186242966114309,41,hinge_plateau_smooth,recompute_from_transitions
-12.357640847696889,0.49243325980060026,19003,0.24621662990030013,41,hinge_plateau_smooth,recompute_from_transitions
-12.27194452041643,0.4149749503805812,21018,0.2074874751902906,41,hinge_plateau_smooth,recompute_from_transitions
-12.175059099136428,0.5292055348743515,20473,0.26460276743717576,41,hinge_plateau_smooth,recompute_from_transitions
-12.091168047981338,0.48378846440930134,20120,0.24189423220465067,41,hinge_plateau_smooth,recompute_from_transitions
-12.02160689815435,0.5305443267471655,20051,0.2652721633735827,41,hinge_plateau_smooth,recompute_from_transitions
-11.9535036839058,0.5691179218138425,19936,0.28455896090692123,41,hinge_plateau_smooth,recompute_from_transitions
-11.87776586195074,0.4793703669813468,20199,0.2396851834906734,41,hinge_plateau_smooth,recompute_from_transitions
-11.779007633472585,0.5948929869980446,20228,0.2974464934990223,41,hinge_plateau_smooth,recompute_from_transitions
-11.698243294090917,0.5946844128301054,20070,0.2973422064150527,41,hinge_plateau_smooth,recompute_from_transitions
-11.632985963597555,0.5487595540456268,20064,0.2743797770228134,41,hinge_plateau_smooth,recompute_from_transitions
-11.564931219048146,0.561003418743233,20361,0.2805017093716165,41,hinge_plateau_smooth,recompute_from_transitions
-11.477746959837445,0.7005730058112161,20301,0.35028650290560803,41,hinge_plateau_smooth,recompute_from_transitions
-11.39687553923386,0.5833977272448826,20091,0.2916988636224413,41,hinge_plateau_smooth,recompute_from_transitions
-11.31599863352836,0.6880236529012027,19925,0.34401182645060135,41,hinge_plateau_smooth,recompute_from_transitions
-11.242190651427638,0.7670126829429555,20322,0.3835063414714778,41,hinge_plateau_smooth,recompute_from_transitions
-11.14096798459634,0.7274898131230007,20236,0.3637449065615003,41,hinge_plateau_smooth,recompute_from_transitions
-11.03885919429917,0.7253292063759037,20240,0.36266460318795185,41,hinge_plateau_smooth,recompute_from_transitions
-10.942756306561911,0.7609531776981596,20166,0.3804765888490798,41,hinge_plateau_smooth,recompute_from_transitions
-10.8422513711101,0.7301512686014252,20157,0.3650756343007126,41,hinge_plateau_smooth,recompute_from_transitions
-10.739529586938708,0.7463201707244616,20158,0.3731600853622308,41,hinge_plateau_smooth,recompute_from_transitions
-10.609223905833444,0.7406964957894602,20142,0.3703482478947301,41,hinge_plateau_smooth,recompute_from_transitions
-10.474195928161468,0.7611956410517169,20170,0.38059782052585844,41,hinge_plateau_smooth,recompute_from_transitions
-10.318996496446363,0.7376419845969616,20154,0.3688209922984808,41,hinge_plateau_smooth,recompute_from_transitions
-10.122532716899276,0.6457519664513288,20154,0.3228759832256644,41,hinge_plateau_smooth,recompute_from_transitions
-9.88476890146968,0.6465055061446977,20151,0.32325275307234885,41,hinge_plateau_smooth,recompute_from_transitions
-9.522728298251524,0.5910059609606596,20158,0.2955029804803298,41,hinge_plateau_smooth,recompute_from_transitions
-8.742458139734381,0.41836239119678226,20156,0.20918119559839113,41,hinge_plateau_smooth,recompute_from_transitions
-13.215568615552153,0.39958151703359673,19596,0.19979075851679837,42,hinge_plateau_smooth,recompute_from_transitions
-12.873930922403003,0.30451504839678506,20059,0.15225752419839253,42,hinge_plateau_smooth,recompute_from_transitions
-12.710510913170893,0.40214523185174184,20432,0.20107261592587092,42,hinge_plateau_smooth,recompute_from_transitions
-12.557739569963914,0.4289151114338644,19531,0.2144575557169322,42,hinge_plateau_smooth,recompute_from_transitions
-12.425734488232454,0.3710291132249038,20734,0.1855145566124519,42,hinge_plateau_smooth,recompute_from_transitions
-12.344366331759312,0.48393497246730655,20130,0.24196748623365327,42,hinge_plateau_smooth,recompute_from_transitions
-12.268764180668509,0.4001654480175308,20351,0.2000827240087654,42,hinge_plateau_smooth,recompute_from_transitions
-12.16882174978853,0.5321512503978878,19819,0.2660756251989439,42,hinge_plateau_smooth,recompute_from_transitions
-12.090428487980128,0.469388291699741,20371,0.2346941458498705,42,hinge_plateau_smooth,recompute_from_transitions
-12.020269380207331,0.5987204967278599,20085,0.29936024836392994,42,hinge_plateau_smooth,recompute_from_transitions
-11.944041369378144,0.594750984433509,20000,0.2973754922167545,42,hinge_plateau_smooth,recompute_from_transitions
-11.882657574090215,0.5083778539536291,20218,0.25418892697681456,42,hinge_plateau_smooth,recompute_from_transitions
-11.789251650443314,0.5653738121574204,20164,0.2826869060787102,42,hinge_plateau_smooth,recompute_from_transitions
-11.70504057453058,0.544171063201203,18803,0.2720855316006015,42,hinge_plateau_smooth,recompute_from_transitions
-11.646008415731831,0.535331396381486,21423,0.267665698190743,42,hinge_plateau_smooth,recompute_from_transitions
-11.572058150768047,0.5321100949534183,20003,0.26605504747670916,42,hinge_plateau_smooth,recompute_from_transitions
-11.48589600349763,0.7185111585095709,20085,0.35925557925478546,42,hinge_plateau_smooth,recompute_from_transitions
-11.406282110106478,0.5902763906554631,20127,0.29513819532773156,42,hinge_plateau_smooth,recompute_from_transitions
-11.324135029944886,0.6933808636050979,20357,0.34669043180254894,42,hinge_plateau_smooth,recompute_from_transitions
-11.247500521322724,0.7402860117357235,20125,0.37014300586786175,42,hinge_plateau_smooth,recompute_from_transitions
-11.14878472777463,0.6999156473786153,20110,0.34995782368930767,42,hinge_plateau_smooth,recompute_from_transitions
-11.043021489204277,0.7649857577536322,20077,0.3824928788768161,42,hinge_plateau_smooth,recompute_from_transitions
-10.954508578994927,0.7634267468766526,19941,0.3817133734383263,42,hinge_plateau_smooth,recompute_from_transitions
-10.853348447797908,0.7857669073313801,20384,0.39288345366569005,42,hinge_plateau_smooth,recompute_from_transitions
-10.745029773167234,0.8165247756106809,20098,0.40826238780534047,42,hinge_plateau_smooth,recompute_from_transitions
-10.611414029706172,0.7357391299261059,20088,0.36786956496305295,42,hinge_plateau_smooth,recompute_from_transitions
-10.48043793865795,0.7198459644049163,19703,0.35992298220245816,42,hinge_plateau_smooth,recompute_from_transitions
-10.327441662540098,0.754464827772479,20613,0.3772324138862395,42,hinge_plateau_smooth,recompute_from_transitions
-10.135865406970854,0.691370600310135,20087,0.3456853001550675,42,hinge_plateau_smooth,recompute_from_transitions
-9.898752791819271,0.6156417701978047,20158,0.3078208850989024,42,hinge_plateau_smooth,recompute_from_transitions
-9.547948242437378,0.5816246952023038,20130,0.2908123476011519,42,hinge_plateau_smooth,recompute_from_transitions
-8.793996196111642,0.4300034420573014,20123,0.2150017210286507,42,hinge_plateau_smooth,recompute_from_transitions
-13.215568615552153,0.4052319913412902,19535,0.2026159956706451,43,hinge_plateau_smooth,recompute_from_transitions
-12.873930922403003,0.29909186983300473,20329,0.14954593491650237,43,hinge_plateau_smooth,recompute_from_transitions
-12.713161295167165,0.429744276043656,20057,0.214872138021828,43,hinge_plateau_smooth,recompute_from_transitions
-12.56429868561048,0.4005120731640276,20038,0.2002560365820138,43,hinge_plateau_smooth,recompute_from_transitions
-12.4370002989401,0.3894082516292587,19007,0.19470412581462934,43,hinge_plateau_smooth,recompute_from_transitions
-12.3655093295521,0.41349642431036393,19972,0.20674821215518197,43,hinge_plateau_smooth,recompute_from_transitions
-12.29316104199417,0.4281630093295804,20500,0.2140815046647902,43,hinge_plateau_smooth,recompute_from_transitions
-12.178379711278886,0.5886690651295529,20315,0.29433453256477643,43,hinge_plateau_smooth,recompute_from_transitions
-12.099429290576538,0.4283132585375883,18917,0.21415662926879414,43,hinge_plateau_smooth,recompute_from_transitions
-12.024493812681577,0.4769669300390313,21249,0.23848346501951564,43,hinge_plateau_smooth,recompute_from_transitions
-11.955149926079956,0.4980602743791548,19906,0.2490301371895774,43,hinge_plateau_smooth,recompute_from_transitions
-11.88729016568336,0.5206744063260793,20217,0.26033720316303965,43,hinge_plateau_smooth,recompute_from_transitions
-11.79149679570585,0.5698825435443471,20068,0.28494127177217354,43,hinge_plateau_smooth,recompute_from_transitions
-11.705200610452971,0.562966089592138,19496,0.281483044796069,43,hinge_plateau_smooth,recompute_from_transitions
-11.647230956161389,0.5123429680640633,19972,0.25617148403203166,43,hinge_plateau_smooth,recompute_from_transitions
-11.573072697061152,0.5223217569399331,20504,0.26116087846996655,43,hinge_plateau_smooth,recompute_from_transitions
-11.486781435411398,0.7467926487151174,19887,0.3733963243575587,43,hinge_plateau_smooth,recompute_from_transitions
-11.408038961148335,0.5857382400234508,20171,0.2928691200117254,43,hinge_plateau_smooth,recompute_from_transitions
-11.324302571957787,0.7035409320619067,20106,0.35177046603095335,43,hinge_plateau_smooth,recompute_from_transitions
-11.247500521322724,0.6598341735971568,19967,0.3299170867985784,43,hinge_plateau_smooth,recompute_from_transitions
-11.152986420730496,0.7371658938226149,20026,0.36858294691130744,43,hinge_plateau_smooth,recompute_from_transitions
-11.04498392515269,0.7742933998305505,20048,0.3871466999152752,43,hinge_plateau_smooth,recompute_from_transitions
-10.954524827623962,0.719506532380896,19236,0.359753266190448,43,hinge_plateau_smooth,recompute_from_transitions
-10.849293085122088,0.7662509601839994,20801,0.3831254800919997,43,hinge_plateau_smooth,recompute_from_transitions
-10.742501433065751,0.7318922611195482,19993,0.3659461305597741,43,hinge_plateau_smooth,recompute_from_transitions
-10.610744394179957,0.7169980594237417,20021,0.35849902971187086,43,hinge_plateau_smooth,recompute_from_transitions
-10.474946600291055,0.796218825939219,20009,0.3981094129696095,43,hinge_plateau_smooth,recompute_from_transitions
-10.320234851902422,0.7110851088961302,19932,0.3555425544480651,43,hinge_plateau_smooth,recompute_from_transitions
-10.124486913409832,0.6814185331386945,20106,0.34070926656934725,43,hinge_plateau_smooth,recompute_from_transitions
-9.89208523154534,0.664384218883744,20013,0.332192109441872,43,hinge_plateau_smooth,recompute_from_transitions
-9.534660815128635,0.5699370487683929,20020,0.28496852438419645,43,hinge_plateau_smooth,recompute_from_transitions
-8.761027740099934,0.40911120211504126,20015,0.20455560105752063,43,hinge_plateau_smooth,recompute_from_transitions
-13.215568615552153,0.39255397579622836,20189,0.19627698789811418,44,hinge_plateau_smooth,recompute_from_transitions
-12.89260136157762,0.2992152613546894,20135,0.1496076306773447,44,hinge_plateau_smooth,recompute_from_transitions
-12.713161295167165,0.40492697398794925,20350,0.20246348699397462,44,hinge_plateau_smooth,recompute_from_transitions
-12.557739569963914,0.44660347751412205,20145,0.22330173875706102,44,hinge_plateau_smooth,recompute_from_transitions
-12.42707200617936,0.36137238847042746,20338,0.18068619423521373,44,hinge_plateau_smooth,recompute_from_transitions
-12.357640847696889,0.4934704109799192,19479,0.2467352054899596,44,hinge_plateau_smooth,recompute_from_transitions
-12.27194452041643,0.4448802029900258,20854,0.2224401014950129,44,hinge_plateau_smooth,recompute_from_transitions
-12.172721188636483,0.5061094630107871,20321,0.25305473150539354,44,hinge_plateau_smooth,recompute_from_transitions
-12.090428487980128,0.4520022479278099,20192,0.22600112396390495,44,hinge_plateau_smooth,recompute_from_transitions
-12.020269380207331,0.5874575412330062,20177,0.2937287706165031,44,hinge_plateau_smooth,recompute_from_transitions
-11.952175739666302,0.5336873990015959,20036,0.26684369950079795,44,hinge_plateau_smooth,recompute_from_transitions
-11.87776586195074,0.5112261756728792,20578,0.2556130878364396,44,hinge_plateau_smooth,recompute_from_transitions
-11.779720922693246,0.5813820894666931,20221,0.29069104473334656,44,hinge_plateau_smooth,recompute_from_transitions
-11.698090872057822,0.5790622792879088,20138,0.2895311396439544,44,hinge_plateau_smooth,recompute_from_transitions
-11.632985963597555,0.566863453535226,20035,0.283431726767613,44,hinge_plateau_smooth,recompute_from_transitions
-11.5624399623485,0.5722812620477296,20444,0.2861406310238648,44,hinge_plateau_smooth,recompute_from_transitions
-11.4759946898505,0.6940635873892474,20279,0.3470317936946237,44,hinge_plateau_smooth,recompute_from_transitions
-11.396858955150869,0.5949972629881748,20287,0.2974986314940874,44,hinge_plateau_smooth,recompute_from_transitions
-11.312097935772286,0.663249460281289,20248,0.3316247301406445,44,hinge_plateau_smooth,recompute_from_transitions
-11.236649638993653,0.7330650690681964,20287,0.3665325345340982,44,hinge_plateau_smooth,recompute_from_transitions
-11.135824520249049,0.7785681646074599,20180,0.38928408230372996,44,hinge_plateau_smooth,recompute_from_transitions
-11.037528900142076,0.7243934192778054,20241,0.3621967096389027,44,hinge_plateau_smooth,recompute_from_transitions
-10.939191661008849,0.7934046092317708,20290,0.3967023046158854,44,hinge_plateau_smooth,recompute_from_transitions
-10.837665519612017,0.7132418199438119,20196,0.35662090997190593,44,hinge_plateau_smooth,recompute_from_transitions
-10.73290677063298,0.7695020901557861,20236,0.38475104507789304,44,hinge_plateau_smooth,recompute_from_transitions
-10.605396238724294,0.772111602877422,20283,0.386055801438711,44,hinge_plateau_smooth,recompute_from_transitions
-10.4665924843832,0.7393890479256507,20189,0.36969452396282537,44,hinge_plateau_smooth,recompute_from_transitions
-10.308160680414106,0.7216030235264012,20279,0.3608015117632006,44,hinge_plateau_smooth,recompute_from_transitions
-10.120999403216048,0.6778689878238424,20123,0.3389344939119212,44,hinge_plateau_smooth,recompute_from_transitions
-9.884243846038164,0.6097709469894498,20362,0.3048854734947249,44,hinge_plateau_smooth,recompute_from_transitions
-9.52679614890317,0.5997778413580812,20236,0.2998889206790406,44,hinge_plateau_smooth,recompute_from_transitions
-8.76059961208662,0.43429374671501103,20239,0.21714687335750552,44,hinge_plateau_smooth,recompute_from_transitions
-13.215568615552153,0.3699427085029656,19807,0.1849713542514828,45,hinge_plateau_smooth,recompute_from_transitions
-12.873930922403003,0.2973004957643757,20078,0.14865024788218786,45,hinge_plateau_smooth,recompute_from_transitions
-12.710510913170893,0.4195259222600091,20357,0.20976296113000456,45,hinge_plateau_smooth,recompute_from_transitions
-12.557739569963914,0.4614271296505474,19837,0.2307135648252737,45,hinge_plateau_smooth,recompute_from_transitions
-12.42693850381749,0.39365531383819535,20761,0.19682765691909768,45,hinge_plateau_smooth,recompute_from_transitions
-12.345839520565075,0.4860670283077468,20097,0.2430335141538734,45,hinge_plateau_smooth,recompute_from_transitions
-12.262567968992428,0.43618326013186853,20391,0.21809163006593427,45,hinge_plateau_smooth,recompute_from_transitions
-12.16824338788068,0.5194745111383022,20102,0.2597372555691511,45,hinge_plateau_smooth,recompute_from_transitions
-12.087882405580226,0.48333104802985755,20375,0.24166552401492877,45,hinge_plateau_smooth,recompute_from_transitions
-12.018475195490073,0.5595259827773846,20223,0.2797629913886923,45,hinge_plateau_smooth,recompute_from_transitions
-11.93627780817832,0.5114867720491793,19531,0.2557433860245896,45,hinge_plateau_smooth,recompute_from_transitions
-11.874364012717782,0.5260579371835492,20533,0.2630289685917746,45,hinge_plateau_smooth,recompute_from_transitions
-11.7753186339949,0.5612177245289046,20587,0.2806088622644523,45,hinge_plateau_smooth,recompute_from_transitions
-11.693653725455986,0.5650945123329861,19874,0.28254725616649307,45,hinge_plateau_smooth,recompute_from_transitions
-11.63187735383314,0.5411330536330758,20068,0.2705665268165379,45,hinge_plateau_smooth,recompute_from_transitions
-11.560054385988806,0.5839467380340048,20346,0.2919733690170024,45,hinge_plateau_smooth,recompute_from_transitions
-11.47435486816955,0.7032578829817857,20480,0.35162894149089285,45,hinge_plateau_smooth,recompute_from_transitions
-11.391313608637802,0.5874025791981086,20245,0.2937012895990543,45,hinge_plateau_smooth,recompute_from_transitions
-11.309592512927207,0.6893778001633349,19802,0.34468890008166747,45,hinge_plateau_smooth,recompute_from_transitions
-11.233264470745242,0.7634162554373112,20609,0.3817081277186556,45,hinge_plateau_smooth,recompute_from_transitions
-11.134978797950042,0.7612791230258501,20216,0.38063956151292505,45,hinge_plateau_smooth,recompute_from_transitions
-11.03267490921939,0.7115062226652905,20209,0.35575311133264526,45,hinge_plateau_smooth,recompute_from_transitions
-10.938081619984986,0.7820374498012761,20200,0.39101872490063805,45,hinge_plateau_smooth,recompute_from_transitions
-10.8367255433449,0.754401986131303,20173,0.3772009930656515,45,hinge_plateau_smooth,recompute_from_transitions
-10.732149574034496,0.7623939147623343,20257,0.38119695738116716,45,hinge_plateau_smooth,recompute_from_transitions
-10.60628764496576,0.7437510601481936,20192,0.3718755300740968,45,hinge_plateau_smooth,recompute_from_transitions
-10.46972298573228,0.7288810865466988,20210,0.3644405432733494,45,hinge_plateau_smooth,recompute_from_transitions
-10.311035747312626,0.6771485313122736,20209,0.3385742656561368,45,hinge_plateau_smooth,recompute_from_transitions
-10.117953562631866,0.6281237031876687,20206,0.3140618515938344,45,hinge_plateau_smooth,recompute_from_transitions
-9.878087854739386,0.6645975822214027,20212,0.3322987911107014,45,hinge_plateau_smooth,recompute_from_transitions
-9.510569963272047,0.6015020490820902,20204,0.3007510245410451,45,hinge_plateau_smooth,recompute_from_transitions
-8.719989213167759,0.38379616692089946,20212,0.19189808346044973,45,hinge_plateau_smooth,recompute_from_transitions
-13.215568615552153,0.3699427085029656,20077,0.1849713542514828,46,hinge_plateau_smooth,recompute_from_transitions
-12.873930922403003,0.31501559220116176,20074,0.15750779610058088,46,hinge_plateau_smooth,recompute_from_transitions
-12.713161295167165,0.4259990745244743,20481,0.21299953726223714,46,hinge_plateau_smooth,recompute_from_transitions
-12.561294512689928,0.452688702597604,19693,0.226344351298802,46,hinge_plateau_smooth,recompute_from_transitions
-12.430203708843376,0.3947510733713794,20731,0.1973755366856897,46,hinge_plateau_smooth,recompute_from_transitions
-12.359483944707067,0.4966142563401379,19359,0.24830712817006895,46,hinge_plateau_smooth,recompute_from_transitions
-12.27194452041643,0.4197217434346435,20907,0.20986087171732176,46,hinge_plateau_smooth,recompute_from_transitions
-12.172721188636483,0.5140100924658071,20318,0.25700504623290354,46,hinge_plateau_smooth,recompute_from_transitions
-12.092063728739856,0.5018617849237818,20292,0.2509308924618909,46,hinge_plateau_smooth,recompute_from_transitions
-12.020269380207331,0.5453642438248646,19830,0.2726821219124323,46,hinge_plateau_smooth,recompute_from_transitions
-11.9389012237277,0.5079481026454471,19978,0.25397405132272355,46,hinge_plateau_smooth,recompute_from_transitions
-11.874364012717782,0.5401896463734162,20806,0.2700948231867081,46,hinge_plateau_smooth,recompute_from_transitions
-11.7753186339949,0.5735718198480217,20154,0.2867859099240109,46,hinge_plateau_smooth,recompute_from_transitions
-11.690588433174495,0.5784988112831503,20020,0.28924940564157514,46,hinge_plateau_smooth,recompute_from_transitions
-11.630622471622218,0.5175864149626888,20484,0.2587932074813444,46,hinge_plateau_smooth,recompute_from_transitions
-11.55292189160849,0.6032568403145433,19945,0.30162842015727165,46,hinge_plateau_smooth,recompute_from_transitions
-11.47127918396068,0.7107279525398212,20419,0.3553639762699106,46,hinge_plateau_smooth,recompute_from_transitions
-11.390292185788535,0.5959275539310572,20125,0.2979637769655286,46,hinge_plateau_smooth,recompute_from_transitions
-11.309666618665522,0.6878548618182526,20241,0.3439274309091263,46,hinge_plateau_smooth,recompute_from_transitions
-11.236649638993653,0.7034617002426101,20336,0.35173085012130506,46,hinge_plateau_smooth,recompute_from_transitions
-11.136144703543687,0.7378657793409075,20206,0.36893288967045373,46,hinge_plateau_smooth,recompute_from_transitions
-11.03721295212486,0.695247274935889,20232,0.3476236374679445,46,hinge_plateau_smooth,recompute_from_transitions
-10.939122749662424,0.7724204865993447,20224,0.38621024329967235,46,hinge_plateau_smooth,recompute_from_transitions
-10.839828216152677,0.7202979993601358,20220,0.3601489996800679,46,hinge_plateau_smooth,recompute_from_transitions
-10.732969205460355,0.744608549666756,20208,0.372304274833378,46,hinge_plateau_smooth,recompute_from_transitions
-10.605396238724294,0.7729562291848583,20136,0.38647811459242915,46,hinge_plateau_smooth,recompute_from_transitions
-10.468223059114958,0.7326691728257578,20298,0.3663345864128789,46,hinge_plateau_smooth,recompute_from_transitions
-10.312273330124684,0.7335078755207128,20166,0.3667539377603564,46,hinge_plateau_smooth,recompute_from_transitions
-10.12009974721668,0.6568233105638125,20241,0.32841165528190625,46,hinge_plateau_smooth,recompute_from_transitions
-9.88481943507784,0.6348281535797189,20236,0.31741407678985945,46,hinge_plateau_smooth,recompute_from_transitions
-9.525617249360764,0.5864948980071574,20217,0.2932474490035787,46,hinge_plateau_smooth,recompute_from_transitions
-8.731794138404958,0.40373026116536614,20216,0.20186513058268307,46,hinge_plateau_smooth,recompute_from_transitions
-13.215568615552153,0.3860269045751638,19543,0.1930134522875819,47,hinge_plateau_smooth,recompute_from_transitions
-12.873930922403003,0.3148229480488894,20626,0.1574114740244447,47,hinge_plateau_smooth,recompute_from_transitions
-12.710510913170893,0.4397853057839149,19750,0.21989265289195745,47,hinge_plateau_smooth,recompute_from_transitions
-12.557739569963914,0.43598469365561343,20000,0.21799234682780672,47,hinge_plateau_smooth,recompute_from_transitions
-12.430203708843376,0.36137238847042746,20754,0.18068619423521373,47,hinge_plateau_smooth,recompute_from_transitions
-12.344366331759312,0.46943480280118227,19570,0.23471740140059114,47,hinge_plateau_smooth,recompute_from_transitions
-12.259404166259278,0.4267342561248897,20699,0.21336712806244484,47,hinge_plateau_smooth,recompute_from_transitions
-12.16824338788068,0.5734377827819989,20082,0.28671889139099943,47,hinge_plateau_smooth,recompute_from_transitions
-12.08288377446331,0.49174256442157493,20158,0.24587128221078747,47,hinge_plateau_smooth,recompute_from_transitions
-12.018475195490073,0.567490192253766,19932,0.283745096126883,47,hinge_plateau_smooth,recompute_from_transitions
-11.9353378319113,0.5293898707458986,20049,0.2646949353729493,47,hinge_plateau_smooth,recompute_from_transitions
-11.868147332272631,0.4813810601096627,20468,0.24069053005483135,47,hinge_plateau_smooth,recompute_from_transitions
-11.77444834980632,0.58266174307117,20132,0.291330871535585,47,hinge_plateau_smooth,recompute_from_transitions
-11.689746326192653,0.5950697804436457,19720,0.29753489022182283,47,hinge_plateau_smooth,recompute_from_transitions
-11.630622471622218,0.5423883799604683,20535,0.27119418998023415,47,hinge_plateau_smooth,recompute_from_transitions
-11.552821773928944,0.5741122621304308,20016,0.2870561310652154,47,hinge_plateau_smooth,recompute_from_transitions
-11.467300286848412,0.7003226772831274,20282,0.3501613386415637,47,hinge_plateau_smooth,recompute_from_transitions
-11.389256138960745,0.6187433556703446,20087,0.3093716778351723,47,hinge_plateau_smooth,recompute_from_transitions
-11.306118749873844,0.6941631756715521,19212,0.34708158783577603,47,hinge_plateau_smooth,recompute_from_transitions
-11.233264470745242,0.7205379409087905,21109,0.36026897045439527,47,hinge_plateau_smooth,recompute_from_transitions
-11.130618875778586,0.7457719757534049,20123,0.37288598787670246,47,hinge_plateau_smooth,recompute_from_transitions
-11.030873545631414,0.6756312827812798,20013,0.3378156413906399,47,hinge_plateau_smooth,recompute_from_transitions
-10.935639324676762,0.7969372815151665,20269,0.39846864075758326,47,hinge_plateau_smooth,recompute_from_transitions
-10.830525930182253,0.7561994786159679,19863,0.37809973930798396,47,hinge_plateau_smooth,recompute_from_transitions
-10.725288219638127,0.7899682104178206,20420,0.3949841052089103,47,hinge_plateau_smooth,recompute_from_transitions
-10.59947858346994,0.7809060110162224,20132,0.3904530055081112,47,hinge_plateau_smooth,recompute_from_transitions
-10.463732354788585,0.7011136569147457,20124,0.35055682845737285,47,hinge_plateau_smooth,recompute_from_transitions
-10.3073532919133,0.7230309617149624,20153,0.3615154808574812,47,hinge_plateau_smooth,recompute_from_transitions
-10.11505456060958,0.6419743240534753,20135,0.32098716202673766,47,hinge_plateau_smooth,recompute_from_transitions
-9.867294644240756,0.6156514240013868,20133,0.3078257120006934,47,hinge_plateau_smooth,recompute_from_transitions
-9.513929520767514,0.5884892197575443,20139,0.29424460987877216,47,hinge_plateau_smooth,recompute_from_transitions
-8.728579443076457,0.42561063326602144,20141,0.21280531663301072,47,hinge_plateau_smooth,recompute_from_transitions
-13.215568615552153,0.3835379389825493,20146,0.19176896949127464,48,hinge_plateau_smooth,recompute_from_transitions
-12.873930922403003,0.31688061864400086,20116,0.15844030932200043,48,hinge_plateau_smooth,recompute_from_transitions
-12.710510913170893,0.42041956587530954,20106,0.21020978293765477,48,hinge_plateau_smooth,recompute_from_transitions
-12.557739569963914,0.4211814976799165,20223,0.21059074883995824,48,hinge_plateau_smooth,recompute_from_transitions
-12.42707200617936,0.40238260954888516,20194,0.20119130477444258,48,hinge_plateau_smooth,recompute_from_transitions
-12.357640847696889,0.4966446830188216,19764,0.2483223415094108,48,hinge_plateau_smooth,recompute_from_transitions
-12.271004603021956,0.4240683709479644,20292,0.2120341854739822,48,hinge_plateau_smooth,recompute_from_transitions
-12.170550125429626,0.5450255865234214,20461,0.2725127932617107,48,hinge_plateau_smooth,recompute_from_transitions
-12.090426708733924,0.46482230183731515,20214,0.23241115091865758,48,hinge_plateau_smooth,recompute_from_transitions
-12.020014114773264,0.569161817796621,20277,0.2845809088983105,48,hinge_plateau_smooth,recompute_from_transitions
-11.940863659675935,0.5232370116551608,20273,0.2616185058275804,48,hinge_plateau_smooth,recompute_from_transitions
-11.87771584030389,0.5257963594268708,19937,0.2628981797134354,48,hinge_plateau_smooth,recompute_from_transitions
-11.779720922693246,0.5769779768398307,19943,0.2884889884199153,48,hinge_plateau_smooth,recompute_from_transitions
-11.694795004886643,0.5767665720733796,20512,0.2883832860366898,48,hinge_plateau_smooth,recompute_from_transitions
-11.631477597786429,0.5593834645350544,20225,0.2796917322675272,48,hinge_plateau_smooth,recompute_from_transitions
-11.55898725857929,0.5553438296796444,20227,0.2776719148398222,48,hinge_plateau_smooth,recompute_from_transitions
-11.47435486816955,0.6857729200636459,20233,0.34288646003182294,48,hinge_plateau_smooth,recompute_from_transitions
-11.391313608637802,0.5462839041883274,20194,0.2731419520941637,48,hinge_plateau_smooth,recompute_from_transitions
-11.309518407188891,0.6783950381033356,19956,0.3391975190516678,48,hinge_plateau_smooth,recompute_from_transitions
-11.235036945330286,0.7706836329080607,20398,0.3853418164540304,48,hinge_plateau_smooth,recompute_from_transitions
-11.135824520249049,0.7859606184491887,20157,0.39298030922459437,48,hinge_plateau_smooth,recompute_from_transitions
-11.035137164908225,0.7324037045389008,20240,0.3662018522694504,48,hinge_plateau_smooth,recompute_from_transitions
-10.940527255640315,0.7979858817617715,20233,0.39899294088088577,48,hinge_plateau_smooth,recompute_from_transitions
-10.841289459577933,0.7362780561635823,20147,0.36813902808179116,48,hinge_plateau_smooth,recompute_from_transitions
-10.733172819977208,0.7297784551666271,20231,0.36488922758331355,48,hinge_plateau_smooth,recompute_from_transitions
-10.605396238724294,0.7267000750035533,20187,0.36335003750177663,48,hinge_plateau_smooth,recompute_from_transitions
-10.4665924843832,0.7903589389452309,20177,0.39517946947261545,48,hinge_plateau_smooth,recompute_from_transitions
-10.313457298872548,0.70109612618661,20207,0.350548063093305,48,hinge_plateau_smooth,recompute_from_transitions
-10.118141150161883,0.6537486789168667,20142,0.32687433945843336,48,hinge_plateau_smooth,recompute_from_transitions
-9.882178222098734,0.6668896385390782,20233,0.3334448192695391,48,hinge_plateau_smooth,recompute_from_transitions
-9.51701390074687,0.5969079089446355,20185,0.29845395447231776,48,hinge_plateau_smooth,recompute_from_transitions
-8.743035733721394,0.42448955418184725,20193,0.21224477709092363,48,hinge_plateau_smooth,recompute_from_transitions
-13.215568615552153,0.3879959041276678,19868,0.1939979520638339,49,hinge_plateau_smooth,recompute_from_transitions
-12.873930922403003,0.2946142641092247,19786,0.14730713205461235,49,hinge_plateau_smooth,recompute_from_transitions
-12.710510913170893,0.4105476249559882,20432,0.2052738124779941,49,hinge_plateau_smooth,recompute_from_transitions
-12.557739569963914,0.4576638835982066,19592,0.2288319417991033,49,hinge_plateau_smooth,recompute_from_transitions
-12.42707200617936,0.3960581145239395,20742,0.19802905726196976,49,hinge_plateau_smooth,recompute_from_transitions
-12.357640847696889,0.4912633918077044,19277,0.2456316959038522,49,hinge_plateau_smooth,recompute_from_transitions
-12.27194452041643,0.40770320500601837,20819,0.20385160250300918,49,hinge_plateau_smooth,recompute_from_transitions
-12.172721188636483,0.5311171161127215,20490,0.26555855805636075,49,hinge_plateau_smooth,recompute_from_transitions
-12.094295056472053,0.4542240338802586,20248,0.2271120169401293,49,hinge_plateau_smooth,recompute_from_transitions
-12.020585328224517,0.540922114075946,19956,0.270461057037973,49,hinge_plateau_smooth,recompute_from_transitions
-11.9535036839058,0.5282900235500034,20207,0.2641450117750017,49,hinge_plateau_smooth,recompute_from_transitions
-11.882232770753957,0.5323953149952567,19900,0.26619765749762836,49,hinge_plateau_smooth,recompute_from_transitions
-11.787352136088233,0.5510972662615473,20271,0.27554863313077366,49,hinge_plateau_smooth,recompute_from_transitions
-11.700411993515722,0.5816152028947527,20321,0.29080760144737633,49,hinge_plateau_smooth,recompute_from_transitions
-11.639199354236514,0.5496893611898481,19929,0.27484468059492406,49,hinge_plateau_smooth,recompute_from_transitions
-11.566256985804811,0.5576980327670205,20245,0.27884901638351023,49,hinge_plateau_smooth,recompute_from_transitions
-11.482398110500611,0.7000814127637451,20329,0.35004070638187257,49,hinge_plateau_smooth,recompute_from_transitions
-11.400679185578085,0.5664721614048813,20118,0.28323608070244066,49,hinge_plateau_smooth,recompute_from_transitions
-11.31599863352836,0.695913373357556,20184,0.347956686678778,49,hinge_plateau_smooth,recompute_from_transitions
-11.242190651427638,0.7003677077954359,20098,0.35018385389771794,49,hinge_plateau_smooth,recompute_from_transitions
-11.145488860603283,0.7416960697831001,19647,0.37084803489155005,49,hinge_plateau_smooth,recompute_from_transitions
-11.04390934791117,0.7729259034810689,19527,0.38646295174053447,49,hinge_plateau_smooth,recompute_from_transitions
-10.951389077320938,0.7377864744919361,21298,0.36889323724596806,49,hinge_plateau_smooth,recompute_from_transitions
-10.842420958836232,0.7372935409042483,20143,0.36864677045212413,49,hinge_plateau_smooth,recompute_from_transitions
-10.739286862717018,0.8312758367275298,20116,0.4156379183637649,49,hinge_plateau_smooth,recompute_from_transitions
-10.607951237360746,0.7776363871688579,20166,0.38881819358442893,49,hinge_plateau_smooth,recompute_from_transitions
-10.470683493765392,0.744610247921117,20139,0.3723051239605585,49,hinge_plateau_smooth,recompute_from_transitions
-10.31996939583773,0.7299050856228144,20148,0.3649525428114072,49,hinge_plateau_smooth,recompute_from_transitions
-10.123747196959428,0.6665546554503381,20145,0.33327732772516905,49,hinge_plateau_smooth,recompute_from_transitions
-9.894810011322614,0.6256658294684752,20138,0.3128329147342376,49,hinge_plateau_smooth,recompute_from_transitions
-9.535661436897296,0.5916164843391515,20146,0.29580824216957574,49,hinge_plateau_smooth,recompute_from_transitions
-8.765868451125055,0.42739065273051025,20146,0.21369532636525512,49,hinge_plateau_smooth,recompute_from_transitions
-13.215568615552153,0.3811964992143298,19895,0.1905982496071649,50,hinge_plateau_smooth,recompute_from_transitions
-12.873930922403003,0.2970819636275492,20411,0.1485409818137746,50,hinge_plateau_smooth,recompute_from_transitions
-12.710510913170893,0.4179683153155203,19719,0.20898415765776016,50,hinge_plateau_smooth,recompute_from_transitions
-12.557739569963914,0.4415407949480492,20648,0.2207703974740246,50,hinge_plateau_smooth,recompute_from_transitions
-12.42394030351534,0.36906278529300557,20116,0.18453139264650278,50,hinge_plateau_smooth,recompute_from_transitions
-12.344366331759312,0.49727542205796593,19995,0.24863771102898297,50,hinge_plateau_smooth,recompute_from_transitions
-12.259404166259278,0.43858249465507343,20064,0.21929124732753671,50,hinge_plateau_smooth,recompute_from_transitions
-12.16882174978853,0.5286580142206497,20201,0.26432900711032487,50,hinge_plateau_smooth,recompute_from_transitions
-12.090022719704764,0.4728930185034309,20439,0.23644650925171545,50,hinge_plateau_smooth,recompute_from_transitions
-12.020014114773264,0.5488645648282057,20065,0.27443228241410283,50,hinge_plateau_smooth,recompute_from_transitions
-11.9353378319113,0.5629320685070205,20447,0.28146603425351024,50,hinge_plateau_smooth,recompute_from_transitions
-11.869512111875922,0.4977400529579016,19970,0.2488700264789508,50,hinge_plateau_smooth,recompute_from_transitions
-11.774463507830706,0.5425409920755881,20391,0.2712704960377941,50,hinge_plateau_smooth,recompute_from_transitions
-11.693993985161324,0.562491118034499,19853,0.2812455590172495,50,hinge_plateau_smooth,recompute_from_transitions
-11.631477597786429,0.5343386324842638,19996,0.2671693162421319,50,hinge_plateau_smooth,recompute_from_transitions
-11.555614332910292,0.5819964159380415,20685,0.29099820796902076,50,hinge_plateau_smooth,recompute_from_transitions
-11.472250732243731,0.6888778138386352,20028,0.3444389069193176,50,hinge_plateau_smooth,recompute_from_transitions
-11.389922351020727,0.5748733748146135,20345,0.28743668740730677,50,hinge_plateau_smooth,recompute_from_transitions
-11.305066207500134,0.681726010900169,19394,0.3408630054500845,50,hinge_plateau_smooth,recompute_from_transitions
-11.233264470745242,0.7191388960880641,20951,0.35956944804403207,50,hinge_plateau_smooth,recompute_from_transitions
-11.131173369585747,0.7509988295339495,20224,0.37549941476697474,50,hinge_plateau_smooth,recompute_from_transitions
-11.030873545631414,0.7153989722236921,20135,0.35769948611184604,50,hinge_plateau_smooth,recompute_from_transitions
-10.935808156761802,0.8361875819167979,20155,0.41809379095839894,50,hinge_plateau_smooth,recompute_from_transitions
-10.832404610865524,0.7788559198745528,20113,0.3894279599372764,50,hinge_plateau_smooth,recompute_from_transitions
-10.730359412163743,0.7581547273367562,20175,0.3790773636683781,50,hinge_plateau_smooth,recompute_from_transitions
-10.602856248321832,0.7537089608186991,20282,0.37685448040934955,50,hinge_plateau_smooth,recompute_from_transitions
-10.466467141926897,0.7306476330333824,20229,0.3653238165166912,50,hinge_plateau_smooth,recompute_from_transitions
-10.31053498035772,0.6846699702598101,20188,0.34233498512990507,50,hinge_plateau_smooth,recompute_from_transitions
-10.12010814399278,0.6371119761290792,20139,0.3185559880645396,50,hinge_plateau_smooth,recompute_from_transitions
-9.882252268863049,0.6183220865219778,20210,0.3091610432609889,50,hinge_plateau_smooth,recompute_from_transitions
-9.519656036813316,0.5933427051708314,20208,0.2966713525854157,50,hinge_plateau_smooth,recompute_from_transitions
-8.73822792839262,0.40458950668088,20184,0.20229475334044,50,hinge_plateau_smooth,recompute_from_transitions
-13.215568615552153,0.36642814604060603,20163,0.18321407302030301,51,hinge_plateau_smooth,recompute_from_transitions
-12.89260136157762,0.321594489563179,20041,0.1607972447815895,51,hinge_plateau_smooth,recompute_from_transitions
-12.713161295167165,0.42094932498448856,20331,0.21047466249224428,51,hinge_plateau_smooth,recompute_from_transitions
-12.557739569963914,0.44543754198921764,20116,0.22271877099460882,51,hinge_plateau_smooth,recompute_from_transitions
-12.430203708843376,0.3777039269031399,20326,0.18885196345156996,51,hinge_plateau_smooth,recompute_from_transitions
-12.358968791936285,0.5003504187323771,19446,0.25017520936618853,51,hinge_plateau_smooth,recompute_from_transitions
-12.27194452041643,0.42320153888035056,20793,0.21160076944017528,51,hinge_plateau_smooth,recompute_from_transitions
-12.176686744812724,0.508289801339687,20369,0.2541449006698435,51,hinge_plateau_smooth,recompute_from_transitions
-12.09601677586819,0.4817356959923547,20179,0.24086784799617736,51,hinge_plateau_smooth,recompute_from_transitions
-12.02160689815435,0.5060178359103678,20106,0.2530089179551839,51,hinge_plateau_smooth,recompute_from_transitions
-11.952175739666302,0.5623775843921968,19986,0.2811887921960984,51,hinge_plateau_smooth,recompute_from_transitions
-11.878512914472651,0.5029887544681385,20512,0.25149437723406926,51,hinge_plateau_smooth,recompute_from_transitions
-11.78090710457824,0.5898364275448508,20192,0.2949182137724254,51,hinge_plateau_smooth,recompute_from_transitions
-11.69676292781828,0.5684821186981648,20087,0.2842410593490824,51,hinge_plateau_smooth,recompute_from_transitions
-11.63187735383314,0.5577494620845808,20308,0.2788747310422904,51,hinge_plateau_smooth,recompute_from_transitions
-11.55898725857929,0.5833300017799002,19888,0.2916650008899501,51,hinge_plateau_smooth,recompute_from_transitions
-11.475674569324926,0.6878588630660554,20365,0.3439294315330277,51,hinge_plateau_smooth,recompute_from_transitions
-11.39687553923386,0.5947079011164896,20376,0.2973539505582448,51,hinge_plateau_smooth,recompute_from_transitions
-11.313724978901204,0.6612719629340006,20243,0.3306359814670003,51,hinge_plateau_smooth,recompute_from_transitions
-11.23804599180979,0.6888079590987659,20075,0.34440397954938295,51,hinge_plateau_smooth,recompute_from_transitions
-11.138540710803264,0.7769156015346087,20254,0.38845780076730435,51,hinge_plateau_smooth,recompute_from_transitions
-11.034916119647551,0.6969679386126704,20258,0.3484839693063352,51,hinge_plateau_smooth,recompute_from_transitions
-10.93873017332951,0.810337921809856,20196,0.405168960904928,51,hinge_plateau_smooth,recompute_from_transitions
-10.836139422319883,0.7281763144953035,20214,0.36408815724765176,51,hinge_plateau_smooth,recompute_from_transitions
-10.72698954180975,0.7715514438537643,20215,0.38577572192688214,51,hinge_plateau_smooth,recompute_from_transitions
-10.599641427358415,0.7513576431316654,20171,0.3756788215658327,51,hinge_plateau_smooth,recompute_from_transitions
-10.464110201140274,0.7497485846125335,20161,0.37487429230626673,51,hinge_plateau_smooth,recompute_from_transitions
-10.309109456392578,0.7245684691028037,20277,0.36228423455140185,51,hinge_plateau_smooth,recompute_from_transitions
-10.117953562631866,0.666834292817893,20200,0.3334171464089465,51,hinge_plateau_smooth,recompute_from_transitions
-9.88123440540288,0.6141703761903758,20202,0.3070851880951879,51,hinge_plateau_smooth,recompute_from_transitions
-9.524610928222607,0.5719051622611641,20204,0.28595258113058203,51,hinge_plateau_smooth,recompute_from_transitions
-8.767185469396042,0.4163200048924072,20202,0.2081600024462036,51,hinge_plateau_smooth,recompute_from_transitions
-13.215568615552153,0.38233533423525495,19994,0.19116766711762748,52,hinge_plateau_smooth,recompute_from_transitions
-12.873930922403003,0.296503335747424,20024,0.148251667873712,52,hinge_plateau_smooth,recompute_from_transitions
-12.710510913170893,0.4096669996281004,20127,0.2048334998140502,52,hinge_plateau_smooth,recompute_from_transitions
-12.557739569963914,0.4457452969839933,20177,0.22287264849199664,52,hinge_plateau_smooth,recompute_from_transitions
-12.430203708843376,0.3880636747714954,20147,0.1940318373857477,52,hinge_plateau_smooth,recompute_from_transitions
-12.358968791936285,0.48465728790296686,19897,0.24232864395148343,52,hinge_plateau_smooth,recompute_from_transitions
-12.27907382426767,0.4036889948395108,19395,0.2018444974197554,52,hinge_plateau_smooth,recompute_from_transitions
-12.1775056187353,0.5327762565719136,20998,0.2663881282859568,52,hinge_plateau_smooth,recompute_from_transitions
-12.09601677586819,0.4565282262957216,20106,0.2282641131478608,52,hinge_plateau_smooth,recompute_from_transitions
-12.0215568765075,0.5583129402246738,20203,0.2791564701123369,52,hinge_plateau_smooth,recompute_from_transitions
-11.952175739666302,0.5463936159404454,19709,0.2731968079702227,52,hinge_plateau_smooth,recompute_from_transitions
-11.878512914472651,0.47956964877496483,20500,0.23978482438748241,52,hinge_plateau_smooth,recompute_from_transitions
-11.783203234333312,0.5600745498345304,19815,0.2800372749172652,52,hinge_plateau_smooth,recompute_from_transitions
-11.703895298808222,0.5527113025803299,18377,0.2763556512901649,52,hinge_plateau_smooth,recompute_from_transitions
-11.641448838260333,0.5930067002873657,22055,0.29650335014368284,52,hinge_plateau_smooth,recompute_from_transitions
-11.566220267292575,0.5569502591634122,20178,0.2784751295817061,52,hinge_plateau_smooth,recompute_from_transitions
-11.477832531920148,0.6804766265230731,20104,0.34023831326153653,52,hinge_plateau_smooth,recompute_from_transitions
-11.39687553923386,0.586941889271228,20086,0.293470944635614,52,hinge_plateau_smooth,recompute_from_transitions
-11.313724978901204,0.70019684323183,19962,0.350098421615915,52,hinge_plateau_smooth,recompute_from_transitions
-11.240543307661747,0.7613052497393167,20139,0.38065262486965834,52,hinge_plateau_smooth,recompute_from_transitions
-11.140207845159958,0.7242326731180639,20110,0.36211633655903197,52,hinge_plateau_smooth,recompute_from_transitions
-11.037375796013333,0.701130923200681,20166,0.3505654616003405,52,hinge_plateau_smooth,recompute_from_transitions
-10.941731271225589,0.8055975950814025,20153,0.40279879754070125,52,hinge_plateau_smooth,recompute_from_transitions
-10.841289459577933,0.7230560911258359,20143,0.36152804556291795,52,hinge_plateau_smooth,recompute_from_transitions
-10.739286862717018,0.7844863149639817,20114,0.39224315748199085,52,hinge_plateau_smooth,recompute_from_transitions
-10.609223905833444,0.7262792175379514,20090,0.3631396087689757,52,hinge_plateau_smooth,recompute_from_transitions
-10.478844406620416,0.7722203949146639,19729,0.38611019745733194,52,hinge_plateau_smooth,recompute_from_transitions
-10.326479751007907,0.7314904523686532,20501,0.3657452261843266,52,hinge_plateau_smooth,recompute_from_transitions
-10.128924999934062,0.6613127731790804,20088,0.3306563865895402,52,hinge_plateau_smooth,recompute_from_transitions
-9.890904802968604,0.6368695521754012,20127,0.3184347760877006,52,hinge_plateau_smooth,recompute_from_transitions
-9.535661436897296,0.5984888792420141,20106,0.29924443962100705,52,hinge_plateau_smooth,recompute_from_transitions
-8.772124553905408,0.4097271998528855,20109,0.20486359992644276,52,hinge_plateau_smooth,recompute_from_transitions
-13.215568615552153,0.4000505973695284,19828,0.2000252986847642,53,hinge_plateau_smooth,recompute_from_transitions
-12.873930922403003,0.32309394072183545,20235,0.16154697036091772,53,hinge_plateau_smooth,recompute_from_transitions
-12.710510913170893,0.42347173565631957,20396,0.21173586782815979,53,hinge_plateau_smooth,recompute_from_transitions
-12.557739569963914,0.4531996419214669,19323,0.22659982096073344,53,hinge_plateau_smooth,recompute_from_transitions
-12.425734488232454,0.3854695890807055,20983,0.19273479454035275,53,hinge_plateau_smooth,recompute_from_transitions
-12.344366331759312,0.47060274127255025,19732,0.23530137063627513,53,hinge_plateau_smooth,recompute_from_transitions
-12.26153494564515,0.45255106407295265,20333,0.22627553203647632,53,hinge_plateau_smooth,recompute_from_transitions
-12.16882174978853,0.5327075925138923,20403,0.26635379625694616,53,hinge_plateau_smooth,recompute_from_transitions
-12.090426708733924,0.47444621038455415,20002,0.23722310519227707,53,hinge_plateau_smooth,recompute_from_transitions
-12.020014114773264,0.5536888909199467,19898,0.27684444545997333,53,hinge_plateau_smooth,recompute_from_transitions
-11.9389012237277,0.5053393538391728,20528,0.2526696769195864,53,hinge_plateau_smooth,recompute_from_transitions
-11.877632359588858,0.49782142283829267,19866,0.24891071141914634,53,hinge_plateau_smooth,recompute_from_transitions
-11.779720922693246,0.5761284846246637,20478,0.28806424231233185,53,hinge_plateau_smooth,recompute_from_transitions
-11.698243294090917,0.5538004740222094,19841,0.2769002370111047,53,hinge_plateau_smooth,recompute_from_transitions
-11.632985963597555,0.5501724484907932,20435,0.2750862242453966,53,hinge_plateau_smooth,recompute_from_transitions
-11.562286858219766,0.5814164335893373,20262,0.29070821679466863,53,hinge_plateau_smooth,recompute_from_transitions
-11.475674569324926,0.7015318291120582,20028,0.3507659145560291,53,hinge_plateau_smooth,recompute_from_transitions
-11.396858955150869,0.5837240363731981,20214,0.29186201818659907,53,hinge_plateau_smooth,recompute_from_transitions
-11.313724978901204,0.6783227760204245,20229,0.33916138801021223,53,hinge_plateau_smooth,recompute_from_transitions
-11.2376486736877,0.7315620878277556,19955,0.3657810439138778,53,hinge_plateau_smooth,recompute_from_transitions
-11.13801962927137,0.7690394604391358,20365,0.3845197302195679,53,hinge_plateau_smooth,recompute_from_transitions
-11.036190739580691,0.7309020180349526,20167,0.3654510090174763,53,hinge_plateau_smooth,recompute_from_transitions
-10.939135941604924,0.7693874461019665,20151,0.38469372305098326,53,hinge_plateau_smooth,recompute_from_transitions
-10.833311298642188,0.7538515628848643,20173,0.37692578144243216,53,hinge_plateau_smooth,recompute_from_transitions
-10.72992052311288,0.7427767867726122,20011,0.3713883933863061,53,hinge_plateau_smooth,recompute_from_transitions
-10.603680276425932,0.7354113966950483,20304,0.36770569834752415,53,hinge_plateau_smooth,recompute_from_transitions
-10.4665924843832,0.768434830888292,20156,0.384217415444146,53,hinge_plateau_smooth,recompute_from_transitions
-10.307130847313886,0.7371174460682501,20159,0.36855872303412507,53,hinge_plateau_smooth,recompute_from_transitions
-10.117254083480727,0.6605435037327577,20165,0.33027175186637886,53,hinge_plateau_smooth,recompute_from_transitions
-9.874782702985051,0.6363964219763185,20165,0.31819821098815926,53,hinge_plateau_smooth,recompute_from_transitions
-9.510957457635005,0.6044610509943409,20159,0.30223052549717044,53,hinge_plateau_smooth,recompute_from_transitions
-8.731983357431279,0.41885808756157794,20160,0.20942904378078897,53,hinge_plateau_smooth,recompute_from_transitions
-13.215568615552153,0.3845607221251865,19716,0.19228036106259325,54,hinge_plateau_smooth,recompute_from_transitions
-12.873930922403003,0.320277516616475,20292,0.1601387583082375,54,hinge_plateau_smooth,recompute_from_transitions
-12.710510913170893,0.4071298011469,20200,0.20356490057345,54,hinge_plateau_smooth,recompute_from_transitions
-12.561294512689928,0.45607214330112356,19601,0.22803607165056178,54,hinge_plateau_smooth,recompute_from_transitions
-12.430203708843376,0.3910776128214459,20557,0.19553880641072294,54,hinge_plateau_smooth,recompute_from_transitions
-12.358968791936285,0.5264021638842363,19437,0.26320108194211816,54,hinge_plateau_smooth,recompute_from_transitions
-12.27194452041643,0.42552520341622024,20705,0.21276260170811012,54,hinge_plateau_smooth,recompute_from_transitions
-12.175059099136428,0.5345011885461158,20126,0.2672505942730579,54,hinge_plateau_smooth,recompute_from_transitions
-12.092063728739856,0.4953327098022729,19974,0.24766635490113645,54,hinge_plateau_smooth,recompute_from_transitions
-12.02160689815435,0.5345091489132914,19952,0.2672545744566457,54,hinge_plateau_smooth,recompute_from_transitions
-11.952175739666302,0.5647800987532116,20113,0.2823900493766058,54,hinge_plateau_smooth,recompute_from_transitions
-11.882657574090215,0.5068658157698612,19822,0.2534329078849306,54,hinge_plateau_smooth,recompute_from_transitions
-11.787352136088233,0.6144366228179909,20477,0.30721831140899547,54,hinge_plateau_smooth,recompute_from_transitions
-11.700411993515722,0.5791228162938421,20052,0.28956140814692105,54,hinge_plateau_smooth,recompute_from_transitions
-11.63550930058812,0.5568850127006515,19849,0.27844250635032575,54,hinge_plateau_smooth,recompute_from_transitions
-11.565573145207466,0.5657857806616968,20398,0.2828928903308484,54,hinge_plateau_smooth,recompute_from_transitions
-11.477832531920148,0.6961982447233126,20084,0.3480991223616563,54,hinge_plateau_smooth,recompute_from_transitions
-11.397984148998304,0.5965307669902777,20021,0.29826538349513887,54,hinge_plateau_smooth,recompute_from_transitions
-11.31599863352836,0.7066930267332238,19921,0.3533465133666119,54,hinge_plateau_smooth,recompute_from_transitions
-11.242190651427638,0.7529454637338693,20124,0.37647273186693464,54,hinge_plateau_smooth,recompute_from_transitions
-11.146052620481314,0.7403257818480612,20029,0.3701628909240306,54,hinge_plateau_smooth,recompute_from_transitions
-11.043021489204277,0.7734751628153301,20175,0.38673758140766507,54,hinge_plateau_smooth,recompute_from_transitions
-10.954508578994927,0.7692230126437146,19607,0.3846115063218573,54,hinge_plateau_smooth,recompute_from_transitions
-10.852059725246898,0.7706330343862348,20687,0.3853165171931174,54,hinge_plateau_smooth,recompute_from_transitions
-10.741927673070345,0.7844744278798521,20081,0.39223721393992605,54,hinge_plateau_smooth,recompute_from_transitions
-10.614768037538008,0.7794732258908953,19613,0.38973661294544765,54,hinge_plateau_smooth,recompute_from_transitions
-10.483719407671169,0.680068018996578,20469,0.340034009498289,54,hinge_plateau_smooth,recompute_from_transitions
-10.32685463184288,0.740112229901358,20167,0.370056114950679,54,hinge_plateau_smooth,recompute_from_transitions
-10.133693292416938,0.7018372938704323,20082,0.3509186469352161,54,hinge_plateau_smooth,recompute_from_transitions
-9.894810011322614,0.6224489301650052,20081,0.3112244650825026,54,hinge_plateau_smooth,recompute_from_transitions
-9.530426479834537,0.5881081103127872,20079,0.2940540551563936,54,hinge_plateau_smooth,recompute_from_transitions
-8.776925933321518,0.41817588098591113,20082,0.20908794049295557,54,hinge_plateau_smooth,recompute_from_transitions
-13.215568615552153,0.38924095515582785,19858,0.19462047757791393,55,hinge_plateau_smooth,recompute_from_transitions
-12.873930922403003,0.30467317391497767,19951,0.15233658695748883,55,hinge_plateau_smooth,recompute_from_transitions
-12.710510913170893,0.3993985467648315,20253,0.19969927338241575,55,hinge_plateau_smooth,recompute_from_transitions
-12.557739569963914,0.452633133191356,19430,0.226316566595678,55,hinge_plateau_smooth,recompute_from_transitions
-12.42707200617936,0.383017290197544,21085,0.191508645098772,55,hinge_plateau_smooth,recompute_from_transitions
-12.344366331759312,0.46387764008855503,19998,0.23193882004427752,55,hinge_plateau_smooth,recompute_from_transitions
-12.268666397113726,0.4258093882270685,20043,0.21290469411353424,55,hinge_plateau_smooth,recompute_from_transitions
-12.170550125429626,0.5690090776873792,20230,0.2845045388436896,55,hinge_plateau_smooth,recompute_from_transitions
-12.090426708733924,0.47795285931180587,20079,0.23897642965590293,55,hinge_plateau_smooth,recompute_from_transitions
-12.020269380207331,0.5770569309346123,19803,0.28852846546730615,55,hinge_plateau_smooth,recompute_from_transitions
-11.9389012237277,0.5238426260075159,20380,0.2619213130037579,55,hinge_plateau_smooth,recompute_from_transitions
-11.875100399764182,0.5553009064321885,20103,0.2776504532160943,55,hinge_plateau_smooth,recompute_from_transitions
-11.775718390041606,0.619307670492076,20290,0.309653835246038,55,hinge_plateau_smooth,recompute_from_transitions
-11.692195560076485,0.5752087977207504,19644,0.2876043988603752,55,hinge_plateau_smooth,recompute_from_transitions
-11.631477597786429,0.5658738334301349,20097,0.28293691671506743,55,hinge_plateau_smooth,recompute_from_transitions
-11.562020808875555,0.6016694603704303,20230,0.30083473018521517,55,hinge_plateau_smooth,recompute_from_transitions
-11.475096207417025,0.7375024310164457,20517,0.3687512155082229,55,hinge_plateau_smooth,recompute_from_transitions
-11.394735225109134,0.5738893634399593,20106,0.28694468171997967,55,hinge_plateau_smooth,recompute_from_transitions
-11.313724978901204,0.6997762923071085,20012,0.34988814615355424,55,hinge_plateau_smooth,recompute_from_transitions
-11.238794001964392,0.6744871028267261,20238,0.33724355141336304,55,hinge_plateau_smooth,recompute_from_transitions
-11.138540710803264,0.8175827320047697,20069,0.40879136600238486,55,hinge_plateau_smooth,recompute_from_transitions
-11.040777645246568,0.7878201039109033,19151,0.39391005195545165,55,hinge_plateau_smooth,recompute_from_transitions
-10.951389077320938,0.7292694613740744,20938,0.3646347306870372,55,hinge_plateau_smooth,recompute_from_transitions
-10.845392354066492,0.7184907975176783,20289,0.35924539875883915,55,hinge_plateau_smooth,recompute_from_transitions
-10.739132219543766,0.7833805033128824,20175,0.3916902516564412,55,hinge_plateau_smooth,recompute_from_transitions
-10.609634515810844,0.6939240457577582,20077,0.3469620228788791,55,hinge_plateau_smooth,recompute_from_transitions
-10.477004711617903,0.7196511426604898,20156,0.3598255713302449,55,hinge_plateau_smooth,recompute_from_transitions
-10.326479751007907,0.7158650877752154,20121,0.3579325438876077,55,hinge_plateau_smooth,recompute_from_transitions
-10.138114737216616,0.6687619868176305,20120,0.3343809934088153,55,hinge_plateau_smooth,recompute_from_transitions
-9.902660229041649,0.66275157420947,20097,0.331375787104735,55,hinge_plateau_smooth,recompute_from_transitions
-9.549746875380446,0.5851194291848756,20142,0.2925597145924378,55,hinge_plateau_smooth,recompute_from_transitions
-8.771723209704529,0.4178766234821422,20121,0.2089383117410711,55,hinge_plateau_smooth,recompute_from_transitions
-13.215568615552153,0.38475103698396224,19995,0.19237551849198112,56,hinge_plateau_smooth,recompute_from_transitions
-12.873930922403003,0.28974942759660255,19869,0.14487471379830127,56,hinge_plateau_smooth,recompute_from_transitions
-12.713161295167165,0.4292565875157781,20061,0.21462829375788905,56,hinge_plateau_smooth,recompute_from_transitions
-12.557739569963914,0.4426248112391641,19894,0.22131240561958204,56,hinge_plateau_smooth,recompute_from_transitions
-12.430203708843376,0.3958159214386767,20728,0.19790796071933836,56,hinge_plateau_smooth,recompute_from_transitions
-12.357640847696889,0.4850259562664555,19236,0.24251297813322775,56,hinge_plateau_smooth,recompute_from_transitions
-12.27194452041643,0.42537160960133874,20463,0.21268580480066937,56,hinge_plateau_smooth,recompute_from_transitions
-12.172496213217798,0.5523234880857872,20584,0.2761617440428936,56,hinge_plateau_smooth,recompute_from_transitions
-12.091131329469109,0.49009598583104635,20278,0.24504799291552318,56,hinge_plateau_smooth,recompute_from_transitions
-12.020269380207331,0.5620895863098253,19887,0.28104479315491265,56,hinge_plateau_smooth,recompute_from_transitions
-11.952175739666302,0.5524179315547706,19615,0.2762089657773853,56,hinge_plateau_smooth,recompute_from_transitions
-11.87776586195074,0.47963686141651807,20520,0.23981843070825903,56,hinge_plateau_smooth,recompute_from_transitions
-11.779720922693246,0.6059979025578653,20286,0.30299895127893267,56,hinge_plateau_smooth,recompute_from_transitions
-11.698243294090917,0.5778320843394221,20221,0.28891604216971106,56,hinge_plateau_smooth,recompute_from_transitions
-11.633373685047093,0.5766258377982516,20042,0.2883129188991258,56,hinge_plateau_smooth,recompute_from_transitions
-11.566256985804811,0.5711900771977664,19960,0.2855950385988832,56,hinge_plateau_smooth,recompute_from_transitions
-11.482398110500611,0.7075707673019936,20569,0.3537853836509968,56,hinge_plateau_smooth,recompute_from_transitions
-11.400765642166997,0.5445914523495141,20120,0.27229572617475706,56,hinge_plateau_smooth,recompute_from_transitions
-11.320862267583465,0.692263166583488,20089,0.346131583291744,56,hinge_plateau_smooth,recompute_from_transitions
-11.24297480003879,0.7050822344208221,20156,0.35254111721041104,56,hinge_plateau_smooth,recompute_from_transitions
-11.14637187543543,0.7368502781419536,20058,0.3684251390709768,56,hinge_plateau_smooth,recompute_from_transitions
-11.04498392515269,0.7911210060532715,20077,0.39556050302663576,56,hinge_plateau_smooth,recompute_from_transitions
-10.954524827623962,0.7290917653744649,19668,0.3645458826872324,56,hinge_plateau_smooth,recompute_from_transitions
-10.85201496744116,0.7728761703078572,20712,0.3864380851539286,56,hinge_plateau_smooth,recompute_from_transitions
-10.7434824635781,0.7700567471536202,20172,0.3850283735768101,56,hinge_plateau_smooth,recompute_from_transitions
-10.611414029706172,0.732096879274956,20075,0.366048439637478,56,hinge_plateau_smooth,recompute_from_transitions
-10.47240718395007,0.7435824606904462,20170,0.3717912303452231,56,hinge_plateau_smooth,recompute_from_transitions
-10.318996496446363,0.7166498670352554,20137,0.3583249335176277,56,hinge_plateau_smooth,recompute_from_transitions
-10.12549750817792,0.678317650307937,20135,0.3391588251539685,56,hinge_plateau_smooth,recompute_from_transitions
-9.894810011322614,0.6186136133867325,20136,0.30930680669336624,56,hinge_plateau_smooth,recompute_from_transitions
-9.535661436897296,0.5982811093669156,20130,0.2991405546834578,56,hinge_plateau_smooth,recompute_from_transitions
-8.774305812455895,0.3983716558289858,20131,0.1991858279144929,56,hinge_plateau_smooth,recompute_from_transitions
-13.215568615552153,0.4166520959404517,19667,0.20832604797022586,57,hinge_plateau_smooth,recompute_from_transitions
-12.873930922403003,0.31253414769832183,20091,0.15626707384916091,57,hinge_plateau_smooth,recompute_from_transitions
-12.710510913170893,0.43209337363342054,20481,0.21604668681671027,57,hinge_plateau_smooth,recompute_from_transitions
-12.557739569963914,0.4565309998297937,19550,0.22826549991489686,57,hinge_plateau_smooth,recompute_from_transitions
-12.42693850381749,0.38003787026629887,20640,0.19001893513314944,57,hinge_plateau_smooth,recompute_from_transitions
-12.343295217411509,0.4980498160209101,20220,0.24902490801045504,57,hinge_plateau_smooth,recompute_from_transitions
-12.268666397113726,0.44106006819916316,19970,0.22053003409958158,57,hinge_plateau_smooth,recompute_from_transitions
-12.16824338788068,0.5605454198536358,20020,0.2802727099268179,57,hinge_plateau_smooth,recompute_from_transitions
-12.08288377446331,0.5037146064713248,20360,0.2518573032356624,57,hinge_plateau_smooth,recompute_from_transitions
-12.018475195490073,0.5768534246396724,19713,0.2884267123198362,57,hinge_plateau_smooth,recompute_from_transitions
-11.9389012237277,0.5079149159535237,19738,0.25395745797676184,57,hinge_plateau_smooth,recompute_from_transitions
-11.875100399764182,0.46449191907858134,20883,0.23224595953929067,57,hinge_plateau_smooth,recompute_from_transitions
-11.779007633472585,0.5580297679366629,20104,0.27901488396833146,57,hinge_plateau_smooth,recompute_from_transitions
-11.69496517078791,0.6064760946861725,20175,0.30323804734308624,57,hinge_plateau_smooth,recompute_from_transitions
-11.63187735383314,0.5794173209076642,19775,0.2897086604538321,57,hinge_plateau_smooth,recompute_from_transitions
-11.5624399623485,0.5853570741375317,20418,0.29267853706876584,57,hinge_plateau_smooth,recompute_from_transitions
-11.477746959837445,0.6905045821066867,20015,0.3452522910533434,57,hinge_plateau_smooth,recompute_from_transitions
-11.396858955150869,0.581523828986727,20314,0.2907619144933635,57,hinge_plateau_smooth,recompute_from_transitions
-11.310205091153964,0.703569337485471,20022,0.3517846687427355,57,hinge_plateau_smooth,recompute_from_transitions
-11.236649638993653,0.7513077861428685,19958,0.37565389307143426,57,hinge_plateau_smooth,recompute_from_transitions
-11.13801962927137,0.7375404426941521,20364,0.36877022134707604,57,hinge_plateau_smooth,recompute_from_transitions
-11.034495238748876,0.7283994441748695,20126,0.36419972208743473,57,hinge_plateau_smooth,recompute_from_transitions
-10.938549734849497,0.7858299673386199,20128,0.39291498366930994,57,hinge_plateau_smooth,recompute_from_transitions
-10.836533016296649,0.7437071818590525,20138,0.37185359092952625,57,hinge_plateau_smooth,recompute_from_transitions
-10.73290677063298,0.8166256131172959,20116,0.40831280655864793,57,hinge_plateau_smooth,recompute_from_transitions
-10.605396238724294,0.7638325112088363,19980,0.38191625560441816,57,hinge_plateau_smooth,recompute_from_transitions
-10.467572993485724,0.7417702616521406,20235,0.3708851308260703,57,hinge_plateau_smooth,recompute_from_transitions
-10.313916304577177,0.713398919557348,20161,0.356699459778674,57,hinge_plateau_smooth,recompute_from_transitions
-10.122532716899276,0.6423704833513721,20116,0.3211852416756861,57,hinge_plateau_smooth,recompute_from_transitions
-9.888166460605309,0.6522139861871885,20123,0.32610699309359426,57,hinge_plateau_smooth,recompute_from_transitions
-9.534721610232332,0.5667215979945633,20106,0.28336079899728167,57,hinge_plateau_smooth,recompute_from_transitions
-8.747211444119637,0.40442379844865634,20136,0.20221189922432817,57,hinge_plateau_smooth,recompute_from_transitions
-13.215568615552153,0.3966708983924488,20058,0.1983354491962244,58,hinge_plateau_smooth,recompute_from_transitions
-12.873930922403003,0.3088547735856351,19961,0.15442738679281756,58,hinge_plateau_smooth,recompute_from_transitions
-12.710510913170893,0.41076152366145874,20129,0.20538076183072937,58,hinge_plateau_smooth,recompute_from_transitions
-12.557739569963914,0.4512231097485737,19811,0.22561155487428686,58,hinge_plateau_smooth,recompute_from_transitions
-12.430203708843376,0.3983827485375635,20432,0.19919137426878175,58,hinge_plateau_smooth,recompute_from_transitions
-12.357640847696889,0.4934578042720302,19430,0.2467289021360151,58,hinge_plateau_smooth,recompute_from_transitions
-12.27194452041643,0.42601244638168834,20348,0.21300622319084417,58,hinge_plateau_smooth,recompute_from_transitions
-12.176686744812724,0.5387566905682686,20487,0.2693783452841343,58,hinge_plateau_smooth,recompute_from_transitions
-12.091131329469109,0.46547947260478845,20132,0.23273973630239422,58,hinge_plateau_smooth,recompute_from_transitions
-12.020014114773264,0.5334227097540064,19736,0.2667113548770032,58,hinge_plateau_smooth,recompute_from_transitions
-11.940863659675935,0.524747530469295,20202,0.2623737652346475,58,hinge_plateau_smooth,recompute_from_transitions
-11.875100399764182,0.49284704991177014,20365,0.24642352495588507,58,hinge_plateau_smooth,recompute_from_transitions
-11.779007633472585,0.5398810798544781,19674,0.26994053992723904,58,hinge_plateau_smooth,recompute_from_transitions
-11.696198028609832,0.547033023924444,20516,0.273516511962222,58,hinge_plateau_smooth,recompute_from_transitions
-11.63187735383314,0.5345938561055577,19973,0.2672969280527788,58,hinge_plateau_smooth,recompute_from_transitions
-11.5624399623485,0.5926654333741668,20031,0.2963327166870834,58,hinge_plateau_smooth,recompute_from_transitions
-11.477746959837445,0.6817428278250498,20289,0.3408714139125249,58,hinge_plateau_smooth,recompute_from_transitions
-11.396858955150869,0.610751333681919,20068,0.3053756668409595,58,hinge_plateau_smooth,recompute_from_transitions
-11.313724978901204,0.6715158285910763,20070,0.33575791429553814,58,hinge_plateau_smooth,recompute_from_transitions
-11.238757283452156,0.7064214670888043,20093,0.35321073354440213,58,hinge_plateau_smooth,recompute_from_transitions
-11.135824520249049,0.7398439397352989,20123,0.36992196986764947,58,hinge_plateau_smooth,recompute_from_transitions
-11.032850230599228,0.6873436890021929,20080,0.34367184450109645,58,hinge_plateau_smooth,recompute_from_transitions
-10.937475291118515,0.791709616525909,20082,0.3958548082629545,58,hinge_plateau_smooth,recompute_from_transitions
-10.835684413667456,0.7750790323861435,20002,0.38753951619307175,58,hinge_plateau_smooth,recompute_from_transitions
-10.732149574034496,0.7710279437623592,20092,0.3855139718811796,58,hinge_plateau_smooth,recompute_from_transitions
-10.603978656322251,0.756715405429952,20205,0.378357702714976,58,hinge_plateau_smooth,recompute_from_transitions
-10.464110201140276,0.7182788226614272,20111,0.3591394113307136,58,hinge_plateau_smooth,recompute_from_transitions
-10.308160680414106,0.7192153782397575,20093,0.3596076891198787,58,hinge_plateau_smooth,recompute_from_transitions
-10.114947508460531,0.6649312014363288,20075,0.3324656007181644,58,hinge_plateau_smooth,recompute_from_transitions
-9.873965767097214,0.6167206057098154,20109,0.3083603028549077,58,hinge_plateau_smooth,recompute_from_transitions
-9.515515895702144,0.5596326708938705,20095,0.27981633544693524,58,hinge_plateau_smooth,recompute_from_transitions
-8.776554967326094,0.4166997288446155,20093,0.20834986442230774,58,hinge_plateau_smooth,recompute_from_transitions
-13.215568615552153,0.420130853814747,20053,0.2100654269073735,59,hinge_plateau_smooth,recompute_from_transitions
-12.873930922403003,0.30205342715300704,20108,0.15102671357650352,59,hinge_plateau_smooth,recompute_from_transitions
-12.710510913170893,0.406598936078457,19907,0.2032994680392285,59,hinge_plateau_smooth,recompute_from_transitions
-12.557739569963914,0.4878431145284318,20049,0.2439215572642159,59,hinge_plateau_smooth,recompute_from_transitions
-12.425734488232454,0.3849209420007334,20556,0.1924604710003667,59,hinge_plateau_smooth,recompute_from_transitions
-12.345839520565075,0.5044641746381885,20204,0.25223208731909424,59,hinge_plateau_smooth,recompute_from_transitions
-12.268764180668509,0.42769333581324237,19553,0.21384666790662119,59,hinge_plateau_smooth,recompute_from_transitions
-12.172721188636483,0.5190256906723808,20654,0.2595128453361904,59,hinge_plateau_smooth,recompute_from_transitions
-12.091168047981338,0.44852460221024737,20221,0.22426230110512368,59,hinge_plateau_smooth,recompute_from_transitions
-12.020014114773264,0.5659784395671678,20095,0.2829892197835839,59,hinge_plateau_smooth,recompute_from_transitions
-11.952175739666302,0.5520041958482467,19753,0.27600209792412334,59,hinge_plateau_smooth,recompute_from_transitions
-11.878512914472651,0.49088791610208976,20573,0.24544395805104488,59,hinge_plateau_smooth,recompute_from_transitions
-11.779720922693246,0.5609206253846691,20320,0.28046031269233457,59,hinge_plateau_smooth,recompute_from_transitions
-11.698243294090917,0.5701943285177717,19976,0.28509716425888587,59,hinge_plateau_smooth,recompute_from_transitions
-11.632985963597555,0.581027468352339,19855,0.2905137341761695,59,hinge_plateau_smooth,recompute_from_transitions
-11.562286858219766,0.5623496436218196,20640,0.2811748218109098,59,hinge_plateau_smooth,recompute_from_transitions
-11.472300753890586,0.6785477900384624,20147,0.3392738950192312,59,hinge_plateau_smooth,recompute_from_transitions
-11.390292185788535,0.5691644533102402,20165,0.2845822266551201,59,hinge_plateau_smooth,recompute_from_transitions
-11.309518407188891,0.6932287641850786,19291,0.3466143820925393,59,hinge_plateau_smooth,recompute_from_transitions
-11.235036945330286,0.7224383620468832,20897,0.3612191810234416,59,hinge_plateau_smooth,recompute_from_transitions
-11.133561742330786,0.7264755290082442,20264,0.3632377645041221,59,hinge_plateau_smooth,recompute_from_transitions
-11.030873545631414,0.7712789721452767,20184,0.38563948607263837,59,hinge_plateau_smooth,recompute_from_transitions
-10.934882128078284,0.7849206560917474,20157,0.3924603280458737,59,hinge_plateau_smooth,recompute_from_transitions
-10.833458185538005,0.7163328806385207,19991,0.35816644031926037,59,hinge_plateau_smooth,recompute_from_transitions
-10.726473315552202,0.786683924740977,20351,0.3933419623704885,59,hinge_plateau_smooth,recompute_from_transitions
-10.595842752855896,0.7355790401477147,20161,0.36778952007385735,59,hinge_plateau_smooth,recompute_from_transitions
-10.4577573407984,0.7523601073591728,20157,0.3761800536795864,59,hinge_plateau_smooth,recompute_from_transitions
-10.302824385374327,0.7392246739736109,20159,0.36961233698680546,59,hinge_plateau_smooth,recompute_from_transitions
-10.11458281379431,0.7107009106920849,20031,0.3553504553460424,59,hinge_plateau_smooth,recompute_from_transitions
-9.864746724200458,0.5780891844173048,20262,0.2890445922086524,59,hinge_plateau_smooth,recompute_from_transitions
-9.495640083061067,0.5557877662340177,20183,0.27789388311700886,59,hinge_plateau_smooth,recompute_from_transitions
-8.716413862879667,0.39135487137087827,20161,0.19567743568543913,59,hinge_plateau_smooth,recompute_from_transitions
-13.215568615552153,0.4056402532853517,20047,0.20282012664267585,60,hinge_plateau_smooth,recompute_from_transitions
-12.883829499865389,0.31366466451797703,20100,0.15683233225898852,60,hinge_plateau_smooth,recompute_from_transitions
-12.713161295167165,0.44341852860722275,19909,0.22170926430361138,60,hinge_plateau_smooth,recompute_from_transitions
-12.557739569963914,0.44679638850599385,19828,0.22339819425299692,60,hinge_plateau_smooth,recompute_from_transitions
-12.42707200617936,0.40312287009817654,20601,0.20156143504908827,60,hinge_plateau_smooth,recompute_from_transitions
-12.354531645334946,0.49973433588521027,19016,0.24986716794260513,60,hinge_plateau_smooth,recompute_from_transitions
-12.271004603021956,0.4329722642485129,21125,0.21648613212425644,60,hinge_plateau_smooth,recompute_from_transitions
-12.172721188636483,0.533223643361298,20105,0.266611821680649,60,hinge_plateau_smooth,recompute_from_transitions
-12.094295056472053,0.44473452169694117,20155,0.22236726084847058,60,hinge_plateau_smooth,recompute_from_transitions
-12.020269380207331,0.5542862285855202,20160,0.2771431142927601,60,hinge_plateau_smooth,recompute_from_transitions
-11.949066537304118,0.5198614900485053,19454,0.2599307450242527,60,hinge_plateau_smooth,recompute_from_transitions
-11.878512914472651,0.47850185712644006,20729,0.23925092856322003,60,hinge_plateau_smooth,recompute_from_transitions
-11.783203234333312,0.5681553059678683,20018,0.28407765298393417,60,hinge_plateau_smooth,recompute_from_transitions
-11.700411993515722,0.5683003021826288,20033,0.2841501510913144,60,hinge_plateau_smooth,recompute_from_transitions
-11.63302268210979,0.5207601879353614,20106,0.2603800939676807,60,hinge_plateau_smooth,recompute_from_transitions
-11.564931219048146,0.5629329430011484,20265,0.2814664715005742,60,hinge_plateau_smooth,recompute_from_transitions
-11.477326917975253,0.6760072264749466,20050,0.3380036132374733,60,hinge_plateau_smooth,recompute_from_transitions
-11.396858955150869,0.6043769647917533,20046,0.30218848239587665,60,hinge_plateau_smooth,recompute_from_transitions
-11.313724978901204,0.6621818516249822,20229,0.3310909258124911,60,hinge_plateau_smooth,recompute_from_transitions
-11.23804599180979,0.781213416741034,19999,0.390606708370517,60,hinge_plateau_smooth,recompute_from_transitions
-11.135824520249049,0.7446470958614053,20149,0.37232354793070266,60,hinge_plateau_smooth,recompute_from_transitions
-11.03196617062918,0.694539633151142,20188,0.347269816575571,60,hinge_plateau_smooth,recompute_from_transitions
-10.93717335452184,0.7924590543713932,20033,0.3962295271856966,60,hinge_plateau_smooth,recompute_from_transitions
-10.835833080480954,0.72269816885388,20117,0.36134908442694,60,hinge_plateau_smooth,recompute_from_transitions
-10.73290677063298,0.7595079515222815,20148,0.3797539757611407,60,hinge_plateau_smooth,recompute_from_transitions
-10.602929518577609,0.765538161557212,20114,0.382769080778606,60,hinge_plateau_smooth,recompute_from_transitions
-10.4665924843832,0.7096395005367503,20115,0.35481975026837514,60,hinge_plateau_smooth,recompute_from_transitions
-10.308547123309364,0.7086994797725894,20100,0.3543497398862947,60,hinge_plateau_smooth,recompute_from_transitions
-10.114804849596664,0.658874004784681,20113,0.3294370023923405,60,hinge_plateau_smooth,recompute_from_transitions
-9.869053775323575,0.616208270053522,20108,0.308104135026761,60,hinge_plateau_smooth,recompute_from_transitions
-9.501110697390056,0.5916582547143749,20092,0.29582912735718747,60,hinge_plateau_smooth,recompute_from_transitions
-8.7060541847154,0.39794359433501514,20121,0.19897179716750757,60,hinge_plateau_smooth,recompute_from_transitions
-13.215568615552153,0.4051284426898064,19772,0.2025642213449032,61,hinge_plateau_smooth,recompute_from_transitions
-12.873930922403003,0.31552733227556823,20185,0.15776366613778411,61,hinge_plateau_smooth,recompute_from_transitions
-12.710510913170893,0.42515444558690246,20004,0.21257722279345123,61,hinge_plateau_smooth,recompute_from_transitions
-12.557739569963914,0.4486514404888892,20199,0.2243257202444446,61,hinge_plateau_smooth,recompute_from_transitions
-12.430203708843376,0.3752235833136412,19993,0.1876117916568206,61,hinge_plateau_smooth,recompute_from_transitions
-12.359483944707067,0.5093826144981514,19697,0.2546913072490757,61,hinge_plateau_smooth,recompute_from_transitions
-12.27194452041643,0.4224092053440272,20558,0.2112046026720136,61,hinge_plateau_smooth,recompute_from_transitions
-12.172721188636483,0.5402991998704287,20229,0.27014959993521437,61,hinge_plateau_smooth,recompute_from_transitions
-12.090428487980128,0.4631248499468058,20314,0.2315624249734029,61,hinge_plateau_smooth,recompute_from_transitions
-12.020014114773264,0.5577618849767096,20120,0.2788809424883548,61,hinge_plateau_smooth,recompute_from_transitions
-11.942322571118074,0.5784473621025837,19422,0.28922368105129187,61,hinge_plateau_smooth,recompute_from_transitions
-11.878512914472651,0.5118275235798043,20824,0.25591376178990216,61,hinge_plateau_smooth,recompute_from_transitions
-11.779720922693246,0.5980115732903032,19897,0.2990057866451516,61,hinge_plateau_smooth,recompute_from_transitions
-11.698243294090917,0.5577849444128613,20316,0.27889247220643065,61,hinge_plateau_smooth,recompute_from_transitions
-11.63302268210979,0.5760488916147753,19746,0.2880244458073877,61,hinge_plateau_smooth,recompute_from_transitions
-11.566256985804811,0.5589099806259502,20342,0.2794549903129751,61,hinge_plateau_smooth,recompute_from_transitions
-11.482398110500611,0.6628898633778518,20210,0.3314449316889259,61,hinge_plateau_smooth,recompute_from_transitions
-11.398020867510535,0.5690501726555945,20101,0.28452508632779727,61,hinge_plateau_smooth,recompute_from_transitions
-11.318588359198673,0.6770711990457045,20165,0.3385355995228522,61,hinge_plateau_smooth,recompute_from_transitions
-11.24176584809135,0.7875625542257155,20072,0.39378127711285776,61,hinge_plateau_smooth,recompute_from_transitions
-11.146891884326545,0.7345823907035899,19779,0.36729119535179494,61,hinge_plateau_smooth,recompute_from_transitions
-11.04390934791117,0.7872054262236814,19870,0.3936027131118407,61,hinge_plateau_smooth,recompute_from_transitions
-10.951856600484067,0.7434560926135542,20702,0.3717280463067771,61,hinge_plateau_smooth,recompute_from_transitions
-10.842936803343862,0.7069961195353757,20114,0.35349805976768783,61,hinge_plateau_smooth,recompute_from_transitions
-10.738781576784085,0.7544174575503854,20127,0.3772087287751927,61,hinge_plateau_smooth,recompute_from_transitions
-10.607951237360746,0.736276573116498,20109,0.368138286558249,61,hinge_plateau_smooth,recompute_from_transitions
-10.4685728085922,0.7589413135287211,20080,0.37947065676436054,61,hinge_plateau_smooth,recompute_from_transitions
-10.316499114369469,0.7465605370354924,20150,0.3732802685177462,61,hinge_plateau_smooth,recompute_from_transitions
-10.117953562631866,0.6953728124777177,20109,0.3476864062388588,61,hinge_plateau_smooth,recompute_from_transitions
-9.882235027171532,0.6031547226739536,20093,0.3015773613369768,61,hinge_plateau_smooth,recompute_from_transitions
-9.52679614890317,0.5768402444666325,20127,0.28842012223331626,61,hinge_plateau_smooth,recompute_from_transitions
-8.767840514514152,0.4225327489826326,20114,0.2112663744913163,61,hinge_plateau_smooth,recompute_from_transitions
-13.215568615552153,0.3835379389825493,20078,0.19176896949127464,62,hinge_plateau_smooth,recompute_from_transitions
-12.883829499865389,0.2951561978154919,19910,0.14757809890774595,62,hinge_plateau_smooth,recompute_from_transitions
-12.710510913170893,0.4160075090174185,20204,0.20800375450870925,62,hinge_plateau_smooth,recompute_from_transitions
-12.561294512689928,0.4613755624409246,19858,0.2306877812204623,62,hinge_plateau_smooth,recompute_from_transitions
-12.430203708843376,0.38002863743363247,20599,0.19001431871681623,62,hinge_plateau_smooth,recompute_from_transitions
-12.358968791936285,0.4912633918077044,20178,0.2456316959038522,62,hinge_plateau_smooth,recompute_from_transitions
-12.27194452041643,0.4235395720779664,19923,0.2117697860389832,62,hinge_plateau_smooth,recompute_from_transitions
-12.176686744812724,0.5311878965625866,20386,0.2655939482812933,62,hinge_plateau_smooth,recompute_from_transitions
-12.097660668124831,0.4621757111002211,20134,0.23108785555011055,62,hinge_plateau_smooth,recompute_from_transitions
-12.02436563316836,0.543442405877738,19560,0.271721202938869,62,hinge_plateau_smooth,recompute_from_transitions
-11.955149926079956,0.49808075392720497,20186,0.24904037696360248,62,hinge_plateau_smooth,recompute_from_transitions
-11.88729016568336,0.5086411029021637,20239,0.25432055145108184,62,hinge_plateau_smooth,recompute_from_transitions
-11.79149679570585,0.5519984989653929,20720,0.27599924948269644,62,hinge_plateau_smooth,recompute_from_transitions
-11.7058618450852,0.541673244968338,19245,0.270836622484169,62,hinge_plateau_smooth,recompute_from_transitions
-11.64556303626818,0.561592851109664,21060,0.280796425554832,62,hinge_plateau_smooth,recompute_from_transitions
-11.572058150768047,0.5407470820970887,20128,0.27037354104854433,62,hinge_plateau_smooth,recompute_from_transitions
-11.486766277387012,0.7470331938641073,19858,0.37351659693205363,62,hinge_plateau_smooth,recompute_from_transitions
-11.410780539235937,0.5657161688339905,20389,0.2828580844169952,62,hinge_plateau_smooth,recompute_from_transitions
-11.327420906056126,0.6943979501967384,20180,0.3471989750983692,62,hinge_plateau_smooth,recompute_from_transitions
-11.247500521322724,0.7018127494076632,20178,0.3509063747038316,62,hinge_plateau_smooth,recompute_from_transitions
-11.152968852609597,0.7268102019666882,20156,0.3634051009833441,62,hinge_plateau_smooth,recompute_from_transitions
-11.04498392515269,0.8284620839660282,20143,0.4142310419830141,62,hinge_plateau_smooth,recompute_from_transitions
-10.954524827623962,0.7496617638860389,19514,0.37483088194301944,62,hinge_plateau_smooth,recompute_from_transitions
-10.849293085122088,0.745945169373805,20802,0.3729725846869025,62,hinge_plateau_smooth,recompute_from_transitions
-10.741927673070345,0.7462091536453072,20153,0.3731045768226536,62,hinge_plateau_smooth,recompute_from_transitions
-10.611919026980804,0.7295662412797812,20148,0.3647831206398906,62,hinge_plateau_smooth,recompute_from_transitions
-10.48160014245952,0.7301263850860072,20179,0.3650631925430036,62,hinge_plateau_smooth,recompute_from_transitions
-10.330532511192924,0.720219603148856,20126,0.360109801574428,62,hinge_plateau_smooth,recompute_from_transitions
-10.134308372837118,0.6611919908839785,20144,0.33059599544198925,62,hinge_plateau_smooth,recompute_from_transitions
-9.898503990602476,0.6113286024731784,20186,0.3056643012365892,62,hinge_plateau_smooth,recompute_from_transitions
-9.531455865381943,0.6100335815330932,20148,0.3050167907665466,62,hinge_plateau_smooth,recompute_from_transitions
-8.762859886485558,0.4176285801796038,20159,0.2088142900898019,62,hinge_plateau_smooth,recompute_from_transitions
-13.215568615552153,0.3901233423955091,19674,0.19506167119775455,63,hinge_plateau_smooth,recompute_from_transitions
-12.873930922403003,0.30742608451783293,20310,0.15371304225891647,63,hinge_plateau_smooth,recompute_from_transitions
-12.710510913170893,0.40773855674026194,20006,0.20386927837013097,63,hinge_plateau_smooth,recompute_from_transitions
-12.557739569963914,0.44293371231464107,19426,0.22146685615732054,63,hinge_plateau_smooth,recompute_from_transitions
-12.425734488232454,0.3861468591704208,20807,0.1930734295852104,63,hinge_plateau_smooth,recompute_from_transitions
-12.354842102407222,0.5199873495953828,19357,0.2599936747976914,63,hinge_plateau_smooth,recompute_from_transitions
-12.271004603021956,0.42785225469036997,20544,0.21392612734518499,63,hinge_plateau_smooth,recompute_from_transitions
-12.175059099136428,0.5308627255703571,20353,0.26543136278517854,63,hinge_plateau_smooth,recompute_from_transitions
-12.097660668124831,0.4640914860603605,19643,0.23204574303018025,63,hinge_plateau_smooth,recompute_from_transitions
-12.02436563316836,0.5434658295344426,20234,0.2717329147672213,63,hinge_plateau_smooth,recompute_from_transitions
-11.949066537304118,0.5409364287715799,19968,0.27046821438578994,63,hinge_plateau_smooth,recompute_from_transitions
-11.878512914472651,0.4719645978690585,20382,0.23598229893452924,63,hinge_plateau_smooth,recompute_from_transitions
-11.783203234333312,0.5825759544186423,19901,0.29128797720932115,63,hinge_plateau_smooth,recompute_from_transitions
-11.70504057453058,0.5468843971494911,18537,0.27344219857474555,63,hinge_plateau_smooth,recompute_from_transitions
-11.64351532495663,0.5104255591139724,21450,0.2552127795569862,63,hinge_plateau_smooth,recompute_from_transitions
-11.566220267292575,0.5423295657607122,20014,0.2711647828803561,63,hinge_plateau_smooth,recompute_from_transitions
-11.481825057623665,0.6632494602887749,20409,0.3316247301443874,63,hinge_plateau_smooth,recompute_from_transitions
-11.40248416262389,0.5933244916383265,20042,0.29666224581916323,63,hinge_plateau_smooth,recompute_from_transitions
-11.319248021247011,0.6767073861601074,20101,0.3383536930800537,63,hinge_plateau_smooth,recompute_from_transitions
-11.245286622108551,0.7734813122348719,19936,0.38674065611743597,63,hinge_plateau_smooth,recompute_from_transitions
-11.147397764333364,0.7145444984413948,19929,0.3572722492206974,63,hinge_plateau_smooth,recompute_from_transitions
-11.043021489204277,0.7898347439185476,19854,0.3949173719592738,63,hinge_plateau_smooth,recompute_from_transitions
-10.954369270042028,0.780316344024519,19954,0.3901581720122595,63,hinge_plateau_smooth,recompute_from_transitions
-10.851218909813545,0.7591067852885488,20592,0.3795533926442744,63,hinge_plateau_smooth,recompute_from_transitions
-10.745029773167234,0.7562009786340369,20105,0.37810048931701845,63,hinge_plateau_smooth,recompute_from_transitions
-10.616371226669743,0.783202099075105,19725,0.3916010495375525,63,hinge_plateau_smooth,recompute_from_transitions
-10.48429356000256,0.7666291569376331,20032,0.38331457846881656,63,hinge_plateau_smooth,recompute_from_transitions
-10.32856616413819,0.7392120117830495,20430,0.36960600589152476,63,hinge_plateau_smooth,recompute_from_transitions
-10.135865406970854,0.702245507289906,20057,0.351122753644953,63,hinge_plateau_smooth,recompute_from_transitions
-9.896320465654602,0.6467386877268829,20066,0.32336934386344146,63,hinge_plateau_smooth,recompute_from_transitions
-9.53190250914934,0.5504994839502548,20061,0.2752497419751274,63,hinge_plateau_smooth,recompute_from_transitions
-8.779820279291998,0.4125298726946147,20062,0.20626493634730736,63,hinge_plateau_smooth,recompute_from_transitions
-13.215568615552153,0.38666661127172414,19700,0.19333330563586207,64,hinge_plateau_smooth,recompute_from_transitions
-12.873930922403003,0.3070160476440495,19842,0.15350802382202475,64,hinge_plateau_smooth,recompute_from_transitions
-12.710510913170893,0.40011756157146044,19929,0.20005878078573022,64,hinge_plateau_smooth,recompute_from_transitions
-12.557739569963914,0.4380581418290548,20944,0.2190290709145274,64,hinge_plateau_smooth,recompute_from_transitions
-12.42394030351534,0.37535778034595296,19976,0.18767889017297648,64,hinge_plateau_smooth,recompute_from_transitions
-12.344366331759312,0.4816167212198398,19725,0.2408083606099199,64,hinge_plateau_smooth,recompute_from_transitions
-12.25936744774705,0.43102633145721747,20770,0.21551316572860874,64,hinge_plateau_smooth,recompute_from_transitions
-12.16824338788068,0.540481323692435,19842,0.2702406618462175,64,hinge_plateau_smooth,recompute_from_transitions
-12.08288377446331,0.473095225938052,20469,0.236547612969026,64,hinge_plateau_smooth,recompute_from_transitions
-12.018475195490073,0.5920636537946108,20066,0.2960318268973054,64,hinge_plateau_smooth,recompute_from_transitions
-11.93627780817832,0.5220739306804414,19442,0.2610369653402207,64,hinge_plateau_smooth,recompute_from_transitions
-11.874364012717782,0.5135635950440767,20906,0.25678179752203834,64,hinge_plateau_smooth,recompute_from_transitions
-11.7753186339949,0.6019331886191198,20146,0.3009665943095599,64,hinge_plateau_smooth,recompute_from_transitions
-11.691230359333806,0.6010944884894304,20106,0.3005472442447152,64,hinge_plateau_smooth,recompute_from_transitions
-11.630622471622218,0.5656387235379052,19965,0.2828193617689526,64,hinge_plateau_smooth,recompute_from_transitions
-11.56135957424332,0.5760139070679194,20028,0.2880069535339597,64,hinge_plateau_smooth,recompute_from_transitions
-11.475096207417025,0.6636739446119385,20443,0.33183697230596926,64,hinge_plateau_smooth,recompute_from_transitions
-11.39155751540672,0.6048000923894767,20078,0.30240004619473837,64,hinge_plateau_smooth,recompute_from_transitions
-11.308488412418376,0.6885640496077737,19809,0.34428202480388687,64,hinge_plateau_smooth,recompute_from_transitions
-11.235036945330286,0.7514072825410517,20341,0.37570364127052586,64,hinge_plateau_smooth,recompute_from_transitions
-11.135824520249049,0.7463658639149421,20317,0.37318293195747104,64,hinge_plateau_smooth,recompute_from_transitions
-11.031159115567675,0.7197627698240939,20044,0.35988138491204696,64,hinge_plateau_smooth,recompute_from_transitions
-10.938697946326126,0.8043459908884891,20165,0.40217299544424456,64,hinge_plateau_smooth,recompute_from_transitions
-10.8367255433449,0.7302107495962831,19863,0.36510537479814154,64,hinge_plateau_smooth,recompute_from_transitions
-10.730657440387269,0.7614319831594321,20375,0.38071599157971603,64,hinge_plateau_smooth,recompute_from_transitions
-10.601672081302093,0.7518017570166168,20248,0.3759008785083084,64,hinge_plateau_smooth,recompute_from_transitions
-10.461380219112606,0.7505168289197436,20080,0.3752584144598718,64,hinge_plateau_smooth,recompute_from_transitions
-10.308160680414106,0.7365740976065955,20172,0.36828704880329777,64,hinge_plateau_smooth,recompute_from_transitions
-10.117050997186537,0.6658844112223771,20155,0.33294220561118854,64,hinge_plateau_smooth,recompute_from_transitions
-9.877158749970793,0.6270826789542336,20093,0.3135413394771168,64,hinge_plateau_smooth,recompute_from_transitions
-9.517425832361258,0.5873789671014201,20177,0.29368948355071006,64,hinge_plateau_smooth,recompute_from_transitions
-8.786747288837283,0.4231562611406363,20140,0.21157813057031816,64,hinge_plateau_smooth,recompute_from_transitions
-13.215568615552153,0.37441409568687944,19126,0.18720704784343972,65,hinge_plateau_smooth,recompute_from_transitions
-12.89260136157762,0.3214643206410678,20905,0.1607321603205339,65,hinge_plateau_smooth,recompute_from_transitions
-12.710510913170893,0.4079354807248864,20009,0.2039677403624432,65,hinge_plateau_smooth,recompute_from_transitions
-12.557739569963914,0.4671689681943714,19534,0.2335844840971857,65,hinge_plateau_smooth,recompute_from_transitions
-12.430203708843376,0.38832886976538955,20669,0.19416443488269478,65,hinge_plateau_smooth,recompute_from_transitions
-12.357640847696889,0.49867487078992356,19307,0.24933743539496178,65,hinge_plateau_smooth,recompute_from_transitions
-12.269892584028424,0.462363785003444,21108,0.231181892501722,65,hinge_plateau_smooth,recompute_from_transitions
-12.16882174978853,0.5135203680656077,20183,0.2567601840328039,65,hinge_plateau_smooth,recompute_from_transitions
-12.090426708733924,0.43163574672720606,19953,0.21581787336360303,65,hinge_plateau_smooth,recompute_from_transitions
-12.020014114773264,0.5625443565523719,19974,0.28127217827618595,65,hinge_plateau_smooth,recompute_from_transitions
-11.9389012237277,0.5202982198213713,20264,0.2601491099106856,65,hinge_plateau_smooth,recompute_from_transitions
-11.87776586195074,0.5129751232265232,19953,0.2564875616132616,65,hinge_plateau_smooth,recompute_from_transitions
-11.775718390041606,0.5390766539719986,20355,0.2695383269859993,65,hinge_plateau_smooth,recompute_from_transitions
-11.692195560076485,0.589231277770277,20107,0.2946156388851385,65,hinge_plateau_smooth,recompute_from_transitions
-11.630622471622218,0.5413432737590603,19561,0.27067163687953016,65,hinge_plateau_smooth,recompute_from_transitions
-11.56135957424332,0.5855974683283935,20705,0.29279873416419677,65,hinge_plateau_smooth,recompute_from_transitions
-11.47505948890479,0.7031100141080204,19730,0.3515550070540102,65,hinge_plateau_smooth,recompute_from_transitions
-11.39155751540672,0.603739818068887,20493,0.3018699090344435,65,hinge_plateau_smooth,recompute_from_transitions
-11.313724978901204,0.6901054159228247,19967,0.34505270796141235,65,hinge_plateau_smooth,recompute_from_transitions
-11.239608058176168,0.677414897857369,20247,0.3387074489286845,65,hinge_plateau_smooth,recompute_from_transitions
-11.141062971324208,0.7540706332295537,19974,0.37703531661477685,65,hinge_plateau_smooth,recompute_from_transitions
-11.037645942581964,0.7442046626263844,20223,0.3721023313131922,65,hinge_plateau_smooth,recompute_from_transitions
-10.939191661008849,0.787237284712611,20128,0.3936186423563055,65,hinge_plateau_smooth,recompute_from_transitions
-10.838856313283149,0.7301512686014252,20075,0.3650756343007126,65,hinge_plateau_smooth,recompute_from_transitions
-10.73492841950894,0.7791029288798904,20086,0.3895514644399452,65,hinge_plateau_smooth,recompute_from_transitions
-10.607510185395409,0.7495022675470031,20070,0.37475113377350155,65,hinge_plateau_smooth,recompute_from_transitions
-10.47005684173348,0.7249197745792756,20199,0.3624598872896378,65,hinge_plateau_smooth,recompute_from_transitions
-10.318996496446363,0.7315095125151215,20105,0.36575475625756076,65,hinge_plateau_smooth,recompute_from_transitions
-10.122532716899276,0.660889001193407,20111,0.3304445005967035,65,hinge_plateau_smooth,recompute_from_transitions
-9.891002391976368,0.6230621214295969,20108,0.31153106071479847,65,hinge_plateau_smooth,recompute_from_transitions
-9.53248630267137,0.5742769753806081,20090,0.28713848769030403,65,hinge_plateau_smooth,recompute_from_transitions
-8.788759107167587,0.4210889186806201,20127,0.21054445934031005,65,hinge_plateau_smooth,recompute_from_transitions
-13.215568615552153,0.4121583134393377,19912,0.20607915671966884,66,hinge_plateau_smooth,recompute_from_transitions
-12.873930922403003,0.308661979088624,19905,0.154330989544312,66,hinge_plateau_smooth,recompute_from_transitions
-12.710510913170893,0.4194824071005976,20709,0.2097412035502988,66,hinge_plateau_smooth,recompute_from_transitions
-12.557739569963914,0.45434055775535437,19455,0.22717027887767718,66,hinge_plateau_smooth,recompute_from_transitions
-12.425734488232454,0.3774473875914215,20965,0.18872369379571075,66,hinge_plateau_smooth,recompute_from_transitions
-12.345839520565075,0.47138221073398295,20174,0.23569110536699148,66,hinge_plateau_smooth,recompute_from_transitions
-12.268764180668509,0.42475106825318304,20041,0.21237553412659152,66,hinge_plateau_smooth,recompute_from_transitions
-12.16882174978853,0.5383957823843939,20363,0.26919789119219695,66,hinge_plateau_smooth,recompute_from_transitions
-12.090022719704764,0.47714734716621415,20130,0.23857367358310708,66,hinge_plateau_smooth,recompute_from_transitions
-12.018475195490073,0.5698345658229825,20203,0.28491728291149127,66,hinge_plateau_smooth,recompute_from_transitions
-11.93627780817832,0.5300605967470231,19764,0.26503029837351155,66,hinge_plateau_smooth,recompute_from_transitions
-11.874364012717782,0.5462021125714627,20562,0.27310105628573134,66,hinge_plateau_smooth,recompute_from_transitions
-11.775718390041606,0.5957998550921189,20268,0.29789992754605943,66,hinge_plateau_smooth,recompute_from_transitions
-11.694795004886643,0.5726404864888803,19982,0.28632024324444016,66,hinge_plateau_smooth,recompute_from_transitions
-11.63187735383314,0.5628492299076806,20284,0.2814246149538403,66,hinge_plateau_smooth,recompute_from_transitions
-11.562286858219766,0.6013268718553676,19954,0.3006634359276838,66,hinge_plateau_smooth,recompute_from_transitions
-11.47435486816955,0.7078186939407101,20533,0.35390934697035503,66,hinge_plateau_smooth,recompute_from_transitions
-11.391313608637802,0.5656372484325981,20289,0.28281862421629905,66,hinge_plateau_smooth,recompute_from_transitions
-11.308488412418376,0.6867533042469158,19737,0.3433766521234579,66,hinge_plateau_smooth,recompute_from_transitions
-11.235036945330286,0.7122013262327532,20288,0.3561006631163766,66,hinge_plateau_smooth,recompute_from_transitions
-11.135824520249049,0.7412864802494333,20571,0.37064324012471667,66,hinge_plateau_smooth,recompute_from_transitions
-11.033846919870747,0.6877689186381601,20093,0.34388445931908007,66,hinge_plateau_smooth,recompute_from_transitions
-10.93913416235872,0.804035320805474,20255,0.402017660402737,66,hinge_plateau_smooth,recompute_from_transitions
-10.838214387123791,0.7301512686014252,20248,0.3650756343007126,66,hinge_plateau_smooth,recompute_from_transitions
-10.734742737074756,0.7477387009375902,20198,0.3738693504687951,66,hinge_plateau_smooth,recompute_from_transitions
-10.60628764496576,0.7620353224697523,20190,0.3810176612348761,66,hinge_plateau_smooth,recompute_from_transitions
-10.467607978694785,0.7586021239199834,20197,0.3793010619599917,66,hinge_plateau_smooth,recompute_from_transitions
-10.311959943511608,0.7151823047705924,20193,0.3575911523852962,66,hinge_plateau_smooth,recompute_from_transitions
-10.120999403216048,0.6783534903992136,20195,0.3391767451996068,66,hinge_plateau_smooth,recompute_from_transitions
-9.882235027171532,0.6202395455385981,20197,0.31011977276929903,66,hinge_plateau_smooth,recompute_from_transitions
-9.520760270391431,0.5769457466968971,20196,0.28847287334844857,66,hinge_plateau_smooth,recompute_from_transitions
-8.777595798776508,0.42242565150150063,20199,0.21121282575075032,66,hinge_plateau_smooth,recompute_from_transitions
-13.289294607776606,0.37790554569209434,18825,0.18895277284604717,67,hinge_plateau_smooth,recompute_from_transitions
-12.90656155908676,0.3242451475247615,19828,0.16212257376238076,67,hinge_plateau_smooth,recompute_from_transitions
-12.713161295167165,0.3745571420938073,21736,0.18727857104690365,67,hinge_plateau_smooth,recompute_from_transitions
-12.56429868561048,0.4706041131961862,19903,0.2353020565980931,67,hinge_plateau_smooth,recompute_from_transitions
-12.430203708843376,0.38068848741606104,20274,0.19034424370803052,67,hinge_plateau_smooth,recompute_from_transitions
-12.358968791936285,0.483218756030704,19476,0.241609378015352,67,hinge_plateau_smooth,recompute_from_transitions
-12.27194452041643,0.42104234510378735,20209,0.21052117255189368,67,hinge_plateau_smooth,recompute_from_transitions
-12.172721188636483,0.5084141185415523,20423,0.25420705927077614,67,hinge_plateau_smooth,recompute_from_transitions
-12.090426708733924,0.454270062436674,20303,0.227135031218337,67,hinge_plateau_smooth,recompute_from_transitions
-12.020014114773264,0.5769540242250127,20137,0.28847701211250637,67,hinge_plateau_smooth,recompute_from_transitions
-11.9389012237277,0.5330395145811267,20330,0.2665197572905634,67,hinge_plateau_smooth,recompute_from_transitions
-11.87776586195074,0.4983838388492772,19758,0.2491919194246386,67,hinge_plateau_smooth,recompute_from_transitions
-11.779367904917422,0.5840344427112683,20324,0.2920172213556341,67,hinge_plateau_smooth,recompute_from_transitions
-11.698243294090917,0.5803445887230476,20320,0.2901722943615238,67,hinge_plateau_smooth,recompute_from_transitions
-11.632985963597555,0.5884525702747054,19781,0.2942262851373527,67,hinge_plateau_smooth,recompute_from_transitions
-11.564931219048146,0.5842726434788091,20315,0.29213632173940457,67,hinge_plateau_smooth,recompute_from_transitions
-11.475674569324926,0.6985914092179919,20264,0.34929570460899595,67,hinge_plateau_smooth,recompute_from_transitions
-11.396858955150869,0.5956687599625446,20124,0.2978343799812723,67,hinge_plateau_smooth,recompute_from_transitions
-11.313895144802474,0.6625567600861793,20186,0.3312783800430896,67,hinge_plateau_smooth,recompute_from_transitions
-11.240543307661747,0.7015214946652134,19978,0.3507607473326067,67,hinge_plateau_smooth,recompute_from_transitions
-11.141430500367552,0.7196131751670427,20250,0.35980658758352135,67,hinge_plateau_smooth,recompute_from_transitions
-11.04162957247813,0.8050589837334294,19384,0.4025294918667147,67,hinge_plateau_smooth,recompute_from_transitions
-10.952861235229005,0.7379782323504458,20906,0.3689891161752229,67,hinge_plateau_smooth,recompute_from_transitions
-10.842420958836232,0.765899038638344,20134,0.382949519319172,67,hinge_plateau_smooth,recompute_from_transitions
-10.737106229050251,0.7957812803631745,20120,0.39789064018158726,67,hinge_plateau_smooth,recompute_from_transitions
-10.609223905833444,0.7678595000734416,20120,0.3839297500367208,67,hinge_plateau_smooth,recompute_from_transitions
-10.469421682197956,0.7683030800996618,20172,0.3841515400498309,67,hinge_plateau_smooth,recompute_from_transitions
-10.31450647244819,0.7618323197764975,20141,0.38091615988824873,67,hinge_plateau_smooth,recompute_from_transitions
-10.122532716899276,0.6758625495016751,20073,0.33793127475083756,67,hinge_plateau_smooth,recompute_from_transitions
-9.881355995610273,0.6619205320442348,20194,0.3309602660221174,67,hinge_plateau_smooth,recompute_from_transitions
-9.527784119460756,0.5492041436352626,20126,0.2746020718176313,67,hinge_plateau_smooth,recompute_from_transitions
-8.757986592244823,0.41880646023462964,20141,0.20940323011731482,67,hinge_plateau_smooth,recompute_from_transitions
-13.309613354478556,0.40048426634386364,18964,0.20024213317193182,68,hinge_plateau_smooth,recompute_from_transitions
-12.89260136157762,0.29923611511882603,21122,0.14961805755941301,68,hinge_plateau_smooth,recompute_from_transitions
-12.710510913170893,0.4013168264144054,19820,0.2006584132072027,68,hinge_plateau_smooth,recompute_from_transitions
-12.557739569963914,0.4487535926200341,20615,0.22437679631001706,68,hinge_plateau_smooth,recompute_from_transitions
-12.42394030351534,0.40781054604796674,19921,0.20390527302398337,68,hinge_plateau_smooth,recompute_from_transitions
-12.344366331759312,0.43951057253038406,19632,0.21975528626519203,68,hinge_plateau_smooth,recompute_from_transitions
-12.26005592029327,0.4413187976533755,20494,0.22065939882668775,68,hinge_plateau_smooth,recompute_from_transitions
-12.16824338788068,0.5426742803232201,20050,0.27133714016161004,68,hinge_plateau_smooth,recompute_from_transitions
-12.090022719704764,0.4699702988159138,20644,0.2349851494079569,68,hinge_plateau_smooth,recompute_from_transitions
-12.020014114773264,0.5797714907591511,19861,0.28988574537957557,68,hinge_plateau_smooth,recompute_from_transitions
-11.949066537304118,0.5206319169623823,19656,0.26031595848119116,68,hinge_plateau_smooth,recompute_from_transitions
-11.878512914472651,0.491070339144146,20438,0.245535169572073,68,hinge_plateau_smooth,recompute_from_transitions
-11.779720922693246,0.5828353482269499,20146,0.29141767411347497,68,hinge_plateau_smooth,recompute_from_transitions
-11.698090872057822,0.5558615764772284,20523,0.2779307882386142,68,hinge_plateau_smooth,recompute_from_transitions
-11.631477597786429,0.5833663326389428,19868,0.2916831663194714,68,hinge_plateau_smooth,recompute_from_transitions
-11.56135957424332,0.5917035784305281,20327,0.29585178921526406,68,hinge_plateau_smooth,recompute_from_transitions
-11.475674569324926,0.6832362907031037,20259,0.3416181453515518,68,hinge_plateau_smooth,recompute_from_transitions
-11.39687553923386,0.5562622864437524,20009,0.2781311432218762,68,hinge_plateau_smooth,recompute_from_transitions
-11.31599863352836,0.6901635906698422,19966,0.3450817953349211,68,hinge_plateau_smooth,recompute_from_transitions
-11.240543307661747,0.7430342480705301,20471,0.37151712403526505,68,hinge_plateau_smooth,recompute_from_transitions
-11.138540710803264,0.7864013045528706,20127,0.3932006522764353,68,hinge_plateau_smooth,recompute_from_transitions
-11.04162957247813,0.7315221420131941,19077,0.36576107100659705,68,hinge_plateau_smooth,recompute_from_transitions
-10.951389077320938,0.780773054224374,21194,0.390386527112187,68,hinge_plateau_smooth,recompute_from_transitions
-10.844388881768,0.7736604089356722,20111,0.3868302044678361,68,hinge_plateau_smooth,recompute_from_transitions
-10.73995358743546,0.7623236761575223,20185,0.38116183807876114,68,hinge_plateau_smooth,recompute_from_transitions
-10.609223905833444,0.7276690688848176,20159,0.3638345344424088,68,hinge_plateau_smooth,recompute_from_transitions
-10.471968130995034,0.7795615849003298,20100,0.3897807924501649,68,hinge_plateau_smooth,recompute_from_transitions
-10.320958185812362,0.7205843573978092,19971,0.3602921786989046,68,hinge_plateau_smooth,recompute_from_transitions
-10.12549750817792,0.6652109130226612,20365,0.3326054565113306,68,hinge_plateau_smooth,recompute_from_transitions
-9.88556698835733,0.643054417722741,20144,0.3215272088613705,68,hinge_plateau_smooth,recompute_from_transitions
-9.531774877471191,0.5866664661039871,20134,0.29333323305199355,68,hinge_plateau_smooth,recompute_from_transitions
-8.779539352623644,0.44719957355093615,20150,0.22359978677546807,68,hinge_plateau_smooth,recompute_from_transitions
-13.215568615552153,0.3877337188297067,20019,0.19386685941485335,69,hinge_plateau_smooth,recompute_from_transitions
-12.883829499865389,0.29867454348942474,20066,0.14933727174471237,69,hinge_plateau_smooth,recompute_from_transitions
-12.713161295167165,0.4086482549220558,20141,0.2043241274610279,69,hinge_plateau_smooth,recompute_from_transitions
-12.557739569963914,0.4564886357269346,20421,0.2282443178634673,69,hinge_plateau_smooth,recompute_from_transitions
-12.430203708843376,0.3758321912257226,19933,0.1879160956128613,69,hinge_plateau_smooth,recompute_from_transitions
-12.357640847696889,0.4916553866691615,19424,0.24582769333458074,69,hinge_plateau_smooth,recompute_from_transitions
-12.27194452041643,0.4098289551990413,20676,0.20491447759952064,69,hinge_plateau_smooth,recompute_from_transitions
-12.175059099136428,0.5007151494387049,20632,0.25035757471935244,69,hinge_plateau_smooth,recompute_from_transitions
-12.09347629182408,0.48224742502442425,20258,0.24112371251221212,69,hinge_plateau_smooth,recompute_from_transitions
-12.020585328224517,0.5955838777620143,20102,0.29779193888100713,69,hinge_plateau_smooth,recompute_from_transitions
-11.944041369378144,0.5359365092439748,19697,0.2679682546219874,69,hinge_plateau_smooth,recompute_from_transitions
-11.87776586195074,0.5099138952606003,20408,0.25495694763030013,69,hinge_plateau_smooth,recompute_from_transitions
-11.779720922693246,0.5987210355718314,20011,0.2993605177859157,69,hinge_plateau_smooth,recompute_from_transitions
-11.698243294090917,0.5587531346363102,20681,0.2793765673181551,69,hinge_plateau_smooth,recompute_from_transitions
-11.63187735383314,0.5570318400524429,20074,0.27851592002622144,69,hinge_plateau_smooth,recompute_from_transitions
-11.562020808875555,0.5538952250984837,20013,0.27694761254924183,69,hinge_plateau_smooth,recompute_from_transitions
-11.47505948890479,0.7377736938474521,20453,0.36888684692372603,69,hinge_plateau_smooth,recompute_from_transitions
-11.391313608637802,0.580154877871921,20064,0.2900774389359605,69,hinge_plateau_smooth,recompute_from_transitions
-11.309518407188891,0.6991910001779685,19969,0.34959550008898427,69,hinge_plateau_smooth,recompute_from_transitions
-11.235585914177143,0.753437896806987,20385,0.3767189484034935,69,hinge_plateau_smooth,recompute_from_transitions
-11.135824520249049,0.756715594296004,20295,0.378357797148002,69,hinge_plateau_smooth,recompute_from_transitions
-11.036190739580691,0.7335383370415471,20201,0.36676916852077357,69,hinge_plateau_smooth,recompute_from_transitions
-10.93873017332951,0.7724478225682547,20131,0.38622391128412736,69,hinge_plateau_smooth,recompute_from_transitions
-10.835969256418608,0.748116126811119,20103,0.3740580634055595,69,hinge_plateau_smooth,recompute_from_transitions
-10.732149574034496,0.768062144651262,20278,0.384031072325631,69,hinge_plateau_smooth,recompute_from_transitions
-10.605396238724294,0.7573078499613609,20192,0.37865392498068046,69,hinge_plateau_smooth,recompute_from_transitions
-10.46696850700147,0.7078975406957441,20172,0.35394877034787203,69,hinge_plateau_smooth,recompute_from_transitions
-10.315207674885963,0.7499424293257209,20193,0.37497121466286043,69,hinge_plateau_smooth,recompute_from_transitions
-10.122532716899276,0.6542389026110556,20179,0.3271194513055278,69,hinge_plateau_smooth,recompute_from_transitions
-9.891304942253228,0.6239452232352596,20158,0.3119726116176298,69,hinge_plateau_smooth,recompute_from_transitions
-9.521618089420535,0.5749862451861741,20198,0.28749312259308707,69,hinge_plateau_smooth,recompute_from_transitions
-8.743100513078295,0.4256616179480285,20179,0.21283080897401424,69,hinge_plateau_smooth,recompute_from_transitions
-13.215568615552153,0.39932400687673586,20083,0.19966200343836793,70,hinge_plateau_smooth,recompute_from_transitions
-12.873930922403003,0.31273695935710966,20020,0.15636847967855483,70,hinge_plateau_smooth,recompute_from_transitions
-12.710510913170893,0.42434435169393786,20216,0.21217217584696893,70,hinge_plateau_smooth,recompute_from_transitions
-12.557739569963914,0.4428236802884329,19563,0.22141184014421644,70,hinge_plateau_smooth,recompute_from_transitions
-12.42693850381749,0.38560880590065905,21026,0.19280440295032952,70,hinge_plateau_smooth,recompute_from_transitions
-12.357640847696889,0.5107439643248884,19124,0.2553719821624442,70,hinge_plateau_smooth,recompute_from_transitions
-12.270626791332338,0.4328945958508492,21255,0.2164472979254246,70,hinge_plateau_smooth,recompute_from_transitions
-12.16882174978853,0.5372760099371254,20146,0.2686380049685627,70,hinge_plateau_smooth,recompute_from_transitions
-12.090426708733924,0.49925721639033666,20144,0.24962860819516833,70,hinge_plateau_smooth,recompute_from_transitions
-12.020014114773264,0.5867018259281943,19849,0.29335091296409715,70,hinge_plateau_smooth,recompute_from_transitions
-11.949066537304118,0.5492440961711784,19732,0.2746220480855892,70,hinge_plateau_smooth,recompute_from_transitions
-11.878512914472651,0.5021709009635332,20936,0.2510854504817666,70,hinge_plateau_smooth,recompute_from_transitions
-11.779720922693246,0.5838757039750043,20127,0.29193785198750216,70,hinge_plateau_smooth,recompute_from_transitions
-11.698090872057822,0.5763774396439365,20146,0.28818871982196825,70,hinge_plateau_smooth,recompute_from_transitions
-11.632985963597555,0.5239716024891825,19993,0.26198580124459125,70,hinge_plateau_smooth,recompute_from_transitions
-11.5624399623485,0.5772575781506785,20638,0.28862878907533923,70,hinge_plateau_smooth,recompute_from_transitions
-11.475096207417025,0.6958439796342681,20212,0.34792198981713407,70,hinge_plateau_smooth,recompute_from_transitions
-11.396858955150869,0.6121243851634883,20116,0.30606219258174416,70,hinge_plateau_smooth,recompute_from_transitions
-11.313483214457095,0.6891471166653312,20065,0.3445735583326656,70,hinge_plateau_smooth,recompute_from_transitions
-11.235036945330286,0.7647645282143776,20232,0.3823822641071888,70,hinge_plateau_smooth,recompute_from_transitions
-11.135365060067828,0.7562155209283414,20345,0.3781077604641707,70,hinge_plateau_smooth,recompute_from_transitions
-11.03367532050938,0.7069372138183153,20195,0.35346860690915766,70,hinge_plateau_smooth,recompute_from_transitions
-10.93913416235872,0.8241651292796027,20184,0.41208256463980136,70,hinge_plateau_smooth,recompute_from_transitions
-10.8367255433449,0.7538059628572317,20181,0.37690298142861584,70,hinge_plateau_smooth,recompute_from_transitions
-10.732937988046668,0.7852128114844393,20208,0.39260640574221967,70,hinge_plateau_smooth,recompute_from_transitions
-10.605396238724294,0.7731659746937932,20042,0.3865829873468966,70,hinge_plateau_smooth,recompute_from_transitions
-10.4665924843832,0.7353924414426967,20335,0.36769622072134833,70,hinge_plateau_smooth,recompute_from_transitions
-10.308676022955478,0.7415640317140351,20194,0.37078201585701753,70,hinge_plateau_smooth,recompute_from_transitions
-10.117829968136071,0.6606212465213309,20151,0.33031062326066546,70,hinge_plateau_smooth,recompute_from_transitions
-9.87986656911289,0.6225555704766266,20226,0.3112777852383133,70,hinge_plateau_smooth,recompute_from_transitions
-9.52294020325744,0.5723714007061445,20192,0.2861857003530722,70,hinge_plateau_smooth,recompute_from_transitions
-8.784791317547707,0.425875966614205,20190,0.2129379833071025,70,hinge_plateau_smooth,recompute_from_transitions
-13.215568615552153,0.38195252224202964,19675,0.19097626112101482,71,hinge_plateau_smooth,recompute_from_transitions
-12.873930922403003,0.3140739809772117,20102,0.15703699048860584,71,hinge_plateau_smooth,recompute_from_transitions
-12.710510913170893,0.41308258652279495,20231,0.20654129326139747,71,hinge_plateau_smooth,recompute_from_transitions
-12.557739569963914,0.44797200248721863,20328,0.22398600124360932,71,hinge_plateau_smooth,recompute_from_transitions
-12.430203708843376,0.39352093681926825,20443,0.19676046840963413,71,hinge_plateau_smooth,recompute_from_transitions
-12.359483944707067,0.5163778381183228,19580,0.2581889190591614,71,hinge_plateau_smooth,recompute_from_transitions
-12.273612440309472,0.4010718581304199,19671,0.20053592906520995,71,hinge_plateau_smooth,recompute_from_transitions
-12.176686744812724,0.5606102300218285,21015,0.28030511501091426,71,hinge_plateau_smooth,recompute_from_transitions
-12.090426708733924,0.4689283002316414,20233,0.2344641501158207,71,hinge_plateau_smooth,recompute_from_transitions
-12.020014114773264,0.625737784618137,20166,0.3128688923090685,71,hinge_plateau_smooth,recompute_from_transitions
-11.949066537304118,0.5466128324132867,20140,0.27330641620664337,71,hinge_plateau_smooth,recompute_from_transitions
-11.882657574090215,0.5245151293062995,19818,0.26225756465314976,71,hinge_plateau_smooth,recompute_from_transitions
-11.787352136088233,0.613016900225351,20669,0.3065084501126755,71,hinge_plateau_smooth,recompute_from_transitions
-11.70017544252683,0.5766079022641742,20006,0.2883039511320871,71,hinge_plateau_smooth,recompute_from_transitions
-11.635180265032348,0.5557683092256455,19881,0.27788415461282273,71,hinge_plateau_smooth,recompute_from_transitions
-11.564931219048146,0.6022833744881738,20585,0.3011416872440869,71,hinge_plateau_smooth,recompute_from_transitions
-11.477326917975253,0.7013007024542534,20142,0.3506503512271267,71,hinge_plateau_smooth,recompute_from_transitions
-11.39687553923386,0.5613150711502148,20021,0.2806575355751074,71,hinge_plateau_smooth,recompute_from_transitions
-11.31481087464501,0.6885735885780299,20215,0.34428679428901493,71,hinge_plateau_smooth,recompute_from_transitions
-11.238757283452156,0.7353795094098229,20208,0.36768975470491144,71,hinge_plateau_smooth,recompute_from_transitions
-11.140207845159958,0.7286329070091915,19955,0.36431645350459574,71,hinge_plateau_smooth,recompute_from_transitions
-11.04162957247813,0.8111991256962943,19257,0.40559956284814713,71,hinge_plateau_smooth,recompute_from_transitions
-10.951856600484067,0.7471907878059917,21258,0.37359539390299584,71,hinge_plateau_smooth,recompute_from_transitions
-10.842760775878729,0.803990721969418,20142,0.401995360984709,71,hinge_plateau_smooth,recompute_from_transitions
-10.736705992130368,0.7665398297980176,20173,0.3832699148990088,71,hinge_plateau_smooth,recompute_from_transitions
-10.605396238724294,0.7686993532724147,20240,0.38434967663620734,71,hinge_plateau_smooth,recompute_from_transitions
-10.4665924843832,0.7431977819818109,20158,0.37159889099090543,71,hinge_plateau_smooth,recompute_from_transitions
-10.31053498035772,0.7161130471558573,20160,0.35805652357792866,71,hinge_plateau_smooth,recompute_from_transitions
-10.117536610870564,0.6968505777439977,20161,0.34842528887199886,71,hinge_plateau_smooth,recompute_from_transitions
-9.876210882388362,0.6420851562847,20108,0.32104257814235,71,hinge_plateau_smooth,recompute_from_transitions
-9.508124923910673,0.5966833100600359,20212,0.29834165503001797,71,hinge_plateau_smooth,recompute_from_transitions
-8.752575352734711,0.42421729480378473,20160,0.21210864740189236,71,hinge_plateau_smooth,recompute_from_transitions
-13.309613354478556,0.38770349396260556,19016,0.19385174698130278,72,hinge_plateau_smooth,recompute_from_transitions
-12.89387351315419,0.318823785209624,21104,0.159411892604812,72,hinge_plateau_smooth,recompute_from_transitions
-12.713161295167165,0.4046847939447357,19826,0.20234239697236786,72,hinge_plateau_smooth,recompute_from_transitions
-12.557739569963914,0.43536808583807546,20131,0.21768404291903773,72,hinge_plateau_smooth,recompute_from_transitions
-12.430203708843376,0.3851294232639835,20442,0.19256471163199174,72,hinge_plateau_smooth,recompute_from_transitions
-12.357640847696889,0.4912633918077044,19590,0.2456316959038522,72,hinge_plateau_smooth,recompute_from_transitions
-12.27194452041643,0.4252094080488134,20722,0.2126047040244067,72,hinge_plateau_smooth,recompute_from_transitions
-12.175059099136428,0.5246022414384391,20240,0.26230112071921957,72,hinge_plateau_smooth,recompute_from_transitions
-12.092063728739856,0.4565871948447816,20091,0.2282935974223908,72,hinge_plateau_smooth,recompute_from_transitions
-12.020014114773264,0.5892282629333985,20229,0.29461413146669924,72,hinge_plateau_smooth,recompute_from_transitions
-11.952175739666302,0.5442833819643216,19506,0.2721416909821608,72,hinge_plateau_smooth,recompute_from_transitions
-11.87776586195074,0.48327932731146206,20742,0.24163966365573103,72,hinge_plateau_smooth,recompute_from_transitions
-11.779720922693246,0.5793569295720536,19849,0.2896784647860268,72,hinge_plateau_smooth,recompute_from_transitions
-11.698090872057822,0.5883398259680951,20324,0.29416991298404754,72,hinge_plateau_smooth,recompute_from_transitions
-11.632985963597555,0.5501603675612283,20220,0.27508018378061416,72,hinge_plateau_smooth,recompute_from_transitions
-11.56507943052477,0.5543858933842034,20223,0.2771929466921017,72,hinge_plateau_smooth,recompute_from_transitions
-11.482398110500611,0.701320893109039,20053,0.3506604465545195,72,hinge_plateau_smooth,recompute_from_transitions
-11.397984148998304,0.5813153673711506,20077,0.2906576836855753,72,hinge_plateau_smooth,recompute_from_transitions
-11.31599863352836,0.6856477835311419,20026,0.34282389176557093,72,hinge_plateau_smooth,recompute_from_transitions
-11.242190651427638,0.7156683225655057,20257,0.35783416128275286,72,hinge_plateau_smooth,recompute_from_transitions
-11.141868495646346,0.7575154612667517,20266,0.37875773063337587,72,hinge_plateau_smooth,recompute_from_transitions
-11.039297522593989,0.7337984615478674,20177,0.3668992307739337,72,hinge_plateau_smooth,recompute_from_transitions
-10.942756306561911,0.7776771528111889,20103,0.38883857640559444,72,hinge_plateau_smooth,recompute_from_transitions
-10.840441720560332,0.7502397607524135,20148,0.37511988037620675,72,hinge_plateau_smooth,recompute_from_transitions
-10.73639019561868,0.7395595767863877,20103,0.36977978839319386,72,hinge_plateau_smooth,recompute_from_transitions
-10.605396238724294,0.7906629891437593,20190,0.39533149457187966,72,hinge_plateau_smooth,recompute_from_transitions
-10.467572993485724,0.7633320948381439,20144,0.38166604741907195,72,hinge_plateau_smooth,recompute_from_transitions
-10.318691185199414,0.6944656321546755,20145,0.34723281607733775,72,hinge_plateau_smooth,recompute_from_transitions
-10.122070579941267,0.6407838601780533,20132,0.32039193008902667,72,hinge_plateau_smooth,recompute_from_transitions
-9.88262453849882,0.6425665795413494,20169,0.3212832897706747,72,hinge_plateau_smooth,recompute_from_transitions
-9.515763582775191,0.6096910742996396,20142,0.3048455371498198,72,hinge_plateau_smooth,recompute_from_transitions
-8.741339369353204,0.4173033191044226,20143,0.2086516595522113,72,hinge_plateau_smooth,recompute_from_transitions
-13.215568615552153,0.4109624787826372,20104,0.2054812393913186,73,hinge_plateau_smooth,recompute_from_transitions
-12.873930922403003,0.3075074988304872,19520,0.1537537494152436,73,hinge_plateau_smooth,recompute_from_transitions
-12.710510913170893,0.40231776198879765,20340,0.20115888099439883,73,hinge_plateau_smooth,recompute_from_transitions
-12.557739569963914,0.45965545206859887,19848,0.22982772603429943,73,hinge_plateau_smooth,recompute_from_transitions
-12.430203708843376,0.39538383481333456,20607,0.19769191740666728,73,hinge_plateau_smooth,recompute_from_transitions
-12.344366331759312,0.4796064153650198,20381,0.2398032076825099,73,hinge_plateau_smooth,recompute_from_transitions
-12.269892584028424,0.41843901694092184,19872,0.20921950847046092,73,hinge_plateau_smooth,recompute_from_transitions
-12.172721188636483,0.5232353050250315,20359,0.26161765251251573,73,hinge_plateau_smooth,recompute_from_transitions
-12.090426708733924,0.5206815990339733,20178,0.26034079951698663,73,hinge_plateau_smooth,recompute_from_transitions
-12.020014114773264,0.5825610555019733,19936,0.2912805277509867,73,hinge_plateau_smooth,recompute_from_transitions
-11.949066537304118,0.5366430104750207,19598,0.26832150523751036,73,hinge_plateau_smooth,recompute_from_transitions
-11.878512914472651,0.4998739871088742,20821,0.2499369935544371,73,hinge_plateau_smooth,recompute_from_transitions
-11.779720922693246,0.5879636332583953,20194,0.29398181662919765,73,hinge_plateau_smooth,recompute_from_transitions
-11.698243294090917,0.5725322693738574,20080,0.2862661346869287,73,hinge_plateau_smooth,recompute_from_transitions
-11.632985963597555,0.5257709062336546,20008,0.2628854531168273,73,hinge_plateau_smooth,recompute_from_transitions
-11.564931219048146,0.6041459100161907,20302,0.30207295500809533,73,hinge_plateau_smooth,recompute_from_transitions
-11.477832531920148,0.6543691586765692,20140,0.3271845793382846,73,hinge_plateau_smooth,recompute_from_transitions
-11.398916548269137,0.6186167405929427,20119,0.30930837029647135,73,hinge_plateau_smooth,recompute_from_transitions
-11.31599863352836,0.6953645886671705,20038,0.3476822943335853,73,hinge_plateau_smooth,recompute_from_transitions
-11.242190651427638,0.7505737892996339,20039,0.37528689464981696,73,hinge_plateau_smooth,recompute_from_transitions
-11.141430500367552,0.7372854366783554,20360,0.3686427183391777,73,hinge_plateau_smooth,recompute_from_transitions
-11.040632636871845,0.7568362572839091,19047,0.37841812864195457,73,hinge_plateau_smooth,recompute_from_transitions
-10.952415855765326,0.7293415834615828,20979,0.3646707917307914,73,hinge_plateau_smooth,recompute_from_transitions
-10.84211365379358,0.729223132441787,20385,0.3646115662208935,73,hinge_plateau_smooth,recompute_from_transitions
-10.73667489758741,0.7736225534352311,20127,0.38681127671761556,73,hinge_plateau_smooth,recompute_from_transitions
-10.608465001933814,0.7515013739088395,20055,0.37575068695441977,73,hinge_plateau_smooth,recompute_from_transitions
-10.470320787229076,0.7626943104943662,20217,0.3813471552471831,73,hinge_plateau_smooth,recompute_from_transitions
-10.318996496446363,0.6878958133641108,20143,0.3439479066820554,73,hinge_plateau_smooth,recompute_from_transitions
-10.1222749026868,0.6706910266679671,20042,0.33534551333398355,73,hinge_plateau_smooth,recompute_from_transitions
-9.882500483236228,0.6658757470465596,20227,0.3329378735232798,73,hinge_plateau_smooth,recompute_from_transitions
-9.512886091907468,0.5881954146977487,20138,0.29409770734887436,73,hinge_plateau_smooth,recompute_from_transitions
-8.744668505485526,0.4083669656890858,20136,0.2041834828445429,73,hinge_plateau_smooth,recompute_from_transitions
-13.215568615552153,0.41082253767528853,19704,0.20541126883764427,74,hinge_plateau_smooth,recompute_from_transitions
-12.883829499865389,0.3088341672577183,20209,0.15441708362885914,74,hinge_plateau_smooth,recompute_from_transitions
-12.710510913170893,0.4075158213924753,20239,0.20375791069623764,74,hinge_plateau_smooth,recompute_from_transitions
-12.557739569963914,0.4538969406204836,20089,0.2269484703102418,74,hinge_plateau_smooth,recompute_from_transitions
-12.42707200617936,0.3780832145747089,20809,0.18904160728735445,74,hinge_plateau_smooth,recompute_from_transitions
-12.344366331759312,0.49704377564703395,19990,0.24852188782351697,74,hinge_plateau_smooth,recompute_from_transitions
-12.262567968992428,0.41067954849260424,20308,0.20533977424630212,74,hinge_plateau_smooth,recompute_from_transitions
-12.16882174978853,0.5301061232615278,20226,0.2650530616307639,74,hinge_plateau_smooth,recompute_from_transitions
-12.090022719704764,0.44329482683481486,20105,0.22164741341740743,74,hinge_plateau_smooth,recompute_from_transitions
-12.020014114773264,0.5616135355565464,19664,0.2808067677782732,74,hinge_plateau_smooth,recompute_from_transitions
-11.940863659675935,0.49405638728307555,20354,0.24702819364153777,74,hinge_plateau_smooth,recompute_from_transitions
-11.874364012717782,0.5584887509597044,20771,0.2792443754798522,74,hinge_plateau_smooth,recompute_from_transitions
-11.775718390041606,0.5795431383781778,20264,0.2897715691890889,74,hinge_plateau_smooth,recompute_from_transitions
-11.692217437084182,0.5855796664760121,19837,0.29278983323800606,74,hinge_plateau_smooth,recompute_from_transitions
-11.631477597786429,0.5326793777592101,20509,0.2663396888796051,74,hinge_plateau_smooth,recompute_from_transitions
-11.562286858219766,0.606346765424165,20255,0.3031733827120825,74,hinge_plateau_smooth,recompute_from_transitions
-11.477616705234079,0.7365652661883022,20238,0.3682826330941511,74,hinge_plateau_smooth,recompute_from_transitions
-11.39687553923386,0.5734272640637994,19996,0.2867136320318997,74,hinge_plateau_smooth,recompute_from_transitions
-11.309666618665522,0.7080262610407515,20342,0.35401313052037575,74,hinge_plateau_smooth,recompute_from_transitions
-11.236649638993653,0.7359965038666861,20106,0.36799825193334307,74,hinge_plateau_smooth,recompute_from_transitions
-11.137784848021033,0.7490898880630206,20413,0.3745449440315103,74,hinge_plateau_smooth,recompute_from_transitions
-11.035137164908225,0.6979546178440684,20230,0.3489773089220342,74,hinge_plateau_smooth,recompute_from_transitions
-10.942756306561911,0.7683710922675371,19951,0.38418554613376854,74,hinge_plateau_smooth,recompute_from_transitions
-10.841558731889915,0.7057440753072067,20482,0.35287203765360337,74,hinge_plateau_smooth,recompute_from_transitions
-10.735817180805745,0.7855326948945909,20216,0.39276634744729544,74,hinge_plateau_smooth,recompute_from_transitions
-10.605396238724294,0.7694145766856081,20199,0.38470728834280404,74,hinge_plateau_smooth,recompute_from_transitions
-10.469421682197956,0.7337851065064326,20218,0.3668925532532163,74,hinge_plateau_smooth,recompute_from_transitions
-10.318906249423982,0.6816214765286731,20219,0.34081073826433655,74,hinge_plateau_smooth,recompute_from_transitions
-10.122532716899276,0.6738771025184161,20218,0.3369385512592081,74,hinge_plateau_smooth,recompute_from_transitions
-9.894764293790457,0.6385431631178371,20214,0.31927158155891855,74,hinge_plateau_smooth,recompute_from_transitions
-9.535074090207708,0.5813465996017653,20200,0.29067329980088263,74,hinge_plateau_smooth,recompute_from_transitions
-8.765438916431506,0.44316979695462505,20225,0.22158489847731253,74,hinge_plateau_smooth,recompute_from_transitions
-13.215568615552153,0.39579269414093005,19863,0.19789634707046502,75,hinge_plateau_smooth,recompute_from_transitions
-12.873930922403003,0.3034249913418397,20401,0.15171249567091985,75,hinge_plateau_smooth,recompute_from_transitions
-12.710510913170893,0.40620606355576105,20074,0.20310303177788053,75,hinge_plateau_smooth,recompute_from_transitions
-12.557739569963914,0.4784571980581259,19555,0.23922859902906296,75,hinge_plateau_smooth,recompute_from_transitions
-12.42693850381749,0.38565565513093647,20653,0.19282782756546823,75,hinge_plateau_smooth,recompute_from_transitions
-12.345839520565075,0.501042447744353,20142,0.2505212238721765,75,hinge_plateau_smooth,recompute_from_transitions
-12.262567968992428,0.4304454167396575,20080,0.21522270836982876,75,hinge_plateau_smooth,recompute_from_transitions
-12.16882174978853,0.5288481459273864,20145,0.2644240729636932,75,hinge_plateau_smooth,recompute_from_transitions
-12.090426708733924,0.47336497551729223,20216,0.23668248775864612,75,hinge_plateau_smooth,recompute_from_transitions
-12.020014114773264,0.5805938958084077,19516,0.29029694790420385,75,hinge_plateau_smooth,recompute_from_transitions
-11.9389012237277,0.5120189931272265,20233,0.25600949656361327,75,hinge_plateau_smooth,recompute_from_transitions
-11.874364012717782,0.5431655544801985,20522,0.27158277724009927,75,hinge_plateau_smooth,recompute_from_transitions
-11.775718390041606,0.5536087838065096,20320,0.2768043919032548,75,hinge_plateau_smooth,recompute_from_transitions
-11.694795004886643,0.5670397741644926,19977,0.2835198870822463,75,hinge_plateau_smooth,recompute_from_transitions
-11.63187735383314,0.5633236907771315,20135,0.28166184538856576,75,hinge_plateau_smooth,recompute_from_transitions
-11.562020808875555,0.5754270684098552,20218,0.2877135342049276,75,hinge_plateau_smooth,recompute_from_transitions
-11.475096207417025,0.7277363709435937,19991,0.36386818547179683,75,hinge_plateau_smooth,recompute_from_transitions
-11.396858955150869,0.5997763614279852,20276,0.2998881807139926,75,hinge_plateau_smooth,recompute_from_transitions
-11.309666618665522,0.6859258802924422,19801,0.3429629401462211,75,hinge_plateau_smooth,recompute_from_transitions
-11.233264470745242,0.7374684641696774,20668,0.3687342320848387,75,hinge_plateau_smooth,recompute_from_transitions
-11.134978797950042,0.7239365039883298,20158,0.3619682519941649,75,hinge_plateau_smooth,recompute_from_transitions
-11.030873545631414,0.7345472157647768,20089,0.3672736078823884,75,hinge_plateau_smooth,recompute_from_transitions
-10.935808156761802,0.8117281140889105,20187,0.4058640570444553,75,hinge_plateau_smooth,recompute_from_transitions
-10.832183565604849,0.7324005266622541,20147,0.36620026333112704,75,hinge_plateau_smooth,recompute_from_transitions
-10.731848217878603,0.7460126077436177,20077,0.37300630387180883,75,hinge_plateau_smooth,recompute_from_transitions
-10.603680276425932,0.7665534351707226,20230,0.3832767175853613,75,hinge_plateau_smooth,recompute_from_transitions
-10.465793479590385,0.7869250170769242,20111,0.3934625085384621,75,hinge_plateau_smooth,recompute_from_transitions
-10.308160680414106,0.7177718524491182,20155,0.3588859262245591,75,hinge_plateau_smooth,recompute_from_transitions
-10.117953562631866,0.6531485581213298,20143,0.3265742790606649,75,hinge_plateau_smooth,recompute_from_transitions
-9.878595088164268,0.6322012799527001,20127,0.3161006399763501,75,hinge_plateau_smooth,recompute_from_transitions
-9.5155502087188,0.5843035891735162,20171,0.2921517945867581,75,hinge_plateau_smooth,recompute_from_transitions
-8.736661991775854,0.40045903754256057,20144,0.20022951877128028,75,hinge_plateau_smooth,recompute_from_transitions
-13.289294607776606,0.3877100450587719,18914,0.19385502252938594,76,hinge_plateau_smooth,recompute_from_transitions
-12.89260136157762,0.30765798189401644,21097,0.15382899094700822,76,hinge_plateau_smooth,recompute_from_transitions
-12.713161295167165,0.41145782724708957,20039,0.20572891362354478,76,hinge_plateau_smooth,recompute_from_transitions
-12.561294512689928,0.44675226660595396,19900,0.22337613330297698,76,hinge_plateau_smooth,recompute_from_transitions
-12.437002078186303,0.4101981319968956,19123,0.2050990659984478,76,hinge_plateau_smooth,recompute_from_transitions
-12.363882337052631,0.42762611933718114,20518,0.21381305966859057,76,hinge_plateau_smooth,recompute_from_transitions
-12.29316104199417,0.40471733679651783,20484,0.20235866839825892,76,hinge_plateau_smooth,recompute_from_transitions
-12.178379711278886,0.5562228760894754,20739,0.2781114380447377,76,hinge_plateau_smooth,recompute_from_transitions
-12.097344720107657,0.476269636883661,19890,0.2381348184418305,76,hinge_plateau_smooth,recompute_from_transitions
-12.02440235168059,0.5800256980926028,19752,0.2900128490463014,76,hinge_plateau_smooth,recompute_from_transitions
-11.955149926079956,0.544056237083892,19764,0.272028118541946,76,hinge_plateau_smooth,recompute_from_transitions
-11.88729016568336,0.5523739925914732,20876,0.2761869962957366,76,hinge_plateau_smooth,recompute_from_transitions
-11.790299019526094,0.5763043144607309,20199,0.28815215723036547,76,hinge_plateau_smooth,recompute_from_transitions
-11.70504057453058,0.5497448012253255,18232,0.27487240061266277,76,hinge_plateau_smooth,recompute_from_transitions
-11.642284912965152,0.6005356682157398,22004,0.3002678341078699,76,hinge_plateau_smooth,recompute_from_transitions
-11.566256985804811,0.5842674482129961,20027,0.29213372410649807,76,hinge_plateau_smooth,recompute_from_transitions
-11.482398110500611,0.7227751854208332,20339,0.3613875927104166,76,hinge_plateau_smooth,recompute_from_transitions
-11.397984148998304,0.5749393599800072,20028,0.2874696799900036,76,hinge_plateau_smooth,recompute_from_transitions
-11.31586934187193,0.6757282024145796,20113,0.3378641012072898,76,hinge_plateau_smooth,recompute_from_transitions
-11.240543307661747,0.7836984240972547,20198,0.3918492120486273,76,hinge_plateau_smooth,recompute_from_transitions
-11.13801962927137,0.7813545440460947,20111,0.39067727202304736,76,hinge_plateau_smooth,recompute_from_transitions
-11.03721295212486,0.726019378792612,20099,0.363009689396306,76,hinge_plateau_smooth,recompute_from_transitions
-10.93983878309399,0.8308932480187727,20101,0.41544662400938637,76,hinge_plateau_smooth,recompute_from_transitions
-10.837911588842037,0.7251365253338492,20134,0.3625682626669246,76,hinge_plateau_smooth,recompute_from_transitions
-10.73492841950894,0.774899128856845,20074,0.3874495644284225,76,hinge_plateau_smooth,recompute_from_transitions
-10.607951237360746,0.74365640657144,20092,0.37182820328572,76,hinge_plateau_smooth,recompute_from_transitions
-10.470320787229076,0.7644172050817938,20154,0.3822086025408969,76,hinge_plateau_smooth,recompute_from_transitions
-10.313771028809596,0.717209820454575,20120,0.3586049102272875,76,hinge_plateau_smooth,recompute_from_transitions
-10.12164946884529,0.678300607867121,20060,0.3391503039335605,76,hinge_plateau_smooth,recompute_from_transitions
-9.886369823916931,0.6236873850070743,20163,0.31184369250353716,76,hinge_plateau_smooth,recompute_from_transitions
-9.531519403068488,0.6018909475622358,20122,0.3009454737811179,76,hinge_plateau_smooth,recompute_from_transitions
-8.774855469010943,0.4149790407019286,20112,0.2074895203509643,76,hinge_plateau_smooth,recompute_from_transitions
-13.215568615552153,0.39451200191803887,20102,0.19725600095901943,77,hinge_plateau_smooth,recompute_from_transitions
-12.86064922900079,0.28962234343717425,20169,0.14481117171858712,77,hinge_plateau_smooth,recompute_from_transitions
-12.710510913170893,0.415093690726013,19699,0.2075468453630065,77,hinge_plateau_smooth,recompute_from_transitions
-12.557739569963914,0.42476454587805423,20659,0.21238227293902712,77,hinge_plateau_smooth,recompute_from_transitions
-12.42394030351534,0.3834540342964572,20069,0.1917270171482286,77,hinge_plateau_smooth,recompute_from_transitions
-12.344366331759312,0.5098558177584631,20050,0.25492790887923156,77,hinge_plateau_smooth,recompute_from_transitions
-12.269892584028424,0.4140051877880054,20412,0.2070025938940027,77,hinge_plateau_smooth,recompute_from_transitions
-12.170550125429626,0.555774268601319,20144,0.2778871343006595,77,hinge_plateau_smooth,recompute_from_transitions
-12.091168047981338,0.4518356240899315,20183,0.22591781204496575,77,hinge_plateau_smooth,recompute_from_transitions
-12.020585328224517,0.5348470581837874,20035,0.2674235290918937,77,hinge_plateau_smooth,recompute_from_transitions
-11.952175739666302,0.550267864077084,19909,0.275133932038542,77,hinge_plateau_smooth,recompute_from_transitions
-11.878512914472651,0.49837833907972484,20550,0.24918916953986242,77,hinge_plateau_smooth,recompute_from_transitions
-11.779720922693246,0.56608787009141,20114,0.283043935045705,77,hinge_plateau_smooth,recompute_from_transitions
-11.698090872057822,0.5677263198665146,20276,0.2838631599332573,77,hinge_plateau_smooth,recompute_from_transitions
-11.63187735383314,0.5542180070237633,20005,0.27710900351188167,77,hinge_plateau_smooth,recompute_from_transitions
-11.564931219048146,0.5779439945138062,20459,0.2889719972569031,77,hinge_plateau_smooth,recompute_from_transitions
-11.476282435045492,0.6990687317948638,19952,0.3495343658974319,77,hinge_plateau_smooth,recompute_from_transitions
-11.396858955150869,0.592007034417092,20361,0.296003517208546,77,hinge_plateau_smooth,recompute_from_transitions
-11.310160333348229,0.697739785400703,20182,0.3488698927003515,77,hinge_plateau_smooth,recompute_from_transitions
-11.236649638993653,0.7565331776105251,19917,0.37826658880526254,77,hinge_plateau_smooth,recompute_from_transitions
-11.13801962927137,0.787452189048791,20477,0.3937260945243955,77,hinge_plateau_smooth,recompute_from_transitions
-11.036190739580691,0.705213574301722,20179,0.352606787150861,77,hinge_plateau_smooth,recompute_from_transitions
-10.939875501606224,0.7944078935055431,20170,0.39720394675277154,77,hinge_plateau_smooth,recompute_from_transitions
-10.840441720560332,0.7390986695715864,20187,0.3695493347857932,77,hinge_plateau_smooth,recompute_from_transitions
-10.733857305160942,0.8126801759346193,20161,0.40634008796730964,77,hinge_plateau_smooth,recompute_from_transitions
-10.605396238724294,0.7441089503565881,20180,0.37205447517829404,77,hinge_plateau_smooth,recompute_from_transitions
-10.4665924843832,0.7225381254696691,20192,0.36126906273483456,77,hinge_plateau_smooth,recompute_from_transitions
-10.311389677780022,0.7262976450512783,20173,0.3631488225256391,77,hinge_plateau_smooth,recompute_from_transitions
-10.117953562631866,0.6713311519952181,20142,0.33566557599760904,77,hinge_plateau_smooth,recompute_from_transitions
-9.879991891604703,0.6471494265226229,20186,0.32357471326131143,77,hinge_plateau_smooth,recompute_from_transitions
-9.51270788701291,0.6095637951047328,20209,0.3047818975523664,77,hinge_plateau_smooth,recompute_from_transitions
-8.74739685365363,0.42761774440560446,20178,0.21380887220280223,77,hinge_plateau_smooth,recompute_from_transitions
-13.215568615552153,0.40138116973179194,19514,0.20069058486589597,78,hinge_plateau_smooth,recompute_from_transitions
-12.873930922403003,0.31941956281042655,20472,0.15970978140521327,78,hinge_plateau_smooth,recompute_from_transitions
-12.710510913170893,0.41951461458460765,19472,0.20975730729230382,78,hinge_plateau_smooth,recompute_from_transitions
-12.557739569963914,0.4582855028047647,20704,0.22914275140238236,78,hinge_plateau_smooth,recompute_from_transitions
-12.42394030351534,0.39545070123656273,20111,0.19772535061828136,78,hinge_plateau_smooth,recompute_from_transitions
-12.344366331759312,0.4749354010777206,19618,0.2374677005388603,78,hinge_plateau_smooth,recompute_from_transitions
-12.268764180668509,0.4347693626573597,20414,0.21738468132867986,78,hinge_plateau_smooth,recompute_from_transitions
-12.16882174978853,0.5626413674558853,20141,0.28132068372794267,78,hinge_plateau_smooth,recompute_from_transitions
-12.090428487980128,0.46199352145714756,20155,0.23099676072857378,78,hinge_plateau_smooth,recompute_from_transitions
-12.020269380207331,0.5732675250241513,19999,0.2866337625120757,78,hinge_plateau_smooth,recompute_from_transitions
-11.952175739666302,0.544229977163013,20079,0.2721149885815065,78,hinge_plateau_smooth,recompute_from_transitions
-11.882232770753957,0.48134131435381444,19915,0.24067065717690722,78,hinge_plateau_smooth,recompute_from_transitions
-11.787923706203784,0.5857950344604314,20227,0.2928975172302157,78,hinge_plateau_smooth,recompute_from_transitions
-11.70504057453058,0.5221732665522515,18321,0.26108663327612575,78,hinge_plateau_smooth,recompute_from_transitions
-11.643511099879971,0.5419657710932646,21723,0.2709828855466323,78,hinge_plateau_smooth,recompute_from_transitions
-11.566256985804811,0.5583505537759885,20091,0.27917527688799426,78,hinge_plateau_smooth,recompute_from_transitions
-11.482398110500611,0.6601790646741236,20168,0.3300895323370618,78,hinge_plateau_smooth,recompute_from_transitions
-11.40248416262389,0.5450404559456112,20062,0.2725202279728056,78,hinge_plateau_smooth,recompute_from_transitions
-11.32020596760224,0.7194504810215111,19888,0.35972524051075555,78,hinge_plateau_smooth,recompute_from_transitions
-11.245286622108551,0.7035636771580025,20221,0.35178183857900125,78,hinge_plateau_smooth,recompute_from_transitions
-11.145488860603283,0.7322529626771352,19696,0.3661264813385676,78,hinge_plateau_smooth,recompute_from_transitions
-11.04390934791117,0.7796916910760554,19674,0.3898458455380277,78,hinge_plateau_smooth,recompute_from_transitions
-10.952159500957954,0.7789304453089775,20798,0.38946522265448874,78,hinge_plateau_smooth,recompute_from_transitions
-10.84346681654596,0.7796190476689792,20137,0.3898095238344896,78,hinge_plateau_smooth,recompute_from_transitions
-10.739132219543766,0.7485473050515224,20067,0.3742736525257612,78,hinge_plateau_smooth,recompute_from_transitions
-10.609223905833444,0.7235704100552484,20070,0.3617852050276242,78,hinge_plateau_smooth,recompute_from_transitions
-10.471849634957888,0.7950057149428882,20064,0.3975028574714441,78,hinge_plateau_smooth,recompute_from_transitions
-10.31697373891645,0.7013835714994835,20041,0.35069178574974175,78,hinge_plateau_smooth,recompute_from_transitions
-10.118493885153654,0.6846136643393996,20098,0.3423068321696998,78,hinge_plateau_smooth,recompute_from_transitions
-9.88123440540288,0.6551271625285715,20067,0.32756358126428575,78,hinge_plateau_smooth,recompute_from_transitions
-9.524695955621969,0.5807394681605454,20066,0.2903697340802727,78,hinge_plateau_smooth,recompute_from_transitions
-8.751612832534938,0.417392628985082,20068,0.208696314492541,78,hinge_plateau_smooth,recompute_from_transitions
-13.215568615552153,0.39995346149614985,19623,0.19997673074807493,79,hinge_plateau_smooth,recompute_from_transitions
-12.873930922403003,0.3201331926019817,20410,0.16006659630099085,79,hinge_plateau_smooth,recompute_from_transitions
-12.713161295167165,0.42273275741506816,20065,0.21136637870753408,79,hinge_plateau_smooth,recompute_from_transitions
-12.56429868561048,0.41314747421658027,20045,0.20657373710829013,79,hinge_plateau_smooth,recompute_from_transitions
-12.430203708843376,0.3722641787906598,20551,0.1861320893953299,79,hinge_plateau_smooth,recompute_from_transitions
-12.358968791936285,0.48461568361624596,19757,0.24230784180812298,79,hinge_plateau_smooth,recompute_from_transitions
-12.27194452041643,0.4353796152852138,20114,0.2176898076426069,79,hinge_plateau_smooth,recompute_from_transitions
-12.172721188636483,0.49776838719178595,20610,0.24888419359589298,79,hinge_plateau_smooth,recompute_from_transitions
-12.091168047981338,0.47392323903059164,20259,0.23696161951529582,79,hinge_plateau_smooth,recompute_from_transitions
-12.020269380207331,0.5320520865848264,20035,0.2660260432924132,79,hinge_plateau_smooth,recompute_from_transitions
-11.940863659675935,0.5244407975675898,20201,0.2622203987837949,79,hinge_plateau_smooth,recompute_from_transitions
-11.875100399764182,0.5385755414247141,20163,0.26928777071235704,79,hinge_plateau_smooth,recompute_from_transitions
-11.779007633472585,0.5844846849260135,19728,0.29224234246300673,79,hinge_plateau_smooth,recompute_from_transitions
-11.695145486236166,0.5744534078165374,20627,0.2872267039082687,79,hinge_plateau_smooth,recompute_from_transitions
-11.63187735383314,0.5469359637463237,20080,0.27346798187316185,79,hinge_plateau_smooth,recompute_from_transitions
-11.562286858219766,0.5736445482526514,20092,0.2868222741263257,79,hinge_plateau_smooth,recompute_from_transitions
-11.477832531920148,0.6874160219291385,20188,0.34370801096456927,79,hinge_plateau_smooth,recompute_from_transitions
-11.396858955150869,0.5549696472494202,20254,0.2774848236247101,79,hinge_plateau_smooth,recompute_from_transitions
-11.31599863352836,0.7013660893229842,20250,0.3506830446614921,79,hinge_plateau_smooth,recompute_from_transitions
-11.242190651427638,0.7631555602696194,20080,0.3815777801348097,79,hinge_plateau_smooth,recompute_from_transitions
-11.145488860603283,0.7380356553236492,19634,0.3690178276618246,79,hinge_plateau_smooth,recompute_from_transitions
-11.043021489204277,0.7235893678612468,19851,0.3617946839306234,79,hinge_plateau_smooth,recompute_from_transitions
-10.950372369530315,0.7862055380736294,21077,0.3931027690368147,79,hinge_plateau_smooth,recompute_from_transitions
-10.841289459577933,0.7319797410322192,20104,0.3659898705161096,79,hinge_plateau_smooth,recompute_from_transitions
-10.73667489758741,0.7348403874305081,20207,0.36742019371525403,79,hinge_plateau_smooth,recompute_from_transitions
-10.608465001933814,0.7723068844358828,20036,0.3861534422179414,79,hinge_plateau_smooth,recompute_from_transitions
-10.4685728085922,0.7243302098560754,20298,0.3621651049280377,79,hinge_plateau_smooth,recompute_from_transitions
-10.319141868732968,0.7183889055815871,20167,0.35919445279079354,79,hinge_plateau_smooth,recompute_from_transitions
-10.122532716899276,0.6859887759200335,20152,0.34299438796001674,79,hinge_plateau_smooth,recompute_from_transitions
-9.882500483236228,0.6419694655574576,20161,0.3209847327787288,79,hinge_plateau_smooth,recompute_from_transitions
-9.520379417891462,0.5938187785322029,20164,0.29690938926610144,79,hinge_plateau_smooth,recompute_from_transitions
-8.754920018891113,0.41666074223798416,20168,0.20833037111899208,79,hinge_plateau_smooth,recompute_from_transitions
-13.215568615552153,0.42378728393343273,20041,0.21189364196671637,80,hinge_plateau_smooth,recompute_from_transitions
-12.860649229000792,0.2902710343133879,20052,0.14513551715669396,80,hinge_plateau_smooth,recompute_from_transitions
-12.710510913170893,0.4395917665411413,19396,0.21979588327057065,80,hinge_plateau_smooth,recompute_from_transitions
-12.557739569963914,0.4304370990234288,20728,0.2152185495117144,80,hinge_plateau_smooth,recompute_from_transitions
-12.42394030351534,0.3768559020687526,19928,0.1884279510343763,80,hinge_plateau_smooth,recompute_from_transitions
-12.344366331759312,0.5204186274271456,19918,0.2602093137135728,80,hinge_plateau_smooth,recompute_from_transitions
-12.262567968992428,0.4363311508375977,20211,0.21816557541879886,80,hinge_plateau_smooth,recompute_from_transitions
-12.16882174978853,0.5680819174197127,20200,0.28404095870985635,80,hinge_plateau_smooth,recompute_from_transitions
-12.090426708733924,0.4599275363049915,19907,0.22996376815249575,80,hinge_plateau_smooth,recompute_from_transitions
-12.020269380207331,0.5542096591457015,19860,0.27710482957285076,80,hinge_plateau_smooth,recompute_from_transitions
-11.940863659675935,0.5039784090712907,20373,0.25198920453564533,80,hinge_plateau_smooth,recompute_from_transitions
-11.876428344003694,0.4872719268022891,19705,0.24363596340114455,80,hinge_plateau_smooth,recompute_from_transitions
-11.779007633472585,0.5719765554843853,20024,0.28598827774219265,80,hinge_plateau_smooth,recompute_from_transitions
-11.69676292781828,0.5727910157171361,20364,0.28639550785856804,80,hinge_plateau_smooth,recompute_from_transitions
-11.63187735383314,0.5631996351516073,20166,0.28159981757580366,80,hinge_plateau_smooth,recompute_from_transitions
-11.562020808875555,0.5656239746934034,19779,0.2828119873467017,80,hinge_plateau_smooth,recompute_from_transitions
-11.475674569324926,0.6919867809738665,20155,0.3459933904869332,80,hinge_plateau_smooth,recompute_from_transitions
-11.396858955150869,0.6294490011738171,20196,0.31472450058690854,80,hinge_plateau_smooth,recompute_from_transitions
-11.313724978901204,0.6594930463378774,20111,0.3297465231689387,80,hinge_plateau_smooth,recompute_from_transitions
-11.238757283452156,0.728799328108129,20021,0.3643996640540645,80,hinge_plateau_smooth,recompute_from_transitions
-11.138900982248124,0.7511384430708824,19945,0.3755692215354412,80,hinge_plateau_smooth,recompute_from_transitions
-11.03885919429917,0.7275419440944476,20188,0.3637709720472238,80,hinge_plateau_smooth,recompute_from_transitions
-10.945233987109434,0.76963725865992,20082,0.38481862932996,80,hinge_plateau_smooth,recompute_from_transitions
-10.84279749439096,0.7436428396923533,20071,0.37182141984617667,80,hinge_plateau_smooth,recompute_from_transitions
-10.73772130947042,0.7643683506465762,20051,0.3821841753232881,80,hinge_plateau_smooth,recompute_from_transitions
-10.608465001933814,0.7520399578547822,20045,0.3760199789273911,80,hinge_plateau_smooth,recompute_from_transitions
-10.47253019044932,0.7600757422328305,20080,0.38003787111641524,80,hinge_plateau_smooth,recompute_from_transitions
-10.31996939583773,0.6929622127044377,19842,0.34648110635221885,80,hinge_plateau_smooth,recompute_from_transitions
-10.127399146927074,0.6374700548990279,20281,0.31873502744951393,80,hinge_plateau_smooth,recompute_from_transitions
-9.894390355379965,0.6458313951288606,20058,0.3229156975644303,80,hinge_plateau_smooth,recompute_from_transitions
-9.535661436897296,0.5782601980054132,20060,0.2891300990027066,80,hinge_plateau_smooth,recompute_from_transitions
-8.776260849290061,0.4185264076687259,20060,0.20926320383436295,80,hinge_plateau_smooth,recompute_from_transitions
-13.215568615552153,0.380870402214334,19755,0.190435201107167,81,hinge_plateau_smooth,recompute_from_transitions
-12.873930922403003,0.3213239122189738,20341,0.1606619561094869,81,hinge_plateau_smooth,recompute_from_transitions
-12.713161295167165,0.41431956659862845,20022,0.20715978329931423,81,hinge_plateau_smooth,recompute_from_transitions
-12.561294512689928,0.4519856950688171,20452,0.22599284753440854,81,hinge_plateau_smooth,recompute_from_transitions
-12.430203708843376,0.37266559650303777,20340,0.18633279825151888,81,hinge_plateau_smooth,recompute_from_transitions
-12.363882337052631,0.5086259647462827,19702,0.25431298237314137,81,hinge_plateau_smooth,recompute_from_transitions
-12.27194452041643,0.42229280156668547,20548,0.21114640078334274,81,hinge_plateau_smooth,recompute_from_transitions
-12.175059099136428,0.5286580142937067,20386,0.26432900714685337,81,hinge_plateau_smooth,recompute_from_transitions
-12.092063728739856,0.46215910794192683,20197,0.23107955397096341,81,hinge_plateau_smooth,recompute_from_transitions
-12.020585328224517,0.5683833667510627,20184,0.28419168337553136,81,hinge_plateau_smooth,recompute_from_transitions
-11.946587451778106,0.5440912682815348,19684,0.2720456341407674,81,hinge_plateau_smooth,recompute_from_transitions
-11.878512914472651,0.5105637054607207,20557,0.25528185273036036,81,hinge_plateau_smooth,recompute_from_transitions
-11.779720922693246,0.5980321540428389,20335,0.29901607702141947,81,hinge_plateau_smooth,recompute_from_transitions
-11.699294887643012,0.6082929323937961,19918,0.30414646619689806,81,hinge_plateau_smooth,recompute_from_transitions
-11.63302268210979,0.5251962293764346,20167,0.2625981146882173,81,hinge_plateau_smooth,recompute_from_transitions
-11.5624399623485,0.5804234134907748,20500,0.2902117067453874,81,hinge_plateau_smooth,recompute_from_transitions
-11.477746959837445,0.705149389455729,20145,0.3525746947278645,81,hinge_plateau_smooth,recompute_from_transitions
-11.396858955150869,0.5693053131556769,20143,0.28465265657783845,81,hinge_plateau_smooth,recompute_from_transitions
-11.313724978901204,0.6713525867265457,20199,0.33567629336327287,81,hinge_plateau_smooth,recompute_from_transitions
-11.23804599180979,0.772859894890562,20034,0.386429947445281,81,hinge_plateau_smooth,recompute_from_transitions
-11.13801962927137,0.7741407765460188,20470,0.3870703882730094,81,hinge_plateau_smooth,recompute_from_transitions
-11.036190739580691,0.7254946170076396,20069,0.3627473085038198,81,hinge_plateau_smooth,recompute_from_transitions
-10.939135941604924,0.7832386043534297,20309,0.39161930217671487,81,hinge_plateau_smooth,recompute_from_transitions
-10.838214387123791,0.7208413216651757,20211,0.36042066083258784,81,hinge_plateau_smooth,recompute_from_transitions
-10.734414736799906,0.7533034789771236,20179,0.3766517394885618,81,hinge_plateau_smooth,recompute_from_transitions
-10.605396238724294,0.7494234593002698,20206,0.3747117296501349,81,hinge_plateau_smooth,recompute_from_transitions
-10.4665924843832,0.7445311853116102,20175,0.3722655926558051,81,hinge_plateau_smooth,recompute_from_transitions
-10.313930777815902,0.7644173468957051,20218,0.38220867344785253,81,hinge_plateau_smooth,recompute_from_transitions
-10.117953562631866,0.6569336377347517,20194,0.32846681886737583,81,hinge_plateau_smooth,recompute_from_transitions
-9.88620402465681,0.6001468317967842,20191,0.3000734158983921,81,hinge_plateau_smooth,recompute_from_transitions
-9.528746824088811,0.6222835768955631,20200,0.31114178844778156,81,hinge_plateau_smooth,recompute_from_transitions
-8.752599596040502,0.4252233547694806,20195,0.2126116773847403,81,hinge_plateau_smooth,recompute_from_transitions
-13.215568615552153,0.4081769921891525,20047,0.20408849609457624,82,hinge_plateau_smooth,recompute_from_transitions
-12.873930922403003,0.2952930113707861,19973,0.14764650568539306,82,hinge_plateau_smooth,recompute_from_transitions
-12.713161295167165,0.4045954126004159,20207,0.20229770630020796,82,hinge_plateau_smooth,recompute_from_transitions
-12.56429868561048,0.4313937600064253,19816,0.21569688000321266,82,hinge_plateau_smooth,recompute_from_transitions
-12.430203708843376,0.3766772046397681,20262,0.18833860231988406,82,hinge_plateau_smooth,recompute_from_transitions
-12.36017280752134,0.4931267293492156,19869,0.2465633646746078,82,hinge_plateau_smooth,recompute_from_transitions
-12.27275004473845,0.4024887282820263,19439,0.20124436414101315,82,hinge_plateau_smooth,recompute_from_transitions
-12.1775056187353,0.5870662474589279,21083,0.29353312372946394,82,hinge_plateau_smooth,recompute_from_transitions
-12.097660668124831,0.4753190794489407,19879,0.23765953972447035,82,hinge_plateau_smooth,recompute_from_transitions
-12.02436563316836,0.5765957906997273,20263,0.28829789534986366,82,hinge_plateau_smooth,recompute_from_transitions
-11.949066537304118,0.5654270622936657,19959,0.28271353114683284,82,hinge_plateau_smooth,recompute_from_transitions
-11.882657574090215,0.5100036877092613,19826,0.25500184385463065,82,hinge_plateau_smooth,recompute_from_transitions
-11.787352136088233,0.5583748204850099,20644,0.27918741024250493,82,hinge_plateau_smooth,recompute_from_transitions
-11.699534345699254,0.562700763985324,20074,0.281350381992662,82,hinge_plateau_smooth,recompute_from_transitions
-11.632985963597555,0.5735791280811393,20121,0.28678956404056966,82,hinge_plateau_smooth,recompute_from_transitions
-11.5624399623485,0.587988899630737,20045,0.2939944498153685,82,hinge_plateau_smooth,recompute_from_transitions
-11.476282435045492,0.6826544558875933,20111,0.34132722794379666,82,hinge_plateau_smooth,recompute_from_transitions
-11.39687553923386,0.6071263022499416,20068,0.3035631511249708,82,hinge_plateau_smooth,recompute_from_transitions
-11.31586934187193,0.6937969849047877,19870,0.34689849245239385,82,hinge_plateau_smooth,recompute_from_transitions
-11.240543307661747,0.7416182692770095,20288,0.37080913463850473,82,hinge_plateau_smooth,recompute_from_transitions
-11.138900982248124,0.7611462283061816,20101,0.3805731141530908,82,hinge_plateau_smooth,recompute_from_transitions
-11.036190739580691,0.7229951473612866,20210,0.3614975736806433,82,hinge_plateau_smooth,recompute_from_transitions
-10.942016292120979,0.7580142673220218,20066,0.3790071336610109,82,hinge_plateau_smooth,recompute_from_transitions
-10.839904162719622,0.728800100487144,20134,0.364400050243572,82,hinge_plateau_smooth,recompute_from_transitions
-10.735997619285762,0.7581134460528336,20087,0.3790567230264168,82,hinge_plateau_smooth,recompute_from_transitions
-10.607249556497942,0.738700440318262,19955,0.369350220159131,82,hinge_plateau_smooth,recompute_from_transitions
-10.46972298573228,0.7470498285698952,20253,0.3735249142849476,82,hinge_plateau_smooth,recompute_from_transitions
-10.315704216722017,0.7133801879949074,20076,0.3566900939974537,82,hinge_plateau_smooth,recompute_from_transitions
-10.12164946884529,0.6647456819733937,20116,0.33237284098669684,82,hinge_plateau_smooth,recompute_from_transitions
-9.88225927893445,0.6387941432996345,20096,0.31939707164981723,82,hinge_plateau_smooth,recompute_from_transitions
-9.520288636899602,0.5902285323732853,20103,0.29511426618664266,82,hinge_plateau_smooth,recompute_from_transitions
-8.74874801526929,0.4302213615296868,20100,0.2151106807648434,82,hinge_plateau_smooth,recompute_from_transitions
-13.215568615552153,0.3979643078396003,19710,0.19898215391980015,83,hinge_plateau_smooth,recompute_from_transitions
-12.873930922403003,0.31916945107034916,20645,0.15958472553517458,83,hinge_plateau_smooth,recompute_from_transitions
-12.705542382119727,0.41160225763243896,19426,0.20580112881621948,83,hinge_plateau_smooth,recompute_from_transitions
-12.557739569963914,0.4224856647711523,20934,0.21124283238557615,83,hinge_plateau_smooth,recompute_from_transitions
-12.42394030351534,0.3991066784207444,19968,0.1995533392103722,83,hinge_plateau_smooth,recompute_from_transitions
-12.344366331759312,0.49087725258370984,19759,0.24543862629185492,83,hinge_plateau_smooth,recompute_from_transitions
-12.259404166259278,0.4347199661469871,20569,0.21735998307349355,83,hinge_plateau_smooth,recompute_from_transitions
-12.16824338788068,0.5343242228272257,20434,0.26716211141361285,83,hinge_plateau_smooth,recompute_from_transitions
-12.08288377446331,0.4760550236235007,19833,0.23802751181175036,83,hinge_plateau_smooth,recompute_from_transitions
-12.018475195490073,0.5619639505105353,19412,0.28098197525526764,83,hinge_plateau_smooth,recompute_from_transitions
-11.932755238660029,0.5550731246758398,20787,0.2775365623379199,83,hinge_plateau_smooth,recompute_from_transitions
-11.864434146898432,0.5052404218069707,20739,0.25262021090348535,83,hinge_plateau_smooth,recompute_from_transitions
-11.773273368513838,0.5959654104831873,20124,0.29798270524159365,83,hinge_plateau_smooth,recompute_from_transitions
-11.689002565547602,0.6085501240410924,20199,0.3042750620205462,83,hinge_plateau_smooth,recompute_from_transitions
-11.62802930858213,0.48996943657279474,20232,0.24498471828639737,83,hinge_plateau_smooth,recompute_from_transitions
-11.549684818023662,0.5853514662770406,20103,0.2926757331385203,83,hinge_plateau_smooth,recompute_from_transitions
-11.467225564317465,0.6702655682662807,20196,0.33513278413314035,83,hinge_plateau_smooth,recompute_from_transitions
-11.388723689919845,0.599415662680848,20254,0.299707831340424,83,hinge_plateau_smooth,recompute_from_transitions
-11.302371086352885,0.7075730469060453,20132,0.35378652345302264,83,hinge_plateau_smooth,recompute_from_transitions
-11.230061760638536,0.750276367434439,20242,0.3751381837172195,83,hinge_plateau_smooth,recompute_from_transitions
-11.129708844793754,0.7431159528048865,20034,0.37155797640244326,83,hinge_plateau_smooth,recompute_from_transitions
-11.030873545631414,0.6866640844944358,20271,0.3433320422472179,83,hinge_plateau_smooth,recompute_from_transitions
-10.935639324676762,0.808942165875785,20200,0.4044710829378925,83,hinge_plateau_smooth,recompute_from_transitions
-10.83275661848182,0.7275649096257352,20163,0.3637824548128676,83,hinge_plateau_smooth,recompute_from_transitions
-10.729844059813548,0.768405207337231,20027,0.3842026036686155,83,hinge_plateau_smooth,recompute_from_transitions
-10.60332000498106,0.7848005834779104,20382,0.3924002917389552,83,hinge_plateau_smooth,recompute_from_transitions
-10.4665924843832,0.7179530775294013,20218,0.35897653876470065,83,hinge_plateau_smooth,recompute_from_transitions
-10.309786943985127,0.7097526410180608,20184,0.3548763205090304,83,hinge_plateau_smooth,recompute_from_transitions
-10.117953562631866,0.6517267519612737,20188,0.32586337598063686,83,hinge_plateau_smooth,recompute_from_transitions
-9.87809299334275,0.6417677342281619,20183,0.32088386711408096,83,hinge_plateau_smooth,recompute_from_transitions
-9.515944144265674,0.5665411894567397,20180,0.28327059472836985,83,hinge_plateau_smooth,recompute_from_transitions
-8.72981773749863,0.4158114213700333,20192,0.20790571068501665,83,hinge_plateau_smooth,recompute_from_transitions
-13.215568615552153,0.39907699023756704,19904,0.19953849511878352,84,hinge_plateau_smooth,recompute_from_transitions
-12.873930922403003,0.2991459651456183,20154,0.14957298257280915,84,hinge_plateau_smooth,recompute_from_transitions
-12.713161295167165,0.42212793443268476,20090,0.21106396721634238,84,hinge_plateau_smooth,recompute_from_transitions
-12.56429868561048,0.4540116346777073,19783,0.22700581733885364,84,hinge_plateau_smooth,recompute_from_transitions
-12.430203708843376,0.3788082058355479,20514,0.18940410291777396,84,hinge_plateau_smooth,recompute_from_transitions
-12.357640847696889,0.506936590545533,19648,0.2534682952727665,84,hinge_plateau_smooth,recompute_from_transitions
-12.273612440309472,0.40892008675490726,19557,0.20446004337745363,84,hinge_plateau_smooth,recompute_from_transitions
-12.178379711278886,0.590765983432785,20630,0.2953829917163925,84,hinge_plateau_smooth,recompute_from_transitions
-12.097660668124831,0.4442898145209451,20421,0.22214490726047256,84,hinge_plateau_smooth,recompute_from_transitions
-12.02436563316836,0.5210467674787536,19880,0.2605233837393768,84,hinge_plateau_smooth,recompute_from_transitions
-11.955149926079956,0.5496130421116319,19380,0.27480652105581593,84,hinge_plateau_smooth,recompute_from_transitions
-11.886220965906643,0.498710951774909,21331,0.2493554758874545,84,hinge_plateau_smooth,recompute_from_transitions
-11.783203234333312,0.5857376836833962,20150,0.2928688418416981,84,hinge_plateau_smooth,recompute_from_transitions
-11.70017544252683,0.5602930241456849,20111,0.28014651207284247,84,hinge_plateau_smooth,recompute_from_transitions
-11.639199354236514,0.5515036683706976,20042,0.2757518341853488,84,hinge_plateau_smooth,recompute_from_transitions
-11.566220267292575,0.5651542769223127,19923,0.28257713846115634,84,hinge_plateau_smooth,recompute_from_transitions
-11.481911918673427,0.7446579504159817,20354,0.37232897520799085,84,hinge_plateau_smooth,recompute_from_transitions
-11.397984148998304,0.5351649708612174,20126,0.2675824854306087,84,hinge_plateau_smooth,recompute_from_transitions
-11.31599863352836,0.6654164209073721,19927,0.33270821045368604,84,hinge_plateau_smooth,recompute_from_transitions
-11.242190651427638,0.7395139957818412,20244,0.3697569978909206,84,hinge_plateau_smooth,recompute_from_transitions
-11.145488860603283,0.7047964876255179,19577,0.35239824381275897,84,hinge_plateau_smooth,recompute_from_transitions
-11.043021489204277,0.7861539888540932,20061,0.3930769944270466,84,hinge_plateau_smooth,recompute_from_transitions
-10.952861235229005,0.730808775260672,20739,0.365404387630336,84,hinge_plateau_smooth,recompute_from_transitions
-10.843126891938255,0.7362627963323249,20128,0.36813139816616247,84,hinge_plateau_smooth,recompute_from_transitions
-10.73772130947042,0.7625232710436327,20107,0.38126163552181636,84,hinge_plateau_smooth,recompute_from_transitions
-10.609223905833444,0.7560261435928013,20112,0.37801307179640065,84,hinge_plateau_smooth,recompute_from_transitions
-10.47240718395007,0.7326336549598141,20121,0.36631682747990707,84,hinge_plateau_smooth,recompute_from_transitions
-10.319402067702468,0.6939968509623938,20106,0.3469984254811969,84,hinge_plateau_smooth,recompute_from_transitions
-10.12348325146383,0.6448645990925146,20117,0.3224322995462573,84,hinge_plateau_smooth,recompute_from_transitions
-9.887589856303055,0.6103228401698516,20090,0.3051614200849258,84,hinge_plateau_smooth,recompute_from_transitions
-9.52965866285052,0.5566708409766016,20133,0.2783354204883008,84,hinge_plateau_smooth,recompute_from_transitions
-8.752147705469383,0.416054940329362,20112,0.208027470164681,84,hinge_plateau_smooth,recompute_from_transitions
-13.215568615552153,0.4074918437709059,19687,0.20374592188545296,85,hinge_plateau_smooth,recompute_from_transitions
-12.873930922403003,0.3077352397926102,20178,0.1538676198963051,85,hinge_plateau_smooth,recompute_from_transitions
-12.710510913170893,0.4026798787084961,20393,0.20133993935424804,85,hinge_plateau_smooth,recompute_from_transitions
-12.557739569963914,0.4248567523654162,20001,0.2124283761827081,85,hinge_plateau_smooth,recompute_from_transitions
-12.430203708843376,0.38651319489822505,20002,0.19325659744911253,85,hinge_plateau_smooth,recompute_from_transitions
-12.357640847696889,0.4825446123642926,19429,0.2412723061821463,85,hinge_plateau_smooth,recompute_from_transitions
-12.27194452041643,0.42151425672338494,20942,0.21075712836169247,85,hinge_plateau_smooth,recompute_from_transitions
-12.172721188636483,0.5146633318056855,20237,0.25733166590284273,85,hinge_plateau_smooth,recompute_from_transitions
-12.091168047981338,0.5019321360917768,20119,0.2509660680458884,85,hinge_plateau_smooth,recompute_from_transitions
-12.02147339579247,0.5296609247857564,19913,0.2648304623928782,85,hinge_plateau_smooth,recompute_from_transitions
-11.952175739666302,0.5575328638016099,20061,0.27876643190080497,85,hinge_plateau_smooth,recompute_from_transitions
-11.882232770753957,0.4953477305809113,20138,0.24767386529045565,85,hinge_plateau_smooth,recompute_from_transitions
-11.783203234333312,0.5918654334006505,20272,0.2959327167003252,85,hinge_plateau_smooth,recompute_from_transitions
-11.700411993515722,0.5669273481362384,20012,0.2834636740681192,85,hinge_plateau_smooth,recompute_from_transitions
-11.63302268210979,0.5880653720112837,20167,0.29403268600564186,85,hinge_plateau_smooth,recompute_from_transitions
-11.565573145207466,0.5826931488790538,20014,0.2913465744395269,85,hinge_plateau_smooth,recompute_from_transitions
-11.484284234337476,0.6969318216360871,19554,0.34846591081804357,85,hinge_plateau_smooth,recompute_from_transitions
-11.40488575729036,0.5663940784048077,20841,0.28319703920240386,85,hinge_plateau_smooth,recompute_from_transitions
-11.32120497090742,0.6825343572478816,20135,0.3412671786239408,85,hinge_plateau_smooth,recompute_from_transitions
-11.244882653705789,0.7369482257737153,20106,0.36847411288685766,85,hinge_plateau_smooth,recompute_from_transitions
-11.145488860603283,0.744263874713375,19440,0.3721319373566875,85,hinge_plateau_smooth,recompute_from_transitions
-11.04390934791117,0.7817109283228699,20297,0.39085546416143496,85,hinge_plateau_smooth,recompute_from_transitions
-10.952159500957954,0.7958793293763453,20571,0.39793966468817266,85,hinge_plateau_smooth,recompute_from_transitions
-10.845986512451592,0.7086384948823404,20133,0.3543192474411702,85,hinge_plateau_smooth,recompute_from_transitions
-10.739492868426472,0.7474145825342765,20125,0.37370729126713825,85,hinge_plateau_smooth,recompute_from_transitions
-10.609223905833444,0.7644609017749792,20091,0.3822304508874896,85,hinge_plateau_smooth,recompute_from_transitions
-10.472498144197138,0.7493334570030141,20132,0.37466672850150706,85,hinge_plateau_smooth,recompute_from_transitions
-10.320044848588662,0.686373710047808,19976,0.343186855023904,85,hinge_plateau_smooth,recompute_from_transitions
-10.12781394310677,0.6783325326395793,20246,0.33916626631978963,85,hinge_plateau_smooth,recompute_from_transitions
-9.892904169575482,0.6297287210145471,20106,0.31486436050727357,85,hinge_plateau_smooth,recompute_from_transitions
-9.536128335065085,0.6094108717040475,20119,0.30470543585202375,85,hinge_plateau_smooth,recompute_from_transitions
-8.804377881593759,0.4477682853144246,20111,0.2238841426572123,85,hinge_plateau_smooth,recompute_from_transitions
-13.215568615552153,0.38018277326440864,19803,0.19009138663220432,86,hinge_plateau_smooth,recompute_from_transitions
-12.873930922403003,0.3043917585342923,20115,0.15219587926714614,86,hinge_plateau_smooth,recompute_from_transitions
-12.710510913170893,0.4117725806120422,20169,0.2058862903060211,86,hinge_plateau_smooth,recompute_from_transitions
-12.557739569963914,0.47195275831184186,19658,0.23597637915592093,86,hinge_plateau_smooth,recompute_from_transitions
-12.42707200617936,0.38547043318067786,20874,0.19273521659033893,86,hinge_plateau_smooth,recompute_from_transitions
-12.357640847696889,0.5076242640497118,19284,0.2538121320248559,86,hinge_plateau_smooth,recompute_from_transitions
-12.27194452041643,0.4351158893072729,20801,0.21755794465363645,86,hinge_plateau_smooth,recompute_from_transitions
-12.172721188636483,0.5084664447569861,20325,0.25423322237849305,86,hinge_plateau_smooth,recompute_from_transitions
-12.090428487980128,0.439709627900776,20368,0.219854813950388,86,hinge_plateau_smooth,recompute_from_transitions
-12.020014114773264,0.5408889171003881,19784,0.27044445855019406,86,hinge_plateau_smooth,recompute_from_transitions
-11.940863659675935,0.5094410664261793,20439,0.25472053321308963,86,hinge_plateau_smooth,recompute_from_transitions
-11.875100399764182,0.5028423003645947,19918,0.2514211501822973,86,hinge_plateau_smooth,recompute_from_transitions
-11.7753186339949,0.5953420934431494,20645,0.2976710467215747,86,hinge_plateau_smooth,recompute_from_transitions
-11.690588433174495,0.5909160197776386,20182,0.2954580098888193,86,hinge_plateau_smooth,recompute_from_transitions
-11.630622471622218,0.5358240673418309,19456,0.26791203367091543,86,hinge_plateau_smooth,recompute_from_transitions
-11.559992507710836,0.5771288512084968,20782,0.2885644256042484,86,hinge_plateau_smooth,recompute_from_transitions
-11.472250732243731,0.7044091876421863,20294,0.35220459382109315,86,hinge_plateau_smooth,recompute_from_transitions
-11.391313608637802,0.5876004782899604,20175,0.2938002391449802,86,hinge_plateau_smooth,recompute_from_transitions
-11.309518407188891,0.6882499838456068,19504,0.3441249919228034,86,hinge_plateau_smooth,recompute_from_transitions
-11.236649638993653,0.7651963719203577,20633,0.38259818596017886,86,hinge_plateau_smooth,recompute_from_transitions
-11.135824520249049,0.7565107791196204,20375,0.3782553895598102,86,hinge_plateau_smooth,recompute_from_transitions
-11.034916119647551,0.7324057261270867,20111,0.3662028630635433,86,hinge_plateau_smooth,recompute_from_transitions
-10.938330417282776,0.785209955469127,20233,0.3926049777345635,86,hinge_plateau_smooth,recompute_from_transitions
-10.835833080480954,0.7382274989049247,20164,0.36911374945246234,86,hinge_plateau_smooth,recompute_from_transitions
-10.731848217878603,0.7787640506386968,20070,0.3893820253193484,86,hinge_plateau_smooth,recompute_from_transitions
-10.604353052872677,0.7445249158767608,20279,0.3722624579383804,86,hinge_plateau_smooth,recompute_from_transitions
-10.4665924843832,0.7626639419760105,20174,0.38133197098800525,86,hinge_plateau_smooth,recompute_from_transitions
-10.308160680414106,0.701419800361428,20047,0.350709900180714,86,hinge_plateau_smooth,recompute_from_transitions
-10.117502297853909,0.7022986255414138,20296,0.3511493127707069,86,hinge_plateau_smooth,recompute_from_transitions
-9.88123440540288,0.6404800305013656,20171,0.3202400152506828,86,hinge_plateau_smooth,recompute_from_transitions
-9.517425832361258,0.6037995884785734,20167,0.3018997942392867,86,hinge_plateau_smooth,recompute_from_transitions
-8.758829597994824,0.43071707871692416,20177,0.21535853935846208,86,hinge_plateau_smooth,recompute_from_transitions
-13.289294607776606,0.38684959914392314,18951,0.19342479957196157,87,hinge_plateau_smooth,recompute_from_transitions
-12.89260136157762,0.28768748086688983,21067,0.14384374043344492,87,hinge_plateau_smooth,recompute_from_transitions
-12.710510913170893,0.4238559257794578,20233,0.2119279628897289,87,hinge_plateau_smooth,recompute_from_transitions
-12.557739569963914,0.4428645562147046,20281,0.2214322781073523,87,hinge_plateau_smooth,recompute_from_transitions
-12.42394030351534,0.3956749594443328,19881,0.1978374797221664,87,hinge_plateau_smooth,recompute_from_transitions
-12.344366331759312,0.4877248193761391,19684,0.24386240968806955,87,hinge_plateau_smooth,recompute_from_transitions
-12.268666397113726,0.4476098861606779,20314,0.22380494308033894,87,hinge_plateau_smooth,recompute_from_transitions
-12.16824338788068,0.5231729802102234,20351,0.2615864901051117,87,hinge_plateau_smooth,recompute_from_transitions
-12.090022719704764,0.46116429532365955,20457,0.23058214766182977,87,hinge_plateau_smooth,recompute_from_transitions
-12.020014114773264,0.5909515172478671,19328,0.29547575862393355,87,hinge_plateau_smooth,recompute_from_transitions
-11.9389012237277,0.5395622903491679,20723,0.26978114517458396,87,hinge_plateau_smooth,recompute_from_transitions
-11.874364012717782,0.515341041432602,20211,0.257670520716301,87,hinge_plateau_smooth,recompute_from_transitions
-11.779007633472585,0.560784582382512,19807,0.280392291191256,87,hinge_plateau_smooth,recompute_from_transitions
-11.698090872057822,0.5898275096320048,20455,0.2949137548160024,87,hinge_plateau_smooth,recompute_from_transitions
-11.63187735383314,0.5267875839782864,20263,0.2633937919891432,87,hinge_plateau_smooth,recompute_from_transitions
-11.562215137958884,0.6037100005460471,19695,0.30185500027302353,87,hinge_plateau_smooth,recompute_from_transitions
-11.475096207417025,0.6678335161149526,20608,0.3339167580574763,87,hinge_plateau_smooth,recompute_from_transitions
-11.391313608637802,0.5905160065572099,20126,0.29525800327860496,87,hinge_plateau_smooth,recompute_from_transitions
-11.308488412418376,0.7025947493643726,20082,0.3512973746821863,87,hinge_plateau_smooth,recompute_from_transitions
-11.236649638993653,0.7412631163670963,19794,0.37063155818354815,87,hinge_plateau_smooth,recompute_from_transitions
-11.135824520249049,0.7252839250712303,20547,0.36264196253561515,87,hinge_plateau_smooth,recompute_from_transitions
-11.030873545631414,0.6833398182922148,20056,0.3416699091461074,87,hinge_plateau_smooth,recompute_from_transitions
-10.935639324676762,0.810662599648547,20202,0.4053312998242735,87,hinge_plateau_smooth,recompute_from_transitions
-10.833458185538005,0.7160718876549075,20060,0.35803594382745374,87,hinge_plateau_smooth,recompute_from_transitions
-10.733075602718024,0.7783502343887984,20222,0.3891751171943992,87,hinge_plateau_smooth,recompute_from_transitions
-10.605396238724294,0.7319387999802104,20120,0.3659693999901052,87,hinge_plateau_smooth,recompute_from_transitions
-10.4665924843832,0.7670563271279586,20168,0.3835281635639793,87,hinge_plateau_smooth,recompute_from_transitions
-10.312810176787387,0.7139794969411993,20133,0.35698974847059967,87,hinge_plateau_smooth,recompute_from_transitions
-10.11989355165721,0.6963353496321077,20142,0.3481676748160539,87,hinge_plateau_smooth,recompute_from_transitions
-9.882500483236228,0.6098123661751814,20133,0.3049061830875907,87,hinge_plateau_smooth,recompute_from_transitions
-9.525258101602164,0.553664742952275,20139,0.2768323714761375,87,hinge_plateau_smooth,recompute_from_transitions
-8.754037152542667,0.4066280885902436,20138,0.2033140442951218,87,hinge_plateau_smooth,recompute_from_transitions
-13.215568615552153,0.3917167117153158,19631,0.1958583558576579,88,hinge_plateau_smooth,recompute_from_transitions
-12.873930922403003,0.28416991130271496,20088,0.14208495565135748,88,hinge_plateau_smooth,recompute_from_transitions
-12.710510913170893,0.40523665516882074,20407,0.20261832758441037,88,hinge_plateau_smooth,recompute_from_transitions
-12.557739569963914,0.4542649512374584,19814,0.2271324756187292,88,hinge_plateau_smooth,recompute_from_transitions
-12.42707200617936,0.4042063957844534,20506,0.2021031978922267,88,hinge_plateau_smooth,recompute_from_transitions
-12.357640847696889,0.513775574820279,19625,0.2568877874101395,88,hinge_plateau_smooth,recompute_from_transitions
-12.270626791332338,0.38430146352283806,20269,0.19215073176141903,88,hinge_plateau_smooth,recompute_from_transitions
-12.172496213217798,0.5032387328979667,20432,0.25161936644898336,88,hinge_plateau_smooth,recompute_from_transitions
-12.091168047981338,0.43133770672953625,20278,0.21566885336476813,88,hinge_plateau_smooth,recompute_from_transitions
-12.020014114773264,0.5955138622444834,20293,0.2977569311222417,88,hinge_plateau_smooth,recompute_from_transitions
-11.944041369378144,0.5406215766364062,19784,0.2703107883182031,88,hinge_plateau_smooth,recompute_from_transitions
-11.878512914472651,0.47452193678522425,20507,0.23726096839261213,88,hinge_plateau_smooth,recompute_from_transitions
-11.779367904917422,0.5868404494198636,20030,0.2934202247099318,88,hinge_plateau_smooth,recompute_from_transitions
-11.698243294090917,0.5657096872546309,20111,0.28285484362731544,88,hinge_plateau_smooth,recompute_from_transitions
-11.63187735383314,0.5749655675331665,19858,0.28748278376658326,88,hinge_plateau_smooth,recompute_from_transitions
-11.5624399623485,0.6088416796166757,20511,0.30442083980833784,88,hinge_plateau_smooth,recompute_from_transitions
-11.477832531920148,0.6578104900311523,20137,0.32890524501557616,88,hinge_plateau_smooth,recompute_from_transitions
-11.39687553923386,0.5940201733330097,20133,0.29701008666650486,88,hinge_plateau_smooth,recompute_from_transitions
-11.313724978901204,0.675950134317629,20150,0.3379750671588145,88,hinge_plateau_smooth,recompute_from_transitions
-11.238757283452156,0.7349496486236666,20042,0.3674748243118333,88,hinge_plateau_smooth,recompute_from_transitions
-11.138900982248124,0.7604436893862675,20065,0.38022184469313375,88,hinge_plateau_smooth,recompute_from_transitions
-11.03885919429917,0.7475854809020213,20313,0.37379274045101063,88,hinge_plateau_smooth,recompute_from_transitions
-10.946368121750512,0.8150371154128796,20005,0.4075185577064398,88,hinge_plateau_smooth,recompute_from_transitions
-10.841289459577933,0.7365193837115146,20250,0.3682596918557573,88,hinge_plateau_smooth,recompute_from_transitions
-10.73639019561868,0.7262332645360022,20160,0.3631166322680011,88,hinge_plateau_smooth,recompute_from_transitions
-10.607249556497942,0.7498335642768357,19851,0.37491678213841784,88,hinge_plateau_smooth,recompute_from_transitions
-10.46919559800739,0.7595429569241107,20414,0.37977147846205533,88,hinge_plateau_smooth,recompute_from_transitions
-10.318996496446363,0.7543873888400479,20134,0.37719369442002393,88,hinge_plateau_smooth,recompute_from_transitions
-10.124969737389092,0.6869115247813142,20150,0.3434557623906571,88,hinge_plateau_smooth,recompute_from_transitions
-9.891883304161176,0.6390943507234246,20115,0.3195471753617123,88,hinge_plateau_smooth,recompute_from_transitions
-9.53329543923608,0.5534007108293356,20156,0.2767003554146678,88,hinge_plateau_smooth,recompute_from_transitions
-8.788672543848062,0.4421418780352529,20138,0.22107093901762645,88,hinge_plateau_smooth,recompute_from_transitions
-13.215568615552153,0.3954269548125088,19924,0.1977134774062544,89,hinge_plateau_smooth,recompute_from_transitions
-12.873930922403003,0.3053653528909212,20036,0.1526826764454606,89,hinge_plateau_smooth,recompute_from_transitions
-12.713161295167165,0.42509849646311637,20087,0.21254924823155819,89,hinge_plateau_smooth,recompute_from_transitions
-12.557739569963914,0.4360171165916153,19844,0.21800855829580765,89,hinge_plateau_smooth,recompute_from_transitions
-12.42707200617936,0.3744838238341429,20567,0.18724191191707146,89,hinge_plateau_smooth,recompute_from_transitions
-12.344366331759312,0.4984040842378788,20289,0.2492020421189394,89,hinge_plateau_smooth,recompute_from_transitions
-12.268666397113726,0.4571897442341532,20012,0.2285948721170766,89,hinge_plateau_smooth,recompute_from_transitions
-12.16882174978853,0.5477512281065184,19998,0.2738756140532592,89,hinge_plateau_smooth,recompute_from_transitions
-12.090426708733924,0.4863869500577254,20440,0.2431934750288627,89,hinge_plateau_smooth,recompute_from_transitions
-12.020014114773264,0.5286580141861478,20124,0.2643290070930739,89,hinge_plateau_smooth,recompute_from_transitions
-11.949066537304118,0.5173210319187689,19501,0.25866051595938444,89,hinge_plateau_smooth,recompute_from_transitions
-11.87776586195074,0.518049429551077,20472,0.2590247147755385,89,hinge_plateau_smooth,recompute_from_transitions
-11.779007633472585,0.5596326638413947,19973,0.2798163319206973,89,hinge_plateau_smooth,recompute_from_transitions
-11.698090872057822,0.5749522792123578,20605,0.2874761396061789,89,hinge_plateau_smooth,recompute_from_transitions
-11.63302268210979,0.5660700807390038,19946,0.2830350403695019,89,hinge_plateau_smooth,recompute_from_transitions
-11.564931219048146,0.5884299460249725,20314,0.2942149730124862,89,hinge_plateau_smooth,recompute_from_transitions
-11.48155238820163,0.6873568201907516,20145,0.3436784100953758,89,hinge_plateau_smooth,recompute_from_transitions
-11.398020867510535,0.5669705493263484,20055,0.2834852746631742,89,hinge_plateau_smooth,recompute_from_transitions
-11.31599863352836,0.686814222234549,20138,0.3434071111172745,89,hinge_plateau_smooth,recompute_from_transitions
-11.240543307661747,0.7306710615280788,20119,0.3653355307640394,89,hinge_plateau_smooth,recompute_from_transitions
-11.13801962927137,0.7476391617681195,20177,0.37381958088405975,89,hinge_plateau_smooth,recompute_from_transitions
-11.038416967710122,0.7038674226498123,20179,0.35193371132490614,89,hinge_plateau_smooth,recompute_from_transitions
-10.942756306561911,0.7687241932449501,20154,0.38436209662247506,89,hinge_plateau_smooth,recompute_from_transitions
-10.840288935161665,0.6931163668568787,20120,0.34655818342843936,89,hinge_plateau_smooth,recompute_from_transitions
-10.735997619285762,0.7811221746979041,20150,0.39056108734895206,89,hinge_plateau_smooth,recompute_from_transitions
-10.607951237360746,0.7898496484938815,19884,0.39492482424694075,89,hinge_plateau_smooth,recompute_from_transitions
-10.467572993485724,0.7084336326270707,20394,0.35421681631353535,89,hinge_plateau_smooth,recompute_from_transitions
-10.30985295484004,0.7144595688831343,20134,0.35722978444156717,89,hinge_plateau_smooth,recompute_from_transitions
-10.117953562631866,0.68347323947759,20113,0.341736619738795,89,hinge_plateau_smooth,recompute_from_transitions
-9.874782702985051,0.6511245403967522,20155,0.3255622701983761,89,hinge_plateau_smooth,recompute_from_transitions
-9.512801741065129,0.5842723815799372,20135,0.2921361907899686,89,hinge_plateau_smooth,recompute_from_transitions
-8.744481943412387,0.4157931201385368,20139,0.2078965600692684,89,hinge_plateau_smooth,recompute_from_transitions
-13.215568615552153,0.40397870295300264,19896,0.20198935147650132,90,hinge_plateau_smooth,recompute_from_transitions
-12.883829499865389,0.29271629437429825,20194,0.14635814718714912,90,hinge_plateau_smooth,recompute_from_transitions
-12.710510913170893,0.43059228498047647,20030,0.21529614249023823,90,hinge_plateau_smooth,recompute_from_transitions
-12.557739569963914,0.422037578662977,20150,0.2110187893314885,90,hinge_plateau_smooth,recompute_from_transitions
-12.430203708843376,0.3965451081631936,20081,0.1982725540815968,90,hinge_plateau_smooth,recompute_from_transitions
-12.357640847696889,0.5003207424531214,19361,0.2501603712265607,90,hinge_plateau_smooth,recompute_from_transitions
-12.27194452041643,0.4411644293683427,20594,0.22058221468417136,90,hinge_plateau_smooth,recompute_from_transitions
-12.175059099136428,0.513862761931814,20586,0.256931380965907,90,hinge_plateau_smooth,recompute_from_transitions
-12.090426708733924,0.4595920645350313,20009,0.22979603226751566,90,hinge_plateau_smooth,recompute_from_transitions
-12.020014114773264,0.5676350925644928,20145,0.2838175462822464,90,hinge_plateau_smooth,recompute_from_transitions
-11.944041369378144,0.5495751485826248,19839,0.2747875742913124,90,hinge_plateau_smooth,recompute_from_transitions
-11.87776586195074,0.4726005009340909,20538,0.23630025046704545,90,hinge_plateau_smooth,recompute_from_transitions
-11.783203234333312,0.5794429940736018,20031,0.2897214970368009,90,hinge_plateau_smooth,recompute_from_transitions
-11.698243294090917,0.5689024545564224,20179,0.2844512272782112,90,hinge_plateau_smooth,recompute_from_transitions
-11.63187735383314,0.537748301973554,20128,0.268874150986777,90,hinge_plateau_smooth,recompute_from_transitions
-11.562286858219766,0.5843037856400314,20031,0.2921518928200157,90,hinge_plateau_smooth,recompute_from_transitions
-11.476390794409149,0.6581722076430423,20182,0.32908610382152115,90,hinge_plateau_smooth,recompute_from_transitions
-11.394735225109134,0.6093609179470474,20140,0.3046804589735237,90,hinge_plateau_smooth,recompute_from_transitions
-11.309518407188891,0.7330491263242574,20057,0.3665245631621287,90,hinge_plateau_smooth,recompute_from_transitions
-11.236649638993653,0.7456113056208589,20162,0.37280565281042943,90,hinge_plateau_smooth,recompute_from_transitions
-11.136467330176387,0.7855796383321693,20134,0.39278981916608463,90,hinge_plateau_smooth,recompute_from_transitions
-11.037375796013333,0.6763678595976759,20045,0.33818392979883793,90,hinge_plateau_smooth,recompute_from_transitions
-10.9422187203434,0.8280196485226472,20208,0.4140098242613236,90,hinge_plateau_smooth,recompute_from_transitions
-10.838045091203927,0.7055821812994006,20128,0.3527910906497003,90,hinge_plateau_smooth,recompute_from_transitions
-10.734742737074756,0.7790299341710103,19964,0.38951496708550515,90,hinge_plateau_smooth,recompute_from_transitions
-10.607249556497942,0.7619182820567869,20252,0.38095914102839346,90,hinge_plateau_smooth,recompute_from_transitions
-10.4665924843832,0.7445573132275419,20144,0.37227865661377096,90,hinge_plateau_smooth,recompute_from_transitions
-10.315483289366092,0.7111747511721637,20117,0.35558737558608183,90,hinge_plateau_smooth,recompute_from_transitions
-10.121664910848716,0.6984651893614519,20104,0.3492325946807259,90,hinge_plateau_smooth,recompute_from_transitions
-9.882500483236228,0.6215755722783503,20133,0.3107877861391751,90,hinge_plateau_smooth,recompute_from_transitions
-9.524123829951428,0.5623606995641799,20118,0.28118034978208994,90,hinge_plateau_smooth,recompute_from_transitions
-8.737412985206204,0.39946049656229604,20123,0.19973024828114802,90,hinge_plateau_smooth,recompute_from_transitions
-13.215568615552153,0.3829853647699654,19831,0.1914926823849827,91,hinge_plateau_smooth,recompute_from_transitions
-12.873930922403003,0.30752589136550773,19997,0.15376294568275387,91,hinge_plateau_smooth,recompute_from_transitions
-12.710510913170893,0.4123842133517503,20063,0.20619210667587515,91,hinge_plateau_smooth,recompute_from_transitions
-12.557739569963914,0.45273895087567706,20004,0.22636947543783853,91,hinge_plateau_smooth,recompute_from_transitions
-12.42693850381749,0.39128747239580636,20785,0.19564373619790318,91,hinge_plateau_smooth,recompute_from_transitions
-12.344366331759312,0.5009870904764316,20261,0.2504935452382158,91,hinge_plateau_smooth,recompute_from_transitions
-12.26153494564515,0.42415244911060257,19942,0.21207622455530128,91,hinge_plateau_smooth,recompute_from_transitions
-12.16882174978853,0.5281679294995738,20274,0.2640839647497869,91,hinge_plateau_smooth,recompute_from_transitions
-12.08288377446331,0.4821712856898734,20288,0.2410856428449367,91,hinge_plateau_smooth,recompute_from_transitions
-12.018475195490073,0.5499502337185139,19843,0.27497511685925696,91,hinge_plateau_smooth,recompute_from_transitions
-11.934751710886344,0.525285210333453,20215,0.2626426051667265,91,hinge_plateau_smooth,recompute_from_transitions
-11.868147332272631,0.4873724863389315,20323,0.24368624316946574,91,hinge_plateau_smooth,recompute_from_transitions
-11.774463507830706,0.5864001772835556,20297,0.2932000886417778,91,hinge_plateau_smooth,recompute_from_transitions
-11.690588433174495,0.5713324533344183,20119,0.28566622666720914,91,hinge_plateau_smooth,recompute_from_transitions
-11.630622471622218,0.5283902544243152,19620,0.2641951272121576,91,hinge_plateau_smooth,recompute_from_transitions
-11.56135957424332,0.5789964044359363,20587,0.2894982022179681,91,hinge_plateau_smooth,recompute_from_transitions
-11.475096207417025,0.6946728052197843,20222,0.3473364026098921,91,hinge_plateau_smooth,recompute_from_transitions
-11.391313608637802,0.5796803121808353,20077,0.28984015609041763,91,hinge_plateau_smooth,recompute_from_transitions
-11.309518407188891,0.6961362868000764,20071,0.3480681434000382,91,hinge_plateau_smooth,recompute_from_transitions
-11.235036945330286,0.7650044588898441,20216,0.38250222944492207,91,hinge_plateau_smooth,recompute_from_transitions
-11.134978797950042,0.7800813697840706,20393,0.3900406848920353,91,hinge_plateau_smooth,recompute_from_transitions
-11.030873545631414,0.7043366351199015,20144,0.35216831755995076,91,hinge_plateau_smooth,recompute_from_transitions
-10.936877604399715,0.8110297363065712,20205,0.4055148681532856,91,hinge_plateau_smooth,recompute_from_transitions
-10.833662211458313,0.7175495796586308,19835,0.3587747898293154,91,hinge_plateau_smooth,recompute_from_transitions
-10.731197724422264,0.7631994769251524,20495,0.3815997384625762,91,hinge_plateau_smooth,recompute_from_transitions
-10.603746287280842,0.7631982267859564,20164,0.3815991133929782,91,hinge_plateau_smooth,recompute_from_transitions
-10.463624587456254,0.7269884783058026,20163,0.3634942391529013,91,hinge_plateau_smooth,recompute_from_transitions
-10.308160680414106,0.7510372818591462,20164,0.3755186409295731,91,hinge_plateau_smooth,recompute_from_transitions
-10.11458281379431,0.6447961435359291,20089,0.32239807176796453,91,hinge_plateau_smooth,recompute_from_transitions
-9.869102859893804,0.6283904222508586,20247,0.3141952111254293,91,hinge_plateau_smooth,recompute_from_transitions
-9.508063360885021,0.5504788074212966,20164,0.2752394037106483,91,hinge_plateau_smooth,recompute_from_transitions
-8.728269585562078,0.4025210805643675,20166,0.20126054028218374,91,hinge_plateau_smooth,recompute_from_transitions
-13.215568615552153,0.36603811077703136,20052,0.18301905538851568,92,hinge_plateau_smooth,recompute_from_transitions
-12.873930922403003,0.29644404321479056,20084,0.14822202160739528,92,hinge_plateau_smooth,recompute_from_transitions
-12.713161295167165,0.4220750803195389,20177,0.21103754015976944,92,hinge_plateau_smooth,recompute_from_transitions
-12.56429868561048,0.4382833369050116,19754,0.2191416684525058,92,hinge_plateau_smooth,recompute_from_transitions
-12.430203708843376,0.3824257555863871,20226,0.19121287779319354,92,hinge_plateau_smooth,recompute_from_transitions
-12.359483944707067,0.4919567611109538,19921,0.2459783805554769,92,hinge_plateau_smooth,recompute_from_transitions
-12.270626791332338,0.4010547297770953,20604,0.20052736488854764,92,hinge_plateau_smooth,recompute_from_transitions
-12.172721188636483,0.49745032977367104,20043,0.24872516488683552,92,hinge_plateau_smooth,recompute_from_transitions
-12.091131329469109,0.5097285597244002,20209,0.2548642798622001,92,hinge_plateau_smooth,recompute_from_transitions
-12.020014114773264,0.5494135361058735,19944,0.27470676805293676,92,hinge_plateau_smooth,recompute_from_transitions
-11.940863659675935,0.5160523153033305,20308,0.25802615765166526,92,hinge_plateau_smooth,recompute_from_transitions
-11.876428344003694,0.5203066123329038,20138,0.2601533061664519,92,hinge_plateau_smooth,recompute_from_transitions
-11.779007633472585,0.5661066688253894,19713,0.2830533344126947,92,hinge_plateau_smooth,recompute_from_transitions
-11.698090872057822,0.5749439877570977,20330,0.2874719938785488,92,hinge_plateau_smooth,recompute_from_transitions
-11.63302268210979,0.5270579458746651,20101,0.2635289729373326,92,hinge_plateau_smooth,recompute_from_transitions
-11.564931219048146,0.5522497445194327,20329,0.2761248722597163,92,hinge_plateau_smooth,recompute_from_transitions
-11.482398110500611,0.67086582736245,20115,0.335432913681225,92,hinge_plateau_smooth,recompute_from_transitions
-11.398020867510535,0.5357296961875863,19958,0.26786484809379313,92,hinge_plateau_smooth,recompute_from_transitions
-11.31599863352836,0.704947826386164,19869,0.352473913193082,92,hinge_plateau_smooth,recompute_from_transitions
-11.242745145234796,0.689148189024821,20400,0.3445740945124105,92,hinge_plateau_smooth,recompute_from_transitions
-11.141282288890922,0.7296025488769834,20144,0.3648012744384917,92,hinge_plateau_smooth,recompute_from_transitions
-11.042554068068512,0.7572158021879217,19417,0.37860790109396086,92,hinge_plateau_smooth,recompute_from_transitions
-10.951389077320938,0.7349544224016396,20824,0.3674772112008198,92,hinge_plateau_smooth,recompute_from_transitions
-10.842420958836232,0.7344273851134694,20219,0.3672136925567347,92,hinge_plateau_smooth,recompute_from_transitions
-10.737142947562488,0.7384304375624843,20171,0.36921521878124214,92,hinge_plateau_smooth,recompute_from_transitions
-10.609223905833444,0.754887624127201,20130,0.3774438120636005,92,hinge_plateau_smooth,recompute_from_transitions
-10.47256415505205,0.7322435828234563,20123,0.3661217914117281,92,hinge_plateau_smooth,recompute_from_transitions
-10.320103059648082,0.7408852212061702,20031,0.3704426106030851,92,hinge_plateau_smooth,recompute_from_transitions
-10.12659852633907,0.6598458310562326,20206,0.3299229155281163,92,hinge_plateau_smooth,recompute_from_transitions
-9.883623573192924,0.6562921789825301,20132,0.32814608949126506,92,hinge_plateau_smooth,recompute_from_transitions
-9.519042496182328,0.5984067935938436,20120,0.2992033967969218,92,hinge_plateau_smooth,recompute_from_transitions
-8.780818542280475,0.3948508917631538,20125,0.1974254458815769,92,hinge_plateau_smooth,recompute_from_transitions
-13.215568615552153,0.38744963777900326,19041,0.19372481888950163,93,hinge_plateau_smooth,recompute_from_transitions
-12.90656155908676,0.35576984616237206,19703,0.17788492308118603,93,hinge_plateau_smooth,recompute_from_transitions
-12.716808192826464,0.3669813009641532,21497,0.1834906504820766,93,hinge_plateau_smooth,recompute_from_transitions
-12.56429868561048,0.4684068341323121,19790,0.23420341706615605,93,hinge_plateau_smooth,recompute_from_transitions
-12.43659630991097,0.35778145558851016,20449,0.17889072779425508,93,hinge_plateau_smooth,recompute_from_transitions
-12.358968791936285,0.49304059131822553,19660,0.24652029565911276,93,hinge_plateau_smooth,recompute_from_transitions
-12.27194452041643,0.41062935743971657,20418,0.20531467871985828,93,hinge_plateau_smooth,recompute_from_transitions
-12.175059099136428,0.5075227867272499,20257,0.25376139336362497,93,hinge_plateau_smooth,recompute_from_transitions
-12.094295056472053,0.4761515754718955,19750,0.23807578773594776,93,hinge_plateau_smooth,recompute_from_transitions
-12.02366101243317,0.526856411822146,20483,0.263428205911073,93,hinge_plateau_smooth,recompute_from_transitions
-11.952175739666302,0.541787672733583,20017,0.2708938363667915,93,hinge_plateau_smooth,recompute_from_transitions
-11.882657574090215,0.4953089225673412,19747,0.2476544612836706,93,hinge_plateau_smooth,recompute_from_transitions
-11.789251650443314,0.5968332980250665,20316,0.29841664901253323,93,hinge_plateau_smooth,recompute_from_transitions
-11.700411993515722,0.569417901488471,20405,0.2847089507442355,93,hinge_plateau_smooth,recompute_from_transitions
-11.63302268210979,0.5526975258451917,19882,0.27634876292259586,93,hinge_plateau_smooth,recompute_from_transitions
-11.564931219048146,0.5682124466128194,20107,0.2841062233064097,93,hinge_plateau_smooth,recompute_from_transitions
-11.4759946898505,0.7011425867973153,20325,0.35057129339865767,93,hinge_plateau_smooth,recompute_from_transitions
-11.396858955150869,0.6277781486389736,20087,0.3138890743194868,93,hinge_plateau_smooth,recompute_from_transitions
-11.313724978901204,0.6670008522797354,20112,0.3335004261398677,93,hinge_plateau_smooth,recompute_from_transitions
-11.23804599180979,0.7567255704763567,20038,0.37836278523817835,93,hinge_plateau_smooth,recompute_from_transitions
-11.136006986227173,0.746797118624728,20212,0.373398559312364,93,hinge_plateau_smooth,recompute_from_transitions
-11.035313437769648,0.6824564692146283,20118,0.34122823460731416,93,hinge_plateau_smooth,recompute_from_transitions
-10.93853662863741,0.7944206374863306,20100,0.3972103187431653,93,hinge_plateau_smooth,recompute_from_transitions
-10.835472809036087,0.7577020884088287,19816,0.37885104420441434,93,hinge_plateau_smooth,recompute_from_transitions
-10.73136502769216,0.7290711682789786,20280,0.3645355841394893,93,hinge_plateau_smooth,recompute_from_transitions
-10.60481548705767,0.7339366858111144,20225,0.3669683429055572,93,hinge_plateau_smooth,recompute_from_transitions
-10.4665924843832,0.7290964671946054,20132,0.3645482335973027,93,hinge_plateau_smooth,recompute_from_transitions
-10.308547123309364,0.7380707245562715,20110,0.36903536227813577,93,hinge_plateau_smooth,recompute_from_transitions
-10.117236841789214,0.6915918495705119,20106,0.34579592478525595,93,hinge_plateau_smooth,recompute_from_transitions
-9.874860645693168,0.6401436837114892,20110,0.3200718418557446,93,hinge_plateau_smooth,recompute_from_transitions
-9.517425832361258,0.5562001321513669,20114,0.27810006607568344,93,hinge_plateau_smooth,recompute_from_transitions
-8.775117006888237,0.4087005287235414,20110,0.2043502643617707,93,hinge_plateau_smooth,recompute_from_transitions
-13.215568615552153,0.41790841648475174,19723,0.20895420824237587,94,hinge_plateau_smooth,recompute_from_transitions
-12.873930922403003,0.3064068054111828,20363,0.1532034027055914,94,hinge_plateau_smooth,recompute_from_transitions
-12.713161295167165,0.4192076257074806,19879,0.2096038128537403,94,hinge_plateau_smooth,recompute_from_transitions
-12.562659292293022,0.43454551342119757,19816,0.21727275671059879,94,hinge_plateau_smooth,recompute_from_transitions
-12.430203708843376,0.38734603360513253,20351,0.19367301680256627,94,hinge_plateau_smooth,recompute_from_transitions
-12.363882337052631,0.49192390786220846,19706,0.24596195393110423,94,hinge_plateau_smooth,recompute_from_transitions
-12.270626791332338,0.4321203543409137,20577,0.21606017717045686,94,hinge_plateau_smooth,recompute_from_transitions
-12.16882174978853,0.5518247957684846,20246,0.2759123978842423,94,hinge_plateau_smooth,recompute_from_transitions
-12.090426708733924,0.43688732271239983,20123,0.21844366135619991,94,hinge_plateau_smooth,recompute_from_transitions
-12.020014114773264,0.5760451124954539,19791,0.28802255624772694,94,hinge_plateau_smooth,recompute_from_transitions
-11.944041369378144,0.5210723233692464,19770,0.2605361616846232,94,hinge_plateau_smooth,recompute_from_transitions
-11.87776586195074,0.5118178611919215,20341,0.25590893059596076,94,hinge_plateau_smooth,recompute_from_transitions
-11.779720922693246,0.5881771188351884,20240,0.2940885594175942,94,hinge_plateau_smooth,recompute_from_transitions
-11.698090872057822,0.5663649585036923,20153,0.28318247925184614,94,hinge_plateau_smooth,recompute_from_transitions
-11.632985963597555,0.5544485574068578,20099,0.2772242787034289,94,hinge_plateau_smooth,recompute_from_transitions
-11.564931219048146,0.5925041068540361,20061,0.29625205342701805,94,hinge_plateau_smooth,recompute_from_transitions
-11.477832531920148,0.663249460377279,20222,0.3316247301886395,94,hinge_plateau_smooth,recompute_from_transitions
-11.39687553923386,0.5624375132172229,20074,0.28121875660861145,94,hinge_plateau_smooth,recompute_from_transitions
-11.314288738779226,0.6907146000243884,20119,0.3453573000121942,94,hinge_plateau_smooth,recompute_from_transitions
-11.240992875247814,0.7608866023745825,20007,0.38044330118729125,94,hinge_plateau_smooth,recompute_from_transitions
-11.14216970711153,0.7150123614440896,20147,0.3575061807220448,94,hinge_plateau_smooth,recompute_from_transitions
-11.03885919429917,0.74816775158363,20102,0.374083875791815,94,hinge_plateau_smooth,recompute_from_transitions
-10.94472422949367,0.8021468341728994,19982,0.4010734170864497,94,hinge_plateau_smooth,recompute_from_transitions
-10.841289459577933,0.7337039947344633,20200,0.3668519973672317,94,hinge_plateau_smooth,recompute_from_transitions
-10.73667489758741,0.7763743710024186,20062,0.3881871855012093,94,hinge_plateau_smooth,recompute_from_transitions
-10.605960815334402,0.7981920265217116,20117,0.3990960132608558,94,hinge_plateau_smooth,recompute_from_transitions
-10.467033608931237,0.7566604417418755,20042,0.37833022087093776,94,hinge_plateau_smooth,recompute_from_transitions
-10.315106143087498,0.7573645885224707,20122,0.37868229426123534,94,hinge_plateau_smooth,recompute_from_transitions
-10.12010814399278,0.6605047135204244,20043,0.3302523567602122,94,hinge_plateau_smooth,recompute_from_transitions
-9.882748170309274,0.6218270771394545,20141,0.31091353856972725,94,hinge_plateau_smooth,recompute_from_transitions
-9.519075876467497,0.6075457007805691,20067,0.30377285039028457,94,hinge_plateau_smooth,recompute_from_transitions
-8.761679988683703,0.4070475141773679,20109,0.20352375708868395,94,hinge_plateau_smooth,recompute_from_transitions
-13.215568615552153,0.36473447967702255,20015,0.18236723983851127,95,hinge_plateau_smooth,recompute_from_transitions
-12.873930922403003,0.3175937964949113,20021,0.15879689824745566,95,hinge_plateau_smooth,recompute_from_transitions
-12.710510913170893,0.4048934658396108,20045,0.2024467329198054,95,hinge_plateau_smooth,recompute_from_transitions
-12.557739569963914,0.43391333186304054,19905,0.21695666593152027,95,hinge_plateau_smooth,recompute_from_transitions
-12.430203708843376,0.40375543623685173,20768,0.20187771811842586,95,hinge_plateau_smooth,recompute_from_transitions
-12.357640847696889,0.4749352975924824,19357,0.2374676487962412,95,hinge_plateau_smooth,recompute_from_transitions
-12.27194452041643,0.4205670002984955,20513,0.21028350014924774,95,hinge_plateau_smooth,recompute_from_transitions
-12.172721188636483,0.525522758955791,20545,0.2627613794778955,95,hinge_plateau_smooth,recompute_from_transitions
-12.091131329469109,0.4559289344455296,20355,0.2279644672227648,95,hinge_plateau_smooth,recompute_from_transitions
-12.020269380207331,0.6144516153650601,19925,0.30722580768253005,95,hinge_plateau_smooth,recompute_from_transitions
-11.940863659675935,0.544819255244998,20475,0.272409627622499,95,hinge_plateau_smooth,recompute_from_transitions
-11.87776586195074,0.5186577459845072,19727,0.2593288729922536,95,hinge_plateau_smooth,recompute_from_transitions
-11.77582328824683,0.5807592419494538,20718,0.2903796209747269,95,hinge_plateau_smooth,recompute_from_transitions
-11.69676292781828,0.5752777163823865,20181,0.2876388581911932,95,hinge_plateau_smooth,recompute_from_transitions
-11.63187735383314,0.5951980798956955,20066,0.29759903994784775,95,hinge_plateau_smooth,recompute_from_transitions
-11.562286858219766,0.5674394693915329,20274,0.28371973469576645,95,hinge_plateau_smooth,recompute_from_transitions
-11.476282435045492,0.6756753737064823,20215,0.33783768685324117,95,hinge_plateau_smooth,recompute_from_transitions
-11.396858955150869,0.5797954060824991,20195,0.28989770304124957,95,hinge_plateau_smooth,recompute_from_transitions
-11.313724978901204,0.7080262610407515,20180,0.35401313052037575,95,hinge_plateau_smooth,recompute_from_transitions
-11.23804599180979,0.7549250245402042,20177,0.3774625122701021,95,hinge_plateau_smooth,recompute_from_transitions
-11.13801962927137,0.738602782520841,20081,0.3693013912604205,95,hinge_plateau_smooth,recompute_from_transitions
-11.037645942581964,0.706493692809091,20295,0.3532468464045455,95,hinge_plateau_smooth,recompute_from_transitions
-10.94186477358748,0.811057877265878,20169,0.405528938632939,95,hinge_plateau_smooth,recompute_from_transitions
-10.84043129416536,0.7230905997528191,20202,0.36154529987640954,95,hinge_plateau_smooth,recompute_from_transitions
-10.734742737074756,0.7653923924574454,20147,0.3826961962287227,95,hinge_plateau_smooth,recompute_from_transitions
-10.60628764496576,0.7363563387592821,20204,0.36817816937964104,95,hinge_plateau_smooth,recompute_from_transitions
-10.4665924843832,0.7540671759683361,20197,0.37703358798416803,95,hinge_plateau_smooth,recompute_from_transitions
-10.312754457383464,0.7340813031606049,20185,0.36704065158030247,95,hinge_plateau_smooth,recompute_from_transitions
-10.12031926466571,0.6756907808402183,20181,0.33784539042010914,95,hinge_plateau_smooth,recompute_from_transitions
-9.882500483236228,0.6193298371645676,20183,0.3096649185822838,95,hinge_plateau_smooth,recompute_from_transitions
-9.53132997359884,0.5739978238432135,20187,0.28699891192160676,95,hinge_plateau_smooth,recompute_from_transitions
-8.762859886485558,0.42999431773588,20184,0.21499715886794,95,hinge_plateau_smooth,recompute_from_transitions
-13.215568615552153,0.41163661271702345,19584,0.20581830635851173,96,hinge_plateau_smooth,recompute_from_transitions
-12.873930922403003,0.2968131739642909,20229,0.14840658698214546,96,hinge_plateau_smooth,recompute_from_transitions
-12.710510913170893,0.424631756206867,19820,0.2123158781034335,96,hinge_plateau_smooth,recompute_from_transitions
-12.557739569963914,0.4064218456410277,20634,0.20321092282051384,96,hinge_plateau_smooth,recompute_from_transitions
-12.42394030351534,0.3767022963683927,20140,0.18835114818419635,96,hinge_plateau_smooth,recompute_from_transitions
-12.344366331759312,0.4973065275980121,19762,0.24865326379900604,96,hinge_plateau_smooth,recompute_from_transitions
-12.262567968992428,0.42059578937226294,20011,0.21029789468613147,96,hinge_plateau_smooth,recompute_from_transitions
-12.16824338788068,0.5208790500561211,20426,0.26043952502806056,96,hinge_plateau_smooth,recompute_from_transitions
-12.08288377446331,0.4684452653832485,19995,0.23422263269162424,96,hinge_plateau_smooth,recompute_from_transitions
-12.018475195490073,0.553043496014909,19489,0.2765217480074545,96,hinge_plateau_smooth,recompute_from_transitions
-11.932755238660029,0.5027845078919745,20804,0.25139225394598724,96,hinge_plateau_smooth,recompute_from_transitions
-11.868147332272631,0.4933423366212726,19932,0.2466711683106363,96,hinge_plateau_smooth,recompute_from_transitions
-11.77444834980632,0.5957902818683074,20269,0.2978951409341537,96,hinge_plateau_smooth,recompute_from_transitions
-11.689002565547602,0.5873981939862398,20095,0.2936990969931199,96,hinge_plateau_smooth,recompute_from_transitions
-11.630622471622218,0.5419118011590138,20027,0.2709559005795069,96,hinge_plateau_smooth,recompute_from_transitions
-11.55292189160849,0.5942793943990258,20129,0.2971396971995129,96,hinge_plateau_smooth,recompute_from_transitions
-11.467300286848412,0.6760697821732946,20097,0.3380348910866473,96,hinge_plateau_smooth,recompute_from_transitions
-11.389595079458358,0.5690424612665984,20041,0.2845212306332992,96,hinge_plateau_smooth,recompute_from_transitions
-11.308488412418376,0.6696368391671261,19076,0.33481841958356306,96,hinge_plateau_smooth,recompute_from_transitions
-11.233322892790468,0.7337303174423869,21143,0.36686515872119346,96,hinge_plateau_smooth,recompute_from_transitions
-11.129100979073172,0.7272810339507,19943,0.36364051697535,96,hinge_plateau_smooth,recompute_from_transitions
-11.028636069510126,0.6898839866257847,20048,0.3449419933128923,96,hinge_plateau_smooth,recompute_from_transitions
-10.932423062380655,0.7893688273047412,20252,0.3946844136523706,96,hinge_plateau_smooth,recompute_from_transitions
-10.82590351546735,0.7467966701071428,20088,0.3733983350535714,96,hinge_plateau_smooth,recompute_from_transitions
-10.724461604539378,0.7509590780605911,20056,0.3754795390302956,96,hinge_plateau_smooth,recompute_from_transitions
-10.595842752855896,0.7696352000497028,20137,0.3848176000248514,96,hinge_plateau_smooth,recompute_from_transitions
-10.45322469491014,0.7464185548608943,20088,0.37320927743044713,96,hinge_plateau_smooth,recompute_from_transitions
-10.300654220318672,0.7371983772796115,20086,0.36859918863980573,96,hinge_plateau_smooth,recompute_from_transitions
-10.113948852777408,0.6383958482809952,20079,0.3191979241404976,96,hinge_plateau_smooth,recompute_from_transitions
-9.86648353125112,0.6142688548922963,20090,0.30713442744614816,96,hinge_plateau_smooth,recompute_from_transitions
-9.502125100629884,0.5843305844549632,20087,0.2921652922274816,96,hinge_plateau_smooth,recompute_from_transitions
-8.72695294884692,0.41339896889362865,20087,0.20669948444681432,96,hinge_plateau_smooth,recompute_from_transitions
-13.215568615552153,0.3699427085029656,19573,0.1849713542514828,97,hinge_plateau_smooth,recompute_from_transitions
-12.883829499865389,0.2976818810952275,20252,0.14884094054761374,97,hinge_plateau_smooth,recompute_from_transitions
-12.710510913170893,0.4073627726734484,20439,0.2036813863367242,97,hinge_plateau_smooth,recompute_from_transitions
-12.557739569963914,0.4560166095092974,19545,0.2280083047546487,97,hinge_plateau_smooth,recompute_from_transitions
-12.42707200617936,0.3963204498866604,20663,0.1981602249433302,97,hinge_plateau_smooth,recompute_from_transitions
-12.357640847696889,0.5096625695494329,19008,0.25483128477471645,97,hinge_plateau_smooth,recompute_from_transitions
-12.27194452041643,0.4128402994849309,21000,0.20642014974246545,97,hinge_plateau_smooth,recompute_from_transitions
-12.175059099136428,0.5348809056511181,20328,0.26744045282555906,97,hinge_plateau_smooth,recompute_from_transitions
-12.092063728739856,0.4589030906206487,20059,0.22945154531032436,97,hinge_plateau_smooth,recompute_from_transitions
-12.020269380207331,0.5775211966049714,20002,0.2887605983024857,97,hinge_plateau_smooth,recompute_from_transitions
-11.9389012237277,0.5246822148973702,20117,0.2623411074486851,97,hinge_plateau_smooth,recompute_from_transitions
-11.875100399764182,0.5109391182537526,20046,0.2554695591268763,97,hinge_plateau_smooth,recompute_from_transitions
-11.775718390041606,0.5928095290723575,20217,0.29640476453617876,97,hinge_plateau_smooth,recompute_from_transitions
-11.694795004886643,0.5972166401779818,19843,0.2986083200889909,97,hinge_plateau_smooth,recompute_from_transitions
-11.63187735383314,0.5388715480047517,20403,0.26943577400237584,97,hinge_plateau_smooth,recompute_from_transitions
-11.562020808875555,0.5875276536023651,19865,0.29376382680118257,97,hinge_plateau_smooth,recompute_from_transitions
-11.475674569324926,0.7120553486570717,20030,0.3560276743285358,97,hinge_plateau_smooth,recompute_from_transitions
-11.396858955150869,0.5754734415390282,20195,0.2877367207695141,97,hinge_plateau_smooth,recompute_from_transitions
-11.310160333348229,0.6971119637815681,20296,0.3485559818907841,97,hinge_plateau_smooth,recompute_from_transitions
-11.233897090054638,0.7149897231251119,20162,0.35749486156255594,97,hinge_plateau_smooth,recompute_from_transitions
-11.133310878056756,0.7193584606833859,20058,0.35967923034169297,97,hinge_plateau_smooth,recompute_from_transitions
-11.030873545631414,0.694229034756814,20079,0.347114517378407,97,hinge_plateau_smooth,recompute_from_transitions
-10.935639324676762,0.8127351894024972,20175,0.4063675947012486,97,hinge_plateau_smooth,recompute_from_transitions
-10.83094276646666,0.7315718699952727,20092,0.36578593499763634,97,hinge_plateau_smooth,recompute_from_transitions
-10.726565936510296,0.7879690926786456,20099,0.3939845463393228,97,hinge_plateau_smooth,recompute_from_transitions
-10.598660396846062,0.7470543920986551,20103,0.37352719604932755,97,hinge_plateau_smooth,recompute_from_transitions
-10.46135093282899,0.755171393134876,20111,0.377585696567438,97,hinge_plateau_smooth,recompute_from_transitions
-10.308160680414106,0.7216405516487998,20082,0.3608202758243999,97,hinge_plateau_smooth,recompute_from_transitions
-10.117050997186537,0.6830033351093241,20125,0.34150166755466205,97,hinge_plateau_smooth,recompute_from_transitions
-9.875020088717193,0.6483532015897586,20072,0.3241766007948793,97,hinge_plateau_smooth,recompute_from_transitions
-9.517425832361258,0.5816790207719738,20136,0.2908395103859869,97,hinge_plateau_smooth,recompute_from_transitions
-8.744435627356074,0.4053595570893413,20103,0.20267977854467065,97,hinge_plateau_smooth,recompute_from_transitions
-13.215568615552153,0.38342846435056405,19949,0.19171423217528202,98,hinge_plateau_smooth,recompute_from_transitions
-12.873930922403003,0.29408475284172797,19964,0.14704237642086398,98,hinge_plateau_smooth,recompute_from_transitions
-12.710510913170893,0.40750424405192426,20370,0.20375212202596213,98,hinge_plateau_smooth,recompute_from_transitions
-12.557739569963914,0.4506131092073123,19966,0.22530655460365615,98,hinge_plateau_smooth,recompute_from_transitions
-12.42707200617936,0.395190628528201,20101,0.1975953142641005,98,hinge_plateau_smooth,recompute_from_transitions
-12.344366331759312,0.4826346422765923,20257,0.24131732113829615,98,hinge_plateau_smooth,recompute_from_transitions
-12.268764180668509,0.42705160884368626,20139,0.21352580442184313,98,hinge_plateau_smooth,recompute_from_transitions
-12.16882174978853,0.5780280211046004,20014,0.2890140105523002,98,hinge_plateau_smooth,recompute_from_transitions
-12.090022719704764,0.4595043882691447,20131,0.22975219413457235,98,hinge_plateau_smooth,recompute_from_transitions
-12.020014114773264,0.5744820479017221,19988,0.28724102395086104,98,hinge_plateau_smooth,recompute_from_transitions
-11.940863659675935,0.5255984716314861,20311,0.26279923581574305,98,hinge_plateau_smooth,recompute_from_transitions
-11.876428344003694,0.5413433955794095,19936,0.27067169778970473,98,hinge_plateau_smooth,recompute_from_transitions
-11.779720922693246,0.5685194173272384,20220,0.2842597086636192,98,hinge_plateau_smooth,recompute_from_transitions
-11.698090872057822,0.589922774500224,20151,0.294961387250112,98,hinge_plateau_smooth,recompute_from_transitions
-11.63187735383314,0.5503665122328184,20155,0.2751832561164092,98,hinge_plateau_smooth,recompute_from_transitions
-11.562020808875555,0.58216203402782,20138,0.29108101701391,98,hinge_plateau_smooth,recompute_from_transitions
-11.475674569324926,0.6986481005235395,19832,0.34932405026176977,98,hinge_plateau_smooth,recompute_from_transitions
-11.39687553923386,0.6006706080810075,20307,0.30033530404050374,98,hinge_plateau_smooth,recompute_from_transitions
-11.313724978901204,0.710740844239973,20128,0.3553704221199865,98,hinge_plateau_smooth,recompute_from_transitions
-11.236649638993653,0.7427751539563663,20215,0.37138757697818314,98,hinge_plateau_smooth,recompute_from_transitions
-11.136467330176387,0.7500361680373204,20044,0.3750180840186602,98,hinge_plateau_smooth,recompute_from_transitions
-11.036452957513804,0.7196507463927586,20061,0.3598253731963793,98,hinge_plateau_smooth,recompute_from_transitions
-10.942033084528903,0.7777921648199742,20218,0.3888960824099871,98,hinge_plateau_smooth,recompute_from_transitions
-10.841289459577933,0.7299577774258688,20039,0.3649788887129344,98,hinge_plateau_smooth,recompute_from_transitions
-10.74099844603418,0.7441202308977819,20216,0.37206011544889095,98,hinge_plateau_smooth,recompute_from_transitions
-10.61485151825305,0.791203601811915,19607,0.3956018009059575,98,hinge_plateau_smooth,recompute_from_transitions
-10.48429356000256,0.7103414190971514,20170,0.3551707095485757,98,hinge_plateau_smooth,recompute_from_transitions
-10.327060638358372,0.7238961777094581,20565,0.36194808885472907,98,hinge_plateau_smooth,recompute_from_transitions
-10.134958287283702,0.691863317380467,20100,0.3459316586902335,98,hinge_plateau_smooth,recompute_from_transitions
-9.898503990602476,0.6245251075352499,20062,0.31226255376762496,98,hinge_plateau_smooth,recompute_from_transitions
-9.536427785345394,0.5975151112835447,20181,0.29875755564177237,98,hinge_plateau_smooth,recompute_from_transitions
-8.788660799414572,0.41762543960401327,20115,0.20881271980200664,98,hinge_plateau_smooth,recompute_from_transitions
-13.215568615552153,0.3803613293962326,19686,0.1901806646981163,99,hinge_plateau_smooth,recompute_from_transitions
-12.873930922403003,0.3155292102318908,20266,0.1577646051159454,99,hinge_plateau_smooth,recompute_from_transitions
-12.710510913170893,0.39896613513988166,20220,0.19948306756994083,99,hinge_plateau_smooth,recompute_from_transitions
-12.557739569963914,0.44286337710588825,20245,0.22143168855294412,99,hinge_plateau_smooth,recompute_from_transitions
-12.430203708843376,0.38485876046726814,19860,0.19242938023363407,99,hinge_plateau_smooth,recompute_from_transitions
-12.358968791936285,0.478522445149079,19460,0.2392612225745395,99,hinge_plateau_smooth,recompute_from_transitions
-12.27194452041643,0.40917999207472605,20889,0.20458999603736303,99,hinge_plateau_smooth,recompute_from_transitions
-12.172721188636483,0.5231463730102431,20211,0.26157318650512157,99,hinge_plateau_smooth,recompute_from_transitions
-12.091131329469109,0.4891202351600954,20084,0.2445601175800477,99,hinge_plateau_smooth,recompute_from_transitions
-12.020269380207331,0.5665305119368615,19687,0.2832652559684308,99,hinge_plateau_smooth,recompute_from_transitions
-11.940863659675935,0.5414585920211503,20318,0.27072929601057516,99,hinge_plateau_smooth,recompute_from_transitions
-11.876428344003694,0.518873459049245,20042,0.2594367295246225,99,hinge_plateau_smooth,recompute_from_transitions
-11.778022392556991,0.5858638234112324,20358,0.2929319117056162,99,hinge_plateau_smooth,recompute_from_transitions
-11.694795004886643,0.5911982384487442,20316,0.2955991192243721,99,hinge_plateau_smooth,recompute_from_transitions
-11.63187735383314,0.5193551841886886,20001,0.2596775920943443,99,hinge_plateau_smooth,recompute_from_transitions
-11.562286858219766,0.5630403603785179,20130,0.28152018018925895,99,hinge_plateau_smooth,recompute_from_transitions
-11.475096207417025,0.6847677938766804,19958,0.3423838969383402,99,hinge_plateau_smooth,recompute_from_transitions
-11.394735225109134,0.6048438045546026,20277,0.3024219022773013,99,hinge_plateau_smooth,recompute_from_transitions
-11.309518407188891,0.7025928282699507,19991,0.35129641413497537,99,hinge_plateau_smooth,recompute_from_transitions
-11.236649638993653,0.7534518241636358,20172,0.3767259120818179,99,hinge_plateau_smooth,recompute_from_transitions
-11.138540710803264,0.7466961342189433,20274,0.37334806710947166,99,hinge_plateau_smooth,recompute_from_transitions
-11.037528900142076,0.739651125786732,20132,0.369825562893366,99,hinge_plateau_smooth,recompute_from_transitions
-10.942756306561911,0.7974145753144535,20080,0.39870728765722674,99,hinge_plateau_smooth,recompute_from_transitions
-10.840441720560332,0.6885723382795814,20106,0.3442861691397907,99,hinge_plateau_smooth,recompute_from_transitions
-10.73667489758741,0.7986768457833923,20164,0.39933842289169613,99,hinge_plateau_smooth,recompute_from_transitions
-10.608401594835168,0.7638966224255016,20122,0.3819483112127508,99,hinge_plateau_smooth,recompute_from_transitions
-10.470320787229076,0.7874264953864535,20088,0.39371324769322674,99,hinge_plateau_smooth,recompute_from_transitions
-10.320269164919075,0.7026778041821611,20073,0.35133890209108054,99,hinge_plateau_smooth,recompute_from_transitions
-10.128490511406476,0.6731415604122227,20187,0.33657078020611136,99,hinge_plateau_smooth,recompute_from_transitions
-9.894810011322614,0.6537534807774378,20119,0.3268767403887189,99,hinge_plateau_smooth,recompute_from_transitions
-9.538916285579038,0.6034336908883391,20114,0.30171684544416955,99,hinge_plateau_smooth,recompute_from_transitions
-8.795786629144583,0.4221955612133271,20123,0.21109778060666354,99,hinge_plateau_smooth,recompute_from_transitions
-13.215568615552153,0.3952041724250086,19760,0.1976020862125043,100,hinge_plateau_smooth,recompute_from_transitions
-12.883829499865389,0.31051572816624723,20318,0.15525786408312361,100,hinge_plateau_smooth,recompute_from_transitions
-12.713161295167165,0.40519739297301927,20184,0.20259869648650963,100,hinge_plateau_smooth,recompute_from_transitions
-12.566755896647736,0.4632812264150459,19941,0.23164061320752294,100,hinge_plateau_smooth,recompute_from_transitions
-12.430203708843376,0.38009678664642793,20205,0.19004839332321397,100,hinge_plateau_smooth,recompute_from_transitions
-12.359483944707067,0.4912633918077044,19701,0.2456316959038522,100,hinge_plateau_smooth,recompute_from_transitions
-12.27194452041643,0.4413193874256741,20812,0.22065969371283706,100,hinge_plateau_smooth,recompute_from_transitions
-12.176686744812724,0.5315024466710341,20112,0.26575122333551704,100,hinge_plateau_smooth,recompute_from_transitions
-12.092063728739856,0.5161927268931156,20192,0.2580963634465578,100,hinge_plateau_smooth,recompute_from_transitions
-12.02160689815435,0.5252088373306607,19985,0.26260441866533035,100,hinge_plateau_smooth,recompute_from_transitions
-11.9535036839058,0.5423422359387525,20282,0.27117111796937626,100,hinge_plateau_smooth,recompute_from_transitions
-11.881855902469106,0.5378395356346218,20074,0.2689197678173109,100,hinge_plateau_smooth,recompute_from_transitions
-11.791071992369584,0.5778019200873915,20054,0.28890096004369575,100,hinge_plateau_smooth,recompute_from_transitions
-11.70504057453058,0.5426628917748164,18533,0.2713314458874082,100,hinge_plateau_smooth,recompute_from_transitions
-11.641448838260333,0.5508157067623979,21851,0.27540785338119894,100,hinge_plateau_smooth,recompute_from_transitions
-11.566220267292575,0.5556984398612244,20037,0.2778492199306122,100,hinge_plateau_smooth,recompute_from_transitions
-11.482398110500611,0.6785313562081703,20272,0.33926567810408514,100,hinge_plateau_smooth,recompute_from_transitions
-11.40075719201368,0.5570170569647134,20113,0.2785085284823567,100,hinge_plateau_smooth,recompute_from_transitions
-11.31599863352836,0.6740235237105537,20174,0.33701176185527687,100,hinge_plateau_smooth,recompute_from_transitions
-11.242745145234796,0.7687468869301228,20122,0.3843734434650614,100,hinge_plateau_smooth,recompute_from_transitions
-11.145488860603283,0.729659001061702,19782,0.364829500530851,100,hinge_plateau_smooth,recompute_from_transitions
-11.04390934791117,0.7415543168858749,20078,0.37077715844293746,100,hinge_plateau_smooth,recompute_from_transitions
-10.951389077320938,0.7623357150723423,20496,0.38116785753617116,100,hinge_plateau_smooth,recompute_from_transitions
-10.845747355454405,0.7565910768414589,20114,0.37829553842072944,100,hinge_plateau_smooth,recompute_from_transitions
-10.741890954558109,0.8038351206134532,20175,0.4019175603067266,100,hinge_plateau_smooth,recompute_from_transitions
-10.609513127178612,0.7561180404430027,20186,0.37805902022150134,100,hinge_plateau_smooth,recompute_from_transitions
-10.478798087925076,0.741846410050555,19855,0.3709232050252775,100,hinge_plateau_smooth,recompute_from_transitions
-10.32685463184288,0.7343165223986258,20420,0.3671582611993129,100,hinge_plateau_smooth,recompute_from_transitions
-10.13327892808551,0.7017451515180854,20140,0.3508725757590427,100,hinge_plateau_smooth,recompute_from_transitions
-9.897754635092944,0.6230374306312294,20136,0.3115187153156147,100,hinge_plateau_smooth,recompute_from_transitions
-9.53994461689292,0.5880104444358348,20138,0.2940052222179174,100,hinge_plateau_smooth,recompute_from_transitions
-8.775117006888237,0.4262734743622885,20138,0.21313673718114426,100,hinge_plateau_smooth,recompute_from_transitions
-13.206905691142058,0.3871566421802069,19975,0.19357832109010345,101,hinge_plateau_smooth,recompute_from_transitions
-12.860649229000792,0.3011068458103131,20489,0.15055342290515655,101,hinge_plateau_smooth,recompute_from_transitions
-12.710510913170893,0.4193531539451959,19807,0.20967657697259795,101,hinge_plateau_smooth,recompute_from_transitions
-12.557739569963914,0.4706752357441735,20002,0.23533761787208676,101,hinge_plateau_smooth,recompute_from_transitions
-12.430203708843376,0.3781617469505157,20892,0.18908087347525784,101,hinge_plateau_smooth,recompute_from_transitions
-12.357640847696889,0.5160529252903358,19181,0.2580264626451679,101,hinge_plateau_smooth,recompute_from_transitions
-12.269892584028424,0.4310912858758359,21414,0.21554564293791795,101,hinge_plateau_smooth,recompute_from_transitions
-12.16882174978853,0.5357153911237759,20272,0.26785769556188793,101,hinge_plateau_smooth,recompute_from_transitions
-12.090022719704764,0.4759770270949908,19965,0.2379885135474954,101,hinge_plateau_smooth,recompute_from_transitions
-12.020014114773264,0.562417036707784,20282,0.281208518353892,101,hinge_plateau_smooth,recompute_from_transitions
-11.946587451778106,0.5549197994417372,19785,0.2774598997208686,101,hinge_plateau_smooth,recompute_from_transitions
-11.882232770753957,0.5083333606548459,20921,0.25416668032742296,101,hinge_plateau_smooth,recompute_from_transitions
-11.783203234333312,0.5942460147154198,20333,0.2971230073577099,101,hinge_plateau_smooth,recompute_from_transitions
-11.698090872057822,0.5789379161267372,19992,0.2894689580633686,101,hinge_plateau_smooth,recompute_from_transitions
-11.63187735383314,0.5416871608505265,20442,0.27084358042526324,101,hinge_plateau_smooth,recompute_from_transitions
-11.56135957424332,0.5966759073776536,20009,0.2983379536888268,101,hinge_plateau_smooth,recompute_from_transitions
-11.475674569324926,0.701966784766673,20262,0.3509833923833365,101,hinge_plateau_smooth,recompute_from_transitions
-11.39155751540672,0.5636527750848308,20535,0.2818263875424154,101,hinge_plateau_smooth,recompute_from_transitions
-11.309518407188891,0.684376453792917,19879,0.3421882268964585,101,hinge_plateau_smooth,recompute_from_transitions
-11.236649638993653,0.7491448815236954,20612,0.3745724407618477,101,hinge_plateau_smooth,recompute_from_transitions
-11.13533832842185,0.7555680591458356,20281,0.3777840295729178,101,hinge_plateau_smooth,recompute_from_transitions
-11.03096092149759,0.6948809350582971,20227,0.34744046752914853,101,hinge_plateau_smooth,recompute_from_transitions
-10.937475291118515,0.8378544981131106,20309,0.4189272490565553,101,hinge_plateau_smooth,recompute_from_transitions
-10.833458185538005,0.7645409594121024,20171,0.3822704797060512,101,hinge_plateau_smooth,recompute_from_transitions
-10.72993940287321,0.7023248237839206,20133,0.3511624118919603,101,hinge_plateau_smooth,recompute_from_transitions
-10.603680276425932,0.7380388838215166,20443,0.3690194419107583,101,hinge_plateau_smooth,recompute_from_transitions
-10.466288332107986,0.8043153417505557,20278,0.4021576708752779,101,hinge_plateau_smooth,recompute_from_transitions
-10.308547123309364,0.6880727802507101,20186,0.34403639012535503,101,hinge_plateau_smooth,recompute_from_transitions
-10.117536610870564,0.6142873530231386,20322,0.3071436765115693,101,hinge_plateau_smooth,recompute_from_transitions
-9.881424029803052,0.6391999518066749,20255,0.31959997590333744,101,hinge_plateau_smooth,recompute_from_transitions
-9.524505149761882,0.5770693319882291,20258,0.28853466599411454,101,hinge_plateau_smooth,recompute_from_transitions
-8.767871242596438,0.4205222360652972,20256,0.2102611180326486,101,hinge_plateau_smooth,recompute_from_transitions
-13.215568615552153,0.3865186711799341,19870,0.19325933558996705,102,hinge_plateau_smooth,recompute_from_transitions
-12.873930922403003,0.31432596816284525,20044,0.15716298408142262,102,hinge_plateau_smooth,recompute_from_transitions
-12.710510913170893,0.3946030099061436,20433,0.1973015049530718,102,hinge_plateau_smooth,recompute_from_transitions
-12.557739569963914,0.4567207609730825,19686,0.22836038048654125,102,hinge_plateau_smooth,recompute_from_transitions
-12.42707200617936,0.37173870083729876,20612,0.18586935041864938,102,hinge_plateau_smooth,recompute_from_transitions
-12.344366331759312,0.4777396672945425,19788,0.23886983364727124,102,hinge_plateau_smooth,recompute_from_transitions
-12.268764180668509,0.42953928216571546,20702,0.21476964108285773,102,hinge_plateau_smooth,recompute_from_transitions
-12.16882174978853,0.5449066858719422,19865,0.2724533429359711,102,hinge_plateau_smooth,recompute_from_transitions
-12.090426708733924,0.43885550677413543,20411,0.21942775338706771,102,hinge_plateau_smooth,recompute_from_transitions
-12.020014114773264,0.603068684921057,19771,0.3015343424605285,102,hinge_plateau_smooth,recompute_from_transitions
-11.940863659675935,0.5365415197748334,20579,0.2682707598874167,102,hinge_plateau_smooth,recompute_from_transitions
-11.876428344003694,0.488809271704616,20030,0.244404635852308,102,hinge_plateau_smooth,recompute_from_transitions
-11.779007633472585,0.5769401085645798,19818,0.2884700542822899,102,hinge_plateau_smooth,recompute_from_transitions
-11.69676292781828,0.57357912811628,20657,0.28678956405814,102,hinge_plateau_smooth,recompute_from_transitions
-11.63228312210853,0.5676118014668345,19803,0.28380590073341727,102,hinge_plateau_smooth,recompute_from_transitions
-11.564931219048146,0.5973225431483993,20437,0.29866127157419964,102,hinge_plateau_smooth,recompute_from_transitions
-11.477746959837445,0.7175498018860951,20038,0.35877490094304754,102,hinge_plateau_smooth,recompute_from_transitions
-11.396858955150869,0.5869249858239429,20374,0.29346249291197146,102,hinge_plateau_smooth,recompute_from_transitions
-11.313724978901204,0.6818096661393179,20166,0.34090483306965896,102,hinge_plateau_smooth,recompute_from_transitions
-11.2376486736877,0.7164466973470833,20153,0.35822334867354166,102,hinge_plateau_smooth,recompute_from_transitions
-11.141062971324208,0.7159020326527886,20016,0.3579510163263943,102,hinge_plateau_smooth,recompute_from_transitions
-11.03885919429917,0.7271521466747555,20308,0.36357607333737774,102,hinge_plateau_smooth,recompute_from_transitions
-10.946215017621771,0.7656723045757171,20115,0.38283615228785856,102,hinge_plateau_smooth,recompute_from_transitions
-10.842936803343862,0.7470539139968179,20217,0.37352695699840893,102,hinge_plateau_smooth,recompute_from_transitions
-10.73667489758741,0.8372438404255494,20154,0.4186219202127747,102,hinge_plateau_smooth,recompute_from_transitions
-10.60628764496576,0.756681121452686,20181,0.378340560726343,102,hinge_plateau_smooth,recompute_from_transitions
-10.467572993485724,0.7585878071089186,20131,0.3792939035544593,102,hinge_plateau_smooth,recompute_from_transitions
-10.310405407403632,0.7288128153001889,20195,0.36440640765009447,102,hinge_plateau_smooth,recompute_from_transitions
-10.117953562631866,0.6512205313830979,20151,0.32561026569154894,102,hinge_plateau_smooth,recompute_from_transitions
-9.881061828069988,0.6567903935223472,20146,0.3283951967611736,102,hinge_plateau_smooth,recompute_from_transitions
-9.513603786282646,0.5975047899137542,20193,0.2987523949568771,102,hinge_plateau_smooth,recompute_from_transitions
-8.73654637267885,0.38778026888632317,20164,0.19389013444316158,102,hinge_plateau_smooth,recompute_from_transitions
-13.215568615552153,0.3741055956696387,19680,0.18705279783481935,103,hinge_plateau_smooth,recompute_from_transitions
-12.873930922403003,0.3106167532693701,20072,0.15530837663468505,103,hinge_plateau_smooth,recompute_from_transitions
-12.710510913170893,0.4085125944860132,20214,0.2042562972430066,103,hinge_plateau_smooth,recompute_from_transitions
-12.557739569963914,0.44151935628799543,20542,0.22075967814399772,103,hinge_plateau_smooth,recompute_from_transitions
-12.42394030351534,0.39511677357536035,19920,0.19755838678768017,103,hinge_plateau_smooth,recompute_from_transitions
-12.344366331759312,0.4740012179088131,19712,0.23700060895440656,103,hinge_plateau_smooth,recompute_from_transitions
-12.26715755334292,0.43355445834156975,20323,0.21677722917078487,103,hinge_plateau_smooth,recompute_from_transitions
-12.16882174978853,0.528355707005812,20180,0.264177853502906,103,hinge_plateau_smooth,recompute_from_transitions
-12.08288377446331,0.44139348713008336,20587,0.22069674356504168,103,hinge_plateau_smooth,recompute_from_transitions
-12.018475195490073,0.5206003749027274,19223,0.2603001874513637,103,hinge_plateau_smooth,recompute_from_transitions
-11.932755238660029,0.5559345121152056,21105,0.2779672560576028,103,hinge_plateau_smooth,recompute_from_transitions
-11.866479412379473,0.4497045431120804,20232,0.2248522715560402,103,hinge_plateau_smooth,recompute_from_transitions
-11.774463507830706,0.5780406436669797,20086,0.28902032183348986,103,hinge_plateau_smooth,recompute_from_transitions
-11.694795004886643,0.5779903080806533,19711,0.28899515404032666,103,hinge_plateau_smooth,recompute_from_transitions
-11.63187735383314,0.5361009968666008,20431,0.2680504984333004,103,hinge_plateau_smooth,recompute_from_transitions
-11.55898725857929,0.5886141441019759,20129,0.29430707205098794,103,hinge_plateau_smooth,recompute_from_transitions
-11.475674569324926,0.6860170460622368,20313,0.3430085230311184,103,hinge_plateau_smooth,recompute_from_transitions
-11.39155751540672,0.5710812543431903,20159,0.2855406271715952,103,hinge_plateau_smooth,recompute_from_transitions
-11.309518407188891,0.6722036949933335,19468,0.3361018474966668,103,hinge_plateau_smooth,recompute_from_transitions
-11.233264470745242,0.7330212044160873,20876,0.36651060220804366,103,hinge_plateau_smooth,recompute_from_transitions
-11.134182267595287,0.7474716584222744,20137,0.3737358292111372,103,hinge_plateau_smooth,recompute_from_transitions
-11.030873545631414,0.7477965019676511,20206,0.37389825098382556,103,hinge_plateau_smooth,recompute_from_transitions
-10.935639324676762,0.8102096812001237,20019,0.40510484060006186,103,hinge_plateau_smooth,recompute_from_transitions
-10.8319108961828,0.6861534406082055,20277,0.34307672030410274,103,hinge_plateau_smooth,recompute_from_transitions
-10.729717683926218,0.8052751142881254,19987,0.4026375571440627,103,hinge_plateau_smooth,recompute_from_transitions
-10.60393388779888,0.7662801437395191,20317,0.38314007186975957,103,hinge_plateau_smooth,recompute_from_transitions
-10.4665924843832,0.7311358005530555,20141,0.36556790027652775,103,hinge_plateau_smooth,recompute_from_transitions
-10.308160680414106,0.6932416105716227,20146,0.34662080528581135,103,hinge_plateau_smooth,recompute_from_transitions
-10.117536610870564,0.6624635110819012,20169,0.3312317555409506,103,hinge_plateau_smooth,recompute_from_transitions
-9.881424029803052,0.6439250315171772,20151,0.3219625157585886,103,hinge_plateau_smooth,recompute_from_transitions
-9.519663066693573,0.597556405915085,20149,0.2987782029575425,103,hinge_plateau_smooth,recompute_from_transitions
-8.766003294866453,0.41014538752804425,20152,0.20507269376402212,103,hinge_plateau_smooth,recompute_from_transitions
-13.215568615552153,0.38195252224202964,19804,0.19097626112101482,104,hinge_plateau_smooth,recompute_from_transitions
-12.873930922403003,0.3000692348233707,20167,0.15003461741168536,104,hinge_plateau_smooth,recompute_from_transitions
-12.710510913170893,0.41962206023446547,19763,0.20981103011723273,104,hinge_plateau_smooth,recompute_from_transitions
-12.557739569963914,0.43239219294446735,20657,0.21619609647223367,104,hinge_plateau_smooth,recompute_from_transitions
-12.42394030351534,0.37070348971693917,20166,0.18535174485846959,104,hinge_plateau_smooth,recompute_from_transitions
-12.344366331759312,0.4346528044273213,20062,0.21732640221366065,104,hinge_plateau_smooth,recompute_from_transitions
-12.269892584028424,0.42502763695052936,19635,0.21251381847526468,104,hinge_plateau_smooth,recompute_from_transitions
-12.172721188636483,0.5234718092638634,20618,0.2617359046319317,104,hinge_plateau_smooth,recompute_from_transitions
-12.092063728739856,0.4655258970668177,20128,0.23276294853340884,104,hinge_plateau_smooth,recompute_from_transitions
-12.02147339579247,0.5342335658754706,19877,0.2671167829377353,104,hinge_plateau_smooth,recompute_from_transitions
-11.949066537304118,0.5606053812744358,19591,0.2803026906372179,104,hinge_plateau_smooth,recompute_from_transitions
-11.87776586195074,0.5074594467689735,20887,0.25372972338448674,104,hinge_plateau_smooth,recompute_from_transitions
-11.779720922693246,0.5806942854293659,20177,0.2903471427146829,104,hinge_plateau_smooth,recompute_from_transitions
-11.699455369120038,0.5741759345944903,19930,0.2870879672972452,104,hinge_plateau_smooth,recompute_from_transitions
-11.63550930058812,0.5700737729177896,20032,0.2850368864588948,104,hinge_plateau_smooth,recompute_from_transitions
-11.564931219048146,0.5473241055299776,20335,0.2736620527649888,104,hinge_plateau_smooth,recompute_from_transitions
-11.47740294496619,0.7013897048283122,20174,0.3506948524141561,104,hinge_plateau_smooth,recompute_from_transitions
-11.396858955150869,0.5891184795109876,20036,0.2945592397554938,104,hinge_plateau_smooth,recompute_from_transitions
-11.313724978901204,0.7020445160181809,20150,0.3510222580090904,104,hinge_plateau_smooth,recompute_from_transitions
-11.238794001964392,0.7103160928787133,20171,0.35515804643935667,104,hinge_plateau_smooth,recompute_from_transitions
-11.138900982248124,0.7524036056678997,19995,0.3762018028339498,104,hinge_plateau_smooth,recompute_from_transitions
-11.037528900142076,0.6919723655695056,20212,0.3459861827847528,104,hinge_plateau_smooth,recompute_from_transitions
-10.939135941604924,0.7617607127894152,20099,0.3808803563947076,104,hinge_plateau_smooth,recompute_from_transitions
-10.838561317461478,0.7098942923002496,20171,0.3549471461501248,104,hinge_plateau_smooth,recompute_from_transitions
-10.734742737074756,0.7896569750235151,20118,0.39482848751175753,104,hinge_plateau_smooth,recompute_from_transitions
-10.605396238724294,0.7111776456511819,19953,0.35558882282559096,104,hinge_plateau_smooth,recompute_from_transitions
-10.4665924843832,0.7758258105127166,20280,0.3879129052563583,104,hinge_plateau_smooth,recompute_from_transitions
-10.31053498035772,0.7031720868673533,20119,0.35158604343367666,104,hinge_plateau_smooth,recompute_from_transitions
-10.12010814399278,0.6671863960297597,20118,0.33359319801487985,104,hinge_plateau_smooth,recompute_from_transitions
-9.887273088069144,0.601900121478365,20097,0.3009500607391825,104,hinge_plateau_smooth,recompute_from_transitions
-9.533419220706016,0.6019604854442441,20136,0.30098024272212204,104,hinge_plateau_smooth,recompute_from_transitions
-8.754328371780472,0.4179479295384158,20125,0.2089739647692079,104,hinge_plateau_smooth,recompute_from_transitions
-13.215568615552153,0.36156563976106476,20168,0.18078281988053238,105,hinge_plateau_smooth,recompute_from_transitions
-12.873930922403003,0.3180904481190009,19951,0.15904522405950045,105,hinge_plateau_smooth,recompute_from_transitions
-12.710510913170893,0.43209337363342054,20417,0.21604668681671027,105,hinge_plateau_smooth,recompute_from_transitions
-12.557739569963914,0.44470400819415856,19416,0.22235200409707928,105,hinge_plateau_smooth,recompute_from_transitions
-12.430203708843376,0.37070615321591716,20965,0.18535307660795858,105,hinge_plateau_smooth,recompute_from_transitions
-12.357640847696889,0.4861612605603477,19481,0.24308063028017385,105,hinge_plateau_smooth,recompute_from_transitions
-12.27194452041643,0.43472931134670756,20567,0.21736465567335378,105,hinge_plateau_smooth,recompute_from_transitions
-12.170550125429626,0.5360354365953249,20554,0.26801771829766247,105,hinge_plateau_smooth,recompute_from_transitions
-12.091168047981338,0.476335403570006,20187,0.238167701785003,105,hinge_plateau_smooth,recompute_from_transitions
-12.0215568765075,0.5336627977147329,19998,0.26683139885736645,105,hinge_plateau_smooth,recompute_from_transitions
-11.9535036839058,0.5566923384003853,19762,0.2783461692001927,105,hinge_plateau_smooth,recompute_from_transitions
-11.878512914472651,0.49023760776033803,20864,0.24511880388016902,105,hinge_plateau_smooth,recompute_from_transitions
-11.779720922693246,0.5775974417644257,19991,0.28879872088221287,105,hinge_plateau_smooth,recompute_from_transitions
-11.698243294090917,0.5827719358712747,20312,0.29138596793563737,105,hinge_plateau_smooth,recompute_from_transitions
-11.63302268210979,0.5623496436564484,19900,0.2811748218282242,105,hinge_plateau_smooth,recompute_from_transitions
-11.564931219048146,0.5575670798702717,20521,0.2787835399351358,105,hinge_plateau_smooth,recompute_from_transitions
-11.476282435045492,0.6424843828742612,20283,0.3212421914371306,105,hinge_plateau_smooth,recompute_from_transitions
-11.396858955150869,0.58476353437932,20091,0.29238176718966,105,hinge_plateau_smooth,recompute_from_transitions
-11.313724978901204,0.7080262610407514,20290,0.3540131305203757,105,hinge_plateau_smooth,recompute_from_transitions
-11.23804599180979,0.754557189010904,19940,0.377278594505452,105,hinge_plateau_smooth,recompute_from_transitions
-11.137784848021033,0.7713842493357388,20482,0.3856921246678694,105,hinge_plateau_smooth,recompute_from_transitions
-11.035137164908225,0.720243332644742,20146,0.360121666322371,105,hinge_plateau_smooth,recompute_from_transitions
-10.939135941604924,0.7648300614693453,20236,0.38241503073467265,105,hinge_plateau_smooth,recompute_from_transitions
-10.8367255433449,0.7975098082110166,19833,0.3987549041055083,105,hinge_plateau_smooth,recompute_from_transitions
-10.730359412163743,0.7390846668893263,20485,0.36954233344466314,105,hinge_plateau_smooth,recompute_from_transitions
-10.600117622599557,0.7386369019394785,20284,0.36931845096973925,105,hinge_plateau_smooth,recompute_from_transitions
-10.461441974000325,0.7786075291185348,20209,0.3893037645592674,105,hinge_plateau_smooth,recompute_from_transitions
-10.305072959986337,0.6961882100927862,20181,0.3480941050463931,105,hinge_plateau_smooth,recompute_from_transitions
-10.117236841789214,0.6429188689403372,20219,0.3214594344701686,105,hinge_plateau_smooth,recompute_from_transitions
-9.875676388698457,0.6399629917345755,20173,0.31998149586728775,105,hinge_plateau_smooth,recompute_from_transitions
-9.501323529992526,0.5916770091274965,20220,0.2958385045637483,105,hinge_plateau_smooth,recompute_from_transitions
-8.719041369545762,0.3873224261710925,20201,0.19366121308554626,105,hinge_plateau_smooth,recompute_from_transitions
-13.215568615552153,0.40761304363970957,20047,0.20380652181985479,106,hinge_plateau_smooth,recompute_from_transitions
-12.873930922403003,0.28913273835107767,19550,0.14456636917553883,106,hinge_plateau_smooth,recompute_from_transitions
-12.710510913170893,0.4103518622232871,20567,0.20517593111164356,106,hinge_plateau_smooth,recompute_from_transitions
-12.557739569963914,0.41146651062260836,19636,0.20573325531130418,106,hinge_plateau_smooth,recompute_from_transitions
-12.42707200617936,0.37841257090941477,20536,0.18920628545470738,106,hinge_plateau_smooth,recompute_from_transitions
-12.345839520565075,0.48970029197524223,19711,0.24485014598762112,106,hinge_plateau_smooth,recompute_from_transitions
-12.259404166259278,0.4237897851848696,20360,0.2118948925924348,106,hinge_plateau_smooth,recompute_from_transitions
-12.16882174978853,0.5338238782313617,20505,0.26691193911568084,106,hinge_plateau_smooth,recompute_from_transitions
-12.088170150775197,0.43544209563356534,20158,0.21772104781678267,106,hinge_plateau_smooth,recompute_from_transitions
-12.018475195490073,0.6018123248622733,19911,0.30090616243113666,106,hinge_plateau_smooth,recompute_from_transitions
-11.934296702233963,0.5309024070662082,20185,0.2654512035331041,106,hinge_plateau_smooth,recompute_from_transitions
-11.869512111875922,0.5150327850264109,19815,0.25751639251320546,106,hinge_plateau_smooth,recompute_from_transitions
-11.775718390041606,0.591329911586464,20592,0.295664955793232,106,hinge_plateau_smooth,recompute_from_transitions
-11.691230359333806,0.5928037140054552,20081,0.2964018570027276,106,hinge_plateau_smooth,recompute_from_transitions
-11.630622471622218,0.5483497605305352,19662,0.2741748802652676,106,hinge_plateau_smooth,recompute_from_transitions
-11.559992507710836,0.5806101202256554,20563,0.2903050601128277,106,hinge_plateau_smooth,recompute_from_transitions
-11.47505948890479,0.6937800964610501,19851,0.34689004823052505,106,hinge_plateau_smooth,recompute_from_transitions
-11.39155751540672,0.5671207622425115,20293,0.28356038112125576,106,hinge_plateau_smooth,recompute_from_transitions
-11.309510841541789,0.6706764419486142,19397,0.3353382209743071,106,hinge_plateau_smooth,recompute_from_transitions
-11.233322892790468,0.7161632581901319,20912,0.35808162909506597,106,hinge_plateau_smooth,recompute_from_transitions
-11.129386777663289,0.7765521423859121,20191,0.38827607119295604,106,hinge_plateau_smooth,recompute_from_transitions
-11.030873545631414,0.6987297036229797,19953,0.34936485181148985,106,hinge_plateau_smooth,recompute_from_transitions
-10.935808156761802,0.7599101243696664,20283,0.3799550621848332,106,hinge_plateau_smooth,recompute_from_transitions
-10.831578472555991,0.7372681639338092,19919,0.3686340819669046,106,hinge_plateau_smooth,recompute_from_transitions
-10.726473315552202,0.7461859761980862,20367,0.3730929880990431,106,hinge_plateau_smooth,recompute_from_transitions
-10.595842752855896,0.7608868597949414,20096,0.3804434298974707,106,hinge_plateau_smooth,recompute_from_transitions
-10.455637547249424,0.7648677352463028,20132,0.3824338676231514,106,hinge_plateau_smooth,recompute_from_transitions
-10.2999869408098,0.7079503425579273,20123,0.35397517127896366,106,hinge_plateau_smooth,recompute_from_transitions
-10.111148527448831,0.6623488535238254,20135,0.3311744267619127,106,hinge_plateau_smooth,recompute_from_transitions
-9.862944016839815,0.6094295332261479,20089,0.30471476661307395,106,hinge_plateau_smooth,recompute_from_transitions
-9.500415226257978,0.5734492229121305,20156,0.28672461145606526,106,hinge_plateau_smooth,recompute_from_transitions
-8.743035733721394,0.4173541724245183,20123,0.20867708621225914,106,hinge_plateau_smooth,recompute_from_transitions
-13.215568615552153,0.3736464546109783,19537,0.18682322730548914,107,hinge_plateau_smooth,recompute_from_transitions
-12.873930922403003,0.3085857280216483,20290,0.15429286401082415,107,hinge_plateau_smooth,recompute_from_transitions
-12.710510913170893,0.41930742034868684,20332,0.20965371017434342,107,hinge_plateau_smooth,recompute_from_transitions
-12.557739569963914,0.4276906689676699,19875,0.21384533448383494,107,hinge_plateau_smooth,recompute_from_transitions
-12.42707200617936,0.3778332710695135,20703,0.18891663553475674,107,hinge_plateau_smooth,recompute_from_transitions
-12.344366331759312,0.4825367360741932,20083,0.2412683680370966,107,hinge_plateau_smooth,recompute_from_transitions
-12.268764180668509,0.4392422735419687,20192,0.21962113677098435,107,hinge_plateau_smooth,recompute_from_transitions
-12.16882174978853,0.5579167974203818,20062,0.2789583987101909,107,hinge_plateau_smooth,recompute_from_transitions
-12.090426708733924,0.4803877364263436,20122,0.2401938682131718,107,hinge_plateau_smooth,recompute_from_transitions
-12.020014114773264,0.5821288834431231,19720,0.29106444172156154,107,hinge_plateau_smooth,recompute_from_transitions
-11.940863659675935,0.5141745183794285,20635,0.25708725918971426,107,hinge_plateau_smooth,recompute_from_transitions
-11.875100399764182,0.5483019288086495,20257,0.27415096440432474,107,hinge_plateau_smooth,recompute_from_transitions
-11.775718390041606,0.5932432672936945,20199,0.29662163364684724,107,hinge_plateau_smooth,recompute_from_transitions
-11.692217437084182,0.5982972007571734,19741,0.2991486003785867,107,hinge_plateau_smooth,recompute_from_transitions
-11.63187735383314,0.5368071881873617,20418,0.26840359409368086,107,hinge_plateau_smooth,recompute_from_transitions
-11.56135957424332,0.56879772011612,20242,0.28439886005806,107,hinge_plateau_smooth,recompute_from_transitions
-11.47435486816955,0.6756012541758657,19841,0.33780062708793285,107,hinge_plateau_smooth,recompute_from_transitions
-11.396858955150869,0.6181478607146366,20516,0.3090739303573183,107,hinge_plateau_smooth,recompute_from_transitions
-11.313724978901204,0.6917527274132003,20169,0.34587636370660013,107,hinge_plateau_smooth,recompute_from_transitions
-11.236649638993653,0.7374560432346304,20120,0.3687280216173152,107,hinge_plateau_smooth,recompute_from_transitions
-11.135824520249049,0.7355211893748091,20152,0.3677605946874046,107,hinge_plateau_smooth,recompute_from_transitions
-11.030873545631414,0.7069109503500528,20191,0.3534554751750264,107,hinge_plateau_smooth,recompute_from_transitions
-10.9362667359598,0.7763168412074871,20104,0.38815842060374356,107,hinge_plateau_smooth,recompute_from_transitions
-10.835472809036087,0.7136409657258787,19994,0.3568204828629393,107,hinge_plateau_smooth,recompute_from_transitions
-10.732149574034496,0.7987100175607527,20296,0.39935500878037633,107,hinge_plateau_smooth,recompute_from_transitions
-10.603978656322251,0.7807255025566637,20223,0.39036275127833187,107,hinge_plateau_smooth,recompute_from_transitions
-10.4665924843832,0.7759843608545087,20161,0.38799218042725436,107,hinge_plateau_smooth,recompute_from_transitions
-10.308448516700372,0.6871747224348862,20076,0.3435873612174431,107,hinge_plateau_smooth,recompute_from_transitions
-10.117236841789214,0.6632466696591608,20233,0.3316233348295804,107,hinge_plateau_smooth,recompute_from_transitions
-9.864746724200458,0.6352108941631809,20154,0.31760544708159044,107,hinge_plateau_smooth,recompute_from_transitions
-9.498545121173054,0.5794640775337248,20154,0.2897320387668624,107,hinge_plateau_smooth,recompute_from_transitions
-8.74724383482022,0.4111383325014312,20157,0.2055691662507156,107,hinge_plateau_smooth,recompute_from_transitions
-13.215568615552153,0.4123861058106244,20094,0.2061930529053122,108,hinge_plateau_smooth,recompute_from_transitions
-12.860649229000792,0.2921057240555657,20150,0.14605286202778284,108,hinge_plateau_smooth,recompute_from_transitions
-12.710510913170893,0.42247260191341096,19347,0.21123630095670548,108,hinge_plateau_smooth,recompute_from_transitions
-12.557739569963914,0.4596329883907518,20968,0.2298164941953759,108,hinge_plateau_smooth,recompute_from_transitions
-12.42394030351534,0.3787865457651757,20226,0.18939327288258784,108,hinge_plateau_smooth,recompute_from_transitions
-12.344366331759312,0.5201611523550446,19998,0.2600805761775223,108,hinge_plateau_smooth,recompute_from_transitions
-12.268666397113726,0.44625865133616355,20203,0.22312932566808177,108,hinge_plateau_smooth,recompute_from_transitions
-12.16882174978853,0.521930900590466,20213,0.260965450295233,108,hinge_plateau_smooth,recompute_from_transitions
-12.090022719704764,0.4536231155807718,20072,0.2268115577903859,108,hinge_plateau_smooth,recompute_from_transitions
-12.018475195490073,0.5221892548156061,20300,0.26109462740780304,108,hinge_plateau_smooth,recompute_from_transitions
-11.935892325718417,0.5063770453336734,19350,0.2531885226668367,108,hinge_plateau_smooth,recompute_from_transitions
-11.876428344003694,0.5540046308832235,20697,0.27700231544161175,108,hinge_plateau_smooth,recompute_from_transitions
-11.775718390041606,0.6065554931407902,20257,0.3032777465703951,108,hinge_plateau_smooth,recompute_from_transitions
-11.692217437084182,0.5628182548202518,20037,0.2814091274101259,108,hinge_plateau_smooth,recompute_from_transitions
-11.631477597786429,0.5541292622503208,20214,0.2770646311251604,108,hinge_plateau_smooth,recompute_from_transitions
-11.556433676842664,0.6016332052678264,20384,0.3008166026339132,108,hinge_plateau_smooth,recompute_from_transitions
-11.472300753890586,0.6742594294568216,20053,0.3371297147284108,108,hinge_plateau_smooth,recompute_from_transitions
-11.391313608637802,0.583143067745541,20256,0.2915715338727705,108,hinge_plateau_smooth,recompute_from_transitions
-11.306118749873844,0.6992744905082359,19677,0.34963724525411793,108,hinge_plateau_smooth,recompute_from_transitions
-11.236357715097771,0.7341458720997144,20422,0.3670729360498572,108,hinge_plateau_smooth,recompute_from_transitions
-11.135824520249049,0.7453144770796402,20391,0.3726572385398201,108,hinge_plateau_smooth,recompute_from_transitions
-11.03367532050938,0.7250530377855524,20164,0.3625265188927762,108,hinge_plateau_smooth,recompute_from_transitions
-10.939122749662424,0.7891332765516486,20155,0.3945666382758243,108,hinge_plateau_smooth,recompute_from_transitions
-10.8372597513366,0.7211919960620392,20165,0.3605959980310196,108,hinge_plateau_smooth,recompute_from_transitions
-10.73290677063298,0.7943948936587082,20134,0.3971974468293541,108,hinge_plateau_smooth,recompute_from_transitions
-10.605396238724294,0.7667546950124692,19983,0.3833773475062346,108,hinge_plateau_smooth,recompute_from_transitions
-10.4665924843832,0.7267670702480423,20335,0.36338353512402116,108,hinge_plateau_smooth,recompute_from_transitions
-10.313771028809596,0.6960150765953625,20136,0.3480075382976813,108,hinge_plateau_smooth,recompute_from_transitions
-10.117953562631866,0.6383350755547815,20118,0.31916753777739076,108,hinge_plateau_smooth,recompute_from_transitions
-9.882500483236228,0.6167309412645883,20243,0.30836547063229414,108,hinge_plateau_smooth,recompute_from_transitions
-9.5155502087188,0.5982376184592099,20151,0.29911880922960493,108,hinge_plateau_smooth,recompute_from_transitions
-8.733126499385406,0.38907693602576227,20166,0.19453846801288113,108,hinge_plateau_smooth,recompute_from_transitions
-13.215568615552153,0.3835379389825493,19866,0.19176896949127464,109,hinge_plateau_smooth,recompute_from_transitions
-12.873930922403003,0.2965718550535818,20379,0.1482859275267909,109,hinge_plateau_smooth,recompute_from_transitions
-12.710510913170893,0.40217279224094477,20152,0.20108639612047238,109,hinge_plateau_smooth,recompute_from_transitions
-12.557739569963914,0.4673981760273828,19819,0.2336990880136914,109,hinge_plateau_smooth,recompute_from_transitions
-12.42707200617936,0.3691180963387575,20257,0.18455904816937874,109,hinge_plateau_smooth,recompute_from_transitions
-12.358968791936285,0.5175815690264148,19128,0.2587907845132074,109,hinge_plateau_smooth,recompute_from_transitions
-12.27194452041643,0.4194643298033452,20615,0.2097321649016726,109,hinge_plateau_smooth,recompute_from_transitions
-12.172496213217798,0.5490099223487721,20570,0.27450496117438605,109,hinge_plateau_smooth,recompute_from_transitions
-12.092063728739856,0.4449594602427656,20398,0.2224797301213828,109,hinge_plateau_smooth,recompute_from_transitions
-12.020269380207331,0.552668166940299,20136,0.2763340834701495,109,hinge_plateau_smooth,recompute_from_transitions
-11.952175739666302,0.5592696087928538,19764,0.2796348043964269,109,hinge_plateau_smooth,recompute_from_transitions
-11.87776586195074,0.516013923253871,20458,0.2580069616269355,109,hinge_plateau_smooth,recompute_from_transitions
-11.779367904917422,0.5829464332848433,20208,0.29147321664242165,109,hinge_plateau_smooth,recompute_from_transitions
-11.698243294090917,0.5936522101623756,20106,0.2968261050811878,109,hinge_plateau_smooth,recompute_from_transitions
-11.639199354236514,0.5646350597549848,20041,0.2823175298774924,109,hinge_plateau_smooth,recompute_from_transitions
-11.56507943052477,0.5524837382212414,20273,0.2762418691106207,109,hinge_plateau_smooth,recompute_from_transitions
-11.47740294496619,0.6649952300292404,19796,0.3324976150146202,109,hinge_plateau_smooth,recompute_from_transitions
-11.396858955150869,0.5590014469167188,20424,0.2795007234583594,109,hinge_plateau_smooth,recompute_from_transitions
-11.313724978901204,0.6909221059893109,20155,0.34546105299465546,109,hinge_plateau_smooth,recompute_from_transitions
-11.236649638993653,0.7512079348253139,20061,0.37560396741265695,109,hinge_plateau_smooth,recompute_from_transitions
-11.135824520249049,0.7603390881438662,20173,0.3801695440719331,109,hinge_plateau_smooth,recompute_from_transitions
-11.034916119647551,0.6946114879702907,20168,0.34730574398514535,109,hinge_plateau_smooth,recompute_from_transitions
-10.93873017332951,0.8011116374375945,20169,0.40055581871879725,109,hinge_plateau_smooth,recompute_from_transitions
-10.835833080480954,0.7126736225638353,20117,0.35633681128191763,109,hinge_plateau_smooth,recompute_from_transitions
-10.731848217878603,0.7678974780226316,20151,0.3839487390113158,109,hinge_plateau_smooth,recompute_from_transitions
-10.603680276425932,0.7788228510211462,20134,0.3894114255105731,109,hinge_plateau_smooth,recompute_from_transitions
-10.4665924843832,0.7722203949146642,20142,0.3861101974573321,109,hinge_plateau_smooth,recompute_from_transitions
-10.30899619356087,0.7040756738842755,20130,0.35203783694213775,109,hinge_plateau_smooth,recompute_from_transitions
-10.120999403216048,0.6803098599982981,20141,0.34015492999914904,109,hinge_plateau_smooth,recompute_from_transitions
-9.881424029803052,0.6342336640630846,20096,0.3171168320315423,109,hinge_plateau_smooth,recompute_from_transitions
-9.515250439637446,0.5809597383010958,20178,0.2904798691505479,109,hinge_plateau_smooth,recompute_from_transitions
-8.747211444119637,0.3851079826021145,20137,0.19255399130105724,109,hinge_plateau_smooth,recompute_from_transitions
-13.215568615552153,0.389040382173844,19913,0.194520191086922,110,hinge_plateau_smooth,recompute_from_transitions
-12.883829499865389,0.3143717053563487,20306,0.15718585267817434,110,hinge_plateau_smooth,recompute_from_transitions
-12.713161295167165,0.41479740072468924,19615,0.20739870036234462,110,hinge_plateau_smooth,recompute_from_transitions
-12.557739569963914,0.45667793771295373,20064,0.22833896885647686,110,hinge_plateau_smooth,recompute_from_transitions
-12.42707200617936,0.37659117219121885,20530,0.18829558609560942,110,hinge_plateau_smooth,recompute_from_transitions
-12.344366331759312,0.4777648127605478,20071,0.2388824063802739,110,hinge_plateau_smooth,recompute_from_transitions
-12.262567968992428,0.4607672468897394,20259,0.2303836234448697,110,hinge_plateau_smooth,recompute_from_transitions
-12.16882174978853,0.5469120059520343,19875,0.27345600297601713,110,hinge_plateau_smooth,recompute_from_transitions
-12.091168047981338,0.4385434395256077,20242,0.21927171976280385,110,hinge_plateau_smooth,recompute_from_transitions
-12.020014114773264,0.5631552656954879,19727,0.28157763284774395,110,hinge_plateau_smooth,recompute_from_transitions
-11.946587451778106,0.5621504445341077,19802,0.28107522226705384,110,hinge_plateau_smooth,recompute_from_transitions
-11.87776586195074,0.48963721207554417,20909,0.24481860603777209,110,hinge_plateau_smooth,recompute_from_transitions
-11.779720922693246,0.6079416875719225,20010,0.30397084378596123,110,hinge_plateau_smooth,recompute_from_transitions
-11.698243294090917,0.5546129664240389,20006,0.27730648321201945,110,hinge_plateau_smooth,recompute_from_transitions
-11.632985963597555,0.5361249039429978,20131,0.2680624519714989,110,hinge_plateau_smooth,recompute_from_transitions
-11.5624399623485,0.548128985217091,20211,0.2740644926085455,110,hinge_plateau_smooth,recompute_from_transitions
-11.475674569324926,0.674975828883555,19957,0.3374879144417775,110,hinge_plateau_smooth,recompute_from_transitions
-11.396404675741742,0.5599969096448691,20344,0.2799984548224346,110,hinge_plateau_smooth,recompute_from_transitions
-11.313724978901204,0.7118585254827651,20007,0.35592926274138253,110,hinge_plateau_smooth,recompute_from_transitions
-11.23804599180979,0.770620474324705,20201,0.3853102371623525,110,hinge_plateau_smooth,recompute_from_transitions
-11.13801962927137,0.7623969691984076,20132,0.3811984845992038,110,hinge_plateau_smooth,recompute_from_transitions
-11.035137164908225,0.6878456201809855,20113,0.34392281009049275,110,hinge_plateau_smooth,recompute_from_transitions
-10.939122749662424,0.8065749016287161,20110,0.4032874508143581,110,hinge_plateau_smooth,recompute_from_transitions
-10.838561317461478,0.7190338691109874,20105,0.3595169345554937,110,hinge_plateau_smooth,recompute_from_transitions
-10.735997619285762,0.7540781935209759,19999,0.37703909676048797,110,hinge_plateau_smooth,recompute_from_transitions
-10.608104730488945,0.7569437275428541,20215,0.37847186377142705,110,hinge_plateau_smooth,recompute_from_transitions
-10.469414915574111,0.7691536229183382,20093,0.3845768114591691,110,hinge_plateau_smooth,recompute_from_transitions
-10.316553099758645,0.6627246647231941,20139,0.33136233236159707,110,hinge_plateau_smooth,recompute_from_transitions
-10.122411078624456,0.6825605790316693,20108,0.34128028951583467,110,hinge_plateau_smooth,recompute_from_transitions
-9.886737586987072,0.6575873571810961,20107,0.32879367859054803,110,hinge_plateau_smooth,recompute_from_transitions
-9.527784119460756,0.6120130380594875,20111,0.30600651902974374,110,hinge_plateau_smooth,recompute_from_transitions
-8.792926624845087,0.427799201003614,20115,0.213899600501807,110,hinge_plateau_smooth,recompute_from_transitions
-13.215568615552153,0.3831878356258346,20114,0.1915939178129173,111,hinge_plateau_smooth,recompute_from_transitions
-12.873930922403003,0.28802845181852016,19927,0.14401422590926008,111,hinge_plateau_smooth,recompute_from_transitions
-12.713161295167165,0.4161243667971111,20208,0.20806218339855556,111,hinge_plateau_smooth,recompute_from_transitions
-12.557739569963914,0.42937119247947103,20161,0.21468559623973552,111,hinge_plateau_smooth,recompute_from_transitions
-12.430203708843376,0.4031903270565352,20354,0.2015951635282676,111,hinge_plateau_smooth,recompute_from_transitions
-12.357640847696889,0.479731602812572,19608,0.239865801406286,111,hinge_plateau_smooth,recompute_from_transitions
-12.27194452041643,0.4025166689763107,20360,0.20125833448815536,111,hinge_plateau_smooth,recompute_from_transitions
-12.172721188636483,0.5506260067268605,20371,0.27531300336343023,111,hinge_plateau_smooth,recompute_from_transitions
-12.091131329469109,0.43279437985781094,20366,0.21639718992890547,111,hinge_plateau_smooth,recompute_from_transitions
-12.020014114773264,0.5674091334181292,19703,0.2837045667090646,111,hinge_plateau_smooth,recompute_from_transitions
-11.9389012237277,0.49128787562097703,20561,0.24564393781048852,111,hinge_plateau_smooth,recompute_from_transitions
-11.87771584030389,0.5302831234675064,20228,0.2651415617337532,111,hinge_plateau_smooth,recompute_from_transitions
-11.779367904917422,0.5635982667749057,20140,0.2817991333874528,111,hinge_plateau_smooth,recompute_from_transitions
-11.698243294090917,0.5915491502419696,20114,0.2957745751209848,111,hinge_plateau_smooth,recompute_from_transitions
-11.632985963597555,0.5453052834223234,20263,0.2726526417111617,111,hinge_plateau_smooth,recompute_from_transitions
-11.5624399623485,0.5662306537835932,20338,0.2831153268917966,111,hinge_plateau_smooth,recompute_from_transitions
-11.475674569324926,0.7280797928409838,19902,0.3640398964204919,111,hinge_plateau_smooth,recompute_from_transitions
-11.396858955150869,0.5811716835239068,20434,0.2905858417619534,111,hinge_plateau_smooth,recompute_from_transitions
-11.309666618665522,0.7088320627499893,20020,0.35441603137499467,111,hinge_plateau_smooth,recompute_from_transitions
-11.236649638993653,0.7440561884368094,19932,0.3720280942184047,111,hinge_plateau_smooth,recompute_from_transitions
-11.134978797950042,0.7665270825749287,20574,0.38326354128746437,111,hinge_plateau_smooth,recompute_from_transitions
-11.030873545631414,0.6912355477837218,20178,0.3456177738918609,111,hinge_plateau_smooth,recompute_from_transitions
-10.93505229397956,0.8233311281677667,20053,0.41166556408388333,111,hinge_plateau_smooth,recompute_from_transitions
-10.832404610865524,0.7227740257493294,19992,0.3613870128746647,111,hinge_plateau_smooth,recompute_from_transitions
-10.726473315552202,0.7467620373182613,20485,0.37338101865913065,111,hinge_plateau_smooth,recompute_from_transitions
-10.595842752855896,0.7883152692328053,20156,0.39415763461640263,111,hinge_plateau_smooth,recompute_from_transitions
-10.45857636470552,0.7500829563796828,20078,0.3750414781898414,111,hinge_plateau_smooth,recompute_from_transitions
-10.306616904866818,0.725805504634383,20292,0.3629027523171915,111,hinge_plateau_smooth,recompute_from_transitions
-10.11458281379431,0.656698061597348,20189,0.328349030798674,111,hinge_plateau_smooth,recompute_from_transitions
-9.876592524569668,0.6504169859148544,20178,0.3252084929574272,111,hinge_plateau_smooth,recompute_from_transitions
-9.516685129571169,0.5703452337446748,20177,0.2851726168723374,111,hinge_plateau_smooth,recompute_from_transitions
-8.794706919503636,0.41213419935642204,20176,0.20606709967821102,111,hinge_plateau_smooth,recompute_from_transitions
-13.215568615552153,0.38240096567160226,19639,0.19120048283580113,112,hinge_plateau_smooth,recompute_from_transitions
-12.873930922403003,0.30645012410186734,19981,0.15322506205093367,112,hinge_plateau_smooth,recompute_from_transitions
-12.710510913170893,0.42223464702985414,20217,0.21111732351492707,112,hinge_plateau_smooth,recompute_from_transitions
-12.557739569963914,0.4276668055581296,19803,0.2138334027790648,112,hinge_plateau_smooth,recompute_from_transitions
-12.42693850381749,0.3724752461961381,20779,0.18623762309806904,112,hinge_plateau_smooth,recompute_from_transitions
-12.345839520565075,0.509858125449452,20282,0.254929062724726,112,hinge_plateau_smooth,recompute_from_transitions
-12.268666397113726,0.4229717883842408,20094,0.2114858941921204,112,hinge_plateau_smooth,recompute_from_transitions
-12.16882174978853,0.5448991866639579,20037,0.27244959333197893,112,hinge_plateau_smooth,recompute_from_transitions
-12.090426708733924,0.4534887662152014,20116,0.2267443831076007,112,hinge_plateau_smooth,recompute_from_transitions
-12.020014114773264,0.5411973548492244,20322,0.2705986774246122,112,hinge_plateau_smooth,recompute_from_transitions
-11.93627780817832,0.5240272950654689,19761,0.26201364753273443,112,hinge_plateau_smooth,recompute_from_transitions
-11.876428344003694,0.5390654900411538,20434,0.2695327450205769,112,hinge_plateau_smooth,recompute_from_transitions
-11.775718390041606,0.6038817677687042,20077,0.3019408838843521,112,hinge_plateau_smooth,recompute_from_transitions
-11.69676292781828,0.5689231794298529,20262,0.28446158971492647,112,hinge_plateau_smooth,recompute_from_transitions
-11.63302268210979,0.5680423133054175,19766,0.2840211566527088,112,hinge_plateau_smooth,recompute_from_transitions
-11.566220267292575,0.5651472709385355,20471,0.2825736354692677,112,hinge_plateau_smooth,recompute_from_transitions
-11.481825057623665,0.6937367951625407,20080,0.34686839758127036,112,hinge_plateau_smooth,recompute_from_transitions
-11.398020867510535,0.5740580189100947,20196,0.28702900945504733,112,hinge_plateau_smooth,recompute_from_transitions
-11.31599863352836,0.6633490660080119,19941,0.33167453300400596,112,hinge_plateau_smooth,recompute_from_transitions
-11.241614956797608,0.7101997597137383,20330,0.35509987985686914,112,hinge_plateau_smooth,recompute_from_transitions
-11.141924215050269,0.7124385791402804,19945,0.3562192895701402,112,hinge_plateau_smooth,recompute_from_transitions
-11.043021489204277,0.7469628164738438,19898,0.3734814082369219,112,hinge_plateau_smooth,recompute_from_transitions
-10.95569807248887,0.7208607148859325,19936,0.36043035744296625,112,hinge_plateau_smooth,recompute_from_transitions
-10.850858638368678,0.7265950869500055,20670,0.36329754347500276,112,hinge_plateau_smooth,recompute_from_transitions
-10.7434824635781,0.7327235376944363,20178,0.36636176884721816,112,hinge_plateau_smooth,recompute_from_transitions
-10.611449014915236,0.7421021225696712,20118,0.3710510612848356,112,hinge_plateau_smooth,recompute_from_transitions
-10.478023062290236,0.7621343849425765,20162,0.38106719247128823,112,hinge_plateau_smooth,recompute_from_transitions
-10.32438202289378,0.7303718370277289,20123,0.36518591851386445,112,hinge_plateau_smooth,recompute_from_transitions
-10.130333337793523,0.6801721793939178,20132,0.3400860896969589,112,hinge_plateau_smooth,recompute_from_transitions
-9.896320465654602,0.6391498151820914,20129,0.3195749075910457,112,hinge_plateau_smooth,recompute_from_transitions
-9.544696696779496,0.5603676094824597,20133,0.28018380474122984,112,hinge_plateau_smooth,recompute_from_transitions
-8.779581747080808,0.4213808296883651,20131,0.21069041484418255,112,hinge_plateau_smooth,recompute_from_transitions
-13.215568615552153,0.413266529646639,19864,0.2066332648233195,113,hinge_plateau_smooth,recompute_from_transitions
-12.873930922403003,0.31527282047897165,20135,0.15763641023948582,113,hinge_plateau_smooth,recompute_from_transitions
-12.710510913170893,0.4043288873475342,20291,0.2021644436737671,113,hinge_plateau_smooth,recompute_from_transitions
-12.557739569963914,0.4482972395976124,19612,0.2241486197988062,113,hinge_plateau_smooth,recompute_from_transitions
-12.425734488232454,0.3835576586006852,20598,0.1917788293003426,113,hinge_plateau_smooth,recompute_from_transitions
-12.345839520565075,0.5012790849415224,20268,0.2506395424707612,113,hinge_plateau_smooth,recompute_from_transitions
-12.268764180668509,0.4347270809916841,20207,0.21736354049584206,113,hinge_plateau_smooth,recompute_from_transitions
-12.170550125429626,0.5552162617424522,20115,0.2776081308712261,113,hinge_plateau_smooth,recompute_from_transitions
-12.090426708733924,0.466139836572795,20203,0.2330699182863975,113,hinge_plateau_smooth,recompute_from_transitions
-12.020014114773264,0.5646004413713434,20135,0.2823002206856717,113,hinge_plateau_smooth,recompute_from_transitions
-11.9389012237277,0.5010167797749842,20093,0.2505083898874921,113,hinge_plateau_smooth,recompute_from_transitions
-11.87771584030389,0.5217670991620784,19836,0.2608835495810392,113,hinge_plateau_smooth,recompute_from_transitions
-11.779367904917422,0.5834565475595429,20342,0.29172827377977145,113,hinge_plateau_smooth,recompute_from_transitions
-11.69676292781828,0.5735791280447307,20198,0.28678956402236533,113,hinge_plateau_smooth,recompute_from_transitions
-11.632985963597555,0.545502298199733,20029,0.2727511490998665,113,hinge_plateau_smooth,recompute_from_transitions
-11.564931219048146,0.5756171532149058,20370,0.2878085766074529,113,hinge_plateau_smooth,recompute_from_transitions
-11.48155238820163,0.6854845619185818,20074,0.3427422809592909,113,hinge_plateau_smooth,recompute_from_transitions
-11.396858955150869,0.5607782267854552,20220,0.2803891133927276,113,hinge_plateau_smooth,recompute_from_transitions
-11.313724978901204,0.6845159239646644,19991,0.3422579619823322,113,hinge_plateau_smooth,recompute_from_transitions
-11.240543307661747,0.7205250650034685,20269,0.36026253250173423,113,hinge_plateau_smooth,recompute_from_transitions
-11.138540710803264,0.7533518775265252,20163,0.3766759387632626,113,hinge_plateau_smooth,recompute_from_transitions
-11.04162957247813,0.7202263899290215,19211,0.3601131949645108,113,hinge_plateau_smooth,recompute_from_transitions
-10.952861235229005,0.7426108495068199,21078,0.37130542475340994,113,hinge_plateau_smooth,recompute_from_transitions
-10.845665690284829,0.7709201558219123,20068,0.38546007791095616,113,hinge_plateau_smooth,recompute_from_transitions
-10.738301621801345,0.7378742260904506,20221,0.3689371130452253,113,hinge_plateau_smooth,recompute_from_transitions
-10.608104730488945,0.7959023910112556,20155,0.3979511955056278,113,hinge_plateau_smooth,recompute_from_transitions
-10.469421682197956,0.721908052163161,20115,0.3609540260815805,113,hinge_plateau_smooth,recompute_from_transitions
-10.31736601696288,0.7138173039129988,20178,0.3569086519564994,113,hinge_plateau_smooth,recompute_from_transitions
-10.12108506417647,0.6620217338591117,20143,0.33101086692955584,113,hinge_plateau_smooth,recompute_from_transitions
-9.888800070026928,0.6297283341522725,20140,0.31486416707613624,113,hinge_plateau_smooth,recompute_from_transitions
-9.53463376481278,0.5734638500302442,20150,0.2867319250151221,113,hinge_plateau_smooth,recompute_from_transitions
-8.786685993489348,0.4132059525761986,20145,0.2066029762880993,113,hinge_plateau_smooth,recompute_from_transitions
-13.215568615552153,0.37958276511104533,19922,0.18979138255552266,114,hinge_plateau_smooth,recompute_from_transitions
-12.873930922403003,0.28718579684723083,19743,0.14359289842361542,114,hinge_plateau_smooth,recompute_from_transitions
-12.710510913170893,0.41127072867315206,20197,0.20563536433657603,114,hinge_plateau_smooth,recompute_from_transitions
-12.557739569963914,0.43474324732273567,19661,0.21737162366136784,114,hinge_plateau_smooth,recompute_from_transitions
-12.430203708843376,0.37465646618825094,20647,0.18732823309412547,114,hinge_plateau_smooth,recompute_from_transitions
-12.345839520565075,0.460049335376328,20149,0.230024667688164,114,hinge_plateau_smooth,recompute_from_transitions
-12.268764180668509,0.42459036274802603,20118,0.21229518137401301,114,hinge_plateau_smooth,recompute_from_transitions
-12.170550125429626,0.5614048471911561,19934,0.28070242359557807,114,hinge_plateau_smooth,recompute_from_transitions
-12.090426708733924,0.5088114256993956,20255,0.2544057128496978,114,hinge_plateau_smooth,recompute_from_transitions
-12.020014114773264,0.5701494182294709,20028,0.2850747091147354,114,hinge_plateau_smooth,recompute_from_transitions
-11.949066537304118,0.5234438579002695,19634,0.26172192895013474,114,hinge_plateau_smooth,recompute_from_transitions
-11.87776586195074,0.48187260630579704,20754,0.24093630315289852,114,hinge_plateau_smooth,recompute_from_transitions
-11.779720922693246,0.5759566926201234,20032,0.2879783463100617,114,hinge_plateau_smooth,recompute_from_transitions
-11.698243294090917,0.5791617478973335,19987,0.2895808739486668,114,hinge_plateau_smooth,recompute_from_transitions
-11.63302268210979,0.6031872243325161,19931,0.3015936121662581,114,hinge_plateau_smooth,recompute_from_transitions
-11.5624399623485,0.6078470819077096,20397,0.3039235409538548,114,hinge_plateau_smooth,recompute_from_transitions
-11.476282435045492,0.6709181045878891,19867,0.33545905229394457,114,hinge_plateau_smooth,recompute_from_transitions
-11.396858955150869,0.6011491534669211,20288,0.30057457673346055,114,hinge_plateau_smooth,recompute_from_transitions
-11.309518407188891,0.6862744512156753,20140,0.34313722560783766,114,hinge_plateau_smooth,recompute_from_transitions
-11.235036945330286,0.7412458827556565,19937,0.37062294137782825,114,hinge_plateau_smooth,recompute_from_transitions
-11.134978797950042,0.788006705520814,20243,0.394003352760407,114,hinge_plateau_smooth,recompute_from_transitions
-11.031159115567675,0.7165647529468858,20077,0.3582823764734429,114,hinge_plateau_smooth,recompute_from_transitions
-10.937160322682756,0.8110980740571101,20100,0.40554903702855505,114,hinge_plateau_smooth,recompute_from_transitions
-10.832183565604849,0.7470376355389996,20089,0.3735188177694998,114,hinge_plateau_smooth,recompute_from_transitions
-10.725455616809697,0.756521354714403,20089,0.3782606773572015,114,hinge_plateau_smooth,recompute_from_transitions
-10.596112551215755,0.7136781830101683,20088,0.35683909150508414,114,hinge_plateau_smooth,recompute_from_transitions
-10.462083060601683,0.7372130639976944,20091,0.3686065319988472,114,hinge_plateau_smooth,recompute_from_transitions
-10.306710481985933,0.7183143482357031,20080,0.35915717411785153,114,hinge_plateau_smooth,recompute_from_transitions
-10.115034143602255,0.6598910811246574,20096,0.3299455405623287,114,hinge_plateau_smooth,recompute_from_transitions
-9.869644161758492,0.628656674920337,20091,0.3143283374601685,114,hinge_plateau_smooth,recompute_from_transitions
-9.513028926159734,0.5169657585461646,20086,0.2584828792730823,114,hinge_plateau_smooth,recompute_from_transitions
-8.744625251756018,0.38563842754440325,20093,0.19281921377220163,114,hinge_plateau_smooth,recompute_from_transitions
-13.215568615552153,0.39726543825922195,19962,0.19863271912961097,115,hinge_plateau_smooth,recompute_from_transitions
-12.883829499865389,0.3080646429905907,20222,0.15403232149529536,115,hinge_plateau_smooth,recompute_from_transitions
-12.710510913170893,0.41908550373725173,19908,0.20954275186862586,115,hinge_plateau_smooth,recompute_from_transitions
-12.561294512689928,0.42896926843859173,20593,0.21448463421929587,115,hinge_plateau_smooth,recompute_from_transitions
-12.430203708843376,0.38455471027135507,20164,0.19227735513567754,115,hinge_plateau_smooth,recompute_from_transitions
-12.358968791936285,0.4941221075635669,19149,0.24706105378178345,115,hinge_plateau_smooth,recompute_from_transitions
-12.27194452041643,0.40641811579915393,20769,0.20320905789957697,115,hinge_plateau_smooth,recompute_from_transitions
-12.172721188636483,0.5438480085182114,20586,0.2719240042591057,115,hinge_plateau_smooth,recompute_from_transitions
-12.090022719704764,0.4726286860085403,20069,0.23631434300427015,115,hinge_plateau_smooth,recompute_from_transitions
-12.020014114773264,0.5910206120282209,20042,0.29551030601411044,115,hinge_plateau_smooth,recompute_from_transitions
-11.940863659675935,0.5008553207538672,20441,0.2504276603769336,115,hinge_plateau_smooth,recompute_from_transitions
-11.874437717000962,0.5484873259800626,20144,0.2742436629900313,115,hinge_plateau_smooth,recompute_from_transitions
-11.775718390041606,0.5866668682897583,20101,0.29333343414487917,115,hinge_plateau_smooth,recompute_from_transitions
-11.692217437084182,0.5725371735436918,20318,0.2862685867718459,115,hinge_plateau_smooth,recompute_from_transitions
-11.630622471622218,0.5635461939894474,19604,0.2817730969947237,115,hinge_plateau_smooth,recompute_from_transitions
-11.556433676842664,0.5768138008306415,20710,0.28840690041532074,115,hinge_plateau_smooth,recompute_from_transitions
-11.475096207417025,0.7021369430697362,19834,0.3510684715348681,115,hinge_plateau_smooth,recompute_from_transitions
-11.394203844054164,0.6180461158781245,20504,0.30902305793906226,115,hinge_plateau_smooth,recompute_from_transitions
-11.309518407188891,0.6948862082961894,19652,0.3474431041480947,115,hinge_plateau_smooth,recompute_from_transitions
-11.233264470745242,0.7674516924497822,20744,0.3837258462248911,115,hinge_plateau_smooth,recompute_from_transitions
-11.133561742330786,0.7271463863610285,20190,0.36357319318051423,115,hinge_plateau_smooth,recompute_from_transitions
-11.030873545631414,0.7196659650630223,20154,0.35983298253151114,115,hinge_plateau_smooth,recompute_from_transitions
-10.93714729084367,0.8082314421963598,20185,0.4041157210981799,115,hinge_plateau_smooth,recompute_from_transitions
-10.8347963460994,0.7792338437215904,20158,0.3896169218607952,115,hinge_plateau_smooth,recompute_from_transitions
-10.734742737074756,0.7981527413827763,20130,0.3990763706913881,115,hinge_plateau_smooth,recompute_from_transitions
-10.605396238724294,0.7733083554971217,20275,0.38665417774856087,115,hinge_plateau_smooth,recompute_from_transitions
-10.4665924843832,0.6830498932557281,20178,0.34152494662786403,115,hinge_plateau_smooth,recompute_from_transitions
-10.308160680414106,0.7294960236204269,20167,0.36474801181021343,115,hinge_plateau_smooth,recompute_from_transitions
-10.117953562631866,0.6384128931059143,20188,0.31920644655295716,115,hinge_plateau_smooth,recompute_from_transitions
-9.882500483236228,0.6310247716063505,20134,0.31551238580317525,115,hinge_plateau_smooth,recompute_from_transitions
-9.528955163533686,0.5822886679702598,20213,0.2911443339851299,115,hinge_plateau_smooth,recompute_from_transitions
-8.775729362365048,0.3998539949027118,20185,0.1999269974513559,115,hinge_plateau_smooth,recompute_from_transitions
-13.215568615552153,0.3801991568106948,18899,0.1900995784053474,116,hinge_plateau_smooth,recompute_from_transitions
-12.89514566473076,0.2891465687368639,20956,0.14457328436843195,116,hinge_plateau_smooth,recompute_from_transitions
-12.710510913170893,0.4092202721781854,20267,0.2046101360890927,116,hinge_plateau_smooth,recompute_from_transitions
-12.557739569963914,0.4449725665104118,20205,0.2224862832552059,116,hinge_plateau_smooth,recompute_from_transitions
-12.430203708843376,0.3706645087257493,19930,0.18533225436287465,116,hinge_plateau_smooth,recompute_from_transitions
-12.36017280752134,0.4927214647084953,19863,0.24636073235424766,116,hinge_plateau_smooth,recompute_from_transitions
-12.273612440309472,0.40540866270151993,19488,0.20270433135075996,116,hinge_plateau_smooth,recompute_from_transitions
-12.1775056187353,0.5480165974373801,21182,0.27400829871869004,116,hinge_plateau_smooth,recompute_from_transitions
-12.097344720107657,0.4545912048899342,19730,0.2272956024449671,116,hinge_plateau_smooth,recompute_from_transitions
-12.02436563316836,0.5651420516679757,19924,0.28257102583398785,116,hinge_plateau_smooth,recompute_from_transitions
-11.955149926079956,0.515830916079798,19651,0.257915458039899,116,hinge_plateau_smooth,recompute_from_transitions
-11.88729016568336,0.5285486192966784,20897,0.2642743096483392,116,hinge_plateau_smooth,recompute_from_transitions
-11.787923706203784,0.5809759758817014,20176,0.2904879879408507,116,hinge_plateau_smooth,recompute_from_transitions
-11.70504057453058,0.5443494640947889,18582,0.27217473204739445,116,hinge_plateau_smooth,recompute_from_transitions
-11.64556303626818,0.5346628936776175,21572,0.2673314468388088,116,hinge_plateau_smooth,recompute_from_transitions
-11.566256985804811,0.5738223687508215,19993,0.28691118437541074,116,hinge_plateau_smooth,recompute_from_transitions
-11.482398110500611,0.6812303951883522,20386,0.3406151975941761,116,hinge_plateau_smooth,recompute_from_transitions
-11.398020867510535,0.6020326035221519,19948,0.30101630176107597,116,hinge_plateau_smooth,recompute_from_transitions
-11.31586934187193,0.6981206539948859,20276,0.34906032699744294,116,hinge_plateau_smooth,recompute_from_transitions
-11.240543307661747,0.753898491706833,20072,0.3769492458534165,116,hinge_plateau_smooth,recompute_from_transitions
-11.14096798459634,0.7606966914268803,20140,0.3803483457134402,116,hinge_plateau_smooth,recompute_from_transitions
-11.037645942581964,0.6892077352946031,20085,0.34460386764730155,116,hinge_plateau_smooth,recompute_from_transitions
-10.94472422949367,0.806426526006879,20067,0.4032132630034395,116,hinge_plateau_smooth,recompute_from_transitions
-10.842336164973165,0.7323848487039196,20130,0.3661924243519598,116,hinge_plateau_smooth,recompute_from_transitions
-10.737124588306369,0.7931426483261179,20128,0.39657132416305896,116,hinge_plateau_smooth,recompute_from_transitions
-10.608104730488945,0.7595293760712244,20109,0.3797646880356122,116,hinge_plateau_smooth,recompute_from_transitions
-10.469421682197956,0.770561551049148,20100,0.385280775524574,116,hinge_plateau_smooth,recompute_from_transitions
-10.31406940870592,0.7239760267308961,20105,0.36198801336544806,116,hinge_plateau_smooth,recompute_from_transitions
-10.122532716899276,0.6420192788504043,20102,0.32100963942520216,116,hinge_plateau_smooth,recompute_from_transitions
-9.885021879574747,0.6408017065512931,20101,0.32040085327564655,116,hinge_plateau_smooth,recompute_from_transitions
-9.524239164368742,0.5772358285871749,20095,0.28861791429358746,116,hinge_plateau_smooth,recompute_from_transitions
-8.770829060905706,0.4058492693837869,20111,0.20292463469189345,116,hinge_plateau_smooth,recompute_from_transitions
-13.215568615552153,0.3861293051480134,19584,0.1930646525740067,117,hinge_plateau_smooth,recompute_from_transitions
-12.873930922403003,0.29898758098792017,20226,0.14949379049396008,117,hinge_plateau_smooth,recompute_from_transitions
-12.710510913170893,0.41538159621662873,20500,0.20769079810831437,117,hinge_plateau_smooth,recompute_from_transitions
-12.557739569963914,0.46910649273231814,19870,0.23455324636615907,117,hinge_plateau_smooth,recompute_from_transitions
-12.430203708843376,0.3679835097704906,20041,0.1839917548852453,117,hinge_plateau_smooth,recompute_from_transitions
-12.363882337052631,0.5111020379543444,19283,0.2555510189771722,117,hinge_plateau_smooth,recompute_from_transitions
-12.27194452041643,0.409900575485572,20818,0.204950287742786,117,hinge_plateau_smooth,recompute_from_transitions
-12.175059099136428,0.5237041692917025,20402,0.26185208464585125,117,hinge_plateau_smooth,recompute_from_transitions
-12.091168047981338,0.47123682013945517,20201,0.23561841006972759,117,hinge_plateau_smooth,recompute_from_transitions
-12.020585328224517,0.5181699534955156,20093,0.2590849767477578,117,hinge_plateau_smooth,recompute_from_transitions
-11.954018836676624,0.528297702680918,19006,0.264148851340459,117,hinge_plateau_smooth,recompute_from_transitions
-11.88729016568336,0.5389025541859679,21191,0.26945127709298394,117,hinge_plateau_smooth,recompute_from_transitions
-11.791071992369584,0.5661236439625007,20142,0.28306182198125035,117,hinge_plateau_smooth,recompute_from_transitions
-11.70504057453058,0.5489209855170679,18325,0.27446049275853396,117,hinge_plateau_smooth,recompute_from_transitions
-11.642284912965152,0.5983916572526052,21778,0.2991958286263026,117,hinge_plateau_smooth,recompute_from_transitions
-11.566256985804811,0.5481938487804485,19943,0.27409692439022426,117,hinge_plateau_smooth,recompute_from_transitions
-11.482398110500611,0.703290282618034,20369,0.351645141309017,117,hinge_plateau_smooth,recompute_from_transitions
-11.398916548269137,0.5580562034152031,19982,0.27902810170760156,117,hinge_plateau_smooth,recompute_from_transitions
-11.317173268105606,0.6939799573995719,20064,0.34698997869978593,117,hinge_plateau_smooth,recompute_from_transitions
-11.24176584809135,0.7718790690627941,20232,0.38593953453139707,117,hinge_plateau_smooth,recompute_from_transitions
-11.141924215050267,0.7241033055549541,20138,0.36205165277747703,117,hinge_plateau_smooth,recompute_from_transitions
-11.038871976362543,0.732791860321469,20134,0.3663959301607345,117,hinge_plateau_smooth,recompute_from_transitions
-10.943301369370404,0.7984844248777484,20106,0.3992422124388742,117,hinge_plateau_smooth,recompute_from_transitions
-10.839863964008275,0.7268819599924623,20097,0.36344097999623115,117,hinge_plateau_smooth,recompute_from_transitions
-10.732149574034496,0.7791270322502655,20049,0.38956351612513274,117,hinge_plateau_smooth,recompute_from_transitions
-10.605000226252216,0.7940079938518546,20171,0.3970039969259273,117,hinge_plateau_smooth,recompute_from_transitions
-10.4665924843832,0.7430494355096463,20097,0.37152471775482315,117,hinge_plateau_smooth,recompute_from_transitions
-10.309786943985127,0.718179830733335,20107,0.3590899153666675,117,hinge_plateau_smooth,recompute_from_transitions
-10.117953562631866,0.6251931733044629,20112,0.31259658665223145,117,hinge_plateau_smooth,recompute_from_transitions
-9.8789909815992,0.6575504145850687,20035,0.32877520729253434,117,hinge_plateau_smooth,recompute_from_transitions
-9.51799536876711,0.5878145502466717,20176,0.29390727512333586,117,hinge_plateau_smooth,recompute_from_transitions
-8.775729362365048,0.4238388074223587,20108,0.21191940371117934,117,hinge_plateau_smooth,recompute_from_transitions
-13.215568615552153,0.4064709935630954,19618,0.2032354967815477,118,hinge_plateau_smooth,recompute_from_transitions
-12.873930922403003,0.3205101263402947,20173,0.16025506317014734,118,hinge_plateau_smooth,recompute_from_transitions
-12.710510913170893,0.4246839804763199,20495,0.21234199023815994,118,hinge_plateau_smooth,recompute_from_transitions
-12.557739569963914,0.44393616175785866,19847,0.22196808087892933,118,hinge_plateau_smooth,recompute_from_transitions
-12.42693850381749,0.3847620590116518,20433,0.1923810295058259,118,hinge_plateau_smooth,recompute_from_transitions
-12.357640847696889,0.5181404852168736,19120,0.2590702426084368,118,hinge_plateau_smooth,recompute_from_transitions
-12.27194452041643,0.4248938445656652,20866,0.2124469222828326,118,hinge_plateau_smooth,recompute_from_transitions
-12.172721188636483,0.5025058064966215,20325,0.25125290324831073,118,hinge_plateau_smooth,recompute_from_transitions
-12.091131329469109,0.47776524278507976,20166,0.23888262139253988,118,hinge_plateau_smooth,recompute_from_transitions
-12.020014114773264,0.5551714921082175,20017,0.27758574605410874,118,hinge_plateau_smooth,recompute_from_transitions
-11.952175739666302,0.5527214424211716,19655,0.2763607212105858,118,hinge_plateau_smooth,recompute_from_transitions
-11.878512914472651,0.4440696465855669,20781,0.22203482329278346,118,hinge_plateau_smooth,recompute_from_transitions
-11.779720922693246,0.567272237488464,20043,0.283636118744232,118,hinge_plateau_smooth,recompute_from_transitions
-11.698243294090917,0.5636951559816887,20171,0.28184757799084437,118,hinge_plateau_smooth,recompute_from_transitions
-11.63302268210979,0.5851694306754094,19903,0.2925847153377047,118,hinge_plateau_smooth,recompute_from_transitions
-11.56507943052477,0.5701072376123852,20377,0.2850536188061926,118,hinge_plateau_smooth,recompute_from_transitions
-11.477832531920148,0.6946930051156457,20058,0.34734650255782284,118,hinge_plateau_smooth,recompute_from_transitions
-11.398916548269137,0.5652354493738395,19971,0.28261772468691976,118,hinge_plateau_smooth,recompute_from_transitions
-11.31599863352836,0.6778028818348485,20162,0.33890144091742425,118,hinge_plateau_smooth,recompute_from_transitions
-11.24114952175022,0.7340657767792211,20215,0.36703288838961057,118,hinge_plateau_smooth,recompute_from_transitions
-11.141924215050263,0.7253792088581232,20167,0.3626896044290616,118,hinge_plateau_smooth,recompute_from_transitions
-11.03885919429917,0.7197627698240939,20142,0.35988138491204696,118,hinge_plateau_smooth,recompute_from_transitions
-10.942756306561911,0.7872659972646755,20147,0.39363299863233775,118,hinge_plateau_smooth,recompute_from_transitions
-10.841289459577933,0.7948959899075455,20132,0.39744799495377275,118,hinge_plateau_smooth,recompute_from_transitions
-10.734742737074756,0.7943989397643768,20130,0.3971994698821884,118,hinge_plateau_smooth,recompute_from_transitions
-10.605396238724294,0.736026141044205,20127,0.3680130705221025,118,hinge_plateau_smooth,recompute_from_transitions
-10.4665924843832,0.7585762038718017,20115,0.37928810193590085,118,hinge_plateau_smooth,recompute_from_transitions
-10.308381113140692,0.721603488751722,20078,0.360801744375861,118,hinge_plateau_smooth,recompute_from_transitions
-10.117236841789214,0.6455402758900339,20184,0.32277013794501697,118,hinge_plateau_smooth,recompute_from_transitions
-9.87437809037913,0.648947050136113,20091,0.3244735250680565,118,hinge_plateau_smooth,recompute_from_transitions
-9.526386607869815,0.560583711265031,20160,0.2802918556325155,118,hinge_plateau_smooth,recompute_from_transitions
-8.772586417377234,0.43818120708818453,20125,0.21909060354409227,118,hinge_plateau_smooth,recompute_from_transitions
-13.215568615552153,0.3810085413596515,20093,0.19050427067982575,119,hinge_plateau_smooth,recompute_from_transitions
-12.873930922403003,0.3117594533799272,19445,0.1558797266899636,119,hinge_plateau_smooth,recompute_from_transitions
-12.710510913170893,0.41657510871011244,20448,0.20828755435505622,119,hinge_plateau_smooth,recompute_from_transitions
-12.557739569963914,0.44299188885875646,19980,0.22149594442937823,119,hinge_plateau_smooth,recompute_from_transitions
-12.42707200617936,0.3777967577911745,20472,0.18889837889558725,119,hinge_plateau_smooth,recompute_from_transitions
-12.357640847696889,0.4912633918077044,19340,0.2456316959038522,119,hinge_plateau_smooth,recompute_from_transitions
-12.27194452041643,0.4027874039806808,20508,0.2013937019903404,119,hinge_plateau_smooth,recompute_from_transitions
-12.172721188636483,0.5146804632324069,20311,0.25734023161620345,119,hinge_plateau_smooth,recompute_from_transitions
-12.090428487980128,0.478035069907437,20091,0.2390175349537185,119,hinge_plateau_smooth,recompute_from_transitions
-12.020014114773264,0.5896167233716961,19803,0.29480836168584806,119,hinge_plateau_smooth,recompute_from_transitions
-11.940863659675935,0.5241598399310757,20307,0.26207991996553787,119,hinge_plateau_smooth,recompute_from_transitions
-11.875100399764182,0.5328185932753199,20284,0.26640929663765994,119,hinge_plateau_smooth,recompute_from_transitions
-11.775718390041606,0.5527551308680312,20037,0.2763775654340156,119,hinge_plateau_smooth,recompute_from_transitions
-11.694795004886643,0.5847325900463692,20306,0.2923662950231846,119,hinge_plateau_smooth,recompute_from_transitions
-11.63187735383314,0.5627885267927941,19859,0.28139426339639706,119,hinge_plateau_smooth,recompute_from_transitions
-11.56135957424332,0.5687429841624839,20171,0.28437149208124196,119,hinge_plateau_smooth,recompute_from_transitions
-11.475674569324926,0.6947996832424389,20373,0.34739984162121945,119,hinge_plateau_smooth,recompute_from_transitions
-11.394203844054164,0.5742800012857875,19981,0.28714000064289374,119,hinge_plateau_smooth,recompute_from_transitions
-11.309518407188891,0.6876489782998804,20213,0.3438244891499402,119,hinge_plateau_smooth,recompute_from_transitions
-11.235036945330286,0.7380765165893013,19965,0.36903825829465065,119,hinge_plateau_smooth,recompute_from_transitions
-11.138900982248124,0.7689317923141632,20205,0.3844658961570816,119,hinge_plateau_smooth,recompute_from_transitions
-11.037645942581964,0.6955535832440695,20096,0.34777679162203473,119,hinge_plateau_smooth,recompute_from_transitions
-10.942686141479168,0.7994331280037493,20190,0.39971656400187466,119,hinge_plateau_smooth,recompute_from_transitions
-10.841289459577933,0.7327492248597115,20108,0.36637461242985575,119,hinge_plateau_smooth,recompute_from_transitions
-10.737142947562488,0.7657949389972974,20074,0.3828974694986487,119,hinge_plateau_smooth,recompute_from_transitions
-10.609223905833444,0.791605270151504,20106,0.395802635075752,119,hinge_plateau_smooth,recompute_from_transitions
-10.470320787229076,0.7710847927539498,20141,0.3855423963769749,119,hinge_plateau_smooth,recompute_from_transitions
-10.318996496446363,0.6895662971164461,20095,0.34478314855822306,119,hinge_plateau_smooth,recompute_from_transitions
-10.12560497615696,0.6866467110662291,20114,0.34332335553311455,119,hinge_plateau_smooth,recompute_from_transitions
-9.89311730044346,0.6482798822162457,20094,0.32413994110812283,119,hinge_plateau_smooth,recompute_from_transitions
-9.531519403068488,0.5862534136731645,20130,0.29312670683658226,119,hinge_plateau_smooth,recompute_from_transitions
-8.776916465152954,0.4296303853007764,20108,0.2148151926503882,119,hinge_plateau_smooth,recompute_from_transitions
-13.215568615552153,0.3830921865617475,19923,0.19154609328087374,120,hinge_plateau_smooth,recompute_from_transitions
-12.89260136157762,0.2959957833401976,20177,0.1479978916700988,120,hinge_plateau_smooth,recompute_from_transitions
-12.713161295167165,0.4342507106574103,20395,0.21712535532870514,120,hinge_plateau_smooth,recompute_from_transitions
-12.561294512689928,0.4322895064670759,20139,0.21614475323353796,120,hinge_plateau_smooth,recompute_from_transitions
-12.4412132763088,0.40401694788632414,18719,0.20200847394316207,120,hinge_plateau_smooth,recompute_from_transitions
-12.363882337052631,0.44391219623536604,21177,0.22195609811768302,120,hinge_plateau_smooth,recompute_from_transitions
-12.27907382426767,0.3946301177644034,19667,0.1973150588822017,120,hinge_plateau_smooth,recompute_from_transitions
-12.176686744812724,0.5507046040226536,21158,0.2753523020113268,120,hinge_plateau_smooth,recompute_from_transitions
-12.09347629182408,0.44672507626054037,20158,0.22336253813027018,120,hinge_plateau_smooth,recompute_from_transitions
-12.02160689815435,0.5303236228252047,20134,0.26516181141260237,120,hinge_plateau_smooth,recompute_from_transitions
-11.952175739666302,0.5600735035087064,19900,0.2800367517543532,120,hinge_plateau_smooth,recompute_from_transitions
-11.87776586195074,0.48822588710563875,20462,0.24411294355281937,120,hinge_plateau_smooth,recompute_from_transitions
-11.78090710457824,0.6016663574595931,20201,0.30083317872979654,120,hinge_plateau_smooth,recompute_from_transitions
-11.70017544252683,0.5789772366358539,20143,0.28948861831792694,120,hinge_plateau_smooth,recompute_from_transitions
-11.639158583608138,0.5411261201210866,20018,0.2705630600605433,120,hinge_plateau_smooth,recompute_from_transitions
-11.5624399623485,0.5623538482980811,20255,0.28117692414904055,120,hinge_plateau_smooth,recompute_from_transitions
-11.477832531920148,0.6815329517335129,20235,0.34076647586675646,120,hinge_plateau_smooth,recompute_from_transitions
-11.39687553923386,0.5948254818628094,20207,0.2974127409314047,120,hinge_plateau_smooth,recompute_from_transitions
-11.315832623359697,0.7061831697044588,20132,0.3530915848522294,120,hinge_plateau_smooth,recompute_from_transitions
-11.240543307661747,0.7472885897192224,20075,0.3736442948596112,120,hinge_plateau_smooth,recompute_from_transitions
-11.140207845159958,0.7570834018824563,20206,0.37854170094122813,120,hinge_plateau_smooth,recompute_from_transitions
-11.037645942581964,0.7388095150232965,20300,0.36940475751164825,120,hinge_plateau_smooth,recompute_from_transitions
-10.940605945053118,0.7892795736776326,20152,0.3946397868388163,120,hinge_plateau_smooth,recompute_from_transitions
-10.839904162719622,0.7149557438212135,20163,0.35747787191060676,120,hinge_plateau_smooth,recompute_from_transitions
-10.73667489758741,0.7747910339033298,20200,0.3873955169516649,120,hinge_plateau_smooth,recompute_from_transitions
-10.607951237360746,0.785430877736391,20032,0.3927154388681955,120,hinge_plateau_smooth,recompute_from_transitions
-10.470320787229076,0.7580992407576043,20280,0.37904962037880213,120,hinge_plateau_smooth,recompute_from_transitions
-10.314745871642623,0.7315962750241458,20180,0.3657981375120729,120,hinge_plateau_smooth,recompute_from_transitions
-10.122532716899276,0.6571122826803648,20106,0.3285561413401824,120,hinge_plateau_smooth,recompute_from_transitions
-9.882752522050705,0.6353920377656544,20258,0.3176960188828272,120,hinge_plateau_smooth,recompute_from_transitions
-9.528746824088811,0.5983195765540619,20173,0.29915978827703094,120,hinge_plateau_smooth,recompute_from_transitions
-8.771137821300984,0.43709023070687664,20176,0.21854511535343832,120,hinge_plateau_smooth,recompute_from_transitions
-13.215568615552153,0.40353408882993186,20072,0.20176704441496593,121,hinge_plateau_smooth,recompute_from_transitions
-12.873930922403003,0.30750610411472157,20164,0.15375305205736078,121,hinge_plateau_smooth,recompute_from_transitions
-12.710510913170893,0.41407108657447894,20109,0.20703554328723947,121,hinge_plateau_smooth,recompute_from_transitions
-12.557739569963914,0.44144873980480764,20343,0.22072436990240382,121,hinge_plateau_smooth,recompute_from_transitions
-12.425734488232454,0.3727893613874373,20509,0.18639468069371865,121,hinge_plateau_smooth,recompute_from_transitions
-12.345839520565075,0.4635780469756461,20136,0.23178902348782304,121,hinge_plateau_smooth,recompute_from_transitions
-12.270626791332338,0.4237706912831925,19681,0.21188534564159625,121,hinge_plateau_smooth,recompute_from_transitions
-12.16882174978853,0.48532255314451034,20972,0.24266127657225517,121,hinge_plateau_smooth,recompute_from_transitions
-12.088170150775197,0.4559486199644138,20226,0.2279743099822069,121,hinge_plateau_smooth,recompute_from_transitions
-12.018475195490073,0.5747102652875196,19968,0.2873551326437598,121,hinge_plateau_smooth,recompute_from_transitions
-11.93627780817832,0.5214046739090183,19658,0.2607023369545092,121,hinge_plateau_smooth,recompute_from_transitions
-11.874437717000962,0.5539013169921366,20976,0.2769506584960683,121,hinge_plateau_smooth,recompute_from_transitions
-11.7753186339949,0.5430228268348847,20373,0.27151141341744234,121,hinge_plateau_smooth,recompute_from_transitions
-11.692217437084182,0.5676846944316982,19767,0.2838423472158491,121,hinge_plateau_smooth,recompute_from_transitions
-11.63187735383314,0.5533224082039775,20428,0.27666120410198874,121,hinge_plateau_smooth,recompute_from_transitions
-11.55898725857929,0.5861538944511356,20545,0.2930769472255678,121,hinge_plateau_smooth,recompute_from_transitions
-11.475096207417025,0.6815299707829561,20025,0.34076498539147804,121,hinge_plateau_smooth,recompute_from_transitions
-11.39687553923386,0.5989333346795721,20443,0.29946666733978605,121,hinge_plateau_smooth,recompute_from_transitions
-11.313724978901204,0.668146020131992,20266,0.334073010065996,121,hinge_plateau_smooth,recompute_from_transitions
-11.2376486736877,0.7125263792413133,20306,0.3562631896206567,121,hinge_plateau_smooth,recompute_from_transitions
-11.13801962927137,0.7537942545451974,20242,0.3768971272725987,121,hinge_plateau_smooth,recompute_from_transitions
-11.035137164908225,0.7150723095132965,20224,0.35753615475664824,121,hinge_plateau_smooth,recompute_from_transitions
-10.937475291118515,0.7859067119890489,20302,0.39295335599452447,121,hinge_plateau_smooth,recompute_from_transitions
-10.833311298642188,0.8095699712322274,20205,0.4047849856161137,121,hinge_plateau_smooth,recompute_from_transitions
-10.729717683926218,0.7779814569338495,20290,0.38899072846692473,121,hinge_plateau_smooth,recompute_from_transitions
-10.60174288574175,0.7771679167767561,20251,0.38858395838837806,121,hinge_plateau_smooth,recompute_from_transitions
-10.4665924843832,0.7122939198361883,20210,0.35614695991809414,121,hinge_plateau_smooth,recompute_from_transitions
-10.308160680414106,0.7256775411526631,20266,0.36283877057633157,121,hinge_plateau_smooth,recompute_from_transitions
-10.117236841789214,0.6518244250197438,20268,0.3259122125098719,121,hinge_plateau_smooth,recompute_from_transitions
-9.868334385082052,0.6223293360494824,20253,0.3111646680247412,121,hinge_plateau_smooth,recompute_from_transitions
-9.502091785478935,0.5607605717751423,20252,0.28038028588757113,121,hinge_plateau_smooth,recompute_from_transitions
-8.751900577730014,0.4149956556740985,20251,0.20749782783704926,121,hinge_plateau_smooth,recompute_from_transitions
-13.215568615552153,0.39913414438037526,19629,0.19956707219018763,122,hinge_plateau_smooth,recompute_from_transitions
-12.873930922403003,0.29612221274860295,20679,0.14806110637430148,122,hinge_plateau_smooth,recompute_from_transitions
-12.710510913170893,0.4177922956299886,19302,0.2088961478149943,122,hinge_plateau_smooth,recompute_from_transitions
-12.557739569963914,0.461977733088306,20085,0.230988866544153,122,hinge_plateau_smooth,recompute_from_transitions
-12.42707200617936,0.3954487630792618,21131,0.1977243815396309,122,hinge_plateau_smooth,recompute_from_transitions
-12.344366331759312,0.46866654757459114,19860,0.23433327378729557,122,hinge_plateau_smooth,recompute_from_transitions
-12.259404166259278,0.4347920623210801,20427,0.21739603116054004,122,hinge_plateau_smooth,recompute_from_transitions
-12.16882174978853,0.554395726482509,19936,0.2771978632412545,122,hinge_plateau_smooth,recompute_from_transitions
-12.090022719704764,0.497208216566989,20445,0.2486041082834945,122,hinge_plateau_smooth,recompute_from_transitions
-12.020014114773264,0.549576296171377,19594,0.2747881480856885,122,hinge_plateau_smooth,recompute_from_transitions
-11.9389012237277,0.5088805715680131,20166,0.25444028578400657,122,hinge_plateau_smooth,recompute_from_transitions
-11.874437717000962,0.5265794194558436,20646,0.2632897097279218,122,hinge_plateau_smooth,recompute_from_transitions
-11.775718390041606,0.5793544807625481,20307,0.28967724038127407,122,hinge_plateau_smooth,recompute_from_transitions
-11.692217437084182,0.553380951799552,19890,0.276690475899776,122,hinge_plateau_smooth,recompute_from_transitions
-11.631477597786429,0.563245943833017,20411,0.2816229719165085,122,hinge_plateau_smooth,recompute_from_transitions
-11.562020808875555,0.5908584899419455,20260,0.2954292449709727,122,hinge_plateau_smooth,recompute_from_transitions
-11.475096207417025,0.6994216598896815,20182,0.34971082994484076,122,hinge_plateau_smooth,recompute_from_transitions
-11.39687553923386,0.5845198759208045,19973,0.2922599379604022,122,hinge_plateau_smooth,recompute_from_transitions
-11.313724978901204,0.6860029394299153,20374,0.34300146971495765,122,hinge_plateau_smooth,recompute_from_transitions
-11.238757283452156,0.751068683443825,20165,0.3755343417219125,122,hinge_plateau_smooth,recompute_from_transitions
-11.138540710803264,0.7589001991656577,19972,0.3794500995828288,122,hinge_plateau_smooth,recompute_from_transitions
-11.037375796013333,0.7419296062386899,20292,0.37096480311934493,122,hinge_plateau_smooth,recompute_from_transitions
-10.943566067216128,0.7731997003944368,20239,0.3865998501972184,122,hinge_plateau_smooth,recompute_from_transitions
-10.841359118546572,0.7201254773988809,20166,0.36006273869944044,122,hinge_plateau_smooth,recompute_from_transitions
-10.73667489758741,0.7330348608821172,20187,0.3665174304410586,122,hinge_plateau_smooth,recompute_from_transitions
-10.609223905833444,0.7654080265762484,20198,0.3827040132881242,122,hinge_plateau_smooth,recompute_from_transitions
-10.473694945063066,0.7433652651169511,20163,0.37168263255847556,122,hinge_plateau_smooth,recompute_from_transitions
-10.318996496446363,0.7223434541945133,20191,0.36117172709725665,122,hinge_plateau_smooth,recompute_from_transitions
-10.12226611862635,0.703485502730901,20174,0.3517427513654505,122,hinge_plateau_smooth,recompute_from_transitions
-9.881160135823125,0.6425359701386114,20139,0.3212679850693057,122,hinge_plateau_smooth,recompute_from_transitions
-9.523511174155235,0.5713360067173853,20209,0.28566800335869263,122,hinge_plateau_smooth,recompute_from_transitions
-8.753933399104358,0.4001156323910592,20175,0.2000578161955296,122,hinge_plateau_smooth,recompute_from_transitions
-13.215568615552153,0.38649231636598125,19894,0.19324615818299062,123,hinge_plateau_smooth,recompute_from_transitions
-12.883829499865389,0.29266662976864455,20233,0.14633331488432227,123,hinge_plateau_smooth,recompute_from_transitions
-12.713161295167165,0.42531995495538183,20047,0.21265997747769091,123,hinge_plateau_smooth,recompute_from_transitions
-12.557739569963914,0.4412922289770486,20038,0.2206461144885243,123,hinge_plateau_smooth,recompute_from_transitions
-12.425734488232454,0.3955807938604136,20686,0.1977903969302068,123,hinge_plateau_smooth,recompute_from_transitions
-12.344366331759312,0.49780607039133773,19972,0.24890303519566886,123,hinge_plateau_smooth,recompute_from_transitions
-12.259404166259278,0.446260004576466,20156,0.223130002288233,123,hinge_plateau_smooth,recompute_from_transitions
-12.16824338788068,0.5364974155629441,20314,0.26824870778147203,123,hinge_plateau_smooth,recompute_from_transitions
-12.090022719704764,0.4798623609678689,20317,0.23993118048393444,123,hinge_plateau_smooth,recompute_from_transitions
-12.020014114773264,0.6043298260912552,20060,0.3021649130456276,123,hinge_plateau_smooth,recompute_from_transitions
-11.9389012237277,0.5047126230398321,20122,0.25235631151991605,123,hinge_plateau_smooth,recompute_from_transitions
-11.874437717000962,0.5625484197501975,20033,0.28127420987509877,123,hinge_plateau_smooth,recompute_from_transitions
-11.775718390041606,0.5640121328520902,20567,0.2820060664260451,123,hinge_plateau_smooth,recompute_from_transitions
-11.692217437084182,0.5793831799013405,19663,0.28969158995067024,123,hinge_plateau_smooth,recompute_from_transitions
-11.63187735383314,0.5699487485485747,20208,0.28497437427428735,123,hinge_plateau_smooth,recompute_from_transitions
-11.55898725857929,0.5943212155960067,20650,0.29716060779800335,123,hinge_plateau_smooth,recompute_from_transitions
-11.474048794672168,0.6869418582140049,20168,0.34347092910700244,123,hinge_plateau_smooth,recompute_from_transitions
-11.39155751540672,0.5891966390478972,20211,0.2945983195239486,123,hinge_plateau_smooth,recompute_from_transitions
-11.309518407188891,0.7175010220822132,20118,0.3587505110411066,123,hinge_plateau_smooth,recompute_from_transitions
-11.236649638993653,0.7417701119029626,20294,0.3708850559514813,123,hinge_plateau_smooth,recompute_from_transitions
-11.134978797950042,0.7540596992021162,20152,0.3770298496010581,123,hinge_plateau_smooth,recompute_from_transitions
-11.030873545631414,0.7196921639838197,20069,0.35984608199190987,123,hinge_plateau_smooth,recompute_from_transitions
-10.93983878309399,0.7872657787754996,20289,0.3936328893877498,123,hinge_plateau_smooth,recompute_from_transitions
-10.840288935161665,0.7361072457518472,20248,0.3680536228759236,123,hinge_plateau_smooth,recompute_from_transitions
-10.73492841950894,0.7582453581275599,20184,0.37912267906377994,123,hinge_plateau_smooth,recompute_from_transitions
-10.60779567977881,0.7544588800329907,20177,0.37722944001649533,123,hinge_plateau_smooth,recompute_from_transitions
-10.470525502162769,0.7064341798049895,20206,0.35321708990249473,123,hinge_plateau_smooth,recompute_from_transitions
-10.316919885149057,0.7257843148229973,20170,0.36289215741149866,123,hinge_plateau_smooth,recompute_from_transitions
-10.122038808988684,0.6602239193482078,20122,0.3301119596741039,123,hinge_plateau_smooth,recompute_from_transitions
-9.886912816624266,0.6168278332781735,20252,0.30841391663908674,123,hinge_plateau_smooth,recompute_from_transitions
-9.525617249360764,0.5696373505760729,20199,0.28481867528803645,123,hinge_plateau_smooth,recompute_from_transitions
-8.752464605547118,0.4370212208269503,20197,0.21851061041347514,123,hinge_plateau_smooth,recompute_from_transitions
-13.215568615552153,0.36704438721755084,19800,0.18352219360877542,124,hinge_plateau_smooth,recompute_from_transitions
-12.873930922403003,0.29209586642093593,20480,0.14604793321046797,124,hinge_plateau_smooth,recompute_from_transitions
-12.710510913170893,0.4175615683920199,19541,0.20878078419600996,124,hinge_plateau_smooth,recompute_from_transitions
-12.557739569963914,0.4393148798222302,20727,0.2196574399111151,124,hinge_plateau_smooth,recompute_from_transitions
-12.42394030351534,0.36248638480788087,20137,0.18124319240394043,124,hinge_plateau_smooth,recompute_from_transitions
-12.344366331759312,0.4652400344244854,19499,0.2326200172122427,124,hinge_plateau_smooth,recompute_from_transitions
-12.259404166259278,0.43938745997279527,21017,0.21969372998639763,124,hinge_plateau_smooth,recompute_from_transitions
-12.16824338788068,0.5192884246941605,20125,0.25964421234708024,124,hinge_plateau_smooth,recompute_from_transitions
-12.08288377446331,0.4763005318154173,20104,0.23815026590770866,124,hinge_plateau_smooth,recompute_from_transitions
-12.018475195490073,0.5286580141861478,20089,0.2643290070930739,124,hinge_plateau_smooth,recompute_from_transitions
-11.93627780817832,0.4948460519227505,19764,0.24742302596137525,124,hinge_plateau_smooth,recompute_from_transitions
-11.875100399764182,0.5266051267773173,20447,0.26330256338865865,124,hinge_plateau_smooth,recompute_from_transitions
-11.775718390041606,0.5771114335670364,20328,0.2885557167835182,124,hinge_plateau_smooth,recompute_from_transitions
-11.692217437084182,0.5596750937319909,19985,0.27983754686599543,124,hinge_plateau_smooth,recompute_from_transitions
-11.631477597786429,0.5511642340994836,20417,0.2755821170497418,124,hinge_plateau_smooth,recompute_from_transitions
-11.55898725857929,0.5712067933370137,20147,0.28560339666850687,124,hinge_plateau_smooth,recompute_from_transitions
-11.47505948890479,0.6968120946056159,20297,0.34840604730280794,124,hinge_plateau_smooth,recompute_from_transitions
-11.391313608637802,0.5860856359289026,20137,0.2930428179644513,124,hinge_plateau_smooth,recompute_from_transitions
-11.306118749873844,0.6842628956621613,19596,0.3421314478310806,124,hinge_plateau_smooth,recompute_from_transitions
-11.233322892790468,0.7631028431468886,20844,0.3815514215734443,124,hinge_plateau_smooth,recompute_from_transitions
-11.133310878056756,0.7098716866518621,20151,0.35493584332593103,124,hinge_plateau_smooth,recompute_from_transitions
-11.030873545631414,0.7278807596859797,20054,0.3639403798429898,124,hinge_plateau_smooth,recompute_from_transitions
-10.938697946326126,0.794492520465912,20307,0.397246260232956,124,hinge_plateau_smooth,recompute_from_transitions
-10.8347963460994,0.766962702764605,19832,0.3834813513823025,124,hinge_plateau_smooth,recompute_from_transitions
-10.730359412163743,0.7672911434688318,20453,0.3836455717344159,124,hinge_plateau_smooth,recompute_from_transitions
-10.602638446186695,0.7531501016543404,20190,0.3765750508271702,124,hinge_plateau_smooth,recompute_from_transitions
-10.464110201140274,0.7320990585443473,20209,0.36604952927217366,124,hinge_plateau_smooth,recompute_from_transitions
-10.307148415434789,0.7336027654376529,20197,0.36680138271882645,124,hinge_plateau_smooth,recompute_from_transitions
-10.11574130400851,0.6716817567312415,20180,0.33584087836562077,124,hinge_plateau_smooth,recompute_from_transitions
-9.865701116121768,0.6132891675519219,20173,0.30664458377596093,124,hinge_plateau_smooth,recompute_from_transitions
-9.509376518449592,0.5908920001703909,20174,0.29544600008519545,124,hinge_plateau_smooth,recompute_from_transitions
-8.721430678367659,0.4044839766007292,20179,0.2022419883003646,124,hinge_plateau_smooth,recompute_from_transitions
-13.215568615552153,0.365922839396118,20066,0.182961419698059,125,hinge_plateau_smooth,recompute_from_transitions
-12.883829499865389,0.3057765000673822,19880,0.1528882500336911,125,hinge_plateau_smooth,recompute_from_transitions
-12.713161295167165,0.4347628426470659,20290,0.21738142132353294,125,hinge_plateau_smooth,recompute_from_transitions
-12.562659292293022,0.43865231785165854,19847,0.21932615892582927,125,hinge_plateau_smooth,recompute_from_transitions
-12.430203708843376,0.37201334625089055,20253,0.18600667312544528,125,hinge_plateau_smooth,recompute_from_transitions
-12.36017280752134,0.5305678368903736,20165,0.2652839184451868,125,hinge_plateau_smooth,recompute_from_transitions
-12.273612440309472,0.4111227101967265,19442,0.20556135509836326,125,hinge_plateau_smooth,recompute_from_transitions
-12.178379711278886,0.5386214853500666,20711,0.2693107426750333,125,hinge_plateau_smooth,recompute_from_transitions
-12.10043027883609,0.4516293108888673,19297,0.22581465544443366,125,hinge_plateau_smooth,recompute_from_transitions
-12.024493812681577,0.5208969542257955,20860,0.26044847711289776,125,hinge_plateau_smooth,recompute_from_transitions
-11.955149926079956,0.5094774021876679,20138,0.25473870109383395,125,hinge_plateau_smooth,recompute_from_transitions
-11.88729016568336,0.5300097362673143,20428,0.26500486813365715,125,hinge_plateau_smooth,recompute_from_transitions
-11.79149679570585,0.5796756280122425,19969,0.28983781400612124,125,hinge_plateau_smooth,recompute_from_transitions
-11.7058618450852,0.5453352400222561,19129,0.27266762001112804,125,hinge_plateau_smooth,recompute_from_transitions
-11.646008415731831,0.5829527678000649,20538,0.29147638390003244,125,hinge_plateau_smooth,recompute_from_transitions
-11.57355888888833,0.5614941905236667,20843,0.28074709526183333,125,hinge_plateau_smooth,recompute_from_transitions
-11.4854745724996,0.7663062189203635,20045,0.3831531094601818,125,hinge_plateau_smooth,recompute_from_transitions
-11.405322770594177,0.5569130074613324,20082,0.2784565037306662,125,hinge_plateau_smooth,recompute_from_transitions
-11.324135029944886,0.7048634929971321,20225,0.35243174649856607,125,hinge_plateau_smooth,recompute_from_transitions
-11.2472272320503,0.7310781397240461,20097,0.36553906986202306,125,hinge_plateau_smooth,recompute_from_transitions
-11.149423766904226,0.683873029881885,20132,0.3419365149409425,125,hinge_plateau_smooth,recompute_from_transitions
-11.04498392515269,0.7491469186611468,19982,0.3745734593305734,125,hinge_plateau_smooth,recompute_from_transitions
-10.95596065741906,0.7415198228959209,20255,0.37075991144796044,125,hinge_plateau_smooth,recompute_from_transitions
-10.853348447797908,0.7429027369939004,20116,0.3714513684969502,125,hinge_plateau_smooth,recompute_from_transitions
-10.746405178418472,0.7456250445468575,20122,0.37281252227342876,125,hinge_plateau_smooth,recompute_from_transitions
-10.614524529985829,0.7951581955480947,19768,0.3975790977740474,125,hinge_plateau_smooth,recompute_from_transitions
-10.484540775562872,0.7058327463692204,20025,0.3529163731846102,125,hinge_plateau_smooth,recompute_from_transitions
-10.327659159457594,0.7321368034474187,20544,0.36606840172370936,125,hinge_plateau_smooth,recompute_from_transitions
-10.134204859318144,0.6710980622301843,20125,0.33554903111509216,125,hinge_plateau_smooth,recompute_from_transitions
-9.89413818447496,0.6434067486103635,20119,0.32170337430518176,125,hinge_plateau_smooth,recompute_from_transitions
-9.529474814302318,0.5953241588133229,20117,0.29766207940666145,125,hinge_plateau_smooth,recompute_from_transitions
-8.773158051797937,0.4216192035432644,20118,0.2108096017716322,125,hinge_plateau_smooth,recompute_from_transitions
-13.215568615552153,0.38950875568176296,19745,0.19475437784088148,126,hinge_plateau_smooth,recompute_from_transitions
-12.873930922403003,0.3053588568236677,20296,0.15267942841183385,126,hinge_plateau_smooth,recompute_from_transitions
-12.710510913170893,0.411380953960948,19953,0.205690476980474,126,hinge_plateau_smooth,recompute_from_transitions
-12.557739569963914,0.47344860540594,19730,0.23672430270297,126,hinge_plateau_smooth,recompute_from_transitions
-12.425734488232454,0.38457236316308524,21062,0.19228618158154262,126,hinge_plateau_smooth,recompute_from_transitions
-12.344366331759312,0.5024300963220852,19879,0.2512150481610426,126,hinge_plateau_smooth,recompute_from_transitions
-12.262567968992428,0.4607672468897394,20011,0.2303836234448697,126,hinge_plateau_smooth,recompute_from_transitions
-12.16882174978853,0.5333801252009573,20387,0.2666900626004787,126,hinge_plateau_smooth,recompute_from_transitions
-12.08288377446331,0.48843276946737924,20571,0.24421638473368962,126,hinge_plateau_smooth,recompute_from_transitions
-12.018475195490073,0.5619919787375164,20078,0.2809959893687582,126,hinge_plateau_smooth,recompute_from_transitions
-11.9353378319113,0.546031867049923,20256,0.2730159335249615,126,hinge_plateau_smooth,recompute_from_transitions
-11.868147332272631,0.5059441154882172,20204,0.2529720577441086,126,hinge_plateau_smooth,recompute_from_transitions
-11.774463507830706,0.5726566342844913,20190,0.28632831714224566,126,hinge_plateau_smooth,recompute_from_transitions
-11.689002565547602,0.5575459415898065,19851,0.27877297079490326,126,hinge_plateau_smooth,recompute_from_transitions
-11.630622471622218,0.5362010660418033,20434,0.26810053302090164,126,hinge_plateau_smooth,recompute_from_transitions
-11.549684818023662,0.6371515636808391,20245,0.31857578184041957,126,hinge_plateau_smooth,recompute_from_transitions
-11.467225564317465,0.7067845241461279,20151,0.35339226207306396,126,hinge_plateau_smooth,recompute_from_transitions
-11.387351235500708,0.5524036214127097,19765,0.27620181070635486,126,hinge_plateau_smooth,recompute_from_transitions
-11.302371086352885,0.7364343986438823,20656,0.36821719932194114,126,hinge_plateau_smooth,recompute_from_transitions
-11.228716248278031,0.709025167822158,20167,0.354512583911079,126,hinge_plateau_smooth,recompute_from_transitions
-11.125727163638736,0.7490690896987724,20141,0.3745345448493862,126,hinge_plateau_smooth,recompute_from_transitions
-11.027427514351414,0.7230021062222562,20201,0.3615010531111281,126,hinge_plateau_smooth,recompute_from_transitions
-10.930675556365866,0.7906928518591925,20212,0.39534642592959623,126,hinge_plateau_smooth,recompute_from_transitions
-10.826758641631614,0.7522634827280992,20097,0.3761317413640496,126,hinge_plateau_smooth,recompute_from_transitions
-10.724461604539378,0.7479152909058298,20255,0.3739576454529149,126,hinge_plateau_smooth,recompute_from_transitions
-10.595842752855896,0.7519092803191949,20122,0.37595464015959745,126,hinge_plateau_smooth,recompute_from_transitions
-10.45661852533578,0.7667499541098295,20276,0.38337497705491475,126,hinge_plateau_smooth,recompute_from_transitions
-10.301912765501296,0.6946516961424022,20169,0.3473258480712011,126,hinge_plateau_smooth,recompute_from_transitions
-10.111920137575112,0.6438917105354303,20118,0.32194585526771513,126,hinge_plateau_smooth,recompute_from_transitions
-9.874297089301024,0.6291501641515048,20263,0.3145750820757524,126,hinge_plateau_smooth,recompute_from_transitions
-9.500205712476328,0.5836226481569872,20166,0.2918113240784936,126,hinge_plateau_smooth,recompute_from_transitions
-8.72516642871571,0.4013291034566436,20201,0.2006645517283218,126,hinge_plateau_smooth,recompute_from_transitions
-13.215568615552153,0.37774851868478465,19912,0.18887425934239233,127,hinge_plateau_smooth,recompute_from_transitions
-12.873930922403003,0.2900857498896636,20119,0.1450428749448318,127,hinge_plateau_smooth,recompute_from_transitions
-12.710510913170893,0.418861404982907,20111,0.2094307024914535,127,hinge_plateau_smooth,recompute_from_transitions
-12.557739569963914,0.46107355583088633,19647,0.23053677791544316,127,hinge_plateau_smooth,recompute_from_transitions
-12.430203708843376,0.38400283124249734,20607,0.19200141562124867,127,hinge_plateau_smooth,recompute_from_transitions
-12.357640847696889,0.481889959609975,19397,0.2409449798049875,127,hinge_plateau_smooth,recompute_from_transitions
-12.27194452041643,0.40782040781628126,20468,0.20391020390814063,127,hinge_plateau_smooth,recompute_from_transitions
-12.172721188636483,0.5109528036469675,20676,0.25547640182348375,127,hinge_plateau_smooth,recompute_from_transitions
-12.091131329469109,0.46986647963888006,20193,0.23493323981944003,127,hinge_plateau_smooth,recompute_from_transitions
-12.020585328224517,0.5723790916617939,19850,0.28618954583089695,127,hinge_plateau_smooth,recompute_from_transitions
-11.952175739666302,0.5320429357982212,20055,0.2660214678991106,127,hinge_plateau_smooth,recompute_from_transitions
-11.878512914472651,0.5130286065910408,20399,0.2565143032955204,127,hinge_plateau_smooth,recompute_from_transitions
-11.779720922693246,0.5772900371521272,20176,0.2886450185760636,127,hinge_plateau_smooth,recompute_from_transitions
-11.699294887643012,0.5430798149949031,20160,0.27153990749745155,127,hinge_plateau_smooth,recompute_from_transitions
-11.635180265032348,0.5542180070237633,19786,0.27710900351188167,127,hinge_plateau_smooth,recompute_from_transitions
-11.56507943052477,0.5819893616908612,20402,0.2909946808454306,127,hinge_plateau_smooth,recompute_from_transitions
-11.477326917975253,0.6869711012377937,20067,0.34348555061889685,127,hinge_plateau_smooth,recompute_from_transitions
-11.396404675741742,0.587698747553702,20267,0.293849373776851,127,hinge_plateau_smooth,recompute_from_transitions
-11.309518407188891,0.7005642299402404,19999,0.3502821149701202,127,hinge_plateau_smooth,recompute_from_transitions
-11.236649638993653,0.7410675810904829,20183,0.37053379054524144,127,hinge_plateau_smooth,recompute_from_transitions
-11.135251467372084,0.7493454721448147,20174,0.37467273607240736,127,hinge_plateau_smooth,recompute_from_transitions
-11.030873545631414,0.712987507677769,20122,0.3564937538388845,127,hinge_plateau_smooth,recompute_from_transitions
-10.936589859204712,0.7896886586579046,20116,0.3948443293289523,127,hinge_plateau_smooth,recompute_from_transitions
-10.8347963460994,0.7687168720901167,20148,0.38435843604505837,127,hinge_plateau_smooth,recompute_from_transitions
-10.72698954180975,0.745978735190206,20147,0.372989367595103,127,hinge_plateau_smooth,recompute_from_transitions
-10.603680276425932,0.7737200549315035,20134,0.38686002746575177,127,hinge_plateau_smooth,recompute_from_transitions
-10.464186920539465,0.732599742870982,20063,0.366299871435491,127,hinge_plateau_smooth,recompute_from_transitions
-10.308160680414106,0.6979669027943931,20191,0.34898345139719655,127,hinge_plateau_smooth,recompute_from_transitions
-10.117829968136071,0.6413449847002131,20120,0.32067249235010653,127,hinge_plateau_smooth,recompute_from_transitions
-9.881283304140686,0.6013628062734622,20135,0.3006814031367311,127,hinge_plateau_smooth,recompute_from_transitions
-9.52679614890317,0.5542385977574856,20128,0.2771192988787428,127,hinge_plateau_smooth,recompute_from_transitions
-8.744068282848191,0.40224220314445025,20129,0.20112110157222512,127,hinge_plateau_smooth,recompute_from_transitions
-13.215568615552153,0.372612323719039,20035,0.1863061618595195,128,hinge_plateau_smooth,recompute_from_transitions
-12.873930922403003,0.3021534157976299,20144,0.15107670789881494,128,hinge_plateau_smooth,recompute_from_transitions
-12.710510913170893,0.4241467254646522,20053,0.2120733627323261,128,hinge_plateau_smooth,recompute_from_transitions
-12.557739569963914,0.4335833080636561,20156,0.21679165403182804,128,hinge_plateau_smooth,recompute_from_transitions
-12.430203708843376,0.37844707828395785,20124,0.18922353914197892,128,hinge_plateau_smooth,recompute_from_transitions
-12.357640847696889,0.46943857477194567,19323,0.23471928738597284,128,hinge_plateau_smooth,recompute_from_transitions
-12.27194452041643,0.4324580162802713,20661,0.21622900814013565,128,hinge_plateau_smooth,recompute_from_transitions
-12.172721188636483,0.5227128536045167,20353,0.26135642680225835,128,hinge_plateau_smooth,recompute_from_transitions
-12.091168047981338,0.4758032407969213,20159,0.23790162039846066,128,hinge_plateau_smooth,recompute_from_transitions
-12.020585328224517,0.5419334084439903,20107,0.27096670422199515,128,hinge_plateau_smooth,recompute_from_transitions
-11.944041369378144,0.557284482799175,19569,0.2786422413995875,128,hinge_plateau_smooth,recompute_from_transitions
-11.87776586195074,0.4920726732088983,20627,0.24603633660444915,128,hinge_plateau_smooth,recompute_from_transitions
-11.779367904917422,0.5810273304043048,19898,0.2905136652021524,128,hinge_plateau_smooth,recompute_from_transitions
-11.69676292781828,0.5747769284865194,20233,0.2873884642432597,128,hinge_plateau_smooth,recompute_from_transitions
-11.63187735383314,0.5531177693524688,20231,0.2765588846762344,128,hinge_plateau_smooth,recompute_from_transitions
-11.564931219048146,0.5719765357905845,19724,0.28598826789529225,128,hinge_plateau_smooth,recompute_from_transitions
-11.482398110500611,0.702267573333424,20608,0.351133786666712,128,hinge_plateau_smooth,recompute_from_transitions
-11.397984148998304,0.5572363083651769,20105,0.27861815418258845,128,hinge_plateau_smooth,recompute_from_transitions
-11.31599863352836,0.703615690288588,20070,0.351807845144294,128,hinge_plateau_smooth,recompute_from_transitions
-11.24176584809135,0.7549452902925319,20153,0.37747264514626594,128,hinge_plateau_smooth,recompute_from_transitions
-11.144246684869191,0.7178247439960204,19593,0.3589123719980102,128,hinge_plateau_smooth,recompute_from_transitions
-11.04390934791117,0.7577900255573096,19791,0.3788950127786548,128,hinge_plateau_smooth,recompute_from_transitions
-10.952861235229005,0.780128356763855,20992,0.3900641783819275,128,hinge_plateau_smooth,recompute_from_transitions
-10.845392354066492,0.7796025722662395,20145,0.38980128613311976,128,hinge_plateau_smooth,recompute_from_transitions
-10.73995358743546,0.7339675483015817,20120,0.36698377415079086,128,hinge_plateau_smooth,recompute_from_transitions
-10.609223905833444,0.7419131465849497,20114,0.37095657329247483,128,hinge_plateau_smooth,recompute_from_transitions
-10.470320787229076,0.7597742063891326,20122,0.3798871031945663,128,hinge_plateau_smooth,recompute_from_transitions
-10.318996496446363,0.736089745563547,20119,0.3680448727817735,128,hinge_plateau_smooth,recompute_from_transitions
-10.124448868347091,0.6835675509496966,20123,0.3417837754748483,128,hinge_plateau_smooth,recompute_from_transitions
-9.893916861755923,0.6282787708156714,20102,0.3141393854078357,128,hinge_plateau_smooth,recompute_from_transitions
-9.5306851415506,0.5934726383415349,20137,0.2967363191707674,128,hinge_plateau_smooth,recompute_from_transitions
-8.772475772657081,0.4319975915267075,20120,0.21599879576335376,128,hinge_plateau_smooth,recompute_from_transitions
-13.289294607776606,0.3943390874396605,19025,0.19716954371983025,129,hinge_plateau_smooth,recompute_from_transitions
-12.89514566473076,0.2984253227904007,21286,0.14921266139520034,129,hinge_plateau_smooth,recompute_from_transitions
-12.710510913170893,0.41564525865190755,20071,0.20782262932595377,129,hinge_plateau_smooth,recompute_from_transitions
-12.557739569963914,0.44751850203793075,19990,0.22375925101896538,129,hinge_plateau_smooth,recompute_from_transitions
-12.430203708843376,0.3799067372895351,20406,0.18995336864476756,129,hinge_plateau_smooth,recompute_from_transitions
-12.357640847696889,0.48730396711441093,19443,0.24365198355720546,129,hinge_plateau_smooth,recompute_from_transitions
-12.27194452041643,0.4314080657607009,20776,0.21570403288035045,129,hinge_plateau_smooth,recompute_from_transitions
-12.172496213217798,0.5306336280382249,20234,0.26531681401911245,129,hinge_plateau_smooth,recompute_from_transitions
-12.090022719704764,0.46551472557295065,20220,0.23275736278647532,129,hinge_plateau_smooth,recompute_from_transitions
-12.020014114773264,0.5546343041366425,19952,0.27731715206832125,129,hinge_plateau_smooth,recompute_from_transitions
-11.942322571118074,0.5251728380418489,19593,0.26258641902092444,129,hinge_plateau_smooth,recompute_from_transitions
-11.8785272381847,0.470747021452005,20934,0.2353735107260025,129,hinge_plateau_smooth,recompute_from_transitions
-11.779720922693246,0.5974627506375575,20168,0.29873137531877875,129,hinge_plateau_smooth,recompute_from_transitions
-11.69676292781828,0.5709194309722707,20192,0.28545971548613536,129,hinge_plateau_smooth,recompute_from_transitions
-11.63228312210853,0.5661726701708863,19911,0.2830863350854432,129,hinge_plateau_smooth,recompute_from_transitions
-11.564931219048146,0.6084729773573168,20362,0.3042364886786584,129,hinge_plateau_smooth,recompute_from_transitions
-11.477832531920148,0.6701897344802301,20217,0.33509486724011506,129,hinge_plateau_smooth,recompute_from_transitions
-11.39687553923386,0.5796896858773837,20115,0.28984484293869184,129,hinge_plateau_smooth,recompute_from_transitions
-11.312699943564905,0.6759152507831326,20173,0.3379576253915663,129,hinge_plateau_smooth,recompute_from_transitions
-11.236649638993653,0.6777403110573779,20098,0.33887015552868893,129,hinge_plateau_smooth,recompute_from_transitions
-11.13801962927137,0.7745008537853647,20222,0.38725042689268235,129,hinge_plateau_smooth,recompute_from_transitions
-11.03721295212486,0.6983943587278794,20183,0.3491971793639397,129,hinge_plateau_smooth,recompute_from_transitions
-10.940527255640315,0.8661479437690792,20179,0.4330739718845396,129,hinge_plateau_smooth,recompute_from_transitions
-10.840441720560332,0.7753068992167645,20160,0.3876534496083823,129,hinge_plateau_smooth,recompute_from_transitions
-10.73667489758741,0.7723554782371558,20056,0.3861777391185779,129,hinge_plateau_smooth,recompute_from_transitions
-10.60628764496576,0.7400583269897513,20260,0.37002916349487563,129,hinge_plateau_smooth,recompute_from_transitions
-10.468223059114958,0.7055572992994734,20185,0.3527786496497367,129,hinge_plateau_smooth,recompute_from_transitions
-10.318996496446363,0.679592430461757,20099,0.3397962152308785,129,hinge_plateau_smooth,recompute_from_transitions
-10.12573847851886,0.6401804381231246,20227,0.3200902190615623,129,hinge_plateau_smooth,recompute_from_transitions
-9.894810011322614,0.608724987050658,20145,0.304362493525329,129,hinge_plateau_smooth,recompute_from_transitions
-9.545308150177826,0.5697255642691855,20186,0.28486278213459276,129,hinge_plateau_smooth,recompute_from_transitions
-8.784871100963203,0.41352985407294096,20166,0.20676492703647048,129,hinge_plateau_smooth,recompute_from_transitions
-13.215568615552153,0.3835379389825493,19428,0.19176896949127464,130,hinge_plateau_smooth,recompute_from_transitions
-12.873930922403003,0.3037485648548402,20224,0.1518742824274201,130,hinge_plateau_smooth,recompute_from_transitions
-12.710510913170893,0.408126952829966,20429,0.204063476414983,130,hinge_plateau_smooth,recompute_from_transitions
-12.557739569963914,0.415731272780676,19736,0.207865636390338,130,hinge_plateau_smooth,recompute_from_transitions
-12.425734488232454,0.36137238847042746,20497,0.18068619423521373,130,hinge_plateau_smooth,recompute_from_transitions
-12.344366331759312,0.450838435564661,20214,0.2254192177823305,130,hinge_plateau_smooth,recompute_from_transitions
-12.26153494564515,0.44326770563237994,20062,0.22163385281618997,130,hinge_plateau_smooth,recompute_from_transitions
-12.16824338788068,0.5333883290353993,20104,0.2666941645176997,130,hinge_plateau_smooth,recompute_from_transitions
-12.090022719704764,0.4779272045964108,19917,0.2389636022982054,130,hinge_plateau_smooth,recompute_from_transitions
-12.020014114773264,0.5490421842820331,20053,0.27452109214101655,130,hinge_plateau_smooth,recompute_from_transitions
-11.949066537304118,0.5261064968345638,19552,0.2630532484172819,130,hinge_plateau_smooth,recompute_from_transitions
-11.87776586195074,0.501304022915192,20623,0.250652011457596,130,hinge_plateau_smooth,recompute_from_transitions
-11.775718390041606,0.5645662139451051,20096,0.28228310697255254,130,hinge_plateau_smooth,recompute_from_transitions
-11.693653725455986,0.560616326624289,20236,0.2803081633121445,130,hinge_plateau_smooth,recompute_from_transitions
-11.632985963597555,0.5493565799913521,19720,0.27467828999567606,130,hinge_plateau_smooth,recompute_from_transitions
-11.564931219048146,0.5684286894073499,20496,0.28421434470367496,130,hinge_plateau_smooth,recompute_from_transitions
-11.480135332582414,0.6875806110412561,19931,0.34379030552062806,130,hinge_plateau_smooth,recompute_from_transitions
-11.397984148998304,0.5994838876145951,20188,0.2997419438072976,130,hinge_plateau_smooth,recompute_from_transitions
-11.31599863352836,0.7077107133758066,20050,0.3538553566879033,130,hinge_plateau_smooth,recompute_from_transitions
-11.242190651427638,0.7180211332032639,20160,0.35901056660163194,130,hinge_plateau_smooth,recompute_from_transitions
-11.141282288890922,0.7283008650223528,20117,0.3641504325111764,130,hinge_plateau_smooth,recompute_from_transitions
-11.042554068068512,0.7695336691409217,19320,0.38476683457046085,130,hinge_plateau_smooth,recompute_from_transitions
-10.952861235229005,0.7593359445754038,20883,0.3796679722877019,130,hinge_plateau_smooth,recompute_from_transitions
-10.842420958836232,0.7267748312819181,20100,0.36338741564095906,130,hinge_plateau_smooth,recompute_from_transitions
-10.73492841950894,0.7655294030492084,20092,0.3827647015246042,130,hinge_plateau_smooth,recompute_from_transitions
-10.606066915802163,0.7646481969090525,20070,0.38232409845452625,130,hinge_plateau_smooth,recompute_from_transitions
-10.4665924843832,0.7420673378871127,20108,0.3710336689435563,130,hinge_plateau_smooth,recompute_from_transitions
-10.309786943985127,0.7178714219468072,20062,0.3589357109734036,130,hinge_plateau_smooth,recompute_from_transitions
-10.121034388425109,0.6733658821857273,20117,0.3366829410928637,130,hinge_plateau_smooth,recompute_from_transitions
-9.882828153518396,0.6312101912609198,20090,0.3156050956304599,130,hinge_plateau_smooth,recompute_from_transitions
-9.527525679184828,0.580084196851307,20089,0.2900420984256535,130,hinge_plateau_smooth,recompute_from_transitions
-8.770866543422004,0.391830194123742,20090,0.195915097061871,130,hinge_plateau_smooth,recompute_from_transitions
-13.215568615552153,0.4145375039369363,19532,0.20726875196846814,131,hinge_plateau_smooth,recompute_from_transitions
-12.873930922403003,0.3026608818120139,20268,0.15133044090600695,131,hinge_plateau_smooth,recompute_from_transitions
-12.710510913170893,0.40733603974894717,20278,0.20366801987447358,131,hinge_plateau_smooth,recompute_from_transitions
-12.557739569963914,0.44618888005052615,19720,0.22309444002526307,131,hinge_plateau_smooth,recompute_from_transitions
-12.430203708843376,0.36137238847042746,20851,0.18068619423521373,131,hinge_plateau_smooth,recompute_from_transitions
-12.345839520565075,0.486912307004573,19760,0.2434561535022865,131,hinge_plateau_smooth,recompute_from_transitions
-12.268666397113726,0.4420072490815792,20361,0.2210036245407896,131,hinge_plateau_smooth,recompute_from_transitions
-12.16882174978853,0.5704465911706122,20159,0.2852232955853061,131,hinge_plateau_smooth,recompute_from_transitions
-12.090022719704764,0.4582649541415698,20242,0.2291324770707849,131,hinge_plateau_smooth,recompute_from_transitions
-12.020014114773264,0.5819592084485582,19820,0.2909796042242791,131,hinge_plateau_smooth,recompute_from_transitions
-11.940863659675935,0.5318167048912916,20054,0.2659083524456458,131,hinge_plateau_smooth,recompute_from_transitions
-11.876428344003694,0.5368432315243261,20410,0.26842161576216306,131,hinge_plateau_smooth,recompute_from_transitions
-11.775805251091366,0.5897806339296707,20050,0.29489031696483536,131,hinge_plateau_smooth,recompute_from_transitions
-11.693653725455986,0.5732856845343788,19925,0.2866428422671894,131,hinge_plateau_smooth,recompute_from_transitions
-11.631477597786429,0.5123391003777796,20169,0.2561695501888898,131,hinge_plateau_smooth,recompute_from_transitions
-11.554579113466088,0.5715018657015559,20562,0.28575093285077796,131,hinge_plateau_smooth,recompute_from_transitions
-11.472300753890586,0.6905327862402271,20073,0.34526639312011353,131,hinge_plateau_smooth,recompute_from_transitions
-11.390292185788535,0.5816340705181582,20023,0.2908170352590791,131,hinge_plateau_smooth,recompute_from_transitions
-11.308488412418376,0.7077078459670986,20039,0.3538539229835493,131,hinge_plateau_smooth,recompute_from_transitions
-11.236649638993653,0.8120568072385754,20125,0.4060284036192877,131,hinge_plateau_smooth,recompute_from_transitions
-11.13801962927137,0.769464537840515,20417,0.3847322689202575,131,hinge_plateau_smooth,recompute_from_transitions
-11.031794354335522,0.7325754270441823,20099,0.36628771352209116,131,hinge_plateau_smooth,recompute_from_transitions
-10.935808156761802,0.7899202071292389,20164,0.39496010356461947,131,hinge_plateau_smooth,recompute_from_transitions
-10.835379629017122,0.6790759851492288,20036,0.3395379925746144,131,hinge_plateau_smooth,recompute_from_transitions
-10.73360845149578,0.7379420429563227,20226,0.36897102147816135,131,hinge_plateau_smooth,recompute_from_transitions
-10.60628764496576,0.7156856363379147,20152,0.35784281816895736,131,hinge_plateau_smooth,recompute_from_transitions
-10.467572993485724,0.7351282333916673,20133,0.36756411669583366,131,hinge_plateau_smooth,recompute_from_transitions
-10.313295759248147,0.694981225384786,20139,0.347490612692393,131,hinge_plateau_smooth,recompute_from_transitions
-10.119745340180572,0.6444226387940719,20124,0.32221131939703596,131,hinge_plateau_smooth,recompute_from_transitions
-9.879067543337468,0.6192467589858995,20135,0.30962337949294977,131,hinge_plateau_smooth,recompute_from_transitions
-9.519909940976794,0.5685409907180741,20146,0.28427049535903703,131,hinge_plateau_smooth,recompute_from_transitions
-8.734780020656995,0.39269817170755456,20136,0.19634908585377728,131,hinge_plateau_smooth,recompute_from_transitions
-13.215568615552153,0.3819865332890197,19640,0.19099326664450986,132,hinge_plateau_smooth,recompute_from_transitions
-12.873930922403003,0.30758626991348026,20164,0.15379313495674013,132,hinge_plateau_smooth,recompute_from_transitions
-12.710510913170893,0.4194367517807397,20171,0.20971837589036985,132,hinge_plateau_smooth,recompute_from_transitions
-12.557739569963914,0.4771806773343282,20274,0.2385903386671641,132,hinge_plateau_smooth,recompute_from_transitions
-12.42693850381749,0.3960642437970463,20031,0.19803212189852315,132,hinge_plateau_smooth,recompute_from_transitions
-12.357640847696889,0.47767068187119566,19322,0.23883534093559783,132,hinge_plateau_smooth,recompute_from_transitions
-12.27194452041643,0.413858818533611,20606,0.2069294092668055,132,hinge_plateau_smooth,recompute_from_transitions
-12.172721188636483,0.5091434564859304,20451,0.2545717282429652,132,hinge_plateau_smooth,recompute_from_transitions
-12.091168047981338,0.442865549636863,20091,0.2214327748184315,132,hinge_plateau_smooth,recompute_from_transitions
-12.02147339579247,0.5467246032821049,19860,0.27336230164105246,132,hinge_plateau_smooth,recompute_from_transitions
-11.952175739666302,0.5445496136978036,19593,0.2722748068489018,132,hinge_plateau_smooth,recompute_from_transitions
-11.878512914472651,0.49999103948795387,20853,0.24999551974397693,132,hinge_plateau_smooth,recompute_from_transitions
-11.779720922693246,0.5927899001343372,19952,0.2963949500671686,132,hinge_plateau_smooth,recompute_from_transitions
-11.698243294090917,0.5983089174672673,20279,0.29915445873363367,132,hinge_plateau_smooth,recompute_from_transitions
-11.632985963597555,0.5237344642952129,19910,0.26186723214760643,132,hinge_plateau_smooth,recompute_from_transitions
-11.564931219048146,0.5423934019181671,20299,0.27119670095908355,132,hinge_plateau_smooth,recompute_from_transitions
-11.480135332582414,0.72072642020393,20126,0.360363210101965,132,hinge_plateau_smooth,recompute_from_transitions
-11.397984148998304,0.5941964027517048,20039,0.2970982013758524,132,hinge_plateau_smooth,recompute_from_transitions
-11.31599863352836,0.6955111374694264,19972,0.3477555687347132,132,hinge_plateau_smooth,recompute_from_transitions
-11.240543307661747,0.7484530990241463,20243,0.3742265495120731,132,hinge_plateau_smooth,recompute_from_transitions
-11.13801962927137,0.7691266158360067,20045,0.38456330791800336,132,hinge_plateau_smooth,recompute_from_transitions
-11.034495238748876,0.7040976781977744,20165,0.3520488390988872,132,hinge_plateau_smooth,recompute_from_transitions
-10.940287943912914,0.8390357997525761,20021,0.41951789987628807,132,hinge_plateau_smooth,recompute_from_transitions
-10.84058105439976,0.726628977563239,20180,0.3633144887816195,132,hinge_plateau_smooth,recompute_from_transitions
-10.735597863239024,0.76341625554943,20085,0.381708127774715,132,hinge_plateau_smooth,recompute_from_transitions
-10.605396238724294,0.7649322611749134,20071,0.3824661305874567,132,hinge_plateau_smooth,recompute_from_transitions
-10.4665924843832,0.7507665900522631,20113,0.37538329502613155,132,hinge_plateau_smooth,recompute_from_transitions
-10.311035747312626,0.7183916021946005,20114,0.35919580109730026,132,hinge_plateau_smooth,recompute_from_transitions
-10.117610885515145,0.6342238517371513,20073,0.3171119258685757,132,hinge_plateau_smooth,recompute_from_transitions
-9.882500483236228,0.6269153409950736,20118,0.3134576704975368,132,hinge_plateau_smooth,recompute_from_transitions
-9.522625526885747,0.5702303833025617,20095,0.28511519165128085,132,hinge_plateau_smooth,recompute_from_transitions
-8.752038719041028,0.41693472521042224,20098,0.20846736260521112,132,hinge_plateau_smooth,recompute_from_transitions
-13.215568615552153,0.4127319736761919,19970,0.20636598683809596,133,hinge_plateau_smooth,recompute_from_transitions
-12.883829499865389,0.29975562274303286,20229,0.14987781137151643,133,hinge_plateau_smooth,recompute_from_transitions
-12.713161295167165,0.411706200545442,20141,0.205853100272721,133,hinge_plateau_smooth,recompute_from_transitions
-12.561294512689928,0.4571142925963852,19641,0.2285571462981926,133,hinge_plateau_smooth,recompute_from_transitions
-12.430203708843376,0.3708493916481479,20599,0.18542469582407395,133,hinge_plateau_smooth,recompute_from_transitions
-12.357640847696889,0.49172807567002325,19707,0.24586403783501162,133,hinge_plateau_smooth,recompute_from_transitions
-12.27194452041643,0.4073072943730142,20485,0.2036536471865071,133,hinge_plateau_smooth,recompute_from_transitions
-12.175059099136428,0.5275760340256591,20181,0.26378801701282956,133,hinge_plateau_smooth,recompute_from_transitions
-12.09601677586819,0.4332885394717626,19948,0.2166442697358813,133,hinge_plateau_smooth,recompute_from_transitions
-12.02440235168059,0.5913270470496705,19627,0.29566352352483527,133,hinge_plateau_smooth,recompute_from_transitions
-11.955149926079956,0.5306980659275621,19591,0.26534903296378104,133,hinge_plateau_smooth,recompute_from_transitions
-11.88729016568336,0.5534748837531297,21005,0.27673744187656485,133,hinge_plateau_smooth,recompute_from_transitions
-11.790299019526094,0.5649568582243844,20412,0.2824784291121922,133,hinge_plateau_smooth,recompute_from_transitions
-11.70504057453058,0.5533504667390021,18604,0.27667523336950106,133,hinge_plateau_smooth,recompute_from_transitions
-11.646008415731831,0.5603535772648759,21403,0.28017678863243795,133,hinge_plateau_smooth,recompute_from_transitions
-11.568387765190908,0.5415631753385215,20231,0.27078158766926075,133,hinge_plateau_smooth,recompute_from_transitions
-11.485114301054752,0.702207009360127,19594,0.3511035046800635,133,hinge_plateau_smooth,recompute_from_transitions
-11.405322770594177,0.6369522653393628,20525,0.3184761326696814,133,hinge_plateau_smooth,recompute_from_transitions
-11.324135029944886,0.6720978503595698,20321,0.3360489251797849,133,hinge_plateau_smooth,recompute_from_transitions
-11.244882653705787,0.7320363272507864,20176,0.3660181636253932,133,hinge_plateau_smooth,recompute_from_transitions
-11.1489475716631,0.7221963079764558,20116,0.3610981539882279,133,hinge_plateau_smooth,recompute_from_transitions
-11.04467044292323,0.7452962015170563,20012,0.37264810075852817,133,hinge_plateau_smooth,recompute_from_transitions
-10.954524827623962,0.7084604249816919,19976,0.35423021249084596,133,hinge_plateau_smooth,recompute_from_transitions
-10.853348447797908,0.7929275707485496,20380,0.3964637853742748,133,hinge_plateau_smooth,recompute_from_transitions
-10.74579487226944,0.7360587234191197,20113,0.36802936170955985,133,hinge_plateau_smooth,recompute_from_transitions
-10.615341231899183,0.8143824474464121,19725,0.40719122372320604,133,hinge_plateau_smooth,recompute_from_transitions
-10.48515600345412,0.7040647708117104,20240,0.3520323854058552,133,hinge_plateau_smooth,recompute_from_transitions
-10.326479751007907,0.739935412680733,20249,0.3699677063403665,133,hinge_plateau_smooth,recompute_from_transitions
-10.129512081336458,0.6557538818471077,20276,0.32787694092355385,133,hinge_plateau_smooth,recompute_from_transitions
-9.896320465654602,0.6088725382413017,20118,0.30443626912065086,133,hinge_plateau_smooth,recompute_from_transitions
-9.535661436897296,0.6150329082117302,20118,0.3075164541058651,133,hinge_plateau_smooth,recompute_from_transitions
-8.767185469396042,0.42997764748959205,20124,0.21498882374479603,133,hinge_plateau_smooth,recompute_from_transitions
-13.215568615552153,0.37839276880780565,19616,0.18919638440390282,134,hinge_plateau_smooth,recompute_from_transitions
-12.873930922403003,0.31622666727742976,20183,0.15811333363871488,134,hinge_plateau_smooth,recompute_from_transitions
-12.710510913170893,0.4274411884494918,20029,0.2137205942247459,134,hinge_plateau_smooth,recompute_from_transitions
-12.557739569963914,0.4135495337176741,20696,0.20677476685883706,134,hinge_plateau_smooth,recompute_from_transitions
-12.42394030351534,0.3741065761325946,20046,0.1870532880662973,134,hinge_plateau_smooth,recompute_from_transitions
-12.344366331759312,0.4902502374603803,19098,0.24512511873019016,134,hinge_plateau_smooth,recompute_from_transitions
-12.259404166259278,0.4463016065980226,21154,0.2231508032990113,134,hinge_plateau_smooth,recompute_from_transitions
-12.16824338788068,0.5407074897158088,20274,0.2703537448579044,134,hinge_plateau_smooth,recompute_from_transitions
-12.08288377446331,0.5069414615939272,20157,0.2534707307969636,134,hinge_plateau_smooth,recompute_from_transitions
-12.018475195490073,0.5619794136672774,20023,0.2809897068336387,134,hinge_plateau_smooth,recompute_from_transitions
-11.93627780817832,0.5131917354615706,19908,0.2565958677307853,134,hinge_plateau_smooth,recompute_from_transitions
-11.876428344003694,0.5032509239110053,20363,0.25162546195550267,134,hinge_plateau_smooth,recompute_from_transitions
-11.779007633472585,0.5811628988938843,19866,0.29058144944694214,134,hinge_plateau_smooth,recompute_from_transitions
-11.69676292781828,0.5648391153117426,20500,0.2824195576558713,134,hinge_plateau_smooth,recompute_from_transitions
-11.63187735383314,0.5889573335792508,20181,0.2944786667896254,134,hinge_plateau_smooth,recompute_from_transitions
-11.562286858219766,0.5670593888866905,20205,0.28352969444334525,134,hinge_plateau_smooth,recompute_from_transitions
-11.475674569324926,0.6928530625799695,19944,0.34642653128998474,134,hinge_plateau_smooth,recompute_from_transitions
-11.396858955150869,0.5915658695212976,20161,0.2957829347606488,134,hinge_plateau_smooth,recompute_from_transitions
-11.311495927979667,0.6761385559148393,20128,0.33806927795741964,134,hinge_plateau_smooth,recompute_from_transitions
-11.235585914177143,0.6974054460872399,20108,0.34870272304361993,134,hinge_plateau_smooth,recompute_from_transitions
-11.135824520249049,0.7571832155325132,20351,0.3785916077662566,134,hinge_plateau_smooth,recompute_from_transitions
-11.030873545631414,0.6987245829731833,20144,0.34936229148659165,134,hinge_plateau_smooth,recompute_from_transitions
-10.9362667359598,0.7934381487892207,20131,0.39671907439461035,134,hinge_plateau_smooth,recompute_from_transitions
-10.834643241970657,0.6902400379069845,20197,0.34512001895349226,134,hinge_plateau_smooth,recompute_from_transitions
-10.73290677063298,0.7308326753702714,20138,0.3654163376851357,134,hinge_plateau_smooth,recompute_from_transitions
-10.605396238724294,0.7488460086281445,20157,0.37442300431407227,134,hinge_plateau_smooth,recompute_from_transitions
-10.4665924843832,0.7186823538514779,20151,0.35934117692573897,134,hinge_plateau_smooth,recompute_from_transitions
-10.317555682474516,0.6805862507134419,20107,0.34029312535672096,134,hinge_plateau_smooth,recompute_from_transitions
-10.117953562631866,0.6736570064865504,20184,0.3368285032432752,134,hinge_plateau_smooth,recompute_from_transitions
-9.87533403133882,0.6457101186452722,20149,0.3228550593226361,134,hinge_plateau_smooth,recompute_from_transitions
-9.5155502087188,0.5472752662649583,20145,0.27363763313247913,134,hinge_plateau_smooth,recompute_from_transitions
-8.739859182984008,0.4285181582314109,20146,0.21425907911570544,134,hinge_plateau_smooth,recompute_from_transitions
-13.215568615552153,0.40897095940951783,19870,0.20448547970475892,135,hinge_plateau_smooth,recompute_from_transitions
-12.873930922403003,0.3113525410051614,20248,0.1556762705025807,135,hinge_plateau_smooth,recompute_from_transitions
-12.710510913170893,0.4070149877246756,20447,0.2035074938623378,135,hinge_plateau_smooth,recompute_from_transitions
-12.557739569963914,0.44562678297995234,20142,0.22281339148997617,135,hinge_plateau_smooth,recompute_from_transitions
-12.425734488232454,0.38909956622361525,20007,0.19454978311180762,135,hinge_plateau_smooth,recompute_from_transitions
-12.345839520565075,0.4670023284717696,20307,0.2335011642358848,135,hinge_plateau_smooth,recompute_from_transitions
-12.26153494564515,0.4574580647131637,20172,0.22872903235658185,135,hinge_plateau_smooth,recompute_from_transitions
-12.16882174978853,0.5580745173442676,20215,0.2790372586721338,135,hinge_plateau_smooth,recompute_from_transitions
-12.090022719704764,0.5206378775679847,20410,0.26031893878399237,135,hinge_plateau_smooth,recompute_from_transitions
-12.020014114773264,0.5444904787593636,19426,0.2722452393796818,135,hinge_plateau_smooth,recompute_from_transitions
-11.9389012237277,0.527318355740144,20586,0.263659177870072,135,hinge_plateau_smooth,recompute_from_transitions
-11.875100399764182,0.5391980401946498,20408,0.2695990200973249,135,hinge_plateau_smooth,recompute_from_transitions
-11.775718390041606,0.5752732826796206,20363,0.2876366413398103,135,hinge_plateau_smooth,recompute_from_transitions
-11.693941470650971,0.572183400671387,20205,0.2860917003356935,135,hinge_plateau_smooth,recompute_from_transitions
-11.631477597786429,0.5632078900975399,20299,0.28160394504876995,135,hinge_plateau_smooth,recompute_from_transitions
-11.562286858219766,0.5696171341757177,20226,0.28480856708785884,135,hinge_plateau_smooth,recompute_from_transitions
-11.477326917975253,0.6699410510196693,20111,0.33497052550983464,135,hinge_plateau_smooth,recompute_from_transitions
-11.39687553923386,0.5886803444457462,20232,0.2943401722228731,135,hinge_plateau_smooth,recompute_from_transitions
-11.313724978901204,0.6581131705625582,20193,0.3290565852812791,135,hinge_plateau_smooth,recompute_from_transitions
-11.238794001964392,0.7423916435098518,20170,0.3711958217549259,135,hinge_plateau_smooth,recompute_from_transitions
-11.13801962927137,0.7669978083065278,20335,0.3834989041532639,135,hinge_plateau_smooth,recompute_from_transitions
-11.037645942581964,0.689089542138701,20103,0.3445447710693505,135,hinge_plateau_smooth,recompute_from_transitions
-10.940287943912914,0.8243359147962079,20323,0.41216795739810397,135,hinge_plateau_smooth,recompute_from_transitions
-10.8372597513366,0.7447721514696736,20157,0.3723860757348368,135,hinge_plateau_smooth,recompute_from_transitions
-10.731197724422264,0.8071771396459545,20142,0.40358856982297725,135,hinge_plateau_smooth,recompute_from_transitions
-10.603746287280842,0.7652940343526199,20329,0.38264701717630994,135,hinge_plateau_smooth,recompute_from_transitions
-10.4665924843832,0.6889189010620839,20205,0.34445945053104193,135,hinge_plateau_smooth,recompute_from_transitions
-10.309786943985127,0.7320474182981156,20201,0.3660237091490578,135,hinge_plateau_smooth,recompute_from_transitions
-10.120999403216048,0.647057411009387,20184,0.3235287055046935,135,hinge_plateau_smooth,recompute_from_transitions
-9.882694401574604,0.6212754130059918,20196,0.3106377065029959,135,hinge_plateau_smooth,recompute_from_transitions
-9.533500903140748,0.5887536673644047,20256,0.29437683368220235,135,hinge_plateau_smooth,recompute_from_transitions
-8.779666819511812,0.4416875451693781,20212,0.22084377258468904,135,hinge_plateau_smooth,recompute_from_transitions
-13.215568615552153,0.34484428892803926,20132,0.17242214446401963,136,hinge_plateau_smooth,recompute_from_transitions
-12.883829499865389,0.2958313162995322,20067,0.1479156581497661,136,hinge_plateau_smooth,recompute_from_transitions
-12.713161295167165,0.42419516356327375,19784,0.21209758178163687,136,hinge_plateau_smooth,recompute_from_transitions
-12.557739569963914,0.4548010420083834,20384,0.2274005210041917,136,hinge_plateau_smooth,recompute_from_transitions
-12.430203708843376,0.3803313249648611,20242,0.19016566248243055,136,hinge_plateau_smooth,recompute_from_transitions
-12.357640847696889,0.48114269570271484,19858,0.24057134785135742,136,hinge_plateau_smooth,recompute_from_transitions
-12.27194452041643,0.39507489964605863,20574,0.19753744982302932,136,hinge_plateau_smooth,recompute_from_transitions
-12.172721188636483,0.5163582654298357,20126,0.2581791327149178,136,hinge_plateau_smooth,recompute_from_transitions
-12.091168047981338,0.4779214949634805,20129,0.23896074748174026,136,hinge_plateau_smooth,recompute_from_transitions
-12.020014114773264,0.5300246330064378,20015,0.2650123165032189,136,hinge_plateau_smooth,recompute_from_transitions
-11.949066537304118,0.5532010573383533,19523,0.27660052866917667,136,hinge_plateau_smooth,recompute_from_transitions
-11.87776586195074,0.4942553962009705,20891,0.24712769810048524,136,hinge_plateau_smooth,recompute_from_transitions
-11.775718390041606,0.5643562086055495,19981,0.28217810430277473,136,hinge_plateau_smooth,recompute_from_transitions
-11.694795004886643,0.5782169675836717,19976,0.28910848379183585,136,hinge_plateau_smooth,recompute_from_transitions
-11.630622471622218,0.559334433753325,20581,0.2796672168766625,136,hinge_plateau_smooth,recompute_from_transitions
-11.554249835848054,0.6131371408711477,19887,0.30656857043557384,136,hinge_plateau_smooth,recompute_from_transitions
-11.474048794672168,0.7299726833430892,20354,0.3649863416715446,136,hinge_plateau_smooth,recompute_from_transitions
-11.390292185788535,0.5856675579719732,20207,0.2928337789859866,136,hinge_plateau_smooth,recompute_from_transitions
-11.309510841541789,0.6876355450148091,19778,0.34381777250740453,136,hinge_plateau_smooth,recompute_from_transitions
-11.235585914177143,0.7299102042333212,20296,0.3649551021166606,136,hinge_plateau_smooth,recompute_from_transitions
-11.135365060067828,0.7371175343753532,20374,0.3685587671876766,136,hinge_plateau_smooth,recompute_from_transitions
-11.03267490921939,0.710844607523747,20158,0.3554223037618735,136,hinge_plateau_smooth,recompute_from_transitions
-10.935639324676762,0.8013606452175024,20137,0.4006803226087512,136,hinge_plateau_smooth,recompute_from_transitions
-10.832183565604849,0.7409638318364584,20144,0.3704819159182292,136,hinge_plateau_smooth,recompute_from_transitions
-10.727228818227502,0.8097755489114651,20175,0.40488777445573254,136,hinge_plateau_smooth,recompute_from_transitions
-10.602564142198808,0.7640749221407936,20153,0.3820374610703968,136,hinge_plateau_smooth,recompute_from_transitions
-10.4665924843832,0.7665846868320523,20118,0.38329234341602614,136,hinge_plateau_smooth,recompute_from_transitions
-10.308547123309364,0.6800532391735362,20072,0.3400266195867681,136,hinge_plateau_smooth,recompute_from_transitions
-10.117502297853909,0.6619110402358607,20257,0.33095552011793034,136,hinge_plateau_smooth,recompute_from_transitions
-9.876516823811418,0.6353684408649494,20157,0.3176842204324747,136,hinge_plateau_smooth,recompute_from_transitions
-9.522304221990424,0.5685789999507342,20148,0.2842894999753671,136,hinge_plateau_smooth,recompute_from_transitions
-8.763592549822345,0.45080193025231335,20155,0.22540096512615668,136,hinge_plateau_smooth,recompute_from_transitions
-13.215568615552153,0.38195252224202964,20007,0.19097626112101482,137,hinge_plateau_smooth,recompute_from_transitions
-12.860649229000792,0.29537814316803385,20380,0.14768907158401692,137,hinge_plateau_smooth,recompute_from_transitions
-12.706746397704666,0.4175488448187257,19393,0.20877442240936284,137,hinge_plateau_smooth,recompute_from_transitions
-12.557739569963914,0.4442753078979153,20833,0.22213765394895765,137,hinge_plateau_smooth,recompute_from_transitions
-12.42394030351534,0.37953401478661825,20428,0.18976700739330912,137,hinge_plateau_smooth,recompute_from_transitions
-12.343295217411509,0.48216692068000394,19050,0.24108346034000197,137,hinge_plateau_smooth,recompute_from_transitions
-12.259404166259278,0.44018643768282506,21291,0.22009321884141253,137,hinge_plateau_smooth,recompute_from_transitions
-12.16824338788068,0.5078176904197524,20324,0.2539088452098762,137,hinge_plateau_smooth,recompute_from_transitions
-12.08288377446331,0.4696014650794994,20107,0.2348007325397497,137,hinge_plateau_smooth,recompute_from_transitions
-12.018475195490073,0.5365139042531821,19688,0.26825695212659106,137,hinge_plateau_smooth,recompute_from_transitions
-11.9389012237277,0.48162371241389607,20080,0.24081185620694803,137,hinge_plateau_smooth,recompute_from_transitions
-11.874364012717782,0.5261653678657214,21070,0.2630826839328607,137,hinge_plateau_smooth,recompute_from_transitions
-11.774463507830706,0.5825644512011634,20142,0.2912822256005817,137,hinge_plateau_smooth,recompute_from_transitions
-11.690588433174495,0.5578262011850851,20241,0.27891310059254254,137,hinge_plateau_smooth,recompute_from_transitions
-11.630622471622218,0.5228195498588074,20325,0.2614097749294037,137,hinge_plateau_smooth,recompute_from_transitions
-11.55292189160849,0.5796855780645703,20164,0.28984278903228516,137,hinge_plateau_smooth,recompute_from_transitions
-11.468893484210705,0.666664439643035,20089,0.3333322198215175,137,hinge_plateau_smooth,recompute_from_transitions
-11.389256138960745,0.582424603219272,20399,0.291212301609636,137,hinge_plateau_smooth,recompute_from_transitions
-11.308488412418376,0.6984623165528849,19456,0.34923115827644247,137,hinge_plateau_smooth,recompute_from_transitions
-11.233264470745242,0.6764434114154674,20825,0.3382217057077337,137,hinge_plateau_smooth,recompute_from_transitions
-11.129100979073172,0.7792272460287359,20359,0.38961362301436797,137,hinge_plateau_smooth,recompute_from_transitions
-11.030873545631414,0.7241419716630437,20189,0.36207098583152186,137,hinge_plateau_smooth,recompute_from_transitions
-10.93505229397956,0.7829323133356982,20265,0.3914661566678491,137,hinge_plateau_smooth,recompute_from_transitions
-10.833458185538005,0.7317009841323675,20162,0.36585049206618375,137,hinge_plateau_smooth,recompute_from_transitions
-10.729717683926218,0.7983015937236223,20306,0.39915079686181115,137,hinge_plateau_smooth,recompute_from_transitions
-10.60174288574175,0.7381066230224638,20250,0.3690533115112319,137,hinge_plateau_smooth,recompute_from_transitions
-10.463384094055073,0.7425747032154577,20223,0.37128735160772885,137,hinge_plateau_smooth,recompute_from_transitions
-10.30590119904632,0.6827298916236009,20225,0.34136494581180044,137,hinge_plateau_smooth,recompute_from_transitions
-10.11458281379431,0.6523532700237199,20221,0.32617663501185995,137,hinge_plateau_smooth,recompute_from_transitions
-9.868297335571626,0.6283585362614559,20225,0.31417926813072794,137,hinge_plateau_smooth,recompute_from_transitions
-9.51296110630874,0.5923008456573331,20224,0.29615042282866655,137,hinge_plateau_smooth,recompute_from_transitions
-8.763477197321281,0.4016535074111456,20227,0.2008267537055728,137,hinge_plateau_smooth,recompute_from_transitions
-13.215568615552153,0.37246732593632015,19942,0.18623366296816007,138,hinge_plateau_smooth,recompute_from_transitions
-12.89260136157762,0.297582555352825,20050,0.1487912776764125,138,hinge_plateau_smooth,recompute_from_transitions
-12.713161295167165,0.41697019765714444,20221,0.20848509882857222,138,hinge_plateau_smooth,recompute_from_transitions
-12.561294512689928,0.43003632090417004,20265,0.21501816045208502,138,hinge_plateau_smooth,recompute_from_transitions
-12.437002078186303,0.38827382339283634,18806,0.19413691169641817,138,hinge_plateau_smooth,recompute_from_transitions
-12.363882337052631,0.42681584661306193,21242,0.21340792330653097,138,hinge_plateau_smooth,recompute_from_transitions
-12.27194452041643,0.4027430353675267,20463,0.20137151768376335,138,hinge_plateau_smooth,recompute_from_transitions
-12.176686744812724,0.5215748571014235,20045,0.26078742855071174,138,hinge_plateau_smooth,recompute_from_transitions
-12.092063728739856,0.4528540475387456,20261,0.2264270237693728,138,hinge_plateau_smooth,recompute_from_transitions
-12.02366101243317,0.5213277400724863,19978,0.26066387003624314,138,hinge_plateau_smooth,recompute_from_transitions
-11.952175739666302,0.5503639154776893,19997,0.27518195773884463,138,hinge_plateau_smooth,recompute_from_transitions
-11.878512914472651,0.46493527315727046,20436,0.23246763657863523,138,hinge_plateau_smooth,recompute_from_transitions
-11.78090710457824,0.5968392220488631,20152,0.29841961102443154,138,hinge_plateau_smooth,recompute_from_transitions
-11.699294887643012,0.5773692512953827,20016,0.2886846256476914,138,hinge_plateau_smooth,recompute_from_transitions
-11.63302268210979,0.5493030935092248,20204,0.2746515467546124,138,hinge_plateau_smooth,recompute_from_transitions
-11.565573145207466,0.5729002993600938,20208,0.2864501496800469,138,hinge_plateau_smooth,recompute_from_transitions
-11.4759946898505,0.7022066622799573,20166,0.35110333113997866,138,hinge_plateau_smooth,recompute_from_transitions
-11.397984148998304,0.5668789496454307,19977,0.28343947482271536,138,hinge_plateau_smooth,recompute_from_transitions
-11.316447703779842,0.6997549191088331,20016,0.34987745955441657,138,hinge_plateau_smooth,recompute_from_transitions
-11.241614956797608,0.7387315503701782,20387,0.3693657751850891,138,hinge_plateau_smooth,recompute_from_transitions
-11.141430500367552,0.7284988668191342,20139,0.3642494334095671,138,hinge_plateau_smooth,recompute_from_transitions
-11.041416997491037,0.7787549541725121,19132,0.38937747708625603,138,hinge_plateau_smooth,recompute_from_transitions
-10.952861235229005,0.7504995197722524,21191,0.3752497598861262,138,hinge_plateau_smooth,recompute_from_transitions
-10.846500195160624,0.7105447781399618,20154,0.3552723890699809,138,hinge_plateau_smooth,recompute_from_transitions
-10.741916023383906,0.7599009348010052,20163,0.3799504674005026,138,hinge_plateau_smooth,recompute_from_transitions
-10.611414029706172,0.7445406257460034,20127,0.3722703128730017,138,hinge_plateau_smooth,recompute_from_transitions
-10.474946600291055,0.7173105992464411,20182,0.35865529962322057,138,hinge_plateau_smooth,recompute_from_transitions
-10.320269164919075,0.7400643376869849,20143,0.37003216884349244,138,hinge_plateau_smooth,recompute_from_transitions
-10.13014056720428,0.6728562386828529,20147,0.33642811934142647,138,hinge_plateau_smooth,recompute_from_transitions
-9.89685553006181,0.6233317296924255,20150,0.3116658648462127,138,hinge_plateau_smooth,recompute_from_transitions
-9.53485043952881,0.5746852153968444,20146,0.2873426076984222,138,hinge_plateau_smooth,recompute_from_transitions
-8.7932410726602,0.4347160790730098,20147,0.2173580395365049,138,hinge_plateau_smooth,recompute_from_transitions
-13.215568615552153,0.3794114863560359,19824,0.18970574317801794,139,hinge_plateau_smooth,recompute_from_transitions
-12.883829499865389,0.322247869600358,19917,0.161123934800179,139,hinge_plateau_smooth,recompute_from_transitions
-12.710510913170893,0.3914514549220486,20469,0.1957257274610243,139,hinge_plateau_smooth,recompute_from_transitions
-12.557739569963914,0.4556893971267851,20052,0.22784469856339254,139,hinge_plateau_smooth,recompute_from_transitions
-12.430203708843376,0.3703817228745297,20463,0.18519086143726485,139,hinge_plateau_smooth,recompute_from_transitions
-12.357640847696889,0.5001191948995396,19144,0.2500595974497698,139,hinge_plateau_smooth,recompute_from_transitions
-12.270626791332338,0.389643963992722,20742,0.194821981996361,139,hinge_plateau_smooth,recompute_from_transitions
-12.175059099136428,0.5050299337363569,20515,0.2525149668681784,139,hinge_plateau_smooth,recompute_from_transitions
-12.092063728739856,0.4410495928251172,20262,0.2205247964125586,139,hinge_plateau_smooth,recompute_from_transitions
-12.020269380207331,0.5895935192224241,20207,0.29479675961121204,139,hinge_plateau_smooth,recompute_from_transitions
-11.946587451778106,0.534969662285683,19443,0.2674848311428415,139,hinge_plateau_smooth,recompute_from_transitions
-11.87776586195074,0.48773204952675725,20741,0.24386602476337862,139,hinge_plateau_smooth,recompute_from_transitions
-11.779720922693246,0.595093757533065,20298,0.2975468787665325,139,hinge_plateau_smooth,recompute_from_transitions
-11.698090872057822,0.5791060103920599,19844,0.28955300519602994,139,hinge_plateau_smooth,recompute_from_transitions
-11.632985963597555,0.562782567841936,20386,0.281391283920968,139,hinge_plateau_smooth,recompute_from_transitions
-11.5624399623485,0.553213567786424,20069,0.276606783893212,139,hinge_plateau_smooth,recompute_from_transitions
-11.477746959837445,0.6784510288466508,20337,0.3392255144233254,139,hinge_plateau_smooth,recompute_from_transitions
-11.396858955150869,0.5729530882568842,20139,0.2864765441284421,139,hinge_plateau_smooth,recompute_from_transitions
-11.31481087464501,0.6877662315750613,20073,0.34388311578753067,139,hinge_plateau_smooth,recompute_from_transitions
-11.240543307661747,0.6910563494243364,20266,0.3455281747121682,139,hinge_plateau_smooth,recompute_from_transitions
-11.138540710803264,0.7751303624130926,20152,0.3875651812065463,139,hinge_plateau_smooth,recompute_from_transitions
-11.036190739580691,0.755325779627278,20052,0.377662889813639,139,hinge_plateau_smooth,recompute_from_transitions
-10.939875501606224,0.7956551432739052,20255,0.3978275716369526,139,hinge_plateau_smooth,recompute_from_transitions
-10.841289459577933,0.7473298478568039,20153,0.37366492392840195,139,hinge_plateau_smooth,recompute_from_transitions
-10.73667489758741,0.769079761267062,20185,0.384539880633531,139,hinge_plateau_smooth,recompute_from_transitions
-10.609223905833444,0.7251355118951255,20170,0.36256775594756274,139,hinge_plateau_smooth,recompute_from_transitions
-10.475180523794911,0.7202740214760527,20153,0.36013701073802634,139,hinge_plateau_smooth,recompute_from_transitions
-10.320688386110616,0.7245684691028037,20165,0.36228423455140185,139,hinge_plateau_smooth,recompute_from_transitions
-10.133611461096844,0.6378407409732708,20152,0.3189203704866354,139,hinge_plateau_smooth,recompute_from_transitions
-9.897754635092944,0.6081837041976175,20172,0.30409185209880873,139,hinge_plateau_smooth,recompute_from_transitions
-9.538324602851896,0.5819464998087185,20159,0.29097324990435924,139,hinge_plateau_smooth,recompute_from_transitions
-8.773038811192151,0.439993107232246,20161,0.219996553616123,139,hinge_plateau_smooth,recompute_from_transitions
-13.215568615552153,0.39980526585653914,19999,0.19990263292826957,140,hinge_plateau_smooth,recompute_from_transitions
-12.873930922403003,0.30526509774784033,19944,0.15263254887392017,140,hinge_plateau_smooth,recompute_from_transitions
-12.710510913170893,0.4192589885581994,20575,0.2096294942790997,140,hinge_plateau_smooth,recompute_from_transitions
-12.557739569963914,0.4463254015922428,20280,0.2231627007961214,140,hinge_plateau_smooth,recompute_from_transitions
-12.430203708843376,0.3879237994987296,20030,0.1939618997493648,140,hinge_plateau_smooth,recompute_from_transitions
-12.358968791936285,0.47348924717156754,19483,0.23674462358578377,140,hinge_plateau_smooth,recompute_from_transitions
-12.27194452041643,0.41404843462704394,20421,0.20702421731352197,140,hinge_plateau_smooth,recompute_from_transitions
-12.17097971238354,0.5206427984727587,20885,0.26032139923637937,140,hinge_plateau_smooth,recompute_from_transitions
-12.090426708733924,0.46657041471239835,20112,0.23328520735619918,140,hinge_plateau_smooth,recompute_from_transitions
-12.020585328224517,0.5311692923826823,20049,0.26558464619134114,140,hinge_plateau_smooth,recompute_from_transitions
-11.946587451778106,0.5375805856113967,20108,0.2687902928056983,140,hinge_plateau_smooth,recompute_from_transitions
-11.878512914472651,0.5032371674556848,20523,0.2516185837278424,140,hinge_plateau_smooth,recompute_from_transitions
-11.787923706203784,0.5692627529504671,20181,0.28463137647523357,140,hinge_plateau_smooth,recompute_from_transitions
-11.70504057453058,0.5460057067426327,18542,0.27300285337131636,140,hinge_plateau_smooth,recompute_from_transitions
-11.643519550033288,0.5470053628116883,21792,0.27350268140584416,140,hinge_plateau_smooth,recompute_from_transitions
-11.566256985804811,0.5642072667641433,20342,0.2821036333820717,140,hinge_plateau_smooth,recompute_from_transitions
-11.484284234337476,0.694142540226678,19503,0.347071270113339,140,hinge_plateau_smooth,recompute_from_transitions
-11.405322770594177,0.5941796045011557,20884,0.29708980225057785,140,hinge_plateau_smooth,recompute_from_transitions
-11.32122253902832,0.6764308005268944,20235,0.3382154002634472,140,hinge_plateau_smooth,recompute_from_transitions
-11.245286622108551,0.7038320411149337,20129,0.35191602055746685,140,hinge_plateau_smooth,recompute_from_transitions
-11.1489475716631,0.72262161937927,20261,0.361310809689635,140,hinge_plateau_smooth,recompute_from_transitions
-11.04498392515269,0.7324741341761467,20153,0.36623706708807335,140,hinge_plateau_smooth,recompute_from_transitions
-10.954524827623962,0.7072745248893728,20059,0.3536372624446864,140,hinge_plateau_smooth,recompute_from_transitions
-10.853348447797908,0.7163393061017994,20432,0.3581696530508997,140,hinge_plateau_smooth,recompute_from_transitions
-10.748828175557453,0.7551932937505025,20206,0.37759664687525124,140,hinge_plateau_smooth,recompute_from_transitions
-10.612064095335407,0.7627966841942677,20195,0.38139834209713386,140,hinge_plateau_smooth,recompute_from_transitions
-10.481161857337874,0.7221886634739707,19682,0.36109433173698535,140,hinge_plateau_smooth,recompute_from_transitions
-10.33110556406991,0.7433579599330218,20720,0.3716789799665109,140,hinge_plateau_smooth,recompute_from_transitions
-10.137814863488057,0.6781193834359754,20169,0.3390596917179877,140,hinge_plateau_smooth,recompute_from_transitions
-9.898509325176926,0.6279788487851087,20254,0.31398942439255434,140,hinge_plateau_smooth,recompute_from_transitions
-9.546439551380049,0.5861118278642232,20208,0.2930559139321116,140,hinge_plateau_smooth,recompute_from_transitions
-8.79770817699999,0.4034961435717959,20208,0.20174807178589796,140,hinge_plateau_smooth,recompute_from_transitions
-13.215568615552153,0.38598564135835695,18951,0.19299282067917847,141,hinge_plateau_smooth,recompute_from_transitions
-12.90656155908676,0.34107558397125526,19493,0.17053779198562763,141,hinge_plateau_smooth,recompute_from_transitions
-12.713161295167165,0.3966686769635606,21765,0.1983343384817803,141,hinge_plateau_smooth,recompute_from_transitions
-12.561294512689928,0.43145329846996494,20130,0.21572664923498247,141,hinge_plateau_smooth,recompute_from_transitions
-12.430203708843376,0.3598033784790255,19804,0.17990168923951275,141,hinge_plateau_smooth,recompute_from_transitions
-12.358968791936285,0.4960101696379855,19887,0.24800508481899275,141,hinge_plateau_smooth,recompute_from_transitions
-12.27194452041643,0.4204194952512924,20397,0.2102097476256462,141,hinge_plateau_smooth,recompute_from_transitions
-12.172721188636483,0.5515356604963371,20158,0.27576783024816853,141,hinge_plateau_smooth,recompute_from_transitions
-12.092063728739856,0.5061784092442367,20052,0.25308920462211837,141,hinge_plateau_smooth,recompute_from_transitions
-12.020585328224517,0.5662711761244434,20222,0.2831355880622217,141,hinge_plateau_smooth,recompute_from_transitions
-11.940863659675935,0.5186324451224251,20070,0.25931622256121256,141,hinge_plateau_smooth,recompute_from_transitions
-11.876428344003694,0.5256237890214787,20001,0.26281189451073933,141,hinge_plateau_smooth,recompute_from_transitions
-11.775718390041606,0.6216320620950527,20097,0.31081603104752636,141,hinge_plateau_smooth,recompute_from_transitions
-11.693653725455986,0.5744049084240307,20159,0.28720245421201535,141,hinge_plateau_smooth,recompute_from_transitions
-11.631477597786429,0.5685605324079647,19960,0.28428026620398233,141,hinge_plateau_smooth,recompute_from_transitions
-11.562020808875555,0.5537056244024504,19858,0.2768528122012252,141,hinge_plateau_smooth,recompute_from_transitions
-11.475096207417025,0.681677613474866,20247,0.340838806737433,141,hinge_plateau_smooth,recompute_from_transitions
-11.393959408306864,0.571537029062225,20282,0.2857685145311125,141,hinge_plateau_smooth,recompute_from_transitions
-11.310167983740072,0.6716803077430146,19626,0.3358401538715073,141,hinge_plateau_smooth,recompute_from_transitions
-11.235585914177143,0.748381320841586,20388,0.374190660420793,141,hinge_plateau_smooth,recompute_from_transitions
-11.134978797950042,0.7490570584226739,20236,0.37452852921133695,141,hinge_plateau_smooth,recompute_from_transitions
-11.030873545631414,0.6804284297553782,20090,0.3402142148776891,141,hinge_plateau_smooth,recompute_from_transitions
-10.936168428206669,0.8144605094929123,20032,0.40723025474645613,141,hinge_plateau_smooth,recompute_from_transitions
-10.833458185538005,0.7626443289946283,20043,0.38132216449731415,141,hinge_plateau_smooth,recompute_from_transitions
-10.729717683926218,0.7406084228758345,20075,0.37030421143791725,141,hinge_plateau_smooth,recompute_from_transitions
-10.603680276425932,0.7411898829253288,20193,0.3705949414626644,141,hinge_plateau_smooth,recompute_from_transitions
-10.464110201140276,0.7485659166472842,20113,0.3742829583236421,141,hinge_plateau_smooth,recompute_from_transitions
-10.308160680414106,0.6917759453660115,20087,0.34588797268300575,141,hinge_plateau_smooth,recompute_from_transitions
-10.117953562631866,0.6455261512369912,20065,0.3227630756184956,141,hinge_plateau_smooth,recompute_from_transitions
-9.878792047440829,0.6165851377415318,20101,0.3082925688707659,141,hinge_plateau_smooth,recompute_from_transitions
-9.52535179329607,0.6039846703429841,20092,0.30199233517149204,141,hinge_plateau_smooth,recompute_from_transitions
-8.776701910718,0.4004651496081207,20088,0.20023257480406034,141,hinge_plateau_smooth,recompute_from_transitions
-13.215568615552153,0.4125120807072866,19678,0.2062560403536433,142,hinge_plateau_smooth,recompute_from_transitions
-12.873930922403003,0.32583963216321543,20450,0.16291981608160772,142,hinge_plateau_smooth,recompute_from_transitions
-12.710510913170893,0.42484247392770463,20186,0.21242123696385232,142,hinge_plateau_smooth,recompute_from_transitions
-12.557739569963914,0.4474383421810792,20280,0.2237191710905396,142,hinge_plateau_smooth,recompute_from_transitions
-12.430203708843376,0.3757440233095323,19954,0.18787201165476616,142,hinge_plateau_smooth,recompute_from_transitions
-12.359926738291366,0.5155741291820162,20265,0.2577870645910081,142,hinge_plateau_smooth,recompute_from_transitions
-12.273612440309472,0.41947051390903606,19321,0.20973525695451803,142,hinge_plateau_smooth,recompute_from_transitions
-12.178379711278886,0.5928515916842901,21054,0.29642579584214507,142,hinge_plateau_smooth,recompute_from_transitions
-12.099429290576538,0.44522755220092824,19105,0.22261377610046412,142,hinge_plateau_smooth,recompute_from_transitions
-12.024493812681577,0.4820131953088799,21074,0.24100659765443996,142,hinge_plateau_smooth,recompute_from_transitions
-11.955149926079956,0.5492714323554077,19433,0.2746357161777038,142,hinge_plateau_smooth,recompute_from_transitions
-11.88729016568336,0.5406133421339484,21193,0.2703066710669742,142,hinge_plateau_smooth,recompute_from_transitions
-11.791071992369584,0.5783618401504511,20140,0.28918092007522556,142,hinge_plateau_smooth,recompute_from_transitions
-11.70504057453058,0.533376972324637,19395,0.2666884861623185,142,hinge_plateau_smooth,recompute_from_transitions
-11.647230956161389,0.5850198170121403,20304,0.29250990850607017,142,hinge_plateau_smooth,recompute_from_transitions
-11.57355888888833,0.5223978498422424,20819,0.2611989249211212,142,hinge_plateau_smooth,recompute_from_transitions
-11.4854745724996,0.7782060722811014,20101,0.3891030361405507,142,hinge_plateau_smooth,recompute_from_transitions
-11.405401555222635,0.5848812854743298,20151,0.2924406427371649,142,hinge_plateau_smooth,recompute_from_transitions
-11.32532801501302,0.705505640289216,20224,0.352752820144608,142,hinge_plateau_smooth,recompute_from_transitions
-11.247500521322724,0.6994233905122312,20097,0.3497116952561156,142,hinge_plateau_smooth,recompute_from_transitions
-11.154589154525326,0.6696598513238057,20215,0.33482992566190284,142,hinge_plateau_smooth,recompute_from_transitions
-11.049653395635447,0.7748820920467794,20208,0.3874410460233897,142,hinge_plateau_smooth,recompute_from_transitions
-10.954524827623962,0.7243203680094978,20103,0.3621601840047489,142,hinge_plateau_smooth,recompute_from_transitions
-10.851218909813545,0.757092661085968,20199,0.378546330542984,142,hinge_plateau_smooth,recompute_from_transitions
-10.743635567706844,0.7384994525063778,20141,0.3692497262531889,142,hinge_plateau_smooth,recompute_from_transitions
-10.609223905833444,0.7191546024843143,20195,0.35957730124215714,142,hinge_plateau_smooth,recompute_from_transitions
-10.472522624802211,0.8024885658150134,20196,0.4012442829075067,142,hinge_plateau_smooth,recompute_from_transitions
-10.320103059648082,0.7196599660955325,20170,0.35982998304776626,142,hinge_plateau_smooth,recompute_from_transitions
-10.123040703718903,0.6502742047313488,20164,0.3251371023656744,142,hinge_plateau_smooth,recompute_from_transitions
-9.882235027171532,0.6636103908663852,20168,0.3318051954331926,142,hinge_plateau_smooth,recompute_from_transitions
-9.512801741065129,0.6104981002494714,20169,0.3052490501247357,142,hinge_plateau_smooth,recompute_from_transitions
-8.738963374045596,0.39914498574146806,20167,0.19957249287073403,142,hinge_plateau_smooth,recompute_from_transitions
-13.215568615552153,0.39255397579622836,20068,0.19627698789811418,143,hinge_plateau_smooth,recompute_from_transitions
-12.873930922403003,0.27754032572590936,19941,0.13877016286295468,143,hinge_plateau_smooth,recompute_from_transitions
-12.710510913170893,0.40577725188664665,20410,0.20288862594332333,143,hinge_plateau_smooth,recompute_from_transitions
-12.557739569963914,0.4455916533552753,19891,0.22279582667763764,143,hinge_plateau_smooth,recompute_from_transitions
-12.430203708843376,0.39554914214067355,20224,0.19777457107033677,143,hinge_plateau_smooth,recompute_from_transitions
-12.357640847696889,0.493213708789508,19541,0.246606854394754,143,hinge_plateau_smooth,recompute_from_transitions
-12.271004603021956,0.41362967872190093,20810,0.20681483936095046,143,hinge_plateau_smooth,recompute_from_transitions
-12.170550125429626,0.5186794741488283,20174,0.25933973707441416,143,hinge_plateau_smooth,recompute_from_transitions
-12.090426708733924,0.49215751485317977,20335,0.24607875742658988,143,hinge_plateau_smooth,recompute_from_transitions
-12.020014114773264,0.6038452619210497,19574,0.30192263096052485,143,hinge_plateau_smooth,recompute_from_transitions
-11.940863659675935,0.5182555746215195,20578,0.25912778731075975,143,hinge_plateau_smooth,recompute_from_transitions
-11.877632359588858,0.49110521815533814,19900,0.24555260907766907,143,hinge_plateau_smooth,recompute_from_transitions
-11.775718390041606,0.6289830821012741,20440,0.31449154105063704,143,hinge_plateau_smooth,recompute_from_transitions
-11.692195560076485,0.5854864227423768,20263,0.2927432113711884,143,hinge_plateau_smooth,recompute_from_transitions
-11.630622471622218,0.5632283779998821,19556,0.28161418899994106,143,hinge_plateau_smooth,recompute_from_transitions
-11.55898725857929,0.5776260471140795,20751,0.28881302355703975,143,hinge_plateau_smooth,recompute_from_transitions
-11.472250732243731,0.702947960129962,20155,0.351473980064981,143,hinge_plateau_smooth,recompute_from_transitions
-11.391313608637802,0.5836863852677552,20034,0.2918431926338776,143,hinge_plateau_smooth,recompute_from_transitions
-11.309518407188891,0.7006708405203382,19689,0.3503354202601691,143,hinge_plateau_smooth,recompute_from_transitions
-11.235585914177143,0.7102423862474706,20395,0.3551211931237353,143,hinge_plateau_smooth,recompute_from_transitions
-11.133561742330786,0.7747652362056777,20501,0.38738261810283886,143,hinge_plateau_smooth,recompute_from_transitions
-11.030873545631414,0.7421527704870863,20196,0.37107638524354314,143,hinge_plateau_smooth,recompute_from_transitions
-10.935808156761802,0.8067212487159552,20144,0.4033606243579776,143,hinge_plateau_smooth,recompute_from_transitions
-10.83275661848182,0.7209720667066714,20149,0.3604860333533357,143,hinge_plateau_smooth,recompute_from_transitions
-10.726473315552202,0.7727062776402547,20176,0.38635313882012734,143,hinge_plateau_smooth,recompute_from_transitions
-10.601834825472515,0.7363836220866393,20162,0.36819181104331966,143,hinge_plateau_smooth,recompute_from_transitions
-10.461441974000325,0.7383327084848706,20164,0.3691663542424353,143,hinge_plateau_smooth,recompute_from_transitions
-10.307148415434789,0.7335341479699993,20151,0.36676707398499964,143,hinge_plateau_smooth,recompute_from_transitions
-10.117236841789214,0.6260794621094072,20134,0.3130397310547036,143,hinge_plateau_smooth,recompute_from_transitions
-9.876592524569668,0.6318778392991437,20184,0.3159389196495718,143,hinge_plateau_smooth,recompute_from_transitions
-9.519263283664309,0.556826355753996,20157,0.278413177876998,143,hinge_plateau_smooth,recompute_from_transitions
-8.757300250338979,0.44608433609963116,20158,0.22304216804981558,143,hinge_plateau_smooth,recompute_from_transitions
-13.215568615552153,0.3997504769920571,20042,0.19987523849602856,144,hinge_plateau_smooth,recompute_from_transitions
-12.860649229000792,0.2956158418890123,20241,0.14780792094450615,144,hinge_plateau_smooth,recompute_from_transitions
-12.710510913170893,0.4231006635229404,19345,0.2115503317614702,144,hinge_plateau_smooth,recompute_from_transitions
-12.557574656409145,0.44604927927757954,21105,0.22302463963878977,144,hinge_plateau_smooth,recompute_from_transitions
-12.42394030351534,0.3763536667375925,20184,0.18817683336879626,144,hinge_plateau_smooth,recompute_from_transitions
-12.344366331759312,0.4937365846688837,19780,0.24686829233444185,144,hinge_plateau_smooth,recompute_from_transitions
-12.268666397113726,0.43441798603987125,20238,0.21720899301993563,144,hinge_plateau_smooth,recompute_from_transitions
-12.16882174978853,0.5428082886774643,20306,0.27140414433873217,144,hinge_plateau_smooth,recompute_from_transitions
-12.090022719704764,0.4530572968916588,20325,0.2265286484458294,144,hinge_plateau_smooth,recompute_from_transitions
-12.020014114773264,0.5555459852916035,20272,0.27777299264580174,144,hinge_plateau_smooth,recompute_from_transitions
-11.9389012237277,0.5204900551209389,19801,0.26024502756046947,144,hinge_plateau_smooth,recompute_from_transitions
-11.876428344003694,0.543219008952424,20233,0.271609504476212,144,hinge_plateau_smooth,recompute_from_transitions
-11.775718390041606,0.5547679708708799,20500,0.27738398543543996,144,hinge_plateau_smooth,recompute_from_transitions
-11.691230359333806,0.5845000341665714,20271,0.2922500170832857,144,hinge_plateau_smooth,recompute_from_transitions
-11.630622471622218,0.5412762134178927,20125,0.27063810670894634,144,hinge_plateau_smooth,recompute_from_transitions
-11.55292189160849,0.5750587414945693,19984,0.28752937074728463,144,hinge_plateau_smooth,recompute_from_transitions
-11.47127918396068,0.6611211170174721,20422,0.33056055850873606,144,hinge_plateau_smooth,recompute_from_transitions
-11.390292185788535,0.5777530371253143,20196,0.28887651856265717,144,hinge_plateau_smooth,recompute_from_transitions
-11.309666618665522,0.6959070920990367,19866,0.34795354604951834,144,hinge_plateau_smooth,recompute_from_transitions
-11.235036945330286,0.7313073642031028,20330,0.3656536821015514,144,hinge_plateau_smooth,recompute_from_transitions
-11.135824520249049,0.7275259972857737,20390,0.36376299864288686,144,hinge_plateau_smooth,recompute_from_transitions
-11.03096092149759,0.7123977689169726,20150,0.3561988844584863,144,hinge_plateau_smooth,recompute_from_transitions
-10.938330417282776,0.7973678703935894,20240,0.3986839351967947,144,hinge_plateau_smooth,recompute_from_transitions
-10.8372597513366,0.7149315303128103,19996,0.35746576515640516,144,hinge_plateau_smooth,recompute_from_transitions
-10.73112453869816,0.7211647252740155,20354,0.36058236263700777,144,hinge_plateau_smooth,recompute_from_transitions
-10.605396238724294,0.7340892368347881,20212,0.36704461841739405,144,hinge_plateau_smooth,recompute_from_transitions
-10.467572993485724,0.7376910098647247,20193,0.36884550493236234,144,hinge_plateau_smooth,recompute_from_transitions
-10.312754457383464,0.7497904546551146,20131,0.3748952273275573,144,hinge_plateau_smooth,recompute_from_transitions
-10.117953562631866,0.6633594713481646,20244,0.3316797356740823,144,hinge_plateau_smooth,recompute_from_transitions
-9.879849970375307,0.6332651292730664,20186,0.3166325646365332,144,hinge_plateau_smooth,recompute_from_transitions
-9.518547756607726,0.6057485183064923,20162,0.3028742591532462,144,hinge_plateau_smooth,recompute_from_transitions
-8.743100513078295,0.42726442849913426,20223,0.21363221424956713,144,hinge_plateau_smooth,recompute_from_transitions
-13.215568615552153,0.41391902597931635,19740,0.20695951298965817,145,hinge_plateau_smooth,recompute_from_transitions
-12.873930922403003,0.314977395694903,20420,0.1574886978474515,145,hinge_plateau_smooth,recompute_from_transitions
-12.713161295167165,0.4109051200365166,19855,0.2054525600182583,145,hinge_plateau_smooth,recompute_from_transitions
-12.561294512689928,0.44599140311028224,19911,0.22299570155514112,145,hinge_plateau_smooth,recompute_from_transitions
-12.430203708843376,0.39227866356211105,20456,0.19613933178105553,145,hinge_plateau_smooth,recompute_from_transitions
-12.357640847696889,0.47655441814833727,19468,0.23827720907416863,145,hinge_plateau_smooth,recompute_from_transitions
-12.27194452041643,0.4100598622296332,20517,0.2050299311148166,145,hinge_plateau_smooth,recompute_from_transitions
-12.172721188636483,0.5138975370282163,20403,0.25694876851410814,145,hinge_plateau_smooth,recompute_from_transitions
-12.091168047981338,0.44453279691556696,20206,0.22226639845778348,145,hinge_plateau_smooth,recompute_from_transitions
-12.020014114773264,0.5480227476030046,20150,0.2740113738015023,145,hinge_plateau_smooth,recompute_from_transitions
-11.946587451778106,0.5559199925093236,19679,0.2779599962546618,145,hinge_plateau_smooth,recompute_from_transitions
-11.87776586195074,0.47256932661332307,20676,0.23628466330666154,145,hinge_plateau_smooth,recompute_from_transitions
-11.779720922693246,0.5719007786910295,20152,0.28595038934551475,145,hinge_plateau_smooth,recompute_from_transitions
-11.698243294090917,0.5748846680739015,20026,0.28744233403695074,145,hinge_plateau_smooth,recompute_from_transitions
-11.632985963597555,0.5674487525397665,20226,0.2837243762698832,145,hinge_plateau_smooth,recompute_from_transitions
-11.5624399623485,0.5723604153704316,20077,0.2861802076852158,145,hinge_plateau_smooth,recompute_from_transitions
-11.480135332582414,0.7034347793528474,20183,0.3517173896764237,145,hinge_plateau_smooth,recompute_from_transitions
-11.397984148998304,0.5591765575592146,20095,0.2795882787796073,145,hinge_plateau_smooth,recompute_from_transitions
-11.315832623359697,0.7055828697908263,20129,0.35279143489541315,145,hinge_plateau_smooth,recompute_from_transitions
-11.239608058176168,0.7506565646849012,20164,0.3753282823424506,145,hinge_plateau_smooth,recompute_from_transitions
-11.138900982248124,0.7550914630693308,20116,0.3775457315346654,145,hinge_plateau_smooth,recompute_from_transitions
-11.037375796013333,0.7060843662012108,20073,0.3530421831006054,145,hinge_plateau_smooth,recompute_from_transitions
-10.943566067216128,0.8431019779017339,19873,0.42155098895086696,145,hinge_plateau_smooth,recompute_from_transitions
-10.841289459577933,0.6960515276578411,20443,0.34802576382892053,145,hinge_plateau_smooth,recompute_from_transitions
-10.736401608314978,0.7502815244659429,20108,0.37514076223297144,145,hinge_plateau_smooth,recompute_from_transitions
-10.605396238724294,0.7654564473382613,20156,0.3827282236691307,145,hinge_plateau_smooth,recompute_from_transitions
-10.467607978694785,0.7583280233358419,20128,0.37916401166792096,145,hinge_plateau_smooth,recompute_from_transitions
-10.31750989660778,0.7103895995962406,20117,0.3551947997981203,145,hinge_plateau_smooth,recompute_from_transitions
-10.12348325146383,0.6633619172067748,20130,0.3316809586033874,145,hinge_plateau_smooth,recompute_from_transitions
-9.888624399941476,0.6733488747690057,20134,0.33667443738450287,145,hinge_plateau_smooth,recompute_from_transitions
-9.52679614890317,0.58196844669326,20108,0.29098422334663,145,hinge_plateau_smooth,recompute_from_transitions
-8.774937562664354,0.41542843576035443,20147,0.20771421788017722,145,hinge_plateau_smooth,recompute_from_transitions
-13.215568615552153,0.3915089261535851,19735,0.19575446307679256,146,hinge_plateau_smooth,recompute_from_transitions
-12.883829499865389,0.31383822896868613,20531,0.15691911448434306,146,hinge_plateau_smooth,recompute_from_transitions
-12.710510913170893,0.4179313516794191,19997,0.20896567583970954,146,hinge_plateau_smooth,recompute_from_transitions
-12.557739569963914,0.4512166382534527,19922,0.22560831912672635,146,hinge_plateau_smooth,recompute_from_transitions
-12.42707200617936,0.3995338769411452,20741,0.1997669384705726,146,hinge_plateau_smooth,recompute_from_transitions
-12.358968791936285,0.48634479188067414,19291,0.24317239594033707,146,hinge_plateau_smooth,recompute_from_transitions
-12.27194452041643,0.4211218399014204,21369,0.2105609199507102,146,hinge_plateau_smooth,recompute_from_transitions
-12.172721188636483,0.5347629673076204,20301,0.2673814836538102,146,hinge_plateau_smooth,recompute_from_transitions
-12.09601677586819,0.4612774910919508,20216,0.2306387455459754,146,hinge_plateau_smooth,recompute_from_transitions
-12.02160689815435,0.5500347210048692,20296,0.2750173605024346,146,hinge_plateau_smooth,recompute_from_transitions
-11.952175739666302,0.5563937609089518,19972,0.2781968804544759,146,hinge_plateau_smooth,recompute_from_transitions
-11.8785272381847,0.47636331226969486,20412,0.23818165613484743,146,hinge_plateau_smooth,recompute_from_transitions
-11.78090710457824,0.576642223480007,20070,0.2883211117400035,146,hinge_plateau_smooth,recompute_from_transitions
-11.700411993515722,0.5723881092033412,20264,0.2861940546016706,146,hinge_plateau_smooth,recompute_from_transitions
-11.63302268210979,0.5499611408563809,20464,0.27498057042819046,146,hinge_plateau_smooth,recompute_from_transitions
-11.564931219048146,0.5963412296210545,20210,0.29817061481052726,146,hinge_plateau_smooth,recompute_from_transitions
-11.475674569324926,0.6928773674588632,20213,0.3464386837294316,146,hinge_plateau_smooth,recompute_from_transitions
-11.396858955150869,0.5525341496313129,20342,0.27626707481565643,146,hinge_plateau_smooth,recompute_from_transitions
-11.313724978901204,0.673467375241539,20191,0.3367336876207695,146,hinge_plateau_smooth,recompute_from_transitions
-11.236649638993653,0.7142439186289757,20292,0.35712195931448787,146,hinge_plateau_smooth,recompute_from_transitions
-11.138540710803264,0.7623306707619539,20182,0.38116533538097697,146,hinge_plateau_smooth,recompute_from_transitions
-11.037645942581964,0.6988429775541198,20276,0.3494214887770599,146,hinge_plateau_smooth,recompute_from_transitions
-10.942756306561911,0.7932569210583827,20261,0.3966284605291914,146,hinge_plateau_smooth,recompute_from_transitions
-10.840288935161665,0.7611316377275354,20172,0.3805658188637677,146,hinge_plateau_smooth,recompute_from_transitions
-10.73667489758741,0.7383761244582941,20311,0.3691880622291471,146,hinge_plateau_smooth,recompute_from_transitions
-10.60628764496576,0.7086750293763954,20245,0.3543375146881977,146,hinge_plateau_smooth,recompute_from_transitions
-10.467607978694785,0.7583476617172717,20235,0.3791738308586359,146,hinge_plateau_smooth,recompute_from_transitions
-10.308926618612068,0.7302024083199389,20231,0.36510120415996944,146,hinge_plateau_smooth,recompute_from_transitions
-10.117050997186537,0.672261341230573,20252,0.3361306706152865,146,hinge_plateau_smooth,recompute_from_transitions
-9.874099269459114,0.677921036486676,20242,0.338960518243338,146,hinge_plateau_smooth,recompute_from_transitions
-9.510764333165737,0.5931775762833612,20247,0.2965887881416806,146,hinge_plateau_smooth,recompute_from_transitions
-8.739721465818988,0.42210574202959783,20245,0.21105287101479892,146,hinge_plateau_smooth,recompute_from_transitions
-13.215568615552153,0.3780236129627602,19886,0.1890118064813801,147,hinge_plateau_smooth,recompute_from_transitions
-12.873930922403003,0.30646807207674465,20239,0.15323403603837232,147,hinge_plateau_smooth,recompute_from_transitions
-12.710510913170893,0.40761340086872827,20082,0.20380670043436414,147,hinge_plateau_smooth,recompute_from_transitions
-12.557739569963914,0.4506296607687186,19834,0.2253148303843593,147,hinge_plateau_smooth,recompute_from_transitions
-12.42707200617936,0.3804765075030211,20761,0.19023825375151054,147,hinge_plateau_smooth,recompute_from_transitions
-12.357640847696889,0.5192904771409088,19039,0.2596452385704544,147,hinge_plateau_smooth,recompute_from_transitions
-12.270626791332338,0.4454081703753037,21313,0.22270408518765186,147,hinge_plateau_smooth,recompute_from_transitions
-12.170550125429626,0.5407995908365537,20065,0.27039979541827686,147,hinge_plateau_smooth,recompute_from_transitions
-12.091131329469109,0.4730153177824352,20287,0.2365076588912176,147,hinge_plateau_smooth,recompute_from_transitions
-12.020014114773264,0.5348263806755407,19974,0.26741319033777033,147,hinge_plateau_smooth,recompute_from_transitions
-11.940863659675935,0.4946347098323103,20083,0.24731735491615514,147,hinge_plateau_smooth,recompute_from_transitions
-11.875100399764182,0.533081883257493,20325,0.2665409416287465,147,hinge_plateau_smooth,recompute_from_transitions
-11.775718390041606,0.5769736254222174,20109,0.2884868127111087,147,hinge_plateau_smooth,recompute_from_transitions
-11.692217437084182,0.5598774913111635,20377,0.27993874565558174,147,hinge_plateau_smooth,recompute_from_transitions
-11.63187735383314,0.5559914238207305,20086,0.27799571191036526,147,hinge_plateau_smooth,recompute_from_transitions
-11.56135957424332,0.5526804012542965,19814,0.27634020062714826,147,hinge_plateau_smooth,recompute_from_transitions
-11.475096207417025,0.7303734869505837,20331,0.36518674347529184,147,hinge_plateau_smooth,recompute_from_transitions
-11.394203844054164,0.5877610050682754,20419,0.2938805025341377,147,hinge_plateau_smooth,recompute_from_transitions
-11.309510841541789,0.6723337371061363,19700,0.33616686855306815,147,hinge_plateau_smooth,recompute_from_transitions
-11.236649638993653,0.695137835738832,20619,0.347568917869416,147,hinge_plateau_smooth,recompute_from_transitions
-11.13801962927137,0.7790428337064926,20197,0.3895214168532463,147,hinge_plateau_smooth,recompute_from_transitions
-11.037645942581964,0.7216501736092527,20180,0.3608250868046263,147,hinge_plateau_smooth,recompute_from_transitions
-10.942756306561911,0.798104130601761,20161,0.3990520653008805,147,hinge_plateau_smooth,recompute_from_transitions
-10.841289459577933,0.7153306727503074,20184,0.3576653363751537,147,hinge_plateau_smooth,recompute_from_transitions
-10.73772130947042,0.7423617103376945,20163,0.37118085516884725,147,hinge_plateau_smooth,recompute_from_transitions
-10.608401594835168,0.7504019073869579,20180,0.37520095369347894,147,hinge_plateau_smooth,recompute_from_transitions
-10.47253019044932,0.7203099557428949,20155,0.36015497787144746,147,hinge_plateau_smooth,recompute_from_transitions
-10.320234851902422,0.7253082069011921,19978,0.36265410345059607,147,hinge_plateau_smooth,recompute_from_transitions
-10.126030337227196,0.6369995034790881,20360,0.31849975173954403,147,hinge_plateau_smooth,recompute_from_transitions
-9.89785585190681,0.6576941024097966,20163,0.3288470512048983,147,hinge_plateau_smooth,recompute_from_transitions
-9.535661436897296,0.5890640722395849,20185,0.29453203611979245,147,hinge_plateau_smooth,recompute_from_transitions
-8.787080185813751,0.40484789094500495,20179,0.20242394547250248,147,hinge_plateau_smooth,recompute_from_transitions
-13.215568615552153,0.4051943748678037,19744,0.20259718743390184,148,hinge_plateau_smooth,recompute_from_transitions
-12.883829499865389,0.31509251972692126,20512,0.15754625986346063,148,hinge_plateau_smooth,recompute_from_transitions
-12.713161295167165,0.409898797198781,19851,0.2049493985993905,148,hinge_plateau_smooth,recompute_from_transitions
-12.561294512689928,0.44983167930181556,20256,0.22491583965090778,148,hinge_plateau_smooth,recompute_from_transitions
-12.42707200617936,0.3827325593646816,20191,0.1913662796823408,148,hinge_plateau_smooth,recompute_from_transitions
-12.358968791936285,0.4913767577361083,19700,0.24568837886805414,148,hinge_plateau_smooth,recompute_from_transitions
-12.273612440309472,0.4091996260563612,19791,0.2045998130281806,148,hinge_plateau_smooth,recompute_from_transitions
-12.178379711278886,0.6017708588642325,20415,0.30088542943211627,148,hinge_plateau_smooth,recompute_from_transitions
-12.097660668124831,0.4613755625047983,20753,0.23068778125239914,148,hinge_plateau_smooth,recompute_from_transitions
-12.02440235168059,0.525441556243421,19659,0.2627207781217105,148,hinge_plateau_smooth,recompute_from_transitions
-11.955149926079956,0.5159186928460129,20296,0.25795934642300644,148,hinge_plateau_smooth,recompute_from_transitions
-11.88729016568336,0.52708939009035,20534,0.263544695045175,148,hinge_plateau_smooth,recompute_from_transitions
-11.79149679570585,0.5850589582373132,20067,0.2925294791186566,148,hinge_plateau_smooth,recompute_from_transitions
-11.7058618450852,0.5387103836276113,19433,0.26935519181380563,148,hinge_plateau_smooth,recompute_from_transitions
-11.646008415731831,0.5448824476800388,20869,0.2724412238400194,148,hinge_plateau_smooth,recompute_from_transitions
-11.570540814483564,0.5278466405423066,20056,0.2639233202711533,148,hinge_plateau_smooth,recompute_from_transitions
-11.486766277387012,0.758272585906183,20254,0.3791362929530915,148,hinge_plateau_smooth,recompute_from_transitions
-11.406282110106478,0.5660375293861408,20184,0.2830187646930704,148,hinge_plateau_smooth,recompute_from_transitions
-11.324135029944886,0.7012539757473311,20137,0.35062698787366553,148,hinge_plateau_smooth,recompute_from_transitions
-11.24568817802792,0.7108784532628547,20085,0.35543922663142735,148,hinge_plateau_smooth,recompute_from_transitions
-11.14910067579184,0.7458779319251626,20189,0.3729389659625813,148,hinge_plateau_smooth,recompute_from_transitions
-11.04498392515269,0.7554932595524086,20075,0.3777466297762043,148,hinge_plateau_smooth,recompute_from_transitions
-10.954508578994927,0.7623697554466454,20207,0.3811848777233227,148,hinge_plateau_smooth,recompute_from_transitions
-10.852537784141225,0.7809132528157532,20171,0.3904566264078766,148,hinge_plateau_smooth,recompute_from_transitions
-10.746281491969844,0.788357894090662,20129,0.394178947045331,148,hinge_plateau_smooth,recompute_from_transitions
-10.611498380548513,0.7240422429003402,20131,0.3620211214501701,148,hinge_plateau_smooth,recompute_from_transitions
-10.479329925202112,0.7505080707214128,20162,0.3752540353607064,148,hinge_plateau_smooth,recompute_from_transitions
-10.323990885309154,0.7115962928461019,20102,0.35579814642305096,148,hinge_plateau_smooth,recompute_from_transitions
-10.127218062918288,0.6758606739467367,20179,0.33793033697336833,148,hinge_plateau_smooth,recompute_from_transitions
-9.89427414388858,0.6607129324784563,20150,0.33035646623922815,148,hinge_plateau_smooth,recompute_from_transitions
-9.535926892961992,0.5711354615485251,20147,0.28556773077426256,148,hinge_plateau_smooth,recompute_from_transitions
-8.791575820826543,0.43667189782198834,20145,0.21833594891099417,148,hinge_plateau_smooth,recompute_from_transitions
-13.215568615552153,0.39255397579622836,20045,0.19627698789811418,149,hinge_plateau_smooth,recompute_from_transitions
-12.860649229000792,0.29800727086697204,20204,0.14900363543348602,149,hinge_plateau_smooth,recompute_from_transitions
-12.710510913170893,0.42298832536886016,19554,0.21149416268443008,149,hinge_plateau_smooth,recompute_from_transitions
-12.557739569963914,0.4236117603295324,19907,0.2118058801647662,149,hinge_plateau_smooth,recompute_from_transitions
-12.42693850381749,0.3800429037194482,20724,0.1900214518597241,149,hinge_plateau_smooth,recompute_from_transitions
-12.344366331759312,0.4580066631331221,20071,0.22900333156656105,149,hinge_plateau_smooth,recompute_from_transitions
-12.259404166259278,0.4347559844379586,20409,0.2173779922189793,149,hinge_plateau_smooth,recompute_from_transitions
-12.16824338788068,0.5277407961913282,19861,0.2638703980956641,149,hinge_plateau_smooth,recompute_from_transitions
-12.08288377446331,0.5018174331894018,20338,0.2509087165947009,149,hinge_plateau_smooth,recompute_from_transitions
-12.018475195490073,0.49758053472981933,19703,0.24879026736490967,149,hinge_plateau_smooth,recompute_from_transitions
-11.9353378319113,0.5430218283528203,20543,0.27151091417641016,149,hinge_plateau_smooth,recompute_from_transitions
-11.868147332272631,0.5309921073677868,20012,0.2654960536838934,149,hinge_plateau_smooth,recompute_from_transitions
-11.7753186339949,0.5630753061165172,20272,0.2815376530582586,149,hinge_plateau_smooth,recompute_from_transitions
-11.690588433174495,0.570223216493775,20193,0.2851116082468875,149,hinge_plateau_smooth,recompute_from_transitions
-11.630622471622218,0.5924361068313962,19671,0.2962180534156981,149,hinge_plateau_smooth,recompute_from_transitions
-11.556433676842664,0.6149543302102058,20539,0.3074771651051029,149,hinge_plateau_smooth,recompute_from_transitions
-11.472250732243731,0.6663212061823593,20232,0.3331606030911797,149,hinge_plateau_smooth,recompute_from_transitions
-11.392755392721634,0.5914193092308404,20182,0.2957096546154202,149,hinge_plateau_smooth,recompute_from_transitions
-11.309666618665522,0.7226764071101276,19774,0.3613382035550638,149,hinge_plateau_smooth,recompute_from_transitions
-11.235036945330286,0.7291385326914794,20477,0.3645692663457397,149,hinge_plateau_smooth,recompute_from_transitions
-11.136467330176387,0.7772389621071238,20103,0.3886194810535619,149,hinge_plateau_smooth,recompute_from_transitions
-11.034495238748876,0.7286189450308572,20150,0.3643094725154286,149,hinge_plateau_smooth,recompute_from_transitions
-10.941773011583107,0.7834745658439575,20216,0.39173728292197874,149,hinge_plateau_smooth,recompute_from_transitions
-10.841289459577933,0.7721704850500816,20115,0.3860852425250408,149,hinge_plateau_smooth,recompute_from_transitions
-10.73667489758741,0.7876481890302782,20140,0.3938240945151391,149,hinge_plateau_smooth,recompute_from_transitions
-10.60628764496576,0.7202311326990385,20164,0.36011556634951924,149,hinge_plateau_smooth,recompute_from_transitions
-10.469421682197956,0.7618590752935079,20154,0.38092953764675397,149,hinge_plateau_smooth,recompute_from_transitions
-10.319543057833872,0.6976308142642936,20138,0.3488154071321468,149,hinge_plateau_smooth,recompute_from_transitions
-10.124353411047933,0.6787661431610266,20142,0.3393830715805133,149,hinge_plateau_smooth,recompute_from_transitions
-9.890693853977435,0.6406635592040223,20139,0.32033177960201115,149,hinge_plateau_smooth,recompute_from_transitions
-9.535072517678651,0.590424224904278,20138,0.295212112452139,149,hinge_plateau_smooth,recompute_from_transitions
-8.76051006092626,0.4243883521208487,20141,0.21219417606042434,149,hinge_plateau_smooth,recompute_from_transitions
-13.215568615552153,0.37001012610507317,19705,0.18500506305253658,150,hinge_plateau_smooth,recompute_from_transitions
-12.873930922403003,0.2984503497507421,20036,0.14922517487537104,150,hinge_plateau_smooth,recompute_from_transitions
-12.710510913170893,0.412220206882975,19874,0.2061101034414875,150,hinge_plateau_smooth,recompute_from_transitions
-12.557739569963914,0.4462858221362253,20865,0.22314291106811265,150,hinge_plateau_smooth,recompute_from_transitions
-12.42394030351534,0.38750200943986945,20016,0.19375100471993473,150,hinge_plateau_smooth,recompute_from_transitions
-12.344366331759312,0.4841400631316167,19944,0.24207003156580836,150,hinge_plateau_smooth,recompute_from_transitions
-12.26153494564515,0.45815299928310305,20180,0.22907649964155152,150,hinge_plateau_smooth,recompute_from_transitions
-12.16882174978853,0.5667448249577737,20326,0.28337241247888684,150,hinge_plateau_smooth,recompute_from_transitions
-12.08288377446331,0.4740704868546944,20287,0.2370352434273472,150,hinge_plateau_smooth,recompute_from_transitions
-12.020014114773264,0.5694001464368457,19641,0.28470007321842283,150,hinge_plateau_smooth,recompute_from_transitions
-11.940863659675935,0.548012418179396,20383,0.274006209089698,150,hinge_plateau_smooth,recompute_from_transitions
-11.877632359588858,0.5475235883972274,20083,0.2737617941986137,150,hinge_plateau_smooth,recompute_from_transitions
-11.775718390041606,0.6019349264007257,20510,0.30096746320036283,150,hinge_plateau_smooth,recompute_from_transitions
-11.691174639929889,0.5952077751961815,20113,0.29760388759809075,150,hinge_plateau_smooth,recompute_from_transitions
-11.630622471622218,0.5892954058428851,19570,0.29464770292144254,150,hinge_plateau_smooth,recompute_from_transitions
-11.556433676842664,0.5874534379729744,20512,0.2937267189864872,150,hinge_plateau_smooth,recompute_from_transitions
-11.472250732243731,0.6903536779693841,20151,0.34517683898469204,150,hinge_plateau_smooth,recompute_from_transitions
-11.389595079458358,0.557828623868722,20339,0.278914311934361,150,hinge_plateau_smooth,recompute_from_transitions
-11.304645561067858,0.700027878610399,19273,0.3500139393051995,150,hinge_plateau_smooth,recompute_from_transitions
-11.233264470745242,0.7292732553689631,21039,0.3646366276844816,150,hinge_plateau_smooth,recompute_from_transitions
-11.133561742330786,0.7326534440641198,20142,0.3663267220320599,150,hinge_plateau_smooth,recompute_from_transitions
-11.030873545631414,0.7492297206931902,20111,0.3746148603465951,150,hinge_plateau_smooth,recompute_from_transitions
-10.93717335452184,0.7987204443989907,20156,0.39936022219949535,150,hinge_plateau_smooth,recompute_from_transitions
-10.832183565604849,0.728800100487144,20111,0.364400050243572,150,hinge_plateau_smooth,recompute_from_transitions
-10.72698954180975,0.7705324750331266,20190,0.3852662375165633,150,hinge_plateau_smooth,recompute_from_transitions
-10.59979453148716,0.7685816701039009,20132,0.38429083505195044,150,hinge_plateau_smooth,recompute_from_transitions
-10.463408520277468,0.7322210666389719,20139,0.36611053331948595,150,hinge_plateau_smooth,recompute_from_transitions
-10.30517657807369,0.7063846468137195,20159,0.35319232340685974,150,hinge_plateau_smooth,recompute_from_transitions
-10.11458281379431,0.6527262762313869,20141,0.32636313811569345,150,hinge_plateau_smooth,recompute_from_transitions
-9.867228661781748,0.6456193296911805,20089,0.32280966484559026,150,hinge_plateau_smooth,recompute_from_transitions
-9.511590431711682,0.5823136487090347,20192,0.29115682435451734,150,hinge_plateau_smooth,recompute_from_transitions
-8.746836174471099,0.40890693406636724,20149,0.20445346703318362,150,hinge_plateau_smooth,recompute_from_transitions
-13.215568615552153,0.4107118971272716,19951,0.2053559485636358,151,hinge_plateau_smooth,recompute_from_transitions
-12.860649229000792,0.29394771852208745,20121,0.14697385926104373,151,hinge_plateau_smooth,recompute_from_transitions
-12.710510913170893,0.4117287080181275,19745,0.20586435400906375,151,hinge_plateau_smooth,recompute_from_transitions
-12.557739569963914,0.4707921377686658,19730,0.2353960688843329,151,hinge_plateau_smooth,recompute_from_transitions
-12.42707200617936,0.3914572693204121,20903,0.19572863466020604,151,hinge_plateau_smooth,recompute_from_transitions
-12.345839520565075,0.49976987841922654,20126,0.24988493920961327,151,hinge_plateau_smooth,recompute_from_transitions
-12.268666397113726,0.4308975199140925,20281,0.21544875995704624,151,hinge_plateau_smooth,recompute_from_transitions
-12.16882174978853,0.5527140914849293,19949,0.27635704574246467,151,hinge_plateau_smooth,recompute_from_transitions
-12.090426708733924,0.4679042739461129,20216,0.23395213697305645,151,hinge_plateau_smooth,recompute_from_transitions
-12.020014114773264,0.5778542872826381,20058,0.28892714364131905,151,hinge_plateau_smooth,recompute_from_transitions
-11.949066537304118,0.5529778619513956,19783,0.2764889309756978,151,hinge_plateau_smooth,recompute_from_transitions
-11.878512914472651,0.47824388561255615,20494,0.23912194280627808,151,hinge_plateau_smooth,recompute_from_transitions
-11.779720922693246,0.5956281211830095,19966,0.2978140605915047,151,hinge_plateau_smooth,recompute_from_transitions
-11.698243294090917,0.5899865478608135,20358,0.29499327393040675,151,hinge_plateau_smooth,recompute_from_transitions
-11.63187735383314,0.555993575604055,20072,0.2779967878020275,151,hinge_plateau_smooth,recompute_from_transitions
-11.562286858219766,0.5946448694467948,19901,0.2973224347233974,151,hinge_plateau_smooth,recompute_from_transitions
-11.475096207417025,0.7132919032723669,20375,0.35664595163618346,151,hinge_plateau_smooth,recompute_from_transitions
-11.390292185788535,0.5743580961884344,20146,0.2871790480942172,151,hinge_plateau_smooth,recompute_from_transitions
-11.309666618665522,0.6996063112705159,20154,0.34980315563525793,151,hinge_plateau_smooth,recompute_from_transitions
-11.233322892790468,0.7538520992273486,20130,0.3769260496136743,151,hinge_plateau_smooth,recompute_from_transitions
-11.13801962927137,0.7800994438034269,20140,0.39004972190171344,151,hinge_plateau_smooth,recompute_from_transitions
-11.035137164908225,0.7091878534776981,20075,0.35459392673884904,151,hinge_plateau_smooth,recompute_from_transitions
-10.939191661008849,0.7516914056297935,20187,0.37584570281489676,151,hinge_plateau_smooth,recompute_from_transitions
-10.837911588842037,0.7432189936158156,19953,0.3716094968079078,151,hinge_plateau_smooth,recompute_from_transitions
-10.73290677063298,0.7899508158777997,20298,0.39497540793889985,151,hinge_plateau_smooth,recompute_from_transitions
-10.60628764496576,0.7824424858494321,20108,0.39122124292471605,151,hinge_plateau_smooth,recompute_from_transitions
-10.468223059114958,0.7354830257965065,20123,0.36774151289825324,151,hinge_plateau_smooth,recompute_from_transitions
-10.316553099758645,0.7131973243898527,20148,0.35659866219492636,151,hinge_plateau_smooth,recompute_from_transitions
-10.122532716899276,0.667286852330181,20114,0.3336434261650905,151,hinge_plateau_smooth,recompute_from_transitions
-9.887144124158546,0.597115049091386,20134,0.298557524545693,151,hinge_plateau_smooth,recompute_from_transitions
-9.530426479834537,0.5834484499878612,20119,0.2917242249939306,151,hinge_plateau_smooth,recompute_from_transitions
-8.742889640787842,0.424392807076966,20136,0.212196403538483,151,hinge_plateau_smooth,recompute_from_transitions
-13.215568615552153,0.3787734578824889,19767,0.18938672894124445,152,hinge_plateau_smooth,recompute_from_transitions
-12.883829499865389,0.3139503941390719,20131,0.15697519706953594,152,hinge_plateau_smooth,recompute_from_transitions
-12.710510913170893,0.4143923280538593,19846,0.20719616402692964,152,hinge_plateau_smooth,recompute_from_transitions
-12.557739569963914,0.4072831398375159,20882,0.20364156991875795,152,hinge_plateau_smooth,recompute_from_transitions
-12.42394030351534,0.38398062887649353,20286,0.19199031443824677,152,hinge_plateau_smooth,recompute_from_transitions
-12.343295217411509,0.4912633918077044,19380,0.2456316959038522,152,hinge_plateau_smooth,recompute_from_transitions
-12.259404166259278,0.4092588284659472,21106,0.2046294142329736,152,hinge_plateau_smooth,recompute_from_transitions
-12.168206669368452,0.5085581216703878,20073,0.2542790608351939,152,hinge_plateau_smooth,recompute_from_transitions
-12.08288377446331,0.470405115167191,19907,0.2352025575835955,152,hinge_plateau_smooth,recompute_from_transitions
-12.018475195490073,0.546703969161504,19570,0.273351984580752,152,hinge_plateau_smooth,recompute_from_transitions
-11.9353378319113,0.5216371434602215,21131,0.26081857173011075,152,hinge_plateau_smooth,recompute_from_transitions
-11.86553949498493,0.4802238582725819,20311,0.24011192913629095,152,hinge_plateau_smooth,recompute_from_transitions
-11.77444834980632,0.5684488832003683,20085,0.2842244416001842,152,hinge_plateau_smooth,recompute_from_transitions
-11.689002565547602,0.6377658152055454,20279,0.3188829076027727,152,hinge_plateau_smooth,recompute_from_transitions
-11.628199474483395,0.5007603428213684,20166,0.2503801714106842,152,hinge_plateau_smooth,recompute_from_transitions
-11.549684818023662,0.5922784958627761,20258,0.29613924793138807,152,hinge_plateau_smooth,recompute_from_transitions
-11.465859014257244,0.6754591887579213,20225,0.33772959437896066,152,hinge_plateau_smooth,recompute_from_transitions
-11.386586181448878,0.5549618118470381,19168,0.27748090592351904,152,hinge_plateau_smooth,recompute_from_transitions
-11.302371086352885,0.6903283184732142,21247,0.3451641592366071,152,hinge_plateau_smooth,recompute_from_transitions
-11.226499106812286,0.731905015251527,20162,0.3659525076257635,152,hinge_plateau_smooth,recompute_from_transitions
-11.124688352017287,0.784106228682536,20203,0.392053114341268,152,hinge_plateau_smooth,recompute_from_transitions
-11.024837667119964,0.709861727180035,20202,0.3549308635900175,152,hinge_plateau_smooth,recompute_from_transitions
-10.927165647517729,0.7844913380932028,20042,0.3922456690466014,152,hinge_plateau_smooth,recompute_from_transitions
-10.819161913352008,0.7890568880472146,20397,0.3945284440236073,152,hinge_plateau_smooth,recompute_from_transitions
-10.721184842830064,0.748370123808127,20155,0.3741850619040635,152,hinge_plateau_smooth,recompute_from_transitions
-10.595291183324054,0.7777345322293344,20236,0.3888672661146672,152,hinge_plateau_smooth,recompute_from_transitions
-10.452639258588682,0.7438492373746942,20152,0.3719246186873471,152,hinge_plateau_smooth,recompute_from_transitions
-10.294069711986474,0.7030647045038917,20263,0.35153235225194585,152,hinge_plateau_smooth,recompute_from_transitions
-10.10722696726945,0.629856690728713,20178,0.3149283453643565,152,hinge_plateau_smooth,recompute_from_transitions
-9.864686935339282,0.6032966426898712,20225,0.3016483213449356,152,hinge_plateau_smooth,recompute_from_transitions
-9.500354003785803,0.5464172222670304,20200,0.2732086111335152,152,hinge_plateau_smooth,recompute_from_transitions
-8.735862994362632,0.40663079915227573,20203,0.20331539957613787,152,hinge_plateau_smooth,recompute_from_transitions
-13.215568615552153,0.4029585223816529,19838,0.20147926119082646,153,hinge_plateau_smooth,recompute_from_transitions
-12.873930922403003,0.3076806066722603,20354,0.15384030333613016,153,hinge_plateau_smooth,recompute_from_transitions
-12.710510913170893,0.4089562056224204,20004,0.2044781028112102,153,hinge_plateau_smooth,recompute_from_transitions
-12.56429868561048,0.4115212308117348,19968,0.2057606154058674,153,hinge_plateau_smooth,recompute_from_transitions
-12.430203708843376,0.3798981059076926,20409,0.1899490529538463,153,hinge_plateau_smooth,recompute_from_transitions
-12.359926738291366,0.5156732504943636,19566,0.2578366252471818,153,hinge_plateau_smooth,recompute_from_transitions
-12.273612440309472,0.4342468411367932,19859,0.2171234205683966,153,hinge_plateau_smooth,recompute_from_transitions
-12.1775056187353,0.5579784477185716,21000,0.2789892238592858,153,hinge_plateau_smooth,recompute_from_transitions
-12.097660668124831,0.44931989150029067,20055,0.22465994575014533,153,hinge_plateau_smooth,recompute_from_transitions
-12.02440235168059,0.5597281046939215,19868,0.27986405234696077,153,hinge_plateau_smooth,recompute_from_transitions
-11.955149926079956,0.5308657551372278,19695,0.2654328775686139,153,hinge_plateau_smooth,recompute_from_transitions
-11.88729016568336,0.5429923126113629,20976,0.27149615630568147,153,hinge_plateau_smooth,recompute_from_transitions
-11.79149679570585,0.5628264768293787,19932,0.28141323841468935,153,hinge_plateau_smooth,recompute_from_transitions
-11.70504057453058,0.5327993393414293,18845,0.26639966967071466,153,hinge_plateau_smooth,recompute_from_transitions
-11.642284912965152,0.5481133838880521,21606,0.27405669194402604,153,hinge_plateau_smooth,recompute_from_transitions
-11.566256985804811,0.5847612611186926,20126,0.2923806305593463,153,hinge_plateau_smooth,recompute_from_transitions
-11.482398110500611,0.7021828314727646,20135,0.3510914157363823,153,hinge_plateau_smooth,recompute_from_transitions
-11.40075719201368,0.585053968672639,20109,0.2925269843363195,153,hinge_plateau_smooth,recompute_from_transitions
-11.320525222556352,0.7056109555286182,20120,0.3528054777643091,153,hinge_plateau_smooth,recompute_from_transitions
-11.245754043244313,0.7886961659121092,20156,0.3943480829560546,153,hinge_plateau_smooth,recompute_from_transitions
-11.145488860603283,0.7157083822019201,20165,0.35785419110096006,153,hinge_plateau_smooth,recompute_from_transitions
-11.04390934791117,0.761481989063991,19874,0.3807409945319955,153,hinge_plateau_smooth,recompute_from_transitions
-10.954508578994927,0.747928008122711,19875,0.3739640040613555,153,hinge_plateau_smooth,recompute_from_transitions
-10.851218909813545,0.7605078628247774,20624,0.3802539314123887,153,hinge_plateau_smooth,recompute_from_transitions
-10.742086573442084,0.7534422617349871,20072,0.37672113086749354,153,hinge_plateau_smooth,recompute_from_transitions
-10.611414029706172,0.7288539974687913,20226,0.36442699873439566,153,hinge_plateau_smooth,recompute_from_transitions
-10.481161857337874,0.7582188047150049,19738,0.37910940235750246,153,hinge_plateau_smooth,recompute_from_transitions
-10.32685463184288,0.70633063995667,20527,0.353165319978335,153,hinge_plateau_smooth,recompute_from_transitions
-10.131089200575792,0.6901110557764294,20118,0.3450555278882147,153,hinge_plateau_smooth,recompute_from_transitions
-9.886647654227632,0.6343405876899901,20150,0.31717029384499507,153,hinge_plateau_smooth,recompute_from_transitions
-9.527547772930076,0.5812209871002744,20138,0.2906104935501372,153,hinge_plateau_smooth,recompute_from_transitions
-8.782081905248296,0.4220560804337455,20134,0.21102804021687274,153,hinge_plateau_smooth,recompute_from_transitions
-13.289294607776606,0.38800343620592886,19071,0.19400171810296443,154,hinge_plateau_smooth,recompute_from_transitions
-12.90414824657138,0.3016709777485062,21201,0.1508354888742531,154,hinge_plateau_smooth,recompute_from_transitions
-12.713161295167165,0.41079641594360256,20146,0.20539820797180128,154,hinge_plateau_smooth,recompute_from_transitions
-12.561294512689928,0.4512386495910488,20248,0.2256193247955244,154,hinge_plateau_smooth,recompute_from_transitions
-12.4370002989401,0.39817798887627587,18947,0.19908899443813793,154,hinge_plateau_smooth,recompute_from_transitions
-12.363882337052631,0.4313849817513371,20626,0.21569249087566855,154,hinge_plateau_smooth,recompute_from_transitions
-12.294392540817448,0.43477285605470145,20733,0.21738642802735073,154,hinge_plateau_smooth,recompute_from_transitions
-12.178379711278886,0.5763498515763322,20232,0.2881749257881661,154,hinge_plateau_smooth,recompute_from_transitions
-12.099429290576538,0.4378139840770189,19001,0.21890699203850944,154,hinge_plateau_smooth,recompute_from_transitions
-12.024493812681577,0.5134722307662161,21198,0.25673611538310803,154,hinge_plateau_smooth,recompute_from_transitions
-11.955149926079956,0.536637086275415,20270,0.2683185431377075,154,hinge_plateau_smooth,recompute_from_transitions
-11.88737702673312,0.5271263407209373,20050,0.26356317036046867,154,hinge_plateau_smooth,recompute_from_transitions
-11.79149679570585,0.5421079124065109,20741,0.27105395620325545,154,hinge_plateau_smooth,recompute_from_transitions
-11.7058618450852,0.5789522545902573,19186,0.28947612729512867,154,hinge_plateau_smooth,recompute_from_transitions
-11.64556303626818,0.5944804718489534,21142,0.2972402359244767,154,hinge_plateau_smooth,recompute_from_transitions
-11.569701550638364,0.5297974517067131,19951,0.26489872585335655,154,hinge_plateau_smooth,recompute_from_transitions
-11.485114301054752,0.7347685415140711,19957,0.36738427075703556,154,hinge_plateau_smooth,recompute_from_transitions
-11.404513487654611,0.5634387968620391,20688,0.28171939843101956,154,hinge_plateau_smooth,recompute_from_transitions
-11.317173268105606,0.6955497589693214,20136,0.3477748794846607,154,hinge_plateau_smooth,recompute_from_transitions
-11.244682928896344,0.7391796642131385,20263,0.36958983210656926,154,hinge_plateau_smooth,recompute_from_transitions
-11.147456783535018,0.7522949335042541,20061,0.37614746675212707,154,hinge_plateau_smooth,recompute_from_transitions
-11.04390934791117,0.8041228685875155,19593,0.40206143429375774,154,hinge_plateau_smooth,recompute_from_transitions
-10.952861235229005,0.7531933361166959,20925,0.37659666805834796,154,hinge_plateau_smooth,recompute_from_transitions
-10.84279749439096,0.7219250763506263,20187,0.36096253817531315,154,hinge_plateau_smooth,recompute_from_transitions
-10.739132219543766,0.7385674013445899,20212,0.36928370067229493,154,hinge_plateau_smooth,recompute_from_transitions
-10.609223905833444,0.7919881446461071,20197,0.39599407232305356,154,hinge_plateau_smooth,recompute_from_transitions
-10.474333008641556,0.7616504238760291,20151,0.38082521193801455,154,hinge_plateau_smooth,recompute_from_transitions
-10.31888018648097,0.7299300450680605,20232,0.36496502253403024,154,hinge_plateau_smooth,recompute_from_transitions
-10.1222749026868,0.6791343921840534,20189,0.3395671960920267,154,hinge_plateau_smooth,recompute_from_transitions
-9.88123440540288,0.6379336294060269,20191,0.31896681470301347,154,hinge_plateau_smooth,recompute_from_transitions
-9.517425832361258,0.6004322646970366,20185,0.3002161323485183,154,hinge_plateau_smooth,recompute_from_transitions
-8.73343765936621,0.3936719500396474,20200,0.1968359750198237,154,hinge_plateau_smooth,recompute_from_transitions
-13.215568615552153,0.42169440662795704,19922,0.21084720331397852,155,hinge_plateau_smooth,recompute_from_transitions
-12.883829499865389,0.3217863866321733,20327,0.16089319331608665,155,hinge_plateau_smooth,recompute_from_transitions
-12.710510913170893,0.42473356098588794,19836,0.21236678049294397,155,hinge_plateau_smooth,recompute_from_transitions
-12.557739569963914,0.4696282603303145,20213,0.23481413016515726,155,hinge_plateau_smooth,recompute_from_transitions
-12.42707200617936,0.3717673072045954,20572,0.1858836536022977,155,hinge_plateau_smooth,recompute_from_transitions
-12.345839520565075,0.49243012559253413,19859,0.24621506279626706,155,hinge_plateau_smooth,recompute_from_transitions
-12.262567968992428,0.42326784230779074,20318,0.21163392115389537,155,hinge_plateau_smooth,recompute_from_transitions
-12.16882174978853,0.5412238953518185,20083,0.27061194767590924,155,hinge_plateau_smooth,recompute_from_transitions
-12.088170150775197,0.4774889412452148,20476,0.2387444706226074,155,hinge_plateau_smooth,recompute_from_transitions
-12.018475195490073,0.594787475579245,20098,0.2973937377896225,155,hinge_plateau_smooth,recompute_from_transitions
-11.935892325718417,0.4987696385997158,19720,0.2493848192998579,155,hinge_plateau_smooth,recompute_from_transitions
-11.876428344003694,0.5216375289945139,20518,0.26081876449725694,155,hinge_plateau_smooth,recompute_from_transitions
-11.775805251091366,0.5911587065964102,19879,0.2955793532982051,155,hinge_plateau_smooth,recompute_from_transitions
-11.69676292781828,0.5412331728183015,20685,0.27061658640915076,155,hinge_plateau_smooth,recompute_from_transitions
-11.631477597786429,0.5336576815846956,19999,0.2668288407923478,155,hinge_plateau_smooth,recompute_from_transitions
-11.562286858219766,0.5835351086398312,20380,0.2917675543199156,155,hinge_plateau_smooth,recompute_from_transitions
-11.475674569324926,0.7177802722023033,19867,0.35889013610115167,155,hinge_plateau_smooth,recompute_from_transitions
-11.39687553923386,0.5314954943638933,20395,0.26574774718194666,155,hinge_plateau_smooth,recompute_from_transitions
-11.313724978901204,0.681177906916063,20256,0.3405889534580315,155,hinge_plateau_smooth,recompute_from_transitions
-11.238794001964392,0.777860091705868,20150,0.388930045852934,155,hinge_plateau_smooth,recompute_from_transitions
-11.140207845159958,0.7263711011944761,19925,0.36318555059723806,155,hinge_plateau_smooth,recompute_from_transitions
-11.037645942581964,0.7231825821575059,20433,0.36159129107875293,155,hinge_plateau_smooth,recompute_from_transitions
-10.937924973482575,0.7877171898473886,20231,0.3938585949236943,155,hinge_plateau_smooth,recompute_from_transitions
-10.834944221082278,0.733021355725917,20167,0.3665106778629585,155,hinge_plateau_smooth,recompute_from_transitions
-10.730940224355855,0.7901810605502038,20088,0.3950905302751019,155,hinge_plateau_smooth,recompute_from_transitions
-10.605396238724294,0.7910946772654739,20272,0.39554733863273694,155,hinge_plateau_smooth,recompute_from_transitions
-10.4665924843832,0.7605666102377389,20176,0.38028330511886943,155,hinge_plateau_smooth,recompute_from_transitions
-10.31053498035772,0.7157746826914743,20209,0.35788734134573713,155,hinge_plateau_smooth,recompute_from_transitions
-10.117574167002909,0.650593548670055,20179,0.3252967743350275,155,hinge_plateau_smooth,recompute_from_transitions
-9.878280480539615,0.6759807662759538,20187,0.3379903831379769,155,hinge_plateau_smooth,recompute_from_transitions
-9.513784313693446,0.5847502490002018,20177,0.2923751245001009,155,hinge_plateau_smooth,recompute_from_transitions
-8.73822792839262,0.44610898568218893,20185,0.22305449284109446,155,hinge_plateau_smooth,recompute_from_transitions
-13.215568615552153,0.39255397579622836,20107,0.19627698789811418,156,hinge_plateau_smooth,recompute_from_transitions
-12.873930922403003,0.2976841940244143,19885,0.14884209701220716,156,hinge_plateau_smooth,recompute_from_transitions
-12.710510913170893,0.4021008546071495,20318,0.20105042730357475,156,hinge_plateau_smooth,recompute_from_transitions
-12.557739569963914,0.4640635871122009,19681,0.23203179355610046,156,hinge_plateau_smooth,recompute_from_transitions
-12.42693850381749,0.38918286694310916,20850,0.19459143347155458,156,hinge_plateau_smooth,recompute_from_transitions
-12.357640847696889,0.4740883765849577,19384,0.23704418829247886,156,hinge_plateau_smooth,recompute_from_transitions
-12.27907382426767,0.391238755925142,19862,0.195619377962571,156,hinge_plateau_smooth,recompute_from_transitions
-12.1775056187353,0.5672688199863145,21338,0.28363440999315725,156,hinge_plateau_smooth,recompute_from_transitions
-12.097344720107657,0.48099336477936366,19947,0.24049668238968183,156,hinge_plateau_smooth,recompute_from_transitions
-12.02440235168059,0.5531080008838243,20096,0.27655400044191214,156,hinge_plateau_smooth,recompute_from_transitions
-11.955149926079956,0.5143606329472862,19378,0.2571803164736431,156,hinge_plateau_smooth,recompute_from_transitions
-11.88729016568336,0.5113994429451628,21297,0.2556997214725814,156,hinge_plateau_smooth,recompute_from_transitions
-11.787923706203784,0.5736202347376599,20041,0.28681011736882994,156,hinge_plateau_smooth,recompute_from_transitions
-11.703895298808222,0.5436868333676589,18460,0.27184341668382944,156,hinge_plateau_smooth,recompute_from_transitions
-11.64556303626818,0.5484169006062136,21884,0.2742084503031068,156,hinge_plateau_smooth,recompute_from_transitions
-11.566908739838873,0.6133538491253273,20081,0.30667692456266366,156,hinge_plateau_smooth,recompute_from_transitions
-11.482398110500611,0.6566075534083704,20365,0.3283037767041852,156,hinge_plateau_smooth,recompute_from_transitions
-11.398433309817213,0.5391568284123154,20228,0.2695784142061577,156,hinge_plateau_smooth,recompute_from_transitions
-11.31599863352836,0.6966078322957329,20050,0.34830391614786643,156,hinge_plateau_smooth,recompute_from_transitions
-11.24176584809135,0.7064100579085762,20281,0.3532050289542881,156,hinge_plateau_smooth,recompute_from_transitions
-11.141855303703846,0.725470709032374,20218,0.362735354516187,156,hinge_plateau_smooth,recompute_from_transitions
-11.038565634523616,0.6962030202139141,20170,0.34810151010695706,156,hinge_plateau_smooth,recompute_from_transitions
-10.946052173733298,0.81933799233715,20021,0.409668996168575,156,hinge_plateau_smooth,recompute_from_transitions
-10.841289459577933,0.7078144696795049,20356,0.35390723483975245,156,hinge_plateau_smooth,recompute_from_transitions
-10.73639019561868,0.7671151095300645,20175,0.3835575547650322,156,hinge_plateau_smooth,recompute_from_transitions
-10.60628764496576,0.7913945480946551,20178,0.3956972740473276,156,hinge_plateau_smooth,recompute_from_transitions
-10.4665924843832,0.7333854359826247,20178,0.36669271799131237,156,hinge_plateau_smooth,recompute_from_transitions
-10.30985295484004,0.7025171433417653,20186,0.35125857167088265,156,hinge_plateau_smooth,recompute_from_transitions
-10.117236841789214,0.6977004488301679,20178,0.34885022441508395,156,hinge_plateau_smooth,recompute_from_transitions
-9.88073948939082,0.6543256565169553,20180,0.32716282825847764,156,hinge_plateau_smooth,recompute_from_transitions
-9.522140888840198,0.5611186659143009,20176,0.28055933295715046,156,hinge_plateau_smooth,recompute_from_transitions
-8.755285780321993,0.44033086243400804,20183,0.22016543121700402,156,hinge_plateau_smooth,recompute_from_transitions
-13.215568615552153,0.3699427085029656,20155,0.1849713542514828,157,hinge_plateau_smooth,recompute_from_transitions
-12.873930922403003,0.2945179413325341,19526,0.14725897066626706,157,hinge_plateau_smooth,recompute_from_transitions
-12.710510913170893,0.40241074964532514,20441,0.20120537482266257,157,hinge_plateau_smooth,recompute_from_transitions
-12.557739569963914,0.45192218168207016,19630,0.22596109084103508,157,hinge_plateau_smooth,recompute_from_transitions
-12.42707200617936,0.4090877230118949,20909,0.20454386150594744,157,hinge_plateau_smooth,recompute_from_transitions
-12.345839520565075,0.47131184101475515,20013,0.23565592050737758,157,hinge_plateau_smooth,recompute_from_transitions
-12.268666397113726,0.4397387912709287,20204,0.21986939563546434,157,hinge_plateau_smooth,recompute_from_transitions
-12.16882174978853,0.5053081785831361,20235,0.2526540892915681,157,hinge_plateau_smooth,recompute_from_transitions
-12.090022719704764,0.45326921849701163,20544,0.22663460924850581,157,hinge_plateau_smooth,recompute_from_transitions
-12.020014114773264,0.546205740615772,19481,0.273102870307886,157,hinge_plateau_smooth,recompute_from_transitions
-11.9389012237277,0.5194164980810932,20472,0.2597082490405466,157,hinge_plateau_smooth,recompute_from_transitions
-11.875100399764182,0.5385527137783561,20563,0.26927635688917806,157,hinge_plateau_smooth,recompute_from_transitions
-11.775718390041606,0.5847043404602431,20231,0.29235217023012156,157,hinge_plateau_smooth,recompute_from_transitions
-11.690588433174495,0.6006053603953212,20155,0.3003026801976606,157,hinge_plateau_smooth,recompute_from_transitions
-11.631477597786429,0.5674110549387195,19709,0.28370552746935973,157,hinge_plateau_smooth,recompute_from_transitions
-11.55898725857929,0.6103139649673742,20708,0.3051569824836871,157,hinge_plateau_smooth,recompute_from_transitions
-11.47505948890479,0.6896194720475295,20142,0.34480973602376475,157,hinge_plateau_smooth,recompute_from_transitions
-11.391313608637802,0.5924778021809045,20222,0.29623890109045226,157,hinge_plateau_smooth,recompute_from_transitions
-11.309518407188891,0.6906065183813396,20003,0.3453032591906698,157,hinge_plateau_smooth,recompute_from_transitions
-11.236649638993653,0.695353941093112,20103,0.347676970546556,157,hinge_plateau_smooth,recompute_from_transitions
-11.135251467372084,0.772308387412817,20508,0.3861541937064085,157,hinge_plateau_smooth,recompute_from_transitions
-11.030873545631414,0.7032736484671052,20182,0.3516368242335526,157,hinge_plateau_smooth,recompute_from_transitions
-10.93659731329463,0.7828842497251068,20198,0.3914421248625534,157,hinge_plateau_smooth,recompute_from_transitions
-10.831578472555991,0.7064826501681175,20197,0.35324132508405875,157,hinge_plateau_smooth,recompute_from_transitions
-10.724461604539378,0.7655503686952074,20191,0.3827751843476037,157,hinge_plateau_smooth,recompute_from_transitions
-10.598660396846062,0.7918257236443996,20162,0.3959128618221998,157,hinge_plateau_smooth,recompute_from_transitions
-10.461441974000325,0.7396061702299576,20058,0.3698030851149788,157,hinge_plateau_smooth,recompute_from_transitions
-10.307148415434789,0.7127576870797753,20303,0.35637884353988764,157,hinge_plateau_smooth,recompute_from_transitions
-10.117050997186537,0.6669206684748863,20232,0.33346033423744315,157,hinge_plateau_smooth,recompute_from_transitions
-9.874099269459114,0.6140170262241871,20189,0.30700851311209354,157,hinge_plateau_smooth,recompute_from_transitions
-9.512157847708917,0.592178317816262,20187,0.296089158908131,157,hinge_plateau_smooth,recompute_from_transitions
-8.712075709892497,0.3897751650765394,20192,0.1948875825382697,157,hinge_plateau_smooth,recompute_from_transitions
-13.215568615552153,0.4125328004898299,19942,0.20626640024491494,158,hinge_plateau_smooth,recompute_from_transitions
-12.883829499865389,0.3103456516746732,20175,0.1551728258373366,158,hinge_plateau_smooth,recompute_from_transitions
-12.713161295167165,0.42709921138616636,20380,0.21354960569308318,158,hinge_plateau_smooth,recompute_from_transitions
-12.56429868561048,0.45171784248988583,19868,0.22585892124494292,158,hinge_plateau_smooth,recompute_from_transitions
-12.430203708843376,0.3916386369918366,20684,0.1958193184959183,158,hinge_plateau_smooth,recompute_from_transitions
-12.357640847696889,0.4706976434690976,19348,0.2353488217345488,158,hinge_plateau_smooth,recompute_from_transitions
-12.27194452041643,0.40822707652957235,20722,0.20411353826478618,158,hinge_plateau_smooth,recompute_from_transitions
-12.172721188636483,0.5417480881291098,20374,0.2708740440645549,158,hinge_plateau_smooth,recompute_from_transitions
-12.090428487980128,0.45030085799170255,20346,0.22515042899585128,158,hinge_plateau_smooth,recompute_from_transitions
-12.020269380207331,0.5534282008075113,19755,0.27671410040375566,158,hinge_plateau_smooth,recompute_from_transitions
-11.9389012237277,0.4948016785950273,20553,0.24740083929751366,158,hinge_plateau_smooth,recompute_from_transitions
-11.875100399764182,0.47982061554038774,20188,0.23991030777019387,158,hinge_plateau_smooth,recompute_from_transitions
-11.775718390041606,0.5839018658040565,20325,0.2919509329020282,158,hinge_plateau_smooth,recompute_from_transitions
-11.692195560076485,0.5735791280377613,20317,0.28678956401888067,158,hinge_plateau_smooth,recompute_from_transitions
-11.630622471622218,0.5541968607952521,19407,0.27709843039762605,158,hinge_plateau_smooth,recompute_from_transitions
-11.556433676842664,0.5956617890676259,21023,0.29783089453381295,158,hinge_plateau_smooth,recompute_from_transitions
-11.47127918396068,0.7204013180040673,19941,0.36020065900203363,158,hinge_plateau_smooth,recompute_from_transitions
-11.390292185788535,0.5973779581446019,20234,0.29868897907230096,158,hinge_plateau_smooth,recompute_from_transitions
-11.304976601671608,0.6663735561545406,19573,0.3331867780772703,158,hinge_plateau_smooth,recompute_from_transitions
-11.233264470745242,0.782439047802475,21093,0.3912195239012375,158,hinge_plateau_smooth,recompute_from_transitions
-11.128522617165252,0.782380878149809,20161,0.3911904390749045,158,hinge_plateau_smooth,recompute_from_transitions
-11.028636069510126,0.6651528436349973,20277,0.33257642181749864,158,hinge_plateau_smooth,recompute_from_transitions
-10.934590987010164,0.7887088704795435,20065,0.39435443523977176,158,hinge_plateau_smooth,recompute_from_transitions
-10.82842656152493,0.726929005331586,20335,0.363464502665793,158,hinge_plateau_smooth,recompute_from_transitions
-10.7261944927416,0.7663416212056047,20232,0.38317081060280234,158,hinge_plateau_smooth,recompute_from_transitions
-10.598074987164214,0.7805812696941997,20205,0.39029063484709986,158,hinge_plateau_smooth,recompute_from_transitions
-10.464110201140274,0.7667912203345397,20221,0.38339561016726986,158,hinge_plateau_smooth,recompute_from_transitions
-10.308547123309364,0.7147724067133318,20147,0.3573862033566659,158,hinge_plateau_smooth,recompute_from_transitions
-10.117953562631866,0.6654953826321167,20263,0.33274769131605836,158,hinge_plateau_smooth,recompute_from_transitions
-9.882500483236228,0.6372135306018587,20202,0.31860676530092935,158,hinge_plateau_smooth,recompute_from_transitions
-9.528209112710773,0.5578567614637441,20246,0.27892838073187204,158,hinge_plateau_smooth,recompute_from_transitions
-8.759066285897182,0.41417744132320616,20214,0.20708872066160308,158,hinge_plateau_smooth,recompute_from_transitions
-13.215568615552153,0.4114727056301046,20018,0.2057363528150523,159,hinge_plateau_smooth,recompute_from_transitions
-12.873930922403003,0.3092250488114827,20240,0.15461252440574136,159,hinge_plateau_smooth,recompute_from_transitions
-12.710510913170893,0.40255453815870756,19930,0.20127726907935378,159,hinge_plateau_smooth,recompute_from_transitions
-12.557739569963914,0.45107097966389437,19750,0.22553548983194718,159,hinge_plateau_smooth,recompute_from_transitions
-12.425734488232454,0.3730020674762511,21227,0.18650103373812554,159,hinge_plateau_smooth,recompute_from_transitions
-12.344366331759312,0.47048470907918627,19740,0.23524235453959313,159,hinge_plateau_smooth,recompute_from_transitions
-12.262567968992428,0.46480241749508433,20273,0.23240120874754217,159,hinge_plateau_smooth,recompute_from_transitions
-12.16824338788068,0.532887586202361,20632,0.2664437931011805,159,hinge_plateau_smooth,recompute_from_transitions
-12.08288377446331,0.46255235444649173,20214,0.23127617722324587,159,hinge_plateau_smooth,recompute_from_transitions
-12.018475195490073,0.5729291577080795,19889,0.28646457885403975,159,hinge_plateau_smooth,recompute_from_transitions
-11.9353378319113,0.5312901158630176,20551,0.2656450579315088,159,hinge_plateau_smooth,recompute_from_transitions
-11.866479412379473,0.5145917844151058,20228,0.2572958922075529,159,hinge_plateau_smooth,recompute_from_transitions
-11.77444834980632,0.5935610756226803,19882,0.2967805378113402,159,hinge_plateau_smooth,recompute_from_transitions
-11.69036911560779,0.5758777571686465,20318,0.28793887858432327,159,hinge_plateau_smooth,recompute_from_transitions
-11.630622471622218,0.5219187473164554,20578,0.2609593736582277,159,hinge_plateau_smooth,recompute_from_transitions
-11.549684818023662,0.5875180502191742,20256,0.2937590251095871,159,hinge_plateau_smooth,recompute_from_transitions
-11.466884144170942,0.7076761095004459,20206,0.35383805475022295,159,hinge_plateau_smooth,recompute_from_transitions
-11.387206227125988,0.5790033729765881,19188,0.28950168648829405,159,hinge_plateau_smooth,recompute_from_transitions
-11.302371086352885,0.6838867397560435,21353,0.34194336987802176,159,hinge_plateau_smooth,recompute_from_transitions
-11.22641224576252,0.7125598419868366,20260,0.3562799209934183,159,hinge_plateau_smooth,recompute_from_transitions
-11.12222885278743,0.728640340553306,20260,0.364320170276653,159,hinge_plateau_smooth,recompute_from_transitions
-11.024837667119964,0.7352787383297434,20038,0.3676393691648717,159,hinge_plateau_smooth,recompute_from_transitions
-10.926993858873082,0.7826088635364653,20133,0.39130443176823265,159,hinge_plateau_smooth,recompute_from_transitions
-10.820765796609471,0.7379021865290877,20528,0.36895109326454384,159,hinge_plateau_smooth,recompute_from_transitions
-10.720190909054406,0.7488864252782028,20210,0.3744432126391014,159,hinge_plateau_smooth,recompute_from_transitions
-10.591889334090745,0.7983037236462325,20273,0.39915186182311624,159,hinge_plateau_smooth,recompute_from_transitions
-10.448058936138755,0.7688356709967645,20241,0.38441783549838227,159,hinge_plateau_smooth,recompute_from_transitions
-10.288738946891398,0.6914892432785442,20242,0.3457446216392721,159,hinge_plateau_smooth,recompute_from_transitions
-10.09742636913884,0.6341767212349187,20236,0.3170883606174594,159,hinge_plateau_smooth,recompute_from_transitions
-9.848060583060212,0.6387220204487452,20229,0.3193610102243726,159,hinge_plateau_smooth,recompute_from_transitions
-9.480237383663525,0.5888746584324931,20248,0.29443732921624655,159,hinge_plateau_smooth,recompute_from_transitions
-8.696251810319113,0.3944381721159166,20239,0.1972190860579583,159,hinge_plateau_smooth,recompute_from_transitions
-13.215568615552153,0.40820722844583807,20122,0.20410361422291903,160,hinge_plateau_smooth,recompute_from_transitions
-12.883829499865389,0.28680304090652,19983,0.14340152045326,160,hinge_plateau_smooth,recompute_from_transitions
-12.713161295167165,0.41575621030943677,20303,0.20787810515471838,160,hinge_plateau_smooth,recompute_from_transitions
-12.557739569963914,0.4496899127359577,19909,0.22484495636797885,160,hinge_plateau_smooth,recompute_from_transitions
-12.430203708843376,0.4060720987922563,20174,0.20303604939612815,160,hinge_plateau_smooth,recompute_from_transitions
-12.357640847696889,0.48270376513126084,19976,0.24135188256563042,160,hinge_plateau_smooth,recompute_from_transitions
-12.273612440309472,0.42104488265919837,19459,0.21052244132959919,160,hinge_plateau_smooth,recompute_from_transitions
-12.176686744812724,0.5678965491806826,21097,0.2839482745903413,160,hinge_plateau_smooth,recompute_from_transitions
-12.09347629182408,0.4534095642308439,20129,0.22670478211542194,160,hinge_plateau_smooth,recompute_from_transitions
-12.02160689815435,0.5399307791889731,20231,0.26996538959448657,160,hinge_plateau_smooth,recompute_from_transitions
-11.952175739666302,0.5691951972183589,19615,0.28459759860917944,160,hinge_plateau_smooth,recompute_from_transitions
-11.878512914472651,0.4916311343521276,20655,0.2458155671760638,160,hinge_plateau_smooth,recompute_from_transitions
-11.779367904917422,0.5877328964469332,19763,0.2938664482234666,160,hinge_plateau_smooth,recompute_from_transitions
-11.696198028609832,0.5654467829941889,20521,0.28272339149709447,160,hinge_plateau_smooth,recompute_from_transitions
-11.63187735383314,0.6029318367006498,20108,0.3014659183503249,160,hinge_plateau_smooth,recompute_from_transitions
-11.562020808875555,0.569083070201562,20099,0.284541535100781,160,hinge_plateau_smooth,recompute_from_transitions
-11.475096207417025,0.699967648862199,20189,0.3499838244310995,160,hinge_plateau_smooth,recompute_from_transitions
-11.396858955150869,0.5504784446078468,20075,0.2752392223039234,160,hinge_plateau_smooth,recompute_from_transitions
-11.309518407188891,0.6995620551186043,20059,0.3497810275593021,160,hinge_plateau_smooth,recompute_from_transitions
-11.236649638993653,0.7264021366795819,20266,0.36320106833979093,160,hinge_plateau_smooth,recompute_from_transitions
-11.135824520249049,0.7900886604081773,20175,0.39504433020408863,160,hinge_plateau_smooth,recompute_from_transitions
-11.03116453601444,0.7197627698240939,20095,0.35988138491204696,160,hinge_plateau_smooth,recompute_from_transitions
-10.938235430554908,0.7874445898654142,20174,0.3937222949327071,160,hinge_plateau_smooth,recompute_from_transitions
-10.837565956811014,0.7348532093710856,20149,0.3674266046855428,160,hinge_plateau_smooth,recompute_from_transitions
-10.73667489758741,0.7556004305789954,20133,0.3778002152894977,160,hinge_plateau_smooth,recompute_from_transitions
-10.607951237360746,0.7697694541926918,19931,0.3848847270963459,160,hinge_plateau_smooth,recompute_from_transitions
-10.470320787229076,0.7587036665449046,20329,0.3793518332724523,160,hinge_plateau_smooth,recompute_from_transitions
-10.318718699350494,0.6792871917511606,20162,0.3396435958755803,160,hinge_plateau_smooth,recompute_from_transitions
-10.123721859357955,0.6667728142209313,20134,0.33338640711046563,160,hinge_plateau_smooth,recompute_from_transitions
-9.882500483236228,0.6167127819299852,20095,0.3083563909649926,160,hinge_plateau_smooth,recompute_from_transitions
-9.528509784069987,0.5828675848833119,20187,0.29143379244165596,160,hinge_plateau_smooth,recompute_from_transitions
-8.775296451112123,0.40957356074395135,20140,0.20478678037197567,160,hinge_plateau_smooth,recompute_from_transitions
-13.215568615552153,0.3807525947712289,19762,0.19037629738561446,161,hinge_plateau_smooth,recompute_from_transitions
-12.873930922403003,0.30739369299359154,20301,0.15369684649679577,161,hinge_plateau_smooth,recompute_from_transitions
-12.710510913170893,0.41301053059723547,20281,0.20650526529861774,161,hinge_plateau_smooth,recompute_from_transitions
-12.557739569963914,0.44203712942318035,19869,0.22101856471159018,161,hinge_plateau_smooth,recompute_from_transitions
-12.425734488232454,0.3808935603170999,20704,0.19044678015854996,161,hinge_plateau_smooth,recompute_from_transitions
-12.345839520565075,0.4804380511986453,20255,0.24021902559932265,161,hinge_plateau_smooth,recompute_from_transitions
-12.26153494564515,0.4329696813696259,20032,0.21648484068481294,161,hinge_plateau_smooth,recompute_from_transitions
-12.16882174978853,0.515417663753418,20050,0.257708831876709,161,hinge_plateau_smooth,recompute_from_transitions
-12.090022719704764,0.47013196940771385,20447,0.23506598470385692,161,hinge_plateau_smooth,recompute_from_transitions
-12.020014114773264,0.5876125222038443,19589,0.29380626110192215,161,hinge_plateau_smooth,recompute_from_transitions
-11.940863659675935,0.4976676578824394,20582,0.2488338289412197,161,hinge_plateau_smooth,recompute_from_transitions
-11.875100399764182,0.49537291264602856,20369,0.24768645632301428,161,hinge_plateau_smooth,recompute_from_transitions
-11.775718390041606,0.5627308890726492,20170,0.2813654445363246,161,hinge_plateau_smooth,recompute_from_transitions
-11.691712959705146,0.6133348339052251,20342,0.30666741695261257,161,hinge_plateau_smooth,recompute_from_transitions
-11.630622471622218,0.5741413443429628,19757,0.2870706721714814,161,hinge_plateau_smooth,recompute_from_transitions
-11.556433676842664,0.5412741506811704,20602,0.2706370753405852,161,hinge_plateau_smooth,recompute_from_transitions
-11.47127918396068,0.6859675818391832,19965,0.3429837909195916,161,hinge_plateau_smooth,recompute_from_transitions
-11.389736593991774,0.6012298218486029,20343,0.3006149109243014,161,hinge_plateau_smooth,recompute_from_transitions
-11.303314927857514,0.7022430746197947,20371,0.35112153730989737,161,hinge_plateau_smooth,recompute_from_transitions
-11.231994948550865,0.7234923058711116,20162,0.3617461529355558,161,hinge_plateau_smooth,recompute_from_transitions
-11.129708844793754,0.7594294759122224,20153,0.3797147379561112,161,hinge_plateau_smooth,recompute_from_transitions
-11.030873545631414,0.7421845736838824,20269,0.3710922868419412,161,hinge_plateau_smooth,recompute_from_transitions
-10.935808156761802,0.7748039239621702,20150,0.3874019619810851,161,hinge_plateau_smooth,recompute_from_transitions
-10.836139422319883,0.7438552732815187,20119,0.37192763664075934,161,hinge_plateau_smooth,recompute_from_transitions
-10.73136502769216,0.7844411806806736,20360,0.3922205903403368,161,hinge_plateau_smooth,recompute_from_transitions
-10.60393388779888,0.7810804999269444,20116,0.3905402499634722,161,hinge_plateau_smooth,recompute_from_transitions
-10.464110201140276,0.7437470149588423,20226,0.37187350747942116,161,hinge_plateau_smooth,recompute_from_transitions
-10.308126439137196,0.7129103103466393,20224,0.35645515517331966,161,hinge_plateau_smooth,recompute_from_transitions
-10.116884987017864,0.6581772270077113,20245,0.32908861350385565,161,hinge_plateau_smooth,recompute_from_transitions
-9.8669490882237,0.6388756469813074,20197,0.3194378234906537,161,hinge_plateau_smooth,recompute_from_transitions
-9.504780722350349,0.5715237602577227,20202,0.28576188012886133,161,hinge_plateau_smooth,recompute_from_transitions
-8.739539232579348,0.40768289948098513,20203,0.20384144974049256,161,hinge_plateau_smooth,recompute_from_transitions
-13.215568615552153,0.39338711153890493,20101,0.19669355576945247,162,hinge_plateau_smooth,recompute_from_transitions
-12.860649229000792,0.298911679465347,20137,0.1494558397326735,162,hinge_plateau_smooth,recompute_from_transitions
-12.710510913170893,0.41970938573168454,19659,0.20985469286584227,162,hinge_plateau_smooth,recompute_from_transitions
-12.557739569963914,0.4319402762393861,20849,0.21597013811969304,162,hinge_plateau_smooth,recompute_from_transitions
-12.42394030351534,0.3891458652081886,20110,0.1945729326040943,162,hinge_plateau_smooth,recompute_from_transitions
-12.344366331759312,0.4863919422401533,19777,0.24319597112007665,162,hinge_plateau_smooth,recompute_from_transitions
-12.268666397113726,0.42346019341119945,20484,0.21173009670559972,162,hinge_plateau_smooth,recompute_from_transitions
-12.16882174978853,0.5198013423087986,20479,0.2599006711543993,162,hinge_plateau_smooth,recompute_from_transitions
-12.090022719704764,0.4776965196264799,20029,0.23884825981323995,162,hinge_plateau_smooth,recompute_from_transitions
-12.020014114773264,0.5333665223298525,20259,0.26668326116492624,162,hinge_plateau_smooth,recompute_from_transitions
-11.946587451778106,0.5303087443575548,19728,0.2651543721787774,162,hinge_plateau_smooth,recompute_from_transitions
-11.87776586195074,0.4984682894524578,20696,0.2492341447262289,162,hinge_plateau_smooth,recompute_from_transitions
-11.779720922693246,0.5791964036566235,20274,0.28959820182831175,162,hinge_plateau_smooth,recompute_from_transitions
-11.698090872057822,0.5865573176170602,20135,0.2932786588085301,162,hinge_plateau_smooth,recompute_from_transitions
-11.632985963597555,0.5504064299947568,19917,0.2752032149973784,162,hinge_plateau_smooth,recompute_from_transitions
-11.5624399623485,0.5520785890938031,20480,0.27603929454690157,162,hinge_plateau_smooth,recompute_from_transitions
-11.475096207417025,0.6883187482267719,20092,0.34415937411338593,162,hinge_plateau_smooth,recompute_from_transitions
-11.394066469833223,0.564696264536925,20350,0.2823481322684625,162,hinge_plateau_smooth,recompute_from_transitions
-11.309518407188891,0.6699780075990268,19556,0.3349890037995134,162,hinge_plateau_smooth,recompute_from_transitions
-11.235036945330286,0.7516779206087848,20854,0.3758389603043924,162,hinge_plateau_smooth,recompute_from_transitions
-11.131258941668454,0.7327032729923652,20202,0.3663516364961826,162,hinge_plateau_smooth,recompute_from_transitions
-11.030873545631414,0.7142735263884732,20203,0.3571367631942366,162,hinge_plateau_smooth,recompute_from_transitions
-10.937475291118515,0.8071296728716296,20156,0.4035648364358148,162,hinge_plateau_smooth,recompute_from_transitions
-10.833458185538005,0.7186228504520721,20114,0.35931142522603604,162,hinge_plateau_smooth,recompute_from_transitions
-10.728592578873236,0.8055312454632886,20342,0.4027656227316443,162,hinge_plateau_smooth,recompute_from_transitions
-10.599641427358415,0.7717692687131408,20119,0.3858846343565704,162,hinge_plateau_smooth,recompute_from_transitions
-10.463674569621697,0.7190851505174345,20276,0.35954257525871725,162,hinge_plateau_smooth,recompute_from_transitions
-10.31181539078852,0.7568385087785745,20201,0.37841925438928725,162,hinge_plateau_smooth,recompute_from_transitions
-10.117953562631866,0.6487831455245044,20202,0.3243915727622522,162,hinge_plateau_smooth,recompute_from_transitions
-9.88123440540288,0.6418664951122819,20202,0.32093324755614094,162,hinge_plateau_smooth,recompute_from_transitions
-9.52294020325744,0.5766809570030532,20201,0.2883404785015266,162,hinge_plateau_smooth,recompute_from_transitions
-8.743100513078295,0.42094400461354553,20201,0.21047200230677277,162,hinge_plateau_smooth,recompute_from_transitions
-13.215568615552153,0.3613723884484686,19747,0.1806861942242343,163,hinge_plateau_smooth,recompute_from_transitions
-12.873930922403003,0.3045655091773637,20168,0.15228275458868185,163,hinge_plateau_smooth,recompute_from_transitions
-12.713161295167165,0.43209337363342054,19953,0.21604668681671027,163,hinge_plateau_smooth,recompute_from_transitions
-12.561294512689928,0.4383874574226788,20329,0.2191937287113394,163,hinge_plateau_smooth,recompute_from_transitions
-12.430203708843376,0.38247736064818544,20056,0.19123868032409272,163,hinge_plateau_smooth,recompute_from_transitions
-12.357640847696889,0.481678108665202,19268,0.240839054332601,163,hinge_plateau_smooth,recompute_from_transitions
-12.27194452041643,0.4229717883842408,20493,0.2114858941921204,163,hinge_plateau_smooth,recompute_from_transitions
-12.172721188636483,0.5079720004267808,20578,0.2539860002133904,163,hinge_plateau_smooth,recompute_from_transitions
-12.092063728739856,0.46137556250853357,20135,0.23068778125426678,163,hinge_plateau_smooth,recompute_from_transitions
-12.020585328224517,0.5571242191992491,20128,0.2785621095996246,163,hinge_plateau_smooth,recompute_from_transitions
-11.952175739666302,0.5489135483983552,20010,0.2744567741991776,163,hinge_plateau_smooth,recompute_from_transitions
-11.881855902469106,0.49986914926598314,20085,0.24993457463299157,163,hinge_plateau_smooth,recompute_from_transitions
-11.783203234333312,0.594298826863812,19836,0.297149413431906,163,hinge_plateau_smooth,recompute_from_transitions
-11.700546496256273,0.6097466760405947,20414,0.30487333802029737,163,hinge_plateau_smooth,recompute_from_transitions
-11.632985963597555,0.5481523852813239,20083,0.27407619264066196,163,hinge_plateau_smooth,recompute_from_transitions
-11.564931219048146,0.5785977790005454,20020,0.2892988895002727,163,hinge_plateau_smooth,recompute_from_transitions
-11.477832531920148,0.6885381547594521,20115,0.34426907737972606,163,hinge_plateau_smooth,recompute_from_transitions
-11.396858955150869,0.5454316774609647,20010,0.27271583873048233,163,hinge_plateau_smooth,recompute_from_transitions
-11.315121331717332,0.7106560303452529,20181,0.35532801517262647,163,hinge_plateau_smooth,recompute_from_transitions
-11.239945506164975,0.7046275177654883,20124,0.35231375888274413,163,hinge_plateau_smooth,recompute_from_transitions
-11.141931865442109,0.6940731298309362,19416,0.3470365649154681,163,hinge_plateau_smooth,recompute_from_transitions
-11.04390934791117,0.7452624891729239,19970,0.37263124458646196,163,hinge_plateau_smooth,recompute_from_transitions
-10.954524827623962,0.7045783579886734,20182,0.3522891789943367,163,hinge_plateau_smooth,recompute_from_transitions
-10.851218909813545,0.7472234250278932,20705,0.3736117125139466,163,hinge_plateau_smooth,recompute_from_transitions
-10.7434824635781,0.7558154771513995,20172,0.37790773857569976,163,hinge_plateau_smooth,recompute_from_transitions
-10.609223905833444,0.7014781848937717,20095,0.35073909244688584,163,hinge_plateau_smooth,recompute_from_transitions
-10.474748153658853,0.7979404570956491,20074,0.39897022854782455,163,hinge_plateau_smooth,recompute_from_transitions
-10.320234851902422,0.7281124477542571,20091,0.36405622387712855,163,hinge_plateau_smooth,recompute_from_transitions
-10.123747196959428,0.6645909837309829,20093,0.33229549186549145,163,hinge_plateau_smooth,recompute_from_transitions
-9.882500483236228,0.5969814051230243,20092,0.29849070256151217,163,hinge_plateau_smooth,recompute_from_transitions
-9.52679614890317,0.6311982669853735,20086,0.31559913349268676,163,hinge_plateau_smooth,recompute_from_transitions
-8.743868810791517,0.42059716041024026,20089,0.21029858020512013,163,hinge_plateau_smooth,recompute_from_transitions
-13.215568615552153,0.37208849018078183,20045,0.18604424509039091,164,hinge_plateau_smooth,recompute_from_transitions
-12.873930922403003,0.29819980774137955,19846,0.14909990387068978,164,hinge_plateau_smooth,recompute_from_transitions
-12.710510913170893,0.41945330369877204,20409,0.20972665184938602,164,hinge_plateau_smooth,recompute_from_transitions
-12.557739569963914,0.4449793568798874,19675,0.2224896784399437,164,hinge_plateau_smooth,recompute_from_transitions
-12.425734488232454,0.3811450654605746,20636,0.1905725327302873,164,hinge_plateau_smooth,recompute_from_transitions
-12.345839520565075,0.48326378584329377,19955,0.24163189292164688,164,hinge_plateau_smooth,recompute_from_transitions
-12.268666397113726,0.4347200260536587,20286,0.21736001302682936,164,hinge_plateau_smooth,recompute_from_transitions
-12.170550125429626,0.5080736655513979,19827,0.25403683277569894,164,hinge_plateau_smooth,recompute_from_transitions
-12.090428487980128,0.486594327997282,20302,0.243297163998641,164,hinge_plateau_smooth,recompute_from_transitions
-12.020014114773264,0.5431978887609723,20232,0.27159894438048615,164,hinge_plateau_smooth,recompute_from_transitions
-11.949066537304118,0.5453877669827386,19546,0.2726938834913693,164,hinge_plateau_smooth,recompute_from_transitions
-11.87776586195074,0.48773767544736457,20634,0.24386883772368229,164,hinge_plateau_smooth,recompute_from_transitions
-11.779720922693246,0.5866117408473902,20145,0.2933058704236951,164,hinge_plateau_smooth,recompute_from_transitions
-11.698243294090917,0.5877127351379544,20190,0.2938563675689772,164,hinge_plateau_smooth,recompute_from_transitions
-11.63302268210979,0.5527925203949045,19936,0.2763962601974522,164,hinge_plateau_smooth,recompute_from_transitions
-11.564931219048146,0.5940331004565002,20284,0.2970165502282501,164,hinge_plateau_smooth,recompute_from_transitions
-11.477832531920148,0.6865892721280124,20130,0.3432946360640062,164,hinge_plateau_smooth,recompute_from_transitions
-11.396858955150869,0.5765062955988932,20120,0.2882531477994466,164,hinge_plateau_smooth,recompute_from_transitions
-11.313724978901204,0.6781255864394663,20049,0.33906279321973315,164,hinge_plateau_smooth,recompute_from_transitions
-11.240543307661747,0.729770355421075,20125,0.3648851777105375,164,hinge_plateau_smooth,recompute_from_transitions
-11.138900982248124,0.7783200889034598,20219,0.3891600444517299,164,hinge_plateau_smooth,recompute_from_transitions
-11.036190739580691,0.6757570717808312,20042,0.3378785358904156,164,hinge_plateau_smooth,recompute_from_transitions
-10.939875501606224,0.8155129540982562,20199,0.4077564770491281,164,hinge_plateau_smooth,recompute_from_transitions
-10.837995069557074,0.7395672151688153,20051,0.36978360758440765,164,hinge_plateau_smooth,recompute_from_transitions
-10.73360845149578,0.7946523668862503,20159,0.39732618344312515,164,hinge_plateau_smooth,recompute_from_transitions
-10.60628764496576,0.7513616736025976,20169,0.3756808368012988,164,hinge_plateau_smooth,recompute_from_transitions
-10.467572993485724,0.7145861597657259,20122,0.35729307988286296,164,hinge_plateau_smooth,recompute_from_transitions
-10.315242319025154,0.7074112473731982,20116,0.3537056236865991,164,hinge_plateau_smooth,recompute_from_transitions
-10.120999403216048,0.6713621570928555,20133,0.33568107854642776,164,hinge_plateau_smooth,recompute_from_transitions
-9.885005510486494,0.6558250418004202,20125,0.3279125209002101,164,hinge_plateau_smooth,recompute_from_transitions
-9.527784119460756,0.5702064779544372,20111,0.2851032389772186,164,hinge_plateau_smooth,recompute_from_transitions
-8.779633206675998,0.4230746213269734,20137,0.2115373106634867,164,hinge_plateau_smooth,recompute_from_transitions
-13.215568615552153,0.41445801003879534,19752,0.20722900501939767,165,hinge_plateau_smooth,recompute_from_transitions
-12.873930922403003,0.29167107483996235,20398,0.14583553741998118,165,hinge_plateau_smooth,recompute_from_transitions
-12.710510913170893,0.43179576087686317,20029,0.21589788043843158,165,hinge_plateau_smooth,recompute_from_transitions
-12.561294512689928,0.4432177916725428,19995,0.2216088958362714,165,hinge_plateau_smooth,recompute_from_transitions
-12.430203708843376,0.39444232233990906,20207,0.19722116116995453,165,hinge_plateau_smooth,recompute_from_transitions
-12.359483944707067,0.47684443748537203,19108,0.23842221874268602,165,hinge_plateau_smooth,recompute_from_transitions
-12.27194452041643,0.4040508803517166,20693,0.2020254401758583,165,hinge_plateau_smooth,recompute_from_transitions
-12.172721188636483,0.5231767523330836,20458,0.2615883761665418,165,hinge_plateau_smooth,recompute_from_transitions
-12.090428487980128,0.5022944198829882,20099,0.2511472099414941,165,hinge_plateau_smooth,recompute_from_transitions
-12.020269380207331,0.5574093029435242,19987,0.2787046514717621,165,hinge_plateau_smooth,recompute_from_transitions
-11.952175739666302,0.5735791281105799,19739,0.28678956405528994,165,hinge_plateau_smooth,recompute_from_transitions
-11.87776586195074,0.4835988977852375,20672,0.24179944889261876,165,hinge_plateau_smooth,recompute_from_transitions
-11.779720922693246,0.5906028427427585,19831,0.29530142137137927,165,hinge_plateau_smooth,recompute_from_transitions
-11.69676292781828,0.5619186180874641,20229,0.28095930904373206,165,hinge_plateau_smooth,recompute_from_transitions
-11.63187735383314,0.5660677913623212,20054,0.2830338956811606,165,hinge_plateau_smooth,recompute_from_transitions
-11.562020808875555,0.5678620159776174,20123,0.2839310079888087,165,hinge_plateau_smooth,recompute_from_transitions
-11.475096207417025,0.6744362713016763,20236,0.33721813565083814,165,hinge_plateau_smooth,recompute_from_transitions
-11.396858955150869,0.6206213050139212,20036,0.3103106525069606,165,hinge_plateau_smooth,recompute_from_transitions
-11.311356179053266,0.711217399040647,19911,0.3556086995203235,165,hinge_plateau_smooth,recompute_from_transitions
-11.236649638993653,0.7441345548556682,20024,0.3720672774278341,165,hinge_plateau_smooth,recompute_from_transitions
-11.133358127813938,0.8071641595395557,20483,0.40358207976977784,165,hinge_plateau_smooth,recompute_from_transitions
-11.030873545631414,0.7130847418237849,20141,0.35654237091189245,165,hinge_plateau_smooth,recompute_from_transitions
-10.937475291118515,0.8057063409494044,20104,0.4028531704747022,165,hinge_plateau_smooth,recompute_from_transitions
-10.832183565604849,0.7207853982329675,20061,0.36039269911648375,165,hinge_plateau_smooth,recompute_from_transitions
-10.729717683926218,0.7727231124841752,20133,0.3863615562420876,165,hinge_plateau_smooth,recompute_from_transitions
-10.60018289546404,0.8013714777515877,20108,0.40068573887579384,165,hinge_plateau_smooth,recompute_from_transitions
-10.464110201140276,0.7053320296342444,20084,0.3526660148171222,165,hinge_plateau_smooth,recompute_from_transitions
-10.308160680414106,0.7451272191919717,20111,0.37256360959598583,165,hinge_plateau_smooth,recompute_from_transitions
-10.117050997186537,0.669023051094738,20096,0.334511525547369,165,hinge_plateau_smooth,recompute_from_transitions
-9.868539100015749,0.6336033647158529,20093,0.31680168235792644,165,hinge_plateau_smooth,recompute_from_transitions
-9.509425870485227,0.5909394054105775,20117,0.2954697027052888,165,hinge_plateau_smooth,recompute_from_transitions
-8.726626244565992,0.4016131106191909,20102,0.20080655530959546,165,hinge_plateau_smooth,recompute_from_transitions
-13.215568615552153,0.3953242698699818,19696,0.1976621349349909,166,hinge_plateau_smooth,recompute_from_transitions
-12.873930922403003,0.318278502643811,20372,0.1591392513219055,166,hinge_plateau_smooth,recompute_from_transitions
-12.710510913170893,0.3964186988138415,19990,0.19820934940692075,166,hinge_plateau_smooth,recompute_from_transitions
-12.557739569963914,0.4450032695324469,19677,0.22250163476622345,166,hinge_plateau_smooth,recompute_from_transitions
-12.42693850381749,0.37911492537017494,20900,0.18955746268508747,166,hinge_plateau_smooth,recompute_from_transitions
-12.345839520565075,0.48074080948599934,20066,0.24037040474299967,166,hinge_plateau_smooth,recompute_from_transitions
-12.26153494564515,0.4278412239498197,20088,0.21392061197490986,166,hinge_plateau_smooth,recompute_from_transitions
-12.16882174978853,0.575145684004814,20061,0.287572842002407,166,hinge_plateau_smooth,recompute_from_transitions
-12.090022719704764,0.4733353106635309,20224,0.23666765533176545,166,hinge_plateau_smooth,recompute_from_transitions
-12.020014114773264,0.6044565568311098,19886,0.3022282784155549,166,hinge_plateau_smooth,recompute_from_transitions
-11.940863659675935,0.504923842065757,20178,0.2524619210328785,166,hinge_plateau_smooth,recompute_from_transitions
-11.875100399764182,0.5158790139266985,20212,0.2579395069633493,166,hinge_plateau_smooth,recompute_from_transitions
-11.775718390041606,0.5530456659502073,20369,0.27652283297510366,166,hinge_plateau_smooth,recompute_from_transitions
-11.692217437084182,0.5602982748679664,20002,0.2801491374339832,166,hinge_plateau_smooth,recompute_from_transitions
-11.631477597786429,0.5762026009098099,20263,0.28810130045490495,166,hinge_plateau_smooth,recompute_from_transitions
-11.562020808875555,0.5612919562969638,20143,0.2806459781484819,166,hinge_plateau_smooth,recompute_from_transitions
-11.475096207417025,0.7014501413263928,20202,0.3507250706631964,166,hinge_plateau_smooth,recompute_from_transitions
-11.396858955150869,0.613986605492244,20106,0.306993302746122,166,hinge_plateau_smooth,recompute_from_transitions
-11.313724978901204,0.6736743275499061,20211,0.33683716377495304,166,hinge_plateau_smooth,recompute_from_transitions
-11.238794001964392,0.7241189501614396,19957,0.3620594750807198,166,hinge_plateau_smooth,recompute_from_transitions
-11.140207845159958,0.7441912378709241,20083,0.37209561893546206,166,hinge_plateau_smooth,recompute_from_transitions
-11.037645942581964,0.6980664742022535,20341,0.34903323710112677,166,hinge_plateau_smooth,recompute_from_transitions
-10.939875501606224,0.754754735229297,20184,0.3773773676146485,166,hinge_plateau_smooth,recompute_from_transitions
-10.840288935161665,0.7521756984248418,20140,0.3760878492124209,166,hinge_plateau_smooth,recompute_from_transitions
-10.735997619285762,0.7444389960595919,20141,0.3722194980297959,166,hinge_plateau_smooth,recompute_from_transitions
-10.605396238724294,0.7249845206131171,20134,0.36249226030655857,166,hinge_plateau_smooth,recompute_from_transitions
-10.464110201140276,0.744317535272173,20146,0.3721587676360865,166,hinge_plateau_smooth,recompute_from_transitions
-10.308596605822926,0.71771559161845,20127,0.358857795809225,166,hinge_plateau_smooth,recompute_from_transitions
-10.117953562631866,0.663983468415881,20153,0.3319917342079405,166,hinge_plateau_smooth,recompute_from_transitions
-9.868334385082052,0.631828555233585,20137,0.3159142776167925,166,hinge_plateau_smooth,recompute_from_transitions
-9.506024961188528,0.6006225821807017,20143,0.3003112910903509,166,hinge_plateau_smooth,recompute_from_transitions
-8.752599596040502,0.3833543391380207,20140,0.19167716956901035,166,hinge_plateau_smooth,recompute_from_transitions
-13.289294607776606,0.38324362020913816,18898,0.19162181010456908,167,hinge_plateau_smooth,recompute_from_transitions
-12.89260136157762,0.30451899096608936,21331,0.15225949548304468,167,hinge_plateau_smooth,recompute_from_transitions
-12.710510913170893,0.4109492048346676,19691,0.2054746024173338,167,hinge_plateau_smooth,recompute_from_transitions
-12.561294512689928,0.4207126794309696,19828,0.2103563397154848,167,hinge_plateau_smooth,recompute_from_transitions
-12.42693850381749,0.3931410883480269,20862,0.19657054417401346,167,hinge_plateau_smooth,recompute_from_transitions
-12.357640847696889,0.47480067197599,18871,0.237400335987995,167,hinge_plateau_smooth,recompute_from_transitions
-12.270626791332338,0.42974014321091575,21376,0.21487007160545787,167,hinge_plateau_smooth,recompute_from_transitions
-12.16882174978853,0.501794501027371,20078,0.2508972505136855,167,hinge_plateau_smooth,recompute_from_transitions
-12.090022719704764,0.47860388355271793,20167,0.23930194177635897,167,hinge_plateau_smooth,recompute_from_transitions
-12.020014114773264,0.5865616586361554,19371,0.2932808293180777,167,hinge_plateau_smooth,recompute_from_transitions
-11.9389012237277,0.5066319348195296,20131,0.2533159674097648,167,hinge_plateau_smooth,recompute_from_transitions
-11.874364012717782,0.4826374344254353,20493,0.24131871721271764,167,hinge_plateau_smooth,recompute_from_transitions
-11.775718390041606,0.5802504131165082,20479,0.2901252065582541,167,hinge_plateau_smooth,recompute_from_transitions
-11.692217437084182,0.5627438942156234,19605,0.2813719471078117,167,hinge_plateau_smooth,recompute_from_transitions
-11.63187735383314,0.5896262041594472,20129,0.2948131020797236,167,hinge_plateau_smooth,recompute_from_transitions
-11.560054385988806,0.5848794465827364,20590,0.2924397232913682,167,hinge_plateau_smooth,recompute_from_transitions
-11.47505948890479,0.6938196150008729,20174,0.34690980750043643,167,hinge_plateau_smooth,recompute_from_transitions
-11.391313608637802,0.5726543559350965,20167,0.28632717796754825,167,hinge_plateau_smooth,recompute_from_transitions
-11.309510841541789,0.6896294299228296,19566,0.3448147149614148,167,hinge_plateau_smooth,recompute_from_transitions
-11.2376486736877,0.7211283124617033,20395,0.36056415623085164,167,hinge_plateau_smooth,recompute_from_transitions
-11.135824520249049,0.7430319181687837,20417,0.37151595908439183,167,hinge_plateau_smooth,recompute_from_transitions
-11.030873545631414,0.697564265442501,20111,0.3487821327212505,167,hinge_plateau_smooth,recompute_from_transitions
-10.936877604399715,0.8120208361752872,20035,0.4060104180876436,167,hinge_plateau_smooth,recompute_from_transitions
-10.835833080480954,0.7124386245314412,19940,0.3562193122657206,167,hinge_plateau_smooth,recompute_from_transitions
-10.732149574034496,0.7309898346726739,20420,0.36549491733633693,167,hinge_plateau_smooth,recompute_from_transitions
-10.605396238724294,0.7352155569005212,20124,0.3676077784502606,167,hinge_plateau_smooth,recompute_from_transitions
-10.4665924843832,0.7464880217065144,20122,0.3732440108532572,167,hinge_plateau_smooth,recompute_from_transitions
-10.310018754100165,0.7307463119535629,20123,0.36537315597678144,167,hinge_plateau_smooth,recompute_from_transitions
-10.122532716899276,0.6711513999020747,20042,0.33557569995103737,167,hinge_plateau_smooth,recompute_from_transitions
-9.87929779229545,0.6636109445660262,20212,0.3318054722830131,167,hinge_plateau_smooth,recompute_from_transitions
-9.518547756607726,0.5991721959548563,20123,0.29958609797742813,167,hinge_plateau_smooth,recompute_from_transitions
-8.767185469396042,0.41862423538897847,20132,0.20931211769448924,167,hinge_plateau_smooth,recompute_from_transitions
-13.215568615552153,0.3835379389825493,19757,0.19176896949127464,168,hinge_plateau_smooth,recompute_from_transitions
-12.873930922403003,0.3035770357109154,20105,0.1517885178554577,168,hinge_plateau_smooth,recompute_from_transitions
-12.710510913170893,0.3971466145302655,20262,0.19857330726513275,168,hinge_plateau_smooth,recompute_from_transitions
-12.557739569963914,0.4702390273006548,19984,0.2351195136503274,168,hinge_plateau_smooth,recompute_from_transitions
-12.425734488232454,0.3754823535733577,20543,0.18774117678667884,168,hinge_plateau_smooth,recompute_from_transitions
-12.344366331759312,0.461515455443891,19851,0.2307577277219455,168,hinge_plateau_smooth,recompute_from_transitions
-12.262567968992428,0.44132069430026516,20315,0.22066034715013258,168,hinge_plateau_smooth,recompute_from_transitions
-12.16882174978853,0.5462492911795781,20126,0.27312464558978905,168,hinge_plateau_smooth,recompute_from_transitions
-12.090022719704764,0.42160492649781356,20288,0.21080246324890678,168,hinge_plateau_smooth,recompute_from_transitions
-12.020014114773264,0.5547193084420988,19506,0.2773596542210494,168,hinge_plateau_smooth,recompute_from_transitions
-11.940863659675935,0.5145753858874054,20295,0.2572876929437027,168,hinge_plateau_smooth,recompute_from_transitions
-11.876428344003694,0.5145430650011628,20210,0.2572715325005814,168,hinge_plateau_smooth,recompute_from_transitions
-11.775718390041606,0.5509324235040671,20520,0.27546621175203356,168,hinge_plateau_smooth,recompute_from_transitions
-11.692217437084182,0.5608480987018362,19661,0.2804240493509181,168,hinge_plateau_smooth,recompute_from_transitions
-11.631477597786429,0.5527321010491295,20225,0.27636605052456475,168,hinge_plateau_smooth,recompute_from_transitions
-11.556433676842664,0.5952754365786083,20610,0.29763771828930413,168,hinge_plateau_smooth,recompute_from_transitions
-11.47127918396068,0.6546479474791161,19865,0.32732397373955807,168,hinge_plateau_smooth,recompute_from_transitions
-11.390292185788535,0.5778148190558556,20409,0.2889074095279278,168,hinge_plateau_smooth,recompute_from_transitions
-11.304645561067858,0.7042362129735369,19815,0.35211810648676845,168,hinge_plateau_smooth,recompute_from_transitions
-11.236649638993653,0.7072269519610649,20132,0.35361347598053244,168,hinge_plateau_smooth,recompute_from_transitions
-11.135251467372084,0.7742672987737077,20397,0.38713364938685385,168,hinge_plateau_smooth,recompute_from_transitions
-11.030873545631414,0.7303984857847209,20248,0.36519924289236044,168,hinge_plateau_smooth,recompute_from_transitions
-10.934590987010164,0.8040864549914196,20147,0.4020432274957098,168,hinge_plateau_smooth,recompute_from_transitions
-10.82842656152493,0.7124654468884176,20146,0.3562327234442088,168,hinge_plateau_smooth,recompute_from_transitions
-10.724461604539378,0.7578652156476162,20158,0.3789326078238081,168,hinge_plateau_smooth,recompute_from_transitions
-10.5961827162985,0.7417253658686422,20084,0.3708626829343211,168,hinge_plateau_smooth,recompute_from_transitions
-10.460280744584722,0.7732391788410148,20046,0.3866195894205074,168,hinge_plateau_smooth,recompute_from_transitions
-10.305072959986337,0.7337196916156876,20287,0.3668598458078438,168,hinge_plateau_smooth,recompute_from_transitions
-10.11458281379431,0.6556729678713659,20153,0.32783648393568293,168,hinge_plateau_smooth,recompute_from_transitions
-9.869899216808502,0.6498450518492794,20145,0.3249225259246397,168,hinge_plateau_smooth,recompute_from_transitions
-9.512599197610191,0.541448787299813,20143,0.2707243936499065,168,hinge_plateau_smooth,recompute_from_transitions
-8.755612391892686,0.4032814181485934,20145,0.2016407090742967,168,hinge_plateau_smooth,recompute_from_transitions
-13.215568615552153,0.3988827322536426,19739,0.1994413661268213,169,hinge_plateau_smooth,recompute_from_transitions
-12.89260136157762,0.27740397151413476,20112,0.13870198575706738,169,hinge_plateau_smooth,recompute_from_transitions
-12.710510913170893,0.4020775445391383,20063,0.20103877226956915,169,hinge_plateau_smooth,recompute_from_transitions
-12.557739569963914,0.4547841335655044,20623,0.2273920667827522,169,hinge_plateau_smooth,recompute_from_transitions
-12.42394030351534,0.3805006613878384,19985,0.1902503306939192,169,hinge_plateau_smooth,recompute_from_transitions
-12.344366331759312,0.4930611242764968,19583,0.2465305621382484,169,hinge_plateau_smooth,recompute_from_transitions
-12.262567968992428,0.44132268962731075,20472,0.22066134481365537,169,hinge_plateau_smooth,recompute_from_transitions
-12.16824338788068,0.5385779119826818,20370,0.2692889559913409,169,hinge_plateau_smooth,recompute_from_transitions
-12.088170150775197,0.48826504269810456,20399,0.24413252134905228,169,hinge_plateau_smooth,recompute_from_transitions
-12.020014114773264,0.53107117095494,20199,0.26553558547747,169,hinge_plateau_smooth,recompute_from_transitions
-11.9389012237277,0.48092707121537814,19514,0.24046353560768907,169,hinge_plateau_smooth,recompute_from_transitions
-11.875100399764182,0.520023624785475,20764,0.2600118123927375,169,hinge_plateau_smooth,recompute_from_transitions
-11.775718390041606,0.5636237134162098,20295,0.2818118567081049,169,hinge_plateau_smooth,recompute_from_transitions
-11.692217437084182,0.5789326813695295,19918,0.28946634068476473,169,hinge_plateau_smooth,recompute_from_transitions
-11.63187735383314,0.570866322467585,20303,0.2854331612337925,169,hinge_plateau_smooth,recompute_from_transitions
-11.559992507710836,0.5837785699740021,20254,0.29188928498700106,169,hinge_plateau_smooth,recompute_from_transitions
-11.47505948890479,0.6764022990526714,20142,0.3382011495263357,169,hinge_plateau_smooth,recompute_from_transitions
-11.392755392721634,0.5618993531481288,19936,0.2809496765740644,169,hinge_plateau_smooth,recompute_from_transitions
-11.309510841541789,0.6903719648252938,19918,0.3451859824126469,169,hinge_plateau_smooth,recompute_from_transitions
-11.236649638993653,0.7278632606203641,20291,0.36393163031018205,169,hinge_plateau_smooth,recompute_from_transitions
-11.135824520249049,0.768228421660529,20536,0.3841142108302645,169,hinge_plateau_smooth,recompute_from_transitions
-11.03116453601444,0.7206773323949337,20074,0.36033866619746685,169,hinge_plateau_smooth,recompute_from_transitions
-10.938549734849497,0.802430795338982,20257,0.401215397669491,169,hinge_plateau_smooth,recompute_from_transitions
-10.836707573256758,0.7735250394758862,20129,0.3867625197379431,169,hinge_plateau_smooth,recompute_from_transitions
-10.734742737074756,0.7614016893259375,20197,0.3807008446629688,169,hinge_plateau_smooth,recompute_from_transitions
-10.605396238724294,0.7645449562977393,20162,0.38227247814886967,169,hinge_plateau_smooth,recompute_from_transitions
-10.4665924843832,0.726340291182001,20147,0.3631701455910005,169,hinge_plateau_smooth,recompute_from_transitions
-10.31138967778002,0.7261976392480828,20184,0.3630988196240414,169,hinge_plateau_smooth,recompute_from_transitions
-10.118204506911908,0.6780542074561094,20161,0.3390271037280547,169,hinge_plateau_smooth,recompute_from_transitions
-9.882235027171532,0.6420259042017523,20165,0.32101295210087616,169,hinge_plateau_smooth,recompute_from_transitions
-9.517425832361258,0.564752458932081,20163,0.2823762294660405,169,hinge_plateau_smooth,recompute_from_transitions
-8.762859886485558,0.4016114325612734,20165,0.2008057162806367,169,hinge_plateau_smooth,recompute_from_transitions
-13.215568615552153,0.4100965980535305,20075,0.20504829902676525,170,hinge_plateau_smooth,recompute_from_transitions
-12.873930922403003,0.317025582448458,19550,0.158512791224229,170,hinge_plateau_smooth,recompute_from_transitions
-12.710510913170893,0.4172744933297492,20112,0.2086372466648746,170,hinge_plateau_smooth,recompute_from_transitions
-12.557739569963914,0.4400165755049911,20863,0.22000828775249556,170,hinge_plateau_smooth,recompute_from_transitions
-12.42394030351534,0.38275283897301776,20133,0.19137641948650888,170,hinge_plateau_smooth,recompute_from_transitions
-12.344366331759312,0.49360319782882606,20000,0.24680159891441303,170,hinge_plateau_smooth,recompute_from_transitions
-12.268764180668509,0.4500457304580607,20065,0.22502286522903034,170,hinge_plateau_smooth,recompute_from_transitions
-12.16882174978853,0.5204997135603431,20152,0.26024985678017154,170,hinge_plateau_smooth,recompute_from_transitions
-12.08288377446331,0.46986637782954327,20370,0.23493318891477163,170,hinge_plateau_smooth,recompute_from_transitions
-12.020014114773264,0.568353986266466,19323,0.284176993133233,170,hinge_plateau_smooth,recompute_from_transitions
-11.9389012237277,0.5337261501008073,20899,0.26686307505040363,170,hinge_plateau_smooth,recompute_from_transitions
-11.875100399764182,0.4877926523040848,20166,0.2438963261520424,170,hinge_plateau_smooth,recompute_from_transitions
-11.775718390041606,0.5651349206752627,20028,0.28256746033763136,170,hinge_plateau_smooth,recompute_from_transitions
-11.693941470650971,0.5744891176663631,19998,0.28724455883318156,170,hinge_plateau_smooth,recompute_from_transitions
-11.63187735383314,0.5763753695932206,20139,0.2881876847966103,170,hinge_plateau_smooth,recompute_from_transitions
-11.55898725857929,0.5506222955268546,20598,0.2753111477634273,170,hinge_plateau_smooth,recompute_from_transitions
-11.472300753890586,0.6837536520208956,20162,0.3418768260104478,170,hinge_plateau_smooth,recompute_from_transitions
-11.394203844054164,0.5920090156277937,20143,0.29600450781389687,170,hinge_plateau_smooth,recompute_from_transitions
-11.309666618665522,0.6984827906286127,20096,0.34924139531430637,170,hinge_plateau_smooth,recompute_from_transitions
-11.2376486736877,0.6998239210611782,19982,0.3499119605305891,170,hinge_plateau_smooth,recompute_from_transitions
-11.135824520249049,0.7544533166669868,20435,0.3772266583334934,170,hinge_plateau_smooth,recompute_from_transitions
-11.030873545631414,0.7204754479231337,20132,0.36023772396156684,170,hinge_plateau_smooth,recompute_from_transitions
-10.936168428206669,0.7959964321053768,20185,0.3979982160526884,170,hinge_plateau_smooth,recompute_from_transitions
-10.835472809036087,0.7635540149236696,19675,0.3817770074618348,170,hinge_plateau_smooth,recompute_from_transitions
-10.73136502769216,0.7344147467662216,20483,0.3672073733831108,170,hinge_plateau_smooth,recompute_from_transitions
-10.603680276425932,0.7870711594000652,20297,0.3935355797000326,170,hinge_plateau_smooth,recompute_from_transitions
-10.464110201140276,0.766329388294989,20158,0.3831646941474945,170,hinge_plateau_smooth,recompute_from_transitions
-10.308160680414106,0.7563471541423299,20158,0.37817357707116495,170,hinge_plateau_smooth,recompute_from_transitions
-10.117953562631866,0.6472831223044776,20101,0.3236415611522388,170,hinge_plateau_smooth,recompute_from_transitions
-9.890628752047668,0.6330527661600174,20225,0.3165263830800087,170,hinge_plateau_smooth,recompute_from_transitions
-9.538968361938029,0.5557169025156,20158,0.2778584512578,170,hinge_plateau_smooth,recompute_from_transitions
-8.79541884367161,0.4511026006178577,20157,0.22555130030892884,170,hinge_plateau_smooth,recompute_from_transitions
-13.215568615552153,0.38744963777900365,19731,0.19372481888950183,171,hinge_plateau_smooth,recompute_from_transitions
-12.873930922403003,0.303772079616876,20100,0.151886039808438,171,hinge_plateau_smooth,recompute_from_transitions
-12.710510913170893,0.3972138536716612,20019,0.1986069268358306,171,hinge_plateau_smooth,recompute_from_transitions
-12.557739569963914,0.43740135366839544,19924,0.21870067683419772,171,hinge_plateau_smooth,recompute_from_transitions
-12.430203708843376,0.3725441128545922,20824,0.1862720564272961,171,hinge_plateau_smooth,recompute_from_transitions
-12.345839520565075,0.4617458325954279,19876,0.23087291629771395,171,hinge_plateau_smooth,recompute_from_transitions
-12.259404166259278,0.42798222311367495,20325,0.21399111155683748,171,hinge_plateau_smooth,recompute_from_transitions
-12.16824338788068,0.533065511834389,19730,0.2665327559171945,171,hinge_plateau_smooth,recompute_from_transitions
-12.08288377446331,0.49767925208716746,20634,0.24883962604358373,171,hinge_plateau_smooth,recompute_from_transitions
-12.018475195490073,0.5529755713393186,19870,0.2764877856696593,171,hinge_plateau_smooth,recompute_from_transitions
-11.9353378319113,0.5211692056430257,20335,0.26058460282151286,171,hinge_plateau_smooth,recompute_from_transitions
-11.87360871623122,0.5017808264274504,20075,0.2508904132137252,171,hinge_plateau_smooth,recompute_from_transitions
-11.7753186339949,0.5703907909145152,20242,0.2851953954572576,171,hinge_plateau_smooth,recompute_from_transitions
-11.691230359333806,0.5856992269019308,19770,0.2928496134509654,171,hinge_plateau_smooth,recompute_from_transitions
-11.631477597786429,0.547454220517839,20161,0.2737271102589195,171,hinge_plateau_smooth,recompute_from_transitions
-11.562020808875555,0.5933303768085066,20058,0.2966651884042533,171,hinge_plateau_smooth,recompute_from_transitions
-11.47505948890479,0.6632494602946091,20158,0.33162473014730454,171,hinge_plateau_smooth,recompute_from_transitions
-11.392755392721634,0.5840915083171011,20431,0.29204575415855055,171,hinge_plateau_smooth,recompute_from_transitions
-11.308488412418376,0.6917559923862017,19597,0.34587799619310083,171,hinge_plateau_smooth,recompute_from_transitions
-11.233264470745242,0.7388720917135352,20650,0.3694360458567676,171,hinge_plateau_smooth,recompute_from_transitions
-11.131173369585747,0.766777745518127,20169,0.3833888727590635,171,hinge_plateau_smooth,recompute_from_transitions
-11.030873545631414,0.7078876998089474,20085,0.3539438499044737,171,hinge_plateau_smooth,recompute_from_transitions
-10.937924973482575,0.7683342824550613,20213,0.38416714122753065,171,hinge_plateau_smooth,recompute_from_transitions
-10.8372597513366,0.7165641755089505,20113,0.35828208775447523,171,hinge_plateau_smooth,recompute_from_transitions
-10.73360845149578,0.7983937688300204,20105,0.3991968844150102,171,hinge_plateau_smooth,recompute_from_transitions
-10.605396238724294,0.7227018324505601,20161,0.36135091622528004,171,hinge_plateau_smooth,recompute_from_transitions
-10.467572993485724,0.7200059860340173,20149,0.36000299301700867,171,hinge_plateau_smooth,recompute_from_transitions
-10.31138967778002,0.7170621458420643,20130,0.35853107292103215,171,hinge_plateau_smooth,recompute_from_transitions
-10.117236841789214,0.6737213922310001,20135,0.33686069611550007,171,hinge_plateau_smooth,recompute_from_transitions
-9.877296467287318,0.6237405714428347,20087,0.31187028572141734,171,hinge_plateau_smooth,recompute_from_transitions
-9.513575961644307,0.5630766961615403,20168,0.28153834808077016,171,hinge_plateau_smooth,recompute_from_transitions
-8.738069265486097,0.43034130864534753,20135,0.21517065432267377,171,hinge_plateau_smooth,recompute_from_transitions
-13.215568615552153,0.3854733770059458,20048,0.1927366885029729,172,hinge_plateau_smooth,recompute_from_transitions
-12.873930922403003,0.311514548939737,19981,0.1557572744698685,172,hinge_plateau_smooth,recompute_from_transitions
-12.710510913170893,0.4085088785936203,20171,0.20425443929681014,172,hinge_plateau_smooth,recompute_from_transitions
-12.557739569963914,0.4487196515977245,20071,0.22435982579886224,172,hinge_plateau_smooth,recompute_from_transitions
-12.430203708843376,0.3802559356938882,20627,0.1901279678469441,172,hinge_plateau_smooth,recompute_from_transitions
-12.357640847696889,0.5203091157915436,19363,0.2601545578957718,172,hinge_plateau_smooth,recompute_from_transitions
-12.270626791332338,0.4549235847225345,21245,0.22746179236126726,172,hinge_plateau_smooth,recompute_from_transitions
-12.170550125429626,0.5854554608539589,20076,0.29272773042697947,172,hinge_plateau_smooth,recompute_from_transitions
-12.091168047981338,0.4455591889426224,20311,0.2227795944713112,172,hinge_plateau_smooth,recompute_from_transitions
-12.020269380207331,0.5271832391512686,20089,0.2635916195756343,172,hinge_plateau_smooth,recompute_from_transitions
-11.9389012237277,0.5447260404634857,20328,0.27236302023174286,172,hinge_plateau_smooth,recompute_from_transitions
-11.875100399764182,0.529644676808776,20235,0.264822338404388,172,hinge_plateau_smooth,recompute_from_transitions
-11.779007633472585,0.5743499307159172,20104,0.2871749653579586,172,hinge_plateau_smooth,recompute_from_transitions
-11.692217437084182,0.5854582543447591,20371,0.29272912717237953,172,hinge_plateau_smooth,recompute_from_transitions
-11.630622471622218,0.5626465294764682,20206,0.2813232647382341,172,hinge_plateau_smooth,recompute_from_transitions
-11.552821773928944,0.5937892070871678,19939,0.2968946035435839,172,hinge_plateau_smooth,recompute_from_transitions
-11.47127918396068,0.6951134365448525,20476,0.34755671827242623,172,hinge_plateau_smooth,recompute_from_transitions
-11.389736593991774,0.5625057390661244,20054,0.2812528695330622,172,hinge_plateau_smooth,recompute_from_transitions
-11.304645561067858,0.7080262610407514,19387,0.3540131305203757,172,hinge_plateau_smooth,recompute_from_transitions
-11.233264470745242,0.7437198176620905,21252,0.37185990883104525,172,hinge_plateau_smooth,recompute_from_transitions
-11.129386777663289,0.7402625007399926,20166,0.3701312503699963,172,hinge_plateau_smooth,recompute_from_transitions
-11.030873545631414,0.7476629581241953,20285,0.3738314790620976,172,hinge_plateau_smooth,recompute_from_transitions
-10.934590987010164,0.8234734533964295,20176,0.41173672669821476,172,hinge_plateau_smooth,recompute_from_transitions
-10.832059477663451,0.7384504951565879,20266,0.36922524757829395,172,hinge_plateau_smooth,recompute_from_transitions
-10.728584928481396,0.7384877044011677,20194,0.36924385220058387,172,hinge_plateau_smooth,recompute_from_transitions
-10.603002788833386,0.7793804551965406,20223,0.3896902275982703,172,hinge_plateau_smooth,recompute_from_transitions
-10.466467141926897,0.7492943028654073,20227,0.37464715143270366,172,hinge_plateau_smooth,recompute_from_transitions
-10.308160680414106,0.6988983786670302,20164,0.3494491893335151,172,hinge_plateau_smooth,recompute_from_transitions
-10.117502297853909,0.6336397540020282,20297,0.3168198770010141,172,hinge_plateau_smooth,recompute_from_transitions
-9.879775527941558,0.6300529934120994,20217,0.3150264967060497,172,hinge_plateau_smooth,recompute_from_transitions
-9.520288636899602,0.577356007505053,20211,0.2886780037525265,172,hinge_plateau_smooth,recompute_from_transitions
-8.761399147624273,0.4129833982693284,20227,0.2064916991346642,172,hinge_plateau_smooth,recompute_from_transitions
-13.215568615552153,0.416028093036258,20019,0.208014046518129,173,hinge_plateau_smooth,recompute_from_transitions
-12.873930922403003,0.30495087217665123,19736,0.15247543608832562,173,hinge_plateau_smooth,recompute_from_transitions
-12.710510913170893,0.40906201812285325,20469,0.20453100906142663,173,hinge_plateau_smooth,recompute_from_transitions
-12.557739569963914,0.43260294590613946,19633,0.21630147295306973,173,hinge_plateau_smooth,recompute_from_transitions
-12.430203708843376,0.38440219481246474,20493,0.19220109740623237,173,hinge_plateau_smooth,recompute_from_transitions
-12.359483944707067,0.4859082238259376,19663,0.2429541119129688,173,hinge_plateau_smooth,recompute_from_transitions
-12.27194452041643,0.42289246042764705,20617,0.21144623021382353,173,hinge_plateau_smooth,recompute_from_transitions
-12.175059099136428,0.5091490401305124,20191,0.2545745200652562,173,hinge_plateau_smooth,recompute_from_transitions
-12.094295056472053,0.4381062688655571,19669,0.21905313443277855,173,hinge_plateau_smooth,recompute_from_transitions
-12.02160689815435,0.541442947358308,20388,0.270721473679154,173,hinge_plateau_smooth,recompute_from_transitions
-11.9535036839058,0.5422432495576843,20108,0.27112162477884216,173,hinge_plateau_smooth,recompute_from_transitions
-11.882232770753957,0.5430082964056824,20053,0.2715041482028412,173,hinge_plateau_smooth,recompute_from_transitions
-11.79149679570585,0.5521698149352989,20123,0.27608490746764947,173,hinge_plateau_smooth,recompute_from_transitions
-11.70504057453058,0.5335327418514135,18742,0.26676637092570676,173,hinge_plateau_smooth,recompute_from_transitions
-11.64556303626818,0.5272289255623159,21588,0.26361446278115797,173,hinge_plateau_smooth,recompute_from_transitions
-11.568112755424082,0.5810087785285835,19991,0.29050438926429173,173,hinge_plateau_smooth,recompute_from_transitions
-11.482398110500611,0.6480481994279742,20205,0.3240240997139871,173,hinge_plateau_smooth,recompute_from_transitions
-11.400679185578085,0.5850430662647566,20112,0.2925215331323783,173,hinge_plateau_smooth,recompute_from_transitions
-11.31599863352836,0.6620952185536493,20050,0.33104760927682464,173,hinge_plateau_smooth,recompute_from_transitions
-11.240543307661747,0.7631297891315713,20198,0.38156489456578563,173,hinge_plateau_smooth,recompute_from_transitions
-11.140207845159958,0.7675676917801796,19919,0.3837838458900898,173,hinge_plateau_smooth,recompute_from_transitions
-11.037528900142076,0.7237009169339679,20309,0.36185045846698394,173,hinge_plateau_smooth,recompute_from_transitions
-10.941999499713052,0.8065717669503336,20094,0.4032858834751668,173,hinge_plateau_smooth,recompute_from_transitions
-10.841289459577933,0.7696795345427578,20088,0.3848397672713789,173,hinge_plateau_smooth,recompute_from_transitions
-10.73667489758741,0.7774219325962471,20053,0.3887109662981236,173,hinge_plateau_smooth,recompute_from_transitions
-10.608465001933814,0.7434275808334831,20180,0.3717137904167416,173,hinge_plateau_smooth,recompute_from_transitions
-10.471792103529896,0.7440079977234673,20065,0.37200399886173363,173,hinge_plateau_smooth,recompute_from_transitions
-10.323192572710052,0.7100986488663351,19986,0.35504932443316756,173,hinge_plateau_smooth,recompute_from_transitions
-10.132570877994958,0.675445856371078,20259,0.337722928185539,173,hinge_plateau_smooth,recompute_from_transitions
-9.89785585190681,0.5927910765557644,20085,0.2963955382778822,173,hinge_plateau_smooth,recompute_from_transitions
-9.538071648767392,0.5843666663679856,20118,0.2921833331839928,173,hinge_plateau_smooth,recompute_from_transitions
-8.792536451925312,0.4189668473689615,20109,0.20948342368448075,173,hinge_plateau_smooth,recompute_from_transitions
-13.215568615552153,0.4146108581944591,19667,0.20730542909722954,174,hinge_plateau_smooth,recompute_from_transitions
-12.883829499865389,0.3151569185384873,19963,0.15757845926924366,174,hinge_plateau_smooth,recompute_from_transitions
-12.710510913170893,0.4243045982979046,20449,0.2121522991489523,174,hinge_plateau_smooth,recompute_from_transitions
-12.557739569963914,0.453263370532257,20632,0.2266316852661285,174,hinge_plateau_smooth,recompute_from_transitions
-12.42394030351534,0.36375837515414156,20063,0.18187918757707078,174,hinge_plateau_smooth,recompute_from_transitions
-12.344366331759312,0.5086227870027985,19829,0.25431139350139925,174,hinge_plateau_smooth,recompute_from_transitions
-12.259404166259278,0.44078113098109456,20695,0.22039056549054728,174,hinge_plateau_smooth,recompute_from_transitions
-12.170550125429626,0.5776573484771738,19949,0.2888286742385869,174,hinge_plateau_smooth,recompute_from_transitions
-12.091168047981338,0.46890968360342733,20415,0.23445484180171366,174,hinge_plateau_smooth,recompute_from_transitions
-12.020014114773264,0.5789524098689753,20136,0.28947620493448767,174,hinge_plateau_smooth,recompute_from_transitions
-11.940863659675935,0.533497488888111,19738,0.2667487444440555,174,hinge_plateau_smooth,recompute_from_transitions
-11.878512914472651,0.4960896848647799,20664,0.24804484243238994,174,hinge_plateau_smooth,recompute_from_transitions
-11.779007633472585,0.5986122914829238,20208,0.2993061457414619,174,hinge_plateau_smooth,recompute_from_transitions
-11.698243294090917,0.6226691590515137,19910,0.3113345795257568,174,hinge_plateau_smooth,recompute_from_transitions
-11.63187735383314,0.5286580141905677,20227,0.26432900709528384,174,hinge_plateau_smooth,recompute_from_transitions
-11.562020808875555,0.5873913059912209,20037,0.29369565299561046,174,hinge_plateau_smooth,recompute_from_transitions
-11.47505948890479,0.709225804144707,20519,0.3546129020723535,174,hinge_plateau_smooth,recompute_from_transitions
-11.39155751540672,0.5764946630131452,20189,0.2882473315065726,174,hinge_plateau_smooth,recompute_from_transitions
-11.309518407188891,0.7183692052351465,20153,0.35918460261757323,174,hinge_plateau_smooth,recompute_from_transitions
-11.238757283452156,0.7306832206449418,20127,0.3653416103224709,174,hinge_plateau_smooth,recompute_from_transitions
-11.13801962927137,0.7829817207652903,20318,0.39149086038264513,174,hinge_plateau_smooth,recompute_from_transitions
-11.037645942581964,0.7316969802697398,20138,0.3658484901348699,174,hinge_plateau_smooth,recompute_from_transitions
-10.9422187203434,0.7911968966425669,20224,0.39559844832128344,174,hinge_plateau_smooth,recompute_from_transitions
-10.841289459577933,0.7289827736677374,20184,0.3644913868338687,174,hinge_plateau_smooth,recompute_from_transitions
-10.735997619285762,0.7483969327610047,20153,0.37419846638050236,174,hinge_plateau_smooth,recompute_from_transitions
-10.606647789824237,0.7312851999490251,20233,0.36564259997451254,174,hinge_plateau_smooth,recompute_from_transitions
-10.467607978694785,0.7366763497137089,20175,0.36833817485685444,174,hinge_plateau_smooth,recompute_from_transitions
-10.31697373891645,0.7125582825395483,20186,0.35627914126977417,174,hinge_plateau_smooth,recompute_from_transitions
-10.122532716899276,0.6895340457942756,20062,0.3447670228971378,174,hinge_plateau_smooth,recompute_from_transitions
-9.88481943507784,0.618551033561739,20322,0.3092755167808695,174,hinge_plateau_smooth,recompute_from_transitions
-9.527507431847951,0.577193861918719,20179,0.2885969309593595,174,hinge_plateau_smooth,recompute_from_transitions
-8.738739661582851,0.3946032366000536,20192,0.1973016183000268,174,hinge_plateau_smooth,recompute_from_transitions
-13.215568615552153,0.38519702372846365,20096,0.19259851186423183,175,hinge_plateau_smooth,recompute_from_transitions
-12.873930922403003,0.3071303582837684,19574,0.1535651791418842,175,hinge_plateau_smooth,recompute_from_transitions
-12.710510913170893,0.41630624244639053,20614,0.20815312122319526,175,hinge_plateau_smooth,recompute_from_transitions
-12.557739569963914,0.4465600993502209,19332,0.22328004967511045,175,hinge_plateau_smooth,recompute_from_transitions
-12.42440654399308,0.4025651515853266,20964,0.2012825757926633,175,hinge_plateau_smooth,recompute_from_transitions
-12.344366331759312,0.4912520590572709,19585,0.24562602952863544,175,hinge_plateau_smooth,recompute_from_transitions
-12.26153494564515,0.4347599180430114,20077,0.2173799590215057,175,hinge_plateau_smooth,recompute_from_transitions
-12.16882174978853,0.5623496436016,20607,0.2811748218008,175,hinge_plateau_smooth,recompute_from_transitions
-12.090022719704764,0.47009747029718096,20086,0.23504873514859048,175,hinge_plateau_smooth,recompute_from_transitions
-12.020014114773264,0.5210324518551783,20028,0.26051622592758916,175,hinge_plateau_smooth,recompute_from_transitions
-11.9389012237277,0.5159167054230988,19395,0.2579583527115494,175,hinge_plateau_smooth,recompute_from_transitions
-11.874364012717782,0.5293330494682807,20854,0.2646665247341404,175,hinge_plateau_smooth,recompute_from_transitions
-11.775718390041606,0.5746568025034378,20286,0.2873284012517189,175,hinge_plateau_smooth,recompute_from_transitions
-11.692217437084182,0.5825610554676804,19830,0.2912805277338402,175,hinge_plateau_smooth,recompute_from_transitions
-11.631477597786429,0.5457039078867275,20252,0.27285195394336376,175,hinge_plateau_smooth,recompute_from_transitions
-11.562020808875555,0.5637495217339168,20120,0.2818747608669584,175,hinge_plateau_smooth,recompute_from_transitions
-11.477326917975253,0.6222698514445313,20272,0.31113492572226564,175,hinge_plateau_smooth,recompute_from_transitions
-11.39687553923386,0.5402549642111427,19824,0.27012748210557136,175,hinge_plateau_smooth,recompute_from_transitions
-11.31599863352836,0.699909385947415,20116,0.3499546929737075,175,hinge_plateau_smooth,recompute_from_transitions
-11.24114952175022,0.7975412671215891,20376,0.39877063356079456,175,hinge_plateau_smooth,recompute_from_transitions
-11.142889415792991,0.7402337995333962,19460,0.3701168997666981,175,hinge_plateau_smooth,recompute_from_transitions
-11.040777645246568,0.7422268214173773,20784,0.37111341070868864,175,hinge_plateau_smooth,recompute_from_transitions
-10.946215017621771,0.7859268169960864,20141,0.3929634084980432,175,hinge_plateau_smooth,recompute_from_transitions
-10.846500195160624,0.7496869911442174,20090,0.3748434955721087,175,hinge_plateau_smooth,recompute_from_transitions
-10.73995358743546,0.7181490960302852,20145,0.3590745480151426,175,hinge_plateau_smooth,recompute_from_transitions
-10.609223905833444,0.7135324185709294,20109,0.3567662092854647,175,hinge_plateau_smooth,recompute_from_transitions
-10.471870447873645,0.7189436768064471,20115,0.35947183840322355,175,hinge_plateau_smooth,recompute_from_transitions
-10.318996496446363,0.7093113105404527,20126,0.35465565527022636,175,hinge_plateau_smooth,recompute_from_transitions
-10.120999403216048,0.6320054250517834,20104,0.3160027125258917,175,hinge_plateau_smooth,recompute_from_transitions
-9.880272068255035,0.6643598492558656,20126,0.3321799246279328,175,hinge_plateau_smooth,recompute_from_transitions
-9.5155502087188,0.5926184022099529,20102,0.29630920110497644,175,hinge_plateau_smooth,recompute_from_transitions
-8.767185469396042,0.3986792000417328,20134,0.1993396000208664,175,hinge_plateau_smooth,recompute_from_transitions
-13.215568615552153,0.36225992078437547,19783,0.18112996039218773,176,hinge_plateau_smooth,recompute_from_transitions
-12.873930922403003,0.2956035574441168,20028,0.1478017787220584,176,hinge_plateau_smooth,recompute_from_transitions
-12.710510913170893,0.41827130234884724,20139,0.20913565117442362,176,hinge_plateau_smooth,recompute_from_transitions
-12.557739569963914,0.4513698582200756,20607,0.2256849291100378,176,hinge_plateau_smooth,recompute_from_transitions
-12.42394030351534,0.37807307612321756,20210,0.18903653806160878,176,hinge_plateau_smooth,recompute_from_transitions
-12.340802939943185,0.5037693235017027,20332,0.25188466175085134,176,hinge_plateau_smooth,recompute_from_transitions
-12.258078399502752,0.4453877991754897,20143,0.22269389958774485,176,hinge_plateau_smooth,recompute_from_transitions
-12.168206669368452,0.5186125036100688,20278,0.2593062518050344,176,hinge_plateau_smooth,recompute_from_transitions
-12.08288377446331,0.4803131605486684,20121,0.2401565802743342,176,hinge_plateau_smooth,recompute_from_transitions
-12.017282210422035,0.576076950892605,20205,0.2880384754463025,176,hinge_plateau_smooth,recompute_from_transitions
-11.931193172293767,0.5195391368286072,20255,0.2597695684143036,176,hinge_plateau_smooth,recompute_from_transitions
-11.866479412379473,0.4657326342828278,20194,0.2328663171414139,176,hinge_plateau_smooth,recompute_from_transitions
-11.77444834980632,0.5614821056835346,20166,0.2807410528417673,176,hinge_plateau_smooth,recompute_from_transitions
-11.689002565547602,0.593494943294405,20243,0.2967474716472025,176,hinge_plateau_smooth,recompute_from_transitions
-11.628786505180566,0.5272435877427697,20113,0.26362179387138485,176,hinge_plateau_smooth,recompute_from_transitions
-11.55292189160849,0.6069822882557411,20015,0.30349114412787054,176,hinge_plateau_smooth,recompute_from_transitions
-11.468972608940646,0.7200875023837731,20340,0.36004375119188653,176,hinge_plateau_smooth,recompute_from_transitions
-11.389256138960745,0.6146141376578286,20288,0.3073070688289143,176,hinge_plateau_smooth,recompute_from_transitions
-11.308488412418376,0.6674349047904181,19709,0.33371745239520906,176,hinge_plateau_smooth,recompute_from_transitions
-11.236649638993653,0.736986131638714,20460,0.368493065819357,176,hinge_plateau_smooth,recompute_from_transitions
-11.135824520249049,0.7553659969159122,20416,0.3776829984579561,176,hinge_plateau_smooth,recompute_from_transitions
-11.03367532050938,0.7308847115554576,20196,0.3654423557777288,176,hinge_plateau_smooth,recompute_from_transitions
-10.939122749662424,0.7962250352014622,20214,0.3981125176007311,176,hinge_plateau_smooth,recompute_from_transitions
-10.8367255433449,0.7034846225100069,20200,0.35174231125500344,176,hinge_plateau_smooth,recompute_from_transitions
-10.734742737074756,0.7806566960607286,20196,0.3903283480303643,176,hinge_plateau_smooth,recompute_from_transitions
-10.605396238724294,0.7544789418897617,20036,0.37723947094488086,176,hinge_plateau_smooth,recompute_from_transitions
-10.4665924843832,0.7151448068952245,20358,0.35757240344761226,176,hinge_plateau_smooth,recompute_from_transitions
-10.30899619356087,0.7326873840514367,20208,0.36634369202571837,176,hinge_plateau_smooth,recompute_from_transitions
-10.117953562631866,0.661953533029585,20194,0.3309767665147925,176,hinge_plateau_smooth,recompute_from_transitions
-9.882235027171532,0.6376053045678058,20181,0.3188026522839029,176,hinge_plateau_smooth,recompute_from_transitions
-9.525617249360764,0.5676396730703925,20208,0.28381983653519627,176,hinge_plateau_smooth,recompute_from_transitions
-8.782081905248296,0.4198409533194398,20197,0.2099204766597199,176,hinge_plateau_smooth,recompute_from_transitions
-13.289294607776606,0.387049957798907,19023,0.1935249788994535,177,hinge_plateau_smooth,recompute_from_transitions
-12.89260136157762,0.30817603492261353,20980,0.15408801746130676,177,hinge_plateau_smooth,recompute_from_transitions
-12.713161295167165,0.41903154482146276,19953,0.20951577241073138,177,hinge_plateau_smooth,recompute_from_transitions
-12.566755896647736,0.4326290437267542,19972,0.2163145218633771,177,hinge_plateau_smooth,recompute_from_transitions
-12.43659630991097,0.37671538260776344,20363,0.18835769130388172,177,hinge_plateau_smooth,recompute_from_transitions
-12.363882337052631,0.4965608691354887,19007,0.24828043456774435,177,hinge_plateau_smooth,recompute_from_transitions
-12.29061495959437,0.4087289292344567,20521,0.20436446461722835,177,hinge_plateau_smooth,recompute_from_transitions
-12.178379711278886,0.5730353042581489,20368,0.28651765212907443,177,hinge_plateau_smooth,recompute_from_transitions
-12.098548735692775,0.4542551825235419,18896,0.22712759126177096,177,hinge_plateau_smooth,recompute_from_transitions
-12.024493812681577,0.47798085161540815,21028,0.23899042580770408,177,hinge_plateau_smooth,recompute_from_transitions
-11.955149926079956,0.49275484727124896,19799,0.24637742363562448,177,hinge_plateau_smooth,recompute_from_transitions
-11.88729016568336,0.5002216057448422,20853,0.2501108028724211,177,hinge_plateau_smooth,recompute_from_transitions
-11.787923706203784,0.5650226362586228,20070,0.2825113181293114,177,hinge_plateau_smooth,recompute_from_transitions
-11.70504057453058,0.5585781183239042,18389,0.2792890591619521,177,hinge_plateau_smooth,recompute_from_transitions
-11.642284912965152,0.49878267621209615,21667,0.24939133810604808,177,hinge_plateau_smooth,recompute_from_transitions
-11.566256985804811,0.5948133566307766,20022,0.2974066783153883,177,hinge_plateau_smooth,recompute_from_transitions
-11.482398110500611,0.6590793723082686,20029,0.3295396861541343,177,hinge_plateau_smooth,recompute_from_transitions
-11.397984148998304,0.5965411557674285,20220,0.29827057788371425,177,hinge_plateau_smooth,recompute_from_transitions
-11.315128002624444,0.7009664154487754,20086,0.3504832077243877,177,hinge_plateau_smooth,recompute_from_transitions
-11.240543307661747,0.7887712908389253,19985,0.39438564541946264,177,hinge_plateau_smooth,recompute_from_transitions
-11.14096798459634,0.7529666264521166,20071,0.3764833132260583,177,hinge_plateau_smooth,recompute_from_transitions
-11.037645942581964,0.710843750275438,20086,0.355421875137719,177,hinge_plateau_smooth,recompute_from_transitions
-10.942756306561911,0.8035826601311266,20126,0.4017913300655633,177,hinge_plateau_smooth,recompute_from_transitions
-10.840288935161665,0.7447186573377296,20069,0.3723593286688648,177,hinge_plateau_smooth,recompute_from_transitions
-10.73640338756118,0.7480079728345007,20013,0.37400398641725036,177,hinge_plateau_smooth,recompute_from_transitions
-10.60628764496576,0.739618623056812,20096,0.369809311528406,177,hinge_plateau_smooth,recompute_from_transitions
-10.468223059114958,0.7704369675220424,20057,0.3852184837610212,177,hinge_plateau_smooth,recompute_from_transitions
-10.313771028809596,0.7114510948775218,20097,0.3557255474387609,177,hinge_plateau_smooth,recompute_from_transitions
-10.121355210745111,0.6412608636109,20009,0.32063043180545,177,hinge_plateau_smooth,recompute_from_transitions
-9.87633504003966,0.6614594851430662,20093,0.3307297425715331,177,hinge_plateau_smooth,recompute_from_transitions
-9.516276315186856,0.6179187064036682,20095,0.3089593532018341,177,hinge_plateau_smooth,recompute_from_transitions
-8.760203959368885,0.4348738574485465,20070,0.21743692872427325,177,hinge_plateau_smooth,recompute_from_transitions
-13.215568615552153,0.3869192925551782,20132,0.1934596462775891,178,hinge_plateau_smooth,recompute_from_transitions
-12.860649229000792,0.30649984775235256,20165,0.15324992387617628,178,hinge_plateau_smooth,recompute_from_transitions
-12.710510913170893,0.43209337363342054,19277,0.21604668681671027,178,hinge_plateau_smooth,recompute_from_transitions
-12.557739569963914,0.430035979536687,21091,0.2150179897683435,178,hinge_plateau_smooth,recompute_from_transitions
-12.42394030351534,0.3884249361669954,20184,0.1942124680834977,178,hinge_plateau_smooth,recompute_from_transitions
-12.344366331759312,0.4992315832931694,19763,0.2496157916465847,178,hinge_plateau_smooth,recompute_from_transitions
-12.268666397113726,0.444435588859214,20433,0.222217794429607,178,hinge_plateau_smooth,recompute_from_transitions
-12.16824338788068,0.5199167728436477,20095,0.25995838642182384,178,hinge_plateau_smooth,recompute_from_transitions
-12.088170150775197,0.4792896169837076,20367,0.2396448084918538,178,hinge_plateau_smooth,recompute_from_transitions
-12.018475195490073,0.5746927535071886,19953,0.2873463767535943,178,hinge_plateau_smooth,recompute_from_transitions
-11.9389012237277,0.49836405505964126,19900,0.24918202752982063,178,hinge_plateau_smooth,recompute_from_transitions
-11.875100399764182,0.5172689736915959,20541,0.25863448684579793,178,hinge_plateau_smooth,recompute_from_transitions
-11.775718390041606,0.6128731442270428,20109,0.3064365721135214,178,hinge_plateau_smooth,recompute_from_transitions
-11.693653725455986,0.6068044576035554,20280,0.3034022288017777,178,hinge_plateau_smooth,recompute_from_transitions
-11.631477597786429,0.5250592015250194,20215,0.2625296007625097,178,hinge_plateau_smooth,recompute_from_transitions
-11.562020808875555,0.5605530379198872,20084,0.2802765189599436,178,hinge_plateau_smooth,recompute_from_transitions
-11.475674569324926,0.6994426931951759,20261,0.34972134659758797,178,hinge_plateau_smooth,recompute_from_transitions
-11.396404675741742,0.5987497739753531,20253,0.29937488698767656,178,hinge_plateau_smooth,recompute_from_transitions
-11.309666618665522,0.6991014412528448,19793,0.3495507206264224,178,hinge_plateau_smooth,recompute_from_transitions
-11.233897090054638,0.7330125020693422,20304,0.3665062510346711,178,hinge_plateau_smooth,recompute_from_transitions
-11.135824520249049,0.7152142729397862,20399,0.3576071364698931,178,hinge_plateau_smooth,recompute_from_transitions
-11.030873545631414,0.7392414157092746,20190,0.3696207078546373,178,hinge_plateau_smooth,recompute_from_transitions
-10.937475291118515,0.7366589826737662,20171,0.3683294913368831,178,hinge_plateau_smooth,recompute_from_transitions
-10.835969256418608,0.7373684866364688,19839,0.3686842433182344,178,hinge_plateau_smooth,recompute_from_transitions
-10.730359412163743,0.7641689579128517,20398,0.38208447895642583,178,hinge_plateau_smooth,recompute_from_transitions
-10.601996520027337,0.7696754074851334,20286,0.3848377037425667,178,hinge_plateau_smooth,recompute_from_transitions
-10.464110201140274,0.7425486478881176,20169,0.3712743239440588,178,hinge_plateau_smooth,recompute_from_transitions
-10.307148415434789,0.6994945458936472,20177,0.3497472729468236,178,hinge_plateau_smooth,recompute_from_transitions
-10.115201028690702,0.6588191870326877,20175,0.32940959351634386,178,hinge_plateau_smooth,recompute_from_transitions
-9.87809299334275,0.6850939349743176,20168,0.3425469674871588,178,hinge_plateau_smooth,recompute_from_transitions
-9.515250439637446,0.5847436597799135,20171,0.29237182988995675,178,hinge_plateau_smooth,recompute_from_transitions
-8.766974302683868,0.43391266307272086,20179,0.21695633153636043,178,hinge_plateau_smooth,recompute_from_transitions
-13.215568615552153,0.39182130530770437,19973,0.19591065265385219,179,hinge_plateau_smooth,recompute_from_transitions
-12.873930922403003,0.2958980657506243,20056,0.14794903287531214,179,hinge_plateau_smooth,recompute_from_transitions
-12.710510913170893,0.4012199316213203,19892,0.20060996581066015,179,hinge_plateau_smooth,recompute_from_transitions
-12.557739569963914,0.45828613013078384,19826,0.22914306506539192,179,hinge_plateau_smooth,recompute_from_transitions
-12.430203708843376,0.38021533236481925,20349,0.19010766618240962,179,hinge_plateau_smooth,recompute_from_transitions
-12.344366331759312,0.4798695363131698,20038,0.2399347681565849,179,hinge_plateau_smooth,recompute_from_transitions
-12.26153494564515,0.42222058180462135,20079,0.21111029090231068,179,hinge_plateau_smooth,recompute_from_transitions
-12.16882174978853,0.5307074311527035,20117,0.26535371557635173,179,hinge_plateau_smooth,recompute_from_transitions
-12.088170150775197,0.4604414929333848,20269,0.2302207464666924,179,hinge_plateau_smooth,recompute_from_transitions
-12.018475195490073,0.5347135695810474,19593,0.2673567847905237,179,hinge_plateau_smooth,recompute_from_transitions
-11.9389012237277,0.544438966365275,19981,0.2722194831826375,179,hinge_plateau_smooth,recompute_from_transitions
-11.875100399764182,0.5349650340256152,20444,0.2674825170128076,179,hinge_plateau_smooth,recompute_from_transitions
-11.775805251091366,0.5718579653810465,19714,0.28592898269052325,179,hinge_plateau_smooth,recompute_from_transitions
-11.696198028609832,0.563561352579488,20519,0.281780676289744,179,hinge_plateau_smooth,recompute_from_transitions
-11.631477597786429,0.5636304771748223,20050,0.28181523858741114,179,hinge_plateau_smooth,recompute_from_transitions
-11.56135957424332,0.5914523275835517,19827,0.29572616379177585,179,hinge_plateau_smooth,recompute_from_transitions
-11.475674569324926,0.68956028819173,20167,0.344780144095865,179,hinge_plateau_smooth,recompute_from_transitions
-11.396858955150869,0.5590950432272891,20290,0.27954752161364455,179,hinge_plateau_smooth,recompute_from_transitions
-11.313724978901204,0.6745276727785233,20078,0.33726383638926166,179,hinge_plateau_smooth,recompute_from_transitions
-11.2376486736877,0.6976243283629037,19996,0.34881216418145183,179,hinge_plateau_smooth,recompute_from_transitions
-11.135824520249049,0.7770299422976626,20143,0.3885149711488313,179,hinge_plateau_smooth,recompute_from_transitions
-11.037375796013333,0.7434641899270634,20043,0.3717320949635317,179,hinge_plateau_smooth,recompute_from_transitions
-10.94186477358748,0.763300283095997,20079,0.3816501415479985,179,hinge_plateau_smooth,recompute_from_transitions
-10.840288935161665,0.705290207380877,20070,0.3526451036904385,179,hinge_plateau_smooth,recompute_from_transitions
-10.737106229050251,0.7732902630900265,20077,0.38664513154501323,179,hinge_plateau_smooth,recompute_from_transitions
-10.609223905833444,0.7515977295595331,20073,0.37579886477976654,179,hinge_plateau_smooth,recompute_from_transitions
-10.471543327658727,0.7435768803112375,20059,0.37178844015561874,179,hinge_plateau_smooth,recompute_from_transitions
-10.31996939583773,0.6853169433538485,19973,0.34265847167692426,179,hinge_plateau_smooth,recompute_from_transitions
-10.12560497615696,0.6661638421931858,20167,0.3330819210965929,179,hinge_plateau_smooth,recompute_from_transitions
-9.892057477381435,0.6154490206567513,20068,0.30772451032837567,179,hinge_plateau_smooth,recompute_from_transitions
-9.535926892961992,0.5603010688539913,20072,0.28015053442699567,179,hinge_plateau_smooth,recompute_from_transitions
-8.784718842958952,0.42387355690778405,20069,0.21193677845389203,179,hinge_plateau_smooth,recompute_from_transitions
-13.215568615552153,0.3958595187525039,19781,0.19792975937625196,180,hinge_plateau_smooth,recompute_from_transitions
-12.873930922403003,0.3107424738429921,20126,0.15537123692149604,180,hinge_plateau_smooth,recompute_from_transitions
-12.713161295167165,0.40799664783347156,20251,0.20399832391673578,180,hinge_plateau_smooth,recompute_from_transitions
-12.56429868561048,0.44489545809864156,19861,0.22244772904932078,180,hinge_plateau_smooth,recompute_from_transitions
-12.43659630991097,0.391010404520572,20257,0.195505202260286,180,hinge_plateau_smooth,recompute_from_transitions
-12.36017280752134,0.48005440785453235,20259,0.24002720392726618,180,hinge_plateau_smooth,recompute_from_transitions
-12.273612440309472,0.41154563229579794,19040,0.20577281614789897,180,hinge_plateau_smooth,recompute_from_transitions
-12.176686744812724,0.5757617004931381,21253,0.28788085024656906,180,hinge_plateau_smooth,recompute_from_transitions
-12.091168047981338,0.4569463725933988,20155,0.2284731862966994,180,hinge_plateau_smooth,recompute_from_transitions
-12.02160689815435,0.5601178785649109,19877,0.28005893928245545,180,hinge_plateau_smooth,recompute_from_transitions
-11.9535036839058,0.545370176201513,20349,0.2726850881007565,180,hinge_plateau_smooth,recompute_from_transitions
-11.881855902469106,0.47387820849996976,20102,0.23693910424998488,180,hinge_plateau_smooth,recompute_from_transitions
-11.783203234333312,0.575742155014116,19864,0.287871077507058,180,hinge_plateau_smooth,recompute_from_transitions
-11.70282829478898,0.5993991154153783,18311,0.29969955770768913,180,hinge_plateau_smooth,recompute_from_transitions
-11.643519550033288,0.5325494512217352,22119,0.2662747256108676,180,hinge_plateau_smooth,recompute_from_transitions
-11.56899331030791,0.5521093994282873,19701,0.27605469971414365,180,hinge_plateau_smooth,recompute_from_transitions
-11.485114301054752,0.7882649875013691,19946,0.39413249375068454,180,hinge_plateau_smooth,recompute_from_transitions
-11.40488575729036,0.5895870338210015,20718,0.29479351691050076,180,hinge_plateau_smooth,recompute_from_transitions
-11.31599863352836,0.7084068265567895,19893,0.3542034132783948,180,hinge_plateau_smooth,recompute_from_transitions
-11.24176584809135,0.693842900355343,20156,0.3469214501776715,180,hinge_plateau_smooth,recompute_from_transitions
-11.141195478395655,0.7110917083609204,20101,0.3555458541804602,180,hinge_plateau_smooth,recompute_from_transitions
-11.037645942581964,0.742401115229458,20238,0.371200557614729,180,hinge_plateau_smooth,recompute_from_transitions
-10.942756306561911,0.8138238105394766,20173,0.4069119052697383,180,hinge_plateau_smooth,recompute_from_transitions
-10.841289459577933,0.7778169913558174,20114,0.3889084956779087,180,hinge_plateau_smooth,recompute_from_transitions
-10.73639019561868,0.776229654422942,20117,0.388114827211471,180,hinge_plateau_smooth,recompute_from_transitions
-10.605396238724294,0.7979327265037852,19936,0.3989663632518926,180,hinge_plateau_smooth,recompute_from_transitions
-10.4665924843832,0.7236536704229788,20261,0.3618268352114894,180,hinge_plateau_smooth,recompute_from_transitions
-10.310760867274233,0.6849680516535551,20120,0.34248402582677756,180,hinge_plateau_smooth,recompute_from_transitions
-10.117953562631866,0.6922553017925577,20114,0.34612765089627884,180,hinge_plateau_smooth,recompute_from_transitions
-9.876036660143336,0.6446736338826611,20123,0.32233681694133054,180,hinge_plateau_smooth,recompute_from_transitions
-9.51241867077168,0.5897790831451514,20110,0.2948895415725757,180,hinge_plateau_smooth,recompute_from_transitions
-8.743229286228122,0.4096830129776032,20114,0.2048415064888016,180,hinge_plateau_smooth,recompute_from_transitions
-13.215568615552153,0.37902339509056177,19790,0.18951169754528088,181,hinge_plateau_smooth,recompute_from_transitions
-12.873930922403003,0.2939774295456013,20317,0.14698871477280065,181,hinge_plateau_smooth,recompute_from_transitions
-12.713161295167165,0.4166751499337694,19927,0.2083375749668847,181,hinge_plateau_smooth,recompute_from_transitions
-12.569575524419804,0.45120327276622424,19805,0.22560163638311212,181,hinge_plateau_smooth,recompute_from_transitions
-12.430203708843376,0.40108991250906273,20309,0.20054495625453136,181,hinge_plateau_smooth,recompute_from_transitions
-12.359483944707067,0.4545344962766783,19516,0.22726724813833915,181,hinge_plateau_smooth,recompute_from_transitions
-12.27194452041643,0.4225574301665382,20544,0.2112787150832691,181,hinge_plateau_smooth,recompute_from_transitions
-12.175059099136428,0.5133747753588394,20189,0.2566873876794197,181,hinge_plateau_smooth,recompute_from_transitions
-12.092063728739856,0.4882946981774351,19913,0.24414734908871755,181,hinge_plateau_smooth,recompute_from_transitions
-12.02436563316836,0.5340716585258631,19924,0.26703582926293157,181,hinge_plateau_smooth,recompute_from_transitions
-11.955149926079956,0.5209086346338533,19197,0.26045431731692664,181,hinge_plateau_smooth,recompute_from_transitions
-11.88729016568336,0.4975395215939499,21130,0.24876976079697494,181,hinge_plateau_smooth,recompute_from_transitions
-11.79149679570585,0.5589148178071575,20068,0.27945740890357873,181,hinge_plateau_smooth,recompute_from_transitions
-11.70504057453058,0.5808418466098717,18372,0.29042092330493585,181,hinge_plateau_smooth,recompute_from_transitions
-11.64556303626818,0.5131143231027213,21714,0.25655716155136066,181,hinge_plateau_smooth,recompute_from_transitions
-11.569137790760356,0.5526337570814513,20135,0.2763168785407257,181,hinge_plateau_smooth,recompute_from_transitions
-11.486766277387012,0.7609943949060323,19948,0.38049719745301613,181,hinge_plateau_smooth,recompute_from_transitions
-11.40728309836612,0.6124920848227492,20137,0.3062460424113746,181,hinge_plateau_smooth,recompute_from_transitions
-11.32532801501302,0.7080262610407515,20030,0.35401313052037575,181,hinge_plateau_smooth,recompute_from_transitions
-11.2472272320503,0.6917166120711222,20091,0.3458583060355611,181,hinge_plateau_smooth,recompute_from_transitions
-11.152626149285638,0.7827299984437518,20066,0.3913649992218759,181,hinge_plateau_smooth,recompute_from_transitions
-11.04390934791117,0.7639648887342233,19858,0.38198244436711165,181,hinge_plateau_smooth,recompute_from_transitions
-10.954508578994927,0.7005780354084005,19559,0.35028901770420023,181,hinge_plateau_smooth,recompute_from_transitions
-10.849293085122088,0.7830400564621592,20749,0.3915200282310796,181,hinge_plateau_smooth,recompute_from_transitions
-10.739492868426472,0.7623269517418847,20048,0.38116347587094235,181,hinge_plateau_smooth,recompute_from_transitions
-10.610598566884354,0.7383594720758672,20038,0.3691797360379336,181,hinge_plateau_smooth,recompute_from_transitions
-10.474660133273291,0.7687254885760241,20066,0.38436274428801204,181,hinge_plateau_smooth,recompute_from_transitions
-10.320269164919075,0.6924472225834891,20038,0.34622361129174456,181,hinge_plateau_smooth,recompute_from_transitions
-10.127399146927074,0.7319652545718625,20037,0.36598262728593123,181,hinge_plateau_smooth,recompute_from_transitions
-9.89320391080227,0.6580186343965844,20084,0.3290093171982922,181,hinge_plateau_smooth,recompute_from_transitions
-9.525987226152516,0.6034207545751649,20065,0.30171037728758243,181,hinge_plateau_smooth,recompute_from_transitions
-8.76405269287945,0.43576035295853727,20055,0.21788017647926863,181,hinge_plateau_smooth,recompute_from_transitions
-13.215568615552153,0.3993168582517182,20070,0.1996584291258591,182,hinge_plateau_smooth,recompute_from_transitions
-12.860649229000792,0.32120739467784376,20033,0.16060369733892188,182,hinge_plateau_smooth,recompute_from_transitions
-12.710510913170893,0.42754350384657347,19711,0.21377175192328673,182,hinge_plateau_smooth,recompute_from_transitions
-12.557739569963914,0.4545934376120986,20736,0.2272967188060493,182,hinge_plateau_smooth,recompute_from_transitions
-12.42394030351534,0.3801765676161941,20165,0.19008828380809706,182,hinge_plateau_smooth,recompute_from_transitions
-12.344366331759312,0.4955448465107909,19350,0.24777242325539545,182,hinge_plateau_smooth,recompute_from_transitions
-12.259404166259278,0.4263659412303581,20800,0.21318297061517905,182,hinge_plateau_smooth,recompute_from_transitions
-12.16824338788068,0.5394851731858588,20376,0.2697425865929294,182,hinge_plateau_smooth,recompute_from_transitions
-12.08288377446331,0.466426948373719,19887,0.2332134741868595,182,hinge_plateau_smooth,recompute_from_transitions
-12.018475195490073,0.5450006919822354,19772,0.2725003459911177,182,hinge_plateau_smooth,recompute_from_transitions
-11.932755238660029,0.5078940031293111,20700,0.25394700156465555,182,hinge_plateau_smooth,recompute_from_transitions
-11.865175486145873,0.5250802752926885,20267,0.26254013764634426,182,hinge_plateau_smooth,recompute_from_transitions
-11.77444834980632,0.5941236945850568,20105,0.2970618472925284,182,hinge_plateau_smooth,recompute_from_transitions
-11.689002565547602,0.5907700312695401,20211,0.29538501563477004,182,hinge_plateau_smooth,recompute_from_transitions
-11.628786505180566,0.525141435757087,20028,0.2625707178785435,182,hinge_plateau_smooth,recompute_from_transitions
-11.552821773928944,0.5902709099157556,20191,0.2951354549578778,182,hinge_plateau_smooth,recompute_from_transitions
-11.467300286848412,0.6971256844111392,20210,0.3485628422055696,182,hinge_plateau_smooth,recompute_from_transitions
-11.389256138960745,0.5759276697483864,20092,0.2879638348741932,182,hinge_plateau_smooth,recompute_from_transitions
-11.302371086352885,0.6429581673839049,20245,0.32147908369195244,182,hinge_plateau_smooth,recompute_from_transitions
-11.230061760638536,0.7630723978514679,20204,0.3815361989257339,182,hinge_plateau_smooth,recompute_from_transitions
-11.127493789004337,0.7603587985669811,20065,0.38017939928349054,182,hinge_plateau_smooth,recompute_from_transitions
-11.030873545631414,0.7295706785098799,20231,0.36478533925493994,182,hinge_plateau_smooth,recompute_from_transitions
-10.933611023511942,0.811754993155331,20164,0.4058774965776655,182,hinge_plateau_smooth,recompute_from_transitions
-10.832059477663451,0.7166394875197069,20169,0.3583197437598534,182,hinge_plateau_smooth,recompute_from_transitions
-10.726473315552202,0.730973046165247,20158,0.3654865230826235,182,hinge_plateau_smooth,recompute_from_transitions
-10.600459561556292,0.7286421396460345,20159,0.36432106982301726,182,hinge_plateau_smooth,recompute_from_transitions
-10.464595664277638,0.7112296548466057,20151,0.35561482742330286,182,hinge_plateau_smooth,recompute_from_transitions
-10.309109456392578,0.687771240210937,20159,0.3438856201054685,182,hinge_plateau_smooth,recompute_from_transitions
-10.117236841789214,0.677338623851014,20162,0.338669311925507,182,hinge_plateau_smooth,recompute_from_transitions
-9.87809299334275,0.6668546067681176,20154,0.3334273033840588,182,hinge_plateau_smooth,recompute_from_transitions
-9.512801741065129,0.5954053208611935,20160,0.29770266043059673,182,hinge_plateau_smooth,recompute_from_transitions
-8.747116598926775,0.39334152716641013,20160,0.19667076358320507,182,hinge_plateau_smooth,recompute_from_transitions
-13.215568615552153,0.40397870295300264,19673,0.20198935147650132,183,hinge_plateau_smooth,recompute_from_transitions
-12.873930922403003,0.3154697184994471,20219,0.15773485924972355,183,hinge_plateau_smooth,recompute_from_transitions
-12.710510913170893,0.40776244679704976,20333,0.20388122339852488,183,hinge_plateau_smooth,recompute_from_transitions
-12.557739569963914,0.446317593812803,19948,0.2231587969064015,183,hinge_plateau_smooth,recompute_from_transitions
-12.430203708843376,0.3803741701137513,20093,0.19018708505687565,183,hinge_plateau_smooth,recompute_from_transitions
-12.358968791936285,0.4863103012780045,19361,0.24315515063900225,183,hinge_plateau_smooth,recompute_from_transitions
-12.270626791332338,0.44401555693238826,21161,0.22200777846619413,183,hinge_plateau_smooth,recompute_from_transitions
-12.16882174978853,0.5013441844349359,20126,0.25067209221746795,183,hinge_plateau_smooth,recompute_from_transitions
-12.090426708733924,0.4695678701706304,20066,0.2347839350853152,183,hinge_plateau_smooth,recompute_from_transitions
-12.020585328224517,0.533698140899461,19904,0.2668490704497305,183,hinge_plateau_smooth,recompute_from_transitions
-11.949066537304118,0.5545762305787866,20240,0.2772881152893933,183,hinge_plateau_smooth,recompute_from_transitions
-11.87776586195074,0.46137556245361105,20264,0.23068778122680553,183,hinge_plateau_smooth,recompute_from_transitions
-11.78090710457824,0.5948514942359958,20040,0.2974257471179979,183,hinge_plateau_smooth,recompute_from_transitions
-11.698090872057822,0.5604899602446411,20152,0.2802449801223206,183,hinge_plateau_smooth,recompute_from_transitions
-11.63187735383314,0.5249332563908493,20139,0.26246662819542466,183,hinge_plateau_smooth,recompute_from_transitions
-11.562020808875555,0.5634693038973771,20038,0.2817346519486886,183,hinge_plateau_smooth,recompute_from_transitions
-11.475674569324926,0.6970506956654936,20195,0.3485253478327468,183,hinge_plateau_smooth,recompute_from_transitions
-11.396858955150869,0.5892651460550702,19975,0.2946325730275351,183,hinge_plateau_smooth,recompute_from_transitions
-11.31481087464501,0.6648592000169318,20240,0.3324296000084659,183,hinge_plateau_smooth,recompute_from_transitions
-11.23804599180979,0.748999900100729,20140,0.3744999500503645,183,hinge_plateau_smooth,recompute_from_transitions
-11.138900982248124,0.7282495622478108,20007,0.3641247811239054,183,hinge_plateau_smooth,recompute_from_transitions
-11.037645942581964,0.7065975788557394,20235,0.3532987894278697,183,hinge_plateau_smooth,recompute_from_transitions
-10.93983878309399,0.7851966649604639,20124,0.39259833248023196,183,hinge_plateau_smooth,recompute_from_transitions
-10.837911588842037,0.7314391160907739,20066,0.36571955804538697,183,hinge_plateau_smooth,recompute_from_transitions
-10.733075602718024,0.7827277135393128,20140,0.3913638567696564,183,hinge_plateau_smooth,recompute_from_transitions
-10.605396238724294,0.7451457007555401,20115,0.37257285037777005,183,hinge_plateau_smooth,recompute_from_transitions
-10.4665924843832,0.7198767157643148,20117,0.3599383578821574,183,hinge_plateau_smooth,recompute_from_transitions
-10.308500643856714,0.7239280389545151,20103,0.36196401947725754,183,hinge_plateau_smooth,recompute_from_transitions
-10.117953562631866,0.6377262910273088,20116,0.3188631455136544,183,hinge_plateau_smooth,recompute_from_transitions
-9.882235027171532,0.6267739421485621,20156,0.31338697107428104,183,hinge_plateau_smooth,recompute_from_transitions
-9.529428334849666,0.5743731938308377,20116,0.28718659691541887,183,hinge_plateau_smooth,recompute_from_transitions
-8.763641028950033,0.4312593643563732,20117,0.2156296821781866,183,hinge_plateau_smooth,recompute_from_transitions
-13.215568615552153,0.37895716593995393,19866,0.18947858296997697,184,hinge_plateau_smooth,recompute_from_transitions
-12.873930922403003,0.3099167622078247,20398,0.15495838110391236,184,hinge_plateau_smooth,recompute_from_transitions
-12.710510913170893,0.4065729978245132,20129,0.2032864989122566,184,hinge_plateau_smooth,recompute_from_transitions
-12.557739569963914,0.4509465124110616,19914,0.2254732562055308,184,hinge_plateau_smooth,recompute_from_transitions
-12.430203708843376,0.38528355342450654,20401,0.19264177671225327,184,hinge_plateau_smooth,recompute_from_transitions
-12.357640847696889,0.5012602668555071,19842,0.25063013342775353,184,hinge_plateau_smooth,recompute_from_transitions
-12.27194452041643,0.41044950633975646,20633,0.20522475316987823,184,hinge_plateau_smooth,recompute_from_transitions
-12.176686744812724,0.5165554277438724,20148,0.2582777138719362,184,hinge_plateau_smooth,recompute_from_transitions
-12.094295056472053,0.457945208887848,20203,0.228972604443924,184,hinge_plateau_smooth,recompute_from_transitions
-12.0215568765075,0.5296077255377925,20004,0.2648038627688962,184,hinge_plateau_smooth,recompute_from_transitions
-11.954707699490948,0.5242518135206488,19352,0.2621259067603244,184,hinge_plateau_smooth,recompute_from_transitions
-11.88729016568336,0.5298803450027258,21147,0.2649401725013629,184,hinge_plateau_smooth,recompute_from_transitions
-11.790910674680882,0.5616448148953147,20069,0.28082240744765735,184,hinge_plateau_smooth,recompute_from_transitions
-11.70504057453058,0.5574591123779323,18792,0.27872955618896617,184,hinge_plateau_smooth,recompute_from_transitions
-11.644623118873612,0.5361975381949001,21479,0.26809876909745006,184,hinge_plateau_smooth,recompute_from_transitions
-11.569137790760356,0.5673728231140109,20346,0.28368641155700547,184,hinge_plateau_smooth,recompute_from_transitions
-11.482398110500611,0.6673933223813476,20200,0.3336966611906738,184,hinge_plateau_smooth,recompute_from_transitions
-11.40075719201368,0.553941789574149,20167,0.2769708947870745,184,hinge_plateau_smooth,recompute_from_transitions
-11.31599863352836,0.6981027980380994,20155,0.3490513990190497,184,hinge_plateau_smooth,recompute_from_transitions
-11.242745145234796,0.7178103879466292,20113,0.3589051939733146,184,hinge_plateau_smooth,recompute_from_transitions
-11.145488860603283,0.7140013541685171,20047,0.35700067708425853,184,hinge_plateau_smooth,recompute_from_transitions
-11.044352493153454,0.7851351321917592,19765,0.3925675660958796,184,hinge_plateau_smooth,recompute_from_transitions
-10.952851455056573,0.7806476466446141,20767,0.39032382332230703,184,hinge_plateau_smooth,recompute_from_transitions
-10.846893131013635,0.7519511462765655,20163,0.3759755731382827,184,hinge_plateau_smooth,recompute_from_transitions
-10.741778306067385,0.7483934861921341,20153,0.37419674309606704,184,hinge_plateau_smooth,recompute_from_transitions
-10.615341231899183,0.7783012199340014,19743,0.3891506099670007,184,hinge_plateau_smooth,recompute_from_transitions
-10.485189094441017,0.7231844693275823,20321,0.36159223466379115,184,hinge_plateau_smooth,recompute_from_transitions
-10.328639171634707,0.7247598206902407,20494,0.36237991034512035,184,hinge_plateau_smooth,recompute_from_transitions
-10.135865406970854,0.6595428969591587,20179,0.32977144847957934,184,hinge_plateau_smooth,recompute_from_transitions
-9.898211659435876,0.6402684805977455,20169,0.3201342402988728,184,hinge_plateau_smooth,recompute_from_transitions
-9.52679614890317,0.6036729978464287,20175,0.30183649892321435,184,hinge_plateau_smooth,recompute_from_transitions
-8.767871242596438,0.39891325515390225,20174,0.19945662757695112,184,hinge_plateau_smooth,recompute_from_transitions
-13.215568615552153,0.39513191836533135,20000,0.19756595918266567,185,hinge_plateau_smooth,recompute_from_transitions
-12.873930922403003,0.2958822366078567,19926,0.14794111830392834,185,hinge_plateau_smooth,recompute_from_transitions
-12.710510913170893,0.41010726196967245,20638,0.20505363098483623,185,hinge_plateau_smooth,recompute_from_transitions
-12.557739569963914,0.45607214330112356,20009,0.22803607165056178,185,hinge_plateau_smooth,recompute_from_transitions
-12.430203708843376,0.4103009105802226,20395,0.2051504552901113,185,hinge_plateau_smooth,recompute_from_transitions
-12.358968791936285,0.45778528753881825,19549,0.22889264376940913,185,hinge_plateau_smooth,recompute_from_transitions
-12.27194452041643,0.44114753931681167,21106,0.22057376965840583,185,hinge_plateau_smooth,recompute_from_transitions
-12.16882174978853,0.552851684757956,20085,0.276425842378978,185,hinge_plateau_smooth,recompute_from_transitions
-12.091131329469109,0.4375149174678774,20328,0.2187574587339387,185,hinge_plateau_smooth,recompute_from_transitions
-12.020014114773264,0.5450031520770156,20111,0.2725015760385078,185,hinge_plateau_smooth,recompute_from_transitions
-11.940863659675935,0.5054204400689192,20377,0.2527102200344596,185,hinge_plateau_smooth,recompute_from_transitions
-11.87776586195074,0.5286580142154872,20167,0.2643290071077436,185,hinge_plateau_smooth,recompute_from_transitions
-11.779720922693246,0.5959079259104962,20043,0.2979539629552481,185,hinge_plateau_smooth,recompute_from_transitions
-11.698090872057822,0.625716284307655,20537,0.3128581421538275,185,hinge_plateau_smooth,recompute_from_transitions
-11.63302268210979,0.5988835031377922,20096,0.2994417515688961,185,hinge_plateau_smooth,recompute_from_transitions
-11.564931219048146,0.565526894431163,20360,0.2827634472155815,185,hinge_plateau_smooth,recompute_from_transitions
-11.477746959837445,0.6798025720243832,20231,0.3399012860121916,185,hinge_plateau_smooth,recompute_from_transitions
-11.396858955150869,0.5540349260028316,20228,0.2770174630014158,185,hinge_plateau_smooth,recompute_from_transitions
-11.311495927979667,0.6709918693875555,20053,0.33549593469377775,185,hinge_plateau_smooth,recompute_from_transitions
-11.234526908375711,0.7234683691211593,20212,0.36173418456057965,185,hinge_plateau_smooth,recompute_from_transitions
-11.135824520249049,0.7369226798839285,20456,0.3684613399419642,185,hinge_plateau_smooth,recompute_from_transitions
-11.030873545631414,0.7152284331298553,20226,0.35761421656492764,185,hinge_plateau_smooth,recompute_from_transitions
-10.937707627867598,0.8120354901848137,20240,0.40601774509240685,185,hinge_plateau_smooth,recompute_from_transitions
-10.833311298642188,0.7331187532456249,19979,0.36655937662281246,185,hinge_plateau_smooth,recompute_from_transitions
-10.726473315552202,0.7945148168311267,20493,0.39725740841556334,185,hinge_plateau_smooth,recompute_from_transitions
-10.5961827162985,0.7613479638711995,20226,0.38067398193559976,185,hinge_plateau_smooth,recompute_from_transitions
-10.45857636470552,0.7716907770038536,20231,0.3858453885019268,185,hinge_plateau_smooth,recompute_from_transitions
-10.303355945214092,0.7022439337203796,20230,0.3511219668601898,185,hinge_plateau_smooth,recompute_from_transitions
-10.11710097935198,0.7042383600231729,20249,0.35211918001158643,185,hinge_plateau_smooth,recompute_from_transitions
-9.87019272065343,0.6282925758792713,20234,0.31414628793963567,185,hinge_plateau_smooth,recompute_from_transitions
-9.511585701057458,0.5873673797119494,20234,0.2936836898559747,185,hinge_plateau_smooth,recompute_from_transitions
-8.764055069549704,0.41484835975818574,20234,0.20742417987909287,185,hinge_plateau_smooth,recompute_from_transitions
-13.215568615552153,0.4097799291138226,20101,0.2048899645569113,186,hinge_plateau_smooth,recompute_from_transitions
-12.873930922403003,0.308164244618476,19975,0.154082122309238,186,hinge_plateau_smooth,recompute_from_transitions
-12.710510913170893,0.41122995349569114,20224,0.20561497674784557,186,hinge_plateau_smooth,recompute_from_transitions
-12.557739569963914,0.4582259991057168,19709,0.2291129995528584,186,hinge_plateau_smooth,recompute_from_transitions
-12.430203708843376,0.3886436904767811,20391,0.19432184523839055,186,hinge_plateau_smooth,recompute_from_transitions
-12.358968791936285,0.4499545780543587,19327,0.22497728902717934,186,hinge_plateau_smooth,recompute_from_transitions
-12.27194452041643,0.4167353374106024,20438,0.2083676687053012,186,hinge_plateau_smooth,recompute_from_transitions
-12.175059099136428,0.5482493625553174,20567,0.2741246812776587,186,hinge_plateau_smooth,recompute_from_transitions
-12.090428487980128,0.45702063651545266,20359,0.22851031825772633,186,hinge_plateau_smooth,recompute_from_transitions
-12.02160689815435,0.5174977981690855,20062,0.25874889908454274,186,hinge_plateau_smooth,recompute_from_transitions
-11.952175739666302,0.5546235462481437,20043,0.27731177312407185,186,hinge_plateau_smooth,recompute_from_transitions
-11.8785272381847,0.4933871933342874,20198,0.2466935966671437,186,hinge_plateau_smooth,recompute_from_transitions
-11.78090710457824,0.597270108642928,20144,0.298635054321464,186,hinge_plateau_smooth,recompute_from_transitions
-11.698243294090917,0.5900960308958719,20074,0.29504801544793596,186,hinge_plateau_smooth,recompute_from_transitions
-11.635180265032348,0.5664447891655913,20175,0.28322239458279563,186,hinge_plateau_smooth,recompute_from_transitions
-11.564931219048146,0.562063792128477,20144,0.2810318960642385,186,hinge_plateau_smooth,recompute_from_transitions
-11.477746959837445,0.7501102745828524,19974,0.3750551372914262,186,hinge_plateau_smooth,recompute_from_transitions
-11.396404675741742,0.5812629485585685,20065,0.29063147427928426,186,hinge_plateau_smooth,recompute_from_transitions
-11.313724978901204,0.6553736916364604,20301,0.3276868458182302,186,hinge_plateau_smooth,recompute_from_transitions
-11.2376486736877,0.7189909079394358,19813,0.3594954539697179,186,hinge_plateau_smooth,recompute_from_transitions
-11.13801962927137,0.7477592280591501,20260,0.37387961402957504,186,hinge_plateau_smooth,recompute_from_transitions
-11.037645942581964,0.7165785273448344,20300,0.3582892636724172,186,hinge_plateau_smooth,recompute_from_transitions
-10.942686141479168,0.79882071548514,20055,0.39941035774257,186,hinge_plateau_smooth,recompute_from_transitions
-10.837995069557074,0.7368085961336619,20183,0.36840429806683095,186,hinge_plateau_smooth,recompute_from_transitions
-10.734742737074756,0.7809540101507167,20126,0.3904770050753584,186,hinge_plateau_smooth,recompute_from_transitions
-10.60628764496576,0.7384152668238965,20138,0.36920763341194823,186,hinge_plateau_smooth,recompute_from_transitions
-10.466932107284563,0.7150840102200741,20108,0.35754200511003703,186,hinge_plateau_smooth,recompute_from_transitions
-10.317813924493304,0.7536742957003244,20136,0.3768371478501622,186,hinge_plateau_smooth,recompute_from_transitions
-10.123747196959428,0.6299752105335473,20121,0.31498760526677366,186,hinge_plateau_smooth,recompute_from_transitions
-9.892272644304573,0.6097589870620295,20089,0.30487949353101473,186,hinge_plateau_smooth,recompute_from_transitions
-9.534660815128635,0.5763909998065402,20155,0.2881954999032701,186,hinge_plateau_smooth,recompute_from_transitions
-8.794117178511954,0.42293999873825266,20122,0.21146999936912633,186,hinge_plateau_smooth,recompute_from_transitions
-13.215568615552153,0.3772288372916202,19837,0.1886144186458101,187,hinge_plateau_smooth,recompute_from_transitions
-12.873930922403003,0.3041736211977182,20244,0.1520868105988591,187,hinge_plateau_smooth,recompute_from_transitions
-12.710510913170893,0.41828073279259975,20062,0.20914036639629988,187,hinge_plateau_smooth,recompute_from_transitions
-12.561294512689928,0.436581764760228,19730,0.218290882380114,187,hinge_plateau_smooth,recompute_from_transitions
-12.430203708843376,0.37237347473415594,20450,0.18618673736707797,187,hinge_plateau_smooth,recompute_from_transitions
-12.358968791936285,0.4905918714313261,19341,0.24529593571566305,187,hinge_plateau_smooth,recompute_from_transitions
-12.27194452041643,0.41325338197440176,20520,0.20662669098720088,187,hinge_plateau_smooth,recompute_from_transitions
-12.175059099136428,0.5223661010570129,20345,0.26118305052850643,187,hinge_plateau_smooth,recompute_from_transitions
-12.091168047981338,0.4889558909858987,20127,0.24447794549294935,187,hinge_plateau_smooth,recompute_from_transitions
-12.0215568765075,0.5479256278213228,20132,0.2739628139106614,187,hinge_plateau_smooth,recompute_from_transitions
-11.949066537304118,0.5319174115000671,19924,0.26595870575003355,187,hinge_plateau_smooth,recompute_from_transitions
-11.87776586195074,0.485533632833967,20241,0.2427668164169835,187,hinge_plateau_smooth,recompute_from_transitions
-11.779720922693246,0.5689685976882578,19847,0.2844842988441289,187,hinge_plateau_smooth,recompute_from_transitions
-11.69676292781828,0.569111325549259,20347,0.2845556627746295,187,hinge_plateau_smooth,recompute_from_transitions
-11.632985963597555,0.5315329248719188,19870,0.2657664624359594,187,hinge_plateau_smooth,recompute_from_transitions
-11.5624399623485,0.5786891988111134,20313,0.2893445994055567,187,hinge_plateau_smooth,recompute_from_transitions
-11.475385388370976,0.6910721648988021,20090,0.34553608244940104,187,hinge_plateau_smooth,recompute_from_transitions
-11.395022970304128,0.5985272302481883,20077,0.29926361512409416,187,hinge_plateau_smooth,recompute_from_transitions
-11.313724978901204,0.6746170443881963,20073,0.3373085221940981,187,hinge_plateau_smooth,recompute_from_transitions
-11.239608058176168,0.7525768605255618,20065,0.3762884302627809,187,hinge_plateau_smooth,recompute_from_transitions
-11.138900982248124,0.7336446931629615,20039,0.3668223465814808,187,hinge_plateau_smooth,recompute_from_transitions
-11.037645942581964,0.7049488177289653,20089,0.35247440886448267,187,hinge_plateau_smooth,recompute_from_transitions
-10.942033084528903,0.7772506577411066,20134,0.3886253288705533,187,hinge_plateau_smooth,recompute_from_transitions
-10.84211365379358,0.7350034313968842,20104,0.3675017156984421,187,hinge_plateau_smooth,recompute_from_transitions
-10.73772130947042,0.772163460907188,20077,0.386081730453594,187,hinge_plateau_smooth,recompute_from_transitions
-10.607465623676728,0.7755899612683241,19819,0.38779498063416207,187,hinge_plateau_smooth,recompute_from_transitions
-10.46850645289441,0.7545942733902038,20352,0.3772971366951019,187,hinge_plateau_smooth,recompute_from_transitions
-10.308500643856714,0.7604992866919619,20090,0.38024964334598094,187,hinge_plateau_smooth,recompute_from_transitions
-10.117829968136071,0.6605482782571318,20084,0.3302741391285659,187,hinge_plateau_smooth,recompute_from_transitions
-9.88049128258117,0.6725720022613556,20070,0.3362860011306778,187,hinge_plateau_smooth,recompute_from_transitions
-9.525258101602164,0.5572782756325115,20098,0.27863913781625577,187,hinge_plateau_smooth,recompute_from_transitions
-8.773106892529661,0.41259752403233946,20084,0.20629876201616973,187,hinge_plateau_smooth,recompute_from_transitions
-13.215568615552153,0.39338711153890493,19736,0.19669355576945247,188,hinge_plateau_smooth,recompute_from_transitions
-12.873930922403003,0.28123366465230415,20252,0.14061683232615207,188,hinge_plateau_smooth,recompute_from_transitions
-12.710510913170893,0.41398168026296034,19945,0.20699084013148017,188,hinge_plateau_smooth,recompute_from_transitions
-12.557739569963914,0.45822098839801656,20474,0.22911049419900828,188,hinge_plateau_smooth,recompute_from_transitions
-12.42394030351534,0.3879292159013832,20070,0.1939646079506916,188,hinge_plateau_smooth,recompute_from_transitions
-12.344366331759312,0.4911805141296481,19917,0.24559025706482404,188,hinge_plateau_smooth,recompute_from_transitions
-12.268764180668509,0.4413186778270845,20205,0.22065933891354225,188,hinge_plateau_smooth,recompute_from_transitions
-12.16882174978853,0.49408287767390535,20082,0.24704143883695268,188,hinge_plateau_smooth,recompute_from_transitions
-12.091168047981338,0.46189900985140875,20203,0.23094950492570437,188,hinge_plateau_smooth,recompute_from_transitions
-12.02160689815435,0.5688204620094536,19960,0.2844102310047268,188,hinge_plateau_smooth,recompute_from_transitions
-11.953819631922984,0.5430196482336778,19062,0.2715098241168389,188,hinge_plateau_smooth,recompute_from_transitions
-11.88729016568336,0.48673611658294835,21002,0.24336805829147418,188,hinge_plateau_smooth,recompute_from_transitions
-11.790299019526094,0.5763076433422879,20266,0.28815382167114395,188,hinge_plateau_smooth,recompute_from_transitions
-11.70504057453058,0.5643041729876316,18341,0.2821520864938158,188,hinge_plateau_smooth,recompute_from_transitions
-11.642284912965152,0.5390694292912189,21654,0.26953471464560946,188,hinge_plateau_smooth,recompute_from_transitions
-11.566220267292575,0.5801465168681428,20060,0.2900732584340714,188,hinge_plateau_smooth,recompute_from_transitions
-11.482398110500611,0.6814028273713626,20385,0.3407014136856813,188,hinge_plateau_smooth,recompute_from_transitions
-11.398916548269137,0.5873742142775568,20197,0.2936871071387784,188,hinge_plateau_smooth,recompute_from_transitions
-11.31599863352836,0.7080262610407514,20026,0.3540131305203757,188,hinge_plateau_smooth,recompute_from_transitions
-11.24176584809135,0.7183778819127148,20033,0.3591889409563574,188,hinge_plateau_smooth,recompute_from_transitions
-11.145488860603283,0.75095285763362,19987,0.37547642881681,188,hinge_plateau_smooth,recompute_from_transitions
-11.04390934791117,0.7609934871884357,19876,0.38049674359421787,188,hinge_plateau_smooth,recompute_from_transitions
-10.950363919377,0.7804536040056259,20605,0.39022680200281296,188,hinge_plateau_smooth,recompute_from_transitions
-10.84756939493744,0.753138871843872,20084,0.376569435921936,188,hinge_plateau_smooth,recompute_from_transitions
-10.741927673070345,0.8101337166791196,20085,0.4050668583395598,188,hinge_plateau_smooth,recompute_from_transitions
-10.609223905833444,0.7293035472128471,20120,0.36465177360642353,188,hinge_plateau_smooth,recompute_from_transitions
-10.475531522811853,0.7222865940289369,20105,0.36114329701446846,188,hinge_plateau_smooth,recompute_from_transitions
-10.320269164919075,0.7204916839523515,20094,0.36024584197617576,188,hinge_plateau_smooth,recompute_from_transitions
-10.125833593680444,0.7055071877168267,20114,0.3527535938584134,188,hinge_plateau_smooth,recompute_from_transitions
-9.894810011322614,0.6258131296897078,20098,0.3129065648448539,188,hinge_plateau_smooth,recompute_from_transitions
-9.528955163533686,0.5919693038192723,20113,0.29598465190963613,188,hinge_plateau_smooth,recompute_from_transitions
-8.747116598926775,0.42514333544316935,20103,0.21257166772158467,188,hinge_plateau_smooth,recompute_from_transitions
-13.215568615552153,0.38584188166967753,19768,0.19292094083483877,189,hinge_plateau_smooth,recompute_from_transitions
-12.873930922403003,0.28320802649627785,20322,0.14160401324813893,189,hinge_plateau_smooth,recompute_from_transitions
-12.710510913170893,0.41170348543085694,19872,0.20585174271542847,189,hinge_plateau_smooth,recompute_from_transitions
-12.557739569963914,0.45057208905310026,19766,0.22528604452655013,189,hinge_plateau_smooth,recompute_from_transitions
-12.430203708843376,0.36137238847042746,20566,0.18068619423521373,189,hinge_plateau_smooth,recompute_from_transitions
-12.358968791936285,0.4827936321192604,19772,0.2413968160596302,189,hinge_plateau_smooth,recompute_from_transitions
-12.273612440309472,0.394541500137456,19817,0.197270750068728,189,hinge_plateau_smooth,recompute_from_transitions
-12.178379711278886,0.5885300925525453,20696,0.29426504627627265,189,hinge_plateau_smooth,recompute_from_transitions
-12.10043027883609,0.4417251507526348,18752,0.2208625753763174,189,hinge_plateau_smooth,recompute_from_transitions
-12.024493812681577,0.5377685876903952,21020,0.2688842938451976,189,hinge_plateau_smooth,recompute_from_transitions
-11.955149926079956,0.5496359519327244,19496,0.2748179759663622,189,hinge_plateau_smooth,recompute_from_transitions
-11.88729016568336,0.5720264157428355,20725,0.28601320787141776,189,hinge_plateau_smooth,recompute_from_transitions
-11.787352136088233,0.5597639262853573,20425,0.27988196314267866,189,hinge_plateau_smooth,recompute_from_transitions
-11.702793475398677,0.5841669336006765,18438,0.29208346680033825,189,hinge_plateau_smooth,recompute_from_transitions
-11.643511099879971,0.5471343427610893,21741,0.27356717138054465,189,hinge_plateau_smooth,recompute_from_transitions
-11.566256985804811,0.5966335661800112,20091,0.2983167830900056,189,hinge_plateau_smooth,recompute_from_transitions
-11.483539564349885,0.6967816127101046,19618,0.3483908063550523,189,hinge_plateau_smooth,recompute_from_transitions
-11.404836578766991,0.5729121824809945,20453,0.28645609124049726,189,hinge_plateau_smooth,recompute_from_transitions
-11.324135029944886,0.68482744483315,20027,0.342413722416575,189,hinge_plateau_smooth,recompute_from_transitions
-11.244027527541546,0.706659588324928,20284,0.353329794162464,189,hinge_plateau_smooth,recompute_from_transitions
-11.145488860603283,0.7248946670492268,19540,0.3624473335246134,189,hinge_plateau_smooth,recompute_from_transitions
-11.043753489741798,0.7784569606825031,20222,0.38922848034125157,189,hinge_plateau_smooth,recompute_from_transitions
-10.954524827623962,0.7756451703388598,19771,0.3878225851694299,189,hinge_plateau_smooth,recompute_from_transitions
-10.850858638368678,0.7630702105003523,20789,0.38153510525017614,189,hinge_plateau_smooth,recompute_from_transitions
-10.74099844603418,0.7347673088704285,20089,0.36738365443521426,189,hinge_plateau_smooth,recompute_from_transitions
-10.611267189475363,0.7722994878819681,20064,0.38614974394098406,189,hinge_plateau_smooth,recompute_from_transitions
-10.474946600291055,0.7790954903840397,20099,0.38954774519201985,189,hinge_plateau_smooth,recompute_from_transitions
-10.31996939583773,0.7321836377082371,20001,0.36609181885411857,189,hinge_plateau_smooth,recompute_from_transitions
-10.125956002735126,0.676166195737282,20167,0.338083097868641,189,hinge_plateau_smooth,recompute_from_transitions
-9.893371195403834,0.6237663941533459,20083,0.31188319707667295,189,hinge_plateau_smooth,recompute_from_transitions
-9.528746824088811,0.58310616334562,20082,0.29155308167281,189,hinge_plateau_smooth,recompute_from_transitions
-8.737558931688021,0.40639819494761614,20083,0.20319909747380807,189,hinge_plateau_smooth,recompute_from_transitions
-13.215568615552153,0.38241120497186976,19990,0.19120560248593488,190,hinge_plateau_smooth,recompute_from_transitions
-12.873930922403003,0.30713937084610154,19544,0.15356968542305077,190,hinge_plateau_smooth,recompute_from_transitions
-12.710510913170893,0.422603150745408,20109,0.211301575372704,190,hinge_plateau_smooth,recompute_from_transitions
-12.557739569963914,0.45020652575795816,20680,0.22510326287897908,190,hinge_plateau_smooth,recompute_from_transitions
-12.42394030351534,0.39092957396292866,20093,0.19546478698146433,190,hinge_plateau_smooth,recompute_from_transitions
-12.344366331759312,0.47835171888463685,20143,0.23917585944231842,190,hinge_plateau_smooth,recompute_from_transitions
-12.268764180668509,0.4388887648679272,20077,0.2194443824339636,190,hinge_plateau_smooth,recompute_from_transitions
-12.170550125429626,0.5194721870650341,19976,0.25973609353251703,190,hinge_plateau_smooth,recompute_from_transitions
-12.091131329469109,0.4628162219001231,20188,0.23140811095006156,190,hinge_plateau_smooth,recompute_from_transitions
-12.020014114773264,0.5961140882743504,19989,0.2980570441371752,190,hinge_plateau_smooth,recompute_from_transitions
-11.944041369378144,0.5846604504315949,19819,0.29233022521579743,190,hinge_plateau_smooth,recompute_from_transitions
-11.87776586195074,0.5113260923315421,20545,0.25566304616577107,190,hinge_plateau_smooth,recompute_from_transitions
-11.779720922693246,0.5954741104373148,19945,0.2977370552186574,190,hinge_plateau_smooth,recompute_from_transitions
-11.69676292781828,0.5589851708407312,20120,0.2794925854203656,190,hinge_plateau_smooth,recompute_from_transitions
-11.63187735383314,0.5546303046618009,20140,0.2773151523309004,190,hinge_plateau_smooth,recompute_from_transitions
-11.562020808875555,0.581934297406192,19904,0.290967148703096,190,hinge_plateau_smooth,recompute_from_transitions
-11.47505948890479,0.6829390101544119,20121,0.34146950507720597,190,hinge_plateau_smooth,recompute_from_transitions
-11.396226985889358,0.5859914256299528,20247,0.2929957128149764,190,hinge_plateau_smooth,recompute_from_transitions
-11.313724978901204,0.7364446926156718,20096,0.3682223463078359,190,hinge_plateau_smooth,recompute_from_transitions
-11.236649638993653,0.7407441462027247,20190,0.37037207310136233,190,hinge_plateau_smooth,recompute_from_transitions
-11.135824520249049,0.7768584198497145,20087,0.38842920992485724,190,hinge_plateau_smooth,recompute_from_transitions
-11.03367532050938,0.7056618732068908,20089,0.3528309366034454,190,hinge_plateau_smooth,recompute_from_transitions
-10.940287943912914,0.7973809168948092,20126,0.3986904584474046,190,hinge_plateau_smooth,recompute_from_transitions
-10.838800593879228,0.7575919636525008,20092,0.3787959818262504,190,hinge_plateau_smooth,recompute_from_transitions
-10.734742737074756,0.774232552054381,20090,0.3871162760271905,190,hinge_plateau_smooth,recompute_from_transitions
-10.60628764496576,0.7549765787181896,20102,0.3774882893590948,190,hinge_plateau_smooth,recompute_from_transitions
-10.467572993485724,0.7776991430325039,20081,0.38884957151625194,190,hinge_plateau_smooth,recompute_from_transitions
-10.312273330124684,0.6836957492661567,20105,0.34184787463307836,190,hinge_plateau_smooth,recompute_from_transitions
-10.117953562631866,0.6542111676275013,20110,0.32710558381375066,190,hinge_plateau_smooth,recompute_from_transitions
-9.882235027171532,0.6566232768759981,20094,0.32831163843799904,190,hinge_plateau_smooth,recompute_from_transitions
-9.521965509741433,0.5911905289048168,20098,0.2955952644524084,190,hinge_plateau_smooth,recompute_from_transitions
-8.743100513078295,0.40563878479110405,20098,0.20281939239555202,190,hinge_plateau_smooth,recompute_from_transitions
-13.215568615552153,0.38150964831765166,19724,0.19075482415882583,191,hinge_plateau_smooth,recompute_from_transitions
-12.873930922403003,0.297617400833813,20069,0.1488087004169065,191,hinge_plateau_smooth,recompute_from_transitions
-12.710510913170893,0.41676944053609827,20154,0.20838472026804913,191,hinge_plateau_smooth,recompute_from_transitions
-12.557739569963914,0.44268446573864967,20265,0.22134223286932483,191,hinge_plateau_smooth,recompute_from_transitions
-12.42693850381749,0.3862108417965687,20497,0.19310542089828436,191,hinge_plateau_smooth,recompute_from_transitions
-12.357640847696889,0.4988742966589888,19220,0.2494371483294944,191,hinge_plateau_smooth,recompute_from_transitions
-12.269892584028424,0.421696543793895,21036,0.2108482718969475,191,hinge_plateau_smooth,recompute_from_transitions
-12.16882174978853,0.563732495252471,20170,0.2818662476262355,191,hinge_plateau_smooth,recompute_from_transitions
-12.090426708733924,0.4724052055306963,20154,0.23620260276534816,191,hinge_plateau_smooth,recompute_from_transitions
-12.020585328224517,0.5582629814278625,19874,0.27913149071393123,191,hinge_plateau_smooth,recompute_from_transitions
-11.942322571118074,0.5725662818181387,19693,0.28628314090906937,191,hinge_plateau_smooth,recompute_from_transitions
-11.878512914472651,0.5105532579674475,20873,0.2552766289837238,191,hinge_plateau_smooth,recompute_from_transitions
-11.779720922693246,0.5828963406002514,20099,0.2914481703001257,191,hinge_plateau_smooth,recompute_from_transitions
-11.69676292781828,0.5627660558307768,20172,0.2813830279153884,191,hinge_plateau_smooth,recompute_from_transitions
-11.632985963597555,0.5595946502960443,19874,0.27979732514802214,191,hinge_plateau_smooth,recompute_from_transitions
-11.564931219048146,0.6030155210788227,20340,0.30150776053941136,191,hinge_plateau_smooth,recompute_from_transitions
-11.477746959837445,0.7074456986986106,20235,0.3537228493493053,191,hinge_plateau_smooth,recompute_from_transitions
-11.39687553923386,0.600757918050798,20091,0.300378959025399,191,hinge_plateau_smooth,recompute_from_transitions
-11.313724978901204,0.6972151223127735,19864,0.34860756115638675,191,hinge_plateau_smooth,recompute_from_transitions
-11.236649638993653,0.7369865531242122,20445,0.3684932765621061,191,hinge_plateau_smooth,recompute_from_transitions
-11.137784848021033,0.7549619952385607,20126,0.37748099761928033,191,hinge_plateau_smooth,recompute_from_transitions
-11.034916119647551,0.6866885345841864,20074,0.3433442672920932,191,hinge_plateau_smooth,recompute_from_transitions
-10.940527255640315,0.7881086283936252,20240,0.3940543141968126,191,hinge_plateau_smooth,recompute_from_transitions
-10.838045091203927,0.7516254722697311,20133,0.37581273613486554,191,hinge_plateau_smooth,recompute_from_transitions
-10.73414505035595,0.7965652460680955,20102,0.39828262303404777,191,hinge_plateau_smooth,recompute_from_transitions
-10.605396238724294,0.7476894893912974,20156,0.3738447446956487,191,hinge_plateau_smooth,recompute_from_transitions
-10.4665924843832,0.75500882419887,20211,0.377504412099435,191,hinge_plateau_smooth,recompute_from_transitions
-10.308160680414106,0.7125265601221016,20143,0.3562632800610508,191,hinge_plateau_smooth,recompute_from_transitions
-10.117536610870564,0.6602999652438405,20117,0.33014998262192025,191,hinge_plateau_smooth,recompute_from_transitions
-9.881733005524358,0.6444598314388765,20165,0.32222991571943826,191,hinge_plateau_smooth,recompute_from_transitions
-9.524239164368742,0.5792385533976341,20152,0.28961927669881704,191,hinge_plateau_smooth,recompute_from_transitions
-8.756941622663009,0.425524051953531,20145,0.2127620259767655,191,hinge_plateau_smooth,recompute_from_transitions
-13.215568615552153,0.4126254069049518,19931,0.2063127034524759,192,hinge_plateau_smooth,recompute_from_transitions
-12.873930922403003,0.3100712194669541,19963,0.15503560973347705,192,hinge_plateau_smooth,recompute_from_transitions
-12.710510913170893,0.42189377162797403,20064,0.21094688581398702,192,hinge_plateau_smooth,recompute_from_transitions
-12.557739569963914,0.4636285805054926,20123,0.2318142902527463,192,hinge_plateau_smooth,recompute_from_transitions
-12.430203708843376,0.3888252853269763,20628,0.19441264266348815,192,hinge_plateau_smooth,recompute_from_transitions
-12.358968791936285,0.46630454787438497,19617,0.23315227393719248,192,hinge_plateau_smooth,recompute_from_transitions
-12.270626791332338,0.4483960610564835,20697,0.22419803052824175,192,hinge_plateau_smooth,recompute_from_transitions
-12.170550125429626,0.5424159760931376,19979,0.2712079880465688,192,hinge_plateau_smooth,recompute_from_transitions
-12.090426708733924,0.478637499013289,20106,0.2393187495066445,192,hinge_plateau_smooth,recompute_from_transitions
-12.020014114773264,0.5715797432354891,20037,0.28578987161774455,192,hinge_plateau_smooth,recompute_from_transitions
-11.9389012237277,0.49763600370181466,20451,0.24881800185090733,192,hinge_plateau_smooth,recompute_from_transitions
-11.87776586195074,0.5212594109897932,19772,0.2606297054948966,192,hinge_plateau_smooth,recompute_from_transitions
-11.779720922693246,0.585586683353589,20439,0.2927933416767945,192,hinge_plateau_smooth,recompute_from_transitions
-11.69676292781828,0.5600700765830791,20233,0.28003503829153953,192,hinge_plateau_smooth,recompute_from_transitions
-11.632985963597555,0.5645389572667754,20127,0.2822694786333877,192,hinge_plateau_smooth,recompute_from_transitions
-11.5624399623485,0.5829641379835996,20070,0.2914820689917998,192,hinge_plateau_smooth,recompute_from_transitions
-11.475674569324926,0.6804058281464326,20242,0.3402029140732163,192,hinge_plateau_smooth,recompute_from_transitions
-11.396858955150869,0.5756572197365332,19938,0.2878286098682666,192,hinge_plateau_smooth,recompute_from_transitions
-11.312699943564905,0.7080262610407515,20255,0.35401313052037575,192,hinge_plateau_smooth,recompute_from_transitions
-11.235036945330286,0.7224106816934805,20186,0.3612053408467403,192,hinge_plateau_smooth,recompute_from_transitions
-11.135824520249049,0.7509291304520891,20202,0.37546456522604454,192,hinge_plateau_smooth,recompute_from_transitions
-11.034916119647551,0.6708677917856035,20145,0.33543389589280176,192,hinge_plateau_smooth,recompute_from_transitions
-10.93983878309399,0.7670703613223907,20127,0.38353518066119535,192,hinge_plateau_smooth,recompute_from_transitions
-10.838045091203927,0.7267583923144644,20173,0.3633791961572322,192,hinge_plateau_smooth,recompute_from_transitions
-10.732319739935772,0.744741558010929,20125,0.3723707790054645,192,hinge_plateau_smooth,recompute_from_transitions
-10.605396238724294,0.7587949152450519,20161,0.37939745762252597,192,hinge_plateau_smooth,recompute_from_transitions
-10.4665924843832,0.711610058397715,20155,0.3558050291988575,192,hinge_plateau_smooth,recompute_from_transitions
-10.308160680414106,0.7067128025430665,20143,0.3533564012715332,192,hinge_plateau_smooth,recompute_from_transitions
-10.117953562631866,0.6781759923650655,20144,0.33908799618253277,192,hinge_plateau_smooth,recompute_from_transitions
-9.882235027171532,0.6060461511977209,20139,0.30302307559886044,192,hinge_plateau_smooth,recompute_from_transitions
-9.515250439637446,0.5793003783453646,20157,0.2896501891726823,192,hinge_plateau_smooth,recompute_from_transitions
-8.755093805154685,0.4316811292462623,20148,0.21584056462313114,192,hinge_plateau_smooth,recompute_from_transitions
-13.215568615552153,0.39946571280757726,20200,0.19973285640378863,193,hinge_plateau_smooth,recompute_from_transitions
-12.873930922403003,0.3137264692205092,19629,0.1568632346102546,193,hinge_plateau_smooth,recompute_from_transitions
-12.710510913170893,0.3988991551833862,20310,0.1994495775916931,193,hinge_plateau_smooth,recompute_from_transitions
-12.557739569963914,0.4345782352743318,20515,0.2172891176371659,193,hinge_plateau_smooth,recompute_from_transitions
-12.42394030351534,0.3919986939011593,20188,0.19599934695057966,193,hinge_plateau_smooth,recompute_from_transitions
-12.345839520565075,0.47173664788594455,20095,0.23586832394297227,193,hinge_plateau_smooth,recompute_from_transitions
-12.26153494564515,0.4500787143768901,20362,0.22503935718844506,193,hinge_plateau_smooth,recompute_from_transitions
-12.16882174978853,0.5408538341978915,19983,0.27042691709894573,193,hinge_plateau_smooth,recompute_from_transitions
-12.088170150775197,0.46235204722502954,20519,0.23117602361251477,193,hinge_plateau_smooth,recompute_from_transitions
-12.018475195490073,0.5600865635784594,19611,0.2800432817892297,193,hinge_plateau_smooth,recompute_from_transitions
-11.93414005573157,0.5366342760956164,20565,0.2683171380478082,193,hinge_plateau_smooth,recompute_from_transitions
-11.864592389546113,0.4756798860263523,20323,0.23783994301317615,193,hinge_plateau_smooth,recompute_from_transitions
-11.77444834980632,0.5844358449110145,20211,0.29221792245550726,193,hinge_plateau_smooth,recompute_from_transitions
-11.689002565547602,0.6308694636583506,20302,0.3154347318291753,193,hinge_plateau_smooth,recompute_from_transitions
-11.62802930858213,0.49098303679631633,20205,0.24549151839815817,193,hinge_plateau_smooth,recompute_from_transitions
-11.55292189160849,0.5781775947399681,19852,0.28908879736998405,193,hinge_plateau_smooth,recompute_from_transitions
-11.47127918396068,0.7131953341179903,20271,0.35659766705899515,193,hinge_plateau_smooth,recompute_from_transitions
-11.389595079458358,0.5647480359787062,20445,0.2823740179893531,193,hinge_plateau_smooth,recompute_from_transitions
-11.302371086352885,0.7107138661393883,20218,0.3553569330696941,193,hinge_plateau_smooth,recompute_from_transitions
-11.230061760638536,0.7124449168558347,20210,0.35622245842791733,193,hinge_plateau_smooth,recompute_from_transitions
-11.12719115765043,0.7554311948200334,20210,0.3777155974100167,193,hinge_plateau_smooth,recompute_from_transitions
-11.028636069510126,0.7194608734296594,20174,0.3597304367148297,193,hinge_plateau_smooth,recompute_from_transitions
-10.93309196620755,0.7914887691154097,20218,0.39574438455770483,193,hinge_plateau_smooth,recompute_from_transitions
-10.82590351546735,0.7186130458220378,20178,0.3593065229110189,193,hinge_plateau_smooth,recompute_from_transitions
-10.72302079056755,0.7551883043413009,20235,0.37759415217065045,193,hinge_plateau_smooth,recompute_from_transitions
-10.595807409581608,0.7670473810674903,20190,0.38352369053374513,193,hinge_plateau_smooth,recompute_from_transitions
-10.452639258588682,0.7692386198465309,20212,0.38461930992326543,193,hinge_plateau_smooth,recompute_from_transitions
-10.2999869408098,0.7352184575396203,20202,0.36760922876981017,193,hinge_plateau_smooth,recompute_from_transitions
-10.11458281379431,0.6552359121660478,20120,0.3276179560830239,193,hinge_plateau_smooth,recompute_from_transitions
-9.86497445446255,0.6107968772439237,20285,0.30539843862196187,193,hinge_plateau_smooth,recompute_from_transitions
-9.512911006258154,0.5568270127833259,20201,0.27841350639166296,193,hinge_plateau_smooth,recompute_from_transitions
-8.746389951511413,0.4152456556945886,20202,0.2076228278472943,193,hinge_plateau_smooth,recompute_from_transitions
-13.215568615552153,0.38218300155448276,19581,0.19109150077724138,194,hinge_plateau_smooth,recompute_from_transitions
-12.883829499865389,0.30388397735797806,19867,0.15194198867898903,194,hinge_plateau_smooth,recompute_from_transitions
-12.710510913170893,0.4184773413908284,20613,0.2092386706954142,194,hinge_plateau_smooth,recompute_from_transitions
-12.557739569963914,0.44082441395474425,19445,0.22041220697737213,194,hinge_plateau_smooth,recompute_from_transitions
-12.42707200617936,0.3694741225465191,20878,0.18473706127325956,194,hinge_plateau_smooth,recompute_from_transitions
-12.344366331759312,0.49514636245404675,19846,0.24757318122702338,194,hinge_plateau_smooth,recompute_from_transitions
-12.268666397113726,0.438969447345783,20049,0.2194847236728915,194,hinge_plateau_smooth,recompute_from_transitions
-12.16824338788068,0.5214716781023817,20527,0.26073583905119085,194,hinge_plateau_smooth,recompute_from_transitions
-12.08288377446331,0.4485252750025489,20099,0.22426263750127445,194,hinge_plateau_smooth,recompute_from_transitions
-12.018475195490073,0.5640375065799369,19825,0.28201875328996845,194,hinge_plateau_smooth,recompute_from_transitions
-11.932755238660029,0.5249387209823381,20220,0.26246936049116903,194,hinge_plateau_smooth,recompute_from_transitions
-11.866479412379473,0.47651808502933396,20281,0.23825904251466698,194,hinge_plateau_smooth,recompute_from_transitions
-11.77444834980632,0.586801517316542,19628,0.293400758658271,194,hinge_plateau_smooth,recompute_from_transitions
-11.690588433174495,0.5624079932471704,20399,0.2812039966235852,194,hinge_plateau_smooth,recompute_from_transitions
-11.631072153986253,0.5400826791040464,19724,0.2700413395520232,194,hinge_plateau_smooth,recompute_from_transitions
-11.556433676842664,0.5547395030507714,20620,0.2773697515253857,194,hinge_plateau_smooth,recompute_from_transitions
-11.474048794672168,0.6859455303847626,20118,0.3429727651923813,194,hinge_plateau_smooth,recompute_from_transitions
-11.39440304880782,0.5680560308096406,20163,0.2840280154048203,194,hinge_plateau_smooth,recompute_from_transitions
-11.310160333348229,0.6641457388967098,20049,0.3320728694483549,194,hinge_plateau_smooth,recompute_from_transitions
-11.2376486736877,0.7155504423323699,19987,0.35777522116618493,194,hinge_plateau_smooth,recompute_from_transitions
-11.135824520249049,0.7481913917754692,20262,0.3740956958877346,194,hinge_plateau_smooth,recompute_from_transitions
-11.036037873732965,0.7055488812794148,20032,0.3527744406397074,194,hinge_plateau_smooth,recompute_from_transitions
-10.93873017332951,0.7650154940284176,20180,0.3825077470142088,194,hinge_plateau_smooth,recompute_from_transitions
-10.836533016296649,0.7563234654732781,19957,0.37816173273663906,194,hinge_plateau_smooth,recompute_from_transitions
-10.73136502769216,0.7785318693328902,20213,0.3892659346664451,194,hinge_plateau_smooth,recompute_from_transitions
-10.605396238724294,0.7564212683194883,20157,0.37821063415974415,194,hinge_plateau_smooth,recompute_from_transitions
-10.4665924843832,0.7342120712742262,20040,0.3671060356371131,194,hinge_plateau_smooth,recompute_from_transitions
-10.30899619356087,0.7106187352876471,20091,0.35530936764382354,194,hinge_plateau_smooth,recompute_from_transitions
-10.117953562631866,0.6473248885048138,20149,0.3236624442524069,194,hinge_plateau_smooth,recompute_from_transitions
-9.878595088164268,0.6256546554962841,20140,0.31282732774814204,194,hinge_plateau_smooth,recompute_from_transitions
-9.525191023514981,0.6062670936976832,20104,0.3031335468488416,194,hinge_plateau_smooth,recompute_from_transitions
-8.768213232064644,0.4090148528659521,20106,0.20450742643297606,194,hinge_plateau_smooth,recompute_from_transitions
-13.215568615552153,0.3860269045751638,19625,0.1930134522875819,195,hinge_plateau_smooth,recompute_from_transitions
-12.873930922403003,0.32031788189488,20156,0.16015894094744,195,hinge_plateau_smooth,recompute_from_transitions
-12.710510913170893,0.4207985747395429,20213,0.21039928736977145,195,hinge_plateau_smooth,recompute_from_transitions
-12.557739569963914,0.4388050676587119,19700,0.21940253382935596,195,hinge_plateau_smooth,recompute_from_transitions
-12.42693850381749,0.3825178918582557,20616,0.19125894592912784,195,hinge_plateau_smooth,recompute_from_transitions
-12.357640847696889,0.4912633918077044,19061,0.2456316959038522,195,hinge_plateau_smooth,recompute_from_transitions
-12.27194452041643,0.4263716298918458,20602,0.2131858149459229,195,hinge_plateau_smooth,recompute_from_transitions
-12.172721188636483,0.5339770989846667,20436,0.26698854949233336,195,hinge_plateau_smooth,recompute_from_transitions
-12.090428487980128,0.4905192097288061,20097,0.24525960486440304,195,hinge_plateau_smooth,recompute_from_transitions
-12.020014114773264,0.5808599462788823,20116,0.29042997313944113,195,hinge_plateau_smooth,recompute_from_transitions
-11.946587451778106,0.5139547581983227,19733,0.25697737909916135,195,hinge_plateau_smooth,recompute_from_transitions
-11.882232770753957,0.4869318170937727,20577,0.24346590854688635,195,hinge_plateau_smooth,recompute_from_transitions
-11.78090710457824,0.59250796796957,20027,0.296253983984785,195,hinge_plateau_smooth,recompute_from_transitions
-11.700411993515722,0.5732301783717334,19911,0.2866150891858667,195,hinge_plateau_smooth,recompute_from_transitions
-11.63302268210979,0.609909558955452,19952,0.304954779477726,195,hinge_plateau_smooth,recompute_from_transitions
-11.566220267292575,0.566360362758923,20079,0.2831801813794615,195,hinge_plateau_smooth,recompute_from_transitions
-11.482398110500611,0.7030963444284786,20416,0.3515481722142393,195,hinge_plateau_smooth,recompute_from_transitions
-11.40248416262389,0.5408873887063192,20092,0.2704436943531596,195,hinge_plateau_smooth,recompute_from_transitions
-11.31599863352836,0.7009465246098623,20049,0.35047326230493114,195,hinge_plateau_smooth,recompute_from_transitions
-11.240543307661747,0.7601964542732684,19961,0.3800982271366342,195,hinge_plateau_smooth,recompute_from_transitions
-11.14096798459634,0.7541305942137693,20008,0.37706529710688463,195,hinge_plateau_smooth,recompute_from_transitions
-11.037645942581964,0.7197627698240939,20286,0.35988138491204696,195,hinge_plateau_smooth,recompute_from_transitions
-10.939677243469593,0.8358709138578185,20008,0.41793545692890927,195,hinge_plateau_smooth,recompute_from_transitions
-10.838214387123791,0.74486637144593,20162,0.372433185722965,195,hinge_plateau_smooth,recompute_from_transitions
-10.73290677063298,0.7855769262898109,19985,0.39278846314490545,195,hinge_plateau_smooth,recompute_from_transitions
-10.602119018365435,0.7684463641192363,20164,0.38422318205961814,195,hinge_plateau_smooth,recompute_from_transitions
-10.4665924843832,0.7439708549863725,20090,0.37198542749318625,195,hinge_plateau_smooth,recompute_from_transitions
-10.30899619356087,0.7589238002873168,20063,0.3794619001436584,195,hinge_plateau_smooth,recompute_from_transitions
-10.118381628289924,0.6455220467773192,20035,0.3227610233886596,195,hinge_plateau_smooth,recompute_from_transitions
-9.882500483236228,0.6280021418862765,20139,0.3140010709431382,195,hinge_plateau_smooth,recompute_from_transitions
-9.523577880330963,0.5905595939145871,20082,0.29527979695729356,195,hinge_plateau_smooth,recompute_from_transitions
-8.760775621915853,0.4275936181446828,20082,0.2137968090723414,195,hinge_plateau_smooth,recompute_from_transitions
-13.215568615552153,0.36281573231105485,19942,0.18140786615552743,196,hinge_plateau_smooth,recompute_from_transitions
-12.883829499865389,0.3024314519353804,20100,0.1512157259676902,196,hinge_plateau_smooth,recompute_from_transitions
-12.713161295167165,0.41537556616096655,20184,0.20768778308048327,196,hinge_plateau_smooth,recompute_from_transitions
-12.557739569963914,0.45587051812000356,20185,0.22793525906000178,196,hinge_plateau_smooth,recompute_from_transitions
-12.430203708843376,0.4130110678470929,20409,0.20650553392354645,196,hinge_plateau_smooth,recompute_from_transitions
-12.357640847696889,0.4866243677432165,19620,0.24331218387160825,196,hinge_plateau_smooth,recompute_from_transitions
-12.27194452041643,0.42120633115390754,20744,0.21060316557695377,196,hinge_plateau_smooth,recompute_from_transitions
-12.176686744812724,0.5336850457994265,20249,0.2668425228997133,196,hinge_plateau_smooth,recompute_from_transitions
-12.09347629182408,0.4509291990623294,20146,0.2254645995311647,196,hinge_plateau_smooth,recompute_from_transitions
-12.02160689815435,0.5218819464625103,19985,0.26094097323125515,196,hinge_plateau_smooth,recompute_from_transitions
-11.949066537304118,0.5597894435220039,20038,0.27989472176100194,196,hinge_plateau_smooth,recompute_from_transitions
-11.881855902469106,0.47233432231843087,20452,0.23616716115921543,196,hinge_plateau_smooth,recompute_from_transitions
-11.78090710457824,0.5913954737175242,20206,0.2956977368587621,196,hinge_plateau_smooth,recompute_from_transitions
-11.698090872057822,0.5740268478079218,20063,0.2870134239039609,196,hinge_plateau_smooth,recompute_from_transitions
-11.63302268210979,0.5570704878830105,20352,0.27853524394150525,196,hinge_plateau_smooth,recompute_from_transitions
-11.566220267292575,0.5636521654705792,20070,0.2818260827352896,196,hinge_plateau_smooth,recompute_from_transitions
-11.484284234337476,0.6733431050439149,19582,0.33667155252195746,196,hinge_plateau_smooth,recompute_from_transitions
-11.404513487654611,0.5973436128708404,20902,0.2986718064354202,196,hinge_plateau_smooth,recompute_from_transitions
-11.32120497090742,0.6848437314645794,20168,0.3424218657322897,196,hinge_plateau_smooth,recompute_from_transitions
-11.245286622108551,0.7312633475565034,20182,0.3656316737782517,196,hinge_plateau_smooth,recompute_from_transitions
-11.1489475716631,0.7057384288462406,20061,0.3528692144231203,196,hinge_plateau_smooth,recompute_from_transitions
-11.043021489204277,0.7376572157577977,19773,0.3688286078788989,196,hinge_plateau_smooth,recompute_from_transitions
-10.952415855765326,0.7687958582155237,20726,0.3843979291077618,196,hinge_plateau_smooth,recompute_from_transitions
-10.843106545101092,0.7345609068827283,20160,0.3672804534413642,196,hinge_plateau_smooth,recompute_from_transitions
-10.737106229050251,0.8268137963405684,20208,0.4134068981702842,196,hinge_plateau_smooth,recompute_from_transitions
-10.607951237360746,0.7792841427866954,20174,0.3896420713933477,196,hinge_plateau_smooth,recompute_from_transitions
-10.469414915574111,0.8163872491517404,20180,0.4081936245758702,196,hinge_plateau_smooth,recompute_from_transitions
-10.317318153810518,0.7250966595775274,20185,0.3625483297887637,196,hinge_plateau_smooth,recompute_from_transitions
-10.122532716899276,0.6902997857961439,20174,0.34514989289807196,196,hinge_plateau_smooth,recompute_from_transitions
-9.887068765323612,0.6633278336506742,20186,0.3316639168253371,196,hinge_plateau_smooth,recompute_from_transitions
-9.520379417891462,0.5655019613074594,20175,0.2827509806537297,196,hinge_plateau_smooth,recompute_from_transitions
-8.771355577253964,0.41496827539255415,20189,0.20748413769627708,196,hinge_plateau_smooth,recompute_from_transitions
-13.215568615552153,0.3950896253308268,19733,0.1975448126654134,197,hinge_plateau_smooth,recompute_from_transitions
-12.860649229000792,0.31043704871949374,20588,0.15521852435974687,197,hinge_plateau_smooth,recompute_from_transitions
-12.710510913170893,0.4191142953724745,19684,0.20955714768623726,197,hinge_plateau_smooth,recompute_from_transitions
-12.557574656409145,0.4180698256796654,20757,0.2090349128398327,197,hinge_plateau_smooth,recompute_from_transitions
-12.42394030351534,0.37793516529177695,20239,0.18896758264588848,197,hinge_plateau_smooth,recompute_from_transitions
-12.343295217411509,0.4901801947125719,19445,0.24509009735628595,197,hinge_plateau_smooth,recompute_from_transitions
-12.262567968992428,0.42694409636915237,20512,0.21347204818457619,197,hinge_plateau_smooth,recompute_from_transitions
-12.16824338788068,0.5535768089427173,20748,0.27678840447135866,197,hinge_plateau_smooth,recompute_from_transitions
-12.080498415972452,0.4727544218694032,20174,0.2363772109347016,197,hinge_plateau_smooth,recompute_from_transitions
-12.018475195490073,0.5748917200038495,19219,0.28744586000192474,197,hinge_plateau_smooth,recompute_from_transitions
-11.932755238660029,0.5372319944367134,20524,0.2686159972183567,197,hinge_plateau_smooth,recompute_from_transitions
-11.864592389546113,0.48881958796766733,20661,0.24440979398383367,197,hinge_plateau_smooth,recompute_from_transitions
-11.773273368513838,0.5925177650015205,19974,0.29625888250076027,197,hinge_plateau_smooth,recompute_from_transitions
-11.687846855086976,0.6242643199217717,20257,0.31213215996088584,197,hinge_plateau_smooth,recompute_from_transitions
-11.627738167514028,0.529793708577493,20669,0.2648968542887465,197,hinge_plateau_smooth,recompute_from_transitions
-11.544005818877045,0.6138512972551786,19870,0.3069256486275893,197,hinge_plateau_smooth,recompute_from_transitions
-11.463641235539974,0.6877306369167152,20528,0.3438653184583576,197,hinge_plateau_smooth,recompute_from_transitions
-11.381576570951609,0.5977657050591747,20253,0.29888285252958735,197,hinge_plateau_smooth,recompute_from_transitions
-11.302371086352885,0.635816125040859,20175,0.3179080625204295,197,hinge_plateau_smooth,recompute_from_transitions
-11.22641224576252,0.7500825869992368,20179,0.3750412934996184,197,hinge_plateau_smooth,recompute_from_transitions
-11.124688352017287,0.7747060751391956,20130,0.3873530375695978,197,hinge_plateau_smooth,recompute_from_transitions
-11.025391815914142,0.6884553176505899,20354,0.34422765882529494,197,hinge_plateau_smooth,recompute_from_transitions
-10.929205869596046,0.8325722481156878,20205,0.4162861240578439,197,hinge_plateau_smooth,recompute_from_transitions
-10.822105113077146,0.7451475148790552,20227,0.3725737574395276,197,hinge_plateau_smooth,recompute_from_transitions
-10.719192211480385,0.7270282823040864,20203,0.3635141411520432,197,hinge_plateau_smooth,recompute_from_transitions
-10.59165117114252,0.7606864465912836,20156,0.3803432232956418,197,hinge_plateau_smooth,recompute_from_transitions
-10.451450147103516,0.7419684648255281,20308,0.37098423241276407,197,hinge_plateau_smooth,recompute_from_transitions
-10.29397459682489,0.7281798097930698,20205,0.3640899048965349,197,hinge_plateau_smooth,recompute_from_transitions
-10.105697924725389,0.649232073554913,20222,0.3246160367774565,197,hinge_plateau_smooth,recompute_from_transitions
-9.865417205979204,0.6544223440810071,20195,0.32721117204050354,197,hinge_plateau_smooth,recompute_from_transitions
-9.512936056283447,0.5528653015674795,20230,0.27643265078373974,197,hinge_plateau_smooth,recompute_from_transitions
-8.748978964310403,0.39713648377719485,20217,0.19856824188859742,197,hinge_plateau_smooth,recompute_from_transitions
-13.215568615552153,0.4005886970893191,20120,0.20029434854465955,198,hinge_plateau_smooth,recompute_from_transitions
-12.873930922403003,0.30527235919591533,20401,0.15263617959795767,198,hinge_plateau_smooth,recompute_from_transitions
-12.705542382119727,0.4206971985471195,18898,0.21034859927355976,198,hinge_plateau_smooth,recompute_from_transitions
-12.557739569963914,0.46372731418893604,21135,0.23186365709446802,198,hinge_plateau_smooth,recompute_from_transitions
-12.42394030351534,0.40140811082231626,20721,0.20070405541115813,198,hinge_plateau_smooth,recompute_from_transitions
-12.340802939943185,0.5051438862181621,20299,0.25257194310908104,198,hinge_plateau_smooth,recompute_from_transitions
-12.258078399502752,0.42107816335863696,20229,0.21053908167931848,198,hinge_plateau_smooth,recompute_from_transitions
-12.16824338788068,0.5261505707954124,20379,0.2630752853977062,198,hinge_plateau_smooth,recompute_from_transitions
-12.08288377446331,0.486739349867265,20274,0.2433696749336325,198,hinge_plateau_smooth,recompute_from_transitions
-12.018475195490073,0.5163525988778561,19754,0.25817629943892806,198,hinge_plateau_smooth,recompute_from_transitions
-11.9353378319113,0.5429444837174896,20691,0.2714722418587448,198,hinge_plateau_smooth,recompute_from_transitions
-11.871715130766209,0.47576986740675425,20236,0.23788493370337713,198,hinge_plateau_smooth,recompute_from_transitions
-11.7753186339949,0.5688917372089775,20350,0.2844458686044887,198,hinge_plateau_smooth,recompute_from_transitions
-11.692195560076485,0.5825610554627155,20341,0.29128052773135776,198,hinge_plateau_smooth,recompute_from_transitions
-11.631072153986253,0.5514028704493816,19584,0.2757014352246908,198,hinge_plateau_smooth,recompute_from_transitions
-11.556433676842664,0.5690385118384619,20805,0.28451925591923094,198,hinge_plateau_smooth,recompute_from_transitions
-11.47403774019012,0.7037173294600328,20054,0.3518586647300164,198,hinge_plateau_smooth,recompute_from_transitions
-11.390292185788535,0.5698920889670457,20599,0.28494604448352284,198,hinge_plateau_smooth,recompute_from_transitions
-11.304645561067858,0.6941615735697513,19602,0.34708078678487564,198,hinge_plateau_smooth,recompute_from_transitions
-11.233322892790468,0.7402962672219974,20862,0.3701481336109987,198,hinge_plateau_smooth,recompute_from_transitions
-11.130618875778586,0.7368393355893521,20408,0.36841966779467605,198,hinge_plateau_smooth,recompute_from_transitions
-11.030873545631414,0.7176245797671961,20147,0.35881228988359803,198,hinge_plateau_smooth,recompute_from_transitions
-10.935905374020985,0.7972324614572991,20396,0.39861623072864955,198,hinge_plateau_smooth,recompute_from_transitions
-10.835379629017122,0.6750839543071774,20093,0.3375419771535887,198,hinge_plateau_smooth,recompute_from_transitions
-10.729717683926218,0.7244263754633411,20287,0.36221318773167055,198,hinge_plateau_smooth,recompute_from_transitions
-10.603746287280842,0.7721697984452942,20447,0.3860848992226471,198,hinge_plateau_smooth,recompute_from_transitions
-10.461726458632452,0.748132025216472,20156,0.374066012608236,198,hinge_plateau_smooth,recompute_from_transitions
-10.308160680414106,0.7165135647438431,20396,0.35825678237192154,198,hinge_plateau_smooth,recompute_from_transitions
-10.11458281379431,0.6645787568277587,20246,0.33228937841387934,198,hinge_plateau_smooth,recompute_from_transitions
-9.86648353125112,0.6384877136286001,20297,0.31924385681430006,198,hinge_plateau_smooth,recompute_from_transitions
-9.49954306969146,0.5802962988029043,20275,0.29014814940145217,198,hinge_plateau_smooth,recompute_from_transitions
-8.765130019253498,0.3944443639479225,20277,0.19722218197396124,198,hinge_plateau_smooth,recompute_from_transitions
-13.215568615552153,0.39230365749758805,19994,0.19615182874879403,199,hinge_plateau_smooth,recompute_from_transitions
-12.860649229000792,0.3182528195594883,20200,0.15912640977974415,199,hinge_plateau_smooth,recompute_from_transitions
-12.706746397704666,0.4383615250954822,19890,0.2191807625477411,199,hinge_plateau_smooth,recompute_from_transitions
-12.557739569963914,0.4465634587877575,20013,0.22328172939387875,199,hinge_plateau_smooth,recompute_from_transitions
-12.42707200617936,0.38440163055332505,20490,0.19220081527666252,199,hinge_plateau_smooth,recompute_from_transitions
-12.345839520565075,0.46894559016040493,19949,0.23447279508020247,199,hinge_plateau_smooth,recompute_from_transitions
-12.268764180668509,0.40122973103120885,19808,0.20061486551560442,199,hinge_plateau_smooth,recompute_from_transitions
-12.172721188636483,0.528915276586761,20475,0.2644576382933805,199,hinge_plateau_smooth,recompute_from_transitions
-12.090428487980128,0.4706105767527298,20217,0.2353052883763649,199,hinge_plateau_smooth,recompute_from_transitions
-12.02160689815435,0.5799516587246566,19964,0.2899758293623283,199,hinge_plateau_smooth,recompute_from_transitions
-11.952175739666302,0.5493715080447232,19534,0.2746857540223616,199,hinge_plateau_smooth,recompute_from_transitions
-11.878512914472651,0.474001144618672,20738,0.237000572309336,199,hinge_plateau_smooth,recompute_from_transitions
-11.780554352381705,0.590365371836261,20131,0.2951826859181305,199,hinge_plateau_smooth,recompute_from_transitions
-11.69676292781828,0.5472464505267514,20260,0.2736232252633757,199,hinge_plateau_smooth,recompute_from_transitions
-11.63187735383314,0.5245798152559682,19626,0.2622899076279841,199,hinge_plateau_smooth,recompute_from_transitions
-11.564931219048146,0.5836789958576065,20520,0.29183949792880326,199,hinge_plateau_smooth,recompute_from_transitions
-11.475674569324926,0.6416298063493122,20241,0.3208149031746561,199,hinge_plateau_smooth,recompute_from_transitions
-11.397984148998304,0.560390295054267,20109,0.2801951475271335,199,hinge_plateau_smooth,recompute_from_transitions
-11.31599863352836,0.7033476695040194,19988,0.3516738347520097,199,hinge_plateau_smooth,recompute_from_transitions
-11.242190651427638,0.7247725537713866,20191,0.3623862768856933,199,hinge_plateau_smooth,recompute_from_transitions
-11.145488860603283,0.7500514429474094,19772,0.3750257214737047,199,hinge_plateau_smooth,recompute_from_transitions
-11.044204281676825,0.7692313949708066,19789,0.3846156974854033,199,hinge_plateau_smooth,recompute_from_transitions
-10.952861235229005,0.7434641899960056,20880,0.3717320949980028,199,hinge_plateau_smooth,recompute_from_transitions
-10.841289459577933,0.6835490132694567,20115,0.34177450663472836,199,hinge_plateau_smooth,recompute_from_transitions
-10.737106229050251,0.7266283954157131,20095,0.36331419770785656,199,hinge_plateau_smooth,recompute_from_transitions
-10.608104730488945,0.7965652460227729,20149,0.39828262301138645,199,hinge_plateau_smooth,recompute_from_transitions
-10.472715911991452,0.7421388056206686,20105,0.3710694028103343,199,hinge_plateau_smooth,recompute_from_transitions
-10.320234851902422,0.7333434662822288,20020,0.3666717331411144,199,hinge_plateau_smooth,recompute_from_transitions
-10.12279792209644,0.6530978373437052,20222,0.3265489186718526,199,hinge_plateau_smooth,recompute_from_transitions
-9.8854993449166,0.6207567566447199,20135,0.3103783783223599,199,hinge_plateau_smooth,recompute_from_transitions
-9.527773481192185,0.5868025999387676,20118,0.2934012999693838,199,hinge_plateau_smooth,recompute_from_transitions
-8.758946562140741,0.4120505811930555,20129,0.20602529059652774,199,hinge_plateau_smooth,recompute_from_transitions
