rep,n,ou_a,ou_b,ou_x_star,ou_tau,ou_sse,ou_aic,ou_bic,tanh_A,tanh_Delta,tanh_x_star,tanh_tau_local,tanh_sse,tanh_aic,tanh_bic,rat_A,rat_Delta,rat_x_star,rat_tau_local,rat_sse,rat_aic,rat_bic,hinge_a,hinge_b,hinge_A,hinge_x_c,hinge_Delta,hinge_tau_from_b,hinge_sse,hinge_aic,hinge_bic,delta_aic_tanh,delta_bic_tanh,delta_aic_rat,delta_bic_rat,delta_aic_hinge,delta_bic_hinge
0,74506,-2.9496363062977564,-0.29119921939272303,-10.129272710445552,3.434075139643007,31830.45966239178,-63360.07299979883,-63341.63572992275,0.39085725658840775,0.835732392362963,-10.197996261911719,2.1382035980542917,32035.70726909163,-62879.189372817644,-62851.53346800353,0.41955626097650955,0.8514833501827765,-10.202579441335688,2.029485504997505,32000.52111038885,-62961.06740562775,-62933.411500813636,-3.6541104423424007,-0.4501270001969605,0.32538096609194134,-11.274662872337014,0.8770439671781829,2.221595237704989,31628.196826173687,-63829.02304572611,-63782.92987103593,480.88362698118726,490.10226191922266,399.0055941710816,408.224229109117,-468.9500459272822,-441.294141113176
1,73875,-2.9801437842736735,-0.2941672604367921,-10.130779951000084,3.3994265660806624,31336.072566211682,-63351.53713739589,-63333.116877886474,0.39864868266204767,0.850862074054883,-10.206374709146088,2.134365698572236,31475.641470884202,-63021.233095387826,-62993.602706123704,0.43093124257225646,0.8813858106274903,-10.21040999850124,2.045304966440682,31446.009410168805,-63090.81387136966,-63063.18348210554,-2.7900831708388028,-0.3690612686109045,0.3355068260027822,-11.216209688051826,0.815470418789745,2.7095772031670013,31128.699196121775,-63836.04606154442,-63789.99541277088,330.30404200806515,339.5141717627703,260.7232660262307,269.9333957809358,-484.5089241485257,-456.87853488440305
2,74388,-2.6989463777909735,-0.2668934645030254,-10.112448361433666,3.746813365632879,29288.284653367686,-69333.5787611431,-69315.14466130812,0.3729964840149675,0.7834079362525825,-10.203271235002761,2.100309171335637,28954.79060241903,-70183.46463686989,-70155.81348711743,0.39903792357188117,0.7929422368208676,-10.207586959207154,1.9871350314853722,28941.65881975611,-70217.2092645709,-70189.55811481844,-3.722750028172347,-0.4226947091085683,0.2937260421188758,-10.873174633351631,0.7381199464033984,2.365773638636087,28497.400217226113,-71363.93034135124,-71317.8450917638,-849.8858757267881,-840.6688258093054,-883.6305034278048,-874.4134535103221,-2030.3515802081383,-2002.7004304556758
3,74732,-2.898522135116746,-0.28621522601023636,-10.12707176875727,3.4938742216468786,31146.121996504706,-65402.83922575413,-65384.39589843497,0.39261117673496987,0.8431532791544867,-10.188324571134384,2.147552920337907,31179.71961072705,-65320.26856406638,-65292.60357308764,0.4227174337354609,0.8652839349901541,-10.192557897757338,2.0469558762784645,31152.94742287475,-65384.46409301842,-65356.79910203968,-3.285065237665459,-0.39010203866252174,0.32107189495668487,-10.940971340174572,0.7934256281365737,2.563431873949017,30905.362133687744,-65976.76270735124,-65930.65438905334,82.57066168775054,91.79232534732728,18.375132735709485,27.59679639528622,-573.923481597114,-546.2584906183693
4,74087,-2.805731379880896,-0.27717940031239746,-10.122438307892548,3.6077717134568488,30696.07148700856,-65274.455510641434,-65256.029519926844,0.3730082717152403,0.7723621254187477,-10.200256047455778,2.0706300207958384,30499.86444960456,-65747.53413696833,-65719.89515089644,0.39997231439071756,0.7848434536157893,-10.203886705743324,1.9622444488722937,30476.829291910653,-65803.50981241201,-65775.87082634012,-3.8588576828524968,-0.43274383400480165,0.297693959866216,-10.835482516369208,0.7709798473256877,2.310835929759092,30110.15527779907,-66696.27368177677,-66650.20870499029,-473.0786263268965,-463.86563096959435,-529.0543017705786,-519.8413064132765,-1421.818171135339,-1394.1791850634472
5,74085,-2.9268883777571237,-0.2887309538623404,-10.137078614551976,3.463431913423369,30270.276335655268,-66305.54444807378,-66287.11851135049,0.3946587197379607,0.8293324451697891,-10.203684244299517,2.101391414132282,30306.227222900776,-66215.60864333688,-66187.96973825195,0.422722435034391,0.840814752022482,-10.20913047040282,1.9890469072314005,30280.819824081504,-66277.74427607057,-66250.10537098565,-2.725017286942922,-0.3466483754070903,0.33008821770374613,-11.028295416198096,0.7662597868530191,2.8847675943256306,29914.53948397274,-67175.34912478407,-67129.28428297586,89.93580473690236,99.1487730985391,27.800172003204352,37.01314036484109,-869.8046767102933,-842.1657716253685
6,74153,-2.81083099730249,-0.27795753870637,-10.112447427705163,3.5976718050320065,30493.147226017216,-65890.4727970321,-65872.04502542154,0.3930506742967747,0.8667813796154878,-10.183605176659983,2.205266232315431,30379.813907276297,-66164.58932359586,-66136.94766618003,0.42151418294425924,0.882300121046883,-10.189497556250426,2.0931682888676555,30361.53950950701,-66209.2080679091,-66181.56641049327,-60.15699176623208,-5.852704267553775,2.5314314933215027e-05,-16.756791663584192,2.38503372961887,0.17086118728803718,30010.131195129325,-67068.46975104703,-67022.40032202064,-274.1165265637683,-264.9026407584897,-318.73527087700495,-309.5213850717264,-1177.9969540149323,-1150.3552965990966
7,73967,-2.76850222552642,-0.2737202058274122,-10.114350956144003,3.653365658472895,31294.81056687256,-63619.954779818356,-63601.5320311648,0.3832118834924221,0.825546830151615,-10.189680207321032,2.1542829586283956,31094.747448916576,-64092.33285969335,-64064.69873671302,0.4104862588413424,0.838086231752293,-10.194515546295284,2.041691320235455,31079.47622566144,-64128.668386748424,-64101.034263768095,-11.05015682271968,-1.1358705953773627,0.20095638889983228,-12.048458378478204,1.5376430148627434,0.880381976670306,30729.027331485766,-64963.450419795445,-64917.39354816156,-472.378079874994,-463.1667055482176,-508.71360693006864,-499.5022326032922,-1343.495639977089,-1315.8615169967597
8,74261,-2.9255811453379983,-0.28853403131905353,-10.1394665023169,3.465795682500362,31246.703070415817,-64281.67180712141,-64263.24112473373,0.3953808031216315,0.871034638694406,-10.192766904046646,2.2030271369205767,31412.30616359869,-63887.13831235238,-63859.49228877086,0.42769653240411887,0.9036619509501898,-10.196096718883368,2.1128577916464004,31380.33493606694,-63962.7591332422,-63935.113109660684,-2.3533694332233925,-0.33110308529882254,0.33115722159756494,-11.24078629391735,0.808186014714961,3.020207435087758,31113.794763923273,-64592.21574232359,-64546.13903635439,394.5334947690353,403.74883596286963,318.91267387921107,328.1280150730454,-310.54393520217855,-282.89791162066103
9,74219,-2.99449836266126,-0.2962543765607418,-10.107862025279786,3.3754775595525,31387.844741743273,-63868.83237952569,-63850.402828603554,0.3956589467662441,0.8722206223650749,-10.181194924924387,2.204475924262075,31965.504865865834,-62513.32715119439,-62485.68282481119,0.4265591196829538,0.897087473516586,-10.184990259321237,2.1030788749361617,31919.24112610413,-62620.8222675416,-62593.1779411584,-3.497946919869761,-0.4606612473529047,0.3331609825822955,-11.527492323428511,0.9400428220156483,2.1707925416915246,31555.73473887088,-63466.90137749811,-63420.827500192776,1355.505228331298,1364.7200037923612,1248.010111984091,1257.2248874451543,401.9310020275807,429.57532841077773
10,74440,-3.029698277744341,-0.29916617459799655,-10.12714181947704,3.342623882341466,30848.521026048384,-65570.54016445595,-65552.10466703444,0.39364492637225984,0.8301110046484377,-10.204609243783848,2.1087811604700404,31228.584856234032,-64657.0187709629,-64629.36552483063,0.42424913407976017,0.8540290561177888,-10.208449719540877,2.0130366511419413,31189.15492418192,-64751.06781992619,-64723.41457379392,-2.1376083485198447,-0.3040201761406778,0.32828507252371064,-11.135196902126884,0.7433872538479659,3.2892553800023947,30854.429023937362,-65550.28504816594,-65504.19630461216,913.5213934930434,922.7391422038054,819.4723445297568,828.6900932405188,20.25511629000539,47.908362422276696
11,74527,-2.925422556181792,-0.28886135598991464,-10.127427901030593,3.461868399021551,31063.985033744906,-65215.49924085464,-65197.061407345005,0.3931899254918708,0.850132555455559,-10.186883649930097,2.1621422634165013,31163.651258754744,-64974.76829925793,-64947.111548993475,0.4242431734437267,0.8774288827672558,-10.189865613949221,2.068221571239122,31134.861199737676,-65043.650742720405,-65015.99399245595,-3.7233241321216215,-0.438231028345042,0.31965584987721185,-11.059512505472961,0.850147013999033,2.281901406608407,30836.878290100703,-65756.36270344853,-65710.26811967444,240.73094159671018,249.94985835153057,171.84849813423352,181.0674148890539,-540.8634625938867,-513.2067123294328
12,73684,-2.873634999376739,-0.2834628181604164,-10.137608233861911,3.5277995417165546,30712.188713280066,-64478.789857651376,-64460.37477573483,0.3760042383104534,0.7358453942496411,-10.223567877288652,1.9570135633473356,30597.51714878154,-64752.42221610253,-64724.79959322772,0.40125868793583214,0.7394662375232404,-10.22762174766338,1.8428666088882122,30568.784122146364,-64821.64871652269,-64794.02609364788,-3.0706378134944377,-0.3582462634073403,0.3071438270873013,-10.782241837601141,0.6560105826543786,2.791375939245904,30244.913294788752,-65602.48255079861,-65556.44484600725,-273.6323584511556,-264.4248174928871,-342.85885887131735,-333.65131791304884,-1123.6926931472335,-1096.0700702724134
13,73810,-2.82819047387641,-0.27889757789287956,-10.140606079277878,3.585545660006001,30193.770798091624,-65971.70220612781,-65953.28370712229,0.3674356073369299,0.7370923677940244,-10.22618296382464,2.0060450132644,30047.042203820285,-66329.26106400038,-66301.63331549209,0.39284673815359694,0.7444997440891316,-10.22982981772381,1.8951404499075764,30021.509561623014,-66392.00818803419,-66364.38043952589,-3.981234839403054,-0.44085344598945253,0.29812526555215324,-10.801920936920473,0.7510546364211572,2.268327511324308,29688.41019522867,-67211.5336386369,-67165.48739112308,-357.55885787257284,-348.34960836979735,-420.3059819063783,-411.0967324036028,-1239.8314325090905,-1212.2036840007931
14,74387,-2.880747217604907,-0.28472470628385965,-10.117658053646078,3.5121644800400222,30776.944259549156,-65643.66924555312,-65625.23517260437,0.38559262389341825,0.8259701845213352,-10.195970209821985,2.1420798359193762,30959.719003598733,-65201.21445289592,-65173.56334347281,0.4141567319108683,0.8433023838506336,-10.200687206488372,2.036191419513429,30929.904905579257,-65272.88338028139,-65245.23227085828,-2.945890696659989,-0.35058972265938887,0.3044104236839796,-10.851103611186893,0.701996940842863,2.8523368922925836,30626.80120911751,-66001.44879242258,-65955.36361005073,442.4547926571977,451.67182913156284,370.7858652717259,380.0029017460911,-357.7795468694676,-330.12843744635757
15,74401,-2.763830448261528,-0.27281477116325586,-10.130794738411053,3.6654906760953465,30377.131612009358,-66642.87621143344,-66624.44176211026,0.38788819226575066,0.869235229026079,-10.193776385674528,2.240942741640733,30237.14439759053,-66984.53146701965,-66956.87979303488,0.41719196345526066,0.8909620222179022,-10.198714318540793,2.1356164554053025,30219.093048029586,-67028.9615723435,-67001.30989835873,-323.14655412584307,-32.29994146513615,0.09449584085391015,-20.580957506999734,2.232926708001905,0.030959808428116752,29833.40981873209,-67980.64571937165,-67934.5595960637,-341.6552555862145,-332.43803092461894,-386.08536091005953,-376.868136248464,-1337.7695079382102,-1310.117833953438
16,74194,-2.84439447445807,-0.2810433577423812,-10.120838639657117,3.5581698426641037,30813.03118730867,-65193.65055457352,-65175.22167744682,0.3768939786625362,0.7819808001443177,-10.211524394836,2.074803112852298,30842.283443160937,-65121.2481230375,-65093.60480734744,0.4044879706605383,0.7965398386399603,-10.214621861813095,1.969254703271378,30814.289611369004,-65188.62048565164,-65160.97716996158,-3.8839661902995024,-0.4401043570042305,0.3008554202408567,-10.91887638673764,0.7770299702632044,2.272188366429618,30409.768328952163,-66165.06803497355,-66118.99584215679,72.40243153602205,81.61687009938032,5.03006892187841,14.244507485236682,-971.4174804000286,-943.7741647099683
17,74486,-2.8087777786156285,-0.27777451799990266,-10.111718666060696,3.6000422472170412,31806.87583306544,-63378.275199153504,-63359.838466219015,0.3644525311450256,0.7260408968628386,-10.207378852327777,1.9921411838786958,31736.256454973034,-63541.83698286904,-63514.1818834673,0.3879467287340418,0.7249053528710927,-10.211289761955115,1.8685693142370947,31713.580820691797,-63595.07643751543,-63567.421338113694,-3.8928788502721217,-0.425014411565447,0.28432877623581276,-10.665936340213014,0.684350323052921,2.3528613919624988,31384.81576286887,-64367.28049430778,-64321.18866197155,-163.56178371553688,-154.34341724828846,-216.80123836192797,-207.58287189467956,-989.0052951542748,-961.3501957525368
18,74239,-2.951410893600587,-0.2911746128222607,-10.136223295683378,3.434365346303119,30722.029694142566,-65497.78548941471,-65479.35539961963,0.38424126121027424,0.8062836866914745,-10.205580906894134,2.098378722138952,30767.888115776655,-65385.0524093866,-65357.40727469397,0.4112794307040471,0.81529661847665,-10.210591192270252,1.9823423142776377,30743.928310845076,-65442.886892307324,-65415.2417576147,-4.680658450391279,-0.5291618386077322,0.30925229373889895,-11.133995047434198,0.9029414462119831,1.8897810216834252,30373.68782651271,-66338.35324213332,-66292.27801764561,112.73308002811245,121.94812492565688,54.898597107385285,64.11364200492972,-840.5677527186126,-812.9226180259866
19,74414,-2.9865195043802686,-0.29461215130859236,-10.137122624151473,3.3942931259225184,31653.66144427054,-63604.36306529541,-63585.92826654509,0.4007464461219912,0.8518911900862906,-10.197139812564542,2.125761059966996,31782.43965412177,-63300.234948782396,-63272.58275065691,0.4311311228864568,0.8721490659418445,-10.20216853183874,2.0229322812575856,31748.19114883625,-63380.46612190279,-63352.81392377731,-2.4892404466333717,-0.3349554393613254,0.3299590611296179,-11.126958411365083,0.7682977792964161,2.9854717448587937,31394.72956739919,-64209.5845320363,-64163.49753516049,304.1281165130131,313.34551588817703,223.8969433926177,233.11434276778164,-605.2214667408916,-577.5692686153998
20,74069,-2.8618470979902675,-0.28227378006340437,-10.138550939259888,3.5426598948559085,31017.952929388903,-64467.9483750028,-64449.52287026245,0.37927832011304274,0.7648797941599121,-10.217293118127492,2.0166715406563234,30989.407935246716,-64534.14348251875,-64506.50522540823,0.40679635023380917,0.7788372390823141,-10.22058473590353,1.9145629960413157,30960.654899023524,-64602.89914459579,-64575.26088748527,-3.483115956386397,-0.39514110106789285,0.30492871706237706,-10.782876269542234,0.7050321889454854,2.5307415434573604,30631.18321744591,-65391.33760725596,-65345.27384540509,-66.19510751595226,-56.982355145781185,-134.95076959298603,-125.73801722281496,-923.389232253161,-895.7509751426405
21,74356,-2.9523436437880917,-0.2913273969819426,-10.134109165061078,3.4325642227942716,30686.28784465639,-65804.66360708645,-65786.2303677904,0.39954033675739414,0.8619642842315128,-10.189431702201551,2.1573898926628483,30750.294252705316,-65647.73108850143,-65620.08122955736,0.430056543876335,0.8837591139302212,-10.194133400026525,2.0549835283621465,30722.39703786333,-65715.21879420108,-65687.568935257,-3.1524081439188185,-0.37708700744925266,0.3244780815007026,-10.934380962340603,0.7930707935906213,2.651907862761825,30493.21779123358,-66267.96993444148,-66221.88683620135,156.93251858501753,166.14913823304232,89.44481288536917,98.66143253339396,-463.30632735503605,-435.6564684109471
22,74188,-2.9099244387560685,-0.2876732382183691,-10.115381106626199,3.4761662440108965,30422.365791841992,-66128.99021825359,-66110.56150287157,0.3847605831920172,0.8050590439012129,-10.202377115171686,2.092363612775384,30490.970704849133,-65959.87858947238,-65932.23551639936,0.4134164025032406,0.8228208754792548,-10.206011607162985,1.9902956692019618,30466.011158476045,-66020.63287464887,-65992.98980157585,-4.855372313319435,-0.5448308231798884,0.30451038810248354,-11.133173987239392,0.9041409070081797,1.8354321331593,30029.544838294343,-67087.16193061492,-67041.09014215988,169.11162878120376,178.32598647220584,108.35734360471542,117.5717012957175,-958.1717123613344,-930.5286392883136
23,74270,-2.93500387228551,-0.2896936392814522,-10.131405990015555,3.451922529194536,31245.329055411083,-64301.72935627194,-64283.298431510615,0.3850292015776201,0.8375648594101734,-10.197901409586828,2.175328146484298,31673.957977772163,-63287.80553970173,-63260.15915255974,0.4150584164988193,0.8616783601674632,-10.202059338346773,2.0760411689420937,31630.361638540693,-63390.10189629272,-63362.45550915073,-2.0167711414892096,-0.2974151493361289,0.32840717624225396,-11.20885686442036,0.7835610037459936,3.3623035081842203,31386.837415971513,-63960.124046281184,-63914.046734377866,1013.9238165702118,1023.1392789508755,911.6274599792232,920.8429223598869,341.60530999075854,369.25169713274954
24,74592,-2.7725137819718237,-0.27319817590090095,-10.14836125032371,3.6603465477117125,31322.55416405302,-64719.09383940786,-64700.65426232419,0.3590051664255407,0.7026609371356686,-10.23807222333431,1.9572446383759874,31377.5684054341,-64586.19701885936,-64558.537653233856,0.38084819060187564,0.6952192615498068,-10.243686459170117,1.8254498214921622,31344.149146831627,-64665.684943324995,-64638.02557769949,-2.704986293682035,-0.32060633115924964,0.29126140697642927,-10.765419659877988,0.5952630590778252,3.1190899954601523,31038.431153571582,-65392.79606462794,-65346.69712191876,132.89682054849982,142.11660909033526,53.408896082866704,62.628684624702146,-673.7022252200768,-646.0428595945705
25,74535,-2.891860276648737,-0.28556129482992276,-10.126933618126007,3.501875142412382,31128.293596510866,-65076.35794758617,-65057.91989940076,0.3782990421753585,0.7938721155460894,-10.197362951082736,2.0985305989172827,31174.228557885464,-64964.450263337,-64936.79319105889,0.4044781321892987,0.8016564666829047,-10.202019548666403,1.981952552895304,31148.285340136004,-65026.50417373643,-64998.84710145832,-7.43143546744743,-0.7878906546483182,0.2654026176375854,-11.38301621635443,1.1561668761873811,1.2692116527849395,30765.97822747252,-65942.99070345928,-65896.89558299576,111.90768424917042,121.12670834187156,49.85377384973981,59.07279794244096,-866.6327558731064,-838.9756835949956
26,74304,-3.0764979130262926,-0.3037907528573094,-10.12702949016794,3.2917394311527985,31026.6217215532,-64887.10871531188,-64868.676875181765,0.3911819559985346,0.8138782711386751,-10.208557013873353,2.0805618936618946,31553.213346590852,-63634.584880647664,-63606.937120452494,0.42068404290897454,0.8320710906733405,-10.213186327674336,1.977900290488032,31508.651898375116,-63739.595869030774,-63711.948108835604,-3.1106929077270418,-0.4021131767005005,0.3330827077174696,-11.266688164534358,0.844751478203171,2.486862052632545,31166.755955025495,-64546.2643285245,-64500.18472819921,1252.5238346642145,1261.7397547292712,1147.5128462811044,1156.7287663461611,340.84438678737934,368.49214698255673
27,74454,-2.9211637861947843,-0.28856117509597823,-10.123204499784759,3.4654696691867515,31026.990911140012,-65167.37196427745,-65148.93609074945,0.3984698265458404,0.8497240492816373,-10.191645334887202,2.1324677370116607,31047.46332399302,-65116.261485559466,-65088.607675267456,0.4282356826260312,0.8682114703186786,-10.196668848558298,2.0274150556409114,31018.92221929208,-65184.736539828766,-65157.082729536756,-3.683099079362989,-0.4360006842176053,0.3234305983690981,-11.064404870142562,0.8401646731057058,2.2935743823303407,30691.09335899942,-65971.80422479604,-65925.71454097603,51.11047871798655,60.328415481992124,-17.364575551313465,-8.146638787307893,-804.432260518588,-776.7784502265786
28,74370,-2.838771964280137,-0.2801828090170014,-10.1318563199496,3.5690983451426543,30491.455646273276,-66304.74811822237,-66286.31450239498,0.3705547419821987,0.7867048274607221,-10.207370012669722,2.1230461746418974,30598.885192173097,-66041.18324709311,-66013.53282335201,0.3984526151985221,0.8053824098190293,-10.210910858719508,2.021275251055289,30567.449929947248,-66117.62531781376,-66089.97489407266,-3.1573329693584427,-0.37117732688244287,0.30237699831596915,-10.88248054463808,0.7256465923943513,2.6941300763144787,30305.888837205202,-66752.73657984158,-66706.65254027309,263.5648711292597,272.78167904296424,187.12280040861515,196.3396083223197,-447.9884616192139,-420.33803787811485
29,74405,-2.7898484811073065,-0.27547661695956077,-10.127351322587385,3.6300721674202836,30851.68973547601,-65497.07436509998,-65478.63980825425,0.3702757255745973,0.7864452282690196,-10.208902929577343,2.12394487121349,30810.650212130673,-65594.11524444289,-65566.46340917429,0.395789038957114,0.7935158635721342,-10.214165099628634,2.004896006375043,30785.924577426355,-65653.84944087418,-65626.19760560559,-3.040526254445686,-0.3718477411786318,0.29925346499192435,-11.02442394676326,0.7292717281218051,2.6892727567211723,30402.10498973738,-66583.31538837097,-66537.22899625666,-97.04087934290874,-87.82360092004092,-156.7750757742033,-147.55779735133547,-1086.2410232709954,-1058.5891880024064
30,74509,-2.8570563471315418,-0.28198586056142355,-10.131913498936603,3.546277100593046,31179.799899539772,-64904.476414528675,-64886.0390641238,0.3687960282810928,0.7571684463274926,-10.21870413548606,2.053081888805988,31364.59336398103,-64462.18702680537,-64434.53100119805,0.3942467834515965,0.7641051176055531,-10.222483558050042,1.9381391292932788,31330.83681160265,-64542.421493565176,-64514.765467957855,-2.9642311904693264,-0.3615132442051788,0.3043976696902926,-10.972907209181017,0.7130101335001576,2.7661503859937278,30958.744228275515,-65428.604911216906,-65382.51153520471,442.2893877233073,451.50806292575,362.05492096349917,371.27359616594185,-524.1284966882304,-496.4724710809096
31,74299,-2.970645109786828,-0.29265191499350873,-10.150779672337764,3.4170287251398332,31117.5935833862,-64660.212042612926,-64641.7803370696,0.3901066535534159,0.815978729821042,-10.20882772520808,2.0916811399867936,31284.976904069255,-64259.62451417317,-64231.976955858176,0.4203188953399123,0.8392869793379955,-10.211833354742195,1.99678622265902,31255.06718433269,-64330.691379204254,-64303.04382088926,-3.620069317662183,-0.42228487411218235,0.3211060402465607,-10.974326621474454,0.8047905982463747,2.368069664115756,31005.41992326852,-64922.531280865805,-64876.45201700748,400.58752843975526,409.8033812114227,329.5206634086717,338.7365161803391,-262.3192382528796,-234.67167993788462
32,74088,-2.904838639149564,-0.2871243504401452,-10.117005522856603,3.482811536071591,31213.530634684885,-64037.80803190737,-64019.38201419767,0.38564818025665887,0.795552793525394,-10.211284051548809,2.062897828263919,31256.58571932023,-63933.683502557644,-63906.04447599309,0.4135173753956627,0.809172573091511,-10.215577076063518,1.956804287406972,31229.990085212463,-63996.75040719722,-63969.11138063267,-3.601537802574065,-0.41581554481554794,0.31463687676459495,-10.910907286896434,0.7722713632206182,2.404912496582087,30885.631865214407,-64814.220832100546,-64768.1557878263,104.1245293497268,113.33753820457787,41.05762471014896,50.270633565000026,-776.4128001931749,-748.773773628629
33,73796,-2.9990473909053117,-0.29632476512579037,-10.120812513365903,3.3746757533934035,30674.997092846617,-64778.308145784984,-64759.89002616783,0.3925329539839462,0.792786238339688,-10.193212646760983,2.019667980212717,30793.82283426568,-64490.99681731084,-64463.36963788511,0.4221153942203825,0.8111556143646858,-10.195632723012897,1.9216442363179698,30759.25010464579,-64573.8953405367,-64546.268161110966,-3.6072007975779377,-0.40371772626372143,0.3193348677546395,-10.688781522103625,0.7497106239333081,2.4769781828870396,30513.96944239555,-65160.71882170446,-65114.67352266157,287.3113284741412,296.52038828271907,204.4128052482847,213.6218650568626,-382.4106759194765,-354.78349649374286
34,74049,-2.9490213011802497,-0.29116330518297734,-10.128409894670554,3.4344987235653357,30947.968118313933,-64597.80560381942,-64579.38063918899,0.39072834433181153,0.8137343304816913,-10.201634857796963,2.082608907918535,30999.804573938243,-64471.88061244066,-64444.24316549501,0.4195368074297594,0.8293786528369054,-10.206114656123198,1.9768912718719285,30968.309426088046,-64547.15107827965,-64519.513631334,-1.8357841206457235,-0.2586996770661897,0.31517102702305494,-10.9387940701714,0.6541993429122108,3.8654860776812825,30638.759979815466,-65335.3666451338,-65289.30423355772,125.92499137875711,135.13747369397606,50.654525539772294,59.86700785499124,-737.5610413143804,-709.9235943687308
35,74273,-2.886582649088092,-0.2847718966873788,-10.13647302513481,3.5115824687496997,30654.79787212542,-65724.50829625281,-65706.0772907068,0.37820554940808987,0.782857074619194,-10.208018451782934,2.0699248750961043,30847.58922158468,-65256.86006772062,-65229.2135594016,0.40658506444495696,0.8004860190569323,-10.211420398563916,1.9688033060183923,30806.29278142154,-65356.35780766131,-65328.71129934229,-2.2587435519855243,-0.2936525293694437,0.3169914390015286,-10.91305807403003,0.6893265052764008,3.4053852767666846,30543.995099621297,-65987.45684621592,-65941.37933235089,467.64822853219084,476.86373130520224,368.1504885914983,377.3659913645097,-262.9485499631119,-235.30204164408497
36,74599,-2.9358282846778994,-0.2894140798576294,-10.144040974516901,3.4552569124899764,31323.112185544403,-64730.8390381492,-64712.39927338665,0.39098757428644376,0.8219015990254592,-10.205043468334349,2.102116929228347,31413.443812169568,-64514.01520651628,-64486.355559372445,0.4187013277358688,0.8333581146069025,-10.210645341020589,1.9903402721775303,31385.3046907115,-64580.86846433376,-64553.20881718993,-3.0126950997823037,-0.3651918220935586,0.3199799136506083,-10.9438857192975,0.744765152191594,2.738286948122868,31093.42007731139,-65273.8884104799,-65227.78899857352,216.82383163292252,226.04371401420212,149.9705738154371,159.1904561967167,-543.0493723307009,-515.3897251868693
37,74304,-2.8870732394526804,-0.28554721970055963,-10.1106683597908,3.5020477560546883,30952.516663461152,-65064.7912389425,-65046.35939881238,0.3999885626095989,0.8720502206448045,-10.179779350508028,2.1801878907621473,30944.465331786134,-65082.12162090525,-65054.47386071008,0.4306633589062155,0.8953201463799101,-10.18446692647512,2.0789327159241373,30920.52914149111,-65139.61955774574,-65111.97179755057,-3.5200407125674076,-0.42406553150207504,0.32380433721292473,-11.096046331339682,0.8443455480413408,2.3581261048449695,30603.548235776005,-65901.2761470597,-65855.19654673441,-17.330381962754473,-8.114461897697765,-74.82831880324375,-65.61239873818704,-836.4849081172069,-808.8371479220295
38,74366,-2.9896190836693455,-0.29492458281892253,-10.136893490173753,3.3906973452056346,31275.362329810978,-64409.464849690645,-64391.0313414364,0.38694274812685614,0.8170402685017354,-10.203318446713215,2.1115275385232835,31794.915370994404,-63182.22986204259,-63154.57959966123,0.4169165845555428,0.8391563372110025,-10.206373560621778,2.012767945188824,31743.94287383831,-63301.546502013545,-63273.89623963218,-1.7661543486518776,-0.27435622955434147,0.33497439887171393,-11.192203884396363,0.7710196817778205,3.6448962781868635,31481.215476978534,-63915.59471457419,-63869.51094393858,1227.2349876480512,1236.4517417751704,1107.9183476770995,1117.1351018042187,493.87013511645637,521.5203974978212
39,74138,-2.9397047895811395,-0.2895457558145779,-10.15281602491765,3.4536855744498967,31773.356268197178,-62813.13748111838,-62794.710114117675,0.3870779032228669,0.7957496139790067,-10.218142780087598,2.055786722397429,31925.862839987818,-62456.13928864648,-62428.49823814543,0.4150535056249726,0.8093418642995261,-10.22256238758501,1.9499699516592404,31890.046405117468,-62539.35863500194,-62511.71758450089,-3.0939719145867306,-0.3672607228606896,0.3166718074714272,-10.884643046223518,0.7209278507406219,2.7228612747117062,31652.66611443529,-63089.28468451879,-63043.216267017044,356.9981924718959,366.21187597224343,273.7788461164382,282.99252961678576,-276.14720340041094,-248.50615289936832
40,73845,-2.8650933648366075,-0.2828310838616153,-10.130051215440137,3.535679269571671,29843.302525205374,-66900.15029095742,-66881.7308437957,0.3825355726399213,0.7787036262641521,-10.208710299593024,2.03563715889278,29691.383162688624,-67275.02335396354,-67247.39418322095,0.4101513151696505,0.7908117013849414,-10.212222479832949,1.9280974414475271,29667.184472241435,-67335.23209774782,-67307.60292700524,-3.5435021764957657,-0.4025301378399089,0.3125481718704837,-10.794737534701046,0.7477293544638405,2.484286034745831,29360.360176793776,-68098.92942604375,-68052.88080813944,-374.8730630061182,-365.6633394252567,-435.0818067904038,-425.8720832095423,-1198.7791350863263,-1171.1499643437419
41,73899,-2.8581673491138155,-0.2817262821890303,-10.145192443195864,3.549544587143022,31808.83454463388,-62289.54846723788,-62271.12755808779,0.3836732456786041,0.8040580021890606,-10.204876486948375,2.0956843127461773,31859.55944582909,-62169.797098573035,-62142.1657348479,0.4123687994305089,0.8213273631853555,-10.208122304165117,1.9917301316676432,31826.205315737072,-62247.20331625012,-62219.57195252498,-2.649362875777979,-0.3424532766956392,0.325227995076903,-11.0714678772286,0.7707853677784687,2.9201063854581424,31536.627869006443,-62918.66656961658,-62872.614296741354,119.75136866484536,128.96182323989342,42.34515098776319,51.55560556281125,-629.1181023786994,-601.4867386535625
42,74321,-2.8132197194631887,-0.2781251182688877,-10.114943004692604,3.595504089038133,30887.219725824645,-65253.63227301592,-65235.199975358475,0.3707240209443334,0.7365305241316835,-10.214793987947168,1.9867353678770072,30779.957285891604,-65510.17693888223,-65482.52849239605,0.39466288453480375,0.7351537381015945,-10.219648771963787,1.8627384710070556,30754.35291357544,-65572.02674782835,-65544.37830134218,-2.9115359119820816,-0.3378080001270686,0.2982188563523109,-10.713584185380066,0.6278622702835985,2.9602614491777692,30414.743506358278,-66393.29217018442,-66347.21142604078,-256.5446658663059,-247.32851703757478,-318.3944748124268,-309.17832598370296,-1139.6598971684944,-1112.0114506823084
43,74584,-2.957379869652387,-0.2923044875057024,-10.117463111457338,3.4210901397142988,31614.407009922015,-64012.422181817856,-63993.9828192459,0.38855680100022694,0.8412098475851904,-10.195305382454533,2.164959783022043,31950.733228628294,-63221.159743692835,-63193.500699834905,0.41810193186845185,0.8618334827722562,-10.200391905919286,2.0612999297104815,31912.373607269044,-63310.75808881815,-63283.09904496022,-2.6860469018033473,-0.35104324594581887,0.32448146347415574,-11.13821769271511,0.7972537992137851,2.848651872807555,31562.26802242484,-64129.52885447426,-64083.430448044375,791.2624381250207,800.4821194109973,701.6640929997084,710.8837742856849,-117.10667265640222,-89.44762879847258
44,74646,-2.9197888029408468,-0.28928534080483953,-10.093110127244998,3.456794586334154,30332.222396094057,-67218.1825649354,-67199.74154049912,0.3950772423123321,0.8815698260265165,-10.17109455233378,2.231385996487196,30475.28126996556,-66864.94984668565,-66837.28831003122,0.4277304314893972,0.9157972645682876,-10.175258217120826,2.14106174624844,30447.075268582495,-66934.06947531806,-66906.40793866363,-1.8714108910988383,-0.27705803410048896,0.31780594126194234,-11.119892917185684,0.7427446725042949,3.6093521100972654,30094.370570747895,-67799.8304259026,-67753.7278648119,353.2327182497538,362.45323046790145,284.11308961734176,293.3336018354894,-581.6478609672049,-553.9863243127766
45,73696,-2.97382848488983,-0.29266055969109867,-10.161357198348446,3.416927791894793,30902.892567622926,-64045.100264980705,-64026.68485737546,0.3799976793001644,0.7898591799290198,-10.231462412293391,2.078589483450769,31285.7321508868,-63135.72845944039,-63108.10534803253,0.407206114185472,0.8009020640175921,-10.2358105686634,1.9668222949442298,31245.767900409253,-63229.927568746054,-63202.30445733819,-3.0215282307042086,-0.38092659075068,0.3249425266376358,-11.15292704344186,0.7957309096608982,2.62517772264029,30956.3272105606,-63911.78147759519,-63865.74295858209,909.3718055403151,918.5795093429333,815.1726962346511,824.3804000372693,133.31878738551313,160.941898793375
46,74236,-2.8623931249496244,-0.28257035275555586,-10.129842345583242,3.538941683896589,30551.784954329767,-65904.6580993998,-65886.2280904264,0.38241984959911485,0.7907674866170135,-10.204966032246022,2.0677992720460603,30480.7625338098,-66075.43223407395,-66047.78722061386,0.4099709078264183,0.8036162928783154,-10.20857256232898,1.960178826197508,30455.15008389713,-66137.83766502615,-66110.19265156606,-2.590667034448893,-0.3252219293476934,0.31526513073783136,-10.921248493306967,0.6988409360125586,3.0748234044540834,30182.80516359722,-66800.67853613196,-66754.60351369847,-170.77413467413862,-161.55913018745196,-233.17956562634208,-223.96456113965542,-896.0204367321567,-868.3754232720676
47,74342,-2.9447882144330277,-0.29025686040856646,-10.145456029145821,3.445224338857648,31452.250404525945,-63945.39968555932,-63926.96682286551,0.3796940617109156,0.7469154344341913,-10.220109346619623,1.9671506872363569,31475.49064199306,-63888.48826545754,-63860.83897141682,0.4053713007576992,0.7515232144194551,-10.22420273546278,1.8539132223093902,31448.465267273885,-63952.34695017871,-63924.69765613799,-3.2685278934822377,-0.37218075505501613,0.3071972191958272,-10.721711092477282,0.6580554530401863,2.6868664927400103,31167.367885921383,-64615.829305903404,-64569.74714916887,56.911420101780095,66.12785144868394,-6.947264619389898,2.269166727513948,-670.4296203440827,-642.7803263033638
48,74109,-2.8909744357700182,-0.28564363582031194,-10.120913170243448,3.5008656752607075,30673.405706407906,-65370.5849146207,-65352.1583300979,0.36872132355754533,0.7859404599611753,-10.210860343313847,2.131529721086271,31086.18815499647,-64377.925873687855,-64350.28599690366,0.3942741425870967,0.7925383000192023,-10.21632948871129,2.0101198998717686,31045.009246760674,-64476.160843716076,-64448.52096693188,-1.9564352391605127,-0.29520155685700544,0.31370750529304925,-11.254498665795612,0.7601230201813854,3.3875160098982686,30697.11382728893,-65307.32663389817,-65261.26017259117,992.6590409328419,1001.8723331942383,894.4240709046207,903.6373631660172,63.25828072252625,90.89815750672278
49,74390,-2.9583062132322744,-0.29184352828322285,-10.136617490319514,3.426493662143293,31361.471055531118,-64249.72432029339,-64231.29016668702,0.38178311757895284,0.7637450336953335,-10.208995439140752,2.000468324892315,31502.07471077067,-63914.95520180399,-63887.30397139443,0.40950142986785387,0.7770953925021848,-10.211285650259004,1.8976622200146005,31467.233556786134,-63997.275741149584,-63969.624510740025,-5.377546156224329,-0.5785498528959011,0.3005077299255136,-10.941323151970288,0.9711754625242395,1.7284595182153313,31161.295333033548,-64720.066738824135,-64673.98135480821,334.76911848939926,343.98619529258576,252.44857914380555,261.66565594699205,-470.3424185307449,-442.6911881211927
50,74504,-2.796336348037686,-0.27580220227778096,-10.138919576941184,3.6257868564545594,31539.503144615537,-64040.53147880084,-64022.09426261244,0.3751397612755741,0.7737439221034274,-10.210851960195594,2.0625484205473024,31414.795987618505,-64333.70414551161,-64306.048321229006,0.4005607385499079,0.7790162479889422,-10.216204737044743,1.9448142891115638,31395.916424438867,-64378.49277991745,-64350.83695563484,-3.8470929296651546,-0.4326231498848481,0.30171874816377325,-10.840488024635388,0.752073628909639,2.3114805582321964,31081.4811880145,-65124.42416450195,-65078.33112403094,-293.1726667107723,-283.95405861656764,-337.9613011166075,-328.7426930224028,-1083.8926857011102,-1056.2368614185034
51,73801,-2.9762289722767625,-0.2941409033866068,-10.118378430234603,3.3997311781069794,30840.576152626752,-64390.40211501451,-64371.98385989325,0.40799024851959087,0.9104828798467112,-10.181243877861519,2.2316290233662084,30917.382742649104,-64204.833675444555,-64177.20629276266,0.4410907439488026,0.9430282450156984,-10.185575105686016,2.137946120957722,30894.03815356705,-64260.579169587196,-64232.9517869053,-4.831915864643975,-0.5584497048742105,0.32737023809533317,-11.33259459681294,1.0136764557705236,1.7906715524637042,30557.1133731992,-65065.860501620184,-65019.814863817024,185.56843956995726,194.77756713058625,129.82294542731688,139.03207298794587,-675.458386605671,-647.8310039237767
52,74197,-2.86605167993468,-0.2824453250392495,-10.147279582469293,3.540508237695337,30051.08334771422,-67057.10398896223,-67038.6750309681,0.3786711573246484,0.769025453660022,-10.22169336974422,2.0308529941738045,29951.020289680862,-67302.57483246447,-67274.93139547325,0.40522257353337865,0.7779291153938946,-10.226284211714283,1.9197576003988726,29923.566091448323,-67370.61770047036,-67342.97426347915,-2.7931176077124253,-0.3377187949949727,0.3137995268696664,-10.861273481616495,0.6885701353401055,2.961043373422217,29623.29560887086,-68114.91432597551,-68068.84193099015,-245.47084350223304,-236.25636450515594,-313.51371150813065,-304.29923251105356,-1057.810337013274,-1030.1669000220572
53,73689,-2.9884911316990146,-0.29495316984881265,-10.13208684358557,3.390368716879974,31067.871927849414,-63639.66438667168,-63621.24916904506,0.3973762925747304,0.8515171097545854,-10.199139735279578,2.1428482918226672,31445.043102150823,-62748.44960885045,-62720.826782410535,0.4277939348476629,0.8738095130678499,-10.20437306560993,2.042594440659877,31406.836392165296,-62838.03848420511,-62810.415657765196,-1.9333494865692904,-0.27771253265065465,0.32905456619320217,-11.063100614023845,0.731616168661015,3.600845775505345,31158.20792416092,-63419.7099185607,-63373.67187449417,891.2147778212238,900.4223866345274,801.6259024665633,810.8335112798668,219.95446811097645,247.5772945508943
54,74611,-2.9116164074972852,-0.2879516758569792,-10.111475819100413,3.4728049316743115,30692.12847858614,-66271.58808652019,-66253.14800006337,0.3889507181982122,0.8617325812980835,-10.184342920377542,2.2155315338920087,30966.188020802758,-65606.3201828497,-65578.66005316448,0.4192678126564849,0.8855739032275991,-10.188997395759978,2.1121914835689255,30931.043177273266,-65691.04746875935,-65663.38733907414,-3.6211643114105896,-0.46255990456923596,0.32657784433186243,-11.455121418632793,0.9311172314136232,2.1618821478512302,30578.086949371187,-66543.3335555947,-66497.23333945268,665.267903670494,674.4879468988947,580.5406177608384,589.7606609892391,-271.7454690745071,-244.08533938930486
55,74356,-2.807806169874232,-0.2774963025992383,-10.118355248607694,3.6036516185377994,30147.544863593102,-67121.68798688253,-67103.25474758648,0.3915070867732595,0.8309155940726117,-10.195960534692249,2.122351349807966,29930.80455858952,-67656.1878138782,-67628.53795493413,0.4198307001992382,0.8448327483448259,-10.201608867128805,2.0123176984053224,29911.304358483227,-67704.64723339613,-67676.99737445205,-3.1091352012112345,-0.37669108206534524,0.31477071734402656,-10.980432649149225,0.7553521366417223,2.654695180244613,29461.59714414309,-68827.05568765571,-68780.97258941557,-534.4998269956704,-525.2832073476457,-582.9592465135938,-573.742626865569,-1705.3677007731749,-1677.717841829086
56,74347,-2.864768617639618,-0.28305494138837384,-10.120892444371526,3.53288303357305,30914.312233239147,-65237.28178368121,-65218.848786478455,0.3938474815560669,0.8394296000613231,-10.191711117243514,2.1313570338060535,30913.783412550933,-65236.55357545474,-65208.90407965061,0.42372938971944163,0.8611065610754017,-10.195780966203905,2.0322087208667656,30887.61961310354,-65299.50360631145,-65271.854110507324,-5.235587455527067,-0.5769323814388206,0.30531769188393587,-11.10178206140003,0.9632523784282786,1.7333053788835435,30481.226819442243,-66280.18976075317,-66234.1072677463,0.7282082264719065,9.944706827845948,-62.22182263024297,-53.00532402886893,-1042.9079770719618,-1015.2584812678397
57,74046,-2.9987520067063027,-0.2955326770584683,-10.146938864946662,3.3837205751774095,31888.17069413863,-62376.15675802206,-62357.73187442069,0.40204984706505503,0.8563161929216033,-10.199466588567873,2.129875683755811,32093.43969602506,-61899.03896809416,-61871.401642692115,0.4319395790507954,0.8748999848988317,-10.20446337014525,2.0255147417179495,32063.295773010566,-61968.619724392294,-61940.98239899025,-11.494962199514347,-1.1950271781794137,0.23344334165470776,-12.246572459110972,1.5711105379443495,0.8368010521095165,31794.0415151633,-62589.05286795778,-62542.99065895437,477.11778992789914,486.3302317285779,407.53703362976376,416.74947543044254,-212.8961099357184,-185.25878453367477
58,74452,-2.862289028803088,-0.2827346916554445,-10.123586221570664,3.536884682049039,31272.713442086435,-64576.31105229578,-64557.875232492945,0.36701550005935474,0.705643910942528,-10.22073473515025,1.9226542498298012,31032.360560590034,-65148.73751076246,-65121.08378105821,0.38940166170290513,0.6987548723410603,-10.225554793297603,1.7944321790649596,31012.773690925114,-65195.74463505442,-65168.09090535017,-4.327649682794677,-0.46702292072983653,0.28787940719223004,-10.684915536173744,0.710594223274453,2.1412225302288324,30560.23769583522,-66286.14673789093,-66240.05718838384,-572.4264584666817,-563.2085485652642,-619.4335827586401,-610.2156728572227,-1709.8356855951497,-1682.1819558908974
59,73891,-2.871504502387094,-0.28361717952100896,-10.124578868024415,3.525879503099441,31647.98332995966,-62649.40590680653,-62630.98521417989,0.38848715244994725,0.8440153050148612,-10.192252583694184,2.1725694136657565,31612.3601652023,-62730.62491574278,-62702.993876802815,0.4182559716931633,0.8660450182142876,-10.196608391171717,2.070610049411624,31592.289140983452,-62777.55399822916,-62749.92295928919,-4.369299052243076,-0.4902415633253585,0.30922394320453583,-11.002345487187867,0.9027532240914696,2.039810727627617,31288.503400779657,-63487.51468038826,-63441.46294882165,-81.21900893624843,-72.00866262292402,-128.14809142262675,-118.93774510930234,-838.1087735817273,-810.4777346417613
60,74449,-2.774760301665981,-0.27359898973925373,-10.141705217224644,3.6549842561663826,30827.717812374638,-65637.69170878624,-65619.25596957386,0.3751799072982384,0.7711954263501455,-10.215991084751325,2.055534988277253,30686.668577142267,-65977.10754769943,-65949.45393888086,0.40142885894582675,0.7817217007560924,-10.219269760028714,1.9473480377293615,30661.936740744783,-66037.13370732153,-66009.48009850296,-4.195557685400828,-0.46203129540383026,0.300238700003234,-10.817393445981045,0.7894780114904911,2.164355553287722,30342.82306738194,-66812.02081843335,-66765.9314704024,-339.4158389131917,-330.1979693070025,-399.441998535287,-390.2241289290978,-1174.3291096471075,-1146.67550082854
61,74355,-2.762124289799288,-0.2728981662001533,-10.121446868842085,3.6643705376406386,29775.41591963679,-68043.30446387062,-68024.87125147237,0.379873230403286,0.7790405373543126,-10.199898451527433,2.050790829686149,29404.53688629719,-68973.27788558978,-68945.62806699242,0.4064455678038087,0.7887240214477237,-10.203858910357674,1.9405403427315533,29392.606512256218,-69003.45224178181,-68975.80242318445,-4.1312312180620365,-0.4474076975804061,0.2894569943573095,-10.659026102909142,0.7232685497977107,2.235097888141016,28994.66794325035,-70013.0011950315,-69966.91816403589,-929.9734217191581,-920.7568155200424,-960.1477779111883,-950.9311717120727,-1969.696731160875,-1942.0469125635136
62,73641,-2.8726101645801605,-0.2830320919049112,-10.149415019499825,3.5331682469985233,30831.615753191254,-64112.36782508478,-64093.95391065512,0.38392463854387054,0.788897130349818,-10.218937163835307,2.054822877067505,30762.20455869305,-64276.342655414825,-64248.72178377033,0.41119124780312527,0.8007836261185151,-10.223383618717802,1.9474724483968666,30738.3782325572,-64333.402100744264,-64305.78122909977,-4.166416025075019,-0.45485597835524,0.3044483687697374,-10.737430287333208,0.7808705820933162,2.1984980907934895,30498.054661956856,-64907.41613865745,-64861.381352583296,-163.97483033004391,-154.76787311521184,-221.03427565948368,-211.8273184446516,-795.0483135726681,-767.4274419281792
63,74066,-2.764630635587165,-0.27323422929234203,-10.118170928830438,3.65986356317776,29884.597714000873,-67219.29160656087,-67200.86618282771,0.3833725733187741,0.8023789704389872,-10.198863026291814,2.092948286553116,29582.310455547926,-67970.2953062948,-67942.65717069506,0.41029392483218385,0.8119010487664575,-10.204152826311104,1.978827858829586,29563.90386753235,-68016.39470276762,-67988.75656716787,-3.6507085697680135,-0.41913675067837675,0.3063709734291438,-10.898870769124551,0.7721573018109754,2.3858561636064857,29145.06359595431,-69069.21280780033,-69023.14924846744,-751.0036997339339,-741.7909878673527,-797.1030962067452,-787.890384340164,-1849.9212012394564,-1822.2830656397273
64,74496,-2.9575536929317443,-0.2918547115652804,-10.133650668408741,3.426362365838749,30633.135026033007,-66197.85118269314,-66179.41418126984,0.3981516031462982,0.856500882091772,-10.193048452847547,2.1511928504707196,30717.87551376998,-65990.05729817506,-65962.40179604011,0.4285108723487942,0.8778916930660114,-10.19750151028298,2.0487034278827716,30688.46955456618,-66061.40583721807,-66033.75033508312,-2.5890471610729846,-0.3357517050422695,0.3283426165772993,-11.048104516283516,0.7690789366685842,2.978391427302223,30410.423585726323,-66735.43630285481,-66689.34379929655,207.79388451807608,217.01238522972562,136.4453454750619,145.66384618671145,-537.5851201616751,-509.929618026712
65,74125,-2.945850241384103,-0.2905122931025098,-10.140191349302503,3.4421951282011367,30604.39460751798,-65567.66021493768,-65549.23319866508,0.3994459422793254,0.8989344990691971,-10.192704532962935,2.2504534504460887,30950.423361738383,-64732.268047123536,-64704.62752271464,0.43204060446463866,0.930496672189968,-10.197165137626328,2.1537250493920337,30908.394677194363,-64832.99343502998,-64805.352910621084,-0.12887566065261155,-0.17287063570900565,0.3476008734819027,-11.581556367400605,0.820378142859442,5.78467242801899,30594.027011368064,-65586.77517874345,-65540.70763806195,835.3921678141487,844.6056759504427,734.666779907704,743.880288043998,-19.11496380576864,8.525560603127815
66,74220,-3.001925925366951,-0.2967359404224857,-10.11648916236058,3.3699995982159203,31256.39133612904,-64182.181693905404,-64163.75211603617,0.40874296729203796,0.913980891190845,-10.185491924603749,2.2360773501402544,31693.999681161586,-63148.263891686045,-63120.619524882204,0.4431474967361998,0.9530242282719923,-10.189013490758086,2.1505801912253966,31656.479026061344,-63236.18061793622,-63208.53625113238,-4.794291043564327,-0.5922037590251705,0.33420983758373474,-11.7061847079268,1.0289012409715863,1.688607991354369,31266.0568008119,-64153.2340705844,-64107.16012591133,1033.9178022193591,1043.132591153968,946.0010759691868,955.2158649037956,28.94762332100072,56.591990124841686
67,74416,-2.97492668493147,-0.2936355390799443,-10.131357717301126,3.405582318588974,31207.167703106807,-64665.22821702331,-64646.79336452038,0.40461001714478323,0.878956278055099,-10.187412266855569,2.1723542196449834,31438.839538719403,-64112.82857718741,-64085.17629843301,0.43573005889434185,0.9033107574430171,-10.193102953322377,2.0730971825426825,31407.715739502764,-64186.53536418948,-64158.88308543509,-2.4188840017963553,-0.3198332152302438,0.326160051812035,-11.033046044242992,0.7426502417127809,3.1266296068721724,31102.5490985732,-64909.11878916436,-64863.031657907035,552.3996398359013,561.6170660873686,478.6928528338249,487.91027908529213,-243.89057214104832,-216.23829338665382
68,73876,-2.8057480137706783,-0.27702760690347983,-10.128044800777703,3.609748541589985,29502.935518045568,-67806.65071306826,-67788.23042648626,0.3830296718129286,0.808688858475184,-10.20459547777076,2.11129559401379,29314.946567182335,-68276.88529652912,-68249.25486665613,0.41109333000661635,0.8233396708459879,-10.208696098430744,2.002804742253387,29290.807995624327,-68337.7414778568,-68310.11104798382,-4.626213595986121,-0.5156682649057686,0.30368608335462494,-11.042335438386827,0.9015746678389503,1.9392312229699389,28873.596985812655,-69393.57899175653,-69347.52827530155,-470.2345834608568,-461.02444016987283,-531.090764788547,-521.880621497563,-1586.9282786882686,-1559.2978488152876
69,74443,-2.7453966363492577,-0.27139251534803677,-10.11596297277591,3.6846999951991637,30650.97654022705,-66054.42602424564,-66035.99044622392,0.3748244762389945,0.7717822538894102,-10.200107480069603,2.059049776133906,30353.118245049474,-66779.38185734666,-66751.72849031408,0.401545390322258,0.7841816585935791,-10.204186342729644,1.9529091293122267,30335.14742053833,-66823.46952778881,-66795.81616075624,-3.194165484979421,-0.36343685072817294,0.2978147272641894,-10.702734018198932,0.6640254476769029,2.7515096446505773,30011.10744438636,-67618.94713738332,-67572.85819232903,-724.9558331010194,-715.7380440901616,-769.0435035431728,-759.825714532315,-1564.5211131376855,-1536.867746105112
70,74526,-2.962411341359545,-0.292467272885428,-10.129035334904117,3.419185983218515,30797.78449657396,-65855.02136123877,-65836.58355456522,0.4033716778266664,0.8754812903613413,-10.188421667525763,2.1704084309497453,30905.138850989515,-65593.69171343246,-65566.03500342215,0.4357999235763324,0.9055589539012244,-10.192444769892958,2.0779236179526577,30876.52208367498,-65662.73140324136,-65635.07469323104,-2.0921448827367017,-0.3001442084432138,0.33786072424860786,-11.139432896500232,0.7777295205250597,3.3317317871525622,30570.603275908685,-66400.80333265153,-66354.70881596766,261.329647806313,270.5485511430743,192.28995799741824,201.50886133417953,-545.7819714127545,-518.1252614024415
71,74445,-2.8582140437287893,-0.28219752392573166,-10.128416450886402,3.5436172014860716,30405.358929574173,-66657.15916200234,-66638.72353024896,0.38543687846174285,0.8300574470512143,-10.19271548171825,2.153549630133804,30575.364473393107,-66240.07404028668,-66212.4205926566,0.415362627431408,0.8534616017669341,-10.195906101158943,2.0547385474825193,30539.320235519197,-66327.88644126446,-66300.23299363439,-2.769038378891558,-0.3532608264722199,0.32156141641942765,-11.076273352286583,0.7868792497688007,2.8307695760844265,30235.99976258627,-67066.98018705846,-67020.89110767501,417.0851217156596,426.30293759235064,329.27272073787753,338.49053661456855,-409.8210250561242,-382.16757742605114
72,74223,-2.7463180783072487,-0.2706181877038825,-10.148313022154822,3.695243133821538,30156.05031379119,-66847.80241592255,-66829.37275721421,0.3611050987703222,0.7051004377833517,-10.236498337104358,1.9526183379421758,29887.60518512218,-67509.48404475856,-67481.83955669605,0.38402881058160354,0.7018834914958841,-10.240729075932206,1.827684465738121,29866.027109493705,-67563.09047889445,-67535.44599083194,-3.19561191676388,-0.3613092758498913,0.29019698940647953,-10.70360662836406,0.6131289159234783,2.767711948849765,29494.22197773221,-68488.89969011511,-68442.82554334427,-661.6816288360133,-652.4667994818446,-715.2880629719002,-706.0732336177316,-1641.0972741925652,-1613.4527861300594
73,74393,-2.7055596420087507,-0.2673221496393679,-10.1209706926968,3.740804872881107,30828.778295488053,-65529.778470741854,-65511.344236481105,0.3619043505901892,0.718416186370165,-10.211596107139039,1.9850996131949799,30499.231217290486,-66327.29020937679,-66299.63885798567,0.3851285140473121,0.7188436433919129,-10.21543808004299,1.8665033025926632,30482.83618508392,-66367.29133470045,-66339.63998330933,-3.670108980304397,-0.3973081673074919,0.27907553173521665,-10.558615625062075,0.6120992388607763,2.5169379395769176,30165.83730349237,-67140.97405055634,-67094.88846490448,-797.5117386349375,-788.2946215045667,-837.5128639585964,-828.2957468282257,-1611.1955798144845,-1583.5442284233723
74,74229,-2.9473921835617447,-0.29088870868592326,-10.132370544310424,3.4377408615049214,31088.535724881243,-64598.67035876378,-64580.24053838703,0.39958900925964685,0.8612326674666393,-10.197738088460957,2.1552961856041026,31113.51824478893,-64537.04443159279,-64509.39970102765,0.43001238288430016,0.8820500808700518,-10.202999944162931,2.0512201880181147,31081.57180403893,-64613.2997294666,-64585.65499890146,-1.8341121576441295,-0.2891843883280172,0.33692449032385774,-11.270430585092921,0.7881148941529038,3.458001331889729,30721.6284763086,-65473.93247490959,-65427.8579239677,61.625927170993236,70.84083735937747,-14.629370702816232,-5.414460514431994,-875.2621161458082,-847.6173855806701
75,74157,-3.039723247448847,-0.29970152686836804,-10.142501705651718,3.3366530042378133,30789.84371068804,-65179.97195919585,-65161.544079703155,0.4003194512175379,0.8511465127136696,-10.200121745896059,2.126168264182465,31201.44646890324,-64193.19896261186,-64165.55714337282,0.433045606131208,0.881898637032541,-10.203291619936781,2.0365029099621794,31157.395364880667,-64297.969935526686,-64270.328116287645,-2.8236727194068805,-0.3657625556815571,0.34191266851037405,-11.153144744200754,0.8373671795642628,2.7340141424171027,30900.169667832888,-64908.72803142516,-64862.65833269343,986.7729965839899,995.9869363303369,882.0020236691635,891.2159634155105,271.24392777068715,298.8857470097282
76,74077,-2.872972162702863,-0.28381119881113054,-10.122828749314985,3.523469137894998,31127.4983612891,-64221.75700670395,-64203.33128596047,0.38738978813119895,0.8031914574658243,-10.199435800687965,2.073341843471114,31019.566105656908,-64477.05977096328,-64449.42118984806,0.41466291670729866,0.8132421664557643,-10.203848904677185,1.961212671037603,30998.9456979811,-64526.31919210271,-64498.68061098749,-4.269226434537346,-0.4735751421154385,0.30927999549137375,-10.861201624532441,0.834220140645973,2.1115973180793355,30651.19157666969,-65358.03039754038,-65311.96609568168,-255.3027642593297,-246.08990388758684,-304.56218539876136,-295.3493250270185,-1136.2733908364316,-1108.6348097212103
77,74268,-2.9524696603612197,-0.29133062783501623,-10.134429333098598,3.4325261556993283,30310.637097220275,-66553.60484377515,-66535.17397287209,0.3865713082576531,0.8094730392605307,-10.206533519263315,2.093981167171905,30423.89281388147,-66274.6195661419,-66246.97325978732,0.4152570768891328,0.8255620108883848,-10.21062288717588,1.9880745129571795,30391.548208110977,-66353.61823383189,-66325.97192747731,-3.0397013711280145,-0.3799323478230541,0.3221467956771917,-11.098667299426852,0.7889373860866867,2.632047536172756,30045.74046457343,-67199.51505532532,-67153.43787806768,278.9852776332409,288.20071308476327,199.98660994325473,209.2020453947771,-645.9102115501737,-618.2639051955921
78,73799,-2.9815202567444583,-0.29396016477510556,-10.142599624086728,3.401821470487509,31247.789799129176,-63418.60482195059,-63400.18662102987,0.3886727018278573,0.7915250443568882,-10.209716947145647,2.036482214044077,31352.47123209818,-63169.788206642115,-63142.16090526103,0.4163501082994904,0.8021623785084192,-10.21376883283258,1.9266534642796467,31321.608481159656,-63242.47025801117,-63214.842956630084,-3.3172138634559665,-0.38919085326844427,0.3207203557677282,-10.892182912186371,0.7583385021224109,2.5694334581657046,31051.74350722385,-63877.0727653072,-63831.027263005395,248.81661530847487,258.0257157688393,176.13456393942033,185.34366439978476,-458.4679433566125,-430.8406419755265
79,73960,-2.9302846062746344,-0.2893399520752414,-10.127480098263888,3.4561421360156825,30948.61354805608,-64429.671314433675,-64411.248755062676,0.38436949069243354,0.7906871024705988,-10.207666992175879,2.057101621271222,31017.68398867793,-64262.7929173985,-64235.159078342,0.41259294624432463,0.806196549761696,-10.211580394905912,1.953975600165233,30986.806877837927,-64336.45439819078,-64308.82055913428,-3.040685621591019,-0.36672506101482133,0.311865569732412,-10.929404403741527,0.7186550464838471,2.726838458306466,30660.625161720218,-65115.11878679894,-65069.062388371436,166.87839703517238,176.0896767206723,93.21691624289815,102.42819592839805,-685.4474723652675,-657.8136333087605
80,74106,-2.94613080051747,-0.2904593164083602,-10.143006727921474,3.4428229480306567,30373.43283037181,-66093.23077539747,-66074.80427183815,0.3931204481590779,0.810111457487894,-10.209993496834736,2.0607207314743365,30398.193033081985,-66030.84471010798,-66003.20495476898,0.4207308293763064,0.8194450431583032,-10.214840421968374,1.9476705435944708,30367.687007069708,-66105.25093123375,-66077.61117589475,-3.2331724857813753,-0.3849421717406586,0.32228501773494544,-10.93294922385069,0.755973027770791,2.5977927943777366,30045.892602273736,-66890.71322917414,-66844.64697027582,62.38606528949458,71.59931706916541,-12.02015583627508,-2.806904056604253,-797.482453776669,-769.8426984376711
81,73966,-2.80557836840027,-0.2768893973421695,-10.13248753953999,3.6115503504247135,30571.863787245584,-65346.84167906271,-65328.418957448426,0.36237926269064114,0.7088202849712598,-10.234679275164591,1.9560177911625458,30591.59274036676,-65297.124565609105,-65269.49048318768,0.3869768587277846,0.7137484347429833,-10.23743259611163,1.8444214909632703,30557.81731515902,-65378.833722008254,-65351.19963958683,-3.402015996444123,-0.3917046203811718,0.2999599229809901,-10.859953402826093,0.7033650722085799,2.5529441011619665,30191.820200724622,-66266.08743855526,-66220.03063451954,49.717113453603815,58.92847426074877,-31.99204294554511,-22.780682138400152,-919.2457594925509,-891.611677071116
82,73776,-3.0414364404646284,-0.2998862594892038,-10.141966643103643,3.334597596112939,31444.13594691778,-62913.71959358188,-62895.30201607299,0.3940920717090481,0.81916384005638,-10.206878496558486,2.0786103016585313,31663.561796801663,-62398.678322324224,-62371.05195606088,0.42379569183178956,0.8382529396794414,-10.210482497536464,1.977964750080932,31632.34083001567,-62471.45896488764,-62443.8325986243,-3.200103983884496,-0.383837073319408,0.32675730382237084,-10.957710352130386,0.7747191593480942,2.605272052936521,31325.423473018876,-63186.77657589461,-63140.73263212238,515.0412712576581,524.2500600121057,442.26062869423913,451.4694174486867,-273.0569823127298,-245.4306160493943
83,74144,-2.778752023180336,-0.27349938617243175,-10.15999363679899,3.6563153358213945,30900.708750029826,-64889.05517491159,-64870.627646057124,0.36655536025946817,0.7164746949674278,-10.23876050748122,1.954615244093736,30725.535009215855,-65308.56770034386,-65280.926407062165,0.391420278917689,0.7218629176722419,-10.24198472304106,1.844214407256199,30697.41823373607,-65376.44754775324,-65348.80625447154,-3.3950549503950085,-0.3774696896371977,0.29770280283607203,-10.660703899413825,0.6389363510699495,2.6492193345673476,30424.936251506555,-66033.51625482888,-65987.44743269272,-419.5125254322702,-410.29876100504043,-487.39237284164847,-478.1786084144187,-1144.4610799172879,-1116.8197866355913
84,74451,-2.9635924740894715,-0.29242901063583254,-10.134399687793254,3.419633359308934,31285.06869312167,-64545.03529295723,-64526.599500017524,0.39638094858300527,0.8555248508162657,-10.193514263531972,2.1583399854978453,31379.20670514481,-64319.345659240134,-64291.691969830565,0.4260012400813271,0.8740497299831996,-10.198935309770379,2.051753956904765,31350.860238544716,-64386.631508955055,-64358.977819545486,-2.9362773926116637,-0.3667308877866761,0.3248693076647396,-11.040278812045962,0.7807876389823735,2.726795133170486,31070.131266360208,-65052.3002571909,-65006.210774841624,225.68963371709833,234.90753018695978,158.40378400217742,167.62168047203886,-507.26496423366916,-479.6112748240994
85,73584,-2.9158227092645257,-0.2874265063558904,-10.14458529323724,3.4791502449735927,29795.07220909304,-66522.16069653664,-66503.74833075708,0.38253101948643264,0.7825947388852305,-10.217223197390362,2.045833407015995,29866.17022366545,-66344.78121841862,-66317.16266974928,0.4104564530451285,0.7953978285462554,-10.220617417983705,1.9378373092816346,29830.473792434303,-66432.78236327598,-66405.16381460664,-2.6469761993801235,-0.33406178728407954,0.3221649913814446,-10.976264137646092,0.7315992608505509,2.99345821062024,29517.217063033735,-67205.59092709626,-67159.56001264736,177.3794781180186,186.58566100780445,89.37833326065447,98.58451615044032,-683.4302305596211,-655.8116818902781
86,74347,-2.823701028489367,-0.2783298286923525,-10.145161378339008,3.5928596108372353,30969.166783667253,-65105.476901550675,-65087.04390434792,0.363114709803975,0.7323202055959833,-10.230868961038132,2.016773724180222,31004.08686165942,-65019.6922634839,-64992.04276767977,0.3869919114039887,0.7326524720630273,-10.236218535405625,1.8931984118350127,30971.31632702101,-65098.31671900899,-65070.66722320486,-2.65631993386859,-0.33634104445328955,0.30555858274608577,-11.008970546204315,0.6985901418090106,2.9731726665280016,30587.32405438244,-66021.85649593639,-65975.77400292951,85.7846380667761,95.00113666815014,7.160182541687391,16.376681143061433,-916.3795943857112,-888.7300985815891
87,74050,-2.739199421890839,-0.27080842436537794,-10.114897379245036,3.692647310893062,30273.157274025318,-66232.1787904986,-66213.75379885921,0.3766572961533298,0.8034529504599706,-10.193761096004671,2.1331139969021087,30083.076233108066,-66696.59449594955,-66668.95700849047,0.4033322058872201,0.8142704622138722,-10.198520925553787,2.018858029010356,30064.652334116545,-66741.95912718298,-66714.3216397239,-4.156930915441596,-0.46439496331516233,0.30359287844264604,-10.905666207798285,0.8535540930465532,2.153339461008212,29787.085291255753,-67424.78920739546,-67378.72672829698,-464.415705450956,-455.2032096312614,-509.7803366843873,-500.5678408646927,-1192.6104168968595,-1164.9729294377757
88,73890,-2.915052628663975,-0.2881704814101742,-10.115722520915549,3.470168058527225,30662.659066280106,-64984.612355573816,-64966.19169001425,0.39341519920983364,0.8381365602364804,-10.194930706859775,2.130412251280226,30694.350903952578,-64906.28170989854,-64878.65071155919,0.4227936659476907,0.8563280259738245,-10.199655356179123,2.025404103569924,30667.670709250513,-64970.5364283364,-64942.90542999705,-2.4364487937087698,-0.3164613674142956,0.3161052535239526,-10.986451481402083,0.7129836187580354,3.159943370562668,30330.734472049367,-65782.83553325437,-65736.78386935547,78.33064567527617,87.54097845506476,14.075927237412543,23.28626001720113,-798.2231776805565,-770.5921793412126
89,74351,-2.888066044403126,-0.28434810403981947,-10.15679726142534,3.5168161341422635,30023.429849347995,-67418.90325289337,-67400.47014808998,0.38488394342564286,0.7805433406417992,-10.220665810162933,2.0279966311262743,29823.12068141048,-67914.61757154125,-67886.96791433616,0.4127286193058064,0.7939480930249403,-10.224638546999858,1.9236565042674538,29797.30975391702,-67978.99377197941,-67951.34411477431,-3.51112282504235,-0.4034719942157583,0.31253854307163825,-10.848803608970913,0.7234832131040374,2.478486770670992,29482.37064644329,-68765.02022742141,-68718.93746541292,-495.7143186478788,-486.49776624617516,-560.0905190860358,-550.8739666843321,-1346.116974528035,-1318.4673173229385
90,74485,-2.9205940321298725,-0.2886182013684202,-10.119230243562303,3.4647849486231923,31423.11018885569,-64280.58816550786,-64262.15145942423,0.38553092198282723,0.8275632397011098,-10.19555502820138,2.1465547703537307,31584.991822448326,-63895.850719878545,-63868.1956607531,0.4147867215747468,0.8475819925711827,-10.199471616825878,2.0434164077223094,31552.684789572093,-63972.077457475934,-63944.42239835049,-3.4753545439914517,-0.4144518185844526,0.31883977626296856,-11.049813802559548,0.825285934807269,2.4128257017075447,31253.570882547934,-64677.55034583786,-64631.45858062879,384.73744562931824,393.95579867112974,308.5107080319285,317.72906107374,-396.96218032999604,-369.3071212045543
91,74288,-2.9427613071514234,-0.2915633930805627,-10.093041091541627,3.429785850117635,30699.079635059672,-65645.55040299566,-65627.11899357515,0.3934678418628569,0.8816328326911663,-10.176644668490562,2.240673160269243,31022.689657483505,-64864.55259036515,-64836.90547623437,0.4259596708983287,0.9164530945352035,-10.180037510311301,2.1515020250683534,30991.717066312434,-64938.75767159659,-64911.110557465814,-2.9748865529267055,-0.3761528453560158,0.31349214463553354,-11.133792890536746,0.8022729294481337,2.658493780775563,30632.057260442296,-65801.9136135789,-65755.8350900276,780.9978126305141,790.2135173407733,706.7927313990731,716.0084361093323,-156.36321058323665,-128.7160964524519
92,73744,-2.8208302384469937,-0.27874336126332633,-10.119811376537793,3.5875293871315166,30351.75782050663,-65461.882164968054,-65443.46545513813,0.39700844646858946,0.8186274283525691,-10.199873868147726,2.0619899542045066,29956.023916624737,-66427.6982257717,-66400.07316102683,0.42599432993882125,0.8339424587606987,-10.203885903175776,1.9576374617015784,29941.2842592568,-66463.99238816346,-66436.36732341858,-6.061381347112026,-0.6333875212745821,0.2769251442965034,-10.817114384872669,1.0288524527606964,1.5788122853883735,29518.643071842223,-67508.35480750182,-67462.31303292702,-965.8160608036487,-956.6077058886949,-1002.1102231954064,-992.9018682804526,-2046.4726425337649,-2018.8475777888889
93,74151,-2.8868898082069743,-0.28471365098716206,-10.139625543761321,3.5123008557292206,30681.89996489913,-65429.11524948866,-65410.68753182136,0.3772601945182991,0.7639068212481556,-10.220939616077,2.024880526352753,30588.288069638344,-65653.6992137089,-65626.05763720794,0.40178637180712273,0.7633174041266713,-10.226640116624308,1.8998090967931118,30563.78995170271,-65713.1104422068,-65685.46886570584,-3.0742266728501306,-0.37113262761377247,0.31109160118826035,-10.952224012954572,0.7141344772473778,2.694454557740131,30196.96286771554,-66604.4556879783,-66558.38639381004,-224.5839642202336,-215.3701053865807,-283.99519271813915,-274.78133388448623,-1175.340438489642,-1147.6988619886833
94,73863,-2.8853490524692362,-0.28464301211543874,-10.136728918885474,3.5131724912833757,30748.58910267103,-64727.16335172689,-64708.74341711696,0.3793754588670698,0.7933983397818992,-10.20428176257554,2.0913275259059385,30921.8714238363,-64310.08016076725,-64282.45025885235,0.4077529453207469,0.8122460144187522,-10.207628795224652,1.9920052662766732,30889.11215129061,-64388.37363660746,-64360.74373469256,-4.011571001242633,-0.44860346668003054,0.3056064828621203,-10.8633632138548,0.8089376417298179,2.2291401522165604,30620.55274926458,-65029.36915705283,-64983.319320528004,417.08319095964544,426.29315826461243,338.7897151194338,347.9996824244008,-302.20580532593885,-274.57590341104515
95,74247,-2.9120396413041325,-0.28739702696113395,-10.13246264964996,3.479507114508998,30359.372927583554,-66394.50369781067,-66376.07339250705,0.3866560073098358,0.8155296036284677,-10.1971086983547,2.109186429825636,30455.60790018561,-66157.52330720604,-66129.87784925061,0.41491618022980253,0.8296963848582904,-10.201556507129546,1.999672281757633,30427.299144493423,-66226.56864151657,-66198.92318356114,-3.1546031628924287,-0.37860990786632165,0.31579056327811167,-10.954096781867948,0.7621100274219872,2.6412409691958634,30120.13422823745,-66975.90426353722,-66929.82850027818,236.98039060462906,246.19554325644276,167.93505629409628,177.15020894590998,-581.4005657265516,-553.755107771125
96,73948,-2.79986317200044,-0.2761806627400458,-10.137795833431692,3.6208183081277014,31152.040983680214,-63922.74298134998,-63904.32074650503,0.37326396717001625,0.7374395013278776,-10.22545722253864,1.975651458990106,30947.981174306446,-64406.72893018977,-64379.09557792235,0.3975036684337943,0.737395680507949,-10.230814997427286,1.8550663530059093,30921.581940330183,-64469.834941426154,-64442.201589158736,-3.3722527690757813,-0.3786665598355669,0.2980339687807718,-10.693424793047235,0.640851034371423,2.640845815469532,30602.276572532646,-65233.413760846095,-65187.35817373373,-483.9859488397924,-474.7748314173223,-547.0919600761772,-537.8808426537071,-1310.6707794961185,-1283.0374272287008
97,74249,-3.050587114422319,-0.3015208469424045,-10.117333993178361,3.316520267638465,30984.46496257135,-64885.04936149779,-64866.619002320665,0.400443706738447,0.8479651227969848,-10.187154635854503,2.1175638636040297,31431.03692600718,-63820.554099205525,-63792.90856043984,0.4313470224763167,0.8699449930167169,-10.191488847281892,2.0168100107019558,31388.48213713984,-63921.14866118378,-63893.5031224181,-2.189499695531836,-0.29736684628883425,0.3318814342267362,-11.00345346511302,0.7407445090484407,3.362849666935277,31118.372854931855,-64558.85328486117,-64512.777386918366,1064.4952622922647,1073.710441880823,963.9007003140068,973.1158799025652,326.19607663661736,353.8416154022998
98,73942,-2.9480122685124894,-0.2911860628747971,-10.124153056666255,3.4342302997859333,30213.102004263746,-66174.4841553404,-66156.06208277823,0.3883452774442406,0.8395048508934863,-10.196012595407508,2.161748576983852,30426.347834530145,-65652.43035465057,-65624.79724580732,0.41774415240859736,0.8589941407205027,-10.200373198873322,2.0562684977582086,30392.64776852008,-65734.37352096674,-65706.74041212349,-2.4716695017426664,-0.3191193171759942,0.3206525838307927,-10.998269599392074,0.7496224406743021,3.133624153026438,30126.13610234956,-66381.6269583907,-66335.57177698528,522.0538006898278,531.2648369709059,440.110634373661,449.32167065473914,-207.14280305030115,-179.50969420705223
99,74466,-2.893724026187384,-0.28546320336032355,-10.136942317342404,3.503078464154129,30765.92083470802,-65819.10627068912,-65800.67007484041,0.3831197397618168,0.8175695102908916,-10.201266915354635,2.133979081315856,30920.756205060832,-65443.281793314854,-65415.627499541784,0.41086431605388457,0.8319726027273945,-10.206090440149879,2.0249327337988676,30889.88905762587,-65517.65581682477,-65490.0015230517,-11.134379795020173,-1.14503943075369,0.2057836479244884,-12.039846953097374,1.5082701430552508,0.8733323701715479,30590.37116429922,-66239.2245057455,-66193.13401612372,375.8244773742699,385.0425752986266,301.4504538643523,310.668551788709,-420.11823505637585,-392.46394128330576
100,74438,-3.0316377115862183,-0.2995113338994983,-10.121946545780773,3.3387718153448986,31855.684669668237,-63175.30575899356,-63156.87031530732,0.3951180857781115,0.8218113194389775,-10.1939803892865,2.0799131930915613,32105.814909289755,-62591.10272074824,-62563.44955521888,0.4241024713282034,0.8376469762165272,-10.198701516058408,1.9751051522835645,32077.168449918758,-62657.54978109501,-62629.89661556565,-3.631199218348488,-0.4118592963924275,0.31446090443748226,-10.792246906641232,0.7534365702628946,2.4280136657330194,31784.35042165423,-63336.18124766687,-63290.09263845127,584.2030382453231,593.4207600884401,517.7559778985524,526.9736997416694,-160.8754886733077,-133.22232314394932
101,74095,-2.8240741965530205,-0.2789236135990715,-10.124901796993003,3.58521097262641,29970.408364692306,-67062.16651712067,-67043.74031045543,0.3823449296936634,0.8088785668263955,-10.19812935890374,2.1155728872211617,29789.03936931146,-67509.92224559253,-67482.28293559466,0.41091051420907404,0.8271616881252145,-10.20314704896246,2.0129971356837784,29765.99600781128,-67567.26073745133,-67539.62142745346,-2.7224696108964244,-0.33038545886462295,0.30339692883684233,-10.848439527634348,0.674756690544019,3.0267675927279685,29444.743336515665,-68367.28549755095,-68321.21998088784,-447.75572847186413,-438.5426251392346,-505.0942203306622,-495.88111699803267,-1305.1189804302849,-1277.4796704324108
102,74235,-2.7920366611042806,-0.2763074426639434,-10.104818871998578,3.6191569447379726,30355.342424467024,-66381.62923787077,-66363.19925583867,0.3882337602828476,0.8403195120000164,-10.189949803865604,2.1644679004417386,30180.768985049755,-66807.78674248261,-66780.14176943444,0.41822403748038095,0.8644136221365576,-10.194011293150242,2.0668673836737743,30159.93265964653,-66859.05511144843,-66831.41013840026,-3.8362394661808623,-0.45085596946946954,0.3097413519978286,-11.09219430350045,0.8295789011730894,2.2180032376564034,29673.633965716203,-68061.7750347776,-68015.70007969733,-426.1575046118378,-416.94251359577174,-477.42587357765296,-468.2108825615869,-1680.1457969068288,-1652.5008238586597
103,74319,-2.857050616779322,-0.2817986339830334,-10.13862479174168,3.5486332416366797,30870.278222754925,-65290.651023228726,-65272.21877939259,0.38255506755694246,0.7987790351344284,-10.209298091445994,2.0880105973646055,30719.721408589583,-65651.99748292708,-65624.34911717287,0.41112358493711526,0.8171242213135463,-10.21321122252941,1.98753915185511,30698.105139440817,-65704.3112707471,-65676.66290499289,-4.00021507004327,-0.4605374258369811,0.3085035334796489,-11.037140357297517,0.8132676985277242,2.1713761876846362,30313.817681308803,-66636.52950364695,-66590.44889405661,-361.346459698354,-352.130337780276,-413.6602475183754,-404.4441256002974,-1345.8784804182214,-1318.2301146640166
104,74592,-2.882137977777557,-0.284584953833203,-10.127513555993533,3.513889214909465,31477.732825684885,-64350.4614384537,-64332.02186137003,0.38968791191418595,0.8542474725493923,-10.19068361195011,2.1921323357279503,31720.742488846983,-63774.81892440376,-63747.15955877825,0.4189398753231614,0.8740625673351796,-10.19636279824108,2.08636756446482,31687.954523998502,-63851.96039575311,-63824.3010301276,-2.5450828808802446,-0.33037755521948947,0.3175618546136449,-11.04869721365321,0.7565197545726317,3.0268400022987048,31419.6586246631,-64482.205530338,-64436.10658762882,575.6425140499414,584.8623025917768,498.5010427005909,507.72083124242636,-131.74409188429854,-104.08472625879222
105,74218,-2.862176986062779,-0.28259459445932406,-10.128208543899637,3.5386381042187183,30201.65676589523,-66726.1404641823,-66707.71094020763,0.3785534045295894,0.7772445546084807,-10.221367624804287,2.0531965775722614,30204.319874214307,-66717.59639075291,-66689.9521047909,0.40571365804581355,0.7883513522621675,-10.225295327432832,1.9431225363705802,30170.05772181278,-66801.83307529245,-66774.18878933044,-1.6092810334735312,-0.2510418470558026,0.31844675174344356,-11.104495112170348,0.6950169944753589,3.983399627304829,29765.07068727792,-67800.84369676228,-67754.7698868256,8.544073429395212,17.758835416738293,-75.6926111101493,-66.47784912280622,-1074.703232579981,-1047.0589466179663
106,74104,-2.725074835745674,-0.2689589690825861,-10.131935161117148,3.7180392362856716,29708.48674583861,-67729.77991063862,-67711.35346105676,0.36882755182533733,0.7410836371147699,-10.217108277122867,2.0092957628765187,29346.09373141895,-68637.2812169359,-68609.6415425631,0.3940840332706905,0.747255843116303,-10.220800841701175,1.896184011604002,29326.65393925242,-68686.38634558977,-68658.74667121697,-3.2895990885743207,-0.37121945848954774,0.29486529160921887,-10.701236950669541,0.6501403927305413,2.6938243056247457,28976.81523084182,-69571.69050360976,-69525.62437965508,-907.5013062972721,-898.28808150634,-956.6064349511435,-947.3932101602113,-1841.9105929711368,-1814.2709185983258
107,74532,-2.7675408036196587,-0.27350064489463954,-10.118955312466618,3.6562985084924726,30101.16126427867,-67571.54177886117,-67553.10381117648,0.37078983034930973,0.7602311505869346,-10.204626750717111,2.0503020535130214,29874.914257058997,-68131.85672802043,-68104.19977649339,0.397441521128727,0.7724899791287674,-10.207751937085533,1.943656960991165,29854.062343243975,-68183.89629045923,-68156.2393389322,-3.5331741683932436,-0.39279047924993327,0.29214703088051813,-10.68484994281969,0.68600624106004,2.5458865548614744,29536.203334683363,-68977.7002255156,-68931.60530630386,-560.314949159263,-551.095965316912,-612.3545115980669,-603.1355277557159,-1406.15844665443,-1378.501495127377
108,74693,-2.8337919967757483,-0.27993727413396596,-10.122953456421873,3.572228825524117,30680.653456368764,-66454.40330577875,-66435.96102246162,0.3799158357888705,0.7966244799314216,-10.196275902889539,2.09684462948822,30672.6131590376,-66471.9802236879,-66444.31679871221,0.4082092995317625,0.8144795958197086,-10.199997600117232,1.9952499777784571,30644.01461696698,-66541.65499659219,-66513.9915716165,-3.4730855097809146,-0.40490639348383856,0.30767508141884203,-10.919161517995155,0.7637447933562569,2.4697066188457555,30267.357463488435,-67461.42375779478,-67415.31804950196,-17.57691790915851,-8.355776250595227,-87.25169081344211,-78.03054915487883,-1007.0204520160332,-979.3570270403434
109,73977,-2.881707712788136,-0.28430791291060814,-10.135868830686398,3.517313288126522,30370.50628638925,-65856.41256446339,-65837.98954543726,0.3863361618492567,0.8045912760964189,-10.198321972640949,2.082619634271668,30360.811788384763,-65878.030358633,-65850.39583009381,0.41440342714995,0.8186574142410729,-10.202712970629118,1.9755083105160842,30332.212281760927,-65947.74861342483,-65920.11408488564,-3.3261312636727087,-0.38136885237966556,0.31218098289849416,-10.770291443763506,0.7266826374221809,2.6221333854618685,30082.489939919968,-66555.3154743177,-66509.25792675238,-21.617794169607805,-12.40628465655027,-91.33604896144243,-82.1245394483849,-698.9029098543106,-671.2683813151234
110,74152,-2.9347516354964145,-0.28914921678557054,-10.149609492709745,3.4584219563755125,30582.525228161125,-65671.55627918438,-65653.12853454528,0.37857305707435274,0.777499755547056,-10.212977616078875,2.0537641044918655,30688.53105179992,-65412.973411034625,-65385.33179407596,0.4046512049922744,0.7844786362244944,-10.21818564158503,1.9386538988299111,30658.10925177276,-65486.517373323906,-65458.87575636524,-2.1066950584303252,-0.2714742294902819,0.3065364172669414,-10.815393305373725,0.6176951535342482,3.683590895082723,30424.387069064825,-66049.98114500425,-66003.91178340647,258.5828681497587,267.79674046931905,185.03890586047783,194.25277818003815,-378.42486581986304,-350.78324886118935
111,73914,-2.953648495487748,-0.2919513103620116,-10.116921523062544,3.4252286751514402,31221.23217954221,-63695.37148852051,-63676.95017345213,0.3983615964551877,0.8827973930958897,-10.180443444179922,2.216070527258259,31548.611384506454,-62922.36029602892,-62894.72832342635,0.43000234223531214,0.9119094022910736,-10.18495025310234,2.120707988590549,31515.975776520347,-62998.860552436156,-62971.22857983359,-2.6868755180583266,-0.3436916725529337,0.32232568308002035,-11.046810055577447,0.7797904243390757,2.909584606958974,31277.645774780143,-63555.93691345832,-63509.88362578737,773.0111924915909,782.2218500257804,696.5109360843562,705.7215936185457,139.4345750621942,167.06654766476277
112,74089,-2.8757473441215544,-0.28380838405904074,-10.132707508469206,3.5235040829236732,30605.439040290086,-65497.29464163454,-65478.86859693009,0.37834227339524085,0.7938197926410109,-10.205609322298479,2.0981525154915355,30655.770741554315,-65373.5527998625,-65345.913732805835,0.40607044638330403,0.8089731332008824,-10.208582014755168,1.9921989901162729,30628.79311105151,-65438.78115982062,-65411.142092763956,-3.569714682885372,-0.41538453714160584,0.3087076328563786,-10.964341145226326,0.7883945294022651,2.407407860873495,30330.47437876639,-66159.93137595447,-66113.86626419336,123.74184177204006,132.95486412425817,58.5134818139195,67.7265041661376,-662.6367343199381,-634.9976672632692
113,74187,-2.9336842889180383,-0.29043794439214043,-10.100898816984696,3.4430762898178022,30130.38641115693,-66842.54909505705,-66824.12040663375,0.38628786683528754,0.8242496063041103,-10.191972975361145,2.133770374557399,30425.592368091875,-66117.23099308045,-66089.5879604455,0.4150803052885592,0.8413728749007611,-10.196446697056258,2.027012277337148,30389.44291283909,-66205.42694463443,-66177.78391199948,-2.5474268154489876,-0.33952322193511936,0.3154259091870263,-11.13799091893475,0.762832914264763,2.9453066400008816,30000.309036476632,-67157.51878205249,-67111.44706099424,725.3181019766052,734.5324461882556,637.1221504226269,646.3364946342772,-314.96968699543504,-287.3266543604841
114,74566,-2.9896414448478454,-0.2957266855106617,-10.10947469852213,3.381500720076029,31711.945858793755,-63749.27295234884,-63730.834072512385,0.399759111753176,0.8663893962393976,-10.179341769610199,2.1672786704967812,32107.13834876119,-62823.77803739814,-62796.119717643465,0.4309092025366174,0.8916241621813743,-10.183672661437589,2.0691694606025655,32069.820742008895,-62910.495295994806,-62882.836976240134,-4.054955502025296,-0.49137643228564887,0.33061321570428465,-11.326222547944736,0.9377970433630171,2.0350996390862233,31693.87589582366,-63785.77393595002,-63739.676736358895,925.4949149507011,934.71435486892,838.7776563540319,847.9970962722509,-36.50098360118136,-8.842663846509822
115,74186,-2.8499185375453333,-0.28144609467022436,-10.125983595134393,3.55307825881087,29776.028325236948,-67718.30749938886,-67699.87883792464,0.3752267151272837,0.7448517157598806,-10.222986906629698,1.9850711202884725,29670.68797041415,-67979.22488926054,-67951.58189706421,0.40102853152382256,0.7504383633182231,-10.227305581796474,1.8712842212665468,29641.763714648674,-68051.57984837462,-68023.93685617829,-2.667349446819946,-0.3226471382640916,0.2980106061808928,-10.812509135634686,0.6163429439470907,3.0993611329708584,29215.94569397274,-69121.02586460147,-69074.95421094092,-260.91738987168355,-251.70305913957418,-333.2723489857599,-324.0580182536505,-1402.7183652126114,-1375.0753730162833
116,73845,-2.8657372841784303,-0.28307981386714925,-10.123425068815875,3.5325726209121533,30455.859791763807,-65399.76966426008,-65381.350217098356,0.3749416319340931,0.7802451959387683,-10.21444208169945,2.0809777562282523,30539.13532589104,-65196.13064038113,-65168.50146963855,0.4014307801249223,0.7896899524202712,-10.219430420426297,1.9671883460817965,30509.12109010507,-65268.742097294584,-65241.112926552,-1.487208016932477,-0.22964771339985499,0.305723886105496,-10.996294170387324,0.641235311155545,4.354495784849524,30154.070453378714,-66129.15470026973,-66083.10608236543,203.63902387894632,212.84874745980778,131.02756696549477,140.23729054635623,-729.3850360096549,-701.7558652670705
117,74286,-3.0565464848006827,-0.30176702470827144,-10.128828647714412,3.313814691869446,31144.235888216663,-64572.32388692992,-64553.89253135462,0.3940700445498769,0.8313423132514093,-10.198734211832338,2.1096308251519167,31557.533683700112,-63590.99954238538,-63563.352509022436,0.4244036116803989,0.8528973586354383,-10.202660902689361,2.0096373715069147,31516.73719443246,-63687.09604519593,-63659.449011832985,-2.5032270809223123,-0.33708946089918473,0.33563073426071277,-11.144395278741843,0.79903185951371,2.966571536625631,31198.520423690377,-64436.9557851673,-64390.87739622906,981.3243445445332,990.5400223321849,885.227841733984,894.4435195216356,135.36810176261497,163.01513512556267
118,74297,-2.8631738060165612,-0.28296681853149896,-10.118408302695894,3.5339832606157078,30380.27455718648,-66438.10120366278,-66419.6695519567,0.39118176194005555,0.8200694582621308,-10.19474365049607,2.096389806608105,30301.430949512345,-66629.16917256081,-66601.52169500169,0.41924083906199827,0.8327748245216842,-10.19987485604769,1.9863876486482548,30281.026689057304,-66679.2158512675,-66651.56837370837,-4.636927166849502,-0.5102925192000098,0.30694889621684945,-10.916393079653842,0.8916757670519638,1.959660317121068,29934.721355934158,-67529.80063488672,-67483.72150562152,-191.0679688980308,-181.85214304499095,-241.11464760471426,-231.8988217516744,-1091.6994312239403,-1064.0519536648208
119,73901,-2.815477275365619,-0.2774145854358905,-10.148987916196878,3.6047131351393795,30744.209866783698,-64809.00088814039,-64790.5799248631,0.36928576731997803,0.731098501437093,-10.226010251950289,1.9797635493588144,30638.91883270438,-65060.52723995018,-65032.895795034245,0.39358862578535136,0.7322522249109064,-10.230085276065434,1.8604506760067034,30606.52741889138,-65138.696581244534,-65111.0651363286,-3.2048490657071387,-0.3685866541165513,0.30276608383389486,-10.776449235497337,0.6714571299312283,2.7130662188430423,30323.31178155044,-65821.7185668275,-65775.66615863428,-251.5263518097854,-242.31587017114362,-329.69569310414226,-320.48521146550047,-1012.7176786871132,-985.0862337711806
120,74235,-2.9804122954904413,-0.29413767953904635,-10.132711661291243,3.3997684403002557,31645.053193946595,-63292.762109651354,-63274.332127619244,0.38982571242241426,0.8528767514814161,-10.190838999087319,2.187841192366605,32075.444203235933,-62287.92742500639,-62260.28245195823,0.4172966561600619,0.8634326289709569,-10.19751493771533,2.069109867584875,32040.152809965217,-62369.65034317552,-62342.00537012736,-1.5538432851592283,-0.25100970355818725,0.3277555076689969,-11.146515750102173,0.7430625652519792,3.9839097286857967,31841.09150445007,-62828.30143909222,-62782.226484011946,1004.834684644964,1014.0496756610155,923.1117664758349,932.3267574918864,464.4606705591359,492.1056436072977
121,74355,-2.8227420740097298,-0.2782309595757745,-10.145319839005815,3.594136330208271,31471.14333730922,-63924.932880797794,-63906.49966839955,0.367782347730921,0.7518531312332911,-10.22205167016457,2.044288247850781,31407.797795186318,-64072.7464525,-64045.096633902634,0.3930676528894332,0.7589694366069455,-10.225827656296572,1.9308875483082237,31382.623577575585,-64132.3679364721,-64104.718117874734,-3.9725503447284107,-0.44020506046015984,0.29280585230378514,-10.81172055146567,0.7426716462011634,2.271668569540453,31067.00759652315,-64879.94406712007,-64833.86103612446,-147.81357170220872,-138.5969655030858,-207.4350556743084,-198.21844947518548,-955.0111863222774,-927.3613677249086
122,74030,-3.0610737744582943,-0.30250267561951494,-10.119162642741331,3.305755884479484,30292.2490301569,-66147.6196307983,-66129.19517940743,0.41357730898882755,0.9147981153222902,-10.190581950560953,2.2119156332800713,30591.949812508465,-65416.79249525088,-65389.15581816457,0.4486738266595166,0.9535416083875234,-10.194555467774855,2.125244557916087,30560.66056904468,-65492.54863652781,-65464.9119594415,-2.082074373033784,-0.3302984313806767,0.3468168207347418,-11.437725907543184,0.8475665726938457,3.0275650896067274,30172.227890396465,-66435.51704292187,-66389.45591444468,730.827135547428,740.0393612428597,655.0709942704925,664.2832199659242,-287.897412123566,-260.2607350372564
123,74363,-2.88370421661802,-0.28444030670773274,-10.138170113777422,3.515676141593804,30547.140398345244,-66155.82628690789,-66137.3928593373,0.3845051578332904,0.8210939504288186,-10.212341407578487,2.1354562707447986,30694.50464734563,-65795.94991730017,-65768.2997759443,0.41325123755807835,0.8400833658107526,-10.21705067085549,2.0328635209294132,30661.012769823843,-65877.13435972249,-65849.48421836662,-3.2550075693922427,-0.40316820111895696,0.31786339628484656,-11.153946479515824,0.80109327549215,2.4803543464603366,30299.875374228708,-66754.2099192349,-66708.12635030843,359.87636960772215,369.0930833930033,278.6919271853985,287.9086409706797,-598.383632327008,-570.7334909711353
124,74296,-2.8804361687608604,-0.2843572974591107,-10.129636884648807,3.51670243364792,30546.234005107413,-66031.4519611922,-66013.02033640529,0.3912665834722215,0.8135537548158928,-10.19969750135457,2.0792824871374482,30425.208574576067,-66324.40044249971,-66296.75300531935,0.42050665676816884,0.831598927005523,-10.203404585319335,1.9776118014321828,30395.5849938855,-66396.77416851993,-66369.12673133957,-3.52169853989561,-0.40887683266308866,0.3115190616810426,-10.909309985769555,0.7581524678188073,2.4457242869125633,30049.584554167297,-67243.35427730875,-67197.27521534148,-292.9484813075105,-283.7326689140609,-365.3222073277284,-356.1063949342788,-1211.9023161165533,-1184.25487893619
125,74132,-2.8453434272659384,-0.280870675729116,-10.130439640520224,3.5603574399644478,31003.364188541575,-64620.687174259365,-64602.25996912553,0.3718467331480721,0.7688277843785517,-10.211865877255025,2.0675932201141562,31028.170429302347,-64559.39680366212,-64531.75599596137,0.397456294384531,0.7760858928999149,-10.216391686503112,1.9526320349302793,31001.08373638775,-64624.14015335365,-64596.4993456529,-2.8566145363568785,-0.33671599688037807,0.29774262401902457,-10.781367069648741,0.6497421586486685,2.9698618695424224,30704.18929830888,-65333.51673353782,-65287.448720703236,61.290370597242145,70.5039731641591,-3.4529790942833642,5.760623472633597,-712.8295592784561,-685.1887515777053
126,74334,-2.8726096042925633,-0.28327390382977885,-10.14074916699257,3.530152218331084,30135.529995566234,-67109.46114800267,-67091.02850054197,0.37445462330100704,0.7518435424158626,-10.209842787394269,2.007836185297917,30094.664268393964,-67208.33126694831,-67180.68229575729,0.40139484878966214,0.7638293641052069,-10.21344110499461,1.90293763462188,30063.563976072608,-67285.18889400394,-67257.53992281291,-2.7616865564138413,-0.3214887150940232,0.3062771433377243,-10.663796145596315,0.6222111956675079,3.110529088735006,29844.454391198546,-67824.9346212223,-67778.85300257058,-98.87011894564785,-89.65379521531577,-175.72774600127013,-166.51142227093806,-715.4734732196375,-687.8245020286122
127,74558,-2.840776612251678,-0.280815926242561,-10.116152065384973,3.5610515877088385,30450.919235498517,-66759.79345992523,-66741.3547946753,0.38151194958547446,0.8057646696997102,-10.196785801562966,2.1120299654445964,30416.62752887639,-66841.80280377906,-66814.14480590417,0.4109688872690763,0.829860207526465,-10.200163204948224,2.019277451976858,30393.77692824516,-66897.83581909152,-66870.17782121662,-4.006214743165694,-0.4468016109177796,0.2961835062796226,-10.838719477346537,0.7700274696239826,2.238129799814039,30048.09816029025,-67746.66834802032,-67700.57168489549,-82.00934385383152,-72.79001122887712,-138.04235916628386,-128.82302654132945,-986.874888095088,-959.2168902201956
128,74288,-2.771563522496729,-0.2736776165463083,-10.127110713227657,3.6539341895020945,29821.83761029616,-67799.28907939243,-67780.85766997191,0.3812704663139556,0.8041354105743761,-10.207707570426907,2.1090944136024796,29470.86047906858,-68676.77996114298,-68649.1328470122,0.4071807313340311,0.8095243840564528,-10.21331138032837,1.9881205611184942,29457.879872339643,-68709.50773786196,-68681.86062373118,-5.043679171874296,-0.5511514749415566,0.29479006626144494,-11.007176553525428,0.9063141345317686,1.8143832421133206,28987.561603763537,-69901.14444988061,-69855.0659263293,-877.4908817505493,-868.2751770402829,-910.21865846953,-901.0029537592636,-2101.855370488178,-2074.208256357393
129,74305,-3.0015894547715782,-0.2962940865862102,-10.130439960360906,3.375025170166663,30973.56370376332,-65016.15833746597,-64997.726470419584,0.3929893653369581,0.8403777640855745,-10.192107129449655,2.1384236781191657,31338.42027138504,-64143.989379214305,-64116.34157864473,0.4221737400505167,0.857377086694415,-10.197012274145122,2.0308631384600626,31300.90881295192,-64232.98424211625,-64205.33644154667,-2.194958884420701,-0.2999048123167926,0.3278318432030969,-11.041847685772616,0.7465693476219923,3.334391309945669,31047.146461403816,-64833.8440270591,-64787.764359443136,872.1689582516628,881.3848917748546,783.174095349721,792.3900288729128,182.31431040686584,209.96211097644846
130,74426,-2.8544160595351364,-0.28212150905138594,-10.117683224979595,3.5445719943950067,30684.5983268097,-65940.74777946777,-65922.31265822348,0.37136411199505254,0.7385679220515661,-10.22227414937736,1.9887972429102292,30621.51855850874,-66091.90628080086,-66064.25359893445,0.3964195771060694,0.7420645734794831,-10.226489095991507,1.8719170705359234,30593.656550062482,-66159.65608238638,-66132.00340051997,-2.916345463573021,-0.35144407339716016,0.305921990752461,-10.888938949683878,0.6797581964937109,2.8454029408824866,30126.435323453923,-67301.04609253946,-67254.95828942876,-151.1585013330914,-141.94094071096333,-218.90830291861494,-209.69074229648686,-1360.2983130716893,-1332.645631205276
131,73944,-2.8227922015211933,-0.2780560699015172,-10.15188124654491,3.5963969438041157,30416.677918829435,-65681.7104906421,-65663.28836398422,0.381216019376835,0.8082532818854501,-10.204016481235582,2.1201975803815456,30294.099754921208,-65978.304329032,-65950.67113904517,0.40783952764502984,0.8172732818337045,-10.209349665601898,2.0039089554483605,30270.5385270401,-66035.8366307761,-66008.20344078926,-3.3957258142742104,-0.39816961045124755,0.3119398464558475,-10.935783332216584,0.7726793514357508,2.511492524170027,29989.98999593599,-66720.34803195522,-66674.2927153105,-296.5938383899047,-287.3827750609489,-354.1261401340016,-344.9150768050458,-1038.6375413131173,-1011.004351326279
132,74278,-3.0843362113883908,-0.3047643199767264,-10.120397990236944,3.2812239965504024,31501.63326530057,-63709.84240865506,-63691.411268475145,0.41535302053166767,0.9594172578865676,-10.173628453225326,2.309883907088185,32083.86277210086,-62347.53055372799,-62319.88384345813,0.4523038563850478,1.0075100989282901,-10.177588940874832,2.2275072049586804,32040.516181475243,-62447.95097421202,-62420.304263942155,-3.446385986132797,-0.5039759422579785,0.35848044362599646,-11.96144461735869,1.0583583825081841,1.984221698201843,31738.98409998931,-63146.28845636967,-63100.21060591989,1362.3118549270657,1371.5274250170187,1261.8914344430377,1271.1070045329907,563.5539522853869,591.2006625552531
133,73960,-2.842501935899488,-0.280672084170469,-10.127483623106123,3.5628765965646942,30172.730223911694,-66307.49041133476,-66289.06785196376,0.37446123377776785,0.7702091609900236,-10.212974347585616,2.0568461873068573,30213.495996665766,-66205.6319767341,-66177.9981376776,0.39998782178191983,0.7754861468696264,-10.217905854744046,1.9387743942175184,30184.654604802217,-66276.26690456289,-66248.63306550638,-2.6047942502495016,-0.32762199079832405,0.3051965478394144,-10.949722890691051,0.6817075061676565,3.052298160948467,29827.49995942273,-67152.60421740681,-67106.5478189793,101.85843460065371,111.06971428616089,31.223506771872053,40.43478645737923,-845.113806072055,-817.479967015548
134,73941,-2.739701418703734,-0.2711107873550799,-10.105468120364705,3.688528994939171,29738.939913467675,-67342.21571472794,-67323.79366921418,0.3776094358664089,0.7871958225507415,-10.201149441386715,2.0846826053076613,29452.699697728174,-68055.35227505451,-68027.71920678388,0.40363203513549567,0.7950801432543497,-10.205121514767326,1.9698142715244304,29438.644378359015,-68090.64657527849,-68063.01350700785,-3.046344744210479,-0.35477595581312193,0.2992842068303113,-10.780736844068281,0.6774200254783346,2.8186803068659745,29112.24173450687,-68911.05042316008,-68864.99530937569,-713.1365603265731,-703.9255375696957,-748.4308605505503,-739.2198377936729,-1568.834708432143,-1541.201640161511
135,74225,-2.8794665896855705,-0.28459651843852374,-10.117715443197067,3.513746427702741,30218.878346884547,-66697.12206582684,-66678.69235322758,0.3804367016154632,0.7695824110394627,-10.205031256332108,2.022892133623162,30151.71051472497,-66860.286411353,-66832.6418424541,0.4070066661932803,0.7772345070168059,-10.208747711934166,1.9096358157625626,30128.333084476566,-66917.8573666335,-66890.21279773461,-3.093263773485974,-0.35434924721143896,0.29883201128685966,-10.70566125193256,0.6436651588768633,2.8220745715407247,29795.957668670148,-67737.25695723695,-67691.18267573879,-163.164345526151,-153.9494892265211,-220.7353008066566,-211.5204445070267,-1040.1348914101109,-1012.4903225112066
136,74101,-2.9196374029790433,-0.288110047676157,-10.133757661450217,3.470895958213944,31092.132510486113,-64350.80774977639,-64332.381381163446,0.3924605370801515,0.8188888899349382,-10.20114817322917,2.086550907837386,31061.44426856514,-64421.982286696875,-64394.34273377746,0.421080854862112,0.8343977424762221,-10.20522708288652,1.9815618137031086,31038.92293586949,-64475.72925865118,-64448.08970573177,-4.020673773316117,-0.4419115134175335,0.3101907743601218,-10.72132779352388,0.7801124203494367,2.2628964614804343,30795.191693845718,-65055.89941813409,-65009.83349660174,-71.1745369204873,-61.961352614016505,-124.92150887479511,-115.70832456832431,-705.0916683577016,-677.4521154382965
137,73813,-2.938626365389104,-0.2895742799420271,-10.148091764149145,3.4533453737680033,30093.550982593002,-66222.793054513,-66204.37447421932,0.3782472767755473,0.7462013812253884,-10.224456433977846,1.972787187224578,30219.381107501584,-65912.8023081328,-65885.17443769229,0.4046073047404417,0.7543094067285407,-10.228594704518347,1.8643000210103355,30185.560984450174,-65995.45663796707,-65967.82876752656,-3.2237719121217583,-0.36801437359237155,0.3062554475368948,-10.730741589045651,0.6568294673609462,2.717285170789668,29929.93262607924,-66619.20860711863,-66573.16215638445,309.99074638019374,319.200036527036,227.33641654592066,236.5457066927629,-396.415552605642,-368.7876821651298
138,73755,-2.892784073139191,-0.2857860828145822,-10.122200649693735,3.4991207064789065,30004.66869013481,-66330.93700577068,-66312.51999763366,0.390445405643438,0.8328596779131602,-10.188606948334924,2.133101493512625,30019.950803672033,-66291.38133885278,-66263.75582664723,0.4207494079647371,0.8568671892559563,-10.19195948993277,2.0365261912092105,29995.407484897827,-66351.70565011993,-66324.08013791438,-3.278127174702951,-0.39300448979589336,0.3160861945163016,-10.990699930071855,0.7858334237534075,2.5445001926551765,29685.201576724594,-67114.43518460436,-67068.39266426179,39.55566691790591,48.7641709864256,-20.768644349242095,-11.560140280722408,-783.4981788336736,-755.8726666281291
139,73923,-2.870543566768377,-0.2833675154968012,-10.130108109730669,3.528986017493203,30636.54332853396,-65109.632169275625,-65091.21061069581,0.38370233382738694,0.7991973670119792,-10.204170022867848,2.0828577169184164,30644.12782423563,-65089.33378356704,-65061.70144569732,0.41156625012400316,0.813443928469055,-10.208607774353093,1.9764592656078281,30616.322750732746,-65156.438565540026,-65128.806227670306,-2.663644629141887,-0.3314029573949611,0.31344469208552556,-10.917466693608805,0.7005426289681923,3.017474580977305,30326.74675578859,-65854.9462518265,-65808.89235537697,20.298385708585556,29.509164998489723,-46.80639626440097,-37.59561697449681,-745.3140825508817,-717.681744681162
140,74515,-2.9157538179077687,-0.28731623530598266,-10.148238977176433,3.4804855316826484,30944.159593922817,-65480.986954891254,-65462.54944343849,0.3843049759198528,0.7858321017052331,-10.20679936011618,2.044813757158115,31134.134812070657,-65022.91619112491,-64995.25992394576,0.41148553840293467,0.7961715288257011,-10.211175597960398,1.9348712275911732,31095.548986162412,-65115.32299799066,-65087.666730811514,-3.0992224232265184,-0.36699648352551995,0.3203472747664231,-10.852304445179625,0.7331635528847025,2.7248217486815856,30831.925261388045,-65745.74385086287,-65699.65007223096,458.0707637663436,467.28951949272596,365.6639569005929,374.88271262697526,-264.75689597161545,-237.10062879246834
141,74135,-2.8342717170056755,-0.2794040328888156,-10.143990005088899,3.579046406956961,30674.689598851535,-65416.42214671159,-65397.99486064269,0.3856001717925539,0.7961638539069142,-10.222895750878589,2.0647393651453982,30432.81878490246,-66001.29557381298,-65973.65464470962,0.4122445974063249,0.8035958521424981,-10.228677196967825,1.949318092216116,30410.22855172273,-66056.34630144894,-66028.70537234558,-12.958304713275608,-1.3303845745300047,0.20549671857060525,-12.380513023296446,1.571818152850811,0.7516623532359263,29920.76603269968,-67255.28022457554,-67209.21200940329,-584.8734271013891,-575.6597840669274,-639.9241547373458,-630.7105117028841,-1838.8580778639516,-1811.2171487605956
142,74449,-2.7587133516210107,-0.27267055431379017,-10.117386376991314,3.667429372843819,30597.046275242563,-66196.85856122068,-66178.4228220083,0.3684957144386925,0.732243260709867,-10.212600890654377,1.9871147262194064,30476.850617744138,-66487.8956364134,-66460.24202759484,0.3939517355840167,0.7406922161015583,-10.215307639015743,1.880159799279761,30452.16288173731,-66548.22739801573,-66520.57378919717,-3.915458883820782,-0.4285587693273186,0.2884516294466569,-10.688710950068394,0.6850278435246286,2.3334022579205094,30030.95039889973,-67581.18973040284,-67535.1003823719,-291.03707519272575,-281.81920558653655,-351.36883679505263,-342.15096718886343,-1384.3311691821582,-1356.6775603635906
143,74398,-3.043437518771237,-0.30054138485774634,-10.126517252230574,3.3273287819357216,31193.13471906634,-64665.05018556436,-64646.61581688688,0.4044478706828653,0.8738199746502268,-10.189113900895336,2.1605255905411958,31618.536860846074,-63655.28995042442,-63627.6383974082,0.4360404767042714,0.8974631709361384,-10.194264190064187,2.0582106911712468,31570.133576917713,-63769.26950394566,-63741.61795092944,-1.4912199097264234,-0.2842590298040406,0.3530943233688559,-11.495055866469412,0.8566428428990713,3.517918149123949,31235.33980432936,-64558.45588350122,-64512.369961807526,1009.76023513994,1018.9774194786805,895.7806816187003,904.9978659574408,106.59430206313846,134.24585507935262
144,74267,-2.959398848359241,-0.29264705477594705,-10.112518817676058,3.4170854743971644,30380.073679841862,-66381.77001235136,-66363.33916837799,0.4046473926000461,0.8954177698197157,-10.182269286143004,2.212834646150179,30552.788748551,-65958.74714063374,-65931.10087467368,0.4363586530737876,0.9211002520915793,-10.187410843058084,2.110878850695835,30522.18327538573,-66033.17949125139,-66005.53322529132,-2.51705645197461,-0.34111349666174207,0.3329395443002442,-11.183284034968855,0.8147939701811793,2.9315755893166218,30178.125950561713,-66871.09872749228,-66825.02161755884,423.02287171762146,432.23829370431486,348.5905210999772,357.8059430866706,-489.32871514091676,-461.6824491808511
145,73970,-3.0054887424871635,-0.29668599592866723,-10.13020089835915,3.3705669081881164,31552.26885771935,-63019.48342945513,-63001.06059968597,0.383115693306268,0.7903687042697314,-10.206798000219472,2.0630026858176747,32022.956580610127,-61922.1697505929,-61894.53550593915,0.412487892931493,0.811380639755654,-10.210219542936661,1.967041102683734,31974.91428462216,-62033.22623587033,-62005.591991216585,-2.5194037323530223,-0.32038809697689963,0.3229904260890255,-10.940843479383389,0.7219524830375885,3.1212145814271657,31714.605956180476,-62633.88189035932,-62587.82481593641,1097.313678862236,1106.5250937468154,986.2571935848027,995.4686084693822,385.60153909581277,413.2357837495583
146,74092,-3.0214782391849697,-0.29846407265091385,-10.123423607902438,3.350487015466041,31336.63293640996,-63753.630778224026,-63735.20465253754,0.3918993781909182,0.8037943475899076,-10.20489867268,2.0510222580611757,31655.623183857995,-63001.22655716473,-62973.587368635,0.4234994179553572,0.8318661772797539,-10.207178323587621,1.9642675810417387,31612.939294370168,-63101.19833132436,-63073.559142794635,-2.5226315603580844,-0.322140242570051,0.3211303580875608,-10.945702483274102,0.702515683834605,3.1042380548979223,31272.078133982417,-63900.420894317336,-63854.355580101124,752.4042210592961,761.6172839025385,652.4324468996638,661.6455097429061,-146.79011609331064,-119.15092756358354
147,73921,-2.8874961996746853,-0.28511070464353616,-10.127631662531996,3.5074095209798055,29697.355781702758,-67407.4387130126,-67389.01720854387,0.38397462497144896,0.8065632005990855,-10.204431225506259,2.100563808504426,29683.650923194313,-67439.55995547738,-67411.92769877429,0.4108145012828214,0.8145165058821342,-10.210604967729207,1.9826868412354022,29658.110481310952,-67503.19052782144,-67475.55827111835,-2.0438015136523697,-0.2782150222798446,0.3109347019733726,-10.959069750008927,0.6696487711725082,3.5943422170573616,29284.22528213364,-68436.99993580657,-68390.94617463475,-32.12124246478197,-22.91049023042433,-95.75181480884203,-86.54106257448439,-1029.561222793971,-1001.9289660908835
148,73390,-2.940260073293064,-0.29034318329165026,-10.126843826533262,3.444200027921779,31107.333433202475,-62989.87301887868,-62971.4659329476,0.39471914643509487,0.8313463493391018,-10.1986014044813,2.1061718359684463,31235.1635701913,-62686.90763083051,-62659.29700193389,0.4249047540267417,0.8534124187865904,-10.202417464406524,2.008479337307862,31204.526481632598,-62758.9277227912,-62731.317093894584,-4.296722271758793,-0.4821371444739255,0.31330225787738014,-10.95670598468419,0.8599079129865931,2.0740986490288575,30917.42663301338,-63433.28398324622,-63387.26626841853,302.965388048171,312.16893101370806,230.9452960874769,240.14883905301394,-443.41096436754015,-415.800335470929
149,74378,-2.953880747339223,-0.29212206987250083,-10.111802742697494,3.423226462952486,31014.429713372352,-65055.00398338093,-65036.57015242459,0.38940153980402814,0.8050698193075574,-10.194874507338215,2.0674541238658692,31173.276273726548,-64673.034503126546,-64645.38375669204,0.4193789805077787,0.826940608913821,-10.197338290821131,1.9718217825618536,31140.47329634519,-64751.34210277746,-64723.691356342955,-3.799187903825778,-0.44146524417282335,0.31589617618030513,-10.998241406919128,0.8132260815972358,2.2651839826569073,30765.191005029606,-65649.13642210522,-65603.05184471437,381.9694802543818,391.1863957325477,303.6618806034676,312.8787960816335,-594.132438724293,-566.4816922897808
150,73926,-2.96793321322374,-0.2931098323632448,-10.125669239050444,3.411690395840155,31018.459865644305,-64199.40669526272,-64180.98505551901,0.38729005332735916,0.8473259717177543,-10.19544896023995,2.18783303221461,31447.776303034272,-63181.23704519117,-63153.60458557561,0.4170071115978317,0.869367713848563,-10.199588051421458,2.0847791072853337,31407.49199222732,-63275.99627378857,-63248.36381417301,-3.2718813310500665,-0.42336293918194967,0.3204251793974754,-11.367893575568875,0.8654798690739155,2.3620395349963017,31056.86257904357,-64101.93848402747,-64055.88438466821,1018.169650071548,1027.380469943404,923.4104214741456,932.6212413460016,97.46821123524569,125.10067085080664
151,74137,-2.7646337473215326,-0.2731978417697931,-10.119529969241551,3.6603510244514963,30036.27143932036,-66979.44922305844,-66961.02188303464,0.3858814803264776,0.849505697847386,-10.197369337116111,2.201467914782166,29966.73312533534,-67149.2860945397,-67121.645084504,0.4144553346522358,0.8681818154566452,-10.202778268319042,2.094753626914045,29945.115233981876,-67202.78755459197,-67175.14654455626,-5.489803509539428,-0.6130522529270673,0.2998893706052269,-11.330019900943821,1.0092737065818604,1.6311823261808753,29549.933054012956,-68183.67799501546,-68137.60964495597,-169.83687148125318,-160.62320146935235,-223.33833153352316,-214.12466152162233,-1204.2287719570159,-1176.587761921328
152,74700,-2.9213196907847703,-0.2877880613096392,-10.15094120823046,3.474779306164727,31742.953880863784,-63924.95593816023,-63906.513467417986,0.3761734852191976,0.7425429970290215,-10.22642478934852,1.973937627731362,31786.811854290547,-63819.81716226419,-63792.15345615082,0.40211913212029066,0.7502141539642535,-10.23015451712325,1.8656514799694561,31754.27202650027,-63896.32594052118,-63868.66223440781,-2.9446135119331043,-0.34540093980588626,0.3074310165602565,-10.771484269147411,0.642771360221111,2.89518610042577,31500.149458048134,-64492.53878090191,-64446.432604046306,105.1387758960409,114.36001126716292,28.629997639051,37.85123301017302,-567.5828427416782,-539.9191366283194
153,73947,-2.973739048465376,-0.2937730836352317,-10.122571515632007,3.4039878249760513,30276.022012625166,-66030.12186002106,-66011.69965222232,0.3942837390992371,0.8275859619946027,-10.181203035705204,2.0989604184166164,30380.624326833284,-65773.07858073404,-65745.44526903595,0.42489287531884157,0.8505697524282416,-10.184392465521867,2.0018451751867343,30348.468822050243,-65851.38712153758,-65823.75380983949,-3.2358912172747836,-0.37852577589927394,0.31882609678368695,-10.830832857418846,0.7594593329376533,2.6418280171918886,30101.39438438316,-66451.87203561861,-66405.81651612179,257.0432792870124,266.25438318637316,178.73473848347203,187.94584238283278,-421.7501755975536,-394.11686389947135
154,73919,-2.8609072619151257,-0.28283773188596617,-10.115012741894633,3.5355961643872096,30038.360437168623,-66559.66425650525,-66541.24280614908,0.38646669534025246,0.8287135087214161,-10.197519058901543,2.144333570559816,30023.737377296675,-66593.6577373647,-66566.02556183045,0.4172050353990353,0.8557824578018772,-10.201104109631396,2.0512275384772503,29998.933557805394,-66654.75044146394,-66627.11826592969,-3.7384243179816363,-0.4364740735275359,0.3102298129568205,-11.038235150167761,0.823835979394726,2.2910868265739337,29601.93893472808,-67635.49708429955,-67589.44345840912,-33.9934808594553,-24.782755681371782,-95.0861849586945,-85.87545978061098,-1075.8328277943074,-1048.2006522600423
155,74519,-2.9050815399921537,-0.28705260271937444,-10.120380419724642,3.4836820517443985,30238.54265635822,-67207.42607851035,-67188.98845969954,0.38834809948001797,0.8355056468953437,-10.191909552104047,2.151434880237733,30305.111534050233,-67041.55595001843,-67013.8995218022,0.41883456273609176,0.860870254938943,-10.195924822268289,2.0553944958964108,30278.733795055683,-67106.44594984145,-67078.78952162522,-3.0700220876863793,-0.38178610660616347,0.3197054195573512,-11.083809842187227,0.791001339713628,2.6192676545759253,29922.346653943765,-67984.75315831273,-67938.65911128568,165.87012849192251,175.08893789733702,100.98012866890349,110.198938074318,-777.3270798023732,-749.6706515861442
156,74014,-2.860004754472147,-0.2821026319396016,-10.138171114562576,3.5448091821209977,30373.85769648262,-65918.19520578293,-65899.77118669597,0.37751822437364324,0.7769981798295682,-10.223451990473148,2.0581739626443714,30346.034981567023,-65984.02373693015,-65956.3877082997,0.4046031551474958,0.7890420434727019,-10.226980540137149,1.9501628532408777,30323.221335073966,-66039.68716231684,-66012.0511336864,-3.089113979157888,-0.3756490463088126,0.3115771383567619,-11.004065853257703,0.7286409575662721,2.6620592008050052,29937.36098849071,-66983.55248045563,-66937.49243273823,-65.82853114721365,-56.61652160373342,-121.4919565339078,-112.27994699042756,-1065.3572746727004,-1037.7212460422597
157,73875,-2.9393242101002883,-0.2903217958672611,-10.12436631331733,3.4444537552296386,30953.55076333168,-64258.88420158929,-64240.46394207987,0.3944789169691267,0.8631594914838499,-10.197512238450571,2.1881004392217083,31159.371643761027,-63767.28968229078,-63739.659293026656,0.42476253502608496,0.8858671825060132,-10.20262729429791,2.085558657972534,31129.355253116613,-63838.48911567053,-63810.858726406404,-2.303440574929082,-0.31803152448720234,0.32502562874329644,-11.151210437893374,0.7701778417440497,3.144342378046992,30791.058229801874,-64641.71697008687,-64595.66632131333,491.5945192985091,500.80464905321423,420.39508591876074,429.60521567346586,-382.8327684975811,-355.2023792334585
158,74000,-2.8107165430856504,-0.27719707976249747,-10.139776889041809,3.607541612115107,31273.364085502904,-63732.07757715637,-63713.653936411996,0.37480988030021245,0.7922544741271959,-10.208989221764943,2.1137502391682466,31355.14668659266,-63536.81365163868,-63509.17819052212,0.40216087493186864,0.8065732321748958,-10.213087042912859,2.005598461838288,31321.367194612227,-63616.57822352648,-63588.94276240992,-2.5065635492537903,-0.3157536296427066,0.30679392191061033,-10.930074096073175,0.6941422751177365,3.167026143552356,31054.659283920726,-64245.401658546885,-64199.34255668595,195.26392551769095,204.47574588987482,115.49935362989345,124.71117400207731,-513.324081390514,-485.68862027395517
159,74185,-2.9191594639250935,-0.28818515140641127,-10.12945826555917,3.469991410451805,30866.695200592254,-65047.65407980934,-65029.22544530457,0.3839626155373896,0.7890719658706267,-10.212817910789116,2.055074983709679,30956.143777307807,-64830.98431039263,-64803.34135863548,0.4117318248192441,0.801278173782365,-10.216898975036083,1.9461166844077138,30923.911937975645,-64908.26669772935,-64880.623745972196,-1.967350279816154,-0.2699761703677086,0.31495432054201794,-10.946718906138017,0.6634343760276988,3.70403061365748,30612.412733374058,-65655.32766861306,-65609.25608235113,216.66976941670873,225.884086669088,139.38738207999268,148.60169933237194,-607.6735888037147,-580.0306370465623
160,74184,-2.939699699681442,-0.28948943836862073,-10.15477357739795,3.454357456477055,30326.97302600791,-66354.40239910955,-66335.97379156458,0.3990595589322033,0.8516368140492917,-10.204821666398534,2.134109545773285,30317.042325960592,-66376.6982526944,-66349.05534137697,0.4305613278619172,0.8775885780795117,-10.20850583257623,2.0382429198586967,30288.345067257706,-66446.95199383161,-66419.30908251417,-3.955573894186936,-0.4658793089723034,0.33619471114619986,-11.146482280441832,0.9102788592409449,2.146478671065965,29983.91175061691,-67192.36057463445,-67146.28905577205,-22.295853584859287,-13.081549812384765,-92.54959472206247,-83.33529094958794,-837.9581755249092,-810.315264207471
161,74311,-2.9701080219148794,-0.29357115389121297,-10.117165745158653,3.406329221196455,31388.780944660037,-64037.84809242057,-64019.41606388417,0.3986602749674886,0.8756405878749538,-10.184813472287548,2.196458094417267,31651.66238252452,-63416.08418429061,-63388.43614148601,0.4312728882622475,0.9083738368906404,-10.18825466832189,2.106262326275141,31620.755958837493,-63488.680980603276,-63461.03293779868,-2.7249085650498626,-0.36612905854481964,0.33503841372540233,-11.253302132454056,0.8436878991541402,2.7312773369437027,31282.40512893666,-64284.11396862085,-64238.03389727985,621.763908129964,630.9799223981609,549.1671118172962,558.3831260854931,-246.26587620027567,-218.61783339567774
162,74268,-2.891527576718904,-0.28555204796762895,-10.12609644125787,3.5019885415542986,30454.494297245812,-66201.95559208584,-66183.52472118278,0.3823462644973937,0.8156775450149065,-10.191472427791476,2.133347755043823,30638.65572591919,-65752.20187804374,-65724.55557168915,0.40840443287452044,0.8211371615944454,-10.197014419425848,2.0105980628440787,30609.38062798433,-65823.19854237554,-65795.55223602096,-3.631898696472655,-0.42087662031859635,0.31019726138628406,-10.949426707371197,0.8059103498172795,2.375993228711581,30317.260935171438,-66531.37669749663,-66485.29952023899,449.75371404210455,458.9691494936269,378.75704971030063,387.972485161823,-329.4211054107873,-301.77479905620567
163,74496,-2.817448802872756,-0.27756138890630705,-10.150723103002656,3.60280658610466,30921.415698808545,-65500.066412530534,-65481.629411107235,0.37900786856837076,0.7899383067451153,-10.221108181297577,2.084226667190196,30869.104836827803,-65624.20067621123,-65596.54517407628,0.40450990970352785,0.79408284688649,-10.226317498035582,1.9630739021164816,30840.68904669418,-65692.80770657687,-65665.15220444193,-3.680061560493711,-0.43381657123350187,0.3182899302748425,-11.075020243987698,0.8237939571800532,2.3051217180492394,30491.815450365364,-66536.31810772895,-66490.22560417069,-124.13426368069486,-114.91576296904532,-192.74129404634004,-183.5227933346905,-1036.2516951984144,-1008.5961930634512
164,74339,-2.891709746750371,-0.28604243062780965,-10.109373425486591,3.495984836253793,31235.766389331562,-64453.25917762879,-64434.82639564468,0.3930656353368942,0.8356397887688976,-10.188135147420878,2.1259548371677814,31215.902068697174,-64498.54994880914,-64470.90077583298,0.42316886828622613,0.8577209548263633,-10.192167188052254,2.026899942569054,31187.951171255274,-64565.14333354435,-64537.494160568196,-3.597886939851905,-0.41764022748010665,0.3152319241326346,-10.931652396982907,0.8029748993538824,2.394405361843724,30833.169902209065,-65411.63980897863,-65365.55785401837,-45.29077118034911,-36.07438018829998,-111.88415591556259,-102.66776492351346,-958.3806313498426,-930.7314583736879
165,74114,-2.873204480905917,-0.2824733289211907,-10.171595640123368,3.5401572382750417,31095.921570715964,-64366.06766079912,-64347.64094134449,0.3762296947386053,0.7404319194175002,-10.243021445232678,1.9680315769119001,31046.208459806778,-64482.648671334435,-64455.0085921525,0.4012709312719389,0.7443326576611939,-10.246773979588118,1.8549378976987598,31020.73158372676,-64543.492440932765,-64515.85236175083,-4.979404738834684,-0.5286669090613428,0.2912017889605715,-10.750638065917066,0.8176782106133544,1.89155020459956,30669.93193872419,-65382.389684778514,-65336.322886141956,-116.58101053531573,-107.36765080800978,-177.42478013364598,-168.21142040634004,-1016.3220239793955,-988.6819447974631
166,74072,-2.8802754351641866,-0.2842952080520633,-10.131283797920076,3.517470473216238,29704.28581717928,-67679.01253659336,-67660.5869508491,0.3869823680486269,0.8200036886640917,-10.200998235636886,2.1189691220274223,29653.56412017605,-67803.60264923504,-67775.96427061866,0.41543860347477884,0.8353133750921969,-10.20604679776664,2.010678276177357,29627.56539922599,-67868.57365762486,-67840.93527900848,-2.6009052107701955,-0.328814277821307,0.3150995342071893,-10.962854160891496,0.717424489336119,3.0412304679283015,29316.94345817595,-68645.26050526564,-68599.196540905,-124.59011264167202,-115.37731976955547,-189.56112103149644,-180.3483281593799,-966.24796867228,-938.6095900559012
167,74330,-2.926287587780698,-0.2892638017331704,-10.116328314318547,3.4570519851026633,30629.017160324674,-65894.51068200081,-65876.07814216537,0.3856499872212068,0.8037699198554262,-10.19635161650097,2.0841953753116242,30860.65913276807,-65332.480761525076,-65304.83195177192,0.4125713338460745,0.8115727956425329,-10.20151500722648,1.9671090283391361,30821.531675787723,-65426.781700882726,-65399.13289112957,-2.2251276309352868,-0.2938582475007786,0.3169626890601347,-10.940845652877572,0.6952364875368978,3.403001305918257,30541.92576219549,-66100.1637214232,-66054.08237183461,562.0299204757321,571.2461903934454,467.7289811180817,476.9452510357951,-205.65303942239552,-178.00422966924089
168,73792,-2.831055704253518,-0.27911627951175205,-10.142925769882646,3.5827362049582474,30525.52868447058,-65131.23800296685,-65112.81999175959,0.38445153667094273,0.8042293636880283,-10.208273875808677,2.0918874994025036,30422.38647342941,-65378.994775882886,-65351.367759071996,0.4125416456842786,0.8196737949743725,-10.212004945225754,1.9868873931861788,30398.015529234563,-65438.1321952705,-65410.50517845961,-4.1572016236569205,-0.4630082497475148,0.3049387933478142,-10.882383511913552,0.8118358790819858,2.159788730644248,30092.831347684736,-66178.71896703965,-66132.67393902151,-247.75677291603643,-238.54776731240418,-306.8941923036473,-297.68518670001504,-1047.480964072798,-1019.8539472619159
169,74367,-2.820172540357804,-0.2787306522605565,-10.117913180648378,3.5876929641208006,30673.285968354667,-65856.91616193204,-65838.48262678397,0.39185736479597044,0.8379730118480851,-10.18721400014754,2.1384643677282806,30606.96680165933,-66015.8802301974,-65988.22992747529,0.41992769257222695,0.8510502856217913,-10.192667392773364,2.0266591145936674,30579.302143072768,-66083.1285798936,-66055.47827717148,-4.904956589958576,-0.5413897019867494,0.3086706389405363,-11.023738220608667,0.9612905686458453,1.8470983033668327,30264.234709449374,-66849.32802859697,-66803.24419072678,-158.96406826536986,-149.74730069132056,-226.21241796156392,-216.99565038751462,-992.4118666649301,-964.7615639428113
170,74027,-2.930008822850456,-0.2885931432087043,-10.152731940452021,3.4650857913031627,30401.736597471023,-65874.85994133688,-65856.43557099588,0.3787111327600589,0.7553303086348132,-10.224849492921233,1.994476114631069,30396.55041367695,-65885.48916651832,-65857.8526110068,0.405514671069222,0.7649669962139362,-10.229053388788893,1.8864101616766291,30368.87752314392,-65952.91372942066,-65925.27717390914,-2.4473613284392077,-0.3000759553647473,0.30771367998445154,-10.779674885469671,0.6138506802613906,3.3324895984567755,30119.158909800775,-66560.14285517005,-66514.08192931753,-10.629225181444781,-1.4170400109287584,-78.05378808378009,-68.84160291326407,-685.2829138331726,-657.6463583216537
171,74045,-2.8665084609488853,-0.28269752789125246,-10.13984268745204,3.537349645252922,31055.02239613335,-64334.62378947047,-64316.198932879524,0.3754015590876825,0.7624827292259089,-10.221925484458486,2.0311123136486917,31128.841175055248,-64156.82531896949,-64129.188034083076,0.4010109930418673,0.7678421039007707,-10.226695822777124,1.914765722695798,31098.232028757215,-64229.66996049751,-64202.032675611095,-2.9088322557735324,-0.35068798324522,0.3101612322019828,-10.89072027932665,0.6915782447924808,2.851537685284032,30773.67266145726,-65002.50781300304,-64956.44567152568,177.79847050098033,187.0108987964486,104.95382897296076,114.16625726842904,-667.8840235325697,-640.2467386461576
172,74026,-2.852392408679855,-0.2812221645091792,-10.142843518960085,3.5559074859739925,30691.47183075856,-65170.826466087085,-65152.40212276343,0.3768414671679081,0.7493778217522084,-10.219783004130559,1.9885757992188007,30602.409576424903,-65383.95159531245,-65356.31508032697,0.401714153911861,0.7513411477835027,-10.225011644117622,1.8703377525212925,30573.628596027887,-65453.604389958964,-65425.96787497348,-2.9290915511215667,-0.34394156845952495,0.30567705997296907,-10.769851130316702,0.6506532402428116,2.907470604611376,30289.87235214241,-66139.85360580689,-66093.79274749775,-213.12512922536553,-203.91295756353793,-282.77792387187947,-273.56575221005187,-969.0271397198012,-941.3906247343184
173,74144,-2.80824768766888,-0.2772718074642777,-10.128140013047236,3.606569341272949,30384.599496492443,-66137.88006457103,-66119.45253571657,0.3793908704526121,0.7965335241965609,-10.205684533213798,2.0995063040033064,30307.287527762222,-66324.77587885868,-66297.13458557699,0.4061119092809713,0.8066625233986574,-10.210785501597952,1.986306003256266,30282.091926367408,-66386.44024295443,-66358.79894967274,-3.2982449520140165,-0.3815163678472208,0.30853579718753893,-10.831509643339778,0.7339512251816771,2.621119522715871,30021.20162160341,-67023.9830278607,-66977.91420572453,-186.89581428765086,-177.6820498604211,-248.56017838339903,-239.34641395616927,-886.102963289668,-858.4616700079641
174,74360,-3.004875367975013,-0.296536998209089,-10.133222451575055,3.372260480275373,30572.74153531229,-66087.86329516115,-66069.42994827748,0.39289208088557487,0.8302869260403498,-10.204049225334758,2.1132696901624772,30868.876137419848,-65369.06121984818,-65341.41119952268,0.423286480514792,0.8522907172034667,-10.208441737164355,2.0135080056583163,30829.170415928962,-65464.769853187485,-65437.11983286198,-2.2127268203761656,-0.3053095436378098,0.328424321674977,-11.08700226362584,0.7468665328671888,3.2753643665535224,30525.490589027235,-66196.87745986173,-66150.79409265255,718.8020753129676,728.0187487548028,623.0934419736659,632.3101154155011,-109.0141647005803,-81.36414437506755
175,74426,-3.0242897305164145,-0.29854594659853356,-10.130064618104816,3.3495681699699618,31673.931005430113,-63578.9777527968,-63560.542631552526,0.40109309367114077,0.8725593973586276,-10.187838356926914,2.1754535571087286,31973.421066874602,-62876.555469743944,-62848.90278787752,0.43222804557652583,0.8972388861829762,-10.192637764167229,2.0758460617385373,31939.86017008203,-62954.71773855305,-62927.06505668663,-6.696344400120062,-0.7297950286448652,0.3003029813396731,-11.463850795357194,1.1732302594304787,1.370247755533318,31662.54288134255,-63599.74187401991,-63553.65407090921,702.4222830528597,711.6398436750023,624.2600142437514,633.477574865894,-20.764121223102848,6.88856064331776
176,74571,-2.981475490600574,-0.29430328352098284,-10.130622584059633,3.3978553960941564,31502.440290575385,-64252.8373629245,-64234.39834898317,0.38776476328245474,0.8191552073460695,-10.205543727249234,2.112505531477037,31868.383264535027,-63389.588121941895,-63361.92960102989,0.4166138023973325,0.8367751636296381,-10.209689056379844,2.0085152215662547,31833.481549904034,-63471.30177443089,-63443.64325351889,-3.7431758396562973,-0.450905804673297,0.3176382156299854,-11.187306180573428,0.8336385907879716,2.2177580985557466,31426.473597233755,-64426.87908591012,-64380.78155105679,863.2492409826082,872.4687479532804,781.5355884936143,790.7550954642866,-174.04172298561753,-146.3832020736154
177,74084,-2.811377462336198,-0.27723482277629496,-10.140780419221512,3.607050477951377,29703.554074458458,-67703.80348966924,-67685.37757994216,0.39269904269402744,0.8728785527243365,-10.195740076031946,2.222767202935206,29622.30277624288,-67904.73102448018,-67877.09215988955,0.4215131114616525,0.8891958830494997,-10.20237659775741,2.1095331529927868,29598.85519360885,-67963.3955579739,-67935.75669338327,-3.7239168470115627,-0.46622891640796943,0.3274040571964263,-11.406190478050846,0.9229782482176124,2.1448691078718056,29263.087522000453,-68804.60320306571,-68758.538428748,-200.92753481093678,-191.71457994739467,-259.592068304657,-250.3791134411149,-1100.7997133964673,-1073.160848805841
178,73860,-2.8793984327359676,-0.2839779624662794,-10.139513671163403,3.521400010462938,30972.19766193126,-64186.35641140733,-64167.93655803052,0.37135038122109504,0.7318239550311655,-10.221529401472006,1.9707101218658807,30767.396674168227,-64674.37117751598,-64646.741397450765,0.39505195162258944,0.7293651935525797,-10.22542659939745,1.8462513362024204,30744.48066590091,-64729.40368577683,-64701.77390571161,-4.8396835717584095,-0.5150100820146946,0.2837707619741382,-10.720012561164442,0.8032306905445975,1.9417095604964631,30370.80031929584,-65628.62703379037,-65582.57740034834,-488.0147661086521,-478.80483942024875,-543.0472743694991,-533.8373476810957,-1442.2706223830392,-1414.6408423178218
179,73800,-3.026099642499364,-0.29857366498147525,-10.135186044245113,3.349257209479758,31334.667717068103,-63215.56353209296,-63197.14530407178,0.3978180214294007,0.8411857610909227,-10.200334749841343,2.114498880841186,31532.95684168363,-62748.02070218702,-62720.393360155256,0.426666215583295,0.8545040978732379,-10.206403170902153,2.002746096746953,31500.41368207339,-62824.22431854671,-62796.59697651494,-2.6789478226904397,-0.3548938053886368,0.3331075140767172,-11.161214539958312,0.7959571412148946,2.817744307779396,31173.969467446215,-63589.01691592303,-63542.971345870086,467.5428299059349,476.7519439165262,391.3392135462491,400.5483275568404,-373.4533838300704,-345.8260417983038
180,74694,-2.845208863312055,-0.28109727886947355,-10.121794400696484,3.5574873012710526,30775.740559634676,-66225.15546494517,-66206.71315485195,0.3814683045252127,0.7978448969578064,-10.201118862061588,2.0915103233827748,30675.05707399948,-66467.91905777609,-66440.25559263625,0.40924523294103765,0.8119783551243477,-10.204694017421899,1.9840875098020607,30653.346559945207,-66520.80304328434,-66493.1395781445,-2.9739300384522642,-0.3539295079778178,0.3075157678755392,-10.85138764025062,0.7036538379916459,2.8254213832396085,30327.748529545017,-67314.4420611239,-67268.33628589085,-242.76359283091733,-233.542437784301,-295.6475783391652,-286.42642329254886,-1089.286596178732,-1061.6231310388976
181,74264,-2.9678142972264876,-0.29309575821067285,-10.125749739077653,3.411854221654122,31136.26743254909,-64550.206051223555,-64531.7752880414,0.409764730671798,0.9148842126008004,-10.172146013810032,2.2327060972301664,31478.960076401403,-63735.30536798391,-63707.65922321067,0.44349198722466787,0.9497997830411934,-10.176463612580859,2.141639106007198,31438.326227930866,-63831.229166342506,-63803.58302156927,-3.3799399142143227,-0.443603066996003,0.3462009632275358,-11.450535362636833,0.952218243460939,2.2542675522327045,31164.18023368998,-64477.660256441,-64431.5833484856,814.9006832396481,824.1160648307268,718.976884881049,728.1922664721278,72.54579478255619,100.19193955579976
182,74008,-2.9332501054212874,-0.2891320884600333,-10.145017528300912,3.4586268349741816,30737.141509376626,-65026.9369831968,-65008.5131262479,0.39963953892036036,0.8688612664250138,-10.197894973805655,2.1741123732958747,30860.720515479825,-64727.98358080543,-64700.34779538208,0.4306890983950899,0.8936558782679177,-10.2024886906509,2.0749442732542263,30828.634363104436,-64804.97035376837,-64777.33456834502,-1.8170885786533106,-0.27550735327589004,0.3324243426106135,-11.152706849224849,0.7542050537580612,3.629667187135332,30529.49439147346,-65522.600132092535,-65476.54048972028,298.95340239137295,308.1653308658206,221.9666294284325,231.17855790288013,-495.6631488957355,-468.02736347238533
183,74373,-2.9061238643662604,-0.2875270370425262,-10.107306409367114,3.4779337981078164,30641.841052522246,-65944.51319072704,-65926.07949422358,0.3785748396805958,0.7749671846677988,-10.205639391729042,2.047064684281818,30805.078636415594,-65547.3592123593,-65519.70866760411,0.40613328210610994,0.7893389491462015,-10.209529503611074,1.9435465742991531,30774.876242831167,-65620.31291304226,-65592.66236828707,-3.221894638431293,-0.37899942692480426,0.3030305311452584,-10.875750029608913,0.6983903922573955,2.6385264170819074,30371.11785364143,-66598.52473484678,-66552.44049358813,397.15397836774355,406.3708266194735,324.2002776847803,333.4171259365103,-654.0115441197413,-626.3609993645514
184,73641,-2.9384662212170904,-0.2899514719927206,-10.134338001535866,3.448852986078669,31392.351727927176,-62785.08904725554,-62766.675132825876,0.3817852151079639,0.7853233576888927,-10.20815832948629,2.056976872367395,31519.97942093147,-62484.30362118225,-62456.68274953775,0.4090247260131479,0.7963933706883201,-10.212970107030182,1.947054346691795,31487.589142094374,-62560.01683432018,-62532.395962675684,-2.659842853766455,-0.32349521738584375,0.30911700025854094,-10.827012803410884,0.6668357720617154,3.0912358089277903,31227.90493607312,-63165.86657525138,-63119.831789177224,300.7854260732929,309.992383288125,225.07221293535986,234.27917015019193,-380.77752799583686,-353.1566563513479
185,74439,-2.8037801720138336,-0.2764445486655927,-10.14228779532017,3.6173619802851396,30972.55165632886,-65269.96731331588,-65251.531842761826,0.36407251172815663,0.7365175140165643,-10.220423072828817,2.0229967665521054,30921.978564465615,-65389.613320146054,-65361.96011431497,0.3875816303828779,0.7361840452627099,-10.22514725972168,1.8994296621732567,30894.84682708898,-65454.95667983735,-65427.303474006265,-4.350725982097504,-0.4745745466491456,0.28618862862932765,-10.809044705092253,0.7633404975852164,2.1071505142042586,30614.00800595052,-66130.71267058421,-66084.62399419906,-119.64600683017488,-110.42827155314444,-184.9893665214695,-175.77163124443905,-860.7453572683298,-833.0921514372385
186,74309,-2.901812129856974,-0.28651727880776723,-10.127878297363994,3.4901909028353195,31653.40178735817,-63410.29376448893,-63391.86178978109,0.38162989633174205,0.7851623953999393,-10.212000581838971,2.057392261316487,31740.88078354304,-63203.21278273774,-63175.56482067597,0.40766915683830185,0.7912249408667438,-10.21755274025773,1.9408506324175407,31713.04707561704,-63268.40323523476,-63240.75527317299,-2.469731949267728,-0.31046139396235645,0.31162614975784836,-10.880018833618958,0.6695864476864636,3.2210124010499364,31413.415571011144,-63969.82798908704,-63923.74805231743,207.08098175119085,216.29696910511848,141.8905292541749,151.10651660810254,-559.5342245981083,-531.8862625363399
187,74153,-2.9428560880422645,-0.2906119259140871,-10.126411979776268,3.4410150129063446,30179.972728567736,-66655.985919501,-66637.55814789045,0.3911330423953811,0.8132485907317633,-10.205409293869776,2.0792121927394773,30223.22882501682,-66547.78062621178,-66520.13896879595,0.41968497411906375,0.8283325042255963,-10.210257686066228,1.973700645262082,30196.311980716837,-66613.85080353539,-66586.20914611955,-3.507810696578608,-0.40627888785776284,0.3166474473518114,-10.884007108146172,0.7605460895940511,2.4613634374968982,29889.261107220125,-67367.73461666424,-67321.66518763785,108.20529328922566,117.41917909450422,42.13511596561875,51.3490017708973,-711.7486971632316,-684.1070397473959
188,73934,-3.063363904344032,-0.3021856007814857,-10.137358949009585,3.3092245210026165,30573.575077569814,-65282.437375542286,-65264.015519377645,0.39661057846820297,0.8188484664848725,-10.21226486389088,2.0646157993249825,30809.77639969084,-64711.442873856206,-64683.81008960924,0.42553477727836514,0.8327743443336022,-10.217225011962638,1.957006545175601,30776.92114203134,-64790.32746897823,-64762.69468473126,-2.2470267506111568,-0.30704062175350405,0.3292256818028121,-11.058771791156005,0.7242468103056752,3.2568980426401435,30438.16444676597,-65604.61900400127,-65558.56436358966,570.9945016860802,580.2054297684081,492.1099065640592,501.3208346463871,-322.1816284589877,-294.5488442120113
189,74061,-2.918782089312073,-0.28777462313529706,-10.14259720857947,3.4749415674843944,31387.12766205326,-63576.71796041283,-63558.292671698946,0.37719197466585486,0.7532082013331833,-10.222043850448445,1.9968828923267312,31320.24349709469,-63732.70608614314,-63705.068153072316,0.40398276697624275,0.7643798920723731,-10.22556391424342,1.8921101456719427,31291.89839273071,-63799.76231052232,-63772.124377451495,-4.316063945729906,-0.47386113968326216,0.3000998433915899,-10.812634936793843,0.7663282672528482,2.110322869413641,30952.873059961494,-64602.53861891001,-64556.4753971253,-155.9881257303059,-146.77548137336998,-223.0443501094851,-213.83170575254917,-1025.8206584971776,-998.1827254263553
190,74341,-3.030536396770408,-0.2995127861051316,-10.118220447879857,3.338755627110327,31286.96654844278,-64335.23693432216,-64316.80409853122,0.39902960554877764,0.8740762216926068,-10.175801159450337,2.1905046882185766,31742.783660338126,-63257.98308831774,-63230.33383463133,0.43164219931212366,0.9060106040474104,-10.179096885424771,2.098985237058037,31701.111928081595,-63355.64161525575,-63327.99236156934,-3.1492073757588486,-0.3924647677405155,0.33120199920666443,-11.114154703249882,0.8448464486815972,2.5479994185393133,31440.292665952526,-63965.80834695768,-63919.72625748034,1077.2538460044161,1086.470263899886,979.5953190664077,988.8117369618776,369.4285873644767,397.0778410508792
191,74254,-2.8623570952416193,-0.28266258942716,-10.126409373955116,3.5377868787892512,30551.709732024734,-65938.82397402416,-65920.39348016962,0.39542663612275064,0.8793258010995741,-10.193495676954766,2.2237394266647446,30604.44224678699,-65808.77140711575,-65781.12566633394,0.4269123962545911,0.908036323837734,-10.197894035461387,2.1269851421606942,30576.694564921607,-65876.12473259713,-65848.47899181533,-2.3995005127859654,-0.3501182852102438,0.3295068213680243,-11.386151221176219,0.830142258165419,2.8561775898094166,30165.78285785559,-66876.7694108838,-66830.69317624747,130.0525669084018,139.2678138356714,62.69924142702075,71.91448835429037,-937.9454368596489,-910.2996960778546
192,74085,-3.0397846113789346,-0.30046526546717645,-10.116925184854713,3.3281717220962515,31467.161589542888,-63432.65699510047,-63414.23105837718,0.38187364725292255,0.7753801642739628,-10.203626051162116,2.030462614667969,31901.525778166073,-62415.00159004824,-62387.36268496331,0.4101253578435142,0.7912719961027047,-10.207253192612296,1.9293417999396645,31857.430734073656,-62517.47446730714,-62489.83556222221,-3.6784979970724803,-0.4190196113494603,0.30824355465085285,-10.846343850630415,0.7491953774638249,2.386523143342818,31534.94440334825,-63267.24353997219,-63221.178698163974,1017.6554050522318,1026.8683734138758,915.1825277933312,924.3954961549753,165.4134551282841,193.05236021320889
193,74379,-2.8128066831134597,-0.277217485997975,-10.146570202768546,3.6072760576412723,30492.14979961786,-66320.07986185109,-66301.64600400526,0.3781128845192373,0.7879154531872442,-10.2052280402931,2.0838101145086934,30365.95191501699,-66626.55106447537,-66598.90027770662,0.4041006690768774,0.7945605953144698,-10.210159195951487,1.9662441963522461,30340.693822335088,-66688.44451159885,-66660.7937248301,-3.260273075268337,-0.3701122553899237,0.3094266895143331,-10.711947680041208,0.7196704178009192,2.701882970469248,30114.740272282783,-67240.43348454637,-67194.3488399318,-306.4712026242778,-297.2542737013573,-368.36464974776027,-359.1477208248398,-920.3536226952856,-892.7028359265387
194,74143,-2.892648729858917,-0.2860488379327789,-10.112429579380727,3.495906528503355,30364.096198117026,-66186.03602268064,-66167.60852080089,0.3854998355480829,0.7908971902027473,-10.200201105258078,2.0516148575739135,30406.44127250634,-66080.7099212753,-66053.06866845567,0.4141003285098777,0.8074514630663132,-10.203693114327137,1.9498933168488244,30375.977342474594,-66155.03033842673,-66127.38908560711,-3.2541494222230525,-0.3808215107288119,0.31027984224103156,-10.852733659985212,0.7215509926458304,2.6259020875323227,30041.06701112936,-66973.03384117421,-66926.96508647484,105.32610140534234,114.53985234521679,31.0056842539052,40.219435193779645,-786.9978184935753,-759.356565673952
195,73911,-3.0939690085068774,-0.3056981024948091,-10.120995136237113,3.2712012009200495,31347.11963209081,-63392.36804089532,-63373.94680700401,0.40635422541538546,0.9051232067122932,-10.185341648276047,2.22742412924845,31955.50342837545,-61969.648420757796,-61942.01656992083,0.43964241499883516,0.937856481481581,-10.190135876866321,2.1332256613231135,31910.292262164556,-62074.29295005179,-62046.66109921483,-0.7321249033915928,-0.2119425137901051,0.3429595813645676,-11.452230459006415,0.7978346593869544,4.718260542055941,31563.859046145586,-62877.09317190751,-62831.04008717923,1422.7196201375264,1431.9302370831792,1318.0750908435293,1327.2857077891822,515.2748689878135,542.9067198247794
196,74354,-2.894998488558447,-0.2857703330810055,-10.130507451022988,3.4993135544148184,31399.615931462442,-64092.256718300414,-64073.823532800336,0.36605360577718576,0.7397212355824176,-10.219995634242734,2.0208002978467605,31616.90343286962,-63577.49406265641,-63549.8442844063,0.39139129719308074,0.7473560542628881,-10.222957457870793,1.9094856212252547,31585.251493538297,-63651.96774149012,-63624.31796324001,-3.2397178392000927,-0.3692445575856284,0.29492758449923584,-10.746070519835557,0.6576721692791045,2.7082321985696387,31303.181098159926,-64314.964896833924,-64268.881933083736,514.7626556440009,523.9792483940328,440.2889768102905,449.50556956032233,-222.70817853351036,-195.05840028340026
197,74328,-2.8809616033058734,-0.2844143487831149,-10.129452383932994,3.5159970102723874,31133.228979449974,-64677.119514294485,-64658.687028273845,0.3768937836209181,0.768447619493806,-10.208191633024441,2.0388970391369337,31075.24813534534,-64813.67302431126,-64786.024295280295,0.4037457657751919,0.7795668084140105,-10.211803416782402,1.9308358737019624,31049.94599758729,-64874.21713771043,-64846.568408679464,-3.0570856963895507,-0.35330062459478784,0.30232625481693814,-10.73785581273024,0.6588214925594836,2.830450699448757,30778.77329239699,-65522.20716117709,-65476.12594612548,-136.55351001677627,-127.33726700644911,-197.09762341594615,-187.88138040561898,-845.0876468826027,-817.4389178516358
198,74468,-2.7914552300785864,-0.275570549161547,-10.129729895200663,3.6288348048897365,30760.496754263117,-65836.00415110706,-65817.56790154327,0.38145904246844536,0.8160416836345432,-10.205976087158094,2.13926422704227,30778.364210793105,-65790.76143359822,-65763.10705925255,0.4072204871204698,0.8209771452173907,-10.21186515980549,2.016050692887948,30750.397680036534,-65858.45698578551,-65830.80261143984,-4.285514952346018,-0.4957570918951102,0.3113323463473559,-11.176083387176389,0.8912159798320562,2.0171168831440034,30342.13882903356,-66849.75606579676,-66803.6654418873,45.24271750883781,54.460842290718574,-22.452834678450017,-13.234709896569257,-1013.7519146896957,-986.0975403440243
199,74270,-2.946607421676615,-0.2916318144955116,-10.10386135948129,3.4289811683608016,31164.4656856305,-64494.19035888613,-64475.759434124804,0.3889724938691284,0.7981336226693142,-10.191498951195033,2.0519024744660994,31268.31995804721,-64245.100185115945,-64217.453797973954,0.41673891046654127,0.8093580624469112,-10.1954703868197,1.942122614710565,31238.900232009837,-64315.01221151848,-64287.36582437649,-3.7001066435433874,-0.4167848778906164,0.3072127897715306,-10.779641713557336,0.7517219548964433,2.399319296470363,30872.083780861274,-65188.27329522468,-65142.19598332136,249.09017377018608,258.30563615084975,179.17814736765285,188.39360974831652,-694.0829363385492,-666.4365491965582
200,74397,-2.948360189922684,-0.29120268534189375,-10.124769922575021,3.434034266634338,31483.733876917657,-63973.297725182616,-63954.86338338776,0.3920659615822457,0.8264989300925055,-10.203650988180529,2.108060915966883,31685.14307125537,-63496.877683788065,-63469.22617109578,0.42175580699105963,0.8472743040951894,-10.207688510210877,2.0089214897594756,31652.205351893077,-63574.255969722144,-63546.60445702986,-10.277597002551216,-1.104171950418965,0.2745597551580421,-12.228350161308738,1.384464970441688,0.9056560435361193,31248.452227521062,-64525.36311502754,-64479.2772605404,476.42004139455094,485.63721229197836,399.0417554604719,408.2589263578993,-552.0653898449236,-524.4138771526414
201,74275,-2.8663927278823063,-0.28309617319475094,-10.12515533338002,3.5323684835261546,29909.6441793203,-67556.05313896456,-67537.6220795639,0.393060470470722,0.8243085084655276,-10.191803203716589,2.0971544339687753,29682.29943082551,-68120.77783677733,-68093.13124767634,0.42201959926917654,0.8405164444460257,-10.196073528447236,1.991652629170712,29664.812873456314,-68164.54792215317,-68136.90133305218,-4.249029817423699,-0.4700279507040259,0.3081505861971279,-10.83193741772122,0.8290896749242709,2.1275330509646535,29353.532306461973,-68944.05272683832,-68897.97507833666,-564.724697812766,-555.5091681124468,-608.4947831886093,-599.2792534882901,-1387.9995878737536,-1360.352998772767
202,74483,-2.87962281488892,-0.2838508060163276,-10.144846355388818,3.5229774895988077,31045.459881952924,-65177.43882080021,-65159.00216841939,0.37090457331027876,0.7315781580565663,-10.214507995937884,1.9724161164347993,31007.20046308372,-65267.2858630025,-65239.63088443127,0.3961725897309294,0.7368564629919524,-10.217202121025442,1.8599380221948396,30977.26372720426,-65339.23221604472,-65311.577237473495,-3.525275448269116,-0.3905760825803589,0.3006460319042784,-10.645565893973039,0.6718004973442775,2.560320625352822,30742.556930059636,-65901.71962493427,-65855.62799398223,-89.84704220228741,-80.6287160118809,-161.79339524450916,-152.57506905410264,-724.280804134054,-696.6258255628345
203,74197,-2.954963593902859,-0.29179184359379257,-10.126957482802379,3.4271005922705426,31700.143559451368,-63093.31492516481,-63074.88596717067,0.38923747098754,0.8389512244965496,-10.199943484268946,2.1553711732018868,32036.8971323451,-62307.27044873467,-62279.627011743454,0.4190365355915872,0.8611147170360137,-10.203924413719273,2.0549872001502436,31998.635371342487,-62395.937103260985,-62368.29366626977,-3.7821860489522656,-0.46003023742414717,0.32529161546539254,-11.266619328009446,0.8887109675225128,2.1737701538909966,31674.9739398827,-63146.25005412433,-63100.17765913897,786.0444764301355,795.2589554272126,697.3778219038213,706.5923009008984,-52.935128959521535,-25.291691968304804
204,74807,-2.986044236628776,-0.29512706896071045,-10.117825678085465,3.388370993963714,31295.717728540887,-65185.07815509967,-65166.63282161472,0.3841503362000148,0.7943496085846139,-10.196141058243493,2.0678092239675183,31636.485584021055,-64372.93426145628,-64345.26626122886,0.410108706002485,0.7976547514543031,-10.201371048001656,1.9449837074404117,31600.457924613765,-64458.173087349656,-64430.50508712224,-3.942861313387149,-0.4525776350740088,0.3169667526898007,-10.983427534361327,0.8504930506788985,2.2095656579151832,31247.15896300635,-65295.23962689014,-65249.12629317778,812.1438936433915,821.3665603858608,726.9050677500127,736.127734492482,-110.16147179047402,-82.49347156305885
205,74216,-2.810049236951451,-0.27753728080003,-10.124943318790157,3.6031195416968718,30702.36625267863,-65502.01262185766,-65483.583151779,0.3815331324243366,0.847568690940573,-10.195667885365859,2.2214812264270596,30827.345778802388,-65198.51622407376,-65170.872018955764,0.4106140117110125,0.8703244869639182,-10.200598304890928,2.1195684076568893,30798.397053853438,-65268.24223888791,-65240.598033769915,-3.6832279762979354,-0.45270728233141816,0.3136547373325796,-11.29879618619074,0.8707178740534134,2.2089328778853607,30393.55365654438,-66246.27649716893,-66200.20282197227,303.49639778389974,312.71113282323495,233.77038296974933,242.98511800908454,-744.2638753112697,-716.6196701932713
206,73993,-2.97281228087393,-0.29290359634915425,-10.149456401109546,3.414092597237881,31280.916133369014,-63701.18277841555,-63682.75932686931,0.3881702803816068,0.8080517332126383,-10.205760477933742,2.081693973114711,31465.56742711517,-63263.68609895077,-63236.05092163142,0.41606636280506776,0.8201693443746426,-10.210371218000361,1.9712464589666965,31431.164890767155,-63344.62979926855,-63316.9946219492,-3.3332622797254188,-0.394220932763486,0.32117038995254793,-10.94255119965171,0.7793759679789947,2.5366486578731546,31188.1418880967,-63914.96037694914,-63868.90174808355,437.4966794647771,446.7084052378923,356.5529791469962,365.7647049201114,-213.7775985335902,-186.1424212142374
207,74266,-2.9460206790152648,-0.2907406154278258,-10.132814346149008,3.4394919283241405,31615.547194164257,-63419.4791305473,-63401.04831350396,0.3898544590788576,0.8232722566319047,-10.20829635664413,2.1117425681807522,31839.736654563978,-62892.70884406925,-62865.06261850426,0.4181833725210034,0.8369528012989327,-10.212917639322434,2.0014014336662713,31804.28918425789,-62975.435920719996,-62947.789695155,-3.3849760266981823,-0.4248851405831088,0.32864141606655173,-11.260951800040552,0.8547236535931216,2.353577248259632,31419.283347260138,-63875.94655784378,-63829.86951523545,526.770286478044,535.9856949997047,444.0432098273013,453.25861834896205,-456.46742729648395,-428.82120173148724
208,73917,-2.936595216391062,-0.28933804843546024,-10.149357238946399,3.4561648749872593,30810.244335508876,-64680.44140021809,-64662.02000397594,0.4031978909105123,0.8771379994833591,-10.191920346286292,2.175452846498236,30878.172281994848,-64515.654532761015,-64488.022438397784,0.4337333330619426,0.8985778812016542,-10.197227020897765,2.0717289004701094,30847.88330679037,-64588.19668172972,-64560.56458736649,-5.236442215463483,-0.5896836037052361,0.32229236756442314,-11.278035050391784,1.0288378889955052,1.6958246654927647,30540.337547889114,-65324.8289963553,-65278.77550574992,164.7868674570782,173.99756557815272,92.24471848837129,101.45541660944582,-644.3875961372105,-616.7555017739869
209,74311,-2.9437488744981493,-0.29063125785347,-10.128810287785093,3.4407861266738844,31165.532995522648,-64568.26231128098,-64549.83028274458,0.37904898467542375,0.789342352044747,-10.20500531537965,2.0824283508387547,31556.491670621206,-63639.86025313977,-63612.21221033517,0.40682325389371155,0.8045179382204021,-10.209146941057073,1.9775613378054195,31512.561683899792,-63743.381127405715,-63715.73308460112,-2.920739669261825,-0.3558186083230684,0.31087526991000697,-10.938195243261644,0.7245774532235361,2.8104207498109317,31190.35057946946,-64503.110889720876,-64457.03081837988,928.4020581412115,937.6180724094083,824.8811838752663,834.0971981434632,65.15142156010552,92.79946436470345
210,74331,-2.8101700522661317,-0.27827901066776073,-10.098390264946046,3.593515722225659,30465.560017293315,-66294.13998330206,-66275.70741655976,0.3926176697738757,0.8645632972795324,-10.17604028058689,2.2020488730868104,30392.71146084854,-66470.09142700366,-66442.44257689021,0.4227766346065522,0.888810640499443,-10.180245439252213,2.102317317811556,30376.195446983944,-66510.49537432689,-66482.84652421344,-4.2765441405297295,-0.4785369883944582,0.3024508322782468,-10.937353678449199,0.8631455166749427,2.089702623312578,30050.9521746038,-67306.6619250679,-67260.58050821217,-175.95144370160415,-166.73516033045598,-216.35539102483017,-207.139107653682,-1012.5219417658518,-984.8730916524073
211,74349,-2.7666288133887984,-0.2725179329393289,-10.152098188726308,3.669483285794009,30071.3489240786,-67296.51907316716,-67278.08602216336,0.36213656415951456,0.7150370303425274,-10.232195576076638,1.9744955387260112,29858.651511746324,-67822.26498314625,-67794.61540664056,0.38641747757149836,0.7186742188093234,-10.235275728820431,1.8598388026492614,29835.656711160063,-67879.54483324406,-67851.89525673837,-3.3325019873851214,-0.37096214101679004,0.2941418455786709,-10.652860239842472,0.6364364499719782,2.695692873830861,29551.977942260248,-68585.8406154632,-68539.75798795371,-525.7459099790867,-516.529384477195,-583.0257600768964,-573.8092345750047,-1289.3215422960347,-1261.671965790345
212,74410,-2.9004093215798603,-0.28633149779641737,-10.129550342526622,3.4924554500497296,31474.309855188858,-64019.75460982874,-64001.31991858796,0.3785961953808899,0.7707532898185345,-10.20775928423244,2.0358188994559536,31577.099330068908,-63775.140790389654,-63747.48875352848,0.40572170365032684,0.7835471261962507,-10.211544878926379,1.9312428177900842,31547.887440381943,-63844.00914119578,-63816.3571043346,-4.053701144261151,-0.4525091971760535,0.3017120496893909,-10.843346587039935,0.76352077704854,2.2098998346125094,31208.329300279715,-64645.24467293725,-64599.15794483529,244.61381943908782,253.83116505947692,175.74546863296564,184.96281425335474,-625.4900631085111,-597.8380262473365
213,74770,-2.9409752018297657,-0.2906897551082311,-10.117230312209548,3.4400937165043017,31226.040108645724,-65282.49990229528,-65264.0555582673,0.38414683808197736,0.8042390182463961,-10.19477159004592,2.0935718806431267,31477.92769072577,-64679.78079374882,-64652.11427770684,0.4133040579748064,0.8242406237563836,-10.198493887504716,1.9942717905920646,31441.354835525533,-64766.703358072584,-64739.036842030604,-2.1231920609355996,-0.2885191065303405,0.3164810336216694,-10.98200759427224,0.6947695003575044,3.465974964451238,31154.91732579032,-65446.99593175852,-65400.88507168856,602.7191085464656,611.9412805604588,515.7965442226996,525.0187162366929,-164.49602946324012,-136.82951342126034
214,73895,-2.852573945163509,-0.2823371866533473,-10.103429799581768,3.541864293022785,30277.850444365533,-65927.24199632576,-65908.82119543446,0.3787838531049224,0.7948941685664204,-10.192679889052723,2.0985429079159723,30298.22253491203,-65875.53934596734,-65847.90814463039,0.40652226913514106,0.8089904949567698,-10.196377270650839,1.9900275000379755,30270.211650060166,-65943.88730680024,-65916.2561054633,-3.0612287597917662,-0.36221131852425026,0.30182820604263033,-10.85924526678724,0.7072560023604043,2.7608193031467883,29945.813900230245,-66736.07414941967,-66690.02214719143,51.702650358420215,60.91305080406892,-16.645310474486905,-7.434910028838203,-808.8321530939138,-781.2009517569677
215,74514,-2.8628151418686225,-0.28224920158771283,-10.142863560869856,3.5429683923808595,30809.62168691172,-65803.78376062008,-65785.34627600772,0.3758583643510322,0.7660853794530604,-10.212902263267642,2.038228897142692,30631.585231797784,-66233.61920825427,-66205.96298133575,0.4017829176548675,0.7731885430405767,-10.216926069215504,1.9243937685393273,30608.483599487936,-66289.83714348654,-66262.18091656802,-3.1941842662950113,-0.37281962844221883,0.3002468012373548,-10.841530894561776,0.6846381052529013,2.6822622086137944,30275.125737024035,-67101.82280088065,-67055.72908934977,-429.83544763419195,-420.61670532802236,-486.0533828664629,-476.83464056029334,-1298.03904026057,-1270.3828133420466
216,74007,-3.0779283008560667,-0.3040048763427309,-10.124601742855114,3.289420919921738,31230.490606346593,-63846.63475314058,-63828.210923215964,0.3906416199537377,0.8040453999569122,-10.20494807280621,2.0582686505655294,31748.780231389843,-62626.52200849658,-62598.88626360965,0.4206898220196804,0.8240838133653947,-10.208242778492133,1.9588869761789554,31698.015793000865,-62744.9495676158,-62717.31382272887,-1.8477986524200078,-0.27529139967784644,0.33731972483881983,-11.105585445840449,0.7498530804290403,3.632514496167434,31401.03299898555,-63437.599306482836,-63391.5397316713,1220.1127446440005,1229.324659606311,1101.6851855247805,1110.897100487091,409.035446657741,436.6711915446649
217,73998,-2.8916334395213927,-0.28496509973546297,-10.147324855590162,3.509201656372355,30409.115874820804,-65802.09862418182,-65783.67503749223,0.3909025832973337,0.8440593461568274,-10.200290346335349,2.159257529170145,30452.578221713167,-65694.41220385506,-65666.77682382068,0.4215052978244727,0.8684656267022912,-10.203921962830636,2.06039077369781,30420.834697054554,-65771.58735924642,-65743.95197921204,-2.452946754027834,-0.33411505225872645,0.3311772634320883,-11.187556137397342,0.8043117200329347,2.9929809903495057,30120.496018373993,-66501.78476134066,-66455.7257946167,107.68642032676144,116.89821367154946,30.511264935397776,39.723058280185796,-699.6861371588457,-672.050757124467
218,74052,-2.9535519645072963,-0.2915795905405987,-10.129488003708724,3.4295953229989977,30814.51482601747,-64923.43915713788,-64905.014111481665,0.38290435130626155,0.7922724252415076,-10.211652882521838,2.06911314154228,31189.435660746247,-64025.88408957614,-63998.24652109181,0.4126783482709527,0.8154103515471164,-10.21499868071079,1.9758980691949013,31146.524972009687,-64127.83560494495,-64100.19803646062,-2.8958178704768076,-0.35633944978044485,0.3115776199430406,-10.97421574305461,0.7208933988572531,2.8063129148797317,30820.774134688265,-64902.398606988805,-64856.33599284826,897.5550675617415,906.7675903898562,795.6035521929298,804.8160750210445,21.04055014907499,48.678118633404665
219,74205,-2.909967386738612,-0.2873861869609004,-10.125634142376231,3.479638359014285,30700.567782314498,-65485.651273490796,-65467.222099866136,0.3981881441953027,0.8531637529962448,-10.185334864406649,2.142614654488021,30695.024500884887,-65497.05090640596,-65469.407145968966,0.4272656526159473,0.8687267692112425,-10.190729608831356,2.0332239764475233,30667.09974222804,-65564.58953498957,-65536.94577455259,-3.577257216929738,-0.42243594138068946,0.32475699435207916,-11.01513297262624,0.8396360621579971,2.3672228189949944,30370.94445711906,-66280.6773318574,-66234.60439779575,-11.399632915163238,-2.1850461028298014,-78.93826149877714,-69.72367468645098,-795.0260583666022,-767.3822979296092
220,73775,-2.887176026182649,-0.2844292503172547,-10.150770439264843,3.51581280365712,30835.682041742904,-64353.428959376484,-64335.01140897686,0.3788924709049704,0.7670466342705105,-10.223956422681301,2.024444118507946,30852.75527630059,-64310.59220077422,-64282.965875174785,0.40449599925703117,0.7706290845731611,-10.229111780790774,1.905158730836979,30821.377966982043,-64385.65969091853,-64358.0333653191,-2.3703211232737216,-0.3122368544674558,0.3205512859740003,-11.01248887229659,0.7077672052615687,3.2026968812044228,30539.009527356422,-65060.660575179514,-65014.61669918046,42.836758602265036,52.045533802076534,-32.23073154204758,-23.02195634223608,-707.2316158030299,-679.6052902035954
221,73867,-2.8052771858173,-0.276973552346208,-10.12832150237505,3.6104530253128004,30049.584357581127,-66433.26136579362,-66414.841322878,0.3762957818325359,0.7567247315877964,-10.206271709273336,2.0109838274099068,29754.892502778057,-67159.23962320836,-67131.60955883491,0.4018145851960967,0.7611534890250448,-10.209890069009361,1.894290344521916,29735.886389743162,-67206.43768063672,-67178.80761626328,-3.836992224959614,-0.4256414915637293,0.3011610906317585,-10.740540702664692,0.7345638885475572,2.3493950186251396,29391.82558428467,-68062.10315804763,-68016.05305075856,-725.9782574147393,-716.7682359569153,-773.1763148431055,-763.9662933852815,-1628.8417922540102,-1601.2117278805672
222,74111,-2.8190629832223584,-0.2783617305170705,-10.127336749867919,3.5924478488564184,30398.815954075253,-66040.7817754201,-66022.35513692348,0.3867864160454183,0.8354492937305691,-10.194301226409419,2.159975787858244,30353.535688830514,-66149.25540378809,-66121.61544604316,0.41635742558726707,0.8574519155801347,-10.197511247569327,2.059413049666904,30328.132458350483,-66211.30573897397,-66183.66578122904,-5.703437414406243,-0.6258141620909888,0.2934407820535726,-11.233110654782129,0.9988461140462318,1.597918456589046,29935.134941675253,-67173.92613999131,-67127.85954374976,-108.47362836799584,-99.26030911967973,-170.52396355387464,-161.31064430555853,-1133.1443645712134,-1105.5044068262796
223,74123,-2.8828591592794863,-0.28470986506586177,-10.125603335214944,3.5123475604495495,30613.46951404129,-65541.915108041,-65523.48814573202,0.3762218712536808,0.7576965390459803,-10.215317377317735,2.013961964840361,30696.452222014774,-65339.26468001837,-65311.62423655491,0.40173713740645434,0.7624858293264535,-10.220375391206314,1.8979719780175925,30663.70188585405,-65418.38942906944,-65390.74898560598,-2.9511918073819094,-0.35653234722881066,0.30976484500962664,-10.910623036252444,0.7042972012811217,2.8047945937377543,30296.600520349562,-66307.13380113919,-66261.06639536677,202.65042802262178,211.86390917711105,123.52567897155677,132.73916012604604,-765.2186930981989,-737.5782496347456
224,74024,-3.0205500898682835,-0.29835750006374595,-10.123928807631529,3.351683801433997,30728.2493176618,-65078.41602478204,-65059.99173549418,0.39829191965526645,0.8299017527105483,-10.191927386578756,2.0836519943182705,30849.798852753553,-64784.18219344711,-64756.54575951532,0.4301818639899589,0.8579022199364131,-10.194187108957493,1.9942779827567019,30821.037103287534,-64853.22811649415,-64825.591682562364,-5.467278632901941,-0.5862791484218934,0.2966031545280452,-10.922466888638812,0.9687343609272353,1.7056721234103795,30513.26376264358,-65592.13395126804,-65546.0732280484,294.2338313349319,303.44597597885877,225.1879082878877,234.40005293181457,-513.7179264860024,-486.0814925542145
225,74163,-2.853937518512674,-0.28138958246762985,-10.142299844525985,3.553791832769917,30774.40861779815,-65228.43378066248,-65210.00573935749,0.38051589016519405,0.7694387880733713,-10.212953273206491,2.02209371004016,30618.679984455313,-65602.67572150682,-65575.03365954933,0.40704273586951534,0.7788180789040624,-10.216604863899336,1.913357026849697,30599.17153757809,-65649.94314297815,-65622.30108102066,-3.259562898727423,-0.3704662713811423,0.3015788469641701,-10.716272447299023,0.65561101588649,2.699301062609239,30286.294586366992,-66408.16437776187,-66362.0942744994,-374.2419408443384,-365.02792019183835,-421.50936231567175,-412.2953416631717,-1179.7305970993912,-1152.0885351419056
226,74381,-2.8914118574356884,-0.2851952685225656,-10.138358439165025,3.5063695312353214,30466.294877290773,-66386.9592345092,-66368.52532288547,0.38655016418206894,0.8099935165848687,-10.201806214210924,2.0954421744944693,30319.81516925909,-66743.44008627764,-66715.78921884205,0.4146799483454164,0.824421790638992,-10.205677329064955,1.9880917655373886,30300.818821408822,-66790.05680084115,-66762.40593340556,-5.390929613204795,-0.5751470345747315,0.288783044902974,-10.884523675427786,0.9539324515639793,1.7386858314229305,30009.89638983269,-67503.64965792999,-67457.56487887067,-356.48085176844324,-347.2638959565811,-403.097566331955,-393.8806105200929,-1116.6904234207905,-1089.039555985204
227,74158,-3.015546705049099,-0.29779064988659876,-10.126398213635806,3.358063795424096,31568.62751625586,-63329.46263105146,-63311.03472458914,0.39980981266274335,0.8639947007286429,-10.192068354944558,2.1610142456845085,32059.22521799521,-62183.860771160325,-62156.21891146684,0.4319882539042646,0.8934565100284283,-10.196610266397863,2.0682426013982136,32014.643204721735,-62287.05770792234,-62259.415848228855,-1.3533376968810749,-0.23094956977683978,0.33288078587616265,-11.107657233741579,0.7193972590008666,4.329949611797383,31754.59872478445,-62887.87861705334,-62841.80885089754,1145.6018598911323,1154.8158131222954,1042.404923129121,1051.618876360284,441.58401399811555,469.22587369159737
228,73958,-2.8942273580073077,-0.2855503587503272,-10.135611002814022,3.5020092581090276,30944.684365205518,-64435.319125884576,-64416.896620597596,0.3711517305080107,0.7180540537144939,-10.233649105187371,1.9346644369181942,30869.590859139444,-64613.01121912878,-64585.3774611983,0.39349558181384275,0.7099123089840427,-10.239207858651614,1.8041176109567916,30848.042760509637,-64664.65462312055,-64637.020865190076,-4.489878782394303,-0.4788382112419859,0.2860819025678402,-10.651353780411085,0.7079611727409855,2.0883880536731843,30453.057933862176,-65613.7432872929,-65567.68702407545,-177.6920932442008,-168.48084060070687,-229.3354972359739,-220.12424459247995,-1178.4241614083294,-1150.7904034778549
229,74441,-2.9033760532100805,-0.2869609152254726,-10.117670732018759,3.4847951304249016,30413.406519616095,-66629.87731137378,-66611.44178708518,0.3979858868579365,0.8660109761455793,-10.18928055088118,2.1759841359769303,30508.690746940807,-66395.0206216596,-66367.36733522669,0.4296481073604762,0.8935608295352653,-10.19323059124976,2.0797504148797863,30478.95110114455,-66467.62054784493,-66439.96726141202,-2.0203256788837396,-0.2894527599490246,0.3298547801804782,-11.10924698637596,0.761555634503563,3.4547951803123578,30165.205339447257,-67233.87634811222,-67187.7875373907,234.85668971418636,244.07445185848337,162.25676352885785,171.47452567315486,-603.9990367384307,-576.3457503055251
230,73759,-2.9323505156152905,-0.28940815596637803,-10.132231781180195,3.4553276380924625,30242.418400583123,-65756.38964211867,-65737.97252551735,0.38157739265969665,0.7854207381592734,-10.208786460996203,2.058352390021538,30460.401350831573,-65224.65235465209,-65197.026679750124,0.40869682221955483,0.795764400349237,-10.21339068834388,1.9470775329927736,30427.360149535674,-65304.70411367732,-65277.07843877535,-2.803955257205793,-0.3384869463779859,0.3109567374944161,-10.851661897461607,0.6920439402999817,2.9543236768820837,30167.331193033675,-65933.74945509864,-65887.70666359537,531.7372874665743,540.9458457672299,451.68552844134683,460.8940867420024,-177.35981297997932,-149.73413807801262
231,74167,-2.820027673005635,-0.2780850714689362,-10.140881199085328,3.596021874592812,30235.850379282365,-66545.38073087996,-66526.95258170737,0.37127393456917523,0.7605644101535826,-10.212228246487525,2.048526274908413,30085.8249062483,-66912.30159218801,-66884.65936842914,0.39607850643787745,0.7638017418656583,-10.216621380069842,1.9284099728987845,30063.72138502603,-66966.81079577685,-66939.16857201798,-5.5459385630710205,-0.5820584897612251,0.2714534717599571,-10.784145771626424,0.9527421804450072,1.718040399015956,29781.865344668175,-67661.42777501389,-67615.35740208243,-366.92086130805546,-357.7067867217702,-421.4300648968929,-412.2159903106076,-1116.0470441339276,-1088.4048203750572
232,73902,-2.846738273897887,-0.2813360590232695,-10.11863990624263,3.554467932307565,30146.551681483106,-66261.65805578145,-66243.2370654411,0.3756341815112705,0.7457535993295832,-10.213200241341799,1.9853187916212245,30024.47908029994,-66559.51736134538,-66531.88587583487,0.40151153453957267,0.7522950591389383,-10.216239986844265,1.8736574031468896,29999.026988008307,-66622.19149554646,-66594.56001003594,-4.49930620247114,-0.48486624040457366,0.29484816599673763,-10.718240030811986,0.7853528862038801,2.062424472294869,29602.380993179228,-67601.83822666643,-67555.78575081557,-297.8593055639358,-288.64881039375905,-360.5334397650149,-351.3229445948382,-1340.1801708849816,-1312.548685374466
233,74808,-2.9081635786977813,-0.28710239620700867,-10.129360176433066,3.4830778607607744,31226.21258111804,-65353.27661305544,-65334.8312528352,0.39036681011131746,0.8483033562672108,-10.194410535061714,2.1730929328374704,31476.006929340256,-64755.23026554326,-64727.56222521291,0.42032609573419893,0.8708605830853062,-10.198723507674352,2.0718689415753317,31441.148239132453,-64838.12368807339,-64810.455647743045,-2.4847949333691246,-0.3317963196705064,0.32377910805550614,-11.125694171638807,0.7793186828403611,3.0138972035405933,31104.27316235008,-65639.97626292572,-65593.86286237514,598.0463475121796,607.2690276222929,515.1529249820451,524.3756050921584,-286.69964987027925,-259.0316095399394
234,74273,-2.862071411041883,-0.28281342448900887,-10.119998427278027,3.5359000436659382,30590.950888797044,-65879.36341049382,-65860.93240494782,0.3847922758407642,0.8046589455911319,-10.212311501262516,2.0911515020226603,30562.711486533244,-65945.95865702382,-65918.31214870479,0.4111932067430085,0.8106561672447057,-10.218005633933675,1.971472665284953,30535.518757282807,-66012.07139727547,-65984.42488895645,-2.371326782293435,-0.3266846776429132,0.3215613840942453,-11.167146152027437,0.7530122320826856,3.061055716525103,30101.36776066959,-67071.65661243642,-67025.57909857138,-66.59524652999244,-57.37974375697377,-132.7079867816501,-123.49248400863144,-1192.2932019425934,-1164.6466936235665
235,73958,-2.884600196911679,-0.28454705119386714,-10.137515693129949,3.514357276957622,30490.703413872874,-65528.37430371935,-65509.95179843237,0.3858160730538945,0.8223273487458447,-10.207748933748748,2.13139733198978,30531.380787788978,-65427.77335604445,-65400.13959811397,0.4150895463067139,0.8418682530384266,-10.211231507432947,2.0281605752999656,30503.482704440547,-65495.383455385054,-65467.74969745458,-3.185238841333894,-0.3859482910326636,0.3198969680315301,-11.029417689245154,0.7907024214546061,2.591020670992861,30202.926309959883,-66223.71902951492,-66177.66276629746,100.60094767490227,109.81220031839621,32.99084833429515,42.20210097778909,-695.3447257955704,-667.7109678650959
236,74616,-2.802238373245265,-0.277334727796208,-10.104174098616365,3.6057511006512795,29921.343298933025,-68178.82583427276,-68160.38561379195,0.3772045376593448,0.7960659804721889,-10.188901640650665,2.1104358537465946,29833.769388215635,-68395.53246225859,-68367.87213153737,0.40349845771858356,0.8045481903926527,-10.193546371636371,1.993931265417073,29810.736390381684,-68453.16158431687,-68425.50125359565,-4.7374207263596695,-0.5202729526594456,0.2905866971422007,-10.942453623716748,0.8642226273424776,1.9220680123546008,29395.569398312055,-69495.6247143753,-69449.52416317326,-216.70662798582634,-207.4865177454194,-274.3357500441052,-265.1156398036983,-1316.798880102535,-1289.138549381314
237,74198,-2.890331609116915,-0.28586650639764977,-10.110773890720754,3.498136289562258,30908.77145984711,-64970.97980655581,-64952.55082160659,0.3907326106671161,0.8509081414113827,-10.19065079043627,2.177724915149998,31051.248216375716,-64627.74334249115,-64600.09986506731,0.42144277956548404,0.8764563269234811,-10.194315390459147,2.079656763433283,31019.625826338026,-64703.34460750296,-64675.70113007911,-2.916476351310468,-0.3754460930436694,0.3194905515475283,-11.182007800201143,0.8077725009744122,2.6634982185942913,30658.22910607145,-65568.86968302783,-65522.797220654764,343.23646406466287,352.45095653928,267.6351990528565,276.8496915274736,-597.8898764720216,-570.2463990481774
238,74067,-2.8934176260640445,-0.28519557997777517,-10.145380325633111,3.506365702013784,29467.78093502718,-68261.52403310637,-68243.09858237045,0.38625215649910766,0.7707794285526752,-10.218201519240585,1.9955343046853795,29269.781368594133,-68758.87364380526,-68731.23546770138,0.41293058446120634,0.7780649972491561,-10.222915689424637,1.8842513161488843,29249.509190048997,-68810.19003858829,-68782.55186248441,-3.554981817407464,-0.39498627993472973,0.30904899335392644,-10.66580684846524,0.69061492131168,2.5317335077189185,28952.11591330245,-69563.11802795995,-69517.05440112016,-497.3496106988896,-488.136885330925,-548.6660054819222,-539.4532801139576,-1301.5939948535815,-1273.9558187497023
239,74026,-3.008072945620102,-0.29674735941742564,-10.136814533162319,3.369869918853532,31945.62961683941,-62206.043875223266,-62187.61953189961,0.3800356268703255,0.8099007351533196,-10.211968708086342,2.1311179212933933,32579.22161410046,-60750.2229732049,-60722.58645821942,0.4073351417778848,0.8217012349571103,-10.217042033605383,2.0172608515205757,32537.93911550373,-60844.083903758445,-60816.44738877296,-3.0339005843029745,-0.3865534421573465,0.3217823907949683,-11.203014380930782,0.8190478679941727,2.5869644166638937,32230.323311219734,-61543.259746400225,-61497.19888809109,1455.820902018364,1465.0330736801916,1361.9599714648211,1371.1721431266487,662.7841288230411,690.4206438085239
240,74003,-2.833303485211786,-0.2804608353186004,-10.10231422149615,3.5655602282721977,30591.68391027021,-65368.57984412536,-65350.156122301545,0.3880695724742268,0.8445623738467379,-10.175724324484623,2.1763169126144994,30458.490764038757,-65689.48499851245,-65661.84941577673,0.41655973432241933,0.8605902301493772,-10.18053855192399,2.0659467520287884,30440.819242649537,-65732.43279657215,-65704.79721383643,-4.756898055306208,-0.5273229445290609,0.2999239594240097,-11.01644797718052,0.9231475518970315,1.896371114465871,30067.64411234958,-66641.24491501074,-66595.18561045121,-320.90515438708826,-311.69329347518214,-363.85295244678855,-354.64109153488243,-1272.665070885385,-1245.0294881496666
241,74432,-2.7711115345512027,-0.2732217672133061,-10.142352722533182,3.660030495371524,31277.83298445644,-64526.78157003404,-64508.346287562286,0.3700308202653617,0.7505501158360485,-10.22032997670044,2.0283448694835835,31065.118400376214,-65032.708545308764,-65005.05562160113,0.3940094523576454,0.7504446955789711,-10.225135032975508,1.904636274811465,31043.953362553355,-65083.437242791915,-65055.78431908428,-4.3641234157937765,-0.48157111438178674,0.294355463508144,-10.88422958564673,0.7904666748468836,2.0765365075597244,30704.050484988755,-65898.89390373774,-65852.80569755835,-505.92697527472046,-496.70933403884555,-556.6556727578718,-547.4380315219969,-1372.1123337036988,-1344.4594099960595
242,74226,-2.8055962609978375,-0.27605745481605104,-10.163088197952586,3.62243432500797,31087.716535519536,-64595.01536829265,-64576.585628748464,0.3649010714283411,0.7007006803096829,-10.23946470049319,1.9202483499621232,30850.391581243202,-65161.83378399174,-65134.18917467546,0.3887216511368277,0.7016236707613371,-10.242621882455202,1.8049513545474465,30825.706980035608,-65221.248674032024,-65193.60406471575,-3.4721920205808154,-0.38510519013953953,0.29042070422373206,-10.67079120503775,0.6074157343684817,2.596693125942184,30499.365778820058,-66007.24302926856,-65961.16868040811,-566.8184156990901,-557.6035459269988,-626.2333057393771,-617.0184359672858,-1412.2276609759138,-1384.583051659647
243,74209,-2.8769214398714986,-0.28400256663926327,-10.129913521259583,3.5210949388009873,30757.579512247852,-65355.50139342407,-65337.07211199287,0.3810360070069195,0.7986461969188188,-10.207938673084268,2.095986159398095,30805.989635022885,-65236.7938148602,-65209.149892713394,0.406932706041795,0.8041972154108734,-10.213200139184437,1.9762412887212768,30779.44295392055,-65300.770073437,-65273.1261512902,-4.004552629959137,-0.4530288542147533,0.30690902363288625,-10.934695105992308,0.8124867444585067,2.207364918804843,30486.365674892637,-66006.7627492235,-65960.6895456455,118.70757856387354,127.92221927947685,54.73131998706958,63.94596070267289,-651.2613557994337,-623.6174336526237
244,74483,-2.9151434232088613,-0.28855473052207775,-10.102566739885138,3.4655470668968587,31456.53083557379,-64197.68636921141,-64179.24971683059,0.3795570879918965,0.7765219604132844,-10.19895931492208,2.0458634154919615,31596.45365498448,-63865.110789004786,-63837.45581043356,0.4060929559651318,0.7849678662580697,-10.203153921491367,1.9329758241989037,31563.31687766732,-63943.265816819374,-63915.61083824815,-3.7127577542144334,-0.421537196639169,0.3032509912066254,-10.848658642255796,0.7557743844767789,2.372269892130038,31221.508391320407,-64750.263471282466,-64704.17184033042,332.5755802066269,341.7939063970334,254.4205523920391,263.6388785824456,-552.5771020710526,-524.9221234998258
245,74279,-2.933846730629887,-0.2891544122710837,-10.1462976393367,3.458359815939779,30521.2066829388,-66060.22769656319,-66041.79652945758,0.3877063192947813,0.8069494904384203,-10.209114736399734,2.0813421145835895,30563.945693470283,-65954.2871690279,-65926.6404183695,0.41527305697941247,0.8173704925073094,-10.213796940763604,1.9682723903463626,30535.661539176657,-66023.05745878928,-65995.41070813088,-3.1279178333616726,-0.37487536199022625,0.32192543202873525,-10.939472878579622,0.7630907833793688,2.6675532760834573,30242.30228864182,-66736.11343172847,-66690.03551396447,105.94052753529104,115.15611108808662,37.17023777391296,46.38582132670854,-675.8857351652841,-648.2389845068828
246,73756,-2.922364743738509,-0.28825765034119677,-10.138030127836835,3.469118681902624,31121.255177477018,-63637.93677401686,-63619.51973876321,0.39014602807758525,0.804233353183985,-10.215523768869543,2.0613649641565837,31256.672792934227,-63315.699226496865,-63288.07367361639,0.41920716778323625,0.8212600118021767,-10.219805378610166,1.9590791258293418,31217.995160325685,-63407.0228918669,-63379.397338986426,-1.8850625271626593,-0.27740145495799934,0.328154608371804,-11.097464920521873,0.716688687155649,3.6048837600776373,30898.08047516983,-64162.75653271005,-64116.713944575924,322.23754751999513,331.446065146818,230.91388214995823,240.1223997767811,-524.8197586931929,-497.194205812717
247,74056,-2.7767632415517496,-0.27427130158398416,-10.124147971425591,3.6460249184831013,31112.7386610313,-64217.676101088124,-64199.25094740263,0.35800434881567633,0.6883820469902977,-10.224898555979818,1.9228315222079078,30889.027873085033,-64750.086616550754,-64722.44888602251,0.38057877687071884,0.6851275402748175,-10.228665862288988,1.8002252934549545,30865.96463394544,-64805.40105341783,-64777.76332288959,-3.5992828185202512,-0.38957065974198835,0.28179642869322175,-10.54433491528925,0.5900516251335403,2.5669284249031934,30558.57923234858,-65542.6006421515,-65496.53775793777,-532.4105154626304,-523.19793861988,-587.7249523297069,-578.5123754869564,-1324.9245410633812,-1297.2868105351372
248,74433,-2.8332102446458496,-0.2803906952632822,-10.104508789014957,3.566452157269401,30798.39422956682,-65678.42121278946,-65659.98590344771,0.38420900146600734,0.7934820628584065,-10.200917658594076,2.0652354833716964,30648.04224341457,-66040.67900745853,-66013.02604344592,0.4128942008033676,0.8107746317135688,-10.204142127201592,1.9636377312542677,30625.080735226016,-66096.46509884471,-66068.8121348321,-2.5600868396331675,-0.3152821649298277,0.31378850600405084,-10.831258064179721,0.6779593431027889,3.171762031710769,30256.851458551915,-66992.85518117742,-66946.76690782307,-362.2577946690726,-353.04013999820745,-418.0438860552531,-408.82623138438794,-1314.4339683879662,-1286.7810043753561
249,74134,-2.9589716443465495,-0.2915426927263072,-10.149359658704794,3.4300293745958315,31078.318602397816,-64445.41902276195,-64426.99176367104,0.38574849508099285,0.7880486621128612,-10.212743926465006,2.0429079365491765,31186.322513841973,-64186.23388982699,-64158.593001190624,0.413618458939061,0.8014295013263041,-10.216776735182094,1.9376057426981996,31155.150725830823,-64260.370396550905,-64232.72950791454,-3.4223399643219783,-0.4008532097725545,0.31448948198621735,-10.921839637673829,0.7448080588445688,2.4946787891941877,30805.296205030834,-65093.56224931968,-65047.4941015924,259.18513293495926,268.398762480414,185.04862621104257,194.26225575649732,-648.1432265577314,-620.5023379213599
250,74280,-2.9188255492888464,-0.28841796860422986,-10.120123803014815,3.4671903586291823,30819.707076087005,-65339.18088779532,-65320.74969376439,0.4039648360411672,0.872453035294487,-10.191088194669367,2.1597251974812415,30827.16389321663,-65319.21104211197,-65291.564251065574,0.43510840572265824,0.8968439298027538,-10.195523822163572,2.0611965156435286,30804.301655250965,-65374.319487087945,-65346.67269604155,-8.657575590844688,-0.9084153487393949,0.2562400801524474,-11.632434461601191,1.3473926374215572,1.10081803592123,30426.641025303452,-66286.62049756123,-66240.5425124839,19.969845683350286,29.18544269881386,-35.13859929262253,-25.923002277158957,-947.4396097659119,-919.7928187195066
251,74802,-2.850591668905241,-0.28113809730182493,-10.139471299917407,3.55697078979096,31269.84132075131,-65237.595697599565,-65219.15049779642,0.38279377809578613,0.7978840694943232,-10.204591928808012,2.0843705283388108,31290.739634788108,-65185.62059440038,-65157.95279469566,0.4106107923070181,0.8122389821135658,-10.208772507834038,1.9781238032005892,31261.44070256976,-65255.693895642675,-65228.02609593795,-3.3086656070939178,-0.3850085876648139,0.31382662953894863,-10.851835532371481,0.7431626096956285,2.597344662012043,30995.433433739734,-65890.91637789819,-65844.80337839032,51.97510319918365,61.19770310076274,-18.098198043109733,-8.875598141530645,-653.3206802986242,-625.6528805939015
252,74008,-2.8024352136664787,-0.27687255915841247,-10.121751401384154,3.6117699891951034,30455.667888048134,-65707.78320975477,-65689.35935280587,0.38678575685918987,0.8137645663473911,-10.195142844532766,2.1039155447589137,30325.05191620861,-66023.86571208353,-65996.22992666018,0.41341579521492927,0.8215851780435229,-10.201097823850963,1.9873095986001017,30300.55030167383,-66083.68583826383,-66056.05005284048,-2.540721570425607,-0.32376507554600237,0.31519232484418086,-10.955554411869732,0.7122569217015539,3.088659264170432,29960.01782181779,-66916.13318105262,-66870.07353868036,-316.0825023287616,-306.8705738543067,-375.90262850906583,-366.6907000346109,-1208.3499712978519,-1180.7141858744872
253,74006,-2.814686686467637,-0.27789976379792014,-10.128424177123042,3.5984197551429666,31338.226200046665,-63589.91338094867,-63571.489578048706,0.3823919529634765,0.7768855707726088,-10.205031716793355,2.0316472790597966,31101.45564647582,-64149.17586839865,-64121.5401640487,0.408606634098334,0.7835102084109639,-10.209381979720193,1.9175171008662741,31081.67835291859,-64196.25096230956,-64168.61525795962,-3.3752134809817584,-0.38286550693909516,0.30542446354245373,-10.731730315418165,0.690282128820683,2.611883238045459,30774.007891709563,-64928.46938667851,-64882.409879428604,-559.2624874499816,-550.0505859999976,-606.3375813608945,-597.1256799109105,-1338.5560057298426,-1310.9203013798979
254,74554,-2.850277594562535,-0.28203571477975187,-10.10608743927478,3.545650240718353,31205.27765799656,-64927.796750943555,-64909.35819299552,0.3803135860989284,0.8187482653199503,-10.188070517853454,2.1528241305241584,31389.19398167745,-64487.683393803665,-64460.02555688161,0.40896275416264655,0.838358339810121,-10.191336908650662,2.0499625730628313,31358.26221433485,-64561.18715982261,-64533.529322900555,-3.2043547042265916,-0.38626542248940093,0.3062402680315206,-11.008885663314535,0.7715620658324516,2.5888933924118973,31012.280726588437,-65384.32661384414,-65338.230218974044,440.11335713988956,449.3326361139116,366.60959112094133,375.82887009496335,-456.5298629005847,-428.8720259785259
255,74440,-2.916855983185786,-0.28778845497860045,-10.13541694507057,3.4747745529762777,31576.259813532546,-63834.84068927401,-63816.4051918525,0.38533083370537846,0.7897652062570983,-10.209921065325407,2.0495769795078167,31538.609233548355,-63921.65365993518,-63894.00041380291,0.41466753082574115,0.8092976437751466,-10.21277980625141,1.9516783534113835,31509.377364809847,-63990.68109704211,-63963.027850909835,-2.7891725811039474,-0.3444420332519593,0.3224827711666325,-10.934749632871272,0.7305334343955249,2.9032461298604053,31194.67861938589,-64733.88543440412,-64687.79669085034,-86.81297066117259,-77.59522195041063,-155.84040776809707,-146.6226590573351,-899.0447451301079,-871.3914989978366
256,74315,-2.952504427668681,-0.292044936027753,-10.109760736916543,3.424130593056988,30530.256586710162,-66106.22303170842,-66087.79089551925,0.3872535140523917,0.8267052307188396,-10.18921945779377,2.1347907784433797,30682.518674063893,-65734.51653463654,-65706.8683303528,0.4162554029915493,0.8440403893480711,-10.19431093373651,2.027698339245837,30655.211168320435,-65800.68649001683,-65773.03828573308,-2.0685807089655794,-0.2844751405716883,0.3196110560811086,-10.995263063400236,0.7124401320164039,3.5152456484962977,30323.0590142001,-66606.29067823527,-66560.21033776236,371.7064970718784,380.9225651664601,305.53654169158835,314.75260978617007,-500.06764652684797,-472.4194422431028
257,74164,-2.873408296755192,-0.2834199770896024,-10.138340727643104,3.528332795270295,30346.12241264891,-66269.70021608751,-66251.27214781508,0.3809844820568742,0.8064173362681999,-10.211120658779658,2.1166671459018014,30463.756504639838,-65980.76572991071,-65953.12362750205,0.4093600723076724,0.8243942144899701,-10.215036536219783,2.013860828787329,30432.03449914828,-66058.03317284229,-66030.39107043363,-4.72896029247781,-0.5499790588279851,0.3129665617094477,-11.34540172654087,0.933150651997311,1.8182510478326526,30034.92067002194,-67028.18420727119,-66982.1140365901,288.93448617680406,298.1485203130287,211.66704324522289,220.88107738144754,-758.4839911836752,-730.8418887750158
258,74045,-2.8898582075879347,-0.28480414628192874,-10.146826320173206,3.5111848372112395,31064.17404547524,-64312.8065761374,-64294.38171954646,0.37943573869679753,0.8131593247958051,-10.215321140224344,2.1430752084362585,31172.70101304495,-64052.57100594934,-64024.93372106293,0.4075015686084351,0.8298478741918061,-10.219789834372932,2.036428662165961,31144.260351285047,-64120.157386931925,-64092.52010204551,-4.201838615834736,-0.481615694090728,0.31013443139315316,-11.10630126752028,0.8722156572794516,2.076344297475525,30779.614632941502,-64988.21212550179,-64942.149984024436,260.2355701880588,269.44799848352704,192.64918920547643,201.8616175009447,-675.40554936439,-647.7682644779779
259,74290,-2.869113157828476,-0.28351444902767364,-10.119812826712137,3.527157093508101,30116.26187887337,-67073.26305905085,-67054.83159578656,0.38341515121464215,0.8016574329093488,-10.189977862183643,2.090833996438935,30043.054899850737,-67252.06794339092,-67224.4207484945,0.4109777496642663,0.8141037979758267,-10.193773154023255,1.9808950694797465,30018.39223665869,-67313.07843976973,-67285.4312448733,-4.935452572565194,-0.5332889286876429,0.29224642119787436,-10.864435223624197,0.907565141999541,1.875156123081112,29662.234081045885,-68195.77501525734,-68149.69635709662,-178.80488434007566,-169.5891527079366,-239.81538071887917,-230.5996490867401,-1122.5119562064938,-1094.864761310062
260,74587,-2.8543155739457546,-0.2820144425153171,-10.121168080924535,3.5459176880477914,31199.09784381111,-65004.31743988847,-64985.87799687193,0.40615614746834794,0.9077171765799835,-10.177584736387919,2.2348970518800844,31178.646321716456,-65051.22647799299,-65023.56731346818,0.4399080205388762,0.9436297140873888,-10.181394406067051,2.1450613992703893,31150.99380362498,-65117.407463413714,-65089.7482988889,-2.9804304513384894,-0.39503963556100724,0.33968395905800314,-11.318715024699543,0.88679128166289,2.5313915617096776,30772.98423764056,-66024.03855046567,-65977.93994292432,-46.909038104517094,-37.6893165962465,-113.09002352524112,-103.87030201697053,-1019.7211105772003,-992.0619460523885
261,73967,-2.870247160122038,-0.2833225643979639,-10.130669141093886,3.529545915712411,30689.65306956671,-65064.28789957623,-65045.86515092268,0.36982729495699973,0.7441563012773739,-10.218676387570376,2.01217246921674,30764.94032477481,-64881.05571222155,-64853.42158924122,0.39460352385440384,0.7470998032696317,-10.222914579614045,1.8932922746662744,30732.064806761384,-64960.13935759077,-64932.50523461044,-3.206867764135241,-0.37192837724582967,0.3035377726396788,-10.815813325236304,0.6944963192912477,2.688689707962349,30413.852254678168,-65726.0171012647,-65679.96022963081,183.23218735468254,192.44356168145896,104.148541985458,113.35991631223442,-661.7292016884749,-634.0950787081383
262,74145,-2.7256481187857062,-0.26873098435985954,-10.142664141533348,3.7211935288447906,30301.423744456144,-66343.01729616472,-66324.5897403359,0.3691078240115483,0.7640542513369947,-10.224833053115344,2.070002859958584,30069.921399615367,-66909.65877502365,-66882.01744128042,0.3940916397162164,0.7691182739012622,-10.230514155549466,1.9516229130237341,30049.58917025337,-66959.80998847268,-66932.16865472945,-3.345847043004918,-0.39353132477492064,0.30091511747489236,-10.959655514462893,0.7315870210834811,2.541093775881622,29651.23137881801,-67945.29979899712,-67899.23090942507,-566.6414788589318,-557.4277009445213,-616.7926923079649,-607.5789143935544,-1602.2825028324005,-1574.6411690891691
263,74223,-2.823210009988181,-0.2786202482013231,-10.132824258875146,3.589114597577375,29772.057643428336,-67798.99139911096,-67780.56174040263,0.371408873829906,0.7472656345796869,-10.21474943257387,2.011975715264983,29683.079396482386,-68019.15007815436,-67991.50559009185,0.397118858949145,0.7544702971489345,-10.217723479812046,1.899860155585187,29660.71837083847,-68075.08524062659,-68047.44075256409,-3.824094572662619,-0.41673432263710286,0.29471151335539814,-10.633359128787411,0.6973426335609463,2.399610364877029,29376.183693676856,-68786.54218801169,-68740.46804124085,-220.15867904339393,-210.94384968922532,-276.093841515627,-266.8790121614584,-987.5507889007276,-959.9063008382218
264,74603,-2.94397561671909,-0.29108347394968564,-10.11385351690547,3.435440653607329,31163.059294746094,-65120.48924999683,-65102.04937799711,0.3905234075135249,0.8340880937299502,-10.188263793823044,2.13582099736509,31312.93621720671,-64760.550511956026,-64732.890703956444,0.4179850826106597,0.844325172056173,-10.194508705564743,2.0199887679786794,31287.801905481054,-64820.45699915276,-64792.79719115318,-2.1671545167200037,-0.29000327908339996,0.32026441687343576,-10.95460378814353,0.7078989981674385,3.4482368722197005,31027.976228003194,-65438.5751183809,-65392.475438381596,359.9387380408007,369.15867404066375,300.03225084406586,309.25218684392894,-318.08586838407064,-290.42606038448866
265,74630,-2.690417799360374,-0.2657629087842213,-10.123375800137643,3.7627523139879604,30911.664026940427,-65775.5523166559,-65757.11172095565,0.354970904571702,0.7229673125796723,-10.22630385841977,2.036694566423647,30729.20156496428,-66215.37652462367,-66187.7156310733,0.37754369407568017,0.7212941643800597,-10.232088936316844,1.9104918866304077,30709.880615303337,-66262.31480786488,-66234.6539143145,-3.0589981376107946,-0.3475891300434171,0.2805689837206565,-10.705030444492857,0.6053307451349625,2.8769599321908905,30371.67293317436,-67084.77372378696,-67038.67223453634,-439.82420796777296,-430.60391011764295,-486.7624912089814,-477.54219335885136,-1309.221407131059,-1281.5605135806836
266,74103,-3.0119412128642784,-0.29812201766500107,-10.103048531788716,3.3543312494406146,30935.11173461836,-64729.726165261825,-64711.29974266924,0.3972533590834511,0.8386964068127956,-10.179953913199519,2.111238049057278,31326.895483661323,-63795.127437860836,-63767.487803971955,0.4283227879134517,0.8631582839911299,-10.182654790224364,2.0152051404875113,31285.944553401023,-63892.05922424763,-63864.419590358746,-4.686315391630452,-0.5325955666135828,0.3186691246677347,-11.158449904937541,0.9636499891581471,1.8775973040074814,30939.589197167836,-64713.00147801853,-64666.935421537055,934.5987274009894,943.811938697283,837.6669410141985,846.8801523104921,16.724687243295193,44.36432113218325
267,74384,-2.987390055692585,-0.29481322643219443,-10.133161567565118,3.3919780740569827,31032.65961516368,-65022.543311913505,-65004.10931962565,0.3952184142429618,0.8746549834592718,-10.191335422209141,2.2130926898602827,31545.534496074742,-63801.251515713164,-63773.60052728137,0.42640313462158524,0.9012618839973798,-10.196268175718084,2.113638035980227,31499.621001191088,-63909.59386114049,-63881.9428727087,-2.317955548984885,-0.3320122052632783,0.33270733231798577,-11.290243150047694,0.8275993600674868,3.0119374653923408,31203.66572853112,-64607.773974133066,-64561.688993413416,1221.2917962003412,1230.508792344277,1112.9494507730124,1122.1664469169482,414.76933778043895,442.4203262122319
268,74207,-2.98420809572882,-0.29436539873321144,-10.137767918957964,3.3971384011281764,31347.80949467695,-63941.217720521265,-63922.78849299261,0.38541854320208707,0.8087849700284644,-10.207119816673028,2.0984588943464324,31858.057982973307,-62741.0747743512,-62713.43093305821,0.4132843580290295,0.821005696786005,-10.212228580795298,1.9865394874885072,31807.889605143675,-62858.02412404866,-62830.38028275567,-2.409889755032499,-0.3258737848358602,0.32939008283141724,-11.134047330764961,0.7834030935502844,3.068672739366535,31527.93990503761,-63510.03077455636,-63463.95770573472,1200.1429461700682,1209.3575599343967,1083.1935964726072,1092.4082102369357,431.1869459649024,458.830787257888
269,73975,-2.850774460767038,-0.28082765032577794,-10.151331100979403,3.5609029197799305,30707.334139221995,-65036.719321545155,-65018.29635659062,0.37222114440879345,0.7488565543485286,-10.229989866190984,2.0118592551692704,30632.18315066572,-65215.98247474968,-65188.34802731788,0.39804718573354986,0.7567503980916768,-10.234081127932805,1.9011575140195576,30603.74771090215,-65284.684355430116,-65257.04990799831,-2.0809310299779566,-0.2766239605201959,0.30757073796636536,-10.91456328735554,0.6355354252373546,3.615015843600401,30283.429547533586,-66059.03394590475,-66012.9765335184,-179.26315320452704,-170.0516707272618,-247.96503388496058,-238.75355140769534,-1022.3146243595984,-994.6801769277881
270,73860,-2.993277888530086,-0.29589521010005243,-10.11600656704769,3.3795748152255163,30186.51170397813,-66084.1713973784,-66065.7515440016,0.386808408432124,0.7762918199676516,-10.21271202845264,2.0069155764070548,30398.13493831934,-65566.18074544644,-65538.55096538122,0.4147630615555837,0.7886290710792002,-10.216771486472005,1.9013965904326646,30360.2951932456,-65658.17930190808,-65630.54952184286,-2.748152940120244,-0.3416499024628018,0.32239202112979765,-10.930049298657071,0.7110222109047885,2.926972883034492,30002.997111744553,-66528.56316997026,-66482.51353652823,517.9906519319629,527.2005786203808,425.9920954703266,435.2020221587445,-444.39177259185817,-416.76199252663355
271,74084,-2.902948821291102,-0.2867632171070552,-10.123156137585685,3.4871975914075386,30857.78202894218,-64879.55339758299,-64861.127487855905,0.3837514166339436,0.8023428943760144,-10.205077308700417,2.090788097705867,31042.049554731602,-64436.47576114392,-64408.83689655329,0.41294525530825255,0.8227303145586817,-10.208603721029514,1.992347179154621,31009.272472195746,-64514.74186504347,-64487.103000452844,-2.9359336617508376,-0.35956478200986364,0.3145444158132861,-10.966492789413229,0.7346936783697793,2.781140006010288,30661.746446634825,-65345.70100977834,-65299.63623546063,443.07763643906947,452.2905913026116,364.81153253951925,374.02448740306136,-466.14761219535285,-438.5087476047265
272,74077,-2.968406202626519,-0.2929208676423531,-10.133816093467424,3.4138912944262056,31210.2391967251,-64025.11219070606,-64006.68646996258,0.406612778965105,0.8733836179874556,-10.201857125400862,2.147949260744725,31407.873620149687,-63555.509028028435,-63527.87044691321,0.43808783150132663,0.8974198571148503,-10.207027572599623,2.0484930020525636,31370.041758990046,-63644.79109805094,-63617.15251693572,-2.2284362478775988,-0.3224138780861969,0.3386252528006117,-11.24203708194127,0.791203946539067,3.1016034605453657,31006.454545495042,-64504.37775803971,-64458.31345618101,469.6031626776239,478.8160230493668,380.32109265511826,389.5339530268611,-479.2655673336485,-451.6269862184272
273,74235,-2.9861406425390786,-0.2950830704073905,-10.119661010766984,3.3888762192266877,31518.84367071085,-63589.42450356128,-63570.99452152917,0.3930731992584021,0.8491478302981514,-10.19163815026995,2.1602791335054383,31846.517738670642,-62819.65167870315,-62792.00670565499,0.42360673426914275,0.87253824765419,-10.195890145659424,2.0597837028242667,31808.085374329563,-62909.29254594625,-62881.64757289809,-1.9466469228474965,-0.2791438528318452,0.31875992798709113,-11.06897014089322,0.7191809086060028,3.5823823088176505,31512.458565343855,-63598.4645957607,-63552.38964068043,769.7728248581261,778.9878158741776,680.1319576150272,689.3469486310787,-9.04009219942236,18.604880848739413
274,74528,-2.9231310794767698,-0.28906842802245364,-10.112246084687301,3.4593885151730377,31007.615583853647,-65352.737504252254,-65334.29964390689,0.3768778381849179,0.7654071282113047,-10.204833475117443,2.030915725630309,31131.100503603728,-65054.526163130016,-65026.86937261197,0.4050997436936972,0.783069144708958,-10.207439396524535,1.9330279934737502,31096.974700750896,-65136.26830545484,-65108.61151493679,-3.4706834745115436,-0.3920171600632166,0.2955539343447579,-10.748203604476998,0.6793612643385157,2.5509087404202924,30767.78827438675,-65925.4124590613,-65879.31780819788,298.2113411222381,307.4302712949211,216.46919879741472,225.68812897009775,-572.674954809052,-545.0181642909956
275,74704,-2.9211144880259634,-0.28820363984318736,-10.13559193636608,3.4697688084165197,31373.60722766492,-64806.69774506339,-64788.25516722897,0.382154022291949,0.8105649377750601,-10.204613408295938,2.121042539114828,31766.639909927217,-63874.657269778116,-63846.993403026485,0.41068162838780564,0.8290448912268922,-10.208875376278714,2.0187045972361517,31729.257542177103,-63962.619258980994,-63934.95539222936,-2.510074946842292,-0.3227775961206986,0.313243513905477,-10.995732065719581,0.7183451024578956,3.098108456158347,31453.901212260418,-64609.75319736966,-64563.64675278361,932.0404752852774,941.2617642024852,844.0784860823987,853.2997749996066,196.9445476937326,224.60841444536345
276,74427,-2.8779685302653424,-0.2834620925305254,-10.152922052374324,3.527808572471863,31289.460720298677,-64489.783281543474,-64471.34813342705,0.375923771321206,0.755039241565778,-10.217592936982417,2.0084902822509694,31292.73680300708,-64479.99100138681,-64452.33827921216,0.4022479380871519,0.7638749781318354,-10.221303870537827,1.8990152734265415,31262.30960413125,-64552.39460235571,-64524.74188018106,-3.003328770411243,-0.35102164906237326,0.30533101226083903,-10.77746911143157,0.6628246322287379,2.848827138357809,30979.590085681255,-65224.534322398664,-65178.44645210759,9.792280156667402,19.0098542148844,-62.611320812233316,-53.39374675401632,-734.7510408551898,-707.0983186805461
277,73676,-2.910199899837167,-0.2870466315203998,-10.138422055060227,3.483754519965277,30575.106717390685,-64793.373739648945,-64774.95887488767,0.3924984819987927,0.8262584906001391,-10.1998022039592,2.1051253151156915,30441.482725537408,-65114.0694868931,-65086.44718975118,0.42229488197359366,0.846752723949123,-10.20434820336025,2.005121918579328,30421.521024696118,-65162.39764138092,-65134.775344239,-3.3568161700478583,-0.39091083944689836,0.3161109133148289,-10.86859577019128,0.7528467104183666,2.5581280923673155,30111.612913844525,-65912.79405144155,-65866.75688953836,-320.69574724415725,-311.48831486351264,-369.02390173197637,-359.81646935133176,-1119.4203117926081,-1091.7980146506889
278,74216,-2.816150315860088,-0.2778134637700919,-10.13683886174296,3.599537568947928,30999.324007970397,-64787.63391231475,-64769.204442236085,0.37548786598745937,0.7810081812032873,-10.206126394249248,2.079982475996632,30950.33969462349,-64903.00083054238,-64875.356625424385,0.4027407720113781,0.7948447197186391,-10.209617212092937,1.973588906206356,30924.762664419366,-64964.357496127566,-64936.71329100957,-3.814621986841059,-0.4292726121271281,0.29820456820000935,-10.847459190364113,0.75509914434792,2.329522014099172,30552.95166305444,-65858.07017222523,-65811.99649702857,-115.36691822763532,-106.15218318830011,-176.7235838128181,-167.5088487734829,-1070.4362599104788,-1042.7920547924805
279,74478,-2.8222790719236523,-0.27839286565133237,-10.1377564590982,3.5920460736678153,31038.854286286827,-65183.91189468426,-65165.47537656677,0.3717906275194381,0.773902149436782,-10.216726079684571,2.0815536814367936,31016.086576664733,-65236.5632578067,-65208.90848063047,0.3987161174791562,0.787829971789911,-10.22131420071705,1.9759170428596897,30988.65841023437,-65302.454831526615,-65274.80005435038,-2.331369168865855,-0.2998282091635403,0.2994102297511744,-10.924119850474316,0.6471021953163769,3.3352432140718062,30650.504025755294,-66115.6403323529,-66069.54903705917,-52.65136312244431,-43.4331040636971,-118.54293684235745,-109.32467778361024,-931.7284376686366,-904.0736604924023
280,74407,-2.9730098490584687,-0.29335974861472164,-10.134348229766905,3.4087839409534357,30764.315066554675,-65711.86111473844,-65693.4265041336,0.4014135130309198,0.8461657785597089,-10.198154381000156,2.107965355153679,30795.721338758744,-65633.94021426188,-65606.28829835463,0.4314971333632964,0.8645952673479999,-10.203242875336645,2.0037103389515662,30764.012877942325,-65710.59199590587,-65682.94007999862,-2.959828090486282,-0.38262301269253335,0.3414311249939122,-11.181222211513468,0.8347343634649377,2.6135385662324917,30442.868918460812,-66487.40543294228,-66441.3189064302,77.92090047655802,87.13820577897422,1.2691188325698022,10.48642413498601,-775.5443182038434,-747.8924022965948
281,74761,-2.8774258986683425,-0.28444213976373584,-10.116032389077084,3.5156534852065975,30835.42249704187,-66206.75252406525,-66188.30842079001,0.38519675426271205,0.8158401470544765,-10.187205519338587,2.117982921782505,30891.614844407686,-66068.63721956262,-66040.97106464977,0.41418574842598244,0.8365573820622249,-10.190907889541288,2.019763802210406,30867.767976477706,-66126.3714682058,-66098.70531329296,-3.665019880253466,-0.4189184989125704,0.3044710505211754,-10.861240007363131,0.7571785373497211,2.387099167489147,30545.396136640593,-66907.25408519272,-66861.14382700463,138.11530450262944,147.33735614024044,80.3810558594414,89.6031074970524,-700.5015611274721,-672.8354062146245
282,74487,-2.8795476561500752,-0.28390067847134226,-10.142799487676267,3.522358612823614,31511.43274135178,-64075.24354298686,-64056.806783201864,0.3765202406504472,0.7697835244267912,-10.217059056417787,2.044467843473628,31593.800262788878,-63878.79649758784,-63851.141357910354,0.4011767192019577,0.7710030524427702,-10.222746103307365,1.9218539250644728,31561.631531055977,-63954.67762007415,-63927.02248039666,-3.100920840155645,-0.3696603974744673,0.3076259308430745,-10.910028891177474,0.7084656107490611,2.7051856429090995,31251.379502181415,-64686.51022643237,-64640.418326969884,196.4470453990143,205.66542529151047,120.56592291270499,129.78430280520115,-611.2666834455158,-583.61154376802
283,74217,-2.897161762389055,-0.2856499032309662,-10.142351632608518,3.500788863182062,30387.447373497904,-66269.08147908025,-66250.6519820534,0.39037493118353184,0.8006246068654439,-10.21199819921179,2.050911938525674,30303.56720777081,-66472.23007534341,-66444.58582980314,0.4183079977342902,0.8125505966553279,-10.217009989586806,1.9424696660269476,30276.74512793487,-66537.94959221315,-66510.30534667287,-2.817233176894108,-0.3424961877118287,0.32037435058475616,-10.869971363514198,0.7001277407123256,2.9197405281526385,29928.021889416035,-67393.73141096906,-67347.65766840194,-203.14859626315592,-193.93384774973674,-268.8681131328922,-259.653364619473,-1124.649931888809,-1097.005686348537
284,74525,-2.846720249776159,-0.2807176497405451,-10.1408666409371,3.5622982770205427,30147.160316225818,-67444.39709662135,-67425.95931678425,0.38138525951109514,0.7781529207397351,-10.21186061705017,2.040332973899578,29980.979072824437,-67854.34028408401,-67826.68361432837,0.4069879416828714,0.781650108034829,-10.217189960619079,1.9205731373827721,29958.122288520615,-67911.17803754116,-67883.52136778552,-3.9057647172440046,-0.4402809725677913,0.30623623670369304,-10.870744470446642,0.7718256250318093,2.2712768943155432,29583.02645787937,-68846.17189913479,-68800.07744954206,-409.9431874626607,-400.7242975441186,-466.7809409198089,-457.5620510012668,-1401.7748025134351,-1374.1181327578088
285,74094,-2.883806773943487,-0.2851292147489366,-10.114034706975751,3.5071818258978653,30415.247812186382,-65968.59384984223,-65950.16767016954,0.3925644729061359,0.8765229747851008,-10.183566434970116,2.2328127868939425,30558.562070536023,-65618.28869282501,-65590.64942331598,0.42344064773076184,0.9037622989635086,-10.187764706330194,2.1343305226052642,30528.584456481138,-65691.00976887334,-65663.3704993643,-2.6420618631127266,-0.3560842005199871,0.3193621818848139,-11.237771333518866,0.8072561902210589,2.8083245438570636,30170.835564305704,-66560.40702162689,-66514.34157244516,350.3051570172247,359.51824685356405,277.58408096889616,286.7971708052355,-591.8131717846554,-564.1739022756228
286,74103,-2.7585992676491293,-0.27220816158880917,-10.134153405055503,3.673659137048855,30819.743856166664,-65006.598834160504,-64988.17241156792,0.3755368800766688,0.7831146094777918,-10.204825294987296,2.0853201137473176,30663.44615270361,-65381.35721860724,-65353.71758471836,0.4013195146945746,0.7906574358051434,-10.20885303457727,1.9701445029576383,30641.93717193947,-65433.355264472964,-65405.71563058408,-4.399645739794022,-0.48036855759360875,0.29349975950309626,-10.813565219246481,0.8090137426056823,2.0817349183082854,30347.08751706843,-66145.85841597167,-66099.7923594902,-374.7583844467372,-365.5451731504436,-426.75643031246,-417.5432190161664,-1139.2595818111658,-1111.6199479222778
287,73478,-2.728313798511895,-0.2695478326424617,-10.121816865546206,3.7099166785972173,29613.644327662558,-66769.19345354379,-66750.78397090246,0.37219530497363906,0.7687339166315453,-10.203114295401303,2.0654046581430987,29310.26186603207,-67523.83485564566,-67496.22063168365,0.3983857445576348,0.7783876443478422,-10.206503233626284,1.953854160148625,29295.15550472326,-67561.71480909125,-67534.10058512924,-4.750906517188215,-0.49817199429838394,0.27572000348044146,-10.555479631035766,0.8235657329379477,2.007338853739422,29024.217731747725,-68240.44193062255,-68194.4182240192,-754.6414021018718,-745.4366607811971,-792.521355547462,-783.3166142267874,-1471.248477078756,-1443.6342531167465
288,74083,-2.8895977787586915,-0.28537188145138614,-10.125727048027127,3.5041994849459357,30962.64316561177,-64626.3549923688,-64607.92910963827,0.37625858371562365,0.775312461724596,-10.210927713863672,2.06058411762528,30983.844156681593,-64573.64564142278,-64546.006817327,0.4037845284426757,0.7908958889488377,-10.2153315808433,1.9587077593071256,30954.93869394127,-64642.791448075564,-64615.15262397978,-3.251901567398729,-0.38278855888323143,0.30435359997871253,-10.8967866523556,0.7088851846803986,2.6124082781299824,30602.657217456257,-65486.724287194396,-65440.6595803681,52.709350946017366,61.92229231127567,-16.436455706767447,-7.223514341509144,-860.3692948255994,-832.7304707298244
289,74302,-2.8645310786028184,-0.28324474884748035,-10.113271614949836,3.5305155843806055,30514.138226458348,-66120.89732264057,-66102.46553634408,0.38878699944979134,0.8372500566297844,-10.190112196592375,2.1534929352438605,30520.84175314888,-66102.5760117356,-66074.92833229086,0.41767546967610564,0.8552511707149321,-10.195630445429147,2.047645200179347,30496.540465876766,-66161.76027289842,-66134.11259345368,-2.7635725631359715,-0.34816051662396946,0.3128245738011566,-11.0065566814893,0.73323886256665,2.8722383850321815,30113.649786916045,-67096.54372076016,-67050.46425501895,18.321310904968414,27.53720405322383,-40.86295025785512,-31.6470571095997,-975.6463981195993,-947.9987186748622
290,74563,-2.891028114968074,-0.2859860300587966,-10.108983695370366,3.496674294875199,30668.69278244808,-66237.92208606644,-66219.48328669723,0.3831195967601962,0.7972645140114349,-10.19595440827701,2.0809807714181274,30780.520891986922,-65964.53542257842,-65936.87722352461,0.41034536463294047,0.8081284655222003,-10.200619856530833,1.9693861200188827,30749.245677509338,-66040.33528816998,-66012.67708911617,-2.915639353998937,-0.3535696151260736,0.31068124270124753,-10.90537157958065,0.7175324058671474,2.8282973344398568,30414.470895922983,-66852.57284578844,-66806.47584736544,273.3866634880105,282.6060631726141,197.58679789645248,206.80619758105604,-614.6507597220043,-586.9925606682082
291,74177,-2.9279632891063248,-0.28842432486960695,-10.151582361959314,3.4671139490474236,31027.53267084162,-64647.12795147998,-64628.699532663864,0.39088538535886563,0.8102707606145495,-10.208860383697813,2.0729113723979546,31141.416922073484,-64373.365227223156,-64345.72259899898,0.41943214379962623,0.8255445989021372,-10.213001851698586,1.968243519496497,31110.231516060867,-64447.68422481903,-64420.041596594856,-2.289190807817789,-0.29659577864819725,0.32540682579382385,-10.901100223669392,0.6917096512799934,3.371592153326415,30854.581080571803,-65055.757082171694,-65009.6860351314,273.7627242568269,282.9769336648824,199.44372666095296,208.65793606900843,-408.6291306917119,-380.98650246753823
292,74377,-2.90566054850879,-0.2866198993708235,-10.137679047711549,3.488941284939252,31198.10025163628,-64613.96041015097,-64595.52660608448,0.3884756447220371,0.8134231404010067,-10.207529649356792,2.093884523914051,31192.60651085753,-64625.058769831754,-64597.40806373203,0.41640181700545165,0.8268193255082997,-10.212654092548647,1.985628524520763,31169.799401620687,-64679.46091851465,-64651.81021241492,-4.832253907224235,-0.54209112946518,0.30981416450420757,-11.119301820512487,0.9073997837523721,1.844708289151654,30803.02403746767,-65555.84584393026,-65509.76133376405,-11.098359680785506,-1.8814576475488138,-65.50050836367882,-56.283606330442126,-941.8854337792945,-914.2347276795699
293,74310,-2.90750888437388,-0.28672006942316847,-10.140583776445396,3.4877223698076953,30766.88427736862,-65523.04892280784,-65504.61692118553,0.3861899373274332,0.7962785287820724,-10.214346264191951,2.0618831611527555,30713.874989640237,-65649.19051358128,-65621.54251114783,0.4139994398798326,0.8088679236556455,-10.219027486376545,1.9537898985815714,30688.217440509943,-65711.29304173245,-65683.645039299,-2.6352851990304758,-0.32915299646662277,0.30955160887468974,-10.927038559657484,0.6788885242007309,3.0381008550271646,30318.01661484927,-66609.16680778723,-66563.08680373148,-126.14159077344812,-116.92558996229491,-188.2441189246165,-179.02811811346328,-1086.1178849793941,-1058.469882545949
294,74420,-2.8108226434248715,-0.27781973702951446,-10.117433244587158,3.5994562902266516,31129.628877847666,-64857.84201388353,-64839.407053879724,0.3710276492279668,0.7442445449956621,-10.203946494591206,2.005900494327805,31067.37661690546,-65004.814292194475,-64977.16185218877,0.3974334618078965,0.7561134864572023,-10.206409299032293,1.9024907540942726,31039.62263052418,-65071.326982519575,-65043.67454251387,-3.5739876562664215,-0.39394334806888237,0.290923405931904,-10.632413643784316,0.6579464495909697,2.538436059149161,30719.02565284196,-65839.98124423166,-65793.89384422216,-146.97227831094642,-137.75479830904806,-213.4849686360467,-204.26748863414832,-982.1392303481334,-954.486790342431
295,74208,-2.942722554440747,-0.29109135998867675,-10.109274815148126,3.435347583105522,30542.551378391636,-65874.23530479269,-65855.80605031257,0.3827201557383968,0.7904584698906789,-10.199940398098764,2.0653693254425463,30648.889284074303,-65614.31912687652,-65586.67524515635,0.4116536941869843,0.8091490978214054,-10.202841473637484,1.9656063075529402,30616.13002044937,-65693.67924768821,-65666.03536596804,-2.9249088342971397,-0.34871793967949916,0.30684838230372236,-10.838250052559971,0.6937270988443675,2.867647133150314,30263.958854004115,-66548.22626723963,-66502.15313103936,259.9161779161659,269.1308051562228,180.55605710447708,189.77068434453395,-673.9909624469437,-646.3470807267877
296,74449,-2.8113693784272016,-0.2779181367184171,-10.115818318383601,3.5981818668178054,30031.736255043546,-67585.2415590068,-67566.80581979442,0.376320554512699,0.7499644185246528,-10.210295340858496,1.9928872062164893,29897.8330825771,-67915.93121409632,-67888.27760527775,0.40265279756096406,0.7585498910384029,-10.214336502912913,1.8838808413433508,29869.39228347988,-67986.7857400959,-67959.13213127734,-3.118273245736485,-0.3608497886587064,0.299886251460205,-10.75535725434023,0.6479545096668752,2.771236208054995,29481.82638011288,-68955.10963584117,-68909.02028781023,-330.68965508951806,-321.47178548332886,-401.54418108910613,-392.32631148291694,-1369.8680768343766,-1342.214468015809
297,74233,-2.912189616879629,-0.2875322764515147,-10.128218135436697,3.4778704232483815,30338.578240737115,-66418.8483275862,-66400.41839943775,0.38901152040193043,0.8161538136696677,-10.19471564319663,2.0980196494602774,30342.447747061506,-66407.38095096585,-66379.73605874318,0.4178958152259775,0.8324885180123868,-10.198715726995992,1.9920958470527346,30317.194236116808,-66469.18955797283,-66441.54466575016,-3.8366369224364707,-0.4445659865168547,0.31906823870462947,-11.001446416501013,0.8430283806422311,2.249384861480147,29956.438019643887,-67353.81481615931,-67307.7399957882,11.46737662034866,20.68234069457685,-50.34123038663529,-41.1262663124071,-934.9664885731181,-907.3215963504481
298,74071,-2.9049616651791337,-0.2868721153849264,-10.12632985008404,3.485873831474332,31279.59825578316,-63849.49964143052,-63831.074082687206,0.3840436224353371,0.8094760354494834,-10.20142393634442,2.107771065995968,31452.350487243923,-63439.542830298116,-63411.90449218314,0.4118673360771056,0.8231385217931263,-10.20620011595259,1.9985525670310178,31419.293601744776,-63517.433485995774,-63489.795147880795,-3.367445362235199,-0.4013020242054635,0.3134333730020977,-11.00092776313214,0.7803445652985739,2.491888751321144,31106.206483450904,-64255.23866099646,-64209.174764138166,409.95681113240425,419.16959050406876,332.0661554347462,341.2789348064107,-405.7390195659391,-378.1006814509601
299,74375,-2.805579016879628,-0.27695619567487595,-10.130046053106353,3.6106792901427585,30935.330532899832,-65239.30816999427,-65220.874419708576,0.3828460511396131,0.8005879962312232,-10.207417349258714,2.0911486323239403,30738.287204144402,-65712.55667912327,-65684.90605369472,0.4104652162385812,0.8143357873693724,-10.211750691454034,1.9839337297122959,30717.181542799066,-65763.64191714292,-65735.99129171437,-3.6513170854782446,-0.4214670189773498,0.3112515127663644,-10.93197428546678,0.7797765678535656,2.372664894222106,30369.036298695504,-66607.41360118835,-66561.32922547411,-473.248509129,-464.0316339861456,-524.3337471486448,-515.1168720057904,-1368.1054311940825,-1340.4548057655338
300,74009,-3.0161313582553695,-0.29811104267478666,-10.117476129677316,3.3544547395076316,30893.965337224432,-64652.17472814153,-64633.7508441687,0.38480407090465735,0.7826305787173418,-10.189977790098983,2.0338417337358514,31320.96778350311,-63634.26042316717,-63606.624597207934,0.4128803557607495,0.7955440077573487,-10.193566725707134,1.926814866964366,31276.013326279157,-63740.56059731853,-63712.92477135929,-2.979332150630216,-0.3529517824588547,0.31605919777222635,-10.803150851628992,0.7155157740414542,2.8332481933748976,31043.74468973193,-64288.2331218828,-64242.17341195073,1017.914304974358,1027.1262469607682,911.6141308229999,920.8260728094101,363.9416062587334,391.57743221797136
301,74370,-3.054722543027159,-0.30181019096646766,-10.121336636265378,3.313340735108259,31782.865330350774,-63219.819768591864,-63201.38615276447,0.4115879390934976,0.9149602365869526,-10.181759184494652,2.223000602500909,32219.57184071903,-62202.909441697644,-62175.25901795655,0.44577143379205575,0.9503075526269954,-10.186354269204994,2.1318269422133866,32177.15390971349,-62300.884049827626,-62273.233626086534,-0.6390617893696057,-0.21135621629751733,0.3496652512630503,-11.497707606800647,0.8115997013217644,4.731348892962494,31854.7106302324,-63045.89579783584,-62999.81175826735,1016.9103268942199,1026.1271348079172,918.9357187642381,928.1525266779354,173.9239707560264,201.5743944971182
302,74373,-2.8032853214441955,-0.27734953559206305,-10.107409466037042,3.605558588245991,30603.491439609385,-66037.65257026412,-66019.21887376066,0.38118851824903105,0.8167442816824523,-10.189729943285752,2.1426256106404336,30493.805496253957,-66302.69159942988,-66275.04105467469,0.40786304473116447,0.8261762790207787,-10.19519172223421,2.0256218102950165,30471.859662009778,-66356.2357573261,-66328.5852125709,-4.847622074966506,-0.5366492419167045,0.2971856414439426,-11.045391210840727,0.9166269931644494,1.8634145395014161,30060.444078685457,-67363.22263387381,-67317.13839261516,-265.03902916575316,-255.8221809140232,-318.58318706197315,-309.3663388102432,-1325.570063609688,-1297.9195188544982
303,74463,-2.7813823088310476,-0.2746849089222395,-10.125719391517167,3.6405349093389394,30507.314529718515,-66442.00679730742,-66423.57068203401,0.3746078060156532,0.7789095109429738,-10.197454441087972,2.0792666314871897,30399.540496436373,-66703.53004810459,-66675.87587519447,0.40150212891999176,0.7923915787773981,-10.200916163941711,1.9735675646574211,30377.90452097427,-66756.54575840398,-66728.89158549387,-3.9571252275915123,-0.4313492991091999,0.28880126721092664,-10.670978935501873,0.7251646651501524,2.3183067691663064,30106.3235724132,-67421.24464788397,-67375.15435970045,-261.52325079716684,-252.30519316045684,-314.5389610965649,-305.3209034598549,-979.2378505765519,-951.5836776664364
304,74149,-3.10281734618368,-0.3069203088025681,-10.109521127126266,3.2581747486878347,31618.133736351105,-63196.586788735076,-63178.15912501248,0.4087067508872866,0.8710878176296922,-10.178602490585721,2.131327206459385,32068.7440556539,-62145.30118090196,-62117.65968531807,0.4422829037897201,0.9028567682920308,-10.181806501371032,2.0413557941215084,32022.920955541307,-62251.32862233592,-62223.687126752026,-2.474701457546058,-0.3318557816477663,0.34678123241154035,-11.096138948547237,0.8181878317030139,3.0133571729101467,31781.335251375804,-62808.840504103624,-62762.77134479713,1051.285607833117,1060.4994396944094,945.2581663991587,954.4719982604511,387.746284631452,415.3877802153438
305,74292,-2.848665730983017,-0.28119605007174014,-10.13053252439446,3.556237720070659,30387.350802723242,-66411.32773299853,-66392.89621589192,0.3754752339419718,0.7838227762315293,-10.217366428856497,2.0875485394934623,30507.414393671257,-66116.37066753344,-66088.72339187351,0.40184539706647043,0.7932459271508913,-10.221811173870043,1.9740077476106517,30475.863502825297,-66193.24351112984,-66165.59623546991,-3.2550353045829326,-0.39895348272044073,0.31095309504361923,-11.111442803625701,0.7773146720693651,2.5065578903611967,30088.291670591043,-67140.09899771285,-67094.02020494631,294.9570654650888,304.172824018402,218.08422186868847,227.29998042200168,-728.7712647143198,-701.1239890543948
306,74057,-2.920479698987892,-0.2876877306404262,-10.151561529880214,3.475991130292155,30831.833185966625,-64891.21344386671,-64872.788263174814,0.3615876477380421,0.6808805684530531,-10.246780868299222,1.8830304981721275,30911.742752935723,-64697.52172484404,-64669.88395380619,0.3855384186331968,0.6817540989283681,-10.250241752756112,1.7683168939305953,30871.89058037413,-64793.05941317596,-64765.421642138106,-2.8634529082778317,-0.33649448438530133,0.29777179065898907,-10.77086045461013,0.6051687107364319,2.9718169135127783,30518.877497724876,-65640.76330387303,-65594.70035214328,193.69171902267408,202.90430936862685,98.15403069075546,107.36662103670824,-749.5498600063147,-721.9120889684636
307,73781,-2.929533851576515,-0.2885932492723283,-10.15108239351811,3.465084517816837,31279.197902092008,-63311.01559983834,-63292.59788678861,0.39494213413672413,0.8278154522294479,-10.209510129764753,2.0960423836238964,31353.89790366502,-63133.02418959793,-63105.39762002332,0.42396639603424535,0.8443775127804313,-10.213874331874303,1.9916142427293406,31323.87932245935,-63203.69680140061,-63176.07023182601,-3.42690311133052,-0.4020594404969407,0.322047579186535,-10.932627262691144,0.7735036438925927,2.487194427679678,31056.0145852345,-63833.34487015257,-63787.30058752823,177.99141024041455,187.20026676528505,107.31879843772913,116.52765496259963,-522.3292703142288,-494.70270073962456
308,74278,-2.86108300320136,-0.2827580372683871,-10.118485157278444,3.5365926629729154,31374.617360443568,-64009.93982605691,-63991.508685876994,0.382950191892977,0.7802183269563475,-10.213168394682679,2.0373885259062487,31279.22975539094,-64234.10968883294,-64206.462978563075,0.41038408132399684,0.7921543330459005,-10.218362159709626,1.9302754884892754,31248.491180658482,-64307.13969868215,-64279.49298841228,-2.3836128018764633,-0.3070603152157723,0.31156045243004493,-10.92764201614164,0.6665844956452331,3.25668915990429,30813.451970161477,-65344.49838381593,-65298.42053336615,-224.16986277603428,-214.95429268608132,-297.1998726252423,-287.9843025352893,-1334.5585577590246,-1306.9118474891584
309,74408,-2.9658389070968076,-0.2932425435994075,-10.11394482769314,3.4101463850555023,31201.636883647974,-64663.46489618152,-64645.030258697676,0.38174562658141137,0.7799088196191601,-10.204352437915503,2.04300656068639,31410.181587528627,-64165.79324540922,-64138.141289183455,0.4107446963267293,0.7990142262742834,-10.20715736217671,1.9452819072767842,31378.270611442014,-64241.42601003177,-64213.774053806,-3.396357478326343,-0.39196405722620437,0.31002340222500063,-10.835641485000465,0.731473684614688,2.5512543345853143,31052.429852300887,-65014.13936353956,-64968.05276982995,497.67165077229583,506.88896951422066,422.0388861497486,431.2562048916734,-350.6744673580397,-323.0225111322725
310,74050,-2.8708703298014706,-0.2835972729562575,-10.123053370277924,3.5261269954250993,31211.62028206693,-63971.5027057689,-63953.07771412951,0.37871218181713867,0.7778920950110072,-10.20313031653435,2.0540456113096797,31089.51285270928,-64259.77244139389,-64232.1349539348,0.4030527487725532,0.7765175895704525,-10.208949720361986,1.9265904821025035,31073.068845275644,-64298.949668130714,-64271.31218067162,-4.2072061541301915,-0.4549913539127577,0.293801576319233,-10.667013939476167,0.7605861714000954,2.1978439620893213,30768.836345655076,-65023.536482260075,-64977.474003161595,-288.2697356249919,-279.05723980529,-327.44696236181335,-318.2344665421115,-1052.0337764911746,-1024.3962890320836
311,74349,-3.013098652243461,-0.29801545495174103,-10.110544947178614,3.355530672601978,31038.906365467436,-64941.989873414146,-64923.55682241035,0.40090542975587506,0.8492114598222421,-10.184155612818016,2.1182338696169714,31290.453960447398,-64339.874178965576,-64312.22460245988,0.43066874169247693,0.8670627361614366,-10.188818761581333,2.0132938665434206,31261.278681675816,-64409.22966656161,-64381.58009005591,-4.898853540602069,-0.5532983494917108,0.3214105715372426,-11.171595170661577,0.9816260061445284,1.8073431827849353,30926.783599547685,-65205.049239195905,-65158.96661168641,602.1156944485701,611.3322199504692,532.7602068525375,541.9767323544365,-263.05936578175897,-235.40978927606193
312,74614,-2.9485751228936623,-0.29167790422396034,-10.109010933614103,3.4284393350281532,30961.901454696974,-65624.28774955789,-65605.8475826856,0.3851011768321554,0.8101954537932929,-10.193004908164259,2.1038508904542064,31038.25135574329,-65438.52128647399,-65410.86103616555,0.4146498030984559,0.8321906472545526,-10.196179336197654,2.006972247511123,31010.818721426804,-65504.496770319485,-65476.83652001105,-3.449744028020158,-0.3977614565905455,0.30717630015497005,-10.846021378053228,0.7409984234950485,2.5140696350310208,30716.653207239895,-66211.65603696434,-66165.55561978361,185.766463083899,194.98654652004916,119.79097923840163,129.0110626745518,-587.3682874064543,-559.7080370980111
313,73841,-2.8877782858685928,-0.2849099709768711,-10.135757186620266,3.509880670624826,31064.53611736515,-63931.02916046575,-63912.609821641985,0.3782694388391182,0.7915275386241932,-10.210018421457734,2.0924966633660245,31104.706935655387,-63833.60403831471,-63805.97503007907,0.40570047422463584,0.8051997883588383,-10.214127023297866,1.9847149301408018,31079.326721981804,-63893.87997577654,-63866.250967540895,-3.092434351276213,-0.36894185503753757,0.3090703190039691,-10.91295355420355,0.7223163472181989,2.7104541985301616,30798.149261678365,-64560.96642281384,-64514.91807575444,97.42512215103488,106.63479156291578,37.149184689209505,46.3588541010904,-629.9372623480958,-602.3082541124531
314,74669,-2.8337920312033833,-0.280415868639421,-10.105676418930765,3.5661319912172034,31252.47631148422,-65030.189948982625,-65011.74830839926,0.37770677130223923,0.7936350146275157,-10.191926218158859,2.1011935049278017,31258.974391714168,-65012.66622816093,-64985.00376728589,0.40459992204248196,0.8050701560003176,-10.19682186409488,1.9897931564993907,31235.202394817574,-65069.472523184144,-65041.8100623091,-2.732710030844193,-0.3231470093360466,0.29657613814638195,-10.737604375074675,0.638067402875797,3.0945667795429954,30950.74258868888,-65748.6004364077,-65702.49633494929,17.523720821693132,26.744541113373998,-39.28257420151931,-30.061753909838444,-718.4104874250697,-690.7480265500271
315,74298,-2.868279045770404,-0.2831379875644614,-10.130322216538993,3.5318468164655306,30485.372978535317,-66183.41034996213,-66164.97867133725,0.3948398710708543,0.8341613469389548,-10.195941311950579,2.1126573278342096,30306.346482103843,-66619.01432636156,-66591.36680842424,0.4242778643888539,0.8525404388842315,-10.20064762143314,2.009391746402475,30285.774209670068,-66669.46572956599,-66641.81821162866,-3.952892546638924,-0.44406700300900626,0.314073884737915,-10.848326955491386,0.8098197633051694,2.2519124213778134,29978.708335368083,-67422.6141129945,-67376.53491643228,-435.60397639943403,-426.3881370869931,-486.05537960385846,-476.8395402914175,-1239.2037630323757,-1211.5562450950383
316,74473,-2.8449029409739683,-0.2818241188708563,-10.094604224692434,3.5483123446160483,30778.42453781665,-65802.0334186578,-65783.59703481266,0.38480606046150606,0.793326097973652,-10.18730162984843,2.061625788903114,30755.144006646828,-65856.38545939086,-65828.73088362315,0.410097105907086,0.7936159388642788,-10.193057541432186,1.9351902937936976,30728.145685815314,-65921.790094913,-65894.13551914529,-2.899582400955727,-0.3425188903453278,0.3118290882100655,-10.764642527579184,0.6970234269545447,2.9195470036464246,30403.8124170955,-66708.02482331917,-66661.9338637063,-54.35204073306522,-45.13384881049569,-119.75667625520146,-110.53848433263192,-905.9914046613703,-878.3368288936472
317,74400,-2.859461201981649,-0.2820150551862418,-10.139392026759955,3.5459099846268964,30988.88432436461,-65157.55646469854,-65139.122042256895,0.3801396738913897,0.7788178743973019,-10.205264780682253,2.048767671168727,30929.641909910395,-65297.92538878034,-65270.27375511788,0.4065371594431197,0.788089189681541,-10.209709096670974,1.9385415856230133,30906.40897703533,-65353.83226712872,-65326.180633466254,-5.11412175290007,-0.5450606559595591,0.2885222944835761,-10.779319130185526,0.8707244388423833,1.834658196415841,30612.25924931793,-66061.3205732031,-66015.234517099,-140.36892408180574,-131.15171286098484,-196.2758024301802,-187.0585912093593,-903.7641085045689,-876.1124748421062
318,74440,-2.8246246454414976,-0.2790088533356067,-10.12378142009669,3.584115658140592,30521.75911757038,-66363.24915238841,-66344.8136549669,0.4018847446486738,0.9071454734035027,-10.173331202593454,2.257227937817162,30448.456495289203,-66540.2431013804,-66512.58985524814,0.43442909303203425,0.9400085116429583,-10.177856759645262,2.1637789151787845,30423.49343082456,-66601.29751561138,-66573.64426947912,-1.5093673538879129,-0.24925680365036215,0.32608037040829485,-11.170716681230376,0.7495243138545453,4.011926596807048,30111.398337175746,-67364.87350156439,-67318.7847580106,-176.9939489919925,-167.77620028123783,-238.04836322297342,-228.83061451221874,-1001.6243491759815,-973.9711030437029
319,74188,-2.750303927035602,-0.2708448804566523,-10.154535401955947,3.692150275515532,29630.754106111086,-68084.9748449719,-68066.54612958989,0.3691935820179136,0.7610828671182406,-10.223765550188883,2.061473720529931,29414.184933577977,-68627.20119474125,-68599.55812166823,0.3928530979709243,0.7600361221102419,-10.229799735854945,1.9346573211101248,29397.551433502387,-68669.16581652383,-68641.52274345081,-4.138090837652972,-0.45233898078681267,0.29053972104876535,-10.765223502697774,0.742875153472942,2.2107314259331985,29040.18057340709,-69572.55763254773,-69526.48584409269,-542.2263497693493,-533.0119920783472,-584.1909715519287,-574.9766138609266,-1487.582787575826,-1459.9397145028051
320,74247,-2.9788564444265457,-0.2946355747417772,-10.110308122287194,3.3940232807135193,30821.99785542244,-65271.64007949549,-65253.20977419187,0.3874497116901642,0.8007802121252898,-10.198260768986149,2.06679780101542,31194.54577949517,-64377.59106056316,-64349.94560260773,0.41674504978163135,0.8199020973649402,-10.202345190840614,1.9673949283730128,31151.305376767545,-64480.58013318131,-64452.934675225886,-1.9405066586463724,-0.26854376197923396,0.3190675990424452,-10.937716128145423,0.6724627057070399,3.7237878572555645,30859.391746758385,-65175.6166669861,-65129.54090372706,894.0490189323318,903.2641715841382,791.0599463141771,800.2750989659835,96.02341250939207,123.66887046481133
321,74193,-2.789180464742577,-0.2756257734602035,-10.119447211801821,3.6281077326187927,30164.274776474438,-66770.55591892746,-66752.1270687573,0.3839740260491721,0.8354827776869603,-10.19553764335843,2.1758835780729804,30165.917249179118,-66764.51615133128,-66736.87287607603,0.4130355521210253,0.8560185497187671,-10.20002494035033,2.072505733036612,30137.88310528905,-66833.49811847912,-66805.85484322387,-2.7969171392217076,-0.3593269161750409,0.31661375296739647,-11.127503413578912,0.788611898780175,2.782981054257746,29811.76358134208,-67636.70969860588,-67590.63757318046,6.039767596186721,15.25419268127007,-62.94219955166045,-53.7277744665771,-866.1537796784105,-838.5105044231605
322,74388,-2.8714326620962063,-0.2837036848203733,-10.121238516567916,3.5248044121568216,30657.545942721954,-65934.69922032481,-65916.26512048983,0.39242582579202673,0.8271670639153986,-10.190920083874467,2.107830345380406,30536.854372930622,-66226.12528834153,-66198.47413858907,0.4209591043628035,0.842197281600544,-10.195608534263904,2.000662945336126,30514.85961395393,-66279.72398671371,-66252.07283696125,-6.8465506417191895,-0.7139299474255637,0.26071824129432186,-11.038084137521663,1.1726716512754871,1.4006976505272077,30205.05622723777,-67034.81114916629,-66988.72589957884,-291.4260680167208,-282.20901809923816,-345.0247663889022,-335.80771647141955,-1100.1119288414775,-1072.460779089015
323,74593,-2.82221610851649,-0.2792486188235559,-10.106463983264018,3.581038302760069,30967.440278559527,-65571.4768533318,-65553.03724943579,0.3764837472929811,0.8118910884765993,-10.189225342875401,2.156510325649682,31022.059404712552,-65438.02860637786,-65410.36920053384,0.40294670037112884,0.8220303250483545,-10.194467792236848,2.0400472923372597,30999.44945363066,-65492.414389207355,-65464.75498336333,-3.3103169005140165,-0.3854156229532781,0.3017239095268101,-10.872352352239524,0.7487576667090194,2.5946016208098155,30681.474413727476,-66257.49892235924,-66211.39991261919,133.44824695393618,142.66804890194908,79.06246412444307,88.28226607245597,-686.0220690274436,-658.362663183405
324,74155,-2.815889925810375,-0.2779623856671084,-10.13047113929553,3.5976090707381316,30180.454505097277,-66658.60009013103,-66640.17226457868,0.3682722142695235,0.7432752477225028,-10.217467717201822,2.0182767499763905,30148.83972618701,-66734.3200162321,-66706.67827790357,0.3947159178330511,0.7555799793715602,-10.220031513779766,1.9142374179374748,30120.460829755106,-66804.15448256988,-66776.51274424135,-3.453102709768888,-0.3915543300080916,0.3005036716192897,-10.783194025852127,0.7109742691938362,2.553923998182665,29812.991554012595,-67561.01784900947,-67514.94828512859,-75.71992610106827,-66.50601332489168,-145.55439243884757,-136.340479662671,-902.4177588784369,-874.7760205499071
325,74114,-2.89324503503392,-0.2857866647314204,-10.123792996964937,3.499113581593426,30968.050371316625,-64671.464147212784,-64653.03742775816,0.39125906727755017,0.8335269235698436,-10.191200867639473,2.130370880270383,30918.194620502836,-64788.877109354886,-64761.23703017295,0.42078952105428596,0.853644473918156,-10.194565936654861,2.028673318145742,30895.351044226143,-64843.655681625336,-64816.0156024434,-4.01433240976224,-0.4537342135097479,0.3157748574744969,-10.91032794659045,0.8463545626089511,2.2039334267185833,30637.50860437392,-65460.78223239715,-65414.71543376059,-117.4129621421016,-108.19960241479566,-172.19153441255185,-162.9781746852459,-789.3180851843645,-761.6780060024321
326,74160,-2.9188273769562616,-0.2880143701755974,-10.134311614995818,3.4720489793280707,31127.0695408292,-64377.78726084082,-64359.359300440345,0.3895755555391516,0.8019065364388576,-10.21465620551044,2.0584108141206707,31226.68035027907,-64138.844208472445,-64111.202267871726,0.4171865987999812,0.812821060790642,-10.219766010463148,1.948339335752121,31196.20307774391,-64211.25979028089,-64183.61784968017,-2.2349080346196,-0.3005357032402514,0.32478114740317443,-11.009485184128845,0.7091433431610776,3.3273916849759093,30877.166745082926,-64969.581630840265,-64923.51172983907,238.9430523683768,248.1570325686189,166.5274705599295,175.74145076017157,-591.794369999443,-564.152429398724
327,74093,-2.823110245464313,-0.27877381190747885,-10.126884681697662,3.5871375189714234,30383.195822726564,-66044.82481700052,-66026.39866432076,0.3881277151246116,0.85862362721352,-10.198336483678856,2.2122193127534113,30325.710158814745,-66183.1431607545,-66155.50393173484,0.41659553435881697,0.874566199171594,-10.204377798242554,2.0993172682891106,30300.700050469542,-66244.27407899105,-66216.6348499714,-5.058807438162152,-0.5961943411147772,0.3151155958092525,-11.550662957778558,1.002883692022515,1.6773054204610163,29888.871165312245,-67254.20766107038,-67208.14227937095,-138.3183437539701,-129.10526741408103,-199.44926199052134,-190.23618565063225,-1209.3828440698562,-1181.743615050189
328,73821,-2.917712280334169,-0.28820274471035545,-10.123818505845522,3.4697795852187414,30720.882893828802,-64714.91470281556,-64696.49590576965,0.3848405225473261,0.7806008285020544,-10.20548552708184,2.028374827409344,30773.118366277955,-64587.50163291929,-64559.87343735042,0.4103023120208875,0.7819056978267619,-10.211348225146763,1.9056819201812272,30741.754743301884,-64662.7775489799,-64635.149353411034,-2.1469107762409902,-0.2870388449407424,0.3172435103645554,-10.936407713536228,0.6755634041377327,3.4838490247075953,30449.730640864127,-65363.374758518745,-65317.32776590396,127.41306989626901,136.62246841922752,52.13715383565432,61.346552358612826,-648.4600557031881,-620.8318601343126
329,74243,-2.827297323840361,-0.27911431031377226,-10.129531949336437,3.582761481759315,30909.325909193096,-65054.06804535488,-65035.63784780262,0.3944115515035657,0.8730696333167528,-10.197942301289855,2.213600565167168,30865.788013037894,-65156.718101152816,-65129.072804824435,0.42304859158326347,0.8896988755140081,-10.204463587999589,2.103065447362208,30844.86875391602,-65207.05328459907,-65179.40798827069,-7.84420493940283,-0.8638785174927444,0.2961242778731189,-11.859862622381147,1.2236341098420367,1.1575701672757466,30437.37844352116,-66190.41097426506,-66144.33548038443,-102.65005579793797,-93.43495702181099,-152.98523924418987,-143.7701404680629,-1136.3429289101841,-1108.6976325818032
330,74276,-2.861532163072857,-0.2828261199107879,-10.117637522218503,3.535741325148579,30622.591942222334,-65808.23861574578,-65789.80752941834,0.38276814289137717,0.7962627472347134,-10.207069468033394,2.080274343679324,30704.258873405393,-65608.41673232913,-65580.77010283797,0.41007730468413867,0.808776323067675,-10.211504535175841,1.9722533137761271,30672.40996000215,-65685.50172730294,-65657.85509781177,-3.7435949716542782,-0.4353427197571093,0.3104994409950785,-11.002587482627446,0.7946008815873369,2.297040824658627,30313.56343014599,-66555.60411450629,-66509.5263986877,199.82188341664732,209.03742658036936,122.73688844284334,131.95243160656537,-747.3654987605114,-719.7188692693599
331,74213,-2.823929577448831,-0.2786244936267748,-10.135252434883068,3.5890599099285487,30694.973789188083,-65514.23579378927,-65495.806404557334,0.372829842967886,0.7644487568821406,-10.218632556841683,2.05039583418752,30770.989707469795,-65328.67494487022,-65301.03086102232,0.39715858931287984,0.7646655101339692,-10.224519518886963,1.9253404828960379,30742.613566283224,-65397.14366083478,-65369.499576986884,-3.2736497942161034,-0.37877008285375013,0.30069272373827977,-10.838966392313703,0.7014456421485852,2.6401240363698886,30420.908064456886,-66173.83613699122,-66127.76266391139,185.56084891904902,194.77554353501182,117.09213295448717,126.30682757044997,-659.6003432019497,-631.956259354054
332,74258,-2.936322985558779,-0.2899740333620439,-10.126158371886579,3.4485846487897795,31294.599171011323,-64162.33659523299,-64143.90599364306,0.3921003130833424,0.8373658251005869,-10.195779507140879,2.1355908096982357,31432.694263017478,-63833.37583069699,-63805.72992831208,0.42221817508259407,0.8599883553561971,-10.199750001122478,2.0368340495715676,31402.268323833945,-63905.29023870995,-63877.644336325044,-3.1151283194245862,-0.37555725288209657,0.31920444356789524,-10.95912861479731,0.7698700860385899,2.6627098593511724,31122.340308461185,-64566.21350358563,-64520.13699961079,328.9607645360011,338.1760653309757,257.0463565230384,266.261657318013,-403.8769083526422,-376.2310059677329
333,74011,-2.9826839857169136,-0.2937290197094464,-10.15454308419152,3.4044984761437234,31398.72326232778,-63456.47284885516,-63438.04891083559,0.3913451071764133,0.8276900379092923,-10.21261280034749,2.1149875716631366,31694.354343048723,-62760.89083086571,-62733.25492383635,0.41992072265709146,0.8417685195657275,-10.217537981207917,2.0045891382529324,31650.994862445506,-62862.210945455314,-62834.57503842595,-2.2015723931151316,-0.30513688901758623,0.33332454624293606,-11.113628649112854,0.7689953406446338,3.2772176553925805,31436.9963749775,-63360.31293003921,-63314.25308499027,695.5820179894508,704.7939869992406,594.261903399849,603.4738724096387,96.15991881595255,123.79582584532181
334,74650,-2.9551617909802106,-0.29185639789420714,-10.125396641300991,3.426342568520573,31464.14182268833,-64490.76191202522,-64472.320780419286,0.39052044994560275,0.8365493685974394,-10.193894796824148,2.1421397233204202,31870.23394070425,-63531.45581435251,-63503.7941169436,0.42103125289223287,0.8614276811189627,-10.19754375027314,2.0459946267681315,31826.63922292224,-63633.63810459448,-63605.976407185575,-2.9084894763475444,-0.36598044387600687,0.3293775294955121,-11.07161426467872,0.8111983773877588,2.732386434119953,31553.980086453263,-64271.920566390545,-64225.817737375706,959.3060976727138,968.5266634756845,857.1238074307403,866.3443732337109,218.84134563467524,246.50304304357996
335,73935,-3.1111856842694707,-0.3071930491159133,-10.127786723115358,3.255281989218023,31467.613638400217,-63153.30654194142,-63134.8846587258,0.4068096280723858,0.8822223972895171,-10.192454493607668,2.1686369653289983,32023.590136607905,-61856.41305495398,-61828.78023013056,0.4394487525285743,0.9105468884684088,-10.19696424525889,2.0720206468425513,31975.51550507858,-61967.48956188404,-61939.85673706062,-1.52903323407776,-0.28516664629459665,0.35120158498238624,-11.476537338012667,0.8477837278016811,3.5067214661806263,31634.270679560294,-62756.7693299121,-62710.71462187306,1296.8934869874429,1306.1044285952448,1185.8169800573814,1195.0279216651834,396.53721202931774,424.1700368527381
336,74473,-2.8720131798264528,-0.28392601809435825,-10.115357511448583,3.522044251920816,31132.058621195032,-64951.24123682907,-64932.80485298392,0.3809364012792515,0.7699865754944155,-10.209088217695303,2.0212995474012594,31147.91621278326,-64911.31692979398,-64883.662354026266,0.40676042089061,0.7755075172906752,-10.213367933009614,1.9065461570540374,31120.051288680734,-64977.97028992371,-64950.31571415599,-4.4572993866181125,-0.4976597595311466,0.30592898257683543,-10.96133707667291,0.8349574786247101,2.009404981713041,30664.64252168358,-66071.85616577021,-66025.76520615735,39.9243070350858,49.142498957655334,-26.72905309464113,-17.5108611720716,-1120.6149289411405,-1092.9603531734247
337,74460,-2.9750409930921924,-0.2942445727001898,-10.11077609959354,3.3985333725047666,31127.134385520643,-64938.68224682945,-64920.246212134596,0.40619225216934174,0.9006866814794572,-10.1747957800452,2.21739010694857,31283.455912025456,-64563.67743628935,-64536.02338424707,0.44052583240127935,0.9385588573049891,-10.178386840815728,2.1305421572872634,31251.76347088227,-64639.149127053046,-64611.49507501077,-2.136397602515721,-0.31334946262348173,0.3364918936356635,-11.237792966354537,0.8105541436127068,3.1913250835907516,30920.91947947806,-65427.61536660722,-65381.52527987009,375.00481054010015,384.22282788752636,299.5331197764026,308.7511371238288,-488.93311977777194,-461.2790677354933
338,74222,-2.971719921506921,-0.29293998971050544,-10.144466532014592,3.41366844789009,30486.998337660774,-66035.78850167672,-66017.35886991439,0.37315163804279255,0.7453549894257645,-10.229406330051408,1.9974587096420253,30805.728610814112,-65261.85314318724,-65234.20869554374,0.39792335916437677,0.7460670251146319,-10.234599285044952,1.8749013043148384,30766.283806378553,-65356.95065780118,-65329.30621015768,-2.2757062484079773,-0.2966368751812217,0.31342576098616,-10.93417415666954,0.6665151249822997,3.371125047717277,30437.552247331892,-66150.26500866587,-66104.19092926003,773.9353584894852,783.1501743706467,678.8378438755462,688.0526597567077,-114.47650698914367,-86.83205934564467
339,74048,-2.9234302753977905,-0.28830596453553964,-10.140027037274207,3.468537328428144,30915.25124856945,-64674.25497954722,-64655.830041926114,0.39273017930336956,0.8462432780956524,-10.198117250982285,2.154770177318002,31157.666420997597,-64093.88841905933,-64066.25101262767,0.420174041164704,0.8550195217439301,-10.20463597928781,2.0349175293501083,31124.527585504773,-64172.68669395257,-64145.04928752091,-2.3396401641949387,-0.32569827069625346,0.3323641639856846,-11.192421315534885,0.7963276540892683,3.0703264032144677,30824.82613863316,-64885.157957697156,-64839.09561364439,580.3665604878915,589.5790292984457,501.56828559465066,510.7807544052048,-210.90297814993392,-183.2655717182788
340,73498,-2.9657105987795203,-0.29293407993377374,-10.124156941554924,3.4137373166894034,30517.15353402899,-64598.4825607071,-64580.07253375921,0.3970745877690196,0.8458440113789748,-10.18936011995224,2.130189232535341,30636.473005772117,-64309.6719769659,-64282.05693654406,0.42761751685660615,0.8681777659083129,-10.193189083365223,2.0302670767330624,30607.45121541539,-64379.32929348915,-64351.71425306731,-3.5379963341351326,-0.4183726966232712,0.32274553068907563,-11.004313321401664,0.819207091110909,2.3902133386597697,30272.221003832725,-65184.762006250756,-65138.736938881026,288.8105837412004,298.01559721514786,219.15326721795282,228.3582806919003,-586.2794455436524,-558.6644051218173
341,74484,-2.9600424200877997,-0.2921383854423215,-10.132329634142573,3.4230352799613026,31544.140258487343,-63992.39167507901,-63973.95499584661,0.3974905962902922,0.8446292441398966,-10.194284872632817,2.1249037135033344,31639.436865829382,-63765.71057259638,-63738.05555374777,0.4270220712465892,0.8630676532991878,-10.199455832512298,2.021131251552566,31612.731367643053,-63828.60588514162,-63800.95086629301,-5.9916290358363895,-0.639299705941315,0.28861086662828045,-11.030673698091645,1.0265198652095564,1.5642115751134034,31295.53980067409,-64575.72800154604,-64529.636303465035,226.6811024826311,235.89944209883834,163.7857899373921,173.00412955359934,-583.3363264670334,-555.6813076184262
342,73957,-2.877050172623106,-0.2843945345457963,-10.116404582872926,3.5162419755959453,30513.87607440634,-65470.302927158984,-65451.88044891456,0.3843713969526438,0.8109315687425706,-10.191383094014508,2.109760443081255,30538.93288131449,-65407.59723959936,-65379.96352223272,0.4133386443438344,0.8304482033292528,-10.195225555656036,2.009123063360239,30511.499968192315,-65474.06216040768,-65446.42844304104,-4.589338272972127,-0.5054233066451339,0.30266461181787735,-10.90580552791023,0.8735286395891858,1.9785395466578999,30193.91134421544,-66243.90144910598,-66197.84525349492,62.705687559624494,71.9169266818426,-3.759233248696546,5.452005873521557,-773.5985219469949,-745.9648045803551
343,73873,-2.893197442474832,-0.2856038394533842,-10.130106962189684,3.5013534899036904,30567.829384450597,-65181.48156680948,-65163.061361446315,0.39645167570209644,0.887821490817401,-10.192258859722138,2.2394191908638366,30558.612968237634,-65201.75815592066,-65174.127847875905,0.4290851692655363,0.9222293001801422,-10.196329556687594,2.149291950031084,30535.05573351498,-65258.72784603403,-65231.09753798928,-3.7459552848162434,-0.46063071431498614,0.3218352603732121,-11.32182133084665,0.8943182076828343,2.170936433292603,30194.96733698744,-66082.11474544687,-66036.06423203896,-20.2765891111776,-11.06648642959044,-77.24627922454965,-68.0361765429625,-900.6331786373921,-873.0028705926452
344,74416,-2.9639188791425743,-0.29291354009913223,-10.118749983833045,3.4139766965418015,30428.846254521086,-66544.73482659379,-66526.29997409086,0.3929308637233229,0.8808136879040916,-10.18271239520845,2.2416505528675015,30766.53425837898,-65721.44258667727,-65693.79030792287,0.4256990055235191,0.9153523254948813,-10.186676803978402,2.150233647760565,30726.916821271217,-65817.3282966494,-65789.676017895,-1.9011469300339126,-0.3490618565087692,0.3399305901214799,-11.73930147143281,0.89921570823932,2.864821753948581,30354.49164328235,-66720.79707263851,-66674.7099413812,823.2922399165254,832.5096661679854,727.4065299443901,736.62395619585,-176.06224604471936,-148.4099672903394
345,74571,-2.855010235308721,-0.2821556926760379,-10.118563294722364,3.5441425636879416,31185.063481277295,-65007.92591613695,-64989.48690219562,0.38133719264226135,0.7883949487628722,-10.203452602304091,2.067448347485157,31141.60810568778,-65109.91065511507,-65082.25213420307,0.40892414917006037,0.8017652683309064,-10.207526964500412,1.9606698943022662,31113.582219207135,-65177.051033644864,-65149.39251273286,-3.978063374355573,-0.44282430877548873,0.30258712790179476,-10.81177077001905,0.7771826717237683,2.258231944775639,30744.462696087725,-66063.02221554736,-66016.92468069402,-101.98473897812073,-92.7652320074485,-169.125117507916,-159.90561053724377,-1055.096299410412,-1027.4377784984026
346,74342,-2.7507883279599277,-0.2719575589364098,-10.114770623467493,3.6770443296772783,29569.965484931712,-68533.14627591344,-68514.71341321964,0.3798197835155467,0.8208151713629614,-10.1952077209984,2.1610648180714476,29368.49826359815,-69039.3894010687,-69011.74010702799,0.4079247837614196,0.8371888746819159,-10.199536188785398,2.0523118673062957,29350.293258789567,-69085.48696117697,-69057.83766713625,-4.341137547882128,-0.48196982017708423,0.2958117480485059,-10.934559840077721,0.8527920638318892,2.0748187088406955,28972.04974622573,-70045.7751570638,-69999.69300032928,-506.24312515526253,-497.0266938083514,-552.3406852635235,-543.1242539166124,-1512.6288811503618,-1484.979587109643
347,73594,-2.915159864851671,-0.28726399944551795,-10.148016704072086,3.4811184204432775,31162.933094092557,-63237.83772906161,-63219.4250915023,0.37195284785776495,0.7269393722246351,-10.232010033873213,1.9543858217819514,31431.210399247437,-62604.98890553784,-62577.369949198874,0.3979354767317825,0.734589394555953,-10.234636890379134,1.846001267816297,31386.2319013843,-62710.378364777,-62682.75940843804,-2.4056307300718185,-0.3043450545756967,0.310435952320014,-10.885441459781104,0.6515482767741666,3.2857442069960756,31115.15812905293,-63344.74907228874,-63298.71747839046,632.8488235237746,642.0551423034267,527.4593642846085,536.6656830642605,-106.91134322712605,-79.29238688816258
348,74332,-2.9364008445896954,-0.28998943317464143,-10.125889114108842,3.448401512608793,30957.036859176562,-65106.46201823932,-65088.02942459053,0.38715255782375607,0.8133171753599043,-10.20966833272159,2.100766633008148,31351.704844753083,-64162.801113468595,-64135.15222299541,0.4162402513695302,0.8309468494696919,-10.213653329603456,1.996315461408832,31305.891521371013,-64271.499715329715,-64243.850824856534,-1.828379145141296,-0.2834025410910332,0.3314199817834822,-11.224054695472862,0.7650563897118587,3.5285498716780554,30966.78513762292,-65077.05877806147,-65030.977293939504,943.6609047707243,952.8772015951181,834.9623029096037,844.1785997339975,29.403240177845873,57.052130651027255
349,74098,-2.7936564461234115,-0.27643377207173386,-10.106060577136953,3.617503000829083,30217.691966167426,-66459.01335033466,-66440.58706269393,0.37453074032411826,0.7778719765688357,-10.199751566087658,2.076924248983319,30096.403911850077,-66755.02708103554,-66727.38764957445,0.4001342540971601,0.7838692360828032,-10.204126132887819,1.959015575538467,30074.212730623844,-66809.68240327775,-66782.04297181666,-3.3436954539051533,-0.38746792790405904,0.3000435117709957,-10.860166657336258,0.7283467492475083,2.5808587704518606,29703.87271132722,-67723.80501067401,-67677.73929157217,-296.0137307008845,-286.8005868805194,-350.66905294309254,-341.45590912272746,-1264.7916603393533,-1237.1522288782435
350,73871,-2.9541961308128633,-0.2919882099524871,-10.117518550812637,3.4247958167993224,30037.434316281284,-66470.7336732301,-66452.31352201465,0.4117771066504118,0.9117045805340157,-10.179311558559776,2.2140730162253277,30144.10087956292,-66206.87348898464,-66179.24326216146,0.44498472186771904,0.9425259046300687,-10.184536931951508,2.1181084615086045,30115.499689448014,-66276.99671096694,-66249.36648414376,-4.204632873335776,-0.5010326357608297,0.33524177878538214,-11.301649499146471,0.9722902428541151,1.9958779700677118,29791.196435990867,-67072.80178156079,-67026.75140352215,263.86018424546637,273.0702598531934,193.7369622631668,202.94703787089384,-602.0681083306845,-574.4378815075033
351,74710,-2.78884095127345,-0.2752695496510141,-10.131309310489062,3.632802833687188,31327.509159349065,-64927.7574841962,-64909.31474573426,0.36554297110833195,0.7373708980473186,-10.215102106590775,2.017193480185376,31213.364098219834,-65198.46832246014,-65170.80421476723,0.3898712491239755,0.7401937309332789,-10.21905602435721,1.8985594156954724,31189.156040985472,-65256.4334188271,-65228.769311134194,-3.7673788908502432,-0.416993066105932,0.2897573860668559,-10.731859081113203,0.6967586889362493,2.398121410838909,30859.06375308884,-66047.34510414461,-66001.23825798977,-270.7108382639417,-261.48946903297474,-328.6759346309045,-319.45456539993756,-1119.5876199484119,-1091.923512255511
352,73810,-2.985710589768287,-0.29507179370250003,-10.118590300700065,3.389005731290701,30674.40009401862,-64806.03597565342,-64787.617476647894,0.4086566568408699,0.8917445846126738,-10.186395902335073,2.1821364455587897,30807.73906972607,-64483.88559178829,-64456.25784328,0.4393851393709842,0.911069025335639,-10.191995400309915,2.073508964458627,30776.906454693806,-64557.79217958449,-64530.1644310762,-2.4162886504456322,-0.353327052973965,0.34442380574282483,-11.387202059470692,0.8620955894227064,2.830238985616777,30392.387272496304,-65481.76544700128,-65435.71919948746,322.15038386513334,331.3596333678943,248.2437960689349,257.45304557169584,-675.729471347855,-648.1017228395649
353,74014,-2.8117113485501823,-0.27782525500981836,-10.120431090581798,3.5993848002214914,29940.503927971662,-66981.78261346783,-66963.35859438087,0.3784971147848062,0.7861812761262781,-10.207064217660891,2.077112996153907,29856.205101578125,-67188.46625413332,-67160.83022550288,0.4035151014016259,0.7878342437563979,-10.21264115124538,1.9524281520563271,29832.210914492865,-67247.97213407191,-67220.33610544147,-3.5325520493759486,-0.4089019473153826,0.30703476764960036,-10.917131589674549,0.7673399431870729,2.4455740711567424,29488.985796590703,-68100.45341774264,-68054.39337002524,-206.6836406654911,-197.47163112201088,-266.189520604079,-256.9775110605988,-1118.6708042748069,-1091.0347756443662
354,74097,-2.905348049366825,-0.2869555503321904,-10.124732022097103,3.484860281818431,31320.149955898527,-63801.91861263754,-63783.49235198827,0.3908364824171285,0.8195289819514722,-10.195867185178427,2.0968589648619664,31359.14146207557,-63707.73014207495,-63680.090751101045,0.42051360459462783,0.8405830334665914,-10.199081447655589,1.9989437304339,31333.553826042946,-63768.2146104384,-63740.575219464496,-3.5351764887082413,-0.40743658787813153,0.31270961178984924,-10.873751717282007,0.7662802670806192,2.454369660829553,31037.27729676918,-64468.177239116216,-64422.11158749304,94.18847056259256,103.40160088722769,33.70400219914154,42.91713252377667,-666.2586264786732,-638.6192355047679
355,74238,-2.9180428724899152,-0.2880884804146346,-10.128981444485698,3.4711558010259167,31007.733995882045,-64808.70575902761,-64790.27569617273,0.38948965484699943,0.834516141759697,-10.198970166298992,2.1425887218686572,31256.821866728766,-64212.72789322525,-64185.08279894292,0.4204940882924593,0.862256255626797,-10.202271000403075,2.0505787825180697,31221.772768956118,-64296.01962565175,-64268.37453136942,-3.734368762249913,-0.44627513504906574,0.3189291564884448,-11.151955959129483,0.8470379331638113,2.2407701470754247,30884.747764742144,-65097.74204080986,-65051.66688367265,595.977865802357,605.1928972298047,512.686133375857,521.9011648033047,-289.03628178225335,-261.39118749992485
356,74233,-2.850073824205643,-0.28117685755577704,-10.13623186837229,3.556480461062234,30382.113834270684,-66312.40098128245,-66293.97105313401,0.3781087427180367,0.7906447920739647,-10.215074453130098,2.091051337216935,30342.407048015262,-66407.48052151965,-66379.83562929698,0.40562897881813087,0.8052759444132063,-10.217923285773137,1.9852525003502337,30318.116075683836,-66466.93242706238,-66439.2875348397,-5.132411972069399,-0.5587558582215895,0.2937835613118523,-11.01698463744628,0.9191155901281249,1.7896904082273146,29959.035507166573,-67347.37843904195,-67301.30361867083,-95.07954023720231,-85.86457616297412,-154.53144577992498,-145.3164817056968,-1034.9774577594944,-1007.3325655368244
357,74421,-2.883675556911432,-0.2849237622441928,-10.120867189869509,3.5097107806085823,30153.159571060438,-67231.53689901576,-67213.10191213764,0.3846905342388923,0.8190484149393401,-10.194043573600885,2.1291098741481176,30266.30521260051,-66950.80481615564,-66923.15233583846,0.41389307441575957,0.8382143075201551,-10.19848027045861,2.02519529640199,30229.626804189073,-67041.04705479399,-67013.39457447681,-1.6082645966396107,-0.24398150744487784,0.31735203862810873,-11.015372877493673,0.6862718555176648,4.098671290593315,29922.834056848646,-67796.18544074219,-67750.0979735469,280.7320828601223,289.94957629918645,190.48984422176727,199.7073376608314,-564.6485417264339,-536.9960614092561
358,74426,-2.7417796010157836,-0.2707790630517418,-10.125522889825017,3.6930477147301266,30841.402806425034,-65561.38441268148,-65542.9492914372,0.3795187402433757,0.8037677390380976,-10.195222326811056,2.1178604738270947,30640.558175049155,-66045.64462524439,-66017.99194337797,0.4046883210078502,0.8070461864959185,-10.200812378625741,1.9942413571165631,30622.66287498665,-66089.12505665184,-66061.47237478543,-3.991067540144551,-0.44551739194269024,0.2986067915330178,-10.841704821298412,0.7867643711848145,2.2445812847832354,30295.634542006417,-66884.21648096871,-66838.12867785801,-484.2602125629055,-475.04265194077743,-527.7406439703627,-518.5230833482346,-1322.832068287229,-1295.1793864208157
359,74424,-2.9196171745528043,-0.28841083453420996,-10.123118915653958,3.467276122323985,30680.447532632432,-65947.04394762161,-65928.60888012272,0.39507930272608377,0.8613583474802501,-10.194573711787621,2.180216330080563,30783.42994332148,-65695.64965556301,-65667.99705431466,0.4267084408376567,0.8909980614979,-10.198137851930472,2.088072267210867,30758.90122162158,-65754.97550968334,-65727.32290843499,-2.7458465842672926,-0.35184488866288316,0.3240485052922793,-11.08173056225923,0.7796046716237155,2.842161509863912,30455.205862701667,-66489.44609796646,-66443.35842921921,251.39429205859778,260.61182580805325,192.06843793827284,201.2859716877283,-542.4021503448457,-514.7495490964939
360,74289,-2.9045753962176546,-0.2870389325673643,-10.119099072165023,3.483847961165732,30313.78357770193,-66585.71624594723,-66567.28480960465,0.3947444598963109,0.8426171814057465,-10.18745600701871,2.1345889987337126,30384.09923770598,-66411.59550102177,-66383.9483465079,0.4240708314020712,0.8608138926993482,-10.192371520068688,2.0298823426579675,30357.046266381414,-66477.76937057721,-66450.12221606333,-3.3540811400180606,-0.39656233784815503,0.3164984316983116,-10.943563067017717,0.7822595306630422,2.521671637872236,30074.072803971132,-67169.50261264363,-67123.42402178716,174.12074492545798,183.33646309675532,107.94687537002028,117.16259354131762,-583.7863666963967,-556.1392121825047
361,74171,-2.950367666728425,-0.29091093992577977,-10.141824392995167,3.437478151406511,30689.617511882563,-65448.11236274755,-65429.6841057132,0.38797868837714244,0.7805610912566681,-10.20914462113208,2.01186589531925,30655.671198089545,-65528.199589013384,-65500.557203461845,0.41490293019635693,0.7881545353820631,-10.213571280868534,1.8996118803235764,30625.59948817359,-65600.99341166853,-65573.35102611699,-2.8657549530213817,-0.3382635252008501,0.3145501084606666,-10.753853172199726,0.6599813494739218,2.956274991240134,30382.94010005302,-66187.02177527343,-66140.95113268754,-80.0872262658304,-70.87309774864843,-152.88104892097908,-143.66692040378985,-738.909412525878,-711.2670269743394
362,74067,-2.8490328568417858,-0.2815830343586891,-10.1179137561697,3.551350322925242,29781.55431728047,-67477.02678024865,-67458.60132951273,0.3850030502915763,0.833601309852079,-10.200237046300924,2.1651810530352,29826.356685693267,-67363.68660441366,-67336.04842830978,0.41375426422176903,0.8510721540947461,-10.20497943719272,2.0569507741401263,29797.54970421512,-67435.2567846433,-67407.61860853941,-2.9038751436765917,-0.377848721226458,0.3165783347084464,-11.226345403924027,0.8036920148290536,2.646561821763226,29350.327648013263,-68551.33171485714,-68505.26808801734,113.34017583499372,122.55290120295831,41.76999560535478,50.982720973319374,-1074.304934608488,-1046.6667585046089
363,74495,-2.8146590913206784,-0.27799528095420634,-10.124844859450446,3.597183364291454,30831.80473147758,-65714.38876057783,-65695.95178600178,0.37857963398541017,0.7914090369793356,-10.196897430581032,2.0904691270577835,30717.341431868208,-65989.46663626275,-65961.81117439868,0.4047352035229106,0.7985171977031192,-10.202164312651252,1.9729373445962628,30693.71339423054,-66046.79086740184,-66019.13540553777,-3.477806566192916,-0.40241112442239796,0.3074354926066964,-10.884098509313805,0.7633314418482658,2.4850207643622007,30373.8212577144,-66823.2573728441,-66777.16493640399,-275.0778756849177,-265.8593883969006,-332.40210682401084,-323.1836195359938,-1108.8686122662766,-1081.2131504022109
364,74100,-2.8082514217164727,-0.2772249905660996,-10.129863891353953,3.6071784075381434,30317.17096134084,-66219.26498919954,-66200.83864757697,0.37628271016124354,0.7734740375033532,-10.211925999785494,2.055566244784158,30158.226481892005,-66606.77257556842,-66579.13306313456,0.40392949613709084,0.7887687633776688,-10.214912052087508,1.9527387103960494,30134.8469389836,-66664.23934971177,-66636.59983727791,-3.846228548184245,-0.42638201710397067,0.2959729926967918,-10.76373338242015,0.7293688362222804,2.34531467061416,29848.902608913264,-67366.71853848515,-67320.65268442873,-387.5075863688835,-378.29441555759695,-444.97436051223485,-435.7611897009483,-1147.4535492856085,-1119.8140368517634
365,74493,-2.7941015484189835,-0.276110656575264,-10.119499127906167,3.6217363444189035,30831.522054676625,-65711.30739804967,-65692.87047716923,0.3774325033461599,0.773216349907483,-10.203264180532265,2.0486215231928036,30565.678148239822,-66354.40632168972,-66326.75094036905,0.40351826346459974,0.7810922454244769,-10.207780342735443,1.9357048147413067,30545.851290106046,-66402.7429353649,-66375.08755404424,-5.207983522818123,-0.5552171353828719,0.28586712575275625,-10.819549826713159,0.9095339663229209,1.8010971496951558,30179.117264506946,-67298.51943786145,-67252.42713566034,-643.0989236400492,-633.880463199821,-691.4355373152357,-682.2170768750075,-1587.212039811784,-1559.556658491114
366,73570,-2.9638134013407216,-0.292083419712949,-10.147147017976817,3.423679443984772,30188.87115468333,-65529.50617705636,-65511.09419183051,0.3929311145237248,0.847840063073332,-10.20632715113819,2.157732059730129,30439.93325351295,-64918.200274747505,-64890.582296908724,0.4241387444628804,0.8746724962794366,-10.209860629828079,2.0622320118080744,30402.577573110488,-65008.54032532074,-64980.92234748196,-2.2508956979388164,-0.30849619506209247,0.3315082457514395,-11.104721788872123,0.7696846068563555,3.241531065881462,30117.338751694748,-65698.03683862997,-65652.00687556533,611.3059023088572,620.5118949217867,520.965851735622,530.1718443485515,-168.53066157360445,-140.91268373482308
367,74504,-2.992269974982392,-0.29570485055976714,-10.119110218577905,3.3817504112868195,31174.194793451854,-64908.515416192604,-64890.0782000042,0.40493017022634503,0.8737444550587411,-10.187380428447575,2.1577657564274393,31310.076880471373,-64582.47307084527,-64554.81724656266,0.4366364123623316,0.8990781090896124,-10.191516649749081,2.0591001658000416,31280.70024629984,-64652.40915451439,-64624.75333023178,-10.161456933372346,-1.0877921074999852,0.2757604750588362,-12.245844297646586,1.4864751387094923,0.9192933034771201,30919.93947634608,-65512.65820143673,-65466.56516096572,326.04234534733405,335.26095344153873,256.10626167821465,265.32486977241933,-604.1427852441266,-576.4869609615198
368,73796,-2.9511160453913643,-0.29106991732062176,-10.138856232747084,3.4356006598183475,30347.29997259019,-65570.90266666087,-65552.48454704371,0.3925910209289835,0.8354807418717067,-10.201612973458115,2.1281198431250883,30621.862121659393,-64904.247794443254,-64876.62061501752,0.4221428568097788,0.8543858746450916,-10.206546595709684,2.0239259313822413,30587.483390124624,-64987.144061929954,-64959.51688250422,-2.404484515996571,-0.3148421261767785,0.32908151901647387,-11.004673469676435,0.7523413539563624,3.1761950414428246,30363.756278684763,-65524.896457931085,-65478.851158888196,666.6548722176158,675.8639320261937,583.758604730916,592.9676645394939,46.0062087297847,73.63338815551833
369,74345,-2.8735059434685333,-0.2839062761930928,-10.121318845076111,3.5222891632021245,30628.843809774593,-65923.23146788578,-65904.79852448552,0.37477906843708286,0.7743457101783495,-10.220083579161956,2.066139161419964,30775.12749060829,-65567.00418923773,-65539.35477413733,0.40061040550646365,0.781758963022726,-10.224905782959304,1.9514195145141149,30746.10159912025,-65637.15656085723,-65609.50714575683,-3.2692038889048978,-0.3858640083591852,0.2979647527023317,-10.940131976241581,0.7069818184126332,2.5915866168817185,30275.401254427612,-66780.12638547568,-66734.04402697503,356.2272786480462,365.4437503481895,286.07490702855284,295.29137872869615,-856.8949175899033,-829.2455024895025
370,74452,-3.0333579962985646,-0.2993673098188699,-10.132562563807909,3.340378081377833,30679.514978152707,-66002.12455246737,-65983.68873266454,0.3942939212785447,0.8357035990428763,-10.203840430356589,2.1194939965927158,31037.53009086118,-65136.33594650651,-65108.682216802255,0.4243200246006261,0.8566045223439783,-10.208058699665038,2.018769967668206,31002.930930769257,-65219.377783778524,-65191.72405407427,-3.2312047230514813,-0.3891462856806071,0.326931980849489,-10.999950609552721,0.7999908952365573,2.569727726556673,30722.34860059152,-65892.24987540551,-65846.16032589843,865.7886059608645,875.006515862282,782.7467686888485,791.964678590266,109.87467706185998,137.5284067661123
371,74303,-2.8079803610329273,-0.2779799801641857,-10.101376219159473,3.5973813632527114,30724.57082414148,-65612.13526989352,-65593.70345668004,0.3735964977585212,0.7832354719422753,-10.201126700919183,2.0964743423492407,30736.77481039908,-65580.62752666225,-65552.97980684204,0.39926901463972714,0.7905243315335634,-10.206209028422297,1.9799290767576294,30712.58630663468,-65639.12377317688,-65611.47605335666,-2.7495173825981776,-0.33642728353674617,0.29762769751594537,-10.897768460925114,0.6749924676846157,2.9724105295127625,30317.280599057627,-66597.6954535828,-66551.61592054908,31.50774323126825,40.72364983800799,-26.988503283355385,-17.77259667661565,-985.5601836892747,-957.912463869041
372,74046,-2.7730783269419,-0.2730269919937739,-10.156791849375601,3.662641531145038,30403.301821972593,-65906.9589139812,-65888.53403037984,0.37856412002403217,0.8086213843611534,-10.213523219204886,2.1360222524781802,30230.586211882586,-66326.8000681309,-66299.16274272886,0.4058590375304765,0.8228357828066761,-10.21807227056408,2.027393027424918,30207.74700096519,-66382.76297121542,-66355.12564581337,-3.46017339815409,-0.40807429259918876,0.31147209589108565,-11.011775029720079,0.7913211910970039,2.4505341751145338,29959.140190371218,-66990.6757863792,-66944.6135773758,-419.8411541497044,-410.6287123490183,-475.80405723421427,-466.5916154335282,-1083.7168723979994,-1056.0795469959558
373,74634,-2.7911694364315087,-0.27499186020357824,-10.150007474276467,3.6364712732213005,30129.261493174334,-67696.45104408951,-67678.01034119664,0.37184480965778416,0.7549471374170998,-10.217136441675096,2.0302747754147545,29811.967986186588,-68484.59515661055,-68456.93410227123,0.39552983273646675,0.7517311836381032,-10.222236374477841,1.90056759672782,29794.610781641717,-68528.06142048264,-68500.40036614332,-4.1236949377496455,-0.44946680811244893,0.294705143877926,-10.725702028151849,0.7543511245713246,2.2248583921013743,29460.376570041815,-69366.03276584772,-69319.93100861553,-788.1441125210404,-778.9237610745913,-831.6103763931314,-822.3900249466824,-1669.581721758208,-1641.92066741889
374,74329,-2.9078677807531395,-0.28701053492980283,-10.131571586612132,3.484192662978662,31255.78314481708,-64386.97227791832,-64368.5397649901,0.3968289565548608,0.8760935516277101,-10.188645749913956,2.2077359455662404,31285.037338283142,-64315.43577078805,-64287.787001395714,0.42770754423503515,0.9015482746007022,-10.193580364891167,2.107861520687324,31261.339652369727,-64371.75958889846,-64344.110819506124,-2.7559796965924614,-0.35783351102561917,0.32368886837135175,-11.137047063099399,0.7942136315087868,2.79459572451392,30927.95287584122,-65164.6988076281,-65118.61752530754,71.5365071302731,80.7527635943843,15.21268901986332,24.42894548397453,-777.7265297097765,-750.0777603174429
375,74137,-3.0281226567576476,-0.2986610139351568,-10.138995434519929,3.348277657080187,30742.203707952165,-65257.19297678285,-65238.76563675905,0.3926386599542953,0.8108852919862652,-10.203433168781913,2.0652202003762326,31085.89085819849,-64430.965839181044,-64403.32482914535,0.4207259724843688,0.8225933427272335,-10.208611634127527,1.9551760445637694,31048.02843966103,-64521.31927261235,-64493.67826257666,-3.4062792703094735,-0.4006370032833097,0.32667758093824323,-10.925498712512338,0.7923164925800538,2.4960250596045217,30810.981710329874,-65085.515218606546,-65039.44686854705,826.2271376018034,835.4408076137042,735.8737041704953,745.0873741823962,171.67775817630172,199.31876821200422
376,74667,-3.062064662888309,-0.30226113817217337,-10.130527137577646,3.308397520260716,31481.073708056367,-64482.28125015123,-64463.839663138344,0.39680954765035514,0.8547977409173362,-10.188186961410949,2.1541763447449425,31998.53005876606,-63262.952632579065,-63235.29025205973,0.4282931538881506,0.8811940673666,-10.192212857902744,2.0574554119460085,31950.11648807989,-63376.00887280481,-63348.34649228547,-1.9976204711833692,-0.2883826438594511,0.33373839900014685,-11.111934117672993,0.7659080218106341,3.467615063850269,31742.204469217668,-63859.48433672525,-63813.38036919302,1219.328617572166,1228.5494110786167,1106.272377346424,1115.4931708528748,622.7969134259838,650.4592939453214
377,74429,-2.9798427968498693,-0.294239968190366,-10.12725366705445,3.398586555559388,31420.16873863131,-64183.245655570194,-64164.810453710554,0.3976990025424036,0.8546904241276274,-10.189551910700235,2.1490886792870403,31680.810025329625,-63566.37783466074,-63538.72503187128,0.4281229204401615,0.8762589810878539,-10.193677505036307,2.046746247986338,31644.163824561827,-63652.52205914605,-63624.86925635659,-3.1225816539967557,-0.39050135668217745,0.3354988473350546,-11.133559469637456,0.8564579957776921,2.5608105654134343,31376.439425172564,-64280.9050630665,-64234.81705841739,616.8678209094505,626.0854218392706,530.7235964241409,539.9411973539609,-97.65940749630681,-70.00660470683943
378,74384,-3.081261431126355,-0.30380762195796124,-10.142146570479126,3.2915566553441273,31497.945643194977,-63915.55019900718,-63897.11620671932,0.4002360027886318,0.8561479661146422,-10.197276621682008,2.139107826755859,32016.84919997222,-62698.117446675446,-62670.46645824365,0.43092347056791763,0.8778506861400815,-10.20209363136265,2.037138253303202,31972.91307795808,-62800.26331805025,-62772.61232961846,-1.8858895950989119,-0.2788007727984459,0.3350317478617891,-11.113065915967432,0.7520631082640351,3.5867906317567217,31743.10853666049,-63332.82711119118,-63286.74213047153,1217.4327523317334,1226.6497484756692,1115.2868809569263,1124.5038771008622,582.7230878159971,610.3740762477901
379,74883,-2.83840265155225,-0.2805560044509586,-10.117062570473001,3.5643507325996326,30904.137925291543,-66270.21122542565,-66251.76386107675,0.38460910951205796,0.8257973200470186,-10.186558773132514,2.1471080627671113,30879.53314083988,-66327.85417443477,-66300.18312791143,0.4132368006819685,0.8437833493172898,-10.19079721057487,2.041888205321468,30858.207720710212,-66379.58627466382,-66351.91522814047,-4.904215035865451,-0.5409152703031955,0.2939866166726929,-11.03013698689517,0.9039897555437812,1.8487183758733172,30466.013441394247,-67333.41611997763,-67287.29770910538,-57.642949009125005,-48.41926683468046,-109.37504923816596,-100.15136706372141,-1063.2048945519782,-1035.53384802863
380,73905,-3.009574687131376,-0.29638458729899814,-10.154288772429528,3.3739946098856413,31689.2365322679,-62579.005499226965,-62560.58442769967,0.3860104036755951,0.7763549995504528,-10.215734913680135,2.011228174572479,31946.904542669567,-61978.50728552987,-61950.87567823893,0.4137678754505413,0.7884193948270407,-10.219221411213871,1.9054630424572012,31909.0131124281,-62066.21619594914,-62038.5845886582,-3.1423680035756285,-0.3614389739214015,0.31569059694881,-10.727763053328252,0.6817871622799528,2.7667187883768727,31714.03109675883,-62515.20272499662,-62469.15004617839,600.4982136970939,609.7087494607404,512.7893032778229,521.9998390414694,63.802774230345676,91.4343815212851
381,74192,-2.8489162733946887,-0.2810739693663602,-10.135823960565078,3.5577823241844575,30767.471157449516,-65299.67427832803,-65281.24545511477,0.3800533171158177,0.7913023801673804,-10.203788678933371,2.082082551396962,30687.899931262546,-65489.79911974376,-65462.155884923865,0.40640173438897637,0.7998963528317256,-10.208239881215098,1.9682404998452259,30669.610733061287,-65534.028822625885,-65506.38558780599,-5.175252013039329,-0.5492510498873889,0.28279193336763336,-10.772364796519547,0.8780657573650865,1.820661062377626,30365.3065040601,-66269.83899858365,-66223.7669405505,-190.12484141573077,-180.91042980909697,-234.3545442978575,-225.1401326912237,-970.1647202556269,-942.5214854357328
382,74379,-2.892629014960751,-0.2858444854070141,-10.119590066052648,3.4984057802483033,30237.528052067846,-66943.78222959607,-66925.34837175024,0.38549300119869123,0.8259560061549094,-10.1894293721198,2.1425966323295045,30323.82500752764,-66729.80923790352,-66702.15845113478,0.41478518342957255,0.8460633097341608,-10.193676395241951,2.0397626133572246,30294.244039696434,-66802.4015528864,-66774.75076611765,-3.178873338098846,-0.37930831711215685,0.31059844065663006,-10.942522328021848,0.7633077265010966,2.6363777298991105,30004.139464787797,-67514.10414432574,-67468.01949971117,213.97299169254256,223.18992061546305,141.38067670966848,150.59760563258897,-570.3219147296768,-542.6711279609299
383,74336,-2.934645797736012,-0.2897817085100317,-10.127091226099317,3.450873435530807,30793.642258951644,-65507.3584662313,-65488.92576496016,0.378323109339017,0.7618612621933146,-10.216817739982448,2.0137846285002046,30874.68374635112,-65309.98090807326,-65282.33185616655,0.40515830955893123,0.7722665868616937,-10.221070375923835,1.906086012902978,30845.2951493737,-65380.77260143112,-65353.12354952441,-3.1664902703516318,-0.3674232153213193,0.3036901155260336,-10.797318542573171,0.6740955363584529,2.7216570926948074,30478.237182092907,-66266.67394542716,-66220.59219224931,197.3775581580412,206.5939087936058,126.5858648001813,135.8022154357459,-759.3154791958586,-731.6664272891576
384,73851,-2.978582486218481,-0.2943518103908408,-10.119124058600198,3.397295225302669,30329.713845940292,-65717.60472522053,-65699.18511556287,0.4045326142377991,0.8772527886595224,-10.188285842866849,2.1685588696288427,30443.642213858962,-65438.71582848146,-65411.08641399497,0.4357909897913956,0.9009432749283989,-10.193567119875798,2.0673747186917804,30414.843813809413,-65508.60881924159,-65480.979404755104,-1.9552828438944152,-0.28649570658736573,0.33218328674510605,-11.126353547544259,0.7548666517655619,3.490453703169384,30105.30890916968,-66260.0484717596,-66213.99944761545,278.88889673907397,288.0987015678984,208.99590597893985,218.20571080776426,-542.4437465390656,-514.8143320525851
385,74152,-2.9012865538174166,-0.285789952421537,-10.15181439807251,3.499073328249872,31169.430461787724,-64261.997444346496,-64243.56969970738,0.37832225059053787,0.7509237913968138,-10.21548818774888,1.9848787382308803,31191.87751504829,-64206.61517834648,-64178.973561387815,0.40455925590200553,0.7587356663590928,-10.218532368414573,1.875462383544817,31162.55876088902,-64276.347006536285,-64248.70538957762,-5.009214465158662,-0.5381699850099784,0.2953304156571849,-10.829483055074101,0.8654872721816534,1.8581489638101216,30868.248679984867,-64975.992365339036,-64929.923003741256,55.38226600001508,64.59613831956813,-14.34956218978914,-5.135689870236092,-713.9949209925398,-686.3533040338734
386,73863,-3.0181907155963925,-0.2975926596651331,-10.142020031652056,3.360297935860557,31419.410526570617,-63133.06972405182,-63114.649789441886,0.38791007663351174,0.8060312666530844,-10.210363631138199,2.077881744264673,31855.255294518473,-62113.49623435693,-62085.86633244203,0.41791293276422414,0.827829891512139,-10.213888292496863,1.980866890231367,31811.355463996097,-62215.3572775987,-62187.7273756838,-3.628839945258577,-0.4483407709685607,0.3324273182840233,-11.280610575753032,0.8880425953719323,2.2304462693403444,31476.04225341737,-62994.0556447939,-62948.005808269074,1019.5734896948925,1028.7834569998595,917.7124464531225,926.9224137580895,139.01407925791864,166.64398117281235
387,74020,-3.0176535806357156,-0.29777040038262764,-10.134162350448886,3.3582921563561206,30879.63241124599,-64707.13418844832,-64688.71000723644,0.41120669981865904,0.8941962312987304,-10.197211302901218,2.1745662988785646,31013.88198306348,-64384.02885173821,-64356.392579920386,0.446161402683521,0.932645687401246,-10.200776701788058,2.090377342799432,30980.88742539586,-64462.817995159596,-64435.181723341775,-1.347183027244206,-0.2543905026609352,0.3480346918583108,-11.338576990740679,0.7939226900959965,3.9309643620337966,30624.28444701601,-65315.76056921677,-65269.70011618707,323.10533671011217,332.3174273160548,244.3161932887233,253.52828389466595,-608.6263807684518,-580.9901089506311
388,74503,-2.8306602674840766,-0.2795674750713707,-10.125141584375786,3.576954006343944,30561.16732846057,-66386.31107753706,-66367.87388819303,0.3743390227387092,0.7593807220778457,-10.205826472279492,2.028590865366173,30387.627224788852,-66808.57847703883,-66780.92269302279,0.40139215715622767,0.7718690487135478,-10.208473598893013,1.9229798962243427,30361.779092576136,-66871.97871836454,-66844.3229343485,-3.957838682429811,-0.4362157398855919,0.30177419674918304,-10.739200966717156,0.7749810093526865,2.292443643281359,30026.684138109358,-67694.81994937133,-67648.72697601127,-422.2673995017685,-413.0488048297557,-485.6676408274798,-476.44904615546693,-1308.508871834274,-1280.8530878182355
389,73890,-2.848031052860204,-0.2804637238401518,-10.154721665477915,3.565523506241194,30109.543435612733,-66329.6629157086,-66311.24225014904,0.38420818848417926,0.7865306305389507,-10.21492077779436,2.0471469742538764,30024.368027981225,-66536.98291254941,-66509.35191421007,0.4106312539933088,0.792850073332088,-10.219655071801164,1.9308079100696203,29994.733893132925,-66609.94856287702,-66582.31756453768,-2.7066296945772508,-0.3295147269684873,0.3152478876057474,-10.852380245985271,0.6869321702398409,3.034765727164703,29730.146214985973,-67260.63422828406,-67214.58256438516,-207.3199968408153,-198.10966406103398,-280.28564716842084,-271.0753143886395,-930.9713125754643,-903.3403142361203
390,74169,-2.9658796595775674,-0.29261260770220116,-10.135857381087332,3.4174877420788508,31307.705348826083,-63965.429578434145,-63947.00137532994,0.3916753612920975,0.8508048422017173,-10.199936140326386,2.172219461022511,31540.98426250676,-63412.83279387148,-63385.19048921518,0.42018696865112676,0.8653824110052759,-10.20538777240807,2.059517489995713,31507.829411154253,-63490.8378269038,-63463.1955222475,-5.523085092580343,-0.6390615446683584,0.3163006401959788,-11.56794083538824,1.0398615202803503,1.564794515243365,31106.15757850343,-64438.44650950464,-64392.37600174414,552.5967845626656,561.810886114763,474.5917515303445,483.8058530824419,-473.01693107049505,-445.3746264141955
391,74202,-2.7552877221031804,-0.2715728823426437,-10.145665864483597,3.682252776395764,31109.15918776603,-64498.96905996091,-64480.53996719497,0.37396440788174173,0.772733803140472,-10.209534330533389,2.066329808008982,30734.482558685777,-65396.078316989915,-65368.434677841,0.40107954989478367,0.787378381173169,-10.212375413624642,1.963147663299523,30717.20848768429,-65437.79468405444,-65410.15104490553,-4.000570689984232,-0.4403597905998936,0.2904370425839039,-10.764984657793168,0.7339127683897818,2.270870368608631,30382.328955931975,-66247.18807060666,-66201.1153386918,-897.1092570290057,-887.8947106460328,-938.8256240935298,-929.6110777105569,-1748.2190106457492,-1720.5753714968305
392,74593,-2.8161537320638588,-0.2781400592183728,-10.12494834429026,3.595310948053268,29589.762729002116,-68966.0469790443,-68947.60737514829,0.37357567460592755,0.8020522904547956,-10.20888580477934,2.1469606962521146,29662.03249097751,-68782.08385005237,-68754.42444420834,0.4019663817211943,0.8222118780725394,-10.212481752470488,2.045474237302833,29632.83223094677,-68855.55176950087,-68827.89236365685,-4.687314366090982,-0.527615473220689,0.2988890858424688,-11.145546134452758,0.9019963134916127,1.8953196992039765,29220.49286670012,-69896.79886230003,-69850.69985255998,183.96312899193435,193.18293093994725,110.49520954342734,119.71501149144024,-930.7518832557253,-903.0924774116866
393,74288,-2.8199507531238694,-0.27819248640268335,-10.13668913056837,3.59463338830978,31377.628486419362,-64021.42933188856,-64002.99792246804,0.38211951113298726,0.8021215777412382,-10.20261530911676,2.0991379774430823,31272.235551870195,-64269.37201979975,-64241.724905668976,0.4099291780236402,0.8168556518528551,-10.207278775688614,1.9926750659494354,31244.989345067414,-64334.12429703059,-64306.47718289981,-4.425349787673213,-0.48891458832789325,0.30085544058696334,-10.895361409889532,0.8332963469158301,2.0453470276271335,30892.68116071775,-65172.52957683868,-65126.45105328738,-247.94268791119248,-238.72698320093332,-312.6949651420291,-303.47926043176994,-1151.1002449501175,-1123.45313081934
394,74144,-2.9428835981809716,-0.2909585796689143,-10.114441724075359,3.436915320173454,30463.463148867366,-65945.6875883744,-65927.26005951995,0.3998005694327577,0.8837211205375206,-10.183237458849469,2.210404857080008,30679.911078407673,-65418.74494239127,-65391.10364910957,0.43322806629967164,0.9198870836916403,-10.186275186559373,2.123332155159444,30648.143350707305,-65495.55763880593,-65467.91634552423,-3.406533496873969,-0.42218851054667716,0.32926355718058864,-11.213911887439025,0.8790019761289922,2.368610170620548,30298.480497882272,-66342.3246010113,-66296.25577887514,526.9426459831375,536.1564104103745,450.1299495684798,459.3437139957168,-396.6370126369002,-368.99571935519634
395,74112,-2.9125544335852465,-0.28740456781859086,-10.133987972743858,3.4794158199712326,30271.785745102115,-66353.02017296579,-66334.5935074828,0.37485947001726055,0.7728654084831497,-10.222199922271404,2.0617470553633415,30252.14226359261,-66399.12735307282,-66371.48735484834,0.4011632472367529,0.7814473490362636,-10.226904741452216,1.9479534937932137,30225.40282311313,-66464.66286841514,-66437.02287019066,-4.479111112282514,-0.5133577023110365,0.3022735311094426,-11.173502973945558,0.8546754012742445,1.947959474452598,29683.583576351666,-67801.2431490357,-67755.17648532824,-46.107180107035674,-36.89384736554348,-111.64269544935087,-102.42936270785867,-1448.222976069912,-1420.5829778454354
396,74035,-2.9540395027021176,-0.29118193025820927,-10.144995948349493,3.4342790403004657,30818.760345524912,-64881.33623057244,-64862.91164410575,0.3893408745582163,0.8329248906895547,-10.191753366986767,2.1393204390231864,30977.037960474536,-64500.08362218534,-64472.446742485314,0.41962331527183877,0.8563577831427632,-10.194912870298856,2.0407774114934507,30943.87553035334,-64579.38415605496,-64551.74727635494,-3.295930424312703,-0.3840545889061259,0.3135033436317036,-10.864035842577213,0.7655455733637855,2.6037965145742055,30742.634047506574,-65058.43842967444,-65012.376963507726,381.252608387098,390.46490162043483,301.9520745174741,311.1643677508109,-177.1021991020025,-149.46531940197747
397,74798,-2.692276772737172,-0.26517055837421144,-10.15300035284386,3.7711577262992737,30560.935966929293,-66945.33782443457,-66926.89273158328,0.3609506149193171,0.6929761962644336,-10.228052013709807,1.9198642906297134,30010.78236121719,-68302.10796206178,-68274.44032278487,0.3836846120678201,0.691013354222425,-10.231605431019409,1.800993139908049,30000.951863285507,-68326.61322258701,-68298.9455833101,-4.234074313963623,-0.4451236844546127,0.2767955932009614,-10.47456091608975,0.6337475651536517,2.2465665946876068,29645.992200858786,-69212.87127940226,-69166.75854727408,-1356.7701376272162,-1347.5475912015827,-1381.2753981524438,-1372.0528517268103,-2267.533454967692,-2239.8658156907914
398,74131,-2.941805258478803,-0.2902834438274738,-10.13425092278851,3.4449088339820615,30494.17927944434,-65846.41728029997,-65827.99010214522,0.3937669951314606,0.8496064481891895,-10.199594387194505,2.1576375336016804,30823.363198922176,-65048.46341167162,-65020.8226444395,0.4236502422324767,0.8700215645619865,-10.20417915792796,2.053631693864499,30785.090164546156,-65140.568261620596,-65112.927494388474,-2.040067157148099,-0.2969825989477313,0.33297510003460673,-11.17346750052556,0.7768074815146672,3.3672006492744013,30501.902453214763,-65821.64471060135,-65775.57676521447,797.9538686283486,807.1674577057274,705.8490186793715,715.0626077567504,24.77256969861628,52.41333693075285
399,74085,-2.8086888618589096,-0.2776584599972155,-10.115625008822265,3.601547022950529,29409.72552703225,-68442.21749699744,-68423.79156027416,0.384628897367147,0.7849584590491105,-10.20277934194183,2.0408202930728563,29091.538584375445,-69246.11844484172,-69218.4795397568,0.41348797249662606,0.8032928010151609,-10.206174215311743,1.9427234997064287,29075.41335083032,-69287.19462016289,-69259.55571507796,-3.6174402547858735,-0.4034048069459469,0.30161454939216437,-10.705400900310183,0.6971022235423638,2.4788995638666056,28695.539074816577,-70257.50403270498,-70211.43919089677,-803.9009478442749,-794.6879794826382,-844.9771231654449,-835.7641548038082,-1815.2865357075352,-1787.6476306226104
400,74412,-2.8814915069679987,-0.2846841502245928,-10.121713852684579,3.5126648224394676,31014.37853129732,-65118.8746124107,-65100.439867414425,0.3904439524014559,0.8398517194901829,-10.198045225169501,2.1510173594048765,31010.68268857175,-65125.74248110157,-65098.09036360716,0.4210494669416282,0.8658580884624659,-10.201872746918381,2.0564284162423685,30987.388116714395,-65181.66021338273,-65154.00809588832,-3.067735639731849,-0.3643254992364836,0.310104018936209,-10.882459978394433,0.7254025141837365,2.7447982699418474,30677.22243288397,-65926.23361073124,-65880.14674824056,-6.867868690875184,2.349503807265137,-62.785600972034445,-53.56822847389412,-807.3589983205457,-779.706880826132
401,73761,-3.030369180574963,-0.29921416655407823,-10.12775970962348,3.342087747771347,30372.076707522414,-65444.61324859079,-65426.196077759545,0.3921418130191002,0.7942362601102593,-10.211627627742573,2.0253801908942926,30655.577309442542,-64757.303001622065,-64729.6772453752,0.4214836757530181,0.8107089264426116,-10.214691129786923,1.9234645920609095,30613.08441798427,-64859.616927894705,-64831.99117164784,-2.5644346432135525,-0.33436858327794633,0.33213050570428615,-11.0483006088227,0.7577749363196622,2.9907115979516017,30247.418276150056,-65741.97913839854,-65695.93621132043,687.3102469687219,696.5188323843468,584.996320696082,594.2049061117068,-297.3658898077556,-269.7401335608811
402,74220,-2.8825896705009386,-0.28481049123455765,-10.121079662500781,3.511106615719584,30676.661912373205,-65571.70707131758,-65553.27749344835,0.39071377116510764,0.8287207116431532,-10.200877883960372,2.121043005911744,30631.41780170324,-65679.25277945894,-65651.6084126551,0.4182584512530778,0.8397745390934972,-10.207209529115607,2.0077885732555596,30608.70471876013,-65734.30704858682,-65706.66268178298,-5.46869514576788,-0.5989484720170344,0.29994807410871965,-11.133889034511144,0.978243058603638,1.6695927057504198,30214.93410832517,-66691.31706329272,-66645.24311861965,-107.54570814136241,-98.3309192067536,-162.59997726924485,-153.38518833463604,-1119.6099919751432,-1091.9656251713022
403,74299,-2.787978739309046,-0.27529152332766005,-10.127368636740448,3.6325128645888984,30624.241137320198,-65847.6200206716,-65829.18831512827,0.37296536435515154,0.7585269898007738,-10.21166425321338,2.0337732730551252,30407.597667840186,-66373.09751637185,-66345.44995805685,0.3969808632945127,0.7570060374282885,-10.2166065881245,1.906908134427326,30389.556021117703,-66417.19419747767,-66389.54663916267,-3.793765177936581,-0.42051585813730413,0.29837545634157997,-10.73493189345668,0.7257724410538008,2.3780316024930657,30083.53089585175,-67165.18342233099,-67119.10415847266,-525.4774957002519,-516.2616429285845,-569.5741768060689,-560.3583240344014,-1317.563401659383,-1289.9158433443954
404,73693,-2.7656232533877594,-0.27271853999731677,-10.14094330885964,3.666784077128892,29588.140950791123,-67243.38114550173,-67224.96581931369,0.3713441043994619,0.747769818180813,-10.230517461904707,2.0136843680071537,29373.45879778136,-67778.02336288324,-67750.40037360118,0.39647875928288967,0.7541615906139316,-10.235416139472193,1.902148785922308,29354.065304483112,-67826.69440003064,-67799.07141074858,-3.0357642302219743,-0.3500979783256542,0.2900957041984413,-10.748962541077999,0.604251624760798,2.85634325791456,28980.797616395128,-68765.78708195685,-68719.74876648675,-534.6422173815081,-525.4345542874944,-583.3132545289118,-574.1055914348981,-1522.4059364551213,-1494.7829471730656
405,74486,-2.895413253050544,-0.28596790930088983,-10.124958636544239,3.4968958665492065,31180.744471896734,-64859.187054644935,-64840.750321710446,0.37564743517162397,0.7822710389182188,-10.202409454387702,2.082460748230102,31427.15287321114,-64270.86897889134,-64243.2138794896,0.40371322064473786,0.7994601319760748,-10.205086188910043,1.9802674054105076,31387.089337215573,-64365.88478555583,-64338.22968615409,-2.1139436202970607,-0.2930541773917625,0.31608081841125474,-11.058521160665638,0.7174286468912023,3.412338322218058,31092.480874411103,-65064.33419495188,-65018.24236261565,588.3180757535956,597.536442220844,493.30226908910845,502.52063555635686,-205.1471403069445,-177.49204090520652
406,74292,-2.8025441949120586,-0.2769164253217726,-10.120541573709634,3.611197850896766,30792.38393573896,-65427.6307203185,-65409.19920321189,0.36904727543520816,0.7815172011282119,-10.20436618504645,2.117661484444204,30829.98078894215,-65334.97708256126,-65307.32980690133,0.3942409673074534,0.7876579317985928,-10.209594995166865,1.997909900582018,30805.842059258728,-65393.1677422931,-65365.52046663318,-3.1678231125373486,-0.3703931234330801,0.2956674421147467,-10.863237988884862,0.7092158768817849,2.6998341403621455,30472.902790266176,-66196.46128668111,-66150.38249391457,92.65363775724109,101.8693963105543,34.462978025396296,43.678736578709504,-768.8305663626088,-741.1832907026837
407,73890,-2.825815401619846,-0.27928354660271776,-10.118087642447417,3.580590450688114,30088.9537974247,-66380.20797895659,-66361.78731339703,0.3771972541895151,0.7963613710725816,-10.206538964628033,2.111259724792339,30231.22959109071,-66029.64213253881,-66002.01113419946,0.4049935193712406,0.8121688940621249,-10.209546261972255,2.0053873832920366,30197.53142467624,-66112.05182397102,-66084.42082563168,-3.6431589774598234,-0.43272184684474585,0.3110692175893487,-11.108195288724843,0.8286301250030265,2.310953346339329,29851.04263008065,-66960.77286115059,-66914.72119725168,350.5658464177832,359.7761791975645,268.1561549855687,277.36648776535003,-580.5648821939976,-552.9338838546537
408,73690,-2.9088798367854207,-0.2867889547630743,-10.14292840945894,3.486884635519288,30165.559780929994,-65813.41991309395,-65795.00466832644,0.38182726438782094,0.7636365641249505,-10.224483912547763,1.99995295084357,30108.726828656003,-65950.38535689413,-65922.76248974285,0.4087922475832535,0.7726774115616049,-10.228034524349773,1.890146929472393,30080.073792305102,-66020.54599762519,-65992.92313047391,-2.9113494851057813,-0.3546202096305545,0.3165773762536336,-10.924899331312863,0.7014199633465,2.819918247304084,29702.75321229176,-66946.75034381426,-66900.71223189545,-136.9654438001744,-127.75782141640957,-207.1260845312354,-197.91846214747056,-1133.330430720307,-1105.7075635690126
409,74142,-2.846890660846212,-0.2808359982198424,-10.137199927687425,3.560797071382515,30771.090517598594,-65196.95996361649,-65178.532488711826,0.3873478780782731,0.8034904665566808,-10.203645719853006,2.0743381131787584,30598.6566665748,-65611.6025216495,-65583.96130929251,0.4152677343331084,0.8167580241376141,-10.208634016052976,1.9668227425597409,30573.827310861947,-65671.78965392406,-65644.14844156707,-3.2479837326318965,-0.3828463100661742,0.3123650306112415,-10.892081568367454,0.7305804754045238,2.612014204413129,30225.969960330352,-66516.18462423692,-66470.11593697526,-414.6425580330106,-405.4288205806879,-474.82969030756794,-465.61595285524527,-1319.224660620428,-1291.583448263431
410,74327,-2.8977229994418208,-0.28611885436725604,-10.127689787693493,3.4950510416780203,31533.857881629836,-63724.89557199924,-63706.46311288654,0.37827439208914887,0.7693900579825403,-10.213032142918355,2.0339469815371913,31635.55286151565,-63483.58071339866,-63455.932024729605,0.4045737406369709,0.7773851032535803,-10.217655375201844,1.9214917459290513,31606.721746381296,-63551.349637155196,-63523.70094848614,-2.4093677150965602,-0.2986273338611415,0.3082026896239494,-10.804688947510066,0.6381063509260024,3.348655285738141,31315.547221080687,-64235.25500931473,-64189.173861532974,241.31485860057728,250.53108815693122,173.54593484404177,182.7621644003957,-510.35943731549196,-482.7107486464374
411,74314,-2.8182208369201573,-0.27827832341186154,-10.12734589732702,3.5935245970271477,30626.098651049448,-65871.40873886835,-65852.97662959184,0.38045232983310184,0.779451209231079,-10.20448521927777,2.048748681794146,30408.799582947664,-66398.56276855593,-66370.91460464115,0.4066584724283554,0.786569627716881,-10.208796602556953,1.934226583353573,30388.1255593833,-66449.10379321413,-66421.45562929935,-5.22161889243013,-0.5557689688353451,0.2854535118404366,-10.816134597432521,0.9157554987421943,1.7993088064912546,30049.524822184,-67277.7979266968,-67231.7176535055,-527.1540296875755,-517.9379750493099,-577.6950543457788,-568.4789997075131,-1406.3891878284485,-1378.7410239136661
412,74853,-2.921139869822498,-0.2890678139979416,-10.105379182212582,3.4593958634464945,31344.393123328366,-65154.84687030817,-65136.40030736976,0.3924400116748791,0.849557673141485,-10.181043730633023,2.164809009957195,31562.857008350988,-64632.9467668635,-64605.27692245588,0.42408990914546735,0.879082606809691,-10.18427448571033,2.072868483433206,31525.731603701788,-64721.04346695199,-64693.37362254437,-2.9448290128064523,-0.38099888504039264,0.3224530256090675,-11.196850890592911,0.8190942960682578,2.6246795968811885,31157.91474936543,-65595.50260571399,-65549.38619836797,521.9001034446701,531.1233849138807,433.803403356178,443.02668482538866,-440.6557354058241,-412.98589099820674
413,73929,-2.965348638197419,-0.2928769567852669,-10.12489569253333,3.414403136991025,30898.40643204779,-64491.701175704264,-64473.27945479996,0.3891550381632124,0.8095357808667488,-10.202329779845888,2.080239754026332,31171.90311133651,-63838.19912888433,-63810.56654752787,0.4191032701693342,0.8311919653443589,-10.206122233867486,1.9832628960602592,31130.579387320144,-63936.2697648618,-63908.63718350534,-1.6591220877051114,-0.243864132795594,0.3208693426395292,-10.957606255344986,0.6702531392934287,4.100644028854363,30903.33544540095,-64473.90872397431,-64427.85442171356,653.5020468199364,662.7129072720854,555.431410842466,564.642271294615,17.792451729954337,45.42503308640153
414,73846,-3.0290379740069717,-0.2986224290389343,-10.143370622747318,3.3487102868271834,31716.53047653128,-62406.49145931369,-62388.071985068396,0.408551573651627,0.898914853556376,-10.199085436121383,2.2002481731299928,32164.25569022767,-61369.3364617731,-61341.70725040516,0.44066849872783376,0.9255192901962979,-10.204479343528588,2.1002619721359257,32121.030761784175,-61468.64343302743,-61441.01422165949,-0.9240545489666772,-0.2341862839387625,0.3557538897343613,-11.500367804681943,0.8328692060611108,4.270104906150228,31850.129025238995,-62090.0855631587,-62044.03687754546,1037.1549975405942,1046.3647346632351,937.8480262862649,947.0577634089059,316.4058961549963,344.0351075229337
415,74408,-2.895895071524,-0.2866602071546071,-10.102187186246363,3.488450698916368,31434.471378713435,-64110.27507044378,-64091.840432959936,0.3800968753861744,0.8121453229061082,-10.191539461090667,2.136679819009238,31585.932071770443,-63750.61601620678,-63722.964059981015,0.40790556368209346,0.8273054092640422,-10.195616860445137,2.0281787818633763,31558.336927224093,-63815.65120241358,-63787.999246187814,-4.81244622446028,-0.5349072306588633,0.29839218976076487,-11.074961911513041,0.9287946539499458,1.8694830480572608,31176.3267194932,-64717.84772014681,-64671.7611264372,359.65905423699587,368.8763729789207,294.6238680301976,303.84118677212246,-607.5726497030337,-579.9206934772665
416,74039,-2.9486732395091755,-0.29135401735378713,-10.120585486654342,3.432250596996965,30393.62638292621,-65917.2939566694,-65898.86926214863,0.39419378327375343,0.8284929998344247,-10.198027758923555,2.1017404002514826,30422.169147393375,-65845.79629162623,-65818.15924984508,0.42534955701640464,0.8543217829649818,-10.20117161094855,2.0085169218409056,30392.7138452614,-65917.51693557933,-65889.87989379818,-3.716810942723158,-0.43261365426220605,0.3190914736425093,-10.990558502720537,0.8189602319573126,2.3115312939103454,30042.06876173412,-66772.68119642767,-66726.61946012576,71.49766504316358,80.71001230354887,-0.2229789099365007,8.989368350448785,-855.3872397582745,-827.7501979771332
417,74580,-2.723612710576837,-0.269079773022295,-10.12195260901743,3.716370014616979,30337.233018384602,-67080.45673523613,-67062.01747992866,0.36146104888513486,0.7065378702126851,-10.237891019290167,1.954672218187495,30081.435894786104,-67709.96563163753,-67682.30674867633,0.38394516263226225,0.7022881790162377,-10.242366056385809,1.8291366772313793,30065.050477784607,-67750.60057156181,-67722.94168860061,-3.7501409461214705,-0.4155569289763067,0.28480932383191715,-10.7512596050289,0.6472134946907415,2.4064091590613708,29581.222318578686,-68956.55699883662,-68910.45886056796,-629.5088964013994,-620.2892687476706,-670.1438363256748,-660.924208671946,-1876.100263600485,-1848.4413806392986
418,74351,-2.965699762055003,-0.29268037922237733,-10.132895720357382,3.4166964066976426,31197.641678980595,-64566.46930057013,-64548.036195766734,0.3884360086001892,0.8112905127170038,-10.210577009320392,2.0886078910157164,31446.840126403273,-63972.932713050206,-63945.28305584512,0.417286869888835,0.8286427742352682,-10.214608768759419,1.9857868388143107,31411.619977567032,-64056.25176209566,-64028.60210489057,-3.9160619855627017,-0.4612920471054041,0.31773594857570897,-11.127690588369484,0.8339757598291354,2.167824063464728,30998.758839988288,-65035.96911208428,-64989.8863500758,593.5365875199204,602.7531399216168,510.2175384744696,519.434090876166,-469.49981151415705,-441.8501543090679
419,73985,-2.782284886018976,-0.27439484966298017,-10.139712496193935,3.644383271873468,29556.763456114524,-67880.91977253038,-67862.49653723251,0.37381817817590335,0.7671270559914779,-10.213830950818297,2.0521395180265944,29280.67077638112,-68573.26911340305,-68545.63426045624,0.39876419490177395,0.7703374606016542,-10.219220475742885,1.9318120093289932,29263.63845914016,-68616.31808069229,-68588.68322774548,-5.800937439165495,-0.6089770226914469,0.2706124744508589,-10.850684876710295,0.962922749554098,1.6420980804503595,28907.93210082422,-69517.13335988986,-69471.07527164518,-692.3493408726645,-683.1377232237282,-735.3983081619081,-726.1866905129718,-1636.2135873594816,-1608.578734412673
420,74512,-2.9652756634543067,-0.29307270121071594,-10.117884235564837,3.412122643524589,31068.332275909645,-65176.9472300518,-65158.509799121355,0.3926739600502974,0.8296216887903108,-10.202793898635873,2.1127494389596015,31194.871622294548,-64872.0809408516,-64844.42479445593,0.4208211763167492,0.8420832745811782,-10.208885123262286,2.0010477655890297,31166.169831703643,-64940.66953147343,-64913.013385077764,-2.948081330595738,-0.3768724210896451,0.3226520098608186,-11.140574212390826,0.7809780462487138,2.653417825344493,30734.161638303693,-65976.73882959178,-65930.64525226566,304.866289200203,314.0850046654232,236.2776985783712,245.49641404359136,-799.7915995399744,-772.1354531443067
421,74544,-2.8379663638812547,-0.28003539231618874,-10.134313168090193,3.5709771958785024,31409.486325883438,-64422.858166779064,-64404.41987711095,0.37799477184853775,0.7719868640838818,-10.210261553127994,2.0423215387571987,31263.098200535635,-64769.09260911369,-64741.43517461152,0.4041960320219133,0.7792248078405808,-10.213945805285313,1.927838835880347,31239.134407104062,-64826.25399457361,-64798.59656007144,-3.450695087560134,-0.39387727170827835,0.30706232177865933,-10.8026123706783,0.722978875531107,2.538861904021314,30907.61051229554,-65617.57647439443,-65571.48075022415,-346.2344423346294,-337.01529750056943,-403.3958277945494,-394.1766829604894,-1194.718307615367,-1167.0608731131942
422,74651,-2.753681218843026,-0.27215632899633,-10.118012794331008,3.6743587910957043,31032.900979040543,-65522.85290307622,-65504.41174467877,0.36728102470690366,0.7470649126439669,-10.206874070771573,2.034041680318598,30818.301682925096,-66038.87407806753,-66011.21234047135,0.392154657314265,0.752436785235441,-10.21135376243351,1.918724592967037,30801.070759985483,-66080.62411903344,-66052.96238143726,-3.515978992636267,-0.39123401771532196,0.285117675644802,-10.692808871662098,0.6471167130619937,2.556014954526887,30439.75437825842,-66957.5052019578,-66911.40230596418,-516.0211749913069,-506.80059579257795,-557.7712159572184,-548.5506367584894,-1434.6522988815777,-1406.9905612854054
423,73880,-2.938643238081052,-0.28959971086187275,-10.147258881355254,3.4530421215681364,30675.661216617318,-64934.496383390695,-64916.07598852207,0.380479406886012,0.8078492800299595,-10.205945882653811,2.123240484003339,30963.05570151827,-64243.550880598064,-64215.92028829512,0.40731682376620704,0.817362143087545,-10.211035728092487,2.006698705763985,30927.405499873796,-64328.6637441208,-64301.03315181786,-3.2274712345107472,-0.39150451612708514,0.32047539057601865,-11.052570591335172,0.8098600164713431,2.554248951946682,30646.99128919595,-64997.57801328325,-64951.52702611168,690.9455027926306,700.1557002269474,605.8326392698946,615.0428367042114,-63.08162989255652,-35.45103758961341
424,74257,-2.835359572012284,-0.2798906351696617,-10.13024094319401,3.572824076067528,30748.86718802411,-65466.82971888258,-65448.39914422595,0.3784752493435534,0.7780418377188623,-10.209909599653196,2.0557271289690338,30673.937914400285,-65646.00105491074,-65618.3551929258,0.40410947802102204,0.7829988113932426,-10.215405305183836,1.937590811350657,30648.188507340044,-65708.36268338072,-65680.71682139578,-2.8055048938871585,-0.33318341569203974,0.305673237135843,-10.781233869771283,0.6602626424997972,3.0013498658777675,30332.93779043415,-66472.1340399248,-66426.05760328322,-179.17133602815738,-169.95604869984527,-241.53296449813934,-232.31767716982722,-1005.3043210422184,-977.6584590572675
425,74526,-2.8436687769111977,-0.28087318410571804,-10.12438686863345,3.5603256437026376,30140.289168502193,-67463.2900663422,-67444.85225966865,0.38951530808637885,0.8671267098819392,-10.19170704642486,2.226168501931239,30323.207854141303,-67010.36545145736,-66982.70874144704,0.41895351348647675,0.8879607693442768,-10.196944881291012,2.1194732607796567,30292.639188159512,-67085.53261335469,-67057.87590334438,-4.420342207392029,-0.5446149611333172,0.32227082220711606,-11.57080337806282,0.9711664043746385,1.8361596198515162,29877.217920744315,-68110.62521212068,-68064.53069543681,452.92461488484696,462.14351822160825,377.7574529875128,386.9763563242741,-647.3351457784738,-619.6784357681609
426,73931,-2.9104036420446846,-0.28701109753815035,-10.140387138367796,3.484185833152591,31156.274482373075,-63881.002345974426,-63862.58057096489,0.3879385781225572,0.7947638339117232,-10.21243356652876,2.0486847112705613,31095.566988266542,-64023.196222444894,-63995.56355993059,0.4162352000734847,0.8099420846857378,-10.2160893330118,1.9458759964143968,31069.95242448852,-64084.121006464404,-64056.4883439501,-3.4871276219907403,-0.4027430726157127,0.31219224714175414,-10.867389948596653,0.7322683593211962,2.4829725648792844,30698.86265170643,-64968.44525335504,-64922.390815831204,-142.19387647046824,-132.9829889656976,-203.11866048997763,-193.90777298520698,-1087.4429073806168,-1059.8102448663121
427,74642,-2.841003080566131,-0.28144485679014286,-10.094350676603419,3.5530938863297195,30894.77846134921,-65838.9146888673,-65820.47377160641,0.3893069157231998,0.856760017647777,-10.168043781120288,2.200731564339689,30970.21975887847,-65654.87016341883,-65627.20878752749,0.4198466641820826,0.8817963794600838,-10.171474361951823,2.100281971223806,30941.53007136305,-65724.0478498735,-65696.38647398216,-6.1418036896411845,-0.6885836755676428,0.30355774040174843,-11.561232603128143,1.1465601980975035,1.4522563277086655,30521.92447250743,-66739.21242281172,-66693.11012965949,184.04452544846572,193.2649840789236,114.86683899379568,124.08729762425355,-900.2977339444187,-872.6363580530742
428,74115,-2.7830437168741002,-0.27565395988901814,-10.09614996278156,3.6277367479234215,29939.405187544126,-67176.980624385,-67158.5538779451,0.3709828083524421,0.7747946342977107,-10.210665584174782,2.0884920186426488,29913.726783132748,-67238.57479221058,-67210.93467255073,0.3971792136134403,0.7849485347897567,-10.214922151783016,1.976308195105391,29890.091322498425,-67297.15774933963,-67269.51762967979,-2.955498039541675,-0.3567557935205189,0.29667019112691967,-10.93448571367086,0.6973498743639663,2.803037871177514,29431.230732025226,-68439.76506636877,-68393.69820026903,-61.59416782557673,-52.38079460563313,-120.17712495462911,-110.9637517346855,-1262.7844419837638,-1235.144322323933
429,73875,-2.892517249042931,-0.2853750449979971,-10.135845091371714,3.5041606388779316,30518.87118393882,-65303.661294644895,-65285.24103513548,0.3857264802461595,0.7918577697917694,-10.209034772906277,2.052899684995514,30500.14807887228,-65346.99697676204,-65319.36658749792,0.4136970816400168,0.8061421023875324,-10.21345190764782,1.9486289320479329,30474.368836449423,-65409.46378236563,-65381.83339310151,-2.445758259228348,-0.3083312334525668,0.314287700725653,-10.871456680066059,0.6636659323517249,3.243265331255643,30132.083281240673,-66239.91666185418,-66193.86601308064,-43.33568211714737,-34.12555236244225,-105.80248772073537,-96.59235796603025,-936.2553672092836,-908.6249779451609
430,74156,-3.0201714414783876,-0.2980430238789931,-10.133340489474405,3.3552202866053484,31396.61910248067,-63730.91420867848,-63712.48635615577,0.40320514120844775,0.8656932240723763,-10.197661683563979,2.147029230524699,31767.92742408172,-62857.062558338424,-62829.42077955437,0.4329624146886654,0.8822412385760549,-10.20315150214744,2.037685509515778,31727.94263205345,-62950.45800679723,-62922.81622801317,-0.29364806902716806,-0.1628639631523763,0.34805116686883975,-11.350425127925302,0.7584707925427703,6.140093736171673,31427.365697345907,-63652.32904305643,-63606.25941174967,873.8516503400533,883.0655766014024,780.4562018812503,789.6701281425994,78.5851656220475,106.22694440610212
431,73881,-2.8507906167652357,-0.2808980414297061,-10.148844763229286,3.5600105821679326,30992.61102232899,-64176.93216985864,-64158.51174791927,0.3679592026311177,0.7408084084604996,-10.22343282031716,2.0132895254780907,31043.33287414455,-64054.118920840156,-64026.488287931104,0.39237940288395357,0.7436665875453212,-10.228090871107167,1.895274273010862,31017.37838285112,-64115.914663886106,-64088.284030977054,-3.865625511780571,-0.4212851529391029,0.29020299906442115,-10.666949750527193,0.6945883088984431,2.373689158099884,30737.609911903244,-64781.32506713477,-64735.27401228635,122.81324901848711,132.023459988166,61.01750597253704,70.22771694221592,-604.3928972761278,-576.7622643670766
432,74450,-2.900687228055936,-0.2865909300193695,-10.121350413496652,3.489293956136065,30428.844835194115,-66609.15158263034,-66590.71581655412,0.386736935690597,0.8288431772673748,-10.198221836554014,2.143170462338457,30489.42470129603,-66459.07867930138,-66431.42503018705,0.4157482191405241,0.8480068982140584,-10.20250608500032,2.0397126413845914,30463.49974101782,-66522.4099608358,-66494.75631172146,-4.054177801961235,-0.4693007344148468,0.31370344418597396,-11.08701884291856,0.8632223564389984,2.1308298211952765,30091.71526193839,-67432.60710344664,-67386.51768825608,150.07290332895354,159.2907863670698,86.74162179454288,95.95950483265915,-823.4555208163074,-795.8018717019586
433,73814,-2.8952664166691755,-0.2865497428424915,-10.10388768089254,3.489795489189018,30958.36979675879,-64133.35539138459,-64114.9367839956,0.3751114628304295,0.7621377338417781,-10.201773751489771,2.031763380652287,31061.67089745522,-63885.46472724596,-63857.83681616248,0.402302787319613,0.7748108222417168,-10.204905112825095,1.9259394830544923,31031.170744849966,-63957.979960433084,-63930.3520493496,-3.543657683902589,-0.3979892683598594,0.29818901996015634,-10.734167573798615,0.7025332886513561,2.512630564439758,30672.448636005538,-64812.24442938739,-64766.19791091492,247.89066413862747,257.0999678331209,175.37543095150613,184.58473464599956,-678.8890380028024,-651.2611269193148
434,74217,-2.9415454940883676,-0.2900230976430053,-10.14245250807289,3.448001238959657,30919.229559002277,-64981.51313162516,-64963.083634598304,0.3958830909871433,0.8464360977306843,-10.199436506569898,2.138096112213525,31030.147230996678,-64713.74820918396,-64686.10396364368,0.42428149471993765,0.8592713389229185,-10.204388760434991,2.025238785137475,31003.593349428516,-64777.28619771318,-64749.641952172904,-9.463368348969162,-0.9995158340929828,0.2618943435859632,-11.919326894569041,1.4044366502639556,1.0004844004371942,30672.76277309663,-65569.49044567638,-65523.416703109244,267.76492244119436,276.9796709546208,204.2269339119739,213.44168242540036,-587.9773140512189,-560.3330685109395
435,74311,-2.8616285135044985,-0.28226003709851155,-10.138270167185452,3.5428323834981645,30644.367547704023,-65821.43512275982,-65803.00309422343,0.37277606303095356,0.7640342239649923,-10.222384255303401,2.0495796263118713,30587.108428648546,-65958.41539617495,-65930.76735337035,0.39867425091389347,0.7723012948361893,-10.226297056721776,1.9371737529218875,30567.0185323363,-66007.23958557157,-65979.59154276697,-4.289297028882216,-0.4690322604265478,0.29009069942188503,-10.810054332371415,0.7619076424642632,2.1320495078325297,30177.07506557254,-66957.32368804055,-66911.24361669955,-136.9802734151308,-127.76425914691936,-185.80446281174954,-176.5884485435381,-1135.888565280722,-1108.240522476117
436,74615,-2.8852594957052746,-0.2848070224356814,-10.130577087005848,3.511149379140861,31603.714671802994,-64095.276205839844,-64076.83601216311,0.3780341749199327,0.7678984702130133,-10.204058969307354,2.0312937854776054,31468.001581098768,-64414.37886460506,-64386.718574089966,0.40524103768802694,0.7801510024013196,-10.207729839248824,1.925153007336625,31442.210382358702,-64475.558451884855,-64447.89816136976,-3.890871715152124,-0.4334109455087328,0.300687619532585,-10.790628856378461,0.7551431262794793,2.3072790624293336,31130.926980897795,-65213.94100076159,-65167.84051656976,-319.1026587652159,-309.88256192685367,-380.28224604501156,-371.06214920664934,-1118.664794921744,-1091.00450440665
437,74647,-2.9043742066500755,-0.2871972711345501,-10.112819648935293,3.4819272343695293,32305.545999835645,-62515.20771205499,-62496.76666082575,0.38250575789995955,0.8043103232209059,-10.199492452106398,2.1027404335996036,32677.54009657418,-61658.56850263713,-61630.90692579327,0.40883453787528573,0.8117396311994877,-10.20530682851847,1.985496713213372,32638.171860901257,-61748.55362125795,-61720.8920444141,-2.414100377308486,-0.3159379554473316,0.31580100489713137,-11.004958487600838,0.7200761526940499,3.1651784243020615,32359.36959750695,-62384.9433876963,-62338.840759623214,856.6392094178591,865.859735032478,766.6540907970339,775.8746164116528,130.26432435868628,157.9259012025359
438,74002,-2.867046210312213,-0.28363261498414144,-10.108309336965766,3.525687622546202,31091.367604039333,-64167.71553151484,-64149.291836717144,0.374404896326261,0.7710259062369115,-10.205849193518011,2.059337134215868,31219.041557061675,-63862.45509008547,-63834.819547888925,0.40024732706949573,0.77808704982917,-10.211042675856875,1.944015605366102,31186.24668248372,-63940.233323321394,-63912.59778112485,-2.2711972995052445,-0.2935566758330452,0.30087918122634155,-10.900708969963858,0.6471907329623069,3.406497219530893,30846.453644246707,-64746.954629334134,-64700.895392339895,305.2604414293746,314.47228882821946,227.48220819344715,236.694055592292,-579.2390978192925,-551.6035556227507
439,73859,-2.9780418158572326,-0.293692444346442,-10.140001464744222,3.404922459702068,30626.831381149168,-65012.70413878254,-64994.28431248417,0.3966623120638026,0.8167617574571973,-10.200679516129824,2.0590858587185923,30736.013662879217,-64747.87073689274,-64720.24099744518,0.42486355416259625,0.8278688785518411,-10.205228928557473,1.9485523539046934,30703.75730946231,-64825.42383281763,-64797.79409337007,-3.296452361630887,-0.3859420004484129,0.3219547624021921,-10.860966257673878,0.7530496059897555,2.5910629028147594,30447.44145408815,-65440.58891909875,-65394.53935335282,264.8334018897949,274.0433150389872,187.28030596490862,196.4902191141009,-427.88478031621344,-400.2550408686511
440,74734,-3.0115607946756233,-0.29791494896535653,-10.108793818956118,3.356662710189432,30960.402490218694,-65853.55087683637,-65835.10749599333,0.3850224016973523,0.7761835726666502,-10.20515203698611,2.0159439275348214,31190.302473940505,-65298.65533819577,-65270.990266931214,0.4109208064127347,0.7792168510595961,-10.210319305287294,1.8962701301548106,31156.211143160326,-65380.38506518893,-65352.71999392437,-4.318131295534286,-0.4809069391543424,0.3102613094254533,-10.893515954333676,0.8299266557841187,2.079404389045548,30801.26282738883,-66232.68200377021,-66186.57355166262,554.8955386405942,564.117229062118,473.1658116474355,482.3875020689593,-379.13112693384755,-351.4660556692834
441,74129,-2.8455692877523573,-0.2808991184143484,-10.130217936657663,3.559996932866557,31209.442844164354,-64123.96858000627,-64105.54145581078,0.3847838404874335,0.804183034338438,-10.206976698054072,2.089960517364038,31147.901730749116,-64268.28599324986,-64240.64530695663,0.4107854426956254,0.8088174384794196,-10.212679829065163,1.9689535081181517,31118.564869771493,-64338.13779140242,-64310.497105109185,-3.160661783701058,-0.3731477455321739,0.3127213553393211,-10.885071160630405,0.7380271011428972,2.679903635954775,30834.2027511255,-65014.64419452883,-64968.576384040105,-144.31741324358882,-135.10385114584642,-214.16921139614715,-204.95564929840475,-890.675614522559,-863.0349282293246
442,74189,-2.768851882494235,-0.27344924054355707,-10.125652120994614,3.6569858377087443,30382.12149070348,-66229.08772020393,-66210.65897786355,0.3721861815141191,0.7344333646709027,-10.21464839770542,1.9732956276965956,29929.976693818335,-67339.46151503036,-67311.81840151979,0.39509827390504887,0.7278044515783565,-10.219150219946709,1.842084614505971,29918.083905003405,-67368.9466516305,-67341.30353811993,-5.501420879633274,-0.578237934589481,0.275098451731524,-10.754977350627467,0.8780148572250009,1.7293918993916375,29467.693501984748,-68490.28863553848,-68444.21677968754,-1110.3737948264315,-1101.1594236562378,-1139.85893142657,-1130.6445602563763,-2261.200915334557,-2233.5578018239903
443,74204,-2.9224039934257617,-0.28846482920754535,-10.130884938222897,3.4666271196635816,31180.72483937367,-64332.19972313133,-64313.77057645921,0.39014063650906317,0.8094489540153916,-10.2020117680127,2.0747619659880976,31249.68528513666,-64166.268620055336,-64138.62490004716,0.41859468970846486,0.8251097687406798,-10.206289887263013,1.971142465556209,31217.782130593525,-64242.06301299236,-64214.41929298418,-3.3592867387275622,-0.38664325362955076,0.31428680478271204,-10.802678386936533,0.7315372867502562,2.5863635033397387,30926.139284858877,-64934.550267471786,-64888.4774007915,165.93110307599272,175.14567641205213,90.13671013896965,99.35128347502905,-602.3505443404574,-574.7068243322865
444,74293,-2.9512078116913343,-0.29107308751489647,-10.139061075305692,3.435563241307296,31654.548501692218,-63377.949924810266,-63359.51838078303,0.3868909524323132,0.804744000142439,-10.200740046157957,2.0800279641670594,31827.596598178006,-62970.913388761735,-62943.266072720886,0.41516433055388535,0.8193469128934606,-10.20468392623827,1.9735484303296025,31792.104449510323,-63053.80653132912,-63026.15921528827,-3.080256148059884,-0.36748512594277144,0.32248065490689826,-10.891979559983877,0.7617865578138259,2.7211985721450134,31565.243051456466,-63581.84540420299,-63535.76654413491,407.03653604853025,416.25230806214677,324.143393481143,333.3591654947595,-203.89547939272597,-176.24816335187643
445,73951,-2.981681405519696,-0.2939527306142122,-10.14340434698291,3.401907503667365,30757.8361611193,-64870.1001032351,-64851.6777872537,0.3987043676303333,0.9020170227214052,-10.201033352293106,2.2623705581217215,31152.51534003157,-63925.210436011184,-63897.57696203909,0.42916879521138396,0.9243366692951106,-10.207873373704903,2.1537834987276634,31117.03312362717,-64009.48744569092,-63981.853971718825,0.034478786162258655,-0.14859137282823243,0.3349899571292893,-11.490547084616109,0.7612385304622498,6.729865812303738,30722.70740151888,-64948.608373116294,-64902.552583162804,944.8896672239134,954.1008252146057,860.6126575441813,869.8238155348736,-78.50826988119661,-50.87479590910516
446,74720,-2.8043814948810093,-0.27680542321292007,-10.131237539821846,3.6126459821229555,30516.455352424637,-66906.39531721127,-66887.95231106546,0.3700960697640915,0.7509693013559497,-10.210765021177396,2.0291199034743506,30508.093774515142,-66924.871571907,-66897.20706268829,0.39485716050867337,0.7541249779146432,-10.215288611676224,1.9098678036967704,30480.17558929789,-66993.27970897668,-66965.61519975797,-3.3395215594903767,-0.386433382470763,0.30394787556077046,-10.842198833096058,0.7183050883507207,2.5877681519288998,30143.41545064812,-67819.41781036482,-67773.31029500031,-18.476254695735406,-9.25475162283692,-86.88439176541578,-77.6628886925173,-913.0224931535486,-885.3579839348531
447,74346,-2.9160666745837376,-0.287908734705236,-10.128441144966434,3.4733228952703037,30955.286841539186,-65136.92945093432,-65118.49648063263,0.381876984284082,0.7727975736151396,-10.215485155608109,2.023681985087239,31061.09475261586,-64881.241557916175,-64853.59210246364,0.4096368814486166,0.786292264686645,-10.220164036215634,1.9194860138228904,31022.237204637768,-64974.30691211476,-64946.65745666222,-1.852489126509265,-0.2572141479533817,0.30746944689490163,-10.907691322664851,0.6184987857611646,3.887811024225787,30667.401458466218,-65825.58536392706,-65779.50293817284,255.68789301814832,264.90437816899066,162.62253881956713,171.83902397040947,-688.6559129927409,-661.0064575402066
448,74740,-3.013441282985058,-0.29794604193914936,-10.114050394401628,3.3563124164751743,31137.804176436504,-65437.80398130642,-65419.36043990034,0.3986757393497606,0.865124204257017,-10.176654011943778,2.169994606815135,31352.748506950382,-64921.64617894291,-64893.980866833794,0.4313181213338287,0.8969489226516913,-10.180220457439795,2.079553068342976,31320.1841696834,-64999.31475714458,-64971.649445035466,-2.9721454138885828,-0.37757104647312995,0.32447861746045964,-11.120135057071584,0.8092379714637584,2.6485081664522325,30976.462603867898,-65820.07858805437,-65773.96973453918,516.1578023635084,525.3795730665443,438.4892241618363,447.7109948648722,-382.27460674795293,-354.60929463883804
449,74013,-2.9687511243231803,-0.2931570643649783,-10.12682785166353,3.411140721326803,29942.612751860685,-66974.6647438605,-66956.24075179563,0.3844175894794386,0.7680283449427024,-10.206714350991085,1.9979011521890366,30153.081570950842,-66454.24183279632,-66426.60584469902,0.41185657279858445,0.7788019309043419,-10.210277764235975,1.8909542358698972,30119.146636119967,-66537.58458191136,-66509.94859381406,-3.730225362092247,-0.4204023671145781,0.31340503370451905,-10.787885432851292,0.750253603542466,2.3786735713775276,29815.229905288354,-67284.20494692776,-67238.1449667656,520.4229110641754,529.6349070966098,437.08016194913944,446.29215798157384,-309.5402030672558,-281.90421496996714
450,74376,-2.8981981449488976,-0.2858065117943552,-10.140420268080604,3.498870595081209,30921.261259023308,-65275.019021588894,-65256.58524441262,0.37541834433641524,0.7470431039190643,-10.216187560473402,1.9898950469229955,31000.534217263445,-65082.58498401659,-65054.934318252184,0.4021396157931926,0.7569384950988858,-10.219247042837052,1.8822778591606224,30964.755372469946,-65168.47460621342,-65140.823940449016,-2.603212593087914,-0.32264998628866676,0.3129076784819168,-10.876314119690457,0.6768972978577915,3.0993337749759746,30661.124807734235,-65897.38128614775,-65851.29684320708,192.43403757230408,201.65092616043694,106.54441537547245,115.76130396360531,-622.3622645588548,-594.7115987944562
451,73894,-2.799315984343327,-0.27641258019050413,-10.12731035039734,3.6177803459987166,31049.984960783382,-64064.559396951976,-64046.138623126295,0.3891115124074755,0.8309293238344849,-10.19791229671139,2.135452941737535,30875.523469798947,-64478.920662252836,-64451.28950151431,0.417668538262284,0.8476400302637723,-10.202117181182373,2.029456261633665,30853.44957058116,-64531.768739840605,-64504.13757910208,-87.49415884349172,-8.502166421554001,2.7742642521893095e-05,-17.732725219675995,2.404867712959253,0.11761708139055962,30501.63339268804,-65375.20919062895,-65329.15725606474,-414.3612653008604,-405.15087838801264,-467.2093428886292,-457.9989559757814,-1310.6497936769738,-1283.018632938445
452,74366,-3.024965214098352,-0.2982103792039235,-10.14372880707082,3.3533373408045453,31685.78055147851,-63439.927373418526,-63421.49386516428,0.3961016829191672,0.8540216419479493,-10.199725669025796,2.1560666838222704,31963.63599269278,-62788.64792605499,-62760.997663673625,0.42743978385103776,0.8808472874473994,-10.203716944840734,2.0607517613624227,31928.62241231078,-62870.15451994741,-62842.50425756605,-3.1279387600920896,-0.3948294688858491,0.32921533780226275,-11.173792535283606,0.8257746765191614,2.5327390146988105,31604.65672911451,-63624.56778410308,-63578.48401346747,651.2794473635367,660.496201490656,569.7728534711132,578.9896075982324,-184.64041068455117,-156.9901483031863
453,74157,-2.83917442458989,-0.2801595703537804,-10.134133276277629,3.569394394548857,30618.724066672316,-65593.26126868387,-65574.83338919118,0.3763381902794679,0.7469256976857018,-10.220972840732511,1.9847193746960319,30543.557642344746,-65773.53436835953,-65745.89254912049,0.4020632621505234,0.752656914890885,-10.224312527789392,1.8719862910755256,30512.262211883215,-65849.55580073147,-65821.91398149243,-3.0783341551624663,-0.36138963131550467,0.3062362721848015,-10.82126463343482,0.6726390909809916,2.767096544413495,30140.44397050749,-66754.77395336561,-66708.70425463388,-180.27309967565816,-171.05915992931114,-256.2945320475992,-247.08059230125218,-1161.5126846817438,-1133.8708654427028
454,74302,-2.952335998265421,-0.2916408863834247,-10.123189635296677,3.428874505220385,31664.444336510864,-63371.404046479045,-63352.972260182556,0.3846491332974486,0.8153186374222625,-10.191322740037606,2.119642465934735,31971.49073311375,-62652.377153293135,-62624.729473848405,0.41584031063419535,0.8435433119436039,-10.193325106377264,2.028527033988411,31928.01717529394,-62753.478801717,-62725.83112227227,-2.804199859567355,-0.3587244694376025,0.32108322045881676,-11.101538930140467,0.7931326255663165,2.787654830370981,31614.253847626962,-63483.27165735306,-63437.192191611844,719.02689318591,728.2427863341509,617.9252447620456,627.1411379102865,-111.86761087401828,-84.21993142928841
455,74356,-2.848711159741101,-0.28226774061789284,-10.09223070799796,3.5427356941709633,30124.8047978796,-67177.79532020933,-67159.36208091328,0.37754847349409837,0.8144490996284741,-10.19362490137919,2.157204059364857,30206.3204516487,-66974.86481825153,-66947.21495930746,0.40692297833896424,0.8380530478847319,-10.19669359530982,2.0594881402510503,30182.187801175092,-67034.29359058102,-67006.64373163694,-3.6096136642499563,-0.4315757547425957,0.2981047928979192,-11.125705640520643,0.7931934929736619,2.3170903115176826,29708.022680070295,-68207.70666552009,-68161.62356727995,202.93050195780233,212.14712160582712,143.50172962831857,152.71834927634336,-1029.9113453107566,-1002.2614863666677
456,74087,-2.8259716613634254,-0.2791493443530761,-10.12351172779061,3.582311834969497,30360.265599929324,-66089.41110095094,-66070.98511023635,0.3820400421244228,0.7741372548198843,-10.201067762622722,2.026324912213687,30053.76328008798,-66839.15809150462,-66811.51910543273,0.4048386290983371,0.763997828444652,-10.207892933649097,1.8871663263612957,30037.754598251733,-66878.63238941343,-66850.99340334153,-4.574909570766894,-0.4984119676320779,0.3000312865881255,-10.809580453276503,0.8317153748984335,2.00637236852665,29672.574771424315,-67780.85466094968,-67734.7896841632,-749.7469905536855,-740.5339951963833,-789.2212884624896,-780.0082931051875,-1691.4435599987482,-1663.8045739268564
457,74343,-3.0335756984500293,-0.29939795575748224,-10.132252542523304,3.340036165143419,30329.790933199896,-66648.89247045366,-66630.45958085734,0.40928679624850817,0.8809054554329738,-10.191861625680772,2.1522938523971127,30532.306348726754,-66152.14582930924,-66124.49649491475,0.4411781951021565,0.9054175354891519,-10.196276815055047,2.052271724987449,30498.871121896318,-66233.60174806893,-66205.95241367444,-3.3029441434197158,-0.41800019275399436,0.34366726415311855,-11.251908666235302,0.8923744329056277,2.3923433944168777,30121.08456702829,-67156.23223271813,-67110.15000872732,496.7466411444184,505.96308594258153,415.2907223847287,424.50716718289186,-507.33976226446975,-479.69042786998034
458,74603,-2.6963775011392546,-0.26645146972340716,-10.119582015960574,3.753028651101309,30049.67571548708,-67834.66030496999,-67816.22043297027,0.3778494752611833,0.803479645674208,-10.198850148301958,2.1264543112540086,29670.36486760879,-68780.35248467843,-68752.69267667885,0.4043883900158905,0.8145880338603616,-10.203720545911638,2.014370476433194,29660.35129942719,-68805.5347943624,-68777.87498636282,-4.325575578819698,-0.47289663641028296,0.2896879246353747,-10.806761919969707,0.8006968067388287,2.1146270093839377,29310.206088260344,-69687.47487469022,-69641.37519469092,-945.692179708436,-936.4722437085875,-970.8744893924013,-961.6545533925528,-1852.8145697202272,-1825.1547617206525
459,74581,-2.8474252731827696,-0.2811579900181148,-10.12749192366652,3.556719124132203,30244.749965385246,-67310.06367214383,-67291.62439001972,0.39428112448111774,0.8582987469213862,-10.186632868481402,2.1768699885162532,30183.327470261003,-67459.6803669293,-67432.02144374311,0.4241442392134076,0.8794268744268141,-10.191042503503821,2.0734146385148278,30158.336648084158,-67521.45660868759,-67493.7976855014,-3.9428895806361974,-0.45598741437451906,0.3204772833267062,-11.041536743314103,0.8850530529835668,2.193042984249262,29856.79661649223,-68266.91245820135,-68220.81425289102,-149.61669478546537,-140.39705372339813,-211.3929365437507,-202.17329548168345,-956.8487860575115,-929.1898628713097
460,74458,-2.882138589853122,-0.2848691445446649,-10.117412310343177,3.51038369423407,30998.633173854305,-65242.956859964885,-65224.52087899087,0.3795685238304789,0.7990727671154173,-10.195759618634339,2.1052134646240988,31058.55867972641,-65097.15613131959,-65069.50215985857,0.40728827695963016,0.8148771102459171,-10.199083981539655,2.0007379449487237,31035.629967693156,-65152.14440495209,-65124.49043349107,-4.761679016909799,-0.5164695168915504,0.2869529214973491,-10.861655116647274,0.8444913268808868,1.9362226952302057,30645.0162578448,-66091.21832536726,-66045.12837293222,145.8007286452921,155.01871913229843,90.81245501279773,100.03044549980405,-848.261465402371,-820.6074939413447
461,74601,-2.8357336206697323,-0.27969292930783857,-10.138739036726372,3.575349589547076,30983.287409472334,-65548.3439679392,-65529.90414955735,0.37390933358675027,0.7846936430124862,-10.207888518602077,2.0986200999190365,31035.502137458607,-65420.72810631674,-65393.068378743956,0.40077145232062356,0.7970771734652392,-10.212803977650626,1.9888571624796387,31006.534970158835,-65490.38990033576,-65462.730172762975,-2.1394425337563683,-0.27875375230609284,0.30355522465877494,-10.877509527544008,0.6430121925426917,3.5873956555817905,30752.7743569959,-66099.44410202988,-66053.34455607524,127.61586162246385,136.83577081339172,57.954067603444855,67.17397679437272,-551.1001340906805,-523.4404065178969
462,74806,-2.8127963401960105,-0.2782524727471908,-10.108791891138399,3.5938584485053635,29864.797878322697,-68684.18857963315,-68665.74327288385,0.3843349693327926,0.8172605852323782,-10.194346739941928,2.1264278570621524,29717.947110068733,-69050.9309333368,-69023.26297321286,0.4140801287817643,0.8407415841079512,-10.198152857341263,2.0303837969270275,29695.290334626672,-69107.98430725715,-69080.31634713321,-2.5598651011712135,-0.3216761785256927,0.3052924465558459,-10.918501614204603,0.6826229998420084,3.1087163637146005,29305.166247263238,-70093.26640770833,-70047.15314083509,-366.74235370365204,-357.51970032900863,-423.79572762400494,-414.5730742493615,-1409.0778280751838,-1381.409867951239
463,74264,-2.7094494888104363,-0.2672636801334899,-10.137739207426728,3.7416232519904353,30190.043894716287,-66842.0745941093,-66823.64383092715,0.3776881270943171,0.7728154903660965,-10.212872530447743,2.046173641495242,29752.331276632078,-67924.6785180222,-67897.03237324896,0.40124125279518724,0.7693456552949381,-10.21831158510768,1.9174141490572232,29745.084258306844,-67942.76981044988,-67915.12366567664,-6.231240405338341,-0.6428391980201354,0.25265769741472555,-10.751618241746689,1.0156524506464575,1.5555989788424154,29413.70801069774,-68770.75376745887,-68724.67685950347,-1082.6039239129022,-1073.3885423218162,-1100.6952163405804,-1091.4798347494943,-1928.679173349563,-1901.0330285763193
464,74314,-2.9560181284519396,-0.291655106577052,-10.135321006872179,3.4287073239906096,30649.185360602463,-65815.41011421639,-65796.97800493987,0.39404171061344107,0.839504449865699,-10.193518436945888,2.1304964100342705,30739.530244890648,-65594.67627976851,-65567.02811585373,0.42501556929037804,0.8647732704458131,-10.197230483293566,2.0346860984167496,30707.064767850614,-65673.20429860354,-65645.55613468876,-3.323093856440098,-0.40626733398064785,0.32643182719991615,-11.104443293734745,0.8331448817325269,2.461433436456484,30423.70676496581,-66358.14104559303,-66312.06077240173,220.7338344478776,229.94988908614323,142.2058156128478,151.42187025111343,-542.7309313766455,-515.0827674618631
465,74205,-2.8155923631972386,-0.27783718157156817,-10.133965321959506,3.599230291437468,31076.32443622421,-64582.93942223985,-64564.51024861519,0.37021931962459487,0.7487923012597462,-10.22412830434007,2.0225640898995416,31043.593379597387,-64659.13683032272,-64631.49306988573,0.3954103810983443,0.7542117381506438,-10.228219081897505,1.9074151165572468,31017.206681944223,-64722.23704866982,-64694.59328823283,-2.748961260405382,-0.3305426706811483,0.2986814713060206,-10.834993676045269,0.6456880531906642,3.025328009661515,30678.882018043685,-65532.085507095224,-65486.01257303357,-76.19740808287315,-66.98282127053972,-139.2976264299723,-130.08303961763886,-949.1460848553761,-921.5023244183831
466,74153,-2.99288603495795,-0.29551742654687213,-10.127612675603912,3.3838951959111947,31297.863565326214,-63958.945740791176,-63940.51796918062,0.37510957488736074,0.7386964780798883,-10.22226489606846,1.9692818513142638,31601.05285351635,-63242.06635350536,-63214.424696089525,0.4017351094369621,0.7484857948690475,-10.225623929705561,1.863132639609373,31561.101857214086,-63335.87210276903,-63308.2304453532,-2.9700779108912587,-0.35078956505277,0.31037249136862827,-10.809152914241285,0.6717741674888087,2.8507119356574018,31246.337501729333,-64075.12535115033,-64029.055922123945,716.879387285815,726.0932730910936,623.0736380221424,632.287523827421,-116.17961035915505,-88.53795294332667
467,74274,-2.7436789299722912,-0.2708197372030866,-10.13101540643922,3.6924930595073433,30008.999701857836,-67307.82493198874,-67289.39389951523,0.37247961623834025,0.7519690837572516,-10.21684046799784,2.0188194225266964,29511.1507315361,-68548.36536685826,-68520.71881814797,0.39786963875231607,0.757926225709187,-10.220874116898157,1.9049612030864593,29497.36513122076,-68583.06922888492,-68555.42268017464,-4.636724046565512,-0.5032576283076561,0.28738619015942135,-10.83231285782878,0.7853515870021897,1.9870538343607,29071.356161640688,-69659.5759407842,-69613.4983596004,-1240.5404348695156,-1231.3249186327448,-1275.244296896184,-1266.0287806594133,-2351.751008795458,-2324.1044600851747
468,74240,-2.844482084814999,-0.2802230830382859,-10.150777209264975,3.5685853897459743,30343.183162162564,-66420.8445632434,-66402.41444650848,0.3593133355160154,0.6883562154762349,-10.233557392278932,1.9157547116576565,30327.674657012307,-66456.79858231671,-66429.15340721433,0.3834745129424743,0.6921734759256842,-10.236302203475905,1.8050051634840159,30297.171183148068,-66531.50650311714,-66503.86132801475,-3.4078520957892824,-0.37324428694876965,0.28730800053105127,-10.575714172030873,0.5902268806336591,2.6792104660861344,30036.113261928556,-67169.97313502856,-67123.89784319125,-35.95401907330961,-26.738960705843056,-110.66193987373845,-101.4468815062719,-749.128571785157,-721.4833966827719
469,74707,-2.8704172050061323,-0.28417849754742724,-10.10075438423022,3.5189150784819936,30964.373172297266,-65793.18206655112,-65774.73940840132,0.38534093893784827,0.8079024136161777,-10.184840935354204,2.0965911793412753,30985.69884034851,-65739.74784882463,-65712.08386159994,0.41334877524744157,0.8222052161796873,-10.188875156813157,1.9891318552655526,30958.30753817108,-65805.81790999055,-65778.15392276586,-3.9205766946500673,-0.446397655543277,0.30464963366113645,-10.92102525242792,0.8011902537709716,2.2401551342893486,30563.17932702199,-66761.45821347399,-66715.3515680995,53.434217726491624,62.655546801383025,-12.63584343943512,-3.41451436454372,-968.2761469228717,-940.612159698183
470,74484,-2.9225948803714132,-0.2888754386581278,-10.117145624935542,3.461699633050004,30961.94041896728,-65379.963139743566,-65361.526460511166,0.38022267039930097,0.8159625505787175,-10.195758559349372,2.1460123609194914,31367.20369840783,-64409.36150343607,-64381.70648458746,0.41130254686474216,0.8458649679679504,-10.19814171542098,2.0565517388982157,31321.733195394005,-64517.41328125354,-64489.75826240493,-1.9253635770175332,-0.28048185918087604,0.32015747128272565,-11.118626322715263,0.7455959988732538,3.565292967325648,31032.249643244522,-65205.01458178598,-65158.922883704974,970.6016363074959,979.8199759237032,862.549858490027,871.7681981062342,174.94855795758485,202.603576806192
471,74864,-2.8937174636893106,-0.2859600482533371,-10.119306810039824,3.4969919962878246,31041.771561234968,-65901.72636690144,-65883.27951007523,0.38274254482445624,0.8164821256832716,-10.201678110585458,2.1332410956763344,31290.91417774793,-65301.26307436948,-65273.59278913016,0.4105051939365899,0.8300281708449638,-10.206218849682603,2.0219675246622506,31256.641199971033,-65383.306647442485,-65355.636362203164,-3.628198795834568,-0.437568783637849,0.3215457162290642,-11.178685699816693,0.8671227327403533,2.2853549827897313,30901.21764966074,-66235.47251829978,-66189.35537623425,600.4632925319529,609.6867209450647,518.4197194589506,527.6431478720624,-333.7461513983435,-306.07586615902255
472,74568,-2.7926673414118244,-0.2759232569437174,-10.121174171198879,3.624196130027485,30837.55103177774,-65837.92766729037,-65819.48873381088,0.3767557966885486,0.7812947346287196,-10.202076800533419,2.073743102284873,30542.74892125028,-66552.21523276142,-66524.55683254219,0.40249683789653046,0.7879814615358063,-10.20687199778621,1.9577332971206398,30528.746632319766,-66586.4086871644,-66558.75028694517,-3.6915378037596858,-0.4177401787370622,0.30031537733253605,-10.830321029185969,0.743520720996161,2.3938324607014376,30145.757650348394,-67523.79591561496,-67477.69858191625,-714.2875654710515,-705.0680987313099,-748.4810198740306,-739.261553134289,-1685.8682483245939,-1658.209848105369
473,74459,-2.980862295144362,-0.29429229473513724,-10.128917231173636,3.3979822709935337,30545.976354404418,-66340.1356440751,-66321.69963624049,0.4014952511930405,0.8736354759847412,-10.191693302319973,2.1759546928356914,30646.987923912653,-66092.31564257415,-66064.66163082223,0.43382249701339165,0.9020618046979564,-10.196361076152458,2.0793338540719124,30615.417393229614,-66169.05798855456,-66141.40397680264,-4.468833530935882,-0.5417986626875415,0.3340570087798348,-11.491447722950905,0.9925409988614164,1.8457040758269754,30200.748833178943,-67180.45526592818,-67134.36524634164,247.82000150094973,257.0380054182606,171.07765552053752,180.29565943784837,-840.3196218530793,-812.6656101011467
474,73846,-2.915990091514399,-0.2876912336207671,-10.135832276899476,3.475948805997315,29779.157024697353,-67060.95248309718,-67042.53300885188,0.3962693543024123,0.8457967504328749,-10.196340039903266,2.1343985883586813,29808.637327967335,-66985.88373885037,-66958.25452748244,0.42668143409097126,0.8681832094430204,-10.20079232793871,2.034733972647889,29782.82136450758,-67049.86625576606,-67022.23704439812,-2.4534026833291684,-0.3120663963864691,0.32693336582501453,-10.908728971594995,0.7238685494697411,3.2044462703429963,29519.454330745815,-67701.78475509385,-67655.73606948061,75.06874424680427,84.27848136944522,11.086227331121336,20.29596445376228,-640.8322719966673,-613.2030606287299
475,74209,-2.961019468691934,-0.2928004385968475,-10.112756261164337,3.415295430540269,30844.93502681788,-65145.036941625825,-65126.607660194626,0.3873478748608566,0.8317686299538591,-10.18860265682325,2.147342696155614,31083.54986683741,-64571.169041967776,-64543.52511982097,0.41895790638030955,0.8622993066332524,-10.191290347392183,2.0582003430447235,31051.943312285075,-64646.665055246645,-64619.02113309984,-3.4633646455886233,-0.41643426910390446,0.31431622551663563,-11.081797793056122,0.8198630047000824,2.4013393569934327,30681.36508720126,-65533.612601916844,-65487.53939833884,573.8678996580493,583.0825403736526,498.37188637918007,507.5865270947834,-388.5756602910187,-360.93173814421607
476,74061,-2.960748304983415,-0.29241804179294417,-10.125053457131987,3.419761632587915,30899.49246525031,-64736.37273399584,-64717.947445281956,0.4031066695790511,0.8851280909008613,-10.194742227397068,2.1957664253612243,31206.806036111124,-64001.43141631316,-63973.793483242334,0.43615379018563033,0.9186187703051898,-10.19913041910649,2.1061808723804023,31166.78291000336,-64096.47655319139,-64068.838620120565,-3.3103981163038267,-0.4301504248901631,0.33553886718008497,-11.386496830008923,0.8940954469668889,2.3247681325790746,30790.452638607327,-64992.185481515946,-64946.12225973124,734.9413176826856,744.1539620396215,639.8961808044551,649.108825161391,-255.81274752010358,-228.17481444928126
477,74061,-2.854891089232262,-0.28227441762353256,-10.113885322189596,3.5426518932144004,30267.10840384281,-66267.8184618674,-66249.39317315351,0.38333460333777575,0.8034295164815077,-10.201132551901955,2.095896142654163,30344.969577294767,-66075.54352885242,-66047.90559578159,0.41211740085150766,0.8214242448985837,-10.204392693374489,1.9931802035084552,30313.905757271154,-66151.39781277032,-66123.75987969949,-3.231434297307798,-0.38237048640844923,0.3098702992767011,-10.921847842507265,0.7496479255907349,2.615264607352036,29912.506233471227,-67134.62216619727,-67088.55894441255,192.2749330149818,201.487577371925,116.42064909708279,125.63329345402599,-866.8037043298682,-839.1657712590386
478,74699,-2.876180823630999,-0.283904632338649,-10.130799205136654,3.5223095578348063,30903.528925580693,-65925.06273731386,-65906.62029334555,0.3850865334507551,0.8154572854047761,-10.196861422111608,2.117594915868583,31060.660644143765,-65544.21142057316,-65516.54775462071,0.41456727668784304,0.8374444214488469,-10.200630167694113,2.020044679212387,31025.282153203043,-65629.34303207001,-65601.67936611756,-4.61896359524476,-0.5286565247722373,0.3131413866555076,-11.20655806290276,0.935887223538711,1.8915873599230293,30658.981729680978,-66512.52544299353,-66466.41933307277,380.8513167406927,390.0725387248385,295.7197052438423,304.94092722798814,-587.4627056796744,-559.7990397272224
479,73615,-2.9680680006009332,-0.2926219933023683,-10.143010670882855,3.4173781290823655,30724.52912509962,-64319.865299515,-64301.4520913384,0.3866267160572158,0.824342688622219,-10.209690436983456,2.132141040404013,31024.81961267798,-63601.87204742862,-63574.252235163716,0.4171195017717447,0.8497178968145787,-10.212948095044368,2.037109013616821,30985.848184541814,-63694.40070941075,-63666.78089714585,-2.2552816892879135,-0.315566252249549,0.3252353957096952,-11.170750616041136,0.7627455113049835,3.1689066649915483,30660.422118617178,-64467.62412483865,-64421.59110439715,717.9932520863804,727.1998561746805,625.4645901042459,634.671194192546,-147.75882532365358,-120.13901305875333
480,74761,-2.80697245101831,-0.2773485697535492,-10.12073887207197,3.605571144241327,30615.81850981534,-66741.09107639648,-66722.64697312124,0.3743602861052768,0.7558275853819463,-10.208056690519275,2.018984420717624,30421.528582438827,-67215.04093369754,-67187.3747787847,0.3987045826391633,0.7558453137517814,-10.213879223018672,1.895752761978757,30401.00053340972,-67265.50570568409,-67237.83955077124,-2.7962614098051146,-0.3291435778742581,0.29902423719960836,-10.729945894957867,0.618720072054767,3.0381877916573767,30080.047850654908,-68054.97636786904,-68008.86610968095,-473.9498573010642,-464.7278056634532,-524.4146292876103,-515.1925776499993,-1313.8852914725576,-1286.21913655971
481,74096,-2.8160429294316844,-0.27842435396298626,-10.114211955057815,3.591639832386717,30290.019414395658,-66278.07915265035,-66259.6529189929,0.37231943268494555,0.7551147697028612,-10.205227097435252,2.028136872301894,30138.767133840385,-66647.00211914892,-66619.36276866276,0.3968836471230316,0.7567843407559375,-10.21030291834487,1.9068166356608258,30117.46741089952,-66699.38588818743,-66671.74653770127,-3.7922168896340196,-0.41642557574026084,0.2888857723539262,-10.676782108214462,0.687790620042064,2.4013894877190127,29729.239283749583,-67656.72716886876,-67610.66158472515,-368.922966498576,-359.70984966986,-421.30673553708766,-412.09361870837165,-1378.6480162184162,-1351.0086657322536
482,74259,-2.863125661221509,-0.2822437915909119,-10.144158158743004,3.5430363033437917,31046.07419877076,-64756.28008398289,-64737.84945546001,0.37737311794273126,0.7495847014357208,-10.216935018244467,1.9863224638843378,30945.130563087932,-64996.12019973034,-64968.47425694602,0.4020742961012645,0.7505512279509696,-10.222214780951074,1.866697859646167,30916.26709960876,-65065.41614747868,-65037.77020469436,-2.9572246873400796,-0.34149137433088617,0.3040496446619047,-10.69394532327771,0.622767674123504,2.928331651009889,30667.811657889462,-65660.60194745849,-65614.52537615129,-239.8401157474509,-230.62480148601026,-309.13606349578913,-299.9207492343485,-904.3218634755976,-876.6759206912757
483,73932,-2.9784977206511325,-0.2937802566834248,-10.138522425830464,3.4039047119411836,31209.99006359977,-63755.51231840304,-63737.090516341435,0.40167162173375254,0.8340774066120352,-10.20489790070875,2.076515644824175,31221.457037808163,-63726.353686461305,-63698.7209833689,0.4298974597203135,0.8435166748403449,-10.211051521335518,1.9621345876040472,31192.299258561558,-63795.43118539754,-63767.79848230513,-6.285912463434167,-0.7016684868193991,0.3213631187751827,-11.510382548300392,1.1190331610819069,1.4251744503061712,30786.313423630443,-64760.0160813633,-64713.96157620929,29.158631941732892,38.369532972537854,-39.918866994499695,-30.707965963694733,-1004.5037629602593,-976.8710598678517
484,74638,-2.821610600677809,-0.27842862224891207,-10.134053668359284,3.591584772868686,31275.88795518232,-64916.30504469297,-64897.86423461321,0.38328433582358623,0.7922571767519947,-10.20764852085408,2.0670220583098544,31103.188031034675,-65327.58496807585,-65299.923752956216,0.41014813406790146,0.8018796332986667,-10.212678255059625,1.9550976017994337,31080.827757780164,-65381.26198220656,-65353.60076708693,-3.0801428610158106,-0.36209241839789963,0.3085299216208102,-10.827588348011947,0.6965545590846576,2.761725872153198,30767.86150216966,-66132.63368187017,-66086.53165667078,-411.2799233828773,-402.05951834300504,-464.9569375135907,-455.7365324737184,-1216.3286371771974,-1188.667422057566
485,74424,-2.9011245226911413,-0.28604403655448696,-10.142230397935675,3.49596520887271,30834.981156971597,-65573.12036792576,-65554.68530042686,0.3798325020094846,0.7643754176254787,-10.210872524546135,2.0124012915734943,30733.18368930669,-65817.22748046527,-65789.57487921692,0.4045504015933965,0.7641826287796936,-10.21673782621685,1.8889676682307546,30710.42135771136,-65872.36955238154,-65844.71695113319,-3.686065674460833,-0.4134345550149712,0.30394131684303705,-10.760245197362954,0.7133473202960203,2.4187625051413235,30381.29355924572,-66670.28661414374,-66624.19894539649,-244.10711253951013,-234.88957879005466,-299.2491844557808,-290.0316507063253,-1097.166246217981,-1069.5136449696292
486,73837,-2.815524583496944,-0.27761873620237554,-10.141695124800629,3.602062359620536,30563.507394075943,-65124.164529750764,-65105.745299270835,0.37563432264502666,0.7540719309322675,-10.217511415409032,2.0074628048429517,30267.44741455898,-65840.8891783955,-65813.2603326756,0.3994650978058868,0.7509500773277993,-10.222744744361554,1.8798890853105534,30249.68636947446,-65884.22970831019,-65856.60086259029,-3.9782609120966566,-0.44052945890590745,0.29952024626042756,-10.779087583469837,0.7382749020004364,2.269995751211702,29817.07497705476,-66943.82225058258,-66897.77417438275,-716.7246486447402,-707.5150334047721,-760.0651785594237,-750.8555633194555,-1819.6577208318195,-1792.028875111915
487,74074,-2.8747069537780643,-0.2839279281201857,-10.124776991156752,3.52202055860001,30580.01949832722,-65530.58301494858,-65512.15737520354,0.3766637596149059,0.7686607343304287,-10.210986494234849,2.040707964887021,30679.086382794165,-65289.00110490772,-65261.362645290166,0.4044554123144075,0.7840892429862443,-10.21414725993042,1.938629621741159,30646.15325539904,-65368.56014870668,-65340.921689089126,-2.784997403047348,-0.33458691410365093,0.30631394540884266,-10.825798685691707,0.669393822600628,2.988760043646573,30353.86005115606,-66074.44499452012,-66028.38089515752,241.5819100408553,250.79472991337389,162.02286624189583,171.23568611441442,-543.8619795715422,-516.2235199539791
488,74460,-2.9624235433772395,-0.2926289381957738,-10.123481162328954,3.417297025255181,31362.39568108444,-64378.02388331841,-64359.58784862356,0.38622402373978026,0.7849475866887722,-10.205318798743482,2.0323634430820214,31675.06638589577,-63637.36306652658,-63609.7090144843,0.41430217026385446,0.7989488231699736,-10.20904629775825,1.92842055995302,31635.022714895305,-63731.55507233968,-63703.9010202974,-2.7338778228520644,-0.3395403305698013,0.3173880216061448,-10.922412296535132,0.7028458867173669,2.945158232961148,31328.778874044805,-64451.87906899166,-64405.788982254526,740.6608167918312,749.8788341392574,646.4688109787312,655.6868283261574,-73.8551856732447,-46.20113363096607
489,74388,-2.9450863485656718,-0.2905829110304558,-10.135098234517304,3.4413586003864856,30864.807856794425,-65433.4876560767,-65415.05355624172,0.38525343885268243,0.8119556840770469,-10.202135796777428,2.107588413733879,30979.98344622405,-65154.416896484894,-65126.765746732424,0.41461192079467396,0.831953549329012,-10.205994287230132,2.006583765692101,30950.103707779486,-65226.19764984811,-65198.54650009564,-2.882638486702388,-0.3506077001782129,0.3189634227687341,-10.914833048864987,0.7414087223795158,2.852190637831693,30721.84335925004,-65772.85022851832,-65726.76497893088,279.07075959180656,288.2878095092965,207.29000622859166,216.5070561460816,-339.3625724416197,-311.7114226891572
490,73938,-2.8232526793055195,-0.278126110189074,-10.150980349835665,3.5954912658872122,29868.358346494937,-67015.41678384137,-66996.99481947503,0.3794568940944894,0.775633352604136,-10.218888229847526,2.0440618280372944,29581.390102562447,-67727.23049616827,-67699.59754961877,0.4058829800775023,0.7838535627550528,-10.223184350617194,1.931230431503627,29564.34303470973,-67769.85152970489,-67742.2185831554,-3.433380032594938,-0.38696153604972766,0.3058356425412408,-10.731089793145268,0.692290812570226,2.584236175534232,29257.283161718944,-68537.798875801,-68491.74396488517,-711.8137123268971,-702.6027301437425,-754.4347458635166,-745.223763680362,-1522.3820919596328,-1494.74914541014
491,74518,-2.792188519524779,-0.27577350197578593,-10.124934047397872,3.6261641993718605,29914.625648901318,-68008.07143069277,-67989.63383872093,0.3741756488804949,0.7599528813751957,-10.211280448337053,2.0310057152273724,29660.700758704148,-68641.3038563857,-68613.64746842792,0.40059875221777347,0.7700049170046908,-10.214279416248655,1.922135085897873,29638.64845874187,-68696.72751232891,-68669.07112437114,-3.388914334482387,-0.38207404416672847,0.29452928680702056,-10.721928576258813,0.6611941825356362,2.617293729494021,29264.958275765643,-69638.2390079527,-69592.14502802308,-633.2324256929278,-624.0136297069985,-688.6560816361452,-679.4372856502159,-1630.1675772599265,-1602.511189302153
492,74818,-2.729346365291637,-0.269298004445302,-10.135041182030012,3.7133583743399527,31367.742121421128,-65033.67536071857,-65015.22973316512,0.37306596283646204,0.7696457859280668,-10.213246061007407,2.0630286935756996,31138.980680463006,-65579.31405102981,-65551.64560969964,0.396512893736128,0.767219032033528,-10.220097593990369,1.934915721918738,31124.291585278323,-65614.61604220132,-65586.94760087115,-3.936720168953386,-0.4333424640651797,0.29295702121070966,-10.739671007207717,0.7205267937473648,2.307643683517682,30815.675826644612,-66356.18327024995,-66310.06920136634,-545.6386903112434,-536.4158765345201,-580.9406814827526,-571.7178677060292,-1322.507909531385,-1294.839468201215
493,74193,-2.898262306876188,-0.28584193242180694,-10.13938816576192,3.498437026112512,31213.657685220325,-64233.34260898731,-64214.91375881714,0.3774319702018926,0.7669002924197327,-10.214785048573626,2.0318901231644713,31302.400219126102,-64020.70619136451,-63993.06291610926,0.4033659503748344,0.7732030578877717,-10.218731041879892,1.9168773595521884,31269.92587709507,-64097.71688362882,-64070.07360837357,-3.2829621499277675,-0.3832016229792951,0.31016726861084665,-10.868365115001575,0.7271425981018184,2.609592287802057,30975.589935972614,-64795.38443219142,-64749.31230676601,212.63641762280167,221.85084270788502,135.62572535849176,144.8401504435751,-562.041823204112,-534.3985479488692
494,74225,-2.848209627808617,-0.281496892421753,-10.118085508174222,3.552437085173036,30248.22375599701,-66625.07749657753,-66606.64778397827,0.37647895602857173,0.7851797504644443,-10.215832112808421,2.0855873559234355,30329.685069039802,-66423.45127234755,-66395.80670344866,0.4035587186423214,0.7972847446600069,-10.220083024058033,1.9756350385447854,30298.605148229475,-66499.55130142494,-66471.90673252605,-2.5891211426309244,-0.3307398952863924,0.31020870111746823,-11.014034546142035,0.7149206053383145,3.0235239662698863,29887.475323043385,-67509.62584155436,-67463.55156005619,201.62622422998538,210.84108052961528,125.52619515258993,134.74105145221984,-884.5483449768217,-856.9037760779174
495,74157,-2.888348815704582,-0.28516403530174655,-10.128727532727867,3.5067535741028815,31082.45355364392,-64478.55207151214,-64460.124192019444,0.39084520932991446,0.8231681773749604,-10.20470461465144,2.1061232368339455,31262.29508389095,-64048.719875806935,-64021.078056567894,0.4179185411761074,0.8303890740395043,-10.210187721627287,1.986963946855819,31227.225195972987,-64131.955526831975,-64104.31370759293,-1.8974910636792781,-0.27283304712115547,0.32854244897000406,-11.049717733321247,0.727319569718072,3.6652451400285666,30931.33933145456,-64833.96197837551,-64787.89227964378,429.83219570520305,439.0461354515501,346.5965446801638,355.8104844265108,-355.4099068633732,-327.7680876243321
496,74353,-2.794761807407983,-0.27574352837546934,-10.135366816669087,3.626558367086456,30041.04519062252,-67379.10533196229,-67360.67217336074,0.36935882538503406,0.7528942451725689,-10.222213124977145,2.0383816317038654,29786.086924621817,-68010.83207240026,-67983.18233449793,0.39415433948466744,0.7560730672626723,-10.227292096344387,1.918215763528549,29765.997886119472,-68060.99590263961,-68033.34616473729,-3.644706917497275,-0.4134754318590577,0.2974311918259104,-10.851622338354836,0.724462522478697,2.4185233824022516,29368.440925829054,-69056.75166652814,-69010.66877002429,-631.7267404379672,-622.5101611371938,-681.8905706773221,-672.6739913765487,-1677.6463345658558,-1649.99659666355
497,74386,-2.99492751056254,-0.29572954966956494,-10.127251449538738,3.3814679700332806,31780.854725933263,-63254.12934950536,-63235.695303443215,0.388315796143615,0.8324744431601536,-10.190745777912573,2.1438078271023273,32291.756858380082,-62065.82616739534,-62038.17509830213,0.41912825810842247,0.8590269212943875,-10.19446752121382,2.0495562030851415,32244.605508479675,-62174.52150779393,-62146.87043870072,-1.9486603734644987,-0.2839727341598972,0.3261126548979184,-11.11165990827368,0.7471823439227415,3.5214648440048038,32024.40949578395,-62680.24037280062,-62634.15525764526,1188.303182110023,1197.5202051410888,1079.6078417114331,1088.824864742499,573.888976704744,601.5400457979558
498,74011,-2.938720177585089,-0.29061855281190213,-10.111949664435652,3.440936548353239,30971.83687222635,-64469.604105354694,-64451.18016733512,0.38580146781645197,0.7916690068318589,-10.19205446747444,2.0520113915390845,31014.022829781934,-64366.86418171057,-64339.228274681205,0.41403061261810215,0.8064600987177979,-10.195557893319638,1.9478272237363978,30984.724055879204,-64436.81500574042,-64409.17909871106,-3.367431916070045,-0.3834457234195469,0.31102235884053153,-10.734401915126751,0.7196264370034914,2.607931028887368,30736.01247942961,-65029.29175411827,-64983.23190906933,102.73992364412697,111.95189265391673,32.789099614274164,42.00106862406392,-559.6876487635745,-532.0517417342053
499,74570,-2.898276510580896,-0.28679085370019386,-10.105888919354113,3.4868615477025724,30839.533522957965,-65836.89983249031,-65818.46084536923,0.390817989250947,0.8290009317608522,-10.188752237487597,2.121194403946807,30977.57876373028,-65501.85125305268,-65474.19277237107,0.4197536141215816,0.8455933400649555,-10.19342003597527,2.0144992481709267,30947.890494300787,-65573.35186330223,-65545.69338262062,-2.2566010501141407,-0.30132500889101305,0.3222506146181999,-10.99289781920587,0.7288660624120364,3.318675750414372,30618.455722188584,-66367.39127696888,-66321.29380916619,335.0485794376291,344.26807299816574,263.5479691880755,272.76746274861216,-530.4914444785682,-502.8329637969582
