x,b,D_raw_interp,D_smooth,D_final,D_var_source,p_emp,p_closed,ratio_pemp_over_pclosed,J_raw,J_smooth,S_raw,S_smooth
-10.93850148498482,0.5756176051634524,0.07552038551623518,0.0755204267353274,0.0755204267353274,D_mean_resid2,0.3239413957815493,0.020349585915987803,15.918820025081805,0.3010489424067655,0.24849311399061214,-2.3881826275906417,-2.3277802835770642
-10.9296606433914,0.5709822013270783,0.07552038551623518,0.07552057063371267,0.07552057063371267,D_mean_resid2,0.3105271303151716,0.02176215110081379,14.269137682053845,0.25858022305777917,0.22737956968392567,-2.4769008073489243,-2.258628963755568
-10.92081980179798,0.5663448026925904,0.07552038551623518,0.07552105281429847,0.07552105281429847,D_mean_resid2,0.30490991658048927,0.02326003065530012,13.108749558376498,0.18444656573078602,0.20469733862984013,-2.5379629469919642,-2.1483158988555964
-10.91197896020456,0.561705515144019,0.07552038551623518,0.07552234649169744,0.07552234649169744,D_mean_resid2,0.3077659499317688,0.024847226825262414,12.386329955295462,0.13083212151409734,0.18250411291527482,-2.382187567477372,-1.9910827175125334
-10.90313811861114,0.5570644471559275,0.07552038551623518,0.07552515624473713,0.07552515624473713,D_mean_resid2,0.3147360070646434,0.026527734979074555,11.864413125090081,0.1199664693511858,0.16257625277007612,-2.0646458231728655,-1.7882000412602344
-10.894297277017722,0.5524217098154542,0.07552038551623518,0.07553017187481795,0.07553017187481795,D_mean_resid2,0.3206943052445897,0.028305594769828177,11.329714420501343,0.1357617365436884,0.14599769957690265,-1.665913447139288,-1.5489958987807457
-10.885456435424302,0.5477774168436965,0.07553291636255365,0.0755376870910556,0.0755376870910556,D_mean_resid2,0.3243738516001963,0.030185032975181995,10.746181787076234,0.14234564978410247,0.13312009898106633,-1.2552730400777303,-1.2894852332713262
-10.876615593830882,0.5431316846164064,0.07554544720887212,0.07554740818433438,0.07554740818433438,D_mean_resid2,0.3288921481274318,0.03217059340435255,10.22337835033326,0.12154549933751299,0.12380235936926663,-0.8737939720646226,-1.0289768059111277
-10.867774752237464,0.5384846321839519,0.07555797805519057,0.07555864535325388,0.07555864535325388,D_mean_resid2,0.33764278487970323,0.03426713637854788,9.853253599885763,0.09116815486121099,0.11766995079645003,-0.5429793199431003,-0.785723619928174
-10.858933910644044,0.533836381290515,0.07557050890150904,0.07557069401898656,0.07557069401898656,D_mean_resid2,0.35000004268248147,0.03647972146912258,9.59437267027192,0.08182798139536016,0.11420157105702837,-0.28269901433427513,-0.5728459912222135
-10.850093069050626,0.5291870563925003,0.07558303974782751,0.07558308096691974,0.07558308096691974,D_mean_resid2,0.36210047364275094,0.03881349096000442,9.329242608346654,0.09936770365041933,0.11267135638775953,-0.11667074869318572,-0.3955450438094074
-10.841252227457206,0.5245367846761086,0.07559557059414598,0.07559557773900398,0.07559557773900398,D_mean_resid2,0.37146223512629406,0.04127362837725724,8.999989817492729,0.122026045038752,0.11213863584146444,-0.058017975747149286,-0.25030589937827047
-10.832411385863786,0.519885696074054,0.07560810144046444,0.0756081022789822,0.0756081022789822,D_mean_resid2,0.3790101982231393,0.043865373016425575,8.640304918442556,0.1318312075328185,0.11164550092145667,-0.08720920019823897,-0.12644246516596902
-10.823570544270368,0.5152339232813768,0.07562063228678291,0.07562063228678292,0.07562063228678292,D_mean_resid2,0.38658680336914436,0.04659404357586088,8.296914663346037,0.13050585696957687,0.11059663039258175,-0.1431387940885287,-0.009836819011332567
-10.814729702676948,0.5105816017703231,0.07563316313310138,0.07563316313310138,0.07563316313310138,D_mean_resid2,0.39494001880848006,0.04946504944540325,7.984223673816251,0.12323976546323756,0.10911456611263712,-0.14020912799411356,0.11199896661320469
-10.805888861083528,0.5059288698042621,0.07564569397941985,0.07564569397941984,0.07564569397941984,D_mean_resid2,0.40478639347217465,0.052483891004857564,7.7125835322444045,0.10660888351038905,0.10811749701148674,-0.006953802503414153,0.24514911841624187
-10.79704801949011,0.5012758684505977,0.07565822482573831,0.07565822482573832,0.07565822482573832,D_mean_resid2,0.4177553141376697,0.055656154511220066,7.506003923671224,0.08102209094601207,0.10899161117982756,0.27299212474127277,0.3867428634114186
-10.78820717789669,0.4966227415926345,0.07567075567205678,0.07567075567205679,0.07567075567205679,D_mean_resid2,0.43465237423768777,0.05898750545479221,7.36854984604839,0.06289498418178194,0.11294445727366435,0.640990398285382,0.5260178813184299
-10.77936633630327,0.4919696359403776,0.07568328651837525,0.07568328651837525,0.07568328651837525,D_mean_resid2,0.45335337733099035,0.06248368082586026,7.255548510249735,0.07273518577546087,0.12032540032811609,0.9802484024677218,0.6489851853367441
-10.770525494709853,0.4873167010402194,0.07569581736469372,0.07569581736469372,0.07569581736469372,D_mean_resid2,0.46961705320122127,0.06615048075567026,7.099223585929371,0.11290290503898451,0.13027689897050015,1.1674056961814312,0.744947934508132
-10.761684653116433,0.4826640892834725,0.07570834821101219,0.07570834821101219,0.07570834821101219,D_mean_resid2,0.48028326723088377,0.06999375952581546,6.861801258921421,0.16413579599565323,0.14096709799850476,1.1367909200845823,0.8118892089537197
-10.752843811523013,0.4780119559137312,0.07572087905733065,0.07572087905733066,0.07572087905733066,D_mean_resid2,0.48526559623701565,0.07401941594237188,6.555923065035006,0.20235463553029148,0.15037727586911215,0.9240187778144975,0.8578089876841908
-10.744002969929593,0.4733604590330028,0.07573340990364912,0.07573340990364912,0.07573340990364912,D_mean_resid2,0.4870370197555233,0.07823338307353728,6.2254372829271825,0.21271883244331502,0.15730530528651185,0.6615397530664442,0.8966708966766301
-10.735162128336173,0.46870975960659,0.07574594074996759,0.07574594074996759,0.07574594074996759,D_mean_resid2,0.4892660558542855,0.08264161735198455,5.920334953881881,0.19192141233693688,0.1620744121983334,0.5213915605005841,0.9401543174799193
-10.726321286742753,0.4640600214666833,0.07575847159628606,0.07575847159628606,0.07575847159628606,D_mean_resid2,0.49560544449746413,0.08725008704579909,5.680285960486345,0.14979169471128384,0.16652438567557531,0.6287696125411912,0.9887394114529715
-10.717480445149334,0.4594114113146226,0.07577100244260453,0.07577100244260453,0.07577100244260453,D_mean_resid2,0.50781921008135,0.09206476010460841,5.515891308513066,0.11108550794959687,0.1731921172847974,0.9885274445942951,1.026563739449764
-10.708639603555914,0.4547640987217912,0.07578353328892298,0.07578353328892298,0.07578353328892298,D_mean_resid2,0.5239559409757679,0.0970915913903757,5.3965120302653276,0.10428940446429466,0.1840032147723873,1.4641408374022866,1.023336436845218
-10.699798761962496,0.4501182561291289,0.07579606413524145,0.07579606413524145,0.07579606413524145,D_mean_resid2,0.538907736411533,0.1023365093052617,5.266035944259286,0.14142741995374047,0.19908059171265585,1.8248969144799645,0.9437081947500731
-10.690957920369076,0.4454740588451888,0.07580859498155992,0.0758086179942628,0.0758086179942628,D_mean_resid2,0.5473736856796481,0.10780536825622426,5.077425127649382,0.2111137831536364,0.21627046386286114,1.843519466510168,0.76109779905977
-10.682117078775656,0.440831685042746,0.0758211258278784,0.07582135251411821,0.07582135251411821,D_mean_resid2,0.5463599938998659,0.1135037521462485,4.813585309460838,0.2878229896231803,0.23167711886826103,1.400243481822132,0.4706448633042089
-10.673276237182238,0.4361913157538869,0.07583365667419685,0.07583504864162514,0.07583504864162514,D_mean_resid2,0.536231350762078,0.11943610454343867,4.489692231774452,0.34133525522633207,0.24102912549287664,0.5443441525067598,0.09585956113658178
-10.664435395588818,0.4315531348635702,0.07584618752051532,0.07585277214345468,0.07585277214345468,D_mean_resid2,0.5210898278126583,0.12560257467932756,4.148719316805712,0.3474179864238247,0.2413020397174917,-0.516670459214776,-0.3141661798808302
-10.655594553995398,0.4269173291016183,0.07585871836683379,0.07588378733145784,0.07588378733145784,D_mean_resid2,0.5073338824798478,0.13199080813991088,3.843706161281106,0.30399507428250105,0.2318935221210418,-1.4961224784952574,-0.6963987502484056
-10.64675371240198,0.4222840880330949,0.07587124921315226,0.07594941822905364,0.07594941822905364,D_mean_resid2,0.5000779916012307,0.1385615492062146,3.6090675549317672,0.23306612762067785,0.21484807604403286,-2.139700353902109,-0.990265893206622
-10.63791287080856,0.4176536040470531,0.07588378005947073,0.07608627018386097,0.07608627018386097,D_mean_resid2,0.5008964691129848,0.14523553977400286,3.4488560437232954,0.1614147843238833,0.19406001834857822,-2.3192885896210527,-1.1530085688421028
-10.62907202921514,0.4130260723436151,0.07589631090578919,0.07633898591947631,0.07633898591947631,D_mean_resid2,0.5085943519122998,0.15189991736621952,3.348220069706268,0.10717960452139141,0.17383914998350034,-2.068061342117195,-1.1689252924798348
-10.62023118762172,0.4084016909193472,0.07625274460486145,0.07674079834612171,0.07674079834612171,D_mean_resid2,0.5203293649654891,0.15844590151844537,3.2839559747458367,0.08427144622354554,0.15749321288631077,-1.5439931404569052,-1.0502240355051184
-10.6113903460283,0.4037806605509021,0.07706645352510066,0.07729436478615381,0.07729436478615381,D_mean_resid2,0.5316420392522576,0.1648180901661524,3.225629169202917,0.10118015238356365,0.1465387524312871,-0.9435498131540685,-0.8305891344233327
-10.60254950443488,0.3991631847769078,0.07788016244533989,0.07797003595964103,0.07797003595964103,D_mean_resid2,0.537862075344826,0.17103375184615519,3.144771540933235,0.14449037913981794,0.1408096640191184,-0.4121032125972812,-0.5549892144887071
-10.593708662841465,0.3945494698780631,0.07869387136557862,0.07872330284121165,0.07872330284121165,D_mean_resid2,0.5377602747661488,0.17715603374036354,3.0355176925798637,0.17575786788537182,0.1392520739858627,0.0014464703244989607,-0.2697148905140429
-10.584867821248045,0.3899397248554102,0.07950758028581784,0.07951546682407373,0.07951546682407373,D_mean_resid2,0.5355059643101342,0.18324985518685635,2.9222722373455032,0.16318803899649822,0.14083524004913722,0.3249252913555445,-0.015245973328350412
-10.576026979654625,0.3853341614067707,0.08032128920605706,0.08032298945885871,0.08032298945885871,D_mean_resid2,0.5370943932956391,0.1893561941525913,2.836423681302052,0.11820770154331761,0.14499730004700312,0.5981041770597724,0.1776336170214256
-10.567186138061205,0.3807329939013086,0.08113499812629628,0.08113528186891623,0.08113528186891623,D_mean_resid2,0.5441567491086916,0.1954915370347117,2.7835309771597454,0.08919505907073011,0.15141072862063382,0.8123454839073254,0.28967680930669604
-10.558345296467785,0.3761364393521913,0.08194870704653551,0.08194873764569656,0.08194873764569656,D_mean_resid2,0.5518958942552483,0.201658065171838,2.736790585513967,0.11337647759349681,0.1593609355317127,0.8998860190465212,0.3143966850481164
-10.549504454874366,0.3715447173873439,0.08276241596677456,0.08276241596677461,0.08276241596677461,D_mean_resid2,0.5535862111390653,0.20785219401437827,2.663364771125633,0.1785054870422623,0.16732222811367953,0.7810735785321707,0.2590611592877191
-10.540663613280946,0.3669580502182482,0.08357612488701378,0.08357612488701377,0.08357612488701377,D_mean_resid2,0.5468989974397658,0.21406863721583205,2.5547833842113064,0.2363046491304499,0.17317163109292816,0.4347029378038627,0.14450812107636887
-10.531822771687526,0.3623766626067894,0.084389833807253,0.08438983380725296,0.08438983380725296,D_mean_resid2,0.5354482339378678,0.22030171696105866,2.430522291537635,0.2502744899776307,0.17500850774031607,-0.060782305161088956,0.0022951587367701287
-10.522981930094108,0.3578007818301191,0.08520354272749206,0.08520354272749212,0.08520354272749212,D_mean_resid2,0.5247818337509285,0.22654567370182,2.316450476302839,0.22187596561793035,0.172096897629705,-0.5468668825772891,-0.13151498725199628
-10.514141088500688,0.3532306376435099,0.08601725164773127,0.08601725164773127,0.08601725164773127,D_mean_resid2,0.5183063733409385,0.23279475175508807,2.2264521404942292,0.17421435094672086,0.16533898077720977,-0.8551590452176612,-0.22492733806642434
-10.505300246907268,0.3486664622412029,0.08683096056797049,0.08683096056797045,0.08683096056797045,D_mean_resid2,0.5167518658577452,0.2390432108660691,2.1617508566150847,0.12810334963003736,0.15697624631780568,-0.8858376360562179,-0.25836470016789276
-10.49645940531385,0.3441084902152203,0.08764466948820955,0.0876446694882096,0.0876446694882096,D_mean_resid2,0.5191871627736423,0.24528533747849318,2.116666116739102,0.09805311019022625,0.14967588034148577,-0.6498267466106409,-0.22977603066381214
-10.48761856372043,0.3395569585121238,0.08845837840844877,0.08845833913450615,0.08845833913450615,D_mean_resid2,0.5233567424958186,0.25151556924984536,2.0808125081749402,0.09507139515414381,0.1454862156579031,-0.2552983063735983,-0.1545256485156583
-10.47877772212701,0.3350121063877298,0.089272087328688,0.08927174846367457,0.08927174846367457,D_mean_resid2,0.5260921571715094,0.2577289362621484,2.0412615083173895,0.11889076977768082,0.14516177657005097,0.1480691745978291,-0.060095574379206734
-10.469936880533592,0.3304741753597437,0.09008579624892704,0.09008382970811099,0.09008382970811099,D_mean_resid2,0.5251711359858837,0.2639231068044766,1.9898641780348119,0.1515151026316632,0.14810432789287792,0.43351642003061386,0.022409361668478574
-10.461096038940171,0.3259434091583238,0.09089950516916627,0.09089062737197301,0.09089062737197301,D_mean_resid2,0.521009474603924,0.27010481334841974,1.928915920250009,0.17184420734591407,0.15282707656532493,0.5383193006147664,0.06698005402201493
-10.452255197346751,0.3214200536745665,0.09171321408940548,0.091681028235957,0.091681028235957,D_mean_resid2,0.5156315292566009,0.27630378601866973,1.8661761269596209,0.17607598486705775,0.15762271921970952,0.46791363413295883,0.05899313700173517
-10.443414355753331,0.3169043569068987,0.09252692300964471,0.09243171873932107,0.09243171873932107,D_mean_resid2,0.5103445062541199,0.28259055929156085,1.8059503032710142,0.17419278379217562,0.16110057720286688,0.27116917153020736,-0.0023070301911844522
-10.434573514159911,0.3123965689053777,0.09334063192988393,0.09310731738743916,0.09310731738743916,D_mean_resid2,0.5053660028903569,0.2890800191718465,1.7481872470401942,0.17218850106677253,0.16241744660074456,0.007685548937818254,-0.10503397977263519
-10.425732672566491,0.3078969417139164,0.09415434085012314,0.09367197075339526,0.09367197075339526,D_mean_resid2,0.5008854379334697,0.29589913256745165,1.6927573717009476,0.16924221262614594,0.16123647064430235,-0.2735144563159473,-0.228477703814757
-10.416891830973077,0.3034057293104062,0.094381138229529,0.09410845167025955,0.09410845167025955,D_mean_resid2,0.4971676118936989,0.30312674127100264,1.6401311537513579,0.16582504452176614,0.15758125063714815,-0.536586198034799,-0.34811965521235444
-10.408050989379657,0.2989231875447584,0.09454488889486595,0.09442903894754709,0.09442903894754709,D_mean_resid2,0.4940644077518391,0.3107519118271578,1.5898998170175085,0.16373410098925667,0.15174872348822155,-0.7493395616334233,-0.44071829378410987
-10.399210147786237,0.2944495740748741,0.09470863956020291,0.09466751879463858,0.09466751879463858,D_mean_resid2,0.4912343795577305,0.31868873383069707,1.5414237386210774,0.16034427965614595,0.14433166590898036,-0.8755046727416449,-0.4887606626212184
-10.390369306192817,0.2899851483005414,0.09487239022553987,0.09486036242387996,0.09486036242387996,D_mean_resid2,0.48889140093592975,0.3268306166650331,1.495855577805282,0.1476071868988481,0.13626832723620572,-0.8796122293518192,-0.48382988434348007
-10.381528464599397,0.2855301712952683,0.09503614089087682,0.09503327891262825,0.09503327891262825,D_mean_resid2,0.4882579147184029,0.33509538344344275,1.457071445452518,0.12026386716813786,0.1287786411423114,-0.7441832020156518,-0.4284758501531262
-10.372687623005978,0.2810849057360792,0.09519989155621375,0.09519934952355563,0.09519934952355563,D_mean_resid2,0.49070706263015734,0.3434364972881072,1.4288145450613117,0.08898759317223712,0.12310991562519774,-0.48747788385079094,-0.33617920130018625
-10.363846781412558,0.2766496158312725,0.0953636422215507,0.09536356699953182,0.09536356699953182,D_mean_resid2,0.4956414946597001,0.3518320969383779,1.4087443953315886,0.07787857047904378,0.12015921163947194,-0.16714953105963382,-0.22918702295974747
-10.355005939819138,0.2722245672461737,0.09552739288688766,0.09552738866803548,0.09552738866803548,D_mean_resid2,0.4999871226035919,0.3602715999714501,1.3878060958543879,0.09743770440731453,0.12015443057217241,0.13595853990246187,-0.13443407093015283
-10.34616509822572,0.2678100270268891,0.09569114355222458,0.0956911435522246,0.0956911435522246,D_mean_resid2,0.5010903702987343,0.3687480857601525,1.358896194039261,0.12802596605441494,0.12256318746857191,0.3453866004963233,-0.07829299244838009
-10.3373242566323,0.2634062635220909,0.09585489421756153,0.09585489421756155,0.09585489421756155,D_mean_resid2,0.49941715862047964,0.37725543780228715,1.3238169912933508,0.14246609115270212,0.12626144701912773,0.411785549241265,-0.08126446871356549
-10.32848341503888,0.2590135463028621,0.09601864488289849,0.09601864488289849,0.09601864488289849,D_mean_resid2,0.4973709930300826,0.38578764075294597,1.2892351659046364,0.1378739860851724,0.12984424909117487,0.3199472906736842,-0.1537442380057768
-10.319642573445462,0.2546321460806239,0.09618239554823542,0.09618239554823543,0.09618239554823543,D_mean_resid2,0.4960532737367678,0.39433859453569703,1.2579374187830432,0.1340427833873937,0.13191865364930738,0.08231011360677876,-0.29369845760498914
-10.310801731852042,0.2502623346231706,0.09634614621357238,0.09634616593379486,0.09634616593379486,D_mean_resid2,0.4942612846910249,0.40290202462913804,1.226753042866888,0.144633581433744,0.13129963044304205,-0.2704748923544953,-0.48661098207173115
-10.301960890258622,0.2459043846688598,0.09650989687890933,0.09651007791597015,0.09651007791597015,D_mean_resid2,0.4905328391222421,0.4114711263178007,1.192144011444871,0.15900154499470692,0.12713620229270053,-0.6941579007671814,-0.707632488542912
-10.293120048665203,0.2415585698389823,0.09667364754424625,0.09667472774294866,0.09667472774294866,D_mean_resid2,0.4855623011793236,0.4200368879483109,1.1559991874786868,0.15525040730687162,0.11902575036003682,-1.1318400270169144,-0.9255615066270942
-10.284279207071783,0.2372251645483465,0.0968373982095832,0.09684239106297435,0.09684239106297435,D_mean_resid2,0.48191901082322447,0.42858247236367886,1.1244487161721495,0.12835470299523027,0.10712336551680421,-1.5173247922999424,-1.108093285689046
-10.275438365478363,0.2329044439141354,0.09700114887492016,0.09701971335661877,0.09701971335661877,D_mean_resid2,0.4812785270653116,0.43707014589030807,1.101147107828542,0.0959681774416274,0.09219689409105136,-1.7841721392561105,-1.227596639940245
-10.266597523884943,0.2285966836630571,0.09716489954025712,0.09722136683075,0.09722136683075,D_mean_resid2,0.48297288474696193,0.44542225904585603,1.0843034332894443,0.07375603463796415,0.07557619899969101,-1.8785273985649766,-1.266476836952013
-10.257756682291523,0.2243021600368518,0.09732865020559407,0.0974712608467742,0.0974712608467742,D_mean_resid2,0.4856973984049991,0.45351200265631486,1.0709692258642938,0.056531968457849927,0.058981367771826644,-1.7722121634953143,-1.2210139412097725
-10.248915840698109,0.2200211496962,0.09749240087093093,0.0977965454700061,0.0977965454700061,D_mean_resid2,0.48960828412417895,0.46118874346255045,1.0616223640851639,0.031078480847563927,0.04424050498491082,-1.4741354888230689,-1.10257935878949
-10.240074999104689,0.2157539296230724,0.09795085141576712,0.09821482630141258,0.09821482630141258,D_mean_resid2,0.495818855192338,0.4683402336885964,1.0586723487053908,-0.0006427798742632135,0.03291617108398947,-1.0377323419824538,-0.9354837744601001
-10.231234157511269,0.211500777021593,0.09860364346088929,0.098723751052085,0.098723751052085,D_mean_resid2,0.504284525424039,0.4749489495867877,1.061765745271726,-0.021146208356385768,0.025891650481239526,-0.5584449227175536,-0.7514492928182357
-10.222393315917849,0.2072619692174589,0.09925643550601146,0.09930254185489783,0.09930254185489783,D_mean_resid2,0.5131442761371816,0.4810917487929492,1.0666245626216864,-0.017107358179209095,0.02304192488319831,-0.15397555281799158,-0.5816930869578111
-10.213552474324429,0.2030377835559747,0.09990922755113361,0.09992393029350127,0.09992393029350127,D_mean_resid2,0.5200744934793122,0.48688508195419317,1.0681668277695178,0.009494026745818882,0.023169103537793244,0.07267806187120751,-0.44853670232321907
-10.204711632731009,0.1988284972987764,0.10056201959625578,0.10056585998090284,0.10056585998090284,D_mean_resid2,0.5235947259646279,0.49242691150558937,1.0632942955204119,0.04556403092246948,0.02432699534783856,0.07415027779885719,-0.3589138638578454
-10.19587079113759,0.19463438751929,0.10121481164137781,0.10121561894271702,0.10121561894271702,D_mean_resid2,0.5236642390407262,0.49777378657020016,1.0520124867340213,0.07141011001768037,0.024480205258048886,-0.1177126033020004,-0.30185419998911955
-10.18702994954417,0.1904557309970038,0.10186760368649998,0.10186773421666998,0.10186773421666998,D_mean_resid2,0.5221994458885123,0.5029488502147041,1.0382754541850334,0.06754261818786346,0.022245638389154138,-0.4005546265171398,-0.2509748507772365
-10.17818910795075,0.186292804110623,0.10252039573162214,0.10252040873623422,0.10252040873623422,D_mean_resid2,0.5225035762945474,0.5079580647646688,1.0286352605438351,0.033291898025030894,0.017397725252949782,-0.6391118178168396,-0.1715516193548431
-10.169348266357332,0.1821458827301677,0.10317318777674417,0.10317315294522561,0.10317315294522561,D_mean_resid2,0.5265684657440268,0.5128013644588626,1.0268468499487946,-0.00448006753365035,0.010945065705552806,-0.7115571292064975,-0.030390202023638783
-10.160507424763912,0.1780152421080896,0.10382597982186634,0.10382567748786783,0.10382567748786783,D_mean_resid2,0.5330317816864605,0.5174779828777637,1.0300569286488288,-0.01948587851825591,0.004816197524984412,-0.5424148655299708,0.19406199585560763
-10.151666583170492,0.1739011567695008,0.1044787718669885,0.10447701243763514,0.10447701243763514,D_mean_resid2,0.5393535511968681,0.5219908455846971,1.033262471476339,-0.018044629590692765,0.0013542578974194172,-0.11336011746552685,0.5039364414692
-10.142825741577074,0.1698039004015621,0.10513156391211054,0.10512360186839029,0.10512360186839029,D_mean_resid2,0.5452618032910662,0.526356252074079,1.0359177859909348,-0.022588327977889802,0.002811799841935206,0.5406316450383535,0.878422356799525
-10.133984899983654,0.1657237457421292,0.10578435595723269,0.1057554135431784,0.1057554135431784,D_mean_resid2,0.5520904287803743,0.5306238016234711,1.0404554546765994,-0.0341967189757596,0.010913535365768121,1.3377419489106857,1.2753995969646714
-10.125144058390234,0.1616609644677383,0.10643714800235486,0.10635128076215211,0.10635128076215211,D_mean_resid2,0.5598645968435001,0.5349006682799051,1.0466702138246942,-0.033734452300251294,0.02646532916831991,2.1552549418685016,1.637983902039177
-10.116303216796815,0.1576158270810083,0.10708994004747689,0.1068788087438836,0.1068788087438836,D_mean_resid2,0.5668417568795288,0.5393535416796209,1.0509651148563997,-0.0069996223434623805,0.04902207043475309,2.842772325009443,1.904688885961901
-10.107462375203395,0.1535886027975403,0.10774273209259906,0.10730468769664564,0.10730468769664564,D_mean_resid2,0.5707655655694163,0.5441584409007848,1.0488959146247676,0.04770131336674985,0.07673032879144955,3.2506267394698676,2.02107917182426
-10.098621533609975,0.1495795594324155,0.10787500037811895,0.10761215891139757,0.10761215891139757,D_mean_resid2,0.5695449635086213,0.5494130730175285,1.036642539975474,0.11984860266472104,0.10649862260073012,3.269675908849523,1.9503463393804752
-10.089780692016555,0.1455889632863684,0.10792446478077686,0.10781148205573463,0.10781148205573463,D_mean_resid2,0.5623987127431772,0.5550808203305708,1.0131834719280128,0.18515851707388659,0.1345437023353701,2.866053577982834,1.6803671836755314
-10.080939850423135,0.1416170790317223,0.10797392918343476,0.10793325189267597,0.10793325189267597,D_mean_resid2,0.550931313401644,0.5610186724887015,0.9820195662252924,0.22235272319130983,0.15717527396313197,2.0929822234933946,1.2256000728310583
-10.07209900882972,0.1376641695981953,0.10802339358609263,0.10801129441001392,0.10801129441001392,D_mean_resid2,0.5377309498157397,0.5670601115834726,0.9482785666481928,0.2332283118642487,0.17155115092686218,1.0731546244451593,0.6235226739324893
-10.0632581672363,0.133730496058645,0.10807285798875053,0.1080699225156119,0.1080699225156119,D_mean_resid2,0.5241869994796429,0.5730807724771543,0.9146825799334237,0.2314184857765621,0.17615045404305196,-0.03972745393463839,-0.07315631692508623
-10.05441732564288,0.1298163175148689,0.10812232239140844,0.10812180945607233,0.10812180945607233,D_mean_resid2,0.5108000883092457,0.5790124958707098,0.8821918213373144,0.21944228988265974,0.17084870267257013,-1.1036743895840573,-0.8060798116148975
-10.04557648404946,0.1259218909835416,0.10817178679406635,0.10817220723266427,0.10817220723266427,D_mean_resid2,0.4986605751957624,0.5848241336703358,0.852667573867354,0.19179527676133634,0.15663563314499757,-2.020899465873205,-1.51976995551132
-10.03673564245604,0.1220474712823825,0.10822125119672425,0.10822420869994197,0.10822420869994197,D_mean_resid2,0.4892402576209517,0.5904951078142593,0.8285255053710667,0.15184548305816384,0.13511579856454586,-2.7525520227081257,-2.166813425511362
-10.02789480086262,0.1181933109166638,0.10827071559938216,0.10828427682847316,0.10828427682847316,D_mean_resid2,0.4830998153365113,0.5959855572845153,0.8105898027758517,0.11164355533676279,0.10796588032417676,-3.313813126993664,-2.7088140259804963
-10.019053959269202,0.1143596599661446,0.10832018000204005,0.10837008086443496,0.10837008086443496,D_mean_resid2,0.4796822400670225,0.6011918002411805,0.7978855331602794,0.07869910376335656,0.07652200471265891,-3.7506822550698713,-3.1139952874833075
-10.010213117675782,0.1105467659725273,0.10836964440469794,0.10851971703943208,0.10851971703943208,D_mean_resid2,0.4781668678758462,0.6058920947890035,0.7891947625465613,0.05106712660802218,0.04164750495553448,-4.103355816884992,-3.353838010692959
-10.001372276082362,0.1067548738275491,0.10841910880735585,0.10879360088381687,0.10879360088381687,D_mean_resid2,0.4781062509241861,0.6097334209561993,0.7841234127766982,0.022902727404135743,0.00396776715562124,-4.366899588169927,-3.4017259523972583
-9.992531434488944,0.1029842256617879,0.10846857321001374,0.10925759316955932,0.10925759316955932,D_mean_resid2,0.4794911645909553,0.6123293081890552,0.7830609415202344,-0.01094553714258669,-0.03556663007122032,-4.466254892157638,-3.235843679042414
-9.983690592895524,0.0992350607342946,0.10935839593629333,0.10995058037340526,0.10995058037340526,D_mean_resid2,0.4827765161733587,0.613453083359728,0.7869819702092185,-0.054563263631492914,-0.07500313687917662,-4.264544268951418,-2.846591709492441
-9.974849751302104,0.0955076153231488,0.11059681111792173,0.11086103604976408,0.11086103604976408,D_mean_resid2,0.48889964635446814,0.6131779186959665,0.7973210245310227,-0.11288787615706135,-0.11097095077107369,-3.615110081216267,-2.246215824384611
-9.966008909708686,0.0918021226170307,0.1118352262995499,0.1119345293076201,0.1119345293076201,D_mean_resid2,0.4994279092383414,0.6118285403089786,0.8162873686574446,-0.19033409089579992,-0.13892436802078945,-2.44649090011825,-1.4763195110942302
-9.957168068115266,0.0881188126079065,0.1130736414811783,0.11310461944336293,0.11310461944336293,D_mean_resid2,0.5161241698038469,0.6097946584874104,0.8463901128358319,-0.27621622007469504,-0.15422902778644482,-0.8431004722629671,-0.6086075716484339
-9.948327226521847,0.0844579119849433,0.11431205666280644,0.1143199670424784,0.1143199670424784,D_mean_resid2,0.5387629526635874,0.6073734912947325,0.8870373178702801,-0.32833274740957397,-0.1538318034660201,0.9296408142991393,0.2638239891622147
-9.939486384928427,0.0808196440297195,0.11555047184443486,0.11555202862738852,0.11555202862738852,D_mean_resid2,0.5623966120800553,0.6047297979001182,0.9299965274291727,-0.29207805510830503,-0.13779141343044993,2.4908186698746295,1.043582022836194
-9.930645543335007,0.07720422851286,0.11678888702606326,0.11678863911136322,0.11678863911136322,D_mean_resid2,0.5784764278244056,0.6019357662838246,0.9610268407802877,-0.15952887637786703,-0.10978993686943057,3.487741602896235,1.6494262450633768
-9.92180470174159,0.0736118815921656,0.11802730220769142,0.11802465289038552,0.11802465289038552,D_mean_resid2,0.5812047345388263,0.5990243120928225,0.9702523300068746,0.0014727349364230535,-0.07612227137048434,3.751268556956563,2.032899489521758
-9.912963860148167,0.0700428157123467,0.11926571738932007,0.11925442661811393,0.11925442661811393,D_mean_resid2,0.5726405456844393,0.5960292606432921,0.9607591161990782,0.10191384480083412,-0.04346119469657038,3.3744443904249586,2.1849986581158496
-9.904123018554747,0.0664972395064549,0.12050413257094847,0.1204653617384178,0.1204653617384178,D_mean_resid2,0.5603575890304419,0.5930170352438755,0.9449266306489786,0.10704315199042293,-0.016456414727373508,2.660499403884592,2.1307982861383623
-9.89528217696133,0.0629753576990915,0.12174254775257638,0.12163291863878961,0.12163291863878961,D_mean_resid2,0.5512987485528417,0.5901085439680724,0.9342327851173587,0.04536268600520525,0.00358091288168713,1.9614775338973467,1.9151716612688454
-9.88644133536791,0.0594773710114993,0.12298096293420478,0.12272215403583547,0.12272215403583547,D_mean_resid2,0.5485192824362746,0.5874682945364244,0.9337002312084183,-0.029171913533704685,0.018225809605094553,1.4970970388617948,1.5865313931349054
-9.87760049377449,0.0560034760686208,0.12416498301110124,0.12370051411994329,0.12370051411994329,D_mean_resid2,0.5509171942563608,0.5852419599214504,0.9413494451599187,-0.06388676822856817,0.030052108422797742,1.2582591282502826,1.185828191241352
-9.868759652181073,0.0525538653082083,0.12478079541695528,0.1245559556954148,0.1245559556954148,D_mean_resid2,0.553892673910401,0.5834741384527466,0.9493011556248412,-0.027143777604909942,0.040473948877763635,1.049214454341762,0.7447125678381585
-9.859918810587653,0.0491287268920708,0.12539660782280945,0.12530479127513322,0.12530479127513322,D_mean_resid2,0.5518016255329123,0.5820779225638291,0.9479858351308682,0.06716318023012377,0.0486039859995197,0.6383832507015503,0.2915774155679161
-9.851077968994232,0.0457282446195521,0.1260124202286636,0.12598135821153278,0.12598135821153278,D_mean_resid2,0.5420040909319923,0.5808875077335789,0.9330620536955664,0.16066342551761778,0.051761639268453535,-0.07645033087637554,-0.14003760532803328
-9.842237127400814,0.0423525978433098,0.12662823263451764,0.12661965960721633,0.12661965960721633,D_mean_resid2,0.5270968710766614,0.5797438443409952,0.9091892500830628,0.1900105483625061,0.04725221546943621,-0.9873758073796188,-0.5072568743188686
-9.833396285807394,0.0390019613874765,0.12724404504037182,0.127242136806697,0.127242136806697,D_mean_resid2,0.5133317575890111,0.5785446893484367,0.887281081375288,0.13120290779136073,0.03430317305601677,-1.8226753638577513,-0.7619194439120061
-9.824555444213974,0.0356765054682891,0.127859857446226,0.12785945643526606,0.12785945643526606,D_mean_resid2,0.5066104922262918,0.5772435953915291,0.8776372683401905,0.017060865505048393,0.015024247133245053,-2.284357767216184,-0.8622523089150843
-9.815714602620556,0.032376395617253,0.12847566985208003,0.12847519759924092,0.12847519759924092,D_mean_resid2,0.5085444233367118,0.5758271566935284,0.8831546366392956,-0.084392998437449,-0.0060881172692926755,-2.1916077901668407,-0.7873352099169911
-9.806873761027136,0.0291017926069095,0.12909148225793418,0.12908948919543653,0.12908948919543653,D_mean_resid2,0.5155979688261221,0.5742977763408932,0.8977885516312222,-0.12283549345015499,-0.023727067482291052,-1.5534758441772967,-0.5478252710202416
-9.798032919433716,0.0258528523792925,0.12970729466378836,0.12969993854526907,0.12969993854526907,D_mean_resid2,0.522533741189954,0.5726690331104266,0.9124532862408066,-0.10539780961829223,-0.03355618498444453,-0.5477899563281055,-0.18784157926320633
-9.789192077840298,0.0226297259771189,0.1303231070696424,0.1303009104233384,0.1303009104233384,D_mean_resid2,0.5269399156259309,0.570968426938689,0.9228880105528394,-0.07708430620508745,-0.033412915943018595,0.5608606772659774,0.22348007746857645
-9.780351236246878,0.0194325594777933,0.13093891947549657,0.13088333257792895,0.13088333257792895,D_mean_resid2,0.5298338479829233,0.5692376827135505,0.9307778878186886,-0.06282929349634818,-0.023639224177070033,1.5108183243658377,0.6082627734499257
-9.771510394653458,0.0162614939302832,0.13155473188135072,0.13143718922503655,0.13143718922503655,D_mean_resid2,0.5322217396794209,0.5675214358215953,0.9378002416929478,-0.044091657243767075,-0.006699104978709309,2.1064392146347086,0.8987721044958843
-9.76266955306004,0.0131166652949168,0.1320487421809077,0.1319563841082997,0.1319563841082997,D_mean_resid2,0.5325931363882466,0.5658462846047269,0.9412328946549338,0.00470963274240334,0.013606166668432626,2.251197159697292,1.0530512503253635
-9.75382871146662,0.0099982043861595,0.13248387051439542,0.1324423920058998,0.1324423920058998,D_mean_resid2,0.5284862024001387,0.5642058847321819,0.936690340709582,0.07486399495574261,0.033105849990168204,1.9610597960907379,1.062805466764391
-9.7449878698732,0.0069062368184329,0.13291899884788316,0.13290329804082926,0.13290329804082926,D_mean_resid2,0.5195414450392755,0.5625660937557443,0.9235207219311207,0.12870285765626618,0.04828100469335819,1.3602082686699462,0.9516741781758271
-9.73614702827978,0.0038408829549989,0.13335412718137088,0.13334919206523588,0.13334919206523588,D_mean_resid2,0.5083025687034256,0.5608851962701588,0.9062506411001692,0.13632549249021325,0.057156621664910395,0.6502022508921481,0.7650374706564489
-9.72730618668636,0.0008022578599797,0.1337892555148586,0.13378797754442004,0.13378797754442004,D_mean_resid2,0.49834692968880373,0.5591316608784683,0.8912872665909065,0.10090137281162918,0.05977767490100344,0.048713854075380425,0.555004698145133
-9.718465345092945,-0.0022095287464666,0.13422438384834606,0.13422406031118556,0.13422406031118556,D_mean_resid2,0.4917501362013466,0.5572893081339702,0.8823965021829053,0.05141556462696546,0.05801796459948362,-0.28608267556214706,0.3655221095065543
-9.709624503499525,-0.0051943725297662,0.1346595121818338,0.134659130330206,0.134659130330206,D_mean_resid2,0.4882290726688533,0.5553536393263961,0.8791318505827024,0.014595737791474356,0.0547192516664706,-0.31255890049193047,0.22221294074504133
-9.700783661906105,-0.0081521745793116,0.13509464051532152,0.13509313498204134,0.13509313498204134,D_mean_resid2,0.4863443373032549,0.553327488874404,0.8789448330004203,-0.0005220106394936185,0.052491397143758244,-0.11413348466546402,0.12969617834950675
-9.691942820312685,-0.0110828414435844,0.13552976884880924,0.13552442628473838,0.13552442628473838,D_mean_resid2,0.48466265790566293,0.551220178580453,0.879254201386106,0.00891983675403964,0.05270117954960579,0.14743600707857007,0.07634562127836479
-9.683101978719264,-0.0139862851619885,0.13596489718229698,0.13594935392819618,0.13594935392819618,D_mean_resid2,0.48142257023518,0.5490489188594421,0.8768300122241482,0.04511690268812943,0.05509831391125423,0.3114027668075794,0.043786487475356684
-9.674261137125844,-0.0168624232933611,0.1364000255157847,0.1363624991087126,0.1363624991087126,D_mean_resid2,0.4749607112252974,0.5468375618830594,0.8685590462910944,0.09163693767177303,0.05820730461580284,0.2903833291312887,0.016927880175959704
-9.665420295532426,-0.0197111789411627,0.13683317266470685,0.13675861315254123,0.13675861315254123,D_mean_resid2,0.46569044700966056,0.5446086168940084,0.8550919551467419,0.11438799400511276,0.06023277993969328,0.10115647304683684,-0.009433329756014387
-9.656579453939006,-0.0225324807753167,0.13717181662462047,0.13713552744669183,0.13713552744669183,D_mean_resid2,0.4563511210024607,0.5423717797512794,0.8413990883001583,0.0969963375678143,0.05999592132451449,-0.1567852735002826,-0.029616358726179032
-9.647738612345588,-0.0253262630506896,0.137510460584534,0.13749556610170094,0.13749556610170094,D_mean_resid2,0.44939853032528876,0.5401188381422556,0.8320363938258472,0.05952463331399947,0.05746055240529996,-0.35749903596743016,-0.03136515785336785
-9.638897770752168,-0.0280924656222107,0.13784910454444763,0.13784404275171017,0.13784404275171017,D_mean_resid2,0.44491012567633137,0.5378301639841583,0.8272316345749551,0.03306438339232643,0.05367473663093803,-0.40685626330844915,-0.0030647707180369408
-9.630056929158748,-0.0308310339566193,0.13818774850436125,0.13818632367938474,0.13818632367938474,D_mean_resid2,0.44132207207564345,0.5354864996994698,0.8241516309436856,0.027846445303220377,0.050266648854898385,-0.2755927449072919,0.05943578925762992
-9.62121608756533,-0.0335419191408494,0.13852639246427478,0.1385258371374825,0.1385258371374825,D_mean_resid2,0.43742925709389724,0.5330766275884211,0.8205748188075289,0.03156517430026235,0.04880179302689577,0.000159386487609936,0.14920964554688596
-9.61237524597191,-0.0362250778870485,0.1388650364241884,0.1388634299209675,0.1388634299209675,D_mean_resid2,0.43328268524428626,0.5305995646861198,0.8165907288306916,0.031673303145268325,0.05026946707627715,0.34003600847410453,0.2491735769137328
-9.60353440437849,-0.038880472534239,0.13920368038410202,0.13919611345682403,0.13919611345682403,D_mean_resid2,0.4293057388899753,0.5280689483551783,0.812972889671265,0.03161197608818667,0.05481420200085255,0.6469570012237624,0.33707262101218893
-9.594693562785071,-0.0415080710466386,0.13954232434401556,0.13951271665509593,0.13951271665509593,D_mean_resid2,0.4251442629362967,0.525528824313144,0.8089837193839026,0.04275723115585594,0.06170875580742218,0.8328537306031265,0.3926100931284692
-9.585852721191651,-0.0441078470086537,0.13988096830392918,0.1397860171053819,0.1397860171053819,D_mean_resid2,0.4198534626007195,0.5230818789934752,0.8026534266654582,0.06788768869834663,0.06954045780635357,0.841897504045884,0.4041281543470535
-9.577011879598231,-0.0466797796165585,0.1402196122638428,0.13996686435576589,0.13996686435576589,D_mean_resid2,0.41284927421265843,0.5209093592752242,0.7925549173988409,0.09856940136972335,0.07659492074975288,0.6697902836713463,0.37245296947677625
-9.568171038004811,-0.0492238536668892,0.14055825622375642,0.13999158704630094,0.13999158704630094,D_mean_resid2,0.4043529703901249,0.5192424331252177,0.7787363755238651,0.12199122656530567,0.08138347740385403,0.37158099663401245,0.31048764324599665
-9.559330196411391,-0.051740059541581,0.14056487594228032,0.1398079609648946,0.1398079609648946,D_mean_resid2,0.39537287343107447,0.5182683865499935,0.7628728351790676,0.12500319533141058,0.08316509821048577,0.048774536125186785,0.23856252740635403
-9.550489354817971,-0.0542283931898677,0.13976416904598477,0.13940484555198418,0.13940484555198418,D_mean_resid2,0.38760517640005937,0.5180259288712056,0.7482350878548936,0.10194101557009895,0.08224589329920468,-0.1851972796982242,0.17701140595343814
-9.541648513224557,-0.0566888561069864,0.13896346214968971,0.13881944100625915,0.13881944100625915,D_mean_resid2,0.3825266201156378,0.5183801067961288,0.7379268901344624,0.06640254298847992,0.07989049858379904,-0.24877094192018046,0.1384668834316734
-9.532807671631137,-0.0591214553097226,0.13816275525339416,0.13811485817116273,0.13811485817116273,D_mean_resid2,0.37994828709728656,0.5191017336258932,0.7319341517959717,0.04434226291614618,0.07784720431808176,-0.1255677898199652,0.12258385021073079
-9.523966830037716,-0.0615262033088266,0.13736204835709862,0.13734908443519928,0.13734908443519928,D_mean_resid2,0.3780214524339225,0.5199784796609328,0.7269944184621303,0.0467849100879785,0.0776702487057307,0.12769765696998903,0.11517507513095673
-9.515125988444296,-0.0639031180783574,0.1365613414608031,0.13655901129758452,0.13655901129758452,D_mean_resid2,0.37520792497364974,0.5208737227835483,0.7203433549470287,0.059995844249652416,0.08010511383232688,0.4006676757515466,0.09227891373860231
-9.506285146850876,-0.0662522230219895,0.13576063456450754,0.1357632527039121,0.1357632527039121,D_mean_resid2,0.3715005270420033,0.5217174679796148,0.7120722418604528,0.07067889637656137,0.0847547276115771,0.5666605854135325,0.02796590568974171
-9.497444305257456,-0.0685735469363341,0.134959927668212,0.13497431695951134,0.13497431695951134,D_mean_resid2,0.367129895017772,0.5224615065381538,0.7026927159675094,0.08572913216330401,0.09012462677807828,0.5244557147343167,-0.09666253584951719
-9.488603463664038,-0.0708671239713298,0.1341592207719166,0.1342133574042475,0.1342133574042475,D_mean_resid2,0.3611797073287455,0.5230228841146698,0.6905619587565864,0.11408938874226107,0.09402798740503641,0.23279553807086906,-0.2863214278351741
-9.479762622070618,-0.0731329935877577,0.13335851387562106,0.13352459825413887,0.13352459825413887,D_mean_resid2,0.35261845951713505,0.5232268272867908,0.6739303895131853,0.14319496556182362,0.09424084372955618,-0.27196563478376223,-0.5286943823172329
-9.470921780477198,-0.0753712005119275,0.1325578069793255,0.13298101059411402,0.13298101059411402,D_mean_resid2,0.3420581398259564,0.5227837617598514,0.6543013858626426,0.14977633577341953,0.08921917721308208,-0.8827325516170852,-0.7968728301938021
-9.46208093888378,-0.0775817946876106,0.13175710008303013,0.13266766951978248,0.13266766951978248,D_mean_resid2,0.33149812029743914,0.5213578121222142,0.6358361044750797,0.12519319242593643,0.07863264641315465,-1.455154025100014,-1.056203722168052
-9.45324009729036,-0.0797648312252733,0.13177580491820107,0.1326429107663632,0.1326429107663632,D_mean_resid2,0.3228131009835389,0.518728185114642,0.6223164852941147,0.07927332395379472,0.06348960475321021,-1.8586576664398367,-1.2731112382148473
-9.444399255696942,-0.0819203703486732,0.13250533382181348,0.13290418915967783,0.13290418915967783,D_mean_resid2,0.31693590347718337,0.5149291191427283,0.6154942334681502,0.028998806248712754,0.04576845040237786,-2.024485846173242,-1.422819517763866
-9.435558414103522,-0.0840484773388931,0.13323486272542603,0.13338973657578854,0.13338973657578854,D_mean_resid2,0.31372011235191655,0.5102355944913121,0.6148534436620109,-0.009175883075663232,0.02769328740493667,-1.9676535678699234,-1.4934585230594257
-9.426717572510102,-0.0861492224758734,0.1339643916290386,0.13401434986338776,0.13401434986338776,D_mean_resid2,0.3120421737620538,0.5050078535815378,0.6178956852829853,-0.024907011691582263,0.01097702339384641,-1.7709415727059465,-1.4855721815473628
-9.417876730916683,-0.0882226809775237,0.13469392053265097,0.13470711687725692,0.13470711687725692,D_mean_resid2,0.31039279605902437,0.49953682048055326,0.6213611956780828,-0.020210165475245373,-0.00361994042605141,-1.5388434740443815,-1.4079224320312673
-9.409035889323263,-0.0902689329364775,0.13542344943626355,0.1354261920697912,0.1354261920697912,D_mean_resid2,0.30785248050291314,0.4939903389572283,0.6231953465988092,-0.00905881695083437,-0.016232319388339526,-1.345682487061829,-1.2718884806285469
-9.400195047729843,-0.092288063254569,0.1361529783398761,0.13615289914679687,0.13615289914679687,D_mean_resid2,0.3046643049778499,0.48844237495424053,0.6237466702318615,-0.007903198354865103,-0.027413871832357647,-1.2044632434753697,-1.0871014885816392
-9.391354206136423,-0.0942801615751095,0.13688250724348866,0.13687943115574408,0.13687943115574408,D_mean_resid2,0.3019728889413201,0.48292364317979886,0.6253015216918911,-0.024371941334665467,-0.037529256869664795,-1.0701915750263569,-0.8601279055162655
-9.382513364543003,-0.0962453222130418,0.1376120361471012,0.13759795909761385,0.13759795909761385,D_mean_resid2,0.3009380891471152,0.4774628152247386,0.6302859187169698,-0.05238815526238705,-0.046336660211199046,-0.8720270548541089,-0.5964478798610924
-9.373672522949583,-0.0981836440830463,0.13834156505071377,0.1382906269536341,0.1382906269536341,D_mean_resid2,0.3018863876542439,0.47212064624361366,0.6394263628506323,-0.07772308109675521,-0.05294816298394833,-0.5548429629382681,-0.30440304513296984
-9.364831681356169,-0.1000952306256855,0.13907109395432588,0.13892074789129094,0.13892074789129094,D_mean_resid2,0.3041925120993132,0.46701668975483934,0.65135255071719,-0.0899121597477092,-0.05614721770032024,-0.10966243635027695,0.0011083120951409522
-9.355990839762748,-0.1019801897316687,0.13980062285793843,0.1394330617853784,0.1394330617853784,D_mean_resid2,0.3069536006685728,0.4623239805504397,0.6639361434445082,-0.08901365246142508,-0.05488717944098767,0.41801563861224356,0.29730256204557454
-9.347149998169328,-0.1038386336643136,0.14053015176155098,0.13977218510560607,0.13977218510560607,D_mean_resid2,0.30964007200654,0.45820635847105773,0.6757655503510395,-0.08012511400572864,-0.048755997611233934,0.9409824683745676,0.5556725637144777
-9.338309156575908,-0.105670678980296,0.14032161577694102,0.1399124645101134,0.1399124645101134,D_mean_resid2,0.3119644506225274,0.4547255053869985,0.6860500388185331,-0.06405553025002865,-0.038249025550817835,1.355989732599791,0.7473511822905838
-9.329468314982488,-0.107476446448765,0.14004648109362255,0.13987432619816623,0.13987432619816623,D_mean_resid2,0.31334409108435024,0.45179631141430815,0.6935516806311554,-0.03742238161441671,-0.02477981675479648,1.5732557207816877,0.8501137182433545
-9.32062747338907,-0.1092560609689145,0.13977134641030411,0.1397109700176881,0.1397109700176881,D_mean_resid2,0.3128883711629845,0.449235212252854,0.6964911979937893,-0.0015763262612252596,-0.010431216324075322,1.54265680371324,0.8547658056105324
-9.31178663179565,-0.1110096514860931,0.13949621172698565,0.1394788072051392,0.1394788072051392,D_mean_resid2,0.31009885375611884,0.44685525503678564,0.69395816712638,0.032976288348711795,0.0024969521144812988,1.2706798564856574,0.7687553232962807
-9.30294579020223,-0.1127373509065372,0.13922107704366715,0.1392170075047909,0.1392170075047909,D_mean_resid2,0.3054381692731998,0.4445291688546569,0.6871048981108948,0.05403360943558649,0.012036542330203447,0.8228173617237032,0.6156544130985672
-9.294104948608812,-0.1144392960108165,0.13894594236034874,0.1389451884225792,0.1389451884225792,D_mean_resid2,0.300031669607309,0.4421944168484243,0.6785062365682334,0.05743179018406786,0.017045748025110836,0.30857411849938765,0.4304005280072404
-9.285264107015392,-0.116115627366078,0.13867080767703024,0.13867073599975382,0.13867073599975382,D_mean_resid2,0.29494030585867775,0.43982839356959924,0.6705804131128834,0.04659308495093155,0.017492652133166593,-0.14821634420966145,0.25146516148616893
-9.276423265421972,-0.1177664892371674,0.13839567299371178,0.13839592300261497,0.13839592300261497,D_mean_resid2,0.2908941539833501,0.4374250736997976,0.6650148139038531,0.025522337610847094,0.01442503358368397,-0.4446523628065897,0.11203666118566787
-9.267582423828554,-0.1193920294967253,0.13812053831039334,0.13812202500158982,0.13812202500158982,D_mean_resid2,0.2884592784335884,0.43498170931450447,0.6631526619548591,-0.000999854534228184,0.009630449925741753,-0.5271607882487366,0.032581514746955115
-9.258741582235134,-0.1209923995343357,0.13784540362707487,0.137852154314125,0.137852154314125,D_mean_resid2,0.2877524235779572,0.4324898987569143,0.6653390620336583,-0.022076890016293725,0.005103943537345928,-0.40300191675804875,0.01672186166678305
-9.249900740641714,-0.1225677541648122,0.13757026894375637,0.13759489886981796,0.13759489886981796,D_mean_resid2,0.28792734054065705,0.4299244262516903,0.6697161709348796,-0.026761220369699766,0.0025046977099366513,-0.13220092835923064,0.05140435300983179
-9.241059899048295,-0.1241182515357119,0.13729513426043796,0.13736851113553372,0.13736851113553372,D_mean_resid2,0.28766765579526665,0.42723081843160393,0.6733307696558876,-0.017457098231180107,0.002766408605091534,0.19450525802241406,0.11116778567210132
-9.232219057454875,-0.1256440530341581,0.13701999957711947,0.1372012439506354,0.1372012439506354,D_mean_resid2,0.28640179911113234,0.42432544443200493,0.6749578722400329,-0.006194082171166029,0.005943878060463795,0.48162419474775364,0.16530079578334173
-9.223378215861455,-0.1271453231930524,0.136744864893801,0.13712270949062147,0.13712270949062147,D_mean_resid2,0.2843418844359975,0.4211236265824443,0.6751981282634858,0.003268126223375495,0.011282335031738264,0.6501249883651257,0.18606358456479086
-9.214537374268035,-0.1286222295967657,0.13690412216496733,0.13714866952941712,0.13714866952941712,D_mean_resid2,0.2814293128663406,0.4175869358763508,0.6739418518343518,0.017517317395636015,0.01743918213658402,0.6506598050825486,0.15600307741570368
-9.205696532674615,-0.1300749427863856,0.1371647470035328,0.13727131834538575,0.13727131834538575,D_mean_resid2,0.27711507172793026,0.4137511005707952,0.6697627422516409,0.03750044328201695,0.022787095567618987,0.4704229513602417,0.07265243539524732
-9.196855691081195,-0.1315036361646,0.13742537184209827,0.1374643674701552,0.1374643674701552,D_mean_resid2,0.2713229357417991,0.4097068143757603,0.662236814770078,0.05282751613193388,0.025757051726354077,0.13642276670527553,-0.05054067802869204
-9.18801484948778,-0.1329084859003014,0.13768599668066356,0.13769781199788192,0.13769781199788192,D_mean_resid2,0.264891574368685,0.405552211730585,0.6531626920201753,0.05537203337352286,0.02519927970797526,-0.28456064359805167,-0.18745065801538294
-9.17917400789436,-0.1342896708329874,0.13794662151922904,0.13794954790979175,0.13794954790979175,D_mean_resid2,0.25875878692741366,0.40135780040527075,0.6447085036496916,0.048628663454215904,0.020725540578809175,-0.692656062016898,-0.30614908607651553
-9.17033316630094,-0.1356473723770344,0.1382072463577945,0.13820782747959223,0.13820782747959223,D_mean_resid2,0.25324715623307564,0.3971607468335593,0.637643972250877,0.03759331040504216,0.012951954661948237,-0.9731801726377167,-0.37790718045508465
-9.16149232470752,-0.1369817744259234,0.13846787119635998,0.13846795530749043,0.13846795530749043,D_mean_resid2,0.2486029197739152,0.3929762659457734,0.6326156089238727,0.017206384337121294,0.0035180770825147673,-1.028591107589137,-0.385982610060583
-9.1526514831141,-0.1382930632564919,0.13872849603492543,0.1387284757285689,0.1387284757285689,D_mean_resid2,0.2457633013121575,0.38880969711259017,0.6320914913832261,-0.019382529950906786,-0.0052352674312437855,-0.8179435113993592,-0.33151147107028767
-9.143810641520682,-0.1395814274332816,0.13898912087349086,0.13898895463871258,0.13898895463871258,D_mean_resid2,0.2458130583069495,0.3846632770056598,0.6390343788999975,-0.06258958327314498,-0.01094454095077935,-0.3873700886867069,-0.23431300159882656
-9.134969799927262,-0.1408470577130613,0.1392497457120563,0.13924895975071683,0.13924895975071683,D_mean_resid2,0.24843548057691894,0.38053912189851663,0.6528513529370379,-0.0847010687319842,-0.012084622615458663,0.1291438302603814,-0.1278101800382438
-9.126128958333842,-0.1420901469495868,0.13951037055062177,0.13950737977026523,0.13950737977026523,D_mean_resid2,0.25119997642966596,0.3764410592707301,0.6673022781210673,-0.06256483643280467,-0.008661060658580239,0.5499198910302742,-0.049242468979679356
-9.117288116740424,-0.1433108899986738,0.1397709953891872,0.1397616745504341,0.1397616745504341,D_mean_resid2,0.2509237307855183,0.3723764874209074,0.6738441852852333,-0.003535231325518161,-0.0023611133241213085,0.7158785772442546,-0.02817828283809778
-9.108447275147004,-0.1445094836236457,0.14003162022775265,0.1400074880112673,0.1400074880112673,D_mean_resid2,0.24620771851691536,0.36835712218510047,0.6683940765320544,0.05521624745755576,0.003996877544497213,0.5588502884005196,-0.07720025481264736
-9.099606433553584,-0.145686126401224,0.14029224506631813,0.14023951453493635,0.14023951453493635,D_mean_resid2,0.23862106137684752,0.3643964321915858,0.6548391814423409,0.07813517012967419,0.007520300424250869,0.13190111314459552,-0.18802809493401595
-9.090765591960166,-0.1468410186279241,0.14051170370877272,0.14045381349005204,0.14045381349005204,D_mean_resid2,0.23121252429320469,0.36050358669315863,0.6413598444722283,0.06015435839415231,0.0063291112391122084,-0.4151034798209099,-0.334390183345744
-9.081924750366746,-0.1479743622270196,0.14067710540200004,0.14065008273168322,0.14065008273168322,D_mean_resid2,0.2260940876921487,0.3566780072824123,0.6338885018866072,0.0219173157882167,0.00018057220430243146,-0.9011031993269885,-0.48042879431182584
-9.073083908773324,-0.1490863606561303,0.14084250709522736,0.14083185542250348,0.14083185542250348,D_mean_resid2,0.2236396372932155,0.352909541939319,0.6337024384896603,-0.015369720950131567,-0.009603910050037912,-1.1861770925931727,-0.5914001181141746
-9.064243067179907,-0.1501772188154989,0.14100790878845462,0.141004421978482,0.141004421978482,D_mean_resid2,0.2232722795406979,0.34918423794968223,0.6394111052998664,-0.042800990567551454,-0.02079303535041413,-1.2172921421131675,-0.6427699897532988
-9.055402225586487,-0.1512471429570061,0.1411733104816819,0.14117237648895561,0.14117237648895561,D_mean_resid2,0.22426132733837587,0.34549058660009885,0.6491098051188168,-0.059659912739416364,-0.03112768405270815,-1.032673666651941,-0.6247469086176652
-9.046561383993067,-0.1522963405939806,0.14133871217490923,0.1413385108872279,0.1413385108872279,D_mean_resid2,0.22596476513536998,0.341822041095394,0.6610596683913337,-0.06748361983529566,-0.03905244395954622,-0.7309442277841041,-0.5413593781480961
-9.037720542399647,-0.1533250204118572,0.14150411386813655,0.14150408029116968,0.14150408029116968,D_mean_resid2,0.2278679029004955,0.33817606976388026,0.6738143921880586,-0.06685538167040792,-0.04405200831563612,-0.42288281463615807,-0.40543700378044845
-9.028879700806227,-0.1543333921797306,0.14166951556136384,0.14166951194407337,0.14166951194407337,D_mean_resid2,0.22942042108454047,0.33455222904208626,0.6857536766125676,-0.056143563661364373,-0.046529723913101964,-0.18509982994259744,-0.23233468072974206
-9.02003885921281,-0.1553216666628541,0.1418349172545911,0.14183491725459113,0.14183491725459113,D_mean_resid2,0.22992146016717274,0.3309508364021581,0.6947299564693695,-0.03702164471600829,-0.04732488486661911,-0.03150902226888208,-0.03537440797942245
-9.01119801761939,-0.1562900555361316,0.1420003189478184,0.14200030145262332,0.14200030145262332,D_mean_resid2,0.22904908854099967,0.32737243767311475,0.6996590493965406,-0.022175384797527405,-0.0470868564623869,0.08663427078866093,0.17520264484240675
-9.00235717602597,-0.1572387712986402,0.1421657206410457,0.14216555697947128,0.14216555697947128,D_mean_resid2,0.2276924138572166,0.3238178053309443,0.7031497654198268,-0.02862032427400763,-0.045793045137411094,0.250028874589344,0.3898956893778151
-8.993516334432552,-0.1581680271892341,0.14233112233427297,0.14233013801813285,0.14233013801813285,D_mean_resid2,0.2276260995981205,0.32028865005190577,0.7106904960922954,-0.05744805382705203,-0.04266592511433678,0.5213388225575311,0.5961033744264905
-8.984675492839132,-0.1590780371032629,0.1424965240275003,0.14249194454420297,0.14249194454420297,D_mean_resid2,0.22983194287190253,0.31679002153818575,0.7255024692884737,-0.0859337082362022,-0.03657489724394893,0.8999705856588631,0.7754853727289208
-8.975834651245712,-0.1599690155104458,0.1426619257207276,0.14264478233008293,0.14264478233008293,D_mean_resid2,0.23324402353976675,0.31333562165816153,0.7443903834024592,-0.08526965164769088,-0.02675293034124187,1.3072061395586378,0.9047182585099693
-8.966993809652294,-0.1608411773739353,0.14282732741395487,0.1427748034045976,0.1427748034045976,D_mean_resid2,0.23531586035347413,0.3099548837916356,0.7591939106585044,-0.046670419823550593,-0.013461292424383903,1.61270726157959,0.9602254720365008
-8.958152968058874,-0.161694738070608,0.1429927291071822,0.1428590743414574,0.1428590743414574,D_mean_resid2,0.2339860444019003,0.30669497111910604,0.7629275548539431,0.009814930951195358,0.0017624485311223466,1.6902849195263787,0.9254840157561667
-8.949312126465454,-0.1625299133126086,0.1431581308004095,0.142870944858912,0.142870944858912,D_mean_resid2,0.2292604483821481,0.30360838780007227,0.7551189545300616,0.054049221867874,0.016425790018174947,1.4746505791339997,0.7980805910978874
-8.940471284872036,-0.1633469190701834,0.14306208352231456,0.14279228600664268,0.14279228600664268,D_mean_resid2,0.2227886404037933,0.3007273331696146,0.7408326940409412,0.07412790720019394,0.02783675288265796,0.9921013326745852,0.5934734683251821
-8.931630443278616,-0.1641459714958267,0.14274802980917495,0.14262411602943426,0.14262411602943426,D_mean_resid2,0.21595563650690727,0.2980431318801735,0.724578470050875,0.08004599192378446,0.03396781147176594,0.3537435404637932,0.3435281807214211
-8.922789601685196,-0.1649272868497675,0.14243397609603534,0.14238593706924893,0.14238593706924893,D_mean_resid2,0.2090822121653469,0.2955097713094339,0.7075306215387813,0.07886461028182579,0.034091534094529884,-0.282296026698009,0.08985829608245002
-8.913948760091778,-0.1656910814268213,0.1421199223828958,0.14210445063892668,0.14210445063892668,D_mean_resid2,0.20264177999687408,0.2930685189028944,0.691448473399552,0.061497296130852676,0.02897634256278956,-0.7630188373862241,-0.1260187315443005
-8.905107918498357,-0.1664375714846285,0.1418058686697562,0.14180178806025112,0.14180178806025112,D_mean_resid2,0.19808855955673146,0.2906721621635071,0.6814844534211154,0.022719340196373936,0.02060007674627634,-0.988733340309764,-0.27252251935667887
-8.896267076904937,-0.1671669731732996,0.14149181495661659,0.1414909487706585,0.1414909487706585,D_mean_resid2,0.1965611848557531,0.28829363729671953,0.6818089594306483,-0.020211556339577087,0.011493872883166209,-0.9417106271785239,-0.3347337412233356
-8.88742623531152,-0.1678795024664852,0.14117776124347703,0.14117761944502408,0.14117761944502408,D_mean_resid2,0.19738037884753984,0.28592153053282005,0.690330589933951,-0.042457192323806056,0.003949047782826599,-0.6852703374273571,-0.3161312627567007
-8.8785853937181,-0.1685753750938897,0.14086370753033742,0.1408636929421557,0.1408636929421557,D_mean_resid2,0.1986064698700181,0.28355241364211176,0.7004224274411963,-0.03698634960819472,-0.0006228601205614829,-0.33293273736597057,-0.23532705651558544
-8.86974455212468,-0.16925480647524,0.1405496538171978,0.14054965381719786,0.14054965381719786,D_mean_resid2,0.19870335204305015,0.28118578194145205,0.7066621600533975,-0.01571589328336103,-0.0019377634018059146,-0.00022321167934052227,-0.11946618607648314
-8.860903710531261,-0.1699180116557253,0.14023560010405828,0.14023560010405825,0.14023560010405825,D_mean_resid2,0.1972370976524551,0.278821917059704,0.7073945252668957,0.006447844317534555,-0.0006268068787597119,0.23857231153876896,0.0031926047861977067
-8.852062868937841,-0.1705652052429186,0.13992154639091867,0.13992154639091867,0.13992154639091867,D_mean_resid2,0.19454539331640047,0.27646125934324123,0.703698571650005,0.019815788291219695,0.0022805966279745987,0.36779723498874983,0.10923805693199103
-8.84322202734442,-0.171196601345188,0.13960749267777905,0.13960749566326464,0.13960749566326464,D_mean_resid2,0.19141207704409247,0.2741042606976133,0.6983185031744351,0.01950500489629211,0.005876467307307122,0.41527041566912193,0.1833951817361108
-8.834381185751003,-0.1718124135116079,0.1392934389646395,0.13929349734875063,0.13929349734875063,D_mean_resid2,0.1887869761844947,0.27175127107439484,0.6947050346373991,0.007467863024891934,0.009623276554702622,0.41735057597732195,0.21919628119623996
-8.825540344157583,-0.1724128546733767,0.13897938525149992,0.13897981273046933,0.13897981273046933,D_mean_resid2,0.18719980762130156,0.26940222355043875,0.6948710562006669,-0.005110287547616096,0.01325592796958258,0.38903763566223326,0.21792511754615085
-8.816699502564163,-0.1729981370867427,0.1386653315383603,0.13866761013307988,0.13866761013307988,D_mean_resid2,0.18617519081977632,0.267055320685988,0.6971409157531332,-0.0023905734866758108,0.016502116776239535,0.3195410189984307,0.18682312440041055
-8.807858660970744,-0.1735684722774467,0.13835127782522075,0.13836092695305213,0.13836092695305213,D_mean_resid2,0.18422666835935178,0.26470337806447053,0.6959739981651536,0.022699864722273193,0.01890595103271247,0.19465571567288031,0.1370792106497185
-8.799017819377324,-0.174124070986678,0.13803722411208114,0.13807042414659854,0.13807042414659854,D_mean_resid2,0.17997850480404318,0.2623269766423215,0.6860846227395091,0.054525265735243376,0.0199439574712744,0.02643728795474587,0.0815909846382527
-8.790176977783906,-0.174665143118548,0.13772317039894158,0.1378172029021587,0.1378172029021587,D_mean_resid2,0.1739373213612847,0.25988790626997665,0.6692782432923031,0.06193869909130377,0.019373406782647824,-0.13608485917695345,0.03235070429952769
-8.781336136190486,-0.1751918976890786,0.137409116685802,0.1376314020849381,0.1376314020849381,D_mean_resid2,0.16869220422468273,0.25733285525410743,0.6555408716003439,0.03179660201856256,0.01753774810478175,-0.2276328149468354,-0.0023205574918551976
-8.772495294597066,-0.175704542776704,0.13713967820132247,0.13754116969589725,0.13754116969589725,D_mean_resid2,0.16639950033131087,0.25461497347380596,0.6535338360547345,-0.01054387906912985,0.015348475465829292,-0.20662784776352483,-0.019915214683204972
-8.763654453003648,-0.1762032854742814,0.13736257616997308,0.13755699982311048,0.13755699982311048,D_mean_resid2,0.1663805997260659,0.2517227121456801,0.6609677700825662,-0.02789723315597418,0.013884219963048712,-0.08589922960571839,-0.024260575984842277
-8.754813611410228,-0.1766883318426074,0.1375854741386237,0.13766489665599804,0.13766489665599804,D_mean_resid2,0.16606761774106701,0.24869028109223879,0.6677688288086853,-0.012232869622444333,0.013829632501947785,0.06884325428963434,-0.023848343924282978
-8.74597276981681,-0.1771598868654311,0.1378083721072743,0.13783524931984942,0.13783524931984942,D_mean_resid2,0.1638499171744454,0.24557847590193,0.6671998291897441,0.014542926359632963,0.015101484574948705,0.1730554475421754,-0.028349192961147664
-8.73713192822339,-0.177618154405961,0.13803127007592494,0.1380386900920313,0.1380386900920313,D_mean_resid2,0.16003687514242815,0.24244435506415496,0.6600973452241428,0.03267220904220207,0.016889544099145143,0.16834426093567112,-0.04464204314748606
-8.72829108662997,-0.1780633371648528,0.13825416804457558,0.13825581297985085,0.13825581297985085,D_mean_resid2,0.155537652941034,0.23932428880638554,0.6499033329076962,0.040193021963896874,0.018078094463135973,0.05149866581369489,-0.07406235804871274
-8.719450245036551,-0.178495636639672,0.13847706601322618,0.13847734971989817,0.13847734971989817,D_mean_resid2,0.1508614684590543,0.2362350671569325,0.6386074272319445,0.040432378255046954,0.017800127192608053,-0.12701203688426566,-0.11209572055596446
-8.710609403443131,-0.178915253085819,0.1386999639818768,0.13869999692720547,0.13869999692720547,D_mean_resid2,0.1464523303931062,0.23318237168164024,0.628059185336081,0.03179770688439387,0.01583230786603303,-0.2910183534235473,-0.15062216775952936
-8.701768561849711,-0.1793223854789067,0.13892286195052744,0.13892286195052744,0.13892286195052744,D_mean_resid2,0.142995571638543,0.23016750703570957,0.6212674129383424,0.013997340781865611,0.012654432865817045,-0.3763305379419992,-0.18162664969561362
-8.692927720256293,-0.1797172314785761,0.13914575991917805,0.13914575991917807,0.13914575991917807,D_mean_resid2,0.14094602733739145,0.22719051497818646,0.6203869353917538,-0.005700938145538549,0.00917815052061024,-0.3593809369187172,-0.20063867681076503
-8.684086878662873,-0.1800999873937399,0.13936865788782868,0.13936865788782868,0.13936865788782868,D_mean_resid2,0.14004778334784293,0.22425116491308775,0.6245130695402219,-0.01684527045303908,0.006299972995831297,-0.2647293804113265,-0.20836031527871396
-8.675246037069453,-0.1804708481492356,0.13959155585647934,0.1395915558564793,0.1395915558564793,D_mean_resid2,0.13943477170969432,0.22134916327825577,0.6299313249917836,-0.013666403995588102,0.004497289485928705,-0.1499024737418515,-0.209853189856746
-8.666405195476035,-0.1808300072538777,0.13981445382512991,0.13981445382512994,0.13981445382512994,D_mean_resid2,0.13814720718481374,0.2184842097504317,0.6322983585066188,0.00040091093596958394,0.003649444946204344,-0.07618200459735566,-0.21180280038973287
-8.657564353882615,-0.1811776567698901,0.14003735179378057,0.14003735179378057,0.14003735179378057,D_mean_resid2,0.13578605089658655,0.21565599772955804,0.6296418941562114,0.014709774612958696,0.0031502634161000753,-0.07990973663248285,-0.2192023546047204
-8.648723512289195,-0.181513987283703,0.1402602497624312,0.14026024976243118,0.14026024976243118,D_mean_resid2,0.13275242730886408,0.2128642148061413,0.6236484015397504,0.020358923417427698,0.002236506299524956,-0.15792464326857714,-0.23293990486696242
-8.639882670695776,-0.1818391878780986,0.1404831477310818,0.14048314773108184,0.14048314773108184,D_mean_resid2,0.129759860394361,0.21010854321199102,0.6175848845110432,0.01616771045176844,0.0003578899064308375,-0.27300825188021477,-0.24923122535868936
-8.631041829102356,-0.1821534461056861,0.14070604569973244,0.14070604569973244,0.14070604569973244,D_mean_resid2,0.127335036043941,0.20738866025466898,0.6139922784957298,0.005004443934373763,-0.0025907391176137598,-0.37465487485983145,-0.2609402954036295
-8.622200987508936,-0.1824569479636878,0.14092894366838307,0.14092892995700748,0.14092892995700748,D_mean_resid2,0.12581141837676738,0.20470425853826385,0.6146008845890736,-0.009687781968231987,-0.006266638895245906,-0.4230524436989481,-0.2600280278316218
-8.613360145915518,-0.1827498778700187,0.14115184163703368,0.14115171679352922,0.14115171679352922,D_mean_resid2,0.12527102111294464,0.20205512481727345,0.6199843791452072,-0.021924983988900918,-0.01007101839851627,-0.403913416323789,-0.24002414109303927
-8.604519304322098,-0.1830324186406396,0.1413747396056843,0.14137399733106676,0.14137399733106676,D_mean_resid2,0.12529424141353593,0.19944149000967532,0.6282255583201752,-0.025576698369095697,-0.013408507957596558,-0.32827928256595706,-0.1976187745338824
-8.595678462728678,-0.1833047514681619,0.14159763757433497,0.14159421673321854,0.14159421673321854,D_mean_resid2,0.12520967851992285,0.19686512638085718,0.636017566045146,-0.021561225160823753,-0.015875548669650665,-0.2202772475917516,-0.13303573476465141
-8.58683762113526,-0.1835670559016875,0.14182053554298554,0.14180785529147338,0.14180785529147338,D_mean_resid2,0.12473755281592536,0.19433169581796628,0.6418796084235744,-0.017271744489498045,-0.017303380462782854,-0.10175144396717961,-0.04944703593199234
-8.57799677954184,-0.1838195098278593,0.14204343351163617,0.14200499230770255,0.14200499230770255,D_mean_resid2,0.12414697267845874,0.19185369623661305,0.647091899263428,-0.017624678529268134,-0.017674685465681447,0.017298297483456904,0.047973870275806504
-8.56915593794842,-0.1840622894531036,0.14226633148028683,0.1421695853851725,0.1421695853851725,D_mean_resid2,0.12377395294178936,0.18945085786098484,0.6533301265524601,-0.02060317515701122,-0.016997517447008656,0.13860118361770746,0.15279990784505454
-8.560315096355001,-0.1842955692870417,0.1424892294489374,0.14228362327012067,0.14228362327012067,D_mean_resid2,0.1236330797169498,0.18714416464572026,0.6606301615174466,-0.021959028440903482,-0.015223983247632567,0.26819655590605673,0.25766077655310377
-8.551474254761581,-0.1845195221270502,0.1425072240122068,0.14233571276467882,0.14233571276467882,D_mean_resid2,0.12352687988757304,0.18494474347695228,0.667912358930963,-0.02043789741191328,-0.012255350913676362,0.40746705498401564,0.354268578750645
-8.542633413168161,-0.1847343190439454,0.14240549656053514,0.14232785042600055,0.14232785042600055,D_mean_resid2,0.12330206752252919,0.18284601683185064,0.674349212845695,-0.016715773092724078,-0.008019279872330469,0.5475794629657224,0.43355715359628416
-8.533792571574743,-0.1849401293687734,0.14230376910886347,0.1422741219829055,0.1422741219829055,D_mean_resid2,0.1228269322060568,0.1808265718140305,0.6792526727342765,-0.01030760295512844,-0.0025732243298976646,0.6691384761241246,0.48632079048189714
-8.524951729981323,-0.1851371206806797,0.1422020416571918,0.14219263914221048,0.14219263914221048,D_mean_resid2,0.12187637522830903,0.17886114599806135,0.6814021823925361,-0.0008151310801778854,0.003812214670620235,0.7462213580515046,0.5044879294187076
-8.516110888387903,-0.1853254587958382,0.14210031420552013,0.14209787154769865,0.14209787154769865,D_mean_resid2,0.12027301990847362,0.1769302988610778,0.6797762773402064,0.009870592426169337,0.01062122531042257,0.7532260916273664,0.4828049505282186
-8.507270046794485,-0.1855053077574147,0.1419985867538485,0.14199807610689402,0.14199807610689402,D_mean_resid2,0.11803875544413203,0.17502318426711017,0.6744178260634784,0.02015214402435049,0.017130519790835803,0.6732831701353892,0.4204042039036819
-8.498429205201065,-0.1856768298265452,0.1418968593021768,0.14189677732751124,0.14189677732751124,D_mean_resid2,0.11520377036100014,0.17313523636141034,0.6653975977513819,0.03139955828743146,0.022526005019786424,0.5065714851099457,0.321636020449683
-8.489588363607647,-0.1858401854743016,0.14179513185050516,0.14179512383915213,0.14179512383915213,D_mean_resid2,0.11162482632227212,0.17126496559706775,0.6517668452104209,0.04383351432938162,0.02608755630203639,0.2752187118053657,0.19572512567921163
-8.480747522014227,-0.1859955333746263,0.1416934043988335,0.1416934043988335,0.1416934043988335,D_mean_resid2,0.1073105553086213,0.1694119731980005,0.633429581645932,0.0514303059486996,0.027392335089018192,0.020406597593930265,0.055221855117902716
-8.471906680420807,-0.1861430303982085,0.14159167694716182,0.14159167694716185,0.14159167694716185,D_mean_resid2,0.10287022707924474,0.16757614561750578,0.6138715429942342,0.046054307840914376,0.026448379295613597,-0.21039615412639612,-0.08630310619031263
-8.463065838827388,-0.1862828316072831,0.14148994949549015,0.14148994949549015,0.14148994949549015,D_mean_resid2,0.09931660325129829,0.16575742663328005,0.5991683465925498,0.027749093569814403,0.02367217694802643,-0.3820760955998592,-0.21654841351379153
-8.454224997233968,-0.1864150902513257,0.14138822204381848,0.1413882220438185,0.1413882220438185,D_mean_resid2,0.09723432862432713,0.16395576547323845,0.5930522073662492,0.007880082142328847,0.01969263081995251,-0.48637249177230013,-0.32599765016846327
-8.44538415564055,-0.1865399577636224,0.14128649459214682,0.14128649459214682,0.14128649459214682,D_mean_resid2,0.09620502557009848,0.1621711072558744,0.5932316008566538,-0.00029605693245375597,0.015072292637715649,-0.542044939641457,-0.408281362388886
-8.43654331404713,-0.1866575837586921,0.14118476714047515,0.14118476714047515,0.14118476714047515,D_mean_resid2,0.09516399663329031,0.16040339315911148,0.593279199143205,0.006283631509635169,0.010108363924183324,-0.5786138490272683,-0.45957914627815977
-8.42770247245371,-0.1867681160305354,0.14108303968880348,0.14108303968880348,0.14108303968880348,D_mean_resid2,0.09333003095071997,0.15865256058523539,0.5882667799778676,0.017698976800982213,0.004841425871697392,-0.6132630064147541,-0.4777197137430944
-8.418861630860292,-0.1868717005516916,0.14098131223713184,0.1409813122371318,0.1409813122371318,D_mean_resid2,0.09089536813073452,0.15691854332191754,0.5792519240015067,0.01910856889345625,-0.0007351582654502609,-0.6366475729832742,-0.4617251326731201
-8.410020789266872,-0.1869684814730777,0.14087958478546014,0.14087958478546014,0.14087958478546014,D_mean_resid2,0.08893464428560813,0.15520127169935993,0.5730278064852667,0.003334322138364671,-0.0064155748154623785,-0.6180403483176554,-0.4121939382043762
-8.401179947673452,-0.1870586011245879,0.14077785733378848,0.1407778573337885,0.1407778573337885,D_mean_resid2,0.08851946954399527,0.15350067274359416,0.576671541315374,-0.021993280564498008,-0.011663151901087312,-0.5266807647095348,-0.3323219202503401
-8.392339106080033,-0.187142200016432,0.14067612988211683,0.14067612988211683,0.14067612988211683,D_mean_resid2,0.08974639036055619,0.15181667032595916,0.5911497740522533,-0.04055004921741025,-0.015728177237658323,-0.35472891972468046,-0.22886718478530002
-8.383498264486613,-0.1872194168411896,0.14057440243044514,0.14057440243044517,0.14057440243044517,D_mean_resid2,0.09163549215770087,0.15014918530879623,0.610296299438746,-0.04218833651886987,-0.01793535627686812,-0.12668242385749273,-0.11227043135502325
-8.374657422893193,-0.1872903884765579,0.14047267497877347,0.14047267497877347,0.14047267497877347,D_mean_resid2,0.0930272717683914,0.14849813568740172,0.6264541392238074,-0.031183514378882695,-0.017968135721647495,0.10974336425884901,0.004496228456378936
-8.365816581299775,-0.1873552499887727,0.14037094752710183,0.14037094752710183,0.14037094752710183,D_mean_resid2,0.09350162426811702,0.14686343672827126,0.636656926673417,-0.019195914591647878,-0.01599490887818577,0.30403290459414134,0.10815965672776835
-8.356975739706355,-0.1874141346366791,0.14026922007543016,0.14026922007543016,0.14026922007543016,D_mean_resid2,0.093373711648833,0.14524500110368094,0.6428703978746889,-0.012129715471682782,-0.012592322224239373,0.42204511290023233,0.18772507272844713
-8.348134898112935,-0.1874671738764316,0.14016749262375847,0.14016749262375852,0.14016749262375852,D_mean_resid2,0.09295995510452291,0.14364273902265146,0.6471608362317832,-0.006591810705163247,-0.008532440901329723,0.4551058752995881,0.23649422315110102
-8.339294056519517,-0.1875144973668029,0.14006576517208683,0.14006577145963756,0.14006577145963756,D_mean_resid2,0.09214152929277492,0.14205655201915818,0.6486256915509848,0.001285922478279973,-0.004545284320723318,0.4177665616269999,0.25286302062663635
-8.330453214926097,-0.1875562329750789,0.13996403772041516,0.13996409365194862,0.13996409365194862,D_mean_resid2,0.09074987982656418,0.14048630903883846,0.6459695642048345,0.008498397151689617,-0.0011456249125864838,0.3381815311915124,0.23977309734018287
-8.321612373332677,-0.1875925067835214,0.1398623102687435,0.13986263942533445,0.13986263942533445,D_mean_resid2,0.08904918243293727,0.13893173753642132,0.6409563718987736,0.009906238882754194,0.0014343343734454696,0.24597185645053748,0.20323695868449645
-8.312771531739259,-0.1876234430963759,0.13976058281707182,0.13976208674029192,0.13976208674029192,D_mean_resid2,0.08751439097451896,0.13739208603066647,0.6369682090348741,0.005944944346629941,0.003203571526050544,0.16143145512278567,0.15066028112101437
-8.303930690145839,-0.1876491644474062,0.13965885536540015,0.13966437926842462,0.13966437926842462,D_mean_resid2,0.08634419379470709,0.13586541233081306,0.6355126909302803,0.0013885959591347329,0.004288714219316728,0.08943206636390527,0.08962565768675901
-8.295089848552418,-0.1876697916079358,0.13955712791372848,0.13957370739343358,0.13957370739343358,D_mean_resid2,0.08540401647124653,0.13434772267462783,0.6356938158012816,9.306047546285556e-05,0.004784880990241571,0.020954458403980192,0.027432157712745674
-8.286249006959,-0.1876854435953741,0.13945540046205682,0.1394966841920374,0.1394966841920374,D_mean_resid2,0.08440462340852956,0.13283294333208848,0.6354193567593703,0.003724287302746418,0.0046592243141678116,-0.0572308078088099,-0.028800067992356848
-8.27740816536558,-0.1876962376822135,0.13935367301038515,0.13944046212680178,0.13944046212680178,D_mean_resid2,0.08300459305010648,0.13131483531744673,0.632103698332692,0.011257817491907745,0.003772943978039211,-0.1488465412281517,-0.07200081477989112
-8.26856732377216,-0.1877022894054719,0.1393459069958354,0.13940918206912956,0.13940918206912956,D_mean_resid2,0.08105372496708683,0.12979031924397919,0.6244974620543343,0.01705101541535655,0.0020273669287147085,-0.23842630622432753,-0.095561740631287
-8.259726482178742,-0.1877037125765685,0.13937335588886984,0.139401467065637,0.139401467065637,D_mean_resid2,0.07893532112404,0.12826157917763878,0.6154245225276445,0.013490831227905835,-0.0004428344320272881,-0.2931751498183019,-0.09452251777245664
-8.250885640585322,-0.1877006192916086,0.13940080478190428,0.13941131930353715,0.13941131930353715,D_mean_resid2,0.07746223998670844,0.1267348922025059,0.6112147857666052,-0.0010246378251667371,-0.0031564631886264,-0.27773173490082953,-0.06723596472010501
-8.242044798991902,-0.1876931199420648,0.13942825367493872,0.13943151704141954,0.13943151704141954,D_mean_resid2,0.07720442669336183,0.12521728904714396,0.6165636333517377,-0.018712877182184628,-0.005353598979475202,-0.17478280307035837,-0.016776745537209502
-8.233203957398484,-0.1876813232258339,0.13945570256797316,0.13945653187349172,0.13945653187349172,D_mean_resid2,0.07797245079639821,0.12371390214744472,0.6302642584458218,-0.029165031808609153,-0.006246917339024282,0.00047268419319068666,0.04872848040806682
-8.224363115805064,-0.1876653361586524,0.1394831514610076,0.13948332087236218,0.13948332087236218,D_mean_resid2,0.07901779115987226,0.12222739223032462,0.6464818541736664,-0.027703708483965403,-0.005345241127323416,0.20162440092412673,0.11731323874004392
-8.215522274211644,-0.1876452640858549,0.13951060035404206,0.13951062672048514,0.13951062672048514,D_mean_resid2,0.07957398020057516,0.12075871738288775,0.6589501936184963,-0.015871181342854784,-0.0026818585591474537,0.3689668422448641,0.17573747944637455
-8.206681432618225,-0.1876212106944585,0.1395380492470765,0.13953805160352745,0.13953805160352745,D_mean_resid2,0.07910584781621928,0.11930803789860114,0.6630387123074696,0.0021041022023441155,0.0011787136836981646,0.45504617091683347,0.2126006569070871
-8.197840591024805,-0.1875932780255556,0.13956549814011093,0.13956549814011093,0.13956549814011093,D_mean_resid2,0.0773957857231536,0.11787524137766364,0.6565906870568619,0.019577905400807373,0.00536412367038792,0.4440790749133419,0.22093409191199664
-8.188999749431387,-0.187561566487001,0.13959294703314537,0.13959294703314537,0.13959294703314537,D_mean_resid2,0.07475582878879886,0.1164601463332075,0.6419005225608492,0.028290573166468977,0.0090307791962202,0.3548584287740463,0.19944117267612704
-8.180158907837967,-0.1875261748663777,0.1396203959261798,0.1396203959261798,0.1396203959261798,D_mean_resid2,0.07200692868318442,0.11506255724514568,0.6258067820426639,0.0244989225778025,0.011638617984149606,0.22643077258838573,0.1521544344535693
-8.171318066244547,-0.1874872003442234,0.13964784481921425,0.13964784481921427,0.13964784481921427,D_mean_resid2,0.06991475775371361,0.11368227746818041,0.6150013820164951,0.013704169891215954,0.013034456380879461,0.09596694107857873,0.08691747875334183
-8.162477224651129,-0.1874447385075068,0.13967529371224868,0.1396752937122487,0.1396752937122487,D_mean_resid2,0.06858442308162305,0.11231911131503676,0.6106211336488849,0.006275625299328317,0.01333547503271123,-0.01755485417650271,0.013448508740760274
-8.153636383057709,-0.1873988833633365,0.13970274260528315,0.13970274260528315,0.13970274260528315,D_mean_resid2,0.06746588831840081,0.11097286410989742,0.6079494195228551,0.008217265416273056,0.01272405701093921,-0.11479115161307785,-0.05834045710781725
-8.14479554146429,-0.1873497273528892,0.13973019149831759,0.13973019149831759,0.13973019149831759,D_mean_resid2,0.06591778173881309,0.10964334223893125,0.6012018640873531,0.01652353406093859,0.011305774257236632,-0.20385999358944162,-0.11949149937383508
-8.13595469987087,-0.1872973613655429,0.13975764039135202,0.13975764039135202,0.13975764039135202,D_mean_resid2,0.06378644208254984,0.10833035319800578,0.5888141245691431,0.022340924018925807,0.009119469189819669,-0.28482052163984845,-0.16276135365348895
-8.12711385827745,-0.1872418747532025,0.13978508928438646,0.1397850892843865,0.1397850892843865,D_mean_resid2,0.06155474470794508,0.10703370563768495,0.5750968289961979,0.018620072487209982,0.006269668028490313,-0.34256118503043487,-0.18331688603455404
-8.118273016684032,-0.1871833553448035,0.1398125381774209,0.13981253817742093,0.13981253817742093,D_mean_resid2,0.05994895777685234,0.10575320940559867,0.5668760136340466,0.005884868002602859,0.0030624108440037053,-0.35312762687749605,-0.179529734313555
-8.109432175090612,-0.1871218894609821,0.13983998707045536,0.13983998707045536,0.13983998707045536,D_mean_resid2,0.05936761877098877,0.10448867558627623,0.5681727559267317,-0.00873454849834166,2.5777205522427223e-05,-0.29888926346170147,-0.15367930868560728
-8.100591333497192,-0.1870575619288977,0.1398674359634898,0.1398674359634898,0.1398674359634898,D_mean_resid2,0.059625258211324264,0.10323991653853391,0.5775407440306227,-0.01755919127754018,-0.002222454420474066,-0.18239458499549688,-0.11208800128612763
-8.091750491903774,-0.1869904560971975,0.13989488485652424,0.13989488485652424,0.13989488485652424,D_mean_resid2,0.06015397210531035,0.10200674593049847,0.5897058234393224,-0.017772638073894134,-0.0031992660613630493,-0.030492631981414053,-0.06422306191035321
-8.082909650310354,-0.1869206538511099,0.13992233374955867,0.13992233374955867,0.13992233374955867,D_mean_resid2,0.060426341348140705,0.10078897877235174,0.5995332236138973,-0.012214464402781169,-0.0027616154787019976,0.11324168846861837,-0.0206562811746571
-8.074068808716934,-0.1868482356276562,0.1399497826425931,0.13994978264259314,0.13994978264259314,D_mean_resid2,0.06024655227244351,0.09958643144688151,0.6049674779699127,-0.005412381198232317,-0.0011969624023181016,0.20380308986478385,0.009679396683824223
-8.065227967123516,-0.1867732804309675,0.13997723153562755,0.13997723153562758,0.13997723153562758,D_mean_resid2,0.05966436529536316,0.09839892173791247,0.6063518201376272,0.0012981634075414326,0.0008419661887857447,0.21154307070651263,0.022035682324166923
-8.056387125530096,-0.1866958658476998,0.14000468042866202,0.14000468042866202,0.14000468042866202,D_mean_resid2,0.05865160093295356,0.0972262688566985,0.6032485008696568,0.00982014756221126,0.0025434751542853145,0.13481032820773897,0.01718232786357201
-8.047546283936676,-0.1866160680625318,0.14003212932169645,0.14003212932169645,0.14003212932169645,D_mean_resid2,0.05701835245379463,0.09606829346635297,0.5935189477865013,0.01956236495086335,0.003225639702468911,0.0038576837478418446,0.0008616881268601313
-8.038705442343257,-0.1865339618737394,0.1400595782147309,0.1400595782147309,0.1400595782147309,D_mean_resid2,0.054815675823955176,0.09492481770438713,0.5774641147551213,0.023597963765122035,0.002611685496149929,-0.12740134014179819,-0.018586785265641892
-8.029864600749837,-0.1864496207088344,0.14008702710776533,0.14008702710776533,0.14008702710776533,D_mean_resid2,0.0527268997654628,0.09379566520342986,0.5621464451593304,0.01413100370071987,0.000972969568502808,-0.20187214309779267,-0.03358671760212201
-8.021023759156417,-0.1863631166402591,0.14011447600079976,0.1401144760007998,0.1401144760007998,D_mean_resid2,0.05177033571202326,0.0926806611102012,0.5585883299911527,-0.007358985448755994,-0.0009577537823536787,-0.18562681942392084,-0.04031263246069958
-8.012182917562999,-0.1862745204011265,0.1401419248938342,0.14014192489383423,0.14014192489383423,D_mean_resid2,0.05241743024438705,0.09157963210280266,0.5723699586993961,-0.02763944378743906,-0.0023092250435315133,-0.08745386025039978,-0.040005404401211336
-8.003342075969579,-0.1861839014009982,0.14016937378686867,0.14016937378686867,0.14016937378686867,D_mean_resid2,0.05400495578951323,0.09049240640639282,0.5967899178963382,-0.03164428358244041,-0.002504085232767044,0.04120546150942543,-0.037985406794348336
-7.99450123437616,-0.1860913277416904,0.1401968226799031,0.14019682267990313,0.14019682267990313,D_mean_resid2,0.05511977297366657,0.0894188138073142,0.6164225471883629,-0.01565576107965692,-0.0015806431275544697,0.129700540772816,-0.04075778376168146
-7.985660392782741,-0.1859968662330995,0.14022427157293754,0.14022427157293757,0.14022427157293757,D_mean_resid2,0.05466453431626413,0.08835868566572885,0.6186662228438571,0.009395517490529953,-0.00021076136166051155,0.12468496281533434,-0.0525095804745713
-7.976819551189321,-0.1859005824090404,0.14025172046597198,0.140251720465972,0.140251720465972,D_mean_resid2,0.052631876006718065,0.08731185492682733,0.6028033197877515,0.02745360111762095,0.0006239968831090397,0.019718804987913913,-0.07262258312868167
-7.967978709595902,-0.1858025405430875,0.14027916935900642,0.14027916935900644,0.14027916935900644,D_mean_resid2,0.04994943890020814,0.08627815613066832,0.5789349371880373,0.029180947965485565,0.00013790030095897876,-0.13970045950889318,-0.09537251774109158
-7.959137868002483,-0.1857028036644132,0.14030661825204085,0.14030661825204088,0.14030661825204088,D_mean_resid2,0.047764275081046983,0.08525742542070444,0.5602359541747036,0.015111969790553998,-0.001846142382982663,-0.27946740536232395,-0.11195782874141576
-7.950297026409062,-0.1856014335736145,0.14033406714507532,0.14033406714507535,0.14033406714507535,D_mean_resid2,0.04690824581374494,0.08424950055105127,0.5567777317008631,-0.00805462293996024,-0.004803553821705882,-0.33547199518938675,-0.11391553969452625
-7.941456184815643,-0.1854984908585223,0.14036151603810976,0.14036151603810976,0.14036151603810976,D_mean_resid2,0.047663508157454224,0.08325422089255408,0.5725056056793519,-0.029846790961084564,-0.007777851919978525,-0.2852935426426652,-0.09639088548198546
-7.932615343222224,-0.1853940349099848,0.1403889649311442,0.14038896493114422,0.14038896493114422,D_mean_resid2,0.04953547214303587,0.0822714274376994,0.6020981242916558,-0.038153834495641734,-0.009848023857964223,-0.15531367688306286,-0.059912139511245556
-7.923774501628804,-0.1852881239376205,0.14041641382417863,0.14041641382417863,0.14041641382417863,D_mean_resid2,0.051292900251180565,0.08130096280442772,0.6309015106569821,-0.027338710450955407,-0.010524059149207808,-0.0008769967969896042,-0.010134497498933519
-7.914933660035385,-0.1851808149855329,0.14044386271721307,0.1404438627172131,0.1404438627172131,D_mean_resid2,0.05176147846615726,0.0803426712388923,0.6442588685189315,-0.006242755934828028,-0.009863530637484599,0.1264776539503007,0.044022097216053824
-7.906092818441966,-0.185072163947982,0.1404713116102475,0.1404713116102475,0.1404713116102475,D_mean_resid2,0.05085212353766684,0.07939639861721168,0.6404840071252682,0.0076796932165183775,-0.008287721341844027,0.20371567705195742,0.09282546339240763
-7.897251976848546,-0.1849622255850045,0.14049876050328197,0.14049876050328197,0.14049876050328197,D_mean_resid2,0.04959036080868516,0.07846199244626262,0.6320303533287001,0.00513394174584606,-0.006261494575659402,0.23881945784246805,0.1277924717706156
-7.888411135255128,-0.1848510535379821,0.1405262093963164,0.1405262705916936,0.1405262705916936,D_mean_resid2,0.04903215077966828,0.07753926829363698,0.6323525080735376,-0.007043100013504135,-0.004064991349421064,0.25281457611218716,0.14290045031241613
-7.879570293661708,-0.1847387003451453,0.14055365828935085,0.14055419441161474,0.14055419441161474,D_mean_resid2,0.04931661857567695,0.07662788743615648,0.6435857783077438,-0.01500139353505784,-0.001791307335828883,0.25661027146339166,0.13509524057679612
-7.870729452068288,-0.1846252174570149,0.14058110718238528,0.1405842405187959,0.1405842405187959,D_mean_resid2,0.049752823296479134,0.07572679786404928,0.6570041874185586,-0.011190297786625971,0.00047231017308364847,0.24001486489048915,0.10453304930470947
-7.861888610474869,-0.1845106552517711,0.14060855607541972,0.140622788022677,0.140622788022677,D_mean_resid2,0.0495446269241177,0.0748325321425616,0.6620733724435712,0.0018971554845937343,0.002452559465296595,0.18015731510865282,0.05483292805829561
-7.853047768881449,-0.1843950630505478,0.14063600496845416,0.14068794718975208,0.14068794718975208,D_mean_resid2,0.048328807113985066,0.07393569579883759,0.6536600026795837,0.01645776221158877,0.0036577947426260837,0.062311370024596247,-0.006806262602688459
-7.84420692728803,-0.1842784891326478,0.14066345386148862,0.14081825510541304,0.14081825510541304,D_mean_resid2,0.04629038085677905,0.07301694733025307,0.63396762737025,0.024558297690149708,0.0035543293690095436,-0.10204870976915302,-0.07009431828315735
-7.835366085694611,-0.1841609807506725,0.14069090275452306,0.14107342108243798,0.14107342108243798,D_mean_resid2,0.04404953204271776,0.07204752508405589,0.6113954919523796,0.021538548916110678,0.0018534017868623123,-0.2724959428419446,-0.1231561224030851
-7.826525244101191,-0.1840425841455661,0.1407183516475575,0.1415161285593753,0.1415161285593753,D_mean_resid2,0.04235740112482337,0.07099954239006404,0.5965869595625878,0.008532339333257276,-0.0012638575620208953,-0.3944519105565889,-0.15501461914548564
-7.817684402507772,-0.1839233445615647,0.14166030697196413,0.14217989515109952,0.14217989515109952,D_mean_resid2,0.04167616901538406,0.06986235711209902,0.5965468492354437,-0.008330803762852543,-0.005121171928042636,-0.42330606309643093,-0.1584155448224121
-7.808843560914353,-0.1838033062610527,0.1428217533058318,0.14304843046829713,0.14304843046829713,D_mean_resid2,0.04198594865826385,0.06865121330290708,0.6115834904914336,-0.022662276956639187,-0.008748621260759759,-0.34498163134054916,-0.13199064837094773
-7.800002719320933,-0.183682512539318,0.14398319963969963,0.14406624788941957,0.14406624788941957,D_mean_resid2,0.042964735476565645,0.06739919119863994,0.6374666329442933,-0.03099796855727962,-0.011221027838685053,-0.18272950179584874,-0.08085960438423817
-7.791161877727514,-0.1835610057392065,0.1451446459735673,0.14516984435532304,0.14516984435532304,D_mean_resid2,0.04418671653326888,0.06614018211963113,0.6680767291106956,-0.031398875188990094,-0.011979586420403084,0.012689568167127852,-0.015330768760789341
-7.782321036134094,-0.1834388272656692,0.146306092307435,0.1463123430222667,0.1463123430222667,D_mean_resid2,0.04511948661934986,0.06489727663316361,0.6952446845249134,-0.02262328712447793,-0.01099665491457611,0.18423778527934415,0.05188860438046796
-7.773480194540674,-0.183316017600202,0.1474675386413028,0.14746878207198222,0.14746878207198222,D_mean_resid2,0.045218052815167865,0.06368160717669773,0.7100645668332627,-0.007466285307678143,-0.008721952270048693,0.2909300681244385,0.10898600317857057
-7.764639352947255,-0.1831926163151746,0.1486289849751705,0.14862917132028255,0.14862917132028255,D_mean_resid2,0.04431826770715475,0.062496748489095595,0.7091291751744074,0.005694820205079151,-0.005852521620474314,0.3208872062464896,0.14771944938283685
-7.755798511353836,-0.1830686620880435,0.14979043130903819,0.14979044599656216,0.14979044599656216,D_mean_resid2,0.042886603624711764,0.06134298344674562,0.6991281025961738,0.009151825155953417,-0.003048126350488633,0.2898535917429791,0.16469523750252546
-7.746957669760416,-0.1829441927154508,0.150951877642906,0.15095187764290596,0.15095187764290596,D_mean_resid2,0.04164469842290885,0.060219561089617415,0.6915476909726083,0.003934135999701033,-0.0007274222407075883,0.22773411785164338,0.16108784764900583
-7.738116828166997,-0.1828192451272026,0.15211332397677368,0.15211332397677368,0.15211332397677368,D_mean_resid2,0.040888796051927224,0.05912551311462489,0.6915592592432529,-0.00161189225740378,0.0009785961721984794,0.1618322023786968,0.14123102064063875
-7.729275986573578,-0.1826938554001265,0.15327477031064138,0.1532747703106414,0.1532747703106414,D_mean_resid2,0.040337174984272195,0.05805985879824796,0.6947515171271726,-0.0015556713886588757,0.002134043491180824,0.10614903295030274,0.1108107002089135
-7.720435144980158,-0.1825680587718077,0.15443621664450918,0.15443621664450913,0.15443621664450913,D_mean_resid2,0.03960816393618557,0.057021651577013985,0.6946162175378313,0.002668425092973518,0.0028554897434150397,0.06107778965306197,0.07532662843763582
-7.71159430338674,-0.1824418896541979,0.15559766297837677,0.15559766297837685,0.15559766297837685,D_mean_resid2,0.0386100236708528,0.056009983175180335,0.6893418187628028,0.006705692657850505,0.003214001617578687,0.020819449346422603,0.03917153478518842
-7.70275346179332,-0.1823153816470993,0.15675910931224446,0.15675910931224454,0.15675910931224454,D_mean_resid2,0.037470331312067465,0.05502398178989735,0.6809818208929981,0.008214500741226833,0.003223612650882858,-0.01826277510122415,0.005317276490529808
-7.6939126201999,-0.1821885675515195,0.15792055564611227,0.15792055564611224,0.15792055564611224,D_mean_resid2,0.036357472674490764,0.054062810374817714,0.6725043042051317,0.0068339030362221465,0.0028910850141263132,-0.05405818173132909,-0.024621191278664863
-7.685071778606481,-0.1820614793828965,0.15908200197997996,0.15908200197998,0.15908200197998,D_mean_resid2,0.03542738211581195,0.05312566501614535,0.6668600215177591,0.0032816063986442247,0.00226777300785295,-0.0810377358427277,-0.05018786387732375
-7.676230937013061,-0.1819341483841929,0.16024344831384776,0.16024344831384774,0.16024344831384774,D_mean_resid2,0.034756627138327584,0.05221177339552496,0.6656856275505584,-0.00045592535653353906,0.0014582014427764235,-0.09539962117860692,-0.07187258510822003
-7.667390095419642,-0.1818066050388574,0.16140489464771546,0.16140489464771546,0.16140489464771546,D_mean_resid2,0.03427474581410027,0.05132039333455006,0.6678582058143683,-0.0022907172181449963,0.0005809471300283578,-0.09877654118243409,-0.09086125070390788
-7.658549253826223,-0.1816788790836529,0.16256634098158312,0.16256634098158318,0.16256634098158318,D_mean_resid2,0.03383138407160177,0.05045081141601416,0.6705815649352068,-0.00192047428812556,-0.00028833406470305965,-0.098168533196972,-0.10867077118528726
-7.649708412232803,-0.18155099952135,0.16372778731545096,0.16372778731545093,0.16372778731545093,D_mean_resid2,0.03333209041352399,0.04960234167735489,0.6719862265845644,-0.0007827071017235633,-0.0011548377728772036,-0.10266732777477584,-0.1266385235309758
-7.640867570639384,-0.1814229946332846,0.16488923364931862,0.16488923364931868,0.16488923364931868,D_mean_resid2,0.03278979182736407,0.04877432437203862,0.6722756747433661,-0.0003690698361329481,-0.00210366522805601,-0.11927772112248468,-0.14534052442161255
-7.632026729045965,-0.1812948919917794,0.16605067998318632,0.16605067998318637,0.16605067998318637,D_mean_resid2,0.03227165342843542,0.04796612479491164,0.6728009312075774,-0.0010075379923909075,-0.0032638686490130252,-0.15000790277488482,-0.16409901403046712
-7.623185887452545,-0.1811667184724283,0.16721212631705412,0.16721212631705412,0.16721212631705412,D_mean_resid2,0.031822145652969064,0.047177132167802005,0.6745248002736252,-0.0020914855985400002,-0.004756057440443728,-0.19113811365452726,-0.18075766923812428
-7.614345045859125,-0.1810385002662434,0.16837357265092193,0.16837357265092184,0.16837357265092184,D_mean_resid2,0.03144064703470208,0.0464067585818963,0.6775014673609925,-0.0033948271942564473,-0.006643512219582601,-0.23435163287822114,-0.19184601999128276
-7.605504204265706,-0.1809102628916632,0.1695350189847895,0.1695350189847896,0.1695350189847896,D_mean_resid2,0.03114655226732394,0.045654437993636304,0.6822239772542027,-0.005884847788393459,-0.008899788767314593,-0.26884491255863985,-0.19315434506764262
-7.596663362672286,-0.180782031206422,0.17069646531865731,0.1706964653186573,0.1706964653186573,D_mean_resid2,0.031038701031906975,0.04491962527108931,0.6909830802146912,-0.010379486454617556,-0.011397142789837757,-0.2835595340310392,-0.18063582629873495
-7.587822521078867,-0.1806538294192815,0.171857911652525,0.171857911652525,0.171857911652525,D_mean_resid2,0.03121614775726205,0.044201795287938474,0.7062190020544286,-0.015611076109339029,-0.013913598612659162,-0.26902224104681793,-0.15146995860751167
-7.578981679485448,-0.1805256811016225,0.1730193579863927,0.17301935798639273,0.17301935798639273,D_mean_resid2,0.03164104935906707,0.04350044206241636,0.7273730532132776,-0.019343783108284593,-0.01615390882624083,-0.21878435248135797,-0.1050675789228248
-7.570140837892028,-0.1803976091988956,0.1741808043202605,0.17418080432026045,0.17418080432026045,D_mean_resid2,0.03218365230723062,0.042815077938674936,0.7516896816894282,-0.021378854582293803,-0.017782074219472224,-0.13092054320849944,-0.04377355850678993
-7.56129999629861,-0.1802696360419354,0.1753422506541281,0.17534225065412817,0.17534225065412817,D_mean_resid2,0.03279227276053963,0.042145232808238085,0.778077864933036,-0.023491869154286117,-0.01846880439390248,-0.010026412452530886,0.02696421624512487
-7.55245915470519,-0.1801417833581322,0.1765036969879959,0.17650369698799587,0.17650369698799587,D_mean_resid2,0.0335212572232986,0.04149045336932822,0.8079269928652831,-0.026246339245272508,-0.017959358067958203,0.13072780696394548,0.0991230489175819
-7.543618313111771,-0.1800140722824666,0.1776651433218636,0.17766514332186356,0.17766514332186356,D_mean_resid2,0.034374655654343236,0.040850302421995374,0.8414786088789051,-0.027319349810885154,-0.016157316727455857,0.26923149369255606,0.16335588507947324
-7.534777471518352,-0.179886523368402,0.17882658965573114,0.1788265896557313,0.1788265896557313,D_mean_resid2,0.035175222297797744,0.04022435819709941,0.8744756628667413,-0.02337169849198166,-0.013198892092567537,0.37786585669001105,0.210791629087216
-7.5259366299249315,-0.1797591565986409,0.1799880359895991,0.17998803598959906,0.17998803598959906,D_mean_resid2,0.035605407601136285,0.039612213717317345,0.8988492250199742,-0.013333655078866673,-0.009476012362339284,0.4311861580977167,0.23500861245150895
-7.517095788331512,-0.1796319913957397,0.18114948232346678,0.18114948232346678,0.18114948232346678,D_mean_resid2,0.035400910982718976,0.03901347618845585,0.9074021195064428,-0.00023644159912282383,-0.005574795050533021,0.4152586548651583,0.23367403961708388
-7.508254946738093,-0.1795050466325861,0.18231092865733445,0.1823109286573345,0.1823109286573345,D_mean_resid2,0.03455792741591522,0.03842776641945016,0.8992957602246634,0.010162566096718471,-0.0021335403864209384,0.33396600589677156,0.20935728803629364
-7.499414105144673,-0.1793783406427375,0.18347237499120228,0.18347237499120223,0.18347237499120223,D_mean_resid2,0.03337548905447822,0.037854718269529866,0.881673159389035,0.01339878288967976,0.0003302860609076542,0.20860738750869162,0.16920578895524013
-7.490573263551254,-0.1792518912306223,0.18463382132506995,0.18463382132506995,0.18463382132506995,D_mean_resid2,0.03226666359036074,0.037293978121118426,0.8651976864889382,0.00980104640894174,0.0015549893499420598,0.07096504908613727,0.12347001319068053
-7.481732421957835,-0.1791257156816024,0.18579526765893764,0.1857952676589377,0.1857952676589377,D_mean_resid2,0.03147503664131479,0.03674520437711832,0.8565753592845622,0.004078651287751077,0.0015850675761871602,-0.04622243173738953,0.0831819078505199
-7.472891580364415,-0.1789998307719005,0.18695671399280545,0.18695671399280542,0.18695671399280542,D_mean_resid2,0.03094679367643282,0.03620806698131293,0.8546933392606828,0.0008455029183343154,0.0007376989558361504,-0.11684397795762698,0.05753044411477412
-7.464050738770996,-0.1788742527783897,0.18811816032667314,0.18811816032667314,0.18811816032667314,D_mean_resid2,0.03048624207464418,0.035682246960687995,0.8543812307625027,0.00021209789375702462,-0.0004809306243495808,-0.12537737674922853,0.051578493361289036
-7.455209897177577,-0.1787489974882475,0.18927960666054083,0.1892796066605409,0.1892796066605409,D_mean_resid2,0.030037777896271354,0.03516743598854532,0.8541361362271396,-0.0018573383024120824,-0.0014791840986405713,-0.06886802009422166,0.06491396752517953
-7.446369055584157,-0.1786240802084757,0.19044105299440864,0.1904410529944086,0.1904410529944086,D_mean_resid2,0.02978832377842163,0.03466333596734601,0.8593611361146313,-0.008264109736907464,-0.0016986331373604032,0.04105269657583028,0.09164061670896169
-7.4375282139907375,-0.1784995157752846,0.19160249932827633,0.19160249932827633,0.19160249932827633,D_mean_resid2,0.029945222511981492,0.034169658630279945,0.8763687936128544,-0.015520396052008032,-0.0007533033238214205,0.176947181834184,0.1218153311580755
-7.428687372397318,-0.1783753185633444,0.19276394566214403,0.19276394566214405,0.19276394566214405,D_mean_resid2,0.030362701819999675,0.03368612516061519,0.9013414773955313,-0.015196234319255328,0.0014300908726355029,0.2987796193352596,0.1440679671210799
-7.419846530803898,-0.1782515024949036,0.19392539199601183,0.19392539199601178,0.19392539199601178,D_mean_resid2,0.030478274079240954,0.0332124658279348,0.9176757376926186,-0.003114718744979701,0.004529623247949135,0.36424275345494783,0.1487702880073171
-7.41100568921048,-0.1781280810487754,0.19508683832987941,0.1950868383298795,0.1950868383298795,D_mean_resid2,0.029791075133174184,0.03274841964041728,0.9096950466704897,0.01441166217621177,0.007870515842327484,0.344089186706323,0.13086933805221299
-7.40216484761706,-0.1780050672691925,0.19624828466374722,0.19624828466374725,0.19624828466374725,D_mean_resid2,0.02834092901600332,0.03229373401236397,0.8775983912282402,0.026915875430125975,0.010613699235307061,0.23552442321440953,0.0914939913157683
-7.39332400602364,-0.1778824737745319,0.19740973099761502,0.19740973099761497,0.19740973099761497,D_mean_resid2,0.026577857038392345,0.03184816444622162,0.8345177029989077,0.030067275103576038,0.012034984076367907,0.06613929273285213,0.03774863270028698
-7.384483164430222,-0.1777603127659109,0.1985711773314826,0.19857117733148266,0.19857117733148266,D_mean_resid2,0.024911089450435426,0.03141147422838778,0.793056997876346,0.02622140189704243,0.011783153255611245,-0.11467851228800352,-0.019330646614723602
-7.375642322836802,-0.1776385960356531,0.1997326236653504,0.19973262366535038,0.19973262366535038,D_mean_resid2,0.023555445863532778,0.030983434138126605,0.7602593617776756,0.018186122940534268,0.010007274953753182,-0.2535391748141503,-0.06805012884629152
-7.366801481243383,-0.1775173349756289,0.2008940699992181,0.2008940699992181,0.2008940699992181,D_mean_resid2,0.022654111361089194,0.030563822168959972,0.7412067520827377,0.007127743727774886,0.007300153891094903,-0.3124808216955105,-0.09950228265180282
-7.3579606396499635,-0.1773965405854677,0.20205551633308577,0.20205551633308583,0.20205551633308583,D_mean_resid2,0.022308985842175773,0.030152423261930454,0.7398737291653248,-0.004742238930656281,0.004482088062570265,-0.28217073673572773,-0.11004248309167708
-7.349119798056544,-0.1772762234806459,0.20321696266695347,0.20321696266695352,0.20321696266695352,D_mean_resid2,0.022463437235352622,0.029749029050167623,0.755098164631563,-0.012968225491024388,0.002310900319537017,-0.18393363015064523,-0.10201069763121308
-7.340278956463124,-0.1771563939004498,0.20437840900082127,0.20437840900082127,0.20437840900082127,D_mean_resid2,0.022832847866460705,0.029353437614218162,0.7778594168950411,-0.013469115328477877,0.0012298318868414196,-0.060109561936457834,-0.08255015612004254
-7.331438114869705,-0.1770370617158153,0.20553985533468896,0.205539855334689,0.205539855334689,D_mean_resid2,0.02302028463176197,0.028965453247629086,0.7947496776576853,-0.006124384629139677,0.0012480620888767732,0.04320090507451525,-0.061045461874405724
-7.322597273276285,-0.1769182364370458,0.20670130166855677,0.20670130166855674,0.20670130166855674,D_mean_resid2,0.02275152507001051,0.028584886232300016,0.7959284807053738,0.0046944887045842505,0.0019936966037537836,0.09367337079663116,-0.04613406731733528
-7.313756431682866,-0.176799927221408,0.20786274800242446,0.2078627480024245,0.2078627480024245,D_mean_resid2,0.022021299903529034,0.02821155262314672,0.7805773825245346,0.013101039001502003,0.0029043649543460995,0.08290142816543984,-0.04328202585425239
-7.304915590089447,-0.1766821428806084,0.20902419433629216,0.20902419433629219,0.20902419433629219,D_mean_resid2,0.021061103510900875,0.027845274041640587,0.7563618687826711,0.014862394049202901,0.003459533392311522,0.02498108615932787,-0.05358345214863998
-7.296074748496027,-0.1765648918881504,0.21018564067015996,0.21018564067015993,0.21018564067015993,D_mean_resid2,0.020214606835942842,0.027485877477812816,0.7354543020233028,0.009450960913659713,0.003346072605478401,-0.05448723534629901,-0.07392834947220794
-7.287233906902608,-0.1764481823865741,0.21134708700402766,0.21134708700402766,0.21134708700402766,D_mean_resid2,0.019740333643247843,0.027133195100332155,0.7275344304366937,0.0012294229114276074,0.0024961073591915923,-0.13174102129678894,-0.09822800987686245
-7.278393065309189,-0.1763320221945788,0.21250853333789535,0.21250853333789538,0.21250853333789538,D_mean_resid2,0.019601537279234423,0.026787064074285157,0.7317538504733468,-0.0031562198702457674,0.0010166696041980653,-0.19258319849997796,-0.11916434780946467
-7.269552223715769,-0.1762164188140309,0.21366997967176315,0.2136699796717631,0.2136699796717631,D_mean_resid2,0.019500889666107222,0.026447326386308027,0.7373482438740188,-0.0013458082377624716,-0.0009090877437932211,-0.23119402286863372,-0.12996271988784858
-7.26071138212235,-0.1761013794368567,0.21483142600563074,0.21483142600563082,0.21483142600563082,D_mean_resid2,0.019217529025689316,0.026113828676735222,0.735913881628939,0.001990545653431593,-0.003071229862855711,-0.24354101811471265,-0.12586275554378049
-7.25187054052893,-0.1759869109518227,0.21599287233949854,0.21599287233949854,0.21599287233949854,D_mean_resid2,0.018851175571353546,0.025786422078448022,0.7310504541500207,0.000515506371203981,-0.005215302869097606,-0.22274090360776608,-0.10512123237447814
-7.24302969893551,-0.1758730199512035,0.21715431867336635,0.2171543186733663,0.2171543186733663,D_mean_resid2,0.018699854194576253,0.025464962062122162,0.7343366209993824,-0.007329037934341054,-0.007009663953198708,-0.16160278060810201,-0.06943789820750204
-7.234188857342092,-0.1757597127373394,0.21831576500723393,0.218315765007234,0.218315765007234,D_mean_resid2,0.0189778221864032,0.025149308287587942,0.7546061294961903,-0.017403006216596358,-0.008072712037922345,-0.06113722211045802,-0.02368605715743167
-7.225348015748672,-0.1756469953290848,0.21947721134110174,0.2194772113411017,0.2194772113411017,D_mean_resid2,0.019635253300374845,0.024839324461030925,0.7904906323511146,-0.023216023761508334,-0.00809067294547898,0.06191098667988687,0.025127662235249565
-7.216507174155253,-0.1755348734681474,0.22063865767496943,0.22063865767496943,0.22063865767496943,D_mean_resid2,0.020362135579877906,0.024534878197775285,0.829926091979713,-0.02058839853504762,-0.006978021585664079,0.1759760353233723,0.06956566773024085
-7.207666332561834,-0.1754233526253215,0.2218001040088371,0.22180010400883715,0.22180010400883715,D_mean_resid2,0.020785964820484597,0.024235840890403124,0.8576539561585996,-0.010624823671214527,-0.0049791204404152495,0.2462672703601943,0.10372113798095513
-7.198825490968414,-0.175312438006615,0.22296155034270493,0.2229615503427049,0.2229615503427049,D_mean_resid2,0.02070341513030735,0.023942087581976752,0.8647289030006128,0.0019963219493853352,-0.002623601731867423,0.25185097238969717,0.12479257696127916
-7.189984649374995,-0.1752021345592709,0.2241229966765726,0.22412299667657262,0.22412299667657262,D_mean_resid2,0.020126689605355946,0.02365349684414131,0.8508970042770267,0.012691701544667002,-0.0005259713363232213,0.19837482698839765,0.1336241262579811
-7.1811438077815755,-0.1750924469776877,0.2252844430104403,0.22528444301044037,0.22528444301044037,D_mean_resid2,0.019217061731745255,0.023369950659895895,0.8222979163033826,0.01733966480117662,0.0008839991111852785,0.11792197055584394,0.13389553942482157
-7.172302966188155,-0.1749833797092356,0.2264458893443081,0.22644588934430807,0.22644588934430807,D_mean_resid2,0.018303555334402127,0.023091334310832063,0.7926590593691242,0.012199284454659296,0.001559087587812913,0.05435505110120919,0.13020521258106282
-7.163462124594736,-0.1748749369599724,0.2276073356781758,0.2276073356781758,0.2276073356781758,D_mean_resid2,0.017824425302050723,0.022817536268647947,0.7811722129940065,-0.0014479885570461344,0.0018450879043613512,0.04110827718735431,0.12581481083338925
-7.154621283001317,-0.1747671227002614,0.22876878201204348,0.22876878201204354,0.22876878201204354,D_mean_resid2,0.01798870063468999,0.022548448090754996,0.7977799874424826,-0.014073296298191236,0.002285951121396443,0.08350959951250125,0.12103202937704892
-7.145780441407897,-0.1746599406702875,0.22993022834591129,0.22993022834591126,0.22993022834591126,D_mean_resid2,0.018484830302808047,0.022283964319803923,0.8295126503312718,-0.014873568181075974,0.0033216781860012762,0.1557977726846704,0.11296308594512705
-7.136939599814478,-0.1745533943854801,0.23109167467977898,0.23109167467977898,0.23109167467977898,D_mean_resid2,0.018698884314100755,0.022023982386963778,0.8490237589896011,-0.0027791792346542037,0.0050407179792219,0.21465830937153837,0.09676928184052963
-7.128098758221059,-0.1744474871418371,0.23225312101364667,0.23225312101364673,0.23225312101364673,D_mean_resid2,0.018263046821222536,0.02176840251879613,0.8389704667328316,0.01284051504172935,0.007117198405731134,0.2213679261535233,0.06790173303142231
-7.119257916627639,-0.174342222021155,0.23341456734751448,0.23341456734751445,0.23341456734751445,D_mean_resid2,0.01729875641265308,0.021517127647574165,0.8039528647125601,0.022505434641541148,0.008954875517196082,0.15989803360411836,0.024384185700045594
-7.110417075034221,-0.174237601896167,0.23457601368138206,0.23457601368138215,0.23457601368138215,D_mean_resid2,0.016158469683747,0.021270063324902843,0.7596813153268226,0.024000716397956375,0.009944464778117746,0.04170382338022083,-0.03175954787031486
-7.101576233440801,-0.1741336294355869,0.23573746001524987,0.2357374600152499,0.2357374600152499,D_mean_resid2,0.015116933214710181,0.02102711763850315,0.7189256023863813,0.019623218482040707,0.009692269309884753,-0.10319743126312214,-0.09443291892474379
-7.0927353918473806,-0.1740303071090625,0.23689890634911767,0.23689890634911762,0.23689890634911762,D_mean_resid2,0.014338914670853749,0.020788201132030292,0.6897621674806901,0.011929006771787015,0.008119760492827519,-0.24122801771801416,-0.1546965030385543
-7.083894550253962,-0.1739276371920402,0.23806035268298525,0.23806035268298534,0.23806035268298534,D_mean_resid2,0.013898070426531484,0.020553226727800637,0.6761989545774203,0.0044624098159823785,0.0054269519248060435,-0.3467946088120944,-0.20281067500901717
-7.075053708660542,-0.1738256217705401,0.23922179901685306,0.23922179901685303,0.23922179901685303,D_mean_resid2,0.013691181575955025,0.02032210965230884,0.6737086754376183,0.0011364048020881682,0.001987848088908404,-0.4055342422315145,-0.23043080693810006
-7.066212867067123,-0.1737242627458432,0.24038324535072075,0.24038324535072078,0.24038324535072078,D_mean_resid2,0.013505124874483822,0.02009476736442173,0.672071720441759,0.0010139596994663586,-0.0017435760677464562,-0.41143135706591694,-0.23238236903895
-7.057372025473704,-0.1736235618390939,0.24154469168458842,0.2415446916845885,0.2415446916845885,D_mean_resid2,0.013313546051570608,0.01987111948614017,0.6699947660652246,-0.0024473740298348603,-0.005286950819862073,-0.3637270325760028,-0.20767039687208566
-7.048531183880284,-0.1735235205958166,0.24270613801845625,0.2427061380184562,0.2427061380184562,D_mean_resid2,0.013385765409694956,0.019651087735825766,0.6811717289975484,-0.012963352559714179,-0.008174882224244399,-0.26749629950602766,-0.15961528961099186
-7.039690342286865,-0.1734241403903481,0.24386758435232392,0.24386758435232395,0.24386758435232395,D_mean_resid2,0.013958231614139094,0.019434595863793414,0.718215686704514,-0.02452175988263794,-0.010016735641379598,-0.13640910975771942,-0.09518727909270588
-7.030849500693446,-0.1733254224301891,0.2450290306861916,0.2450290306861917,0.2450290306861917,D_mean_resid2,0.014853715317742074,0.019221569590175142,0.7727628718382269,-0.026824207007390116,-0.010586824886779042,0.007164745586706434,-0.02373241900391305
-7.022008659100026,-0.1732273677602712,0.24619047702005942,0.2461904770200594,0.2461904770200594,D_mean_resid2,0.015568170793577025,0.019011936544965153,0.8188629683649914,-0.01739060704207093,-0.009890050879801023,0.13757154543203737,0.044638712047279455
-7.013167817506607,-0.1731299772671472,0.2473519233539271,0.2473519233539271,0.2473519233539271,D_mean_resid2,0.015764591868047385,0.018805626210159593,0.8382912481548042,-0.004924930863451747,-0.008154328404926012,0.2342840055769287,0.10069287448898187
-7.004326975913187,-0.1730332516830994,0.2485133696877948,0.24851336968779486,0.24851336968779486,D_mean_resid2,0.015578869796319072,0.018602569863908718,0.8374579378166456,0.0004964225724967491,-0.005747515317446319,0.28742770638792114,0.13746423393026055
-6.995486134319767,-0.172937191590172,0.2496748160216626,0.2496748160216626,0.2496748160216626,D_mean_resid2,0.015391863479689731,0.01840270052660254,0.836391564240237,-0.0019022530322134919,-0.0030721227614549365,0.2968138292360969,0.151196515203535
-6.986645292726348,-0.1728417974241251,0.2508362623555303,0.25083626235553036,0.25083626235553036,D_mean_resid2,0.01538105723036073,0.018205952908814403,0.844836702994766,-0.004363348078758,-0.0004993472234210653,0.26666630048353746,0.14175582979187668
-6.977804451132929,-0.1727470694783134,0.251997708689398,0.2519977086893981,0.2519977086893981,D_mean_resid2,0.015369605821238141,0.018012263361030498,0.8532856484038679,-0.0002225803625843267,0.0016429862803011906,0.20178402737302087,0.11252428981038662
-6.968963609539509,-0.1726530079074912,0.2531591550232658,0.2531591550232658,0.2531591550232658,D_mean_resid2,0.01507003241389678,0.017821569825096018,0.8456063389362831,0.00920845187616201,0.0030685340207530984,0.10866954567798937,0.06982412938834341
-6.960122767946091,-0.1725596127315434,0.25432060135713336,0.2543206013571335,0.2543206013571335,D_mean_resid2,0.014408108390267118,0.017633811787312305,0.8170728237347916,0.016427791892744802,0.0035644467590372356,-0.00044390441325978247,0.021928604088344097
-6.951281926352671,-0.172466883839143,0.2554820476910012,0.2554820476910012,0.2554820476910012,D_mean_resid2,0.01362398834889243,0.017448930233121055,0.7807921842126326,0.014929964147180945,0.0030606850435523983,-0.10601054892423989,-0.022261763308226525
-6.942441084759251,-0.1723748209913395,0.25664349402486897,0.2566434940248689,0.2566434940248689,D_mean_resid2,0.013087202888517372,0.017266867603315774,0.7579372929230211,0.005350769881482578,0.001690001818495819,-0.1852141757196834,-0.05472858908922872
-6.933600243165832,-0.1722834238250755,0.2578049403587367,0.2578049403587367,0.2578049403587367,D_mean_resid2,0.012979524885159487,0.017087567751721926,0.7595887883956762,-0.004723888175131143,-0.00021421333323454775,-0.21968003191997038,-0.06978161206662445
-6.9247594015724125,-0.172192691856635,0.25896638669260436,0.2589663866926044,0.2589663866926044,D_mean_resid2,0.01313966957065338,0.016910975904290398,0.7769906151495244,-0.008431983952595498,-0.002194310908387616,-0.2019325376919231,-0.0651245555006963
-6.915918559978993,-0.1721026244850231,0.2601278330264721,0.26012783302647213,0.26012783302647213,D_mean_resid2,0.013282975088005852,0.016737038619551267,0.7936275580131259,-0.007182698308808225,-0.00378472048981741,-0.1372452762273188,-0.04225207127432859
-6.907077718385574,-0.1720132209952785,0.26128927936033974,0.26128927936033985,0.26128927936033985,D_mean_resid2,0.01335421801890492,0.016565703750376547,0.8061364744978837,-0.007701203309778071,-0.004621038401529174,-0.04125489803996027,-0.006032418900979302
-6.898236876792154,-0.1719244805617223,0.2624507256942076,0.2624507256942075,0.2624507256942075,D_mean_resid2,0.013529492527355354,0.016396920407003333,0.8251239983806189,-0.011712923919891201,-0.004514176526865244,0.06435195447875977,0.03644866729987733
-6.889396035198735,-0.1718364022511383,0.26361217202807524,0.2636121720280753,0.2636121720280753,D_mean_resid2,0.013866164403506343,0.01623063892127038,0.8543203056125304,-0.013204411681970975,-0.0034831875299819407,0.15670160062373037,0.07748736245465468
-6.880555193605316,-0.1717489850258926,0.26477361836194296,0.264773618361943,0.264773618361943,D_mean_resid2,0.014133473810621277,0.016066810812023227,0.8796689010643493,-0.007088897548448443,-0.0017434284697659846,0.2171610888686613,0.11037238439480665
-6.871714352011896,-0.1716622277469884,0.26593506469581074,0.26593506469581074,0.26593506469581074,D_mean_resid2,0.014054982445621162,0.01590538875164481,0.8836616737310308,0.003658460378462856,0.00035658604390278884,0.23675606755363815,0.13057754725300785
-6.862873510418477,-0.1715761291770604,0.26709651102967846,0.26709651102967846,0.26709651102967846,D_mean_resid2,0.013608648359950277,0.01574632653367041,0.8642427381936268,0.011400532315555666,0.0024428173092793364,0.21911085657913795,0.13625559255093977
-6.854032668825058,-0.1714906879833068,0.26825795736354613,0.268257879643867,0.268257879643867,D_mean_resid2,0.013027937029586085,0.015589583545296949,0.8356821714789386,0.011874748944954876,0.004230834792731865,0.178173263100318,0.12799875167255054
-6.845191827231638,-0.1714059027403627,0.26941940369741396,0.26941874146208533,0.26941874146208533,D_mean_resid2,0.012565395582930607,0.015435140025542145,0.8140772006044213,0.007415378870288161,0.005593220499784456,0.13082362009687154,0.10808249910592488
-6.8363509856382185,-0.1713217719331143,0.27058085003128163,0.27057702955800095,0.27057702955800095,D_mean_resid2,0.012290946800041875,0.015283067985062937,0.8042198603091054,0.0035289821237510597,0.006544016596640193,0.08836585045634476,0.07956228528777236
-6.827510144044799,-0.171238293959455,0.27174229636514935,0.27172513838474543,0.27172513838474543,D_mean_resid2,0.012092080619871163,0.015133740931867992,0.7990146437889769,0.0036488155198997896,0.007155677472089073,0.05220241272817172,0.04558359911920244
-6.81866930245138,-0.1711554671329841,0.272903742699017,0.27284189285507954,0.27284189285507954,D_mean_resid2,0.01181826759338188,0.014988251242878588,0.7885021008703152,0.007251566150536883,0.007467043120088298,0.016185424080014277,0.009102718515972915
-6.80982846085796,-0.1710732896856502,0.2740651890328848,0.27388343213446265,0.27388343213446265,D_mean_resid2,0.011398048210006511,0.014848851071215452,0.767604722772233,0.011541226584289027,0.007441863012916489,-0.026583001085406066,-0.027017784637230625
-6.800987619264541,-0.1709917597703401,0.2752266353667525,0.2747844509374139,0.2747844509374139,D_mean_resid2,0.010866599750509909,0.014718810403382788,0.7382797558158957,0.013411192159737146,0.006997010916740788,-0.07749479657507391,-0.05976384352128799
-6.792146777671122,-0.1709108754634114,0.2763880817006202,0.2754810136535788,0.2754810136535788,D_mean_resid2,0.010351892337502819,0.014601165733175013,0.7089771136548703,0.011059102090050846,0.006071624571247552,-0.1305294842921309,-0.08586024796408338
-6.783305936077702,-0.1708306347671731,0.2763880817006202,0.2759458972712816,0.2759458972712816,D_mean_resid2,0.009998864989310623,0.014496920203459402,0.6897233928986235,0.0058319895041166496,0.004689029928945786,-0.17481990534326516,-0.10199862241114835
-6.774465094484283,-0.1707510356123152,0.2763880817006202,0.2762063248021981,0.2762063248021981,D_mean_resid2,0.009842019737640782,0.014404254835166806,0.6832717034144868,0.0015645605317776117,0.0029805143902147595,-0.19894736735385687,-0.10543149726411719
-6.765624252890864,-0.1706720758602836,0.2763880817006202,0.27632623185668276,0.27632623185668276,D_mean_resid2,0.009777453992707096,0.014319562967105952,0.682803938581595,0.00031683335127383736,0.0011713056085393574,-0.1942548962702202,-0.09477907341305178
-6.7567834112974445,-0.1705937533056079,0.2763880817006202,0.2763709237202163,0.2763709237202163,D_mean_resid2,0.009709125019853078,0.014239304933231906,0.6818538591159583,-0.00028374348349477,-0.0004542391431274054,-0.156603295687898,-0.07077384596100036
-6.7479425697040245,-0.1705160656781758,0.2763880817006202,0.2763842612273395,0.2763842612273395,D_mean_resid2,0.009687590795843186,0.014161146872144396,0.6840964847910098,-0.0036642898086281872,-0.0015977042518289016,-0.08768324664128903,-0.03664146022382913
-6.739101728110605,-0.1704390106454626,0.2763880817006202,0.27638741946529166,0.27638741946529166,D_mean_resid2,0.009837287361704571,0.014083973683309183,0.6984738528276767,-0.008980300254902441,-0.0020046265310322306,0.0034558849431477606,0.002112568385687869
-6.730260886517186,-0.1703625858147087,0.2763880817006202,0.276388003980941,0.276388003980941,D_mean_resid2,0.0101547038279888,0.014007386398684435,0.7249535023137881,-0.01142606805185157,-0.0015365983891339984,0.0998253392295662,0.03858697796167786
-6.721420044923766,-0.1702867887350528,0.2763880817006202,0.27638808170062024,0.27638808170062024,D_mean_resid2,0.010457562350042577,0.013931275140729272,0.7506536368281896,-0.007894924265214593,-0.00023954650875621146,0.17893279618397268,0.06591154823066678
-6.712579203330347,-0.1702116168996177,0.2763880817006202,0.27638808170062024,0.27638808170062024,D_mean_resid2,0.010545847645332769,0.013855614806305757,0.761124482223142,-0.00018012184318114675,0.0016272346247262117,0.2189349163255387,0.07888345583160614
-6.703738361736928,-0.1701370677475492,0.2763880817006202,0.27638808170062024,0.27638808170062024,D_mean_resid2,0.010354250298380491,0.013780398378919858,0.7513752515471241,0.007692907685092708,0.00363159132024891,0.20655143980319918,0.07534456836980435
-6.694897520143508,-0.1700631386660129,0.2763880817006202,0.27638808170062024,0.27638808170062024,D_mean_resid2,0.009941001201278948,0.01370562281712556,0.7253228353006612,0.013064323896115677,0.005279411745111824,0.14309577320051195,0.05683263158339838
-6.686056678550089,-0.1699898269921444,0.2763880817006202,0.27638808170062024,0.27638808170062024,D_mean_resid2,0.009410317222702901,0.01363128510472625,0.6903470326095775,0.015158822963556532,0.006161765447356228,0.04557236332372305,0.028210439260970534
-6.67721583695667,-0.169917130014958,0.2763880817006202,0.27638808170062024,0.27638808170062024,D_mean_resid2,0.008868892184335314,0.013557382250553219,0.6541743841421461,0.014190329240451126,0.006085207835477384,-0.05794739087509099,-0.0037129800046321344
-6.6683749953632505,-0.1698450449772117,0.2763880817006202,0.27638808170062024,0.27638808170062024,D_mean_resid2,0.008406095951905545,0.013483911288245403,0.6234167351155415,0.010667897316497204,0.005137158040398986,-0.13714838358071071,-0.03220248978949974
-6.6595341537698305,-0.1697735690772316,0.2763880817006202,0.27638808170062024,0.27638808170062024,D_mean_resid2,0.008095084880275993,0.013410869276030166,0.6036211906669385,0.004880739975353506,0.003660193567416111,-0.1696469746277583,-0.05262784073781115
-6.650693312176411,-0.1697026994706946,0.2763880817006202,0.27638808170062024,0.27638808170062024,D_mean_resid2,0.008005933287108647,0.013338253296505212,0.600223515713733,-0.0023973460687598414,0.0021375139814252273,-0.1492670967912301,-0.0638158407024576
-6.641852470582992,-0.1696324332723705,0.2763880817006202,0.27638808170062024,0.27638808170062024,D_mean_resid2,0.008161535919063672,0.013266060456421619,0.6152192616545002,-0.00859665889892563,0.001020900051734457,-0.089347420090886,-0.06822767254522094
-6.633011628989572,-0.169562767557826,0.2763880817006202,0.27638808170062024,0.27638808170062024,D_mean_resid2,0.008467327259157933,0.013194287886468117,0.641741891037705,-0.010288007133475077,0.0005577012058168186,-0.018985776634134012,-0.0708643862997794
-6.624170787396153,-0.1694936993650889,0.2763880817006202,0.27638808170062024,0.27638808170062024,D_mean_resid2,0.00872785166279141,0.013122932741056586,0.6650839286469353,-0.0058384253340467845,0.0006851995642335464,0.027539641391861172,-0.07726626222983292
-6.615329945802734,-0.169425225696273,0.2763880817006202,0.27638808170062024,0.27638808170062024,D_mean_resid2,0.00874619743373056,0.01305199219810872,0.6701044025292872,0.003084568757226753,0.0010446484199868457,0.02462561798413708,-0.09132494736957336
-6.606489104209314,-0.1693573435191694,0.2763880817006202,0.27638808170062024,0.27638808170062024,D_mean_resid2,0.00843572056476765,0.012981463458844014,0.6498281639440706,0.011725897345194388,0.0011206219397091586,-0.03350478122921034,-0.11371524214534125
-6.597648262615895,-0.1692900497687964,0.2763880817006202,0.27638808170062024,0.27638808170062024,D_mean_resid2,0.0079046468181538,0.012911343747569073,0.612224952932732,0.014449720130265808,0.0004522274930476676,-0.12992210016463773,-0.14152479879037805
-6.588807421022476,-0.1692233413489169,0.2763880817006202,0.27638808170062024,0.27638808170062024,D_mean_resid2,0.007425703735715792,0.01284163031146812,0.5782524146551956,0.00900324169092478,-0.0011766194743706346,-0.23218565602895877,-0.16920365948237887
-6.5799665794290565,-0.1691572151335181,0.2763880817006202,0.27638808170062024,0.27638808170062024,D_mean_resid2,0.0072482823627440796,0.012772320420394927,0.5674992580964359,-0.0012526237880305467,-0.003653205717384587,-0.30620518431136423,-0.1904497151834641
-6.5711257378356365,-0.1690916679682587,0.2763880817006202,0.27638808170062024,0.27638808170062024,D_mean_resid2,0.0074274006190127115,0.012703411366666046,0.5846776432433204,-0.010758620358144897,-0.006590842533531916,-0.32993617854564017,-0.20030123949336603
-6.562284896242217,-0.1690266966718799,0.2763880817006202,0.27638808170062024,0.27638808170062024,D_mean_resid2,0.007856209757309877,0.012634900464855431,0.621786438220253,-0.01677547683681288,-0.009487032698305,-0.30055461487307844,-0.19666224795023296
-6.553444054648798,-0.1689622980375845,0.2763880817006202,0.27638808170062024,0.27638808170062024,D_mean_resid2,0.00841564510325398,0.012566785051590429,0.6696736729963334,-0.019705178377842695,-0.01190515401405988,-0.23265264245594508,-0.18075037275380262
-6.544603213055378,-0.1688984688343817,0.2763880817006202,0.27638808170062024,0.27638808170062024,D_mean_resid2,0.009025864617842059,0.012499062485349112,0.7221233295234588,-0.019844464139801697,-0.013600723014791913,-0.149711190399193,-0.15640917602220383
-6.535762371461959,-0.1688352058084014,0.2763880817006202,0.27638808170062024,0.27638808170062024,D_mean_resid2,0.009587651510535627,0.012431730146259147,0.771224230073934,-0.01659384590800407,-0.01455229985222304,-0.07388922336579407,-0.1286690585602405
-6.52692152986854,-0.1687725056841756,0.2763880817006202,0.27638808170062024,0.27638808170062024,D_mean_resid2,0.009983884220012125,0.012364785435897972,0.8074450035361299,-0.014072287217831518,-0.014907208853267412,-0.04014425519269066,-0.10218393032390019
