x,b,D_raw_interp,D_smooth,D_final,D_var_source,p_emp,p_closed,ratio_pemp_over_pclosed,J_raw,J_smooth,S_raw,S_smooth
-13.146295375085534,1.1186070013148288,0.1642560211538916,0.1642560211538916,0.1642560211538916,D_var_mad,0.285804052645461,0.01780504809237707,16.051855134714472,1.3571548054122757,0.9798512311176005,-32.98314811828676,-31.518604889419564
-13.13785508962916,1.1118805827519638,0.1642560211538916,0.16425605883295913,0.16425605883295913,D_var_mad,0.23249457255999462,0.018855195794983057,12.330530803708555,0.9899583318302605,0.7014640457493555,-35.003095530864506,-28.705164482055473
-13.129414804172788,1.1051508220723292,0.1642560211538916,0.1642563422104106,0.1642563422104106,D_var_mad,0.21063239619788776,0.0199603486512898,10.552540933911848,0.26944749087533715,0.3889789948432039,-33.9521324108808,-23.37305919014996
-13.120974518716414,1.098417719590512,0.1642560211538916,0.16425787334721256,0.16425787334721256,D_var_mad,0.22872379140499027,0.02112280282016674,10.828287957439958,-0.35501642328721356,0.1283326669485823,-23.01409103626693,-15.368151850941004
-13.11253423326004,1.0916812763170582,0.1642560211538916,0.16426433946797736,0.16426433946797736,D_var_mad,0.27292329446841473,0.02234452012368107,12.214327851201709,-0.5745367393009622,0.0004879991130881389,-5.418339274788892,-5.7250842718076695
-13.104093947803666,1.0849414939770377,0.1642560211538916,0.16428600640949362,0.16428600640949362,D_var_mad,0.3183331240500839,0.023626418577046872,13.47360891842259,-0.35006816186527007,0.03686800659121195,12.066204693269274,3.479882847207411
-13.095653662347292,1.078198375028924,0.1642560211538916,0.1643441382243587,0.1643441382243587,D_var_mad,0.34422283648991586,0.024967330692420256,13.786929837654501,0.13179635269617435,0.204172423085533,23.05770287576996,9.949486255905391
-13.08721337689092,1.0714519226838135,0.1642560211538916,0.16447039539144592,0.16447039539144592,D_var_mad,0.34254154630620665,0.026363469848836394,12.993037269763086,0.6065771830134203,0.42609519507064153,24.7383246499407,12.157524618294758
-13.078773091434543,1.0647021409249406,0.1642560211538916,0.1646957743611342,0.1646957743611342,D_var_mad,0.31893404407789644,0.027809678059343212,11.468455096722856,0.8873419425646526,0.621769466601438,18.272633410678324,9.939660992299709
-13.070332805978172,1.0579490345275329,0.16481909881055068,0.1650334730481051,0.1650334730481051,D_var_mad,0.28534354582561194,0.029302440716751903,9.737876396845126,0.9733886958084638,0.7345476791223093,7.033679777291468,4.457568209205496
-13.061892520521798,1.0511926090789976,0.16538217646720987,0.16547029353767706,0.16547029353767706,D_var_mad,0.24893665345327773,0.030842396944728328,8.071248609483535,0.9688571205790673,0.740501996859525,-5.311647177591347,-2.309911033794854
-13.053452235065423,1.0444328709994148,0.1659452541238692,0.1659752393794712,0.1659752393794712,D_var_mad,0.21180080371582388,0.03243405597115217,6.530197885340209,0.8746170599742562,0.644884042277456,-15.554150567564552,-8.249842197726146
-13.04501194960905,1.0376698275623797,0.1665083317805284,0.16651665009461414,0.16651665009461414,D_var_mad,0.1811336340916201,0.03408327371543838,5.31444354799679,0.5925658773384529,0.4779390552161972,-21.04472585665919,-11.73300927781894
-13.036571664152676,1.0309034869161828,0.16707140943718762,0.16707326163050853,0.16707326163050853,D_var_mad,0.16952837577286584,0.03579498666743151,4.7360927201326,0.16656024899029287,0.28963705511480314,-20.29070256648368,-12.025318586203197
-13.028131378696305,1.024133858105292,0.1676344870938467,0.1676348081503658,0.1676348081503658,D_var_mad,0.18075188316346105,0.03757257580197017,4.810739729853259,-0.16073365773114584,0.13542041167324353,-13.945809996542105,-9.403633746982637
-13.01969109323993,1.017360951092204,0.168197564750506,0.16819760242957355,0.16819760242957355,D_var_mad,0.20310495620221825,0.03941833000783888,5.152551012735142,-0.21291912804622004,0.054223820532510784,-4.865161004649414,-4.942129026213751
-13.011250807783556,1.010584776779622,0.16876064240716523,0.1687606424071652,0.1687606424071652,D_var_mad,0.22151227489734956,0.04133404030518619,5.359076278578951,-0.06142197303485611,0.05329371633230282,3.4256908275645643,-0.05426782144355413
-13.002810522327184,1.0038053470329582,0.16932372006382432,0.16932372006382443,0.16932372006382443,D_var_mad,0.23019478582982536,0.04332132964932528,5.31365929192828,0.11789815044213342,0.11205143747234224,8.716649648556409,3.99654651409997
-12.99437023687081,0.997022674703201,0.16988679772048365,0.16988679772048365,0.16988679772048365,D_var_mad,0.23128914399616668,0.04538177048009943,5.096520949917332,0.2373738574702832,0.20043573884634172,10.850653713367503,6.393486349480757
-12.985929951414436,0.9902367736500964,0.17044987537714285,0.17044987537714287,0.17044987537714287,D_var_mad,0.22800309828927032,0.04751690863269804,4.798357150119261,0.3072580987501589,0.2952166669305204,10.785361416921452,6.794598741661657
-12.97748966595806,0.9834476587656884,0.17101295303380218,0.1710129530338021,0.1710129530338021,D_var_mad,0.22172311961135707,0.04972826914930851,4.458693684785935,0.37349485619440637,0.38249879706430584,9.104074151173478,5.212243113763743
-12.969049380501689,0.9766553459981996,0.17157603069046126,0.17157603069046135,0.17157603069046135,D_var_mad,0.2112133825795478,0.052017353435945865,4.0604407688606425,0.4813835105625053,0.44889863623431886,5.415874447957876,1.9328412883559352
-12.960609095045314,0.9698598523762484,0.17213910834712057,0.17213910834712054,0.17213910834712054,D_var_mad,0.19329521727426316,0.05438563637409,3.5541593362020754,0.6227963899203691,0.473921849737575,-0.8440887319826231,-2.449303564310819
-12.95216880958894,0.9630611960334056,0.1727021860037798,0.17270218600377976,0.17270218600377976,D_var_mad,0.1672855693213341,0.05683456339198261,2.9433773981438254,0.6945852727598039,0.43464993653744766,-8.97455049590403,-6.997436133805055
-12.943728524132569,0.9562593962331134,0.17326526366043887,0.17326526366043898,0.17326526366043898,D_var_mad,0.14006405670486713,0.05936554750070388,2.3593491949721583,0.5619328381157513,0.3224263136814709,-16.382055851872337,-10.581409686506547
-12.935288238676192,0.9494544733939224,0.17382834131709832,0.1738283413170982,0.1738283413170982,D_var_mad,0.12463893330518944,0.06197996630031703,2.0109551641455456,0.20366924660814667,0.15811148103327494,-19.732212685647394,-12.259968885793079
-12.92684795321982,0.9426464491150892,0.1743914189737574,0.17439141897375743,0.17439141897375743,D_var_mad,0.1308998599128258,0.06467915896157903,2.023833674005926,-0.21695149413360448,-0.010664701824035401,-17.30866116885738,-11.707791823114793
-12.918407667763448,0.935835346202514,0.17495449663041648,0.17495449663041662,0.17495449663041662,D_var_mad,0.15667488929535495,0.06746442318893776,2.322333489112898,-0.45636025293199833,-0.13406860123226852,-10.63392043692524,-9.379775148827914
-12.909967382307071,0.9290211886950078,0.17551757428707593,0.17551757428707587,0.17551757428707587,D_var_mad,0.18805236698953937,0.07033701217064749,2.6735904922048417,-0.392423038695229,-0.19017134984003642,-3.646071982337287,-6.249980222003542
-12.901527096850698,0.9222040018909188,0.17608065194373512,0.17608065194373507,0.17608065194373507,D_var_mad,0.21004247127892484,0.07329813152204853,2.8655910719326148,-0.14300085225737255,-0.19561637788312686,0.2428306357678487,-3.2824021965199144
-12.893086811394324,0.9153838123750851,0.17664372960039434,0.17664372960039432,0.17664372960039432,D_var_mad,0.21902974921606355,0.07634893622820704,2.8687989648131236,0.02031447509801851,-0.18607223007316986,0.7380080681355654,-1.0080113016788776
-12.884646525937953,0.9085606480461256,0.17720680725705343,0.1772068072570535,0.1772068072570535,D_var_mad,0.22587161153045615,0.07949052759219966,2.841490909322141,-0.08385400249927238,-0.18315838035478504,0.3941422212920944,0.5210633891738283
-12.876206240481578,0.9017345381440746,0.17776988491371273,0.17776988491371276,0.17776988491371276,D_var_mad,0.24509175571554423,0.08272395019550613,2.962766588591396,-0.34380275891645384,-0.1794188843569407,1.5654142288961364,1.478542636950721
-12.867765955025204,0.8949055132783539,0.17833296257037196,0.17833296257037196,0.17833296257037196,D_var_mad,0.2779088590145369,0.08605018887702864,3.2296135852959815,-0.4269056691246732,-0.15673329445608208,3.6593015069693777,2.0478972518546636
-12.85932566956883,0.8880736054560577,0.17889604022703115,0.1788960402270312,0.1788960402270312,D_var_mad,0.30729902784142116,0.08947016573739465,3.434653611164414,-0.1464403784168697,-0.11764778577742267,3.9137631795768897,2.4675149885982925
-12.850885384112456,0.8812388481105962,0.17945911788369048,0.17945911788369043,0.17945911788369043,D_var_mad,0.31560996155573884,0.09298473717522306,3.394212546527873,0.2417163295322599,-0.09066673756753238,1.2825657963954615,3.183038226341698
-12.842445098656082,0.8744012761306361,0.18002219554034968,0.18002219554034968,0.18002219554034968,D_var_mad,0.30879095100640885,0.09659469096212148,3.1967693869169036,0.24980745735199472,-0.09599734290109635,-0.962972527159148,4.734730802322018
-12.834004813199709,0.8675609258893932,0.18058527319700887,0.1805852731970089,0.1805852731970089,D_var_mad,0.3155299848256783,0.10030074336322123,3.145838946407833,-0.24129663799326845,-0.10692226359926943,2.2419391771900434,7.25960585053704
-12.825564527743335,0.8607178352742256,0.1811483508536681,0.1811483508536681,0.1811483508536681,D_var_mad,0.3548658446592098,0.10410353631005069,3.40877800348987,-0.704865172183632,-0.05815212963847448,11.818594572782809,10.005514188408434
-12.817124242286962,0.8538720437165489,0.1817114285103273,0.1817114285103273,0.1817114285103273,D_var_mad,0.40742944153267535,0.10800363463258068,3.772367873717548,-0.4778828564291417,0.09258236017559596,21.65424636397526,11.457283258232676
-12.808683956830588,0.8470235922220685,0.18227450616698648,0.18227450616698648,0.18227450616698648,D_var_mad,0.42914900990170596,0.11200152335724034,3.8316354727863047,0.4355955490076693,0.3073839116707008,23.00222722382249,10.224861283256228
-12.800243671374217,0.8401725234013219,0.1828375838236456,0.18283758382364573,0.18283758382364573,D_var_mad,0.3982636341962706,0.11609760507767418,3.4304207561371785,1.2568172646870504,0.4808730879784157,12.648346099685075,6.093178808484391
-12.79180338591784,0.8333188815005109,0.183400661480305,0.18340066148030493,0.18340066148030493,D_var_mad,0.3416320364486081,0.12029219740496436,2.8400182540393866,1.2490146973638114,0.5208952149353381,-3.448055059846734,0.34443037901275986
-12.783363100461468,0.8264627124326457,0.18396373913696412,0.18396374683790845,0.18396374683790845,D_var_mad,0.3073387206703813,0.12458552518975756,2.4668894737351743,0.5073254169574144,0.4226679500296984,-15.13769985196171,-4.9893089498193675
-12.774922815005093,0.8196040638089805,0.18452681679362343,0.18452691358561002,0.18452691358561002,D_var_mad,0.3163729889998577,0.1289776755951362,2.4529282880935113,-0.20697913071205593,0.26536219912839587,-16.862461019351283,-8.36691767347708
-12.76648252954872,0.8127429849707303,0.18508989445028265,0.18509053863118674,0.18509053863118674,D_var_mad,0.34799320876729534,0.133468412354394,2.6073076215462963,-0.3128583978782937,0.1380199810290731,-11.607225051477391,-9.482101537252777
-12.758042244092346,0.8058795270210637,0.18565297210694184,0.1856562046303803,0.1856562046303803,D_var_mad,0.3686107629012636,0.1380564467280176,2.6700003631663556,0.06225144785493403,0.06942561354671994,-6.709376432203802,-9.005677552327604
-12.749601958635973,0.7990137428573887,0.18621604976360104,0.1862290603524798,0.1862290603524798,D_var_mad,0.3671493749350611,0.14273741743807092,2.572201329720395,0.3612035477989273,0.024761876384944283,-6.4353661676906855,-7.723664200663455
-12.7411616731796,0.7921456872038791,0.18677912742026026,0.18682194520009204,0.18682194520009204,D_var_mad,0.36018034916501707,0.1475000438236207,2.441899946794034,0.23305143942685358,-0.03920704139647468,-8.668142598332986,-5.928052067004857
-12.732721387723226,0.7852754166442855,0.18734220507691945,0.1874589227561529,0.1874589227561529,D_var_mad,0.36944694902636555,0.1523220459438732,2.425433211174812,-0.19794631875648483,-0.12156131942801753,-8.121522077227858,-3.5525401652037116
-12.724281102266852,0.7784029896549723,0.18790528273357865,0.18817252233158682,0.18817252233158682,D_var_mad,0.40137842775201155,0.1571708088117983,2.553772108105875,-0.5580952223335356,-0.17630297074055873,-2.1733600102941386,-0.7744031339548326
-12.71584081681048,0.7715284666382146,0.18858344364280918,0.18899108614558516,0.18899108614558516,D_var_mad,0.4442069829841821,0.16201321090549925,2.741794823406616,-0.5559623199382491,-0.15824887720072744,6.288194241371448,1.626996932944099
-12.707400531354104,0.7646519099557244,0.1897274647147823,0.18992283601920196,0.18992283601920196,D_var_mad,0.4775551773615919,0.1668305755142647,2.8625159140613228,-0.1694387338443149,-0.07015466193590617,11.215242246026794,2.5976650838149933
-12.69896024589773,0.7577733839623959,0.19087148578675492,0.19095051757394393,0.19095051757394393,D_var_mad,0.4869091318742579,0.17162647316139437,2.837028128034639,0.3272596540108627,0.031070814836996547,8.52507845278682,1.6053110271991207
-12.690519960441357,0.7508929550402595,0.19201550685872754,0.19204201516449848,0.19204201516449848,D_var_mad,0.47595144046399573,0.17642023998515236,2.6978278711334487,0.5427254538080951,0.07375352942309205,-0.4599448347269808,-0.7501720999982235
-12.682079674984983,0.744010691632659,0.19315952793070018,0.193166788612308,0.193166788612308,D_var_mad,0.4651263253263424,0.18123318292084062,2.5664523341153322,0.3034407216878075,0.023306683438436112,-9.95839008884208,-2.828750693792597
-12.67363938952861,0.7371266642785937,0.1943035490026728,0.1943051470261421,0.1943051470261421,D_var_mad,0.47411041516016095,0.18607930220714172,2.547894416716942,-0.17229919107036218,-0.0943497806484022,-13.902671440286733,-2.722332268658728
-12.665199104072236,0.7302409456472604,0.19544757007464542,0.1954478434004825,0.1954478434004825,D_var_mad,0.5047632035218355,0.1909642957106725,2.6432333941973924,-0.5053072412345302,-0.2113783476859446,-9.608297962779524,0.774591094038467
-12.656758818615865,0.7233536105727609,0.1965915911466178,0.19659162232025162,0.19659162232025162,D_var_mad,0.5436352010941524,0.19588873683941227,2.7752243945491335,-0.5499888111704581,-0.25654333575990124,1.7163521256991672,7.523572442794233
-12.64831853315949,0.7164647360889507,0.19773561221859068,0.19773561221859076,0.19773561221859076,D_var_mad,0.5794460962337966,0.20085103620997577,2.8849544775463647,-0.4467283125688231,-0.18240534391678576,16.83106700138858,15.965236851679652
-12.639878247703114,0.7095744014644485,0.19887963329056355,0.19887963329056346,0.19887963329056346,D_var_mad,0.6105359688231872,0.20584891891914256,2.96594207066497,-0.2889764590393424,0.02757468429429217,31.971438918927614,23.537116788867515
-12.63143796224674,0.7026826882377645,0.2000236543625364,0.2000236543625362,0.2000236543625362,D_var_mad,0.6337661875857062,0.21087992044082604,3.0053415529599663,0.0504388290744352,0.3572907979368403,42.827438171859605,27.415820984886867
-12.622997676790368,0.6957896802525354,0.2011676754345088,0.20116767543450884,0.20116767543450884,D_var_mad,0.6367288776909831,0.21594149856156755,2.9486174817363504,0.6808752323763108,0.7505262913656234,44.51371130491333,25.43830600183533
-12.614557391333994,0.6888954636928718,0.20231169650648143,0.20231169650648145,0.20231169650648145,D_var_mad,0.6067531301060541,0.22103106695146896,2.7451033851240325,1.4614507478454761,1.108707658208885,33.36822875913321,17.007593768576335
-12.60611710587762,0.682000127118785,0.20345571757845407,0.2034557175784541,0.2034557175784541,D_var_mad,0.5429930776930567,0.2261459982106224,2.4010731208576903,2.058438780145853,1.3138010431669307,10.040739007280592,3.6353760328305897
-12.597676820421247,0.6751037615016674,0.2045997386504267,0.20459973865042674,0.20459973865042674,D_var_mad,0.46068909819687776,0.23128362696501298,1.9918794263225892,2.1327530987436107,1.2782010650376687,-18.85783738670844,-11.27240657894572
-12.589236534964874,0.6682064602598443,0.2057437597223993,0.2057437597223994,0.2057437597223994,D_var_mad,0.38748700075952297,0.2364412530059344,1.638829924276359,1.5458200602994496,0.9954699818995499,-42.82698086037833,-23.512308307511987
-12.5807962495085,0.6613083192941355,0.20688778079437195,0.2068877807943721,0.2068877807943721,D_var_mad,0.35059239999980174,0.24161614446698412,1.4510305210490966,0.5162235715664867,0.5552571776451998,-52.74643185625771,-29.6778142582871
-12.572355964052123,0.6544094370234423,0.20803180186634504,0.2080318018663448,0.2080318018663448,D_var_mad,0.3601499285688829,0.24680554103270821,1.4592457165341908,-0.4584049662043145,0.10508009855543014,-45.989590113666445,-28.47898972975687
-12.563915678595752,0.6475099144203417,0.20917582293831744,0.20917574421562368,0.20917574421562368,D_var_mad,0.402771016555589,0.2520067532539246,1.598254853709229,-0.9260118703123024,-0.22107335951686874,-27.617098620611493,-21.100342354653222
-12.555475393139378,0.6406098550466186,0.21031984401029005,0.21031912137368042,0.21031912137368042,D_var_mad,0.45148852829244146,0.25721758305866443,1.7552786357901087,-0.7992354417675174,-0.3611122931140375,-6.648241457200525,-10.468436046151883
-12.547035107683003,0.63370936508879,0.21146386508226292,0.21145955345854275,0.21145955345854275,D_var_mad,0.4853117761006152,0.2624382439177656,1.8492418210689083,-0.4006002212303896,-0.3332994708801822,9.625070291851964,0.06685399840113321
-12.538594822226631,0.6268085533935501,0.21260788615423531,0.21258795771092787,0.21258795771092787,D_var_mad,0.5029005154375301,0.26767772475163726,1.8787536987029554,-0.13391988660100013,-0.1986356115123023,18.7231543622404,7.901031324308507
-12.530154536770258,0.6199075315031166,0.21375190722620793,0.21367781132665448,0.21367781132665448,D_var_mad,0.515755885281565,0.2729684920536072,1.8894337635871827,-0.06458806938461387,-0.017241935958100797,21.568675254463443,11.750337095440381
-12.521714251313885,0.6130064136904805,0.21489592829818058,0.21467055934918977,0.21467055934918977,D_var_mad,0.5282417376494732,0.2783878335344421,1.8975029581676,0.0836182812642069,0.16545594061467633,19.227779279147054,11.67595525387599
-12.513273965857511,0.606105316994522,0.2160399493701532,0.21547078962826544,0.21547078962826544,D_var_mad,0.5302818835063219,0.28406876406159154,1.8667377430886651,0.4736794697555738,0.3073339556581858,12.003128032930332,8.823572710403706
-12.504833680401136,0.5992043612549537,0.21718397044212606,0.21597016957081888,0.21597016957081888,D_var_mad,0.5131611356488411,0.2901740956498314,1.7684594984250426,0.8359835749148619,0.3680755945493408,1.687627588633486,4.9992327143342905
-12.496393394944764,0.5923036691471034,0.21715155608573503,0.21609846682931472,0.21609846682931472,D_var_mad,0.48745813551022227,0.2968309741253262,1.6422077815383598,0.7397692935275242,0.3358220728424606,-6.725183910095831,2.0143232090706626
-12.487953109488387,0.5854033662164725,0.21634422166700365,0.21586509247784103,0.21586509247784103,D_var_mad,0.4781392926685957,0.30406909243497576,1.572469233356377,0.15361793644710325,0.254550650653661,-7.577807045163439,0.8582655556036171
-12.479512824032016,0.5785035809130623,0.21553688724827277,0.21535297051576952,0.21535297051576952,D_var_mad,0.49904462545182554,0.31181540364532995,1.600448918230662,-0.39564013322478264,0.20790436365343107,0.03819083314819416,1.1196823231097173
-12.471072538575642,0.5716044446254547,0.21472955282954173,0.21467090703682631,0.21467090703682631,D_var_mad,0.5346118913663503,0.3199475697578968,1.670935934193497,-0.31527001770065377,0.2551953337208557,9.736522801596312,1.1992510378885464
-12.462632253119269,0.564706091714583,0.2139222184108107,0.21390690078239688,0.21390690078239688,D_var_mad,0.551413512675842,0.3283566765099499,1.6793126259430058,0.4082037777983561,0.3722624272493543,12.00905163770736,-0.590185752099724
-12.454191967662895,0.5578086595472008,0.21311488399207965,0.21311166418037913,0.21311166418037913,D_var_mad,0.5308545185448368,0.3369761208245394,1.575347586190679,1.1365331310931444,0.4579149814860136,2.240163235155233,-4.685049407608759
-12.445751682206522,0.5509122885290075,0.2123075495733486,0.21230702900549403,0.21230702900549403,D_var_mad,0.4887469922693187,0.3457761684674627,1.4134779572447878,1.1971559921474837,0.41007766159652065,-14.711617070875707,-9.691522375614953
-12.437311396750149,0.544017122137379,0.21150021515461756,0.21150016329984217,0.21150016329984217,D_var_mad,0.4608404029982682,0.35474709383469305,1.2990674511713212,0.5083977955818082,0.20957448627991895,-27.82387480701855,-13.092377960986234
-12.428871111293772,0.5371233069537177,0.21069288073588618,0.21069288073588638,0.21069288073588638,D_var_mad,0.4718451861574665,0.36388680029413706,1.2966812365165885,-0.42052992070267964,-0.05960523015087463,-28.341216979212735,-12.800041781050188
-12.4204308258374,0.5302309926953459,0.2098855463171553,0.20988554631715534,0.20988554631715534,D_var_mad,0.5185912195833176,0.37319526300453487,1.389597540462393,-0.9739731870899273,-0.2688414366913152,-16.097314897682597,-8.463679900846763
-12.411990540381026,0.5233403322469325,0.20907821189842427,0.20907821189842424,0.20907821189842424,D_var_mad,0.5763266647037242,0.3826728321100493,1.5060558689935526,-0.8746000321749852,-0.3313370957859627,1.2340297697591645,-1.6552450218183599
-12.403550254924651,0.516451481691423,0.20827087747969306,0.2082708995243383,0.2082708995243383,D_var_mad,0.6179451031869923,0.39231977921559663,1.5751056559587957,-0.3310388820687576,-0.24801030965442206,14.575044757076796,5.065138018128897
-12.39510996946828,0.5095646003404325,0.20746354306096218,0.20746400404819146,0.20746400404819146,D_var_mad,0.6337133870694752,0.40213551239519807,1.5758702415883488,0.16255521862509242,-0.08530201920770189,19.656735808698336,9.43289182346222
-12.386669684011906,0.5026798507640547,0.20665620864223114,0.2066596197443199,0.2066596197443199,D_var_mad,0.635861986117354,0.4121157778487742,1.542920752601429,0.29297401612027973,0.08380661307740717,18.057325795529064,10.283881484940808
-12.378229398555533,0.495797398820086,0.2058488742235001,0.20586716816499256,0.20586716816499256,D_var_mad,0.6408150004936024,0.42224042851967575,1.5176542964874844,0.20670472515111676,0.2195159493782996,13.256072737457181,7.644230773782441
-12.369789113099158,0.488917413682581,0.20504153980476889,0.20511938546244482,0.20511938546244482,D_var_mad,0.6497723402579896,0.4324368938586496,1.5025830346251177,0.24085697755358132,0.307576688946597,6.389674533568604,2.48047466214956
-12.361348827642784,0.4820400678697587,0.20423420538603784,0.20450313311340773,0.20450313311340773,D_var_mad,0.651430951330821,0.4425049850357746,1.4721437573819776,0.49342644068576264,0.3273773034516029,-3.7814451837290672,-3.455884488059951
-12.35290854218641,0.4751655372711603,0.2034268709673068,0.20419108509319017,0.20419108509319017,D_var_mad,0.6378943985710563,0.45202917954374305,1.4111796924590507,0.7393165158203727,0.2437437353699934,-16.712076043530182,-7.729982482529053
-12.344468256730035,0.4682940011740826,0.20261953654857556,0.20443089422417687,0.20443089422417687,D_var_mad,0.6156416765806737,0.4603838939604247,1.3372354781672602,0.600505337228247,0.04526791869951975,-26.38503178651893,-7.737967782364487
-12.336027971273664,0.4614256422891912,0.20214163828484177,0.20545498628029768,0.20545498628029768,D_var_mad,0.6083189771149505,0.4669437445948352,1.3027671623329828,-0.16297075403045042,-0.20165066473739904,-23.211894021676592,-1.9099298638484261
-12.32758768581729,0.4545606467753244,0.20574568773828938,0.20735131596345463,0.20735131596345463,D_var_mad,0.643089684581121,0.4714205686885029,1.3641527911482596,-1.2297440354001645,-0.34656210435249424,-1.837811566678253,8.883429504557274
-12.319147400360915,0.4476992042634021,0.20934973719173777,0.21000607206416472,0.21000607206416472,D_var_mad,0.7174817879316746,0.4740329707795955,1.513569376306679,-1.665279070193397,-0.2326739732129265,31.330166926353336,20.825754274254216
-12.310707114904542,0.4408415078794331,0.21295378664518538,0.21317602703704291,0.21317602703704291,D_var_mad,0.7828209673999375,0.4753345504060367,1.6468842139315183,-0.743350378165571,0.18230900015600188,58.87782653718608,28.391079205896176
-12.302266829448168,0.4339877542665763,0.216557836098633,0.21661922212990276,0.21661922212990276,D_var_mad,0.7803979433673018,0.47588586653890813,1.6398846829452898,1.126970422387231,0.7612173528364522,63.10155971322255,26.998295836191303
-12.293826543991797,0.4271381436061716,0.22016188555207986,0.22017550059049082,0.22017550059049082,D_var_mad,0.6974977875076702,0.4760562798152973,1.4651582535121455,2.647370990381648,1.247499353599893,38.756602337607056,15.582025663693145
-12.28538625853542,0.4202928796377621,0.223765935005529,0.22376828450165243,0.22376828450165243,D_var_mad,0.5782287476995353,0.4760217209377476,1.2147108467244794,2.8580956396333366,1.4154509269334268,-3.0003785150083644,-2.5783360406522577
-12.276945973079048,0.4134521696780241,0.22736998445897583,0.2273702576077713,0.2273702576077713,D_var_mad,0.48127687184952234,0.47584644589587133,1.0114121393581645,1.9002523509233114,1.196851251312451,-42.607369907184314,-21.337792113095652
-12.268505687622676,0.4066162246385564,0.2309740339124227,0.2309740339124235,0.2309740339124235,D_var_mad,0.4358537126410855,0.4755504389586051,0.916524677372919,0.6114876409158422,0.6962141978097167,-64.61700896126224,-34.54261361672812
-12.2600654021663,0.3997852590425114,0.23457808336587183,0.23457808336587116,0.23457808336587116,D_var_mad,0.43523864970573384,0.4751408707526239,0.9160202299926654,-0.35325894679249237,0.10607924937209291,-64.73894900994082,-38.58360495022629
-12.251625116709928,0.3929594910400094,0.2381821328193187,0.2381819460944463,0.2381819460944463,D_var_mad,0.4600321633977399,0.47462250983457605,0.9692590508572351,-0.9107913142107261,-0.3966162217694628,-48.21869178534257,-33.40497474295036
-12.243184831253554,0.386139142422275,0.2417861822727663,0.24178444394997545,0.24178444394997545,D_var_mad,0.49847579959675253,0.47400140079916575,1.0516336001461661,-1.2319564546082191,-0.707879796630141,-24.05064506958097,-21.827194825681364
-12.23474454579718,0.3793244386344859,0.2453902317262139,0.24537979798032006,0.24537979798032006,D_var_mad,0.5445300501802496,0.4732923066880437,1.1505153210511831,-1.3047859342115018,-0.80260484136383,-0.5140816963763228,-7.920886617880825
-12.226304260340806,0.3725156087872545,0.24899428117966227,0.24894581883594896,0.24894581883594896,D_var_mad,0.5866174742036021,0.4725406583318003,1.2414116412215714,-0.999974918867157,-0.7165577891607294,16.69515166885533,4.624532465232628
-12.217863974884432,0.3657128856667037,0.2525983306331099,0.25241722042366643,0.25241722042366643,D_var_mad,0.6108364304539454,0.47187066976113007,1.2944996788275958,-0.4548423023608851,-0.520781149718647,25.27198630712125,13.508093689263713
-12.20942368942806,0.3589165057431151,0.25620238008655677,0.25564849973694875,0.25564849973694875,D_var_mad,0.6160213293585751,0.4715494706351363,1.306376886668641,-0.060048993726648764,-0.28995223219745386,26.45253946979301,18.032346268130517
-12.200983403971684,0.3521267091780574,0.2598064295400059,0.2583996444823796,0.2583996444823796,D_var_mad,0.6150611914231804,0.4720079380886375,1.3030738294652984,0.019279700880136946,-0.07424718137653338,23.5060142627731,18.7251730417159
-12.192543118515312,0.3453437398299888,0.2634104789934527,0.26039329717781773,0.26039329717781773,D_var_mad,0.6175867935099351,0.4737396107257708,1.3036418731458614,0.04445423594250955,0.10684270844139027,19.05192085291443,16.7507296848066
-12.184102833058938,0.338567845258268,0.2642241036679976,0.26144289938733295,0.26144289938733295,D_var_mad,0.6188022866627069,0.4770861513049369,1.2970451667275287,0.28105522883534606,0.24736011960508697,13.744864311782347,13.447098827360575
-12.175662547602563,0.3317992767255138,0.2628368602449886,0.26156226966452684,0.26156226966452684,D_var_mad,0.6102091071041821,0.4820554037275755,1.2658484945623185,0.5865872636257673,0.3388638651425298,7.676597343371689,10.087403935535995
-12.16722226214619,0.325038289198298,0.26144961682198,0.2609566019665841,0.2609566019665841,D_var_mad,0.5951077399339425,0.48832792043652484,1.218664170178853,0.6280497893393702,0.3769454654285018,2.452027698843132,7.712065225409721
-12.158781976689816,0.3182851413460899,0.2600623733989713,0.25990394903043174,0.25990394903043174,D_var_mad,0.5858744998375631,0.49544368112058546,1.1825249209202606,0.37311379369984654,0.3802554925928708,0.9545508790969528,6.854527086993676
-12.150341691233445,0.3115400955384202,0.2586751299759629,0.2586334378257643,0.2586334378257643,D_var_mad,0.5882716790306919,0.5030077526925951,1.1695081753346344,0.1281882070796708,0.3930588292329191,4.699731554259827,7.2113991458700495
-12.14190140577707,0.3048034178402214,0.257287886552954,0.25727905594638,0.25727905594638,D_var_mad,0.5954659283192419,0.5107800853676929,1.1657970727080846,0.14760615086748544,0.45958964436545036,11.591173722846559,7.550903349026703
-12.133461120320696,0.2980753780052911,0.2559006431299453,0.2558992015105803,0.2558992015105803,D_var_mad,0.5967930895924669,0.5186515144460704,1.150662965343605,0.42738180758104954,0.588724459223406,16.423446337339104,6.1329397107722485
-12.125020834864324,0.2913562494678151,0.2545133997069369,0.25451325243300976,0.25451325243300976,D_var_mad,0.5853893065707368,0.5265833615542751,1.1116745216614685,0.8415029247682245,0.7368267948945627,13.816200601583681,1.5947572624742465
-12.11658054940795,0.28464630933194,0.253126156283928,0.2531264420188041,0.2531264420188041,D_var_mad,0.5585861393328142,0.5345632787528498,1.0449392270939566,1.231485300819851,0.8219498132231484,1.5652927445836369,-6.122869731918162
-12.108140263951576,0.2779458383593033,0.2517389128609193,0.2517413785917842,0.2517413785917842,D_var_mad,0.5199191495114618,0.5425835241600593,0.9582287820411007,1.3694564239526357,0.763249830068748,-17.472432860962286,-15.37487777697666
-12.0996999784952,0.2712551209545101,0.2503516694379104,0.25036597978231245,0.25036597978231245,D_var_mad,0.4821546298085083,0.55062402763587,0.8756512713015117,1.0568023758986116,0.5270051712953976,-36.03710632943853,-23.275972649845247
-12.091259693038827,0.2645744451484971,0.24896442601490174,0.2490290326164963,0.2490290326164963,D_var_mad,0.4628114744128895,0.5586160244900503,0.8284965953767278,0.307375713991056,0.15492290118442664,-45.76650857913803,-26.889727935062325
-12.082819407582454,0.2579041025797283,0.24757718259189307,0.24781142399751038,0.24781142399751038,D_var_mad,0.474527891067858,0.5663653448448989,0.8378476815134391,-0.6024696416260737,-0.24555962220357958,-41.74265461331967,-24.55658394203324
-12.07437912212608,0.2512443884731858,0.2461899391688844,0.24688286323532582,0.24688286323532582,D_var_mad,0.5163963722295484,0.573455393459467,0.9004996345300714,-1.2380558568795101,-0.549716940102016,-25.467997882102438,-16.656679502004756
-12.065938836669709,0.2445956016171263,0.24480269574587604,0.24650095880463083,0.24650095880463083,D_var_mad,0.5707184125827685,0.5792362799443151,0.9852946584037078,-1.2784200673332193,-0.6754739664580891,-3.866407695253031,-5.4231401789200095
-12.057498551213332,0.2379580443375213,0.2434154523228668,0.24692684697305348,0.24692684697305348,D_var_mad,0.6132436561667679,0.5830299844037611,1.051821814608566,-0.8360635533798597,-0.6149841093792143,15.18090155339462,6.018450866757412
-12.04905826575696,0.2313320224701757,0.24629824356436567,0.24828614390922873,0.24828614390922873,D_var_mad,0.6333788190207326,0.5844946850447748,1.0836348648272363,-0.37300994404604815,-0.4192116812666407,27.12032611983164,14.806119307886071
-12.040617980300585,0.2247178453304653,0.24964483322498712,0.25048963566436955,0.25048963566436955,D_var_mad,0.6395326402976128,0.583841739608262,1.0953869805997727,-0.14456226432239794,-0.15717752113654754,31.395860763051637,19.14825941469571
-12.032177694844211,0.2181158256806477,0.2529914228856079,0.2532913933014598,0.2532913933014598,D_var_mad,0.6400748841809917,0.5816837672195353,1.1003829232515248,0.06564845091257335,0.1107683727108338,28.979092847699476,18.605280760827842
-12.023737409387838,0.2115262796947078,0.2563380125462286,0.2564257919192102,0.2564257919192102,D_var_mad,0.6295966479266779,0.578676437643098,1.0879942692862592,0.4846858829885058,0.33200611066611885,20.49973700366653,13.99473131130781
-12.015297123931465,0.204949526920719,0.25968460220684936,0.2597052427971714,0.2597052427971714,D_var_mad,0.6014194170189668,0.575274363422803,1.045447972756172,0.9068468872871449,0.45681563689388754,7.285218951809497,7.085378366295637
-12.006856838475093,0.198385890240643,0.2630311918674694,0.2630329254560396,0.2630329254560396,D_var_mad,0.5634938489563436,0.5717080636018943,0.9856321518472221,0.9475249740441551,0.45498476579704017,-6.695986075023843,0.07911315772943572
-11.998416553018718,0.1918356958275683,0.2663777815280909,0.26636538344943117,0.26636538344943117,D_var_mad,0.5334179590798631,0.5680792777277579,0.9389850677417148,0.5236512899905985,0.3437835691236359,-15.61171879623386,-5.136866291194734
-11.989976267562344,0.185299273100336,0.2697243711887116,0.2696658466126728,0.2696658466126728,D_var_mad,0.5232596930039369,0.5644690560571392,0.9269944692078378,-0.07290198082655294,0.19145003958733237,-15.738523026682714,-7.736329882258323
-11.98153598210597,0.1787769546755046,0.27307096084933236,0.2728582667362788,0.2728582667362788,D_var_mad,0.5312334571768806,0.5610340218787683,0.9468827851079464,-0.41439029919058906,0.078108315109819,-9.00975718386399,-8.230178316282961
-11.973095696649596,0.1722690763166574,0.2764175505099538,0.2757870531154841,0.2757870531154841,D_var_mad,0.5428231597235662,0.5580821375546001,0.9726581863058804,-0.24859780795358047,0.03936019453848552,-2.220157020294888,-7.945690733126481
-11.964655411193222,0.165775976880976,0.27976414017057455,0.2782153035690004,0.2782153035690004,D_var_mad,0.5417618703688571,0.5560679898969227,0.9742727152290901,0.2349861674138159,0.04063079709128601,-1.8617633255405308,-7.919675405217177
-11.956215125736849,0.1592979982630974,0.2831107298311953,0.27990043483646093,0.27990043483646093,D_var_mad,0.5260905068062948,0.5554442725836589,0.9471526357795993,0.5155148576965339,0.007932566698947171,-8.747020073399714,-7.932512948042069
-11.947774840280475,0.1528354853361866,0.28261711357919944,0.28072190427504784,0.28072190427504784,D_var_mad,0.5109645344912995,0.5564276241654569,0.9182946933262992,0.2713091153119755,-0.10702389553295812,-16.928879665201144,-6.4308914006932465
-11.939334554824102,0.1463887858902192,0.2815688480483025,0.28075672168193616,0.28075672168193616,D_var_mad,0.5128688320375305,0.558866768442553,0.9176942716898174,-0.3204057910168452,-0.2778365869628391,-17.704493983499084,-1.530292500355929
-11.930894269367728,0.1399582505674533,0.2805205825174055,0.2802292841085487,0.2802292841085487,D_var_mad,0.5356861041223561,0.5623360545896896,0.9526084976237585,-0.8692853928334903,-0.4058858616957146,-5.511879435394331,7.4593262975184
-11.922453983911357,0.1335442327950632,0.2794723169865088,0.27938604941975664,0.27938604941975664,D_var_mad,0.5724373306233266,0.5663646720099501,1.0107221705616374,-1.1116514622902984,-0.37088025863454877,18.141583300234622,18.95565698052015
-11.914013698454982,0.1271470887149029,0.27842405145561167,0.2784032256414223,0.2784032256414223,D_var_mad,0.611238219464687,0.5706104231851777,1.0712005855987046,-0.884503050579496,-0.0996455783265004,44.52048523560423,29.25593934277718
-11.905573412998606,0.1207671771104049,0.2773757859247145,0.27737177184103423,0.27737177184103423,D_var_mad,0.6351541459112164,0.5748926136055451,1.1048222413708362,-0.060971772146178216,0.3806509494551263,61.18538740850512,34.0227755713052
-11.897133127542231,0.1144048593305978,0.27632752039381736,0.27632694717067363,0.27632694717067363,D_var_mad,0.6242415706043719,0.5791386521973657,1.0778793096193404,1.226505923164836,0.9331986926468767,58.13061545058861,30.415460571879773
-11.88869284208586,0.108060499211191,0.27527925486292065,0.2752792481794266,0.2752792481794266,D_var_mad,0.5691502685483396,0.5833249911482474,0.9757001280332503,2.39555726773132,1.3619289257704579,33.98463701970981,18.708145538182812
-11.880252556629486,0.1017344629927762,0.27423098933202367,0.27423145655703046,0.27423145655703046,D_var_mad,0.48533671114656235,0.5874435915159956,0.8261843658794039,2.7352432763494607,1.5068787678019302,-1.796681434701739,2.4036149994106344
-11.871812271173113,0.0954271192361008,0.27318272380112674,0.27318599140353117,0.27318599140353117,D_var_mad,0.4075475300996893,0.5914869343480009,0.6890220331729408,2.037720384967739,1.3315999174043596,-33.490039230861136,-13.342626877343495
-11.86337198571674,0.0891388387344041,0.2721344582702298,0.27215139746551464,0.27215139746551464,D_var_mad,0.3650659685473632,0.595433856943134,0.6131091880155352,0.8090336257014712,0.9415477856947044,-48.33259157960963,-24.15189962073044
-11.854931700260366,0.082869994422847,0.2710861927393329,0.2711563130459545,0.2711563130459545,D_var_mad,0.36225837972770314,0.5992179349888351,0.6045519644442099,-0.18108079390175447,0.5157181778479274,-44.04656409802439,-28.301197298034147
-11.846491414803992,0.0766209612849959,0.27003792720843595,0.27027456169781794,0.27027456169781794,D_var_mad,0.3807858227152358,0.6026692929726486,0.631832129420467,-0.4826782051115437,0.19801663697515365,-29.12584904105316,-26.978642899181445
-11.83805112934762,0.0703921162563986,0.26898966167753924,0.2696490547266013,0.2696490547266013,D_var_mad,0.3963264061836297,0.6054570845168643,0.6545904182455569,-0.18980525047153754,0.02405721771649081,-15.92398159157352,-22.89955944965487
-11.829610843891244,0.0641838381252437,0.2679413961466418,0.2694795373574529,0.2694795373574529,D_var_mad,0.39554647389295,0.6071156828872697,0.6515174702979889,0.22447688555778286,-0.07078926349465711,-11.928547781661974,-18.323066676651145
-11.82117055843487,0.0579965074301099,0.2673479014631155,0.26994771550647007,0.26994771550647007,D_var_mad,0.38343833111239223,0.6072225304291001,0.6314626218520442,0.28904803864877615,-0.17730347899798088,-15.416564462258037,-13.824316064626064
-11.812730272978497,0.0518305063548219,0.2698616178768827,0.271115759426197,0.271115759426197,D_var_mad,0.37654681765736847,0.6056432968919839,0.6217303478627046,-0.12999415687289015,-0.33102967313073706,-17.97931972261701,-8.557138799399535
-11.804289987522123,0.0456862186204453,0.27237533429064986,0.272885805192693,0.272885805192693,D_var_mad,0.3885586081933266,0.6026261280708807,0.6447755749276515,-0.7819993063317089,-0.4808046605385655,-11.53891051378104,-1.6590415139284655
-11.79584970206575,0.0395640293744077,0.274889050704417,0.27506123556126705,0.27506123556126705,D_var_mad,0.4202265397697048,0.5986458532883493,0.7019618317932198,-1.2325230438348584,-0.5258130703144582,5.183494260422425,6.329509863653421
-11.787409416609377,0.0334643250768,0.2774027671181842,0.2774501656981997,0.2774501656981997,D_var_mad,0.458166874442533,0.5941540492747196,0.7711247192572611,-1.1123495676758188,-0.39330431809968847,25.04856375469593,13.125505710534096
-11.778969131153003,0.0273874933838739,0.27991648353195137,0.2799269637254322,0.2799269637254322,D_var_mad,0.4809252465812392,0.5894401183991449,0.8159017881025468,-0.3544662292957893,-0.10297901359085283,36.77095268024752,15.754187887371788
-11.770528845696628,0.0213339230287492,0.2824301999457191,0.2824320020518905,0.2824320020518905,D_var_mad,0.47205842918327,0.5846396672181731,0.8074348280701068,0.6622298231559193,0.22741035614856278,32.272758653034,12.327153604658157
-11.762088560240256,0.0153040036994008,0.28494391635948574,0.2849441242825237,0.2849441242825237,D_var_mad,0.43382234573608514,0.57980152838016,0.748225598763237,1.313996796986978,0.44180357740170145,12.147741815713934,3.3803860701083255
-11.75364827478388,0.0092981259139246,0.287457632773254,0.2874575918363521,0.2874575918363521,D_var_mad,0.38703262008770567,0.5749406278487189,0.673169717603508,1.2283277274174433,0.4324711732983425,-14.507680774451353,-8.108959742747896
-11.745207989327508,0.003316680893145,0.2899713491870206,0.2899708752836493,0.2899708752836493,D_var_mad,0.3550046284208559,0.5700627311065228,0.6227466014692322,0.5410750802297328,0.19690564330919813,-35.60427773602394,-18.05304152002883
-11.736767703871134,-0.0026399395693911,0.2924850656007878,0.2924819874143886,0.2924819874143886,D_var_mad,0.3492238458322505,0.5651741947260303,0.6179047965937966,-0.3318606787295183,-0.168549361821708,-42.90865287072401,-23.126651966271318
-11.72832741841476,-0.008571343239991,0.294998782014555,0.29498359554204123,0.29498359554204123,D_var_mad,0.36791007870037645,0.5602911806154772,0.656640852879799,-1.0176270999255979,-0.5274169142454976,-35.78829127234761,-22.11312483986189
-11.719887132958387,-0.0144771375799206,0.29751249842832217,0.29745230532349193,0.29745230532349193,D_var_mad,0.4009603427745309,0.5554588036835558,0.7218543303581475,-1.3004588878035273,-0.7726761504906113,-20.097222525244632,-16.071123778024095
-11.711446847502014,-0.0203569298829526,0.30002621484208936,0.2998309335054267,0.2998309335054267,D_var_mad,0.43485152506346614,0.5507812126503531,0.7895177160654508,-1.1724493391069237,-0.8666695042321432,-3.7138473205626,-7.430176716665963
-11.70300656204564,-0.0262103274153351,0.3025399312558565,0.3020144894907973,0.3020144894907973,D_var_mad,0.45994071955712007,0.5464422627066228,0.8417004886828379,-0.8631676909115199,-0.8353680135444832,8.042390394691559,1.3004876110108827
-11.694566276589264,-0.0320369375580868,0.30505364766962473,0.3038641899387652,0.3038641899387652,D_var_mad,0.4763615072112274,0.5426755390455827,0.8778016935294641,-0.6524300514541146,-0.7309093628664989,14.308155835899939,8.463539540020953
-11.686125991132892,-0.0378363679515547,0.3069556012135508,0.3052627934037004,0.3052627934037004,D_var_mad,0.49028096262471826,0.5396665405930657,0.908488716172629,-0.6011489552963012,-0.5938381743259366,17.215240432542764,13.47574285618214
-11.677685705676518,-0.0436082266421978,0.3069882425104714,0.3061808243253649,0.3061808243253649,D_var_mad,0.5048774664920718,0.5374439443656219,0.9394048845187187,-0.5517812460349463,-0.4403062759650009,18.933298256496553,16.490866348913038
-11.669245420220143,-0.0493521222314671,0.30702088380739195,0.3066957737930814,0.3066957737930814,D_var_mad,0.5171485095956736,0.535855151013135,0.9650901155245164,-0.3556157128504261,-0.27423329049492373,19.999263016241763,17.89956468927409
-11.660805134763772,-0.0550676640267384,0.3070535251043125,0.30694495025156776,0.30694495025156776,D_var_mad,0.521774222756855,0.5346517256323667,0.9759142218043332,-0.03847469175315062,-0.1027072984166585,20.023610173432814,17.967771042214487
-11.652364849307398,-0.0607544621942162,0.3070861664012331,0.30705666780161545,0.30705666780161545,D_var_mad,0.5170762474203822,0.533606959364019,0.9690208089427113,0.20752737806543364,0.06377668096687175,19.135640567397108,16.689952257286166
-11.643924563851025,-0.0664121279137013,0.30711880769815364,0.3071132187846629,0.3071132187846629,D_var_mad,0.5083548176527406,0.5325771615084454,0.954518620762673,0.23507206550835102,0.22031323914212392,17.79343438279055,13.834788729412907
-11.63548427839465,-0.0720402735351443,0.3071514489950742,0.3071550757397779,0.3071550757397779,D_var_mad,0.5021361108810334,0.5314925200390698,0.9447660916170967,0.20504424051453202,0.36414001184690475,15.009969006227923,9.206348902756355
-11.627043992938276,-0.0776385127368934,0.3071840902919948,0.30720363651005766,0.30720363651005766,D_var_mad,0.49495046368064877,0.5303168734372853,0.9333107967555195,0.4555411192684544,0.4736900853499208,7.955789615021331,3.1131065360404486
-11.618603707481904,-0.0832064606855382,0.3072167315889153,0.3072833416700016,0.3072833416700016,D_var_mad,0.4747904225220272,0.529009296795683,0.8975086551369313,0.9593484446862541,0.49843828261017115,-4.862079167264309,-3.206198591151697
-11.61016342202553,-0.0887437341972299,0.30724937288583587,0.30743552250079814,0.30743552250079814,D_var_mad,0.4397323841616129,0.527500582945148,0.8336149729095909,1.1423247628621371,0.391615413183471,-19.34425882189182,-7.683712931521408
-11.601723136569156,-0.094249951900407,0.30728201418275647,0.30771727842283303,0.30771727842283303,D_var_mad,0.4093151845469919,0.5256960339891079,0.7786156982030278,0.509621932666692,0.1718961498126867,-26.151651486568255,-8.347287477043825
-11.593282851112782,-0.0997247343997787,0.30743587844069664,0.3081806969978502,0.3081806969978502,D_var_mad,0.4086415202086691,0.5235120917458306,0.7805770423485613,-0.6274380522532682,-0.04983939422098628,-17.78451188051592,-4.687830506159717
-11.584842565656407,-0.1051677044414926,0.30848434358267013,0.30884390534512673,0.30884390534512673,D_var_mad,0.43988873791372607,0.5209258869143424,0.8444363180324315,-1.282915640249625,-0.1283165641349528,3.255135194057943,1.5409176974130951
-11.576402280200035,-0.1105784870793403,0.3095328087246431,0.3096792618996787,0.3096792618996787,D_var_mad,0.4740738711069324,0.517993501114856,0.9152120057232432,-0.7715499702870832,0.005109146252797639,23.895465817059616,6.961660885769275
-11.567961994743662,-0.1159567098418946,0.3105812738666164,0.31063070436080237,0.31063070436080237,D_var_mad,0.4764378990381994,0.5148176694533095,0.9254497801991411,0.5268109786045091,0.27505254108302696,29.74982827242619,8.50792205029064
-11.559521709287289,-0.1213020029004708,0.3116297390085896,0.31164335364842294,0.31164335364842294,D_var_mad,0.439558193344411,0.5114961947374509,0.8593576997577363,1.5271486006843198,0.5073032320475294,16.598231775947582,5.395437518847796
-11.551081423830912,-0.1266139992377538,0.3126782041505633,0.31268121597883247,0.31268121597883247,D_var_mad,0.3879895358964183,0.5080926981324909,0.763619586194576,1.5047016494877294,0.5552401696030999,-6.15307214227758,-0.3253811918519919
-11.54264113837454,-0.1318923348169994,0.31372666929253634,0.31372718748929024,0.31372718748929024,D_var_mad,0.35303255358353947,0.5046379753547253,0.6995758758254017,0.6422101450879055,0.4034358614186806,-22.908550589934286,-5.104314614307681
-11.534200852918168,-0.1371366487516588,0.31477513443450933,0.3147751942978814,0.3147751942978814,D_var_mad,0.34847144871252034,0.5011440666769531,0.6953518396879507,-0.3337458798770057,0.16853075686154656,-23.47423125325011,-6.18962301699079
-11.525760567461791,-0.1423465834752955,0.31582359957648304,0.31582359957648287,0.31582359957648287,D_var_mad,0.3659734075087349,0.4976155798705856,0.735454078033315,-0.7843137622331438,0.0071774361259782015,-9.407724188873534,-3.3003878376828752
-11.51732028200542,-0.1475217849116595,0.3168720647184561,0.3168720608660199,0.3168720608660199,D_var_mad,0.3851726065653782,0.494054968315536,0.7796148834989179,-0.5273623733331804,0.009723001563582731,8.735068690247106,1.3744441948194253
-11.508879996549044,-0.1526619026447957,0.3179205298604295,0.3179204509423752,0.3179204509423752,D_var_mad,0.38854386261460244,0.49046430538134417,0.7921960035654442,0.139502786696417,0.15463038257946923,19.623424100634608,4.671001352375244
-11.500439711092673,-0.1577665900890158,0.31896899500240256,0.31896841288504413,0.31896841288504413,D_var_mad,0.372119184283083,0.4868459801710362,0.7643468354249366,0.724236931780675,0.34097760364523366,18.073427038213012,4.3315980790145225
-11.491999425636298,-0.1628355046586245,0.320017460144376,0.3200143438960352,0.3200143438960352,D_var_mad,0.34470168322413214,0.48320420740602293,0.7133664772386574,0.92372906630294,0.4597201493343519,6.427950268407155,0.1321742228850582
-11.483559140179924,-0.1678683079372367,0.32106592528634925,0.3210526838441009,0.3210526838441009,D_var_mad,0.3181835749389544,0.4795489577156221,0.6635059253483787,0.7696150809782627,0.4494850739747295,-8.860308786022266,-6.19337000330935
-11.47511885472355,-0.1728646658465419,0.3221143904283225,0.32206870060219706,0.32206870060219706,D_var_mad,0.29936563215643003,0.47590329872880255,0.6290471886958405,0.4642029189228293,0.31015307856306895,-21.552257717649013,-11.915376668127312
-11.466678569267176,-0.1778242488143691,0.32316285557029595,0.3230331451529997,0.3230331451529997,D_var_mad,0.2892709823908785,0.4723104111996874,0.6124594663414651,0.14126379999217265,0.08567065924210326,-27.696029618082896,-14.514451962392695
-11.458238283810804,-0.1827467319419172,0.324211320712269,0.3239041186060634,0.3239041186060634,D_var_mad,0.2876263525263006,0.4688297477706089,0.6134985117604604,-0.21314494830449554,-0.1573717134065089,-25.4272767136581,-12.631754688752569
-11.44979799835443,-0.1876317951699728,0.3252022148754706,0.32464235414828957,0.32464235414828957,D_var_mad,0.29618696624885654,0.46551438917112986,0.6362573813802647,-0.6205015936614426,-0.3435562884407821,-14.615782467816823,-6.552691866565265
-11.441357712898055,-0.1924791234439978,0.32550430603132985,0.3252330564022402,0.3252330564022402,D_var_mad,0.3157725112208693,0.4623806450975774,0.6829276150913085,-0.925243370035588,-0.4040944657997726,2.3617362909706863,1.8311725009871058
-11.432917427441682,-0.197288406877909,0.325806397187189,0.3256955393278663,0.3256955393278663,D_var_mad,0.340033750288038,0.4593964549910831,0.740174954755883,-0.8486134889698894,-0.3036888315038734,19.90990960038046,9.60189713667604
-11.424477141985308,-0.2020593409164015,0.3261084883430482,0.3260709574137557,0.3260709574137557,D_var_mad,0.3554205248115618,0.4565006426435379,0.7785761762642133,-0.2912143741139246,-0.06800382492417072,30.671325339970238,13.853046398409429
-11.416036856528937,-0.2067916264956917,0.3264105794989073,0.3264002144768334,0.3264002144768334,D_var_mad,0.35064635316223497,0.4536346011258886,0.7729709160014598,0.47825035613864236,0.2140606508853598,29.277193640773703,12.862780860401873
-11.407596571072562,-0.211484970202483,0.3267126706547665,0.3267103720732966,0.3267103720732966,D_var_mad,0.3262680292883041,0.4507607882921277,0.7238163517383356,1.0164958998748304,0.4262119184551018,15.79289018140444,6.883090500778915
-11.399156285616188,-0.2161390844310299,0.32701476181062566,0.3270143652153888,0.3270143652153888,D_var_mad,0.2939541847313817,0.4478622487400513,0.6563495484568044,1.065415324742955,0.48065365350984235,-4.013711263900024,-1.886447602534283
-11.390716000159816,-0.2207536875381507,0.3273168529664848,0.3273168440886995,0.3273168440886995,D_var_mad,0.2674406313275679,0.44493386918040495,0.6010795083327994,0.6888740155065548,0.358458180841591,-21.84397171320081,-10.178227032568666
-11.38227571470344,-0.2253285039960199,0.3276189441223441,0.3276193892331465,0.3276193892331465,D_var_mad,0.2548751799133316,0.4419748818742377,0.5766734499311554,0.1317354748206664,0.11191493998900218,-31.023679794429498,-14.979170128698343
-11.373835429247066,-0.2298632645425984,0.32792103527820327,0.3279239554118474,0.3279239554118474,D_var_mad,0.2572077762821857,0.4389840883230224,0.5859159434793039,-0.3820574478983731,-0.1652392459027255,-28.984715427496752,-14.685883845638024
-11.365395143790693,-0.2343577063295565,0.32822312643406243,0.3282376349509696,0.3282376349509696,D_var_mad,0.2710029733931556,0.4359535751273099,0.6216326435997586,-0.7440031596434168,-0.37736360417064463,-17.379251703469045,-9.624986043786754
-11.35695485833432,-0.2388115730675379,0.3285252175899216,0.3285830943588205,0.3285830943588205,D_var_mad,0.29165127007260633,0.4328553240873651,0.6737846431426614,-0.899852903973769,-0.45861093669361136,-0.8179913160384089,-1.8083774560135146
-11.348514572877946,-0.2432246151686038,0.32882730874578076,0.3290162134394663,0.3290162134394663,D_var_mad,0.3129562463055062,0.4296192603055693,0.7284502237700289,-0.7653042525615535,-0.39117176458704217,14.798924334472096,5.89375875584684
-11.340074287421572,-0.2475965898857402,0.3291293999016399,0.32964050645515586,0.32964050645515586,D_var_mad,0.32600824508384263,0.4261171002149937,0.765067266531566,-0.33023380810745057,-0.20879664503318002,24.15143648216303,10.810469348424334
-11.3316340019652,-0.2519272614492517,0.329431491057499,0.3305941535147515,0.3305941535147515,D_var_mad,0.32420306996411113,0.4221833286256292,0.7679201142771747,0.19519273863456665,0.016518271594760534,24.325902360294783,11.38521307787683
-11.323193716508824,-0.2562164011999319,0.33028971520207984,0.331995499682301,0.331995499682301,D_var_mad,0.3096181352905482,0.4176889095533791,0.7412649180022821,0.5343139609348346,0.20183847477635025,15.769876529185867,7.6638092787551155
-11.314753431052452,-0.2604637877188465,0.33306098632072906,0.33387634951406203,0.33387634951406203,D_var_mad,0.28999056680806085,0.41262472324127614,0.702794938049539,0.6222214397213572,0.2827227906310389,1.8286722210894197,1.2255927368654587
-11.30631314559608,-0.2646692069536015,0.3358322574393783,0.33616124915596673,0.33616124915596673,D_var_mad,0.270743134869813,0.4071181437603817,0.6650235048948464,0.5470245416739575,0.232707505880614,-12.578563290188857,-5.399340719063403
-11.297872860139703,-0.2688324523409756,0.3386035285580292,0.3387136186861608,0.3387136186861608,D_var_mad,0.255015692249361,0.4013634197137975,0.6353735286369806,0.2999463639359029,0.07038946103043814,-22.295455940858005,-9.641270002272389
-11.28943257468333,-0.2729533249257579,0.341374799676679,0.34140489035990507,0.34140489035990507,D_var_mad,0.24836437376466847,0.3955311943578563,0.6279261340382705,-0.17058241239344546,-0.14365251916112026,-23.31959806179621,-9.847383181024101
-11.280992289226957,-0.2770316334756927,0.3441460707953288,0.3441526806881302,0.3441526806881302,D_var_mad,0.25602721039792437,0.3897253700479897,0.6569426321062903,-0.7014009755151964,-0.323258667708467,-14.582706783569265,-5.951038460645551
-11.272552003770585,-0.281067194592392,0.346917341913978,0.3469184699125184,0.3469184699125184,D_var_mad,0.2750950727112733,0.38399201305512926,0.716408319336002,-0.9467373323482846,-0.38981693512095383,0.7349220622598374,0.4401773936556091
-11.26411171831421,-0.2850598328180952,0.3496886130326284,0.34968874104663356,0.34968874104663356,D_var_mad,0.2939434310342307,0.3783458911788679,0.7769172016599624,-0.716387467658737,-0.31085276372108633,16.01597471189168,6.644661748017596
-11.255671432857836,-0.2890093807381619,0.35245988415127816,0.35245986548970976,0.35245986548970976,D_var_mad,0.30106730942209853,0.37278987169848354,0.8076059256931878,-0.1672930430345564,-0.11945813826010115,24.40150784503551,9.995084449982603
-11.247231147401465,-0.2929156790791972,0.3552311552699274,0.35523084672009825,0.35523084672009825,D_var_mad,0.29317248586154593,0.36732373077606817,0.7981310797484873,0.3674802593376715,0.10105861983493505,22.314543783562115,8.953654996679532
-11.238790861945088,-0.2967785768026767,0.3580024263885783,0.3580002348540892,0.3580002348540892,D_var_mad,0.2750312465420345,0.3619476084997639,0.7598647983392157,0.6603634006810682,0.25722410046391275,10.853694668203321,3.766255076414707
-11.230350576488714,-0.3005979311939925,0.3607736975072281,0.3607622267871352,0.3607622267871352,D_var_mad,0.25395882130860364,0.35666580420076066,0.7120358002295473,0.6756572207396754,0.2842751823469366,-5.4004799797412435,-3.6013061283561765
-11.22191029103234,-0.3043736079468111,0.3635449686258779,0.36349710449572004,0.36349710449572004,D_var_mad,0.23594993161007197,0.35149549717700135,0.6712744075104197,0.46933817854266896,0.16606091520302096,-20.584020779318557,-10.18128375256413
-11.213470005575967,-0.3081054812426451,0.3663162397445277,0.3661535940708577,0.3661535940708577,D_var_mad,0.22527088086867203,0.34648187188154733,0.6501664275979379,0.09460205761150287,-0.06319484008780524,-29.19083540329553,-13.09615333446692
-11.205029720119594,-0.3117934338255534,0.3690875108631775,0.36863162356454754,0.36863162356454754,D_var_mad,0.22515308468562914,0.3417108838905581,0.6588993658093149,-0.4062506469995423,-0.3266970518246308,-27.160321256972438,-10.674537851694478
-11.19658943466322,-0.315437357071898,0.37185878198182726,0.37079018931567653,0.37079018931567653,D_var_mad,0.23775291479781804,0.33729802063999065,0.704874918467368,-0.939409214645164,-0.5216765690791144,-13.342942735705652,-3.231266715694253
-11.188149149206849,-0.319037151055053,0.37435117379455385,0.372499738213794,0.372499738213794,D_var_mad,0.2619876557326138,0.33333977559494105,0.7859477773542662,-1.2685284389016052,-0.5519335428594416,8.716468392187227,6.832651784008375
-11.179708863750474,-0.3225927246050232,0.3746088633845163,0.37371442794268755,0.37371442794268755,D_var_mad,0.2894161484952879,0.3298537589351767,0.8774074590799626,-1.0658890472368943,-0.37453760627599375,30.538646197438446,15.813386607946015
-11.1712685782941,-0.3261039953628808,0.37486655297447874,0.3745019892627441,0.3745019892627441,D_var_mad,0.30442326654612506,0.3267602151661584,0.9316411619796647,-0.23397318272175677,-0.03642376014427426,41.92881845777087,20.209291373246607
-11.162828292837723,-0.3295708898299685,0.37512424256444127,0.3750011193643235,0.3750011193643235,D_var_mad,0.2944865756219574,0.3239246969738084,0.9091204788431699,0.8231420509046188,0.3332447869882592,36.79249421611209,18.31949366414642
-11.154388007381351,-0.3329933434118171,0.3753819321544037,0.3753480016776055,0.3753480016776055,D_var_mad,0.26235301732113886,0.3212223813196967,0.8167333055788286,1.4463411176922631,0.5846545475277747,17.48607566406927,11.088220381565387
-11.145947721924978,-0.3363713004567243,0.3756396217443661,0.37563211188049483,0.37563211188049483,D_var_mad,0.2250686557917282,0.3185737580942812,0.7064883722315873,1.3092506211047537,0.6284197272211629,-6.146089092141246,1.6539447767094386
-11.137507436468605,-0.3397047142889408,0.3758973113343285,0.3758960184866721,0.3758960184866721,D_var_mad,0.199775490814683,0.31594205436044076,0.6323168696838637,0.6557218766206196,0.48090505477182444,-22.72854896498263,-6.211289638456015
-11.129067151012231,-0.3429935472364478,0.37615500092429094,0.3761548513863099,0.3761548513863099,D_var_mad,0.19228373663950352,0.31331483826284606,0.6137077251291649,-0.029439785613139424,0.2447488446739344,-25.891433760733143,-9.921455135656199
-11.120626865555858,-0.3462377706532742,0.37641269051425336,0.3764126905142534,0.3764126905142534,D_var_mad,0.19786384751489633,0.31068930541930867,0.6368543881736056,-0.4288021325785455,0.04384287114108047,-16.975517556176392,-9.170600198822678
-11.112186580099484,-0.3494373649363342,0.3766703801042158,0.37667038010421583,0.37667038010421583,D_var_mad,0.20816723647915264,0.30806542194760533,0.675724121075026,-0.4694526883329132,-0.041807583213680465,-3.003541082758626,-5.789172369131379
-11.10374629464311,-0.3525923195367784,0.3769280696941783,0.37692806969417825,0.37692806969417825,D_var_mad,0.21535985929733995,0.3054437303801014,0.7050721225455865,-0.20496203865893498,-0.006858617095754957,7.801959121088837,-2.57244925236571
-11.095306009186736,-0.3557026329658221,0.3771857592841407,0.3771857547793897,0.3771857547793897,D_var_mad,0.213657313679629,0.3028248866185631,0.7055474074980859,0.21012841354136202,0.08989394098821266,10.086232457783481,-1.7928361275051168
-11.086865723730362,-0.3587683127950676,0.37744344887410314,0.37744337038665654,0.37744337038665654,D_var_mad,0.20226925921387343,0.3002095789760504,0.673760177485908,0.5188421780721715,0.16340274515030817,3.294018401606407,-4.146492573597362
-11.078425438273989,-0.3617893756513083,0.37770113846406556,0.37770057531083573,0.37770057531083573,D_var_mad,0.18693420569570762,0.29759869481669077,0.6281418868817682,0.525262836425271,0.14549885220442269,-8.885145765134947,-8.543189336320248
-11.069985152817615,-0.3647658472058179,0.377958828054028,0.3779558621908908,0.3779558621908908,D_var_mad,0.17551469450396037,0.2949940003049321,0.5949771667306207,0.2555756670993373,0.013416411991855223,-20.760296208708326,-12.695860288645552
-11.061544867361242,-0.3676977621581508,0.3782165176439904,0.3782040792318102,0.3782040792318102,D_var_mad,0.17242058846116903,0.29239999827143104,0.5896736986335864,-0.1384142280584175,-0.20494680011630798,-27.105404805138775,-14.150748993843324
-11.053104581904869,-0.3705851642144597,0.3784742072339528,0.378431757868642,0.378431757868642,D_var_mad,0.17864016912563124,0.28982733647195225,0.6163675631850516,-0.5615295898017705,-0.44413829593999943,-24.74522668703655,-11.31566777815371
-11.044664296448495,-0.3734281060603571,0.3787318968239153,0.3786124807601302,0.3786124807601302,D_var_mad,0.19431898400569358,0.2872959630825718,0.6763721352737709,-0.9523579255880096,-0.6226603539588245,-13.242071725191707,-4.134337539034409
-11.036224010992122,-0.3762266493283652,0.3789895864138777,0.3787088446379253,0.3787088446379253,D_var_mad,0.21772539847581987,0.2848331556969069,0.764396258374861,-1.1703598014638208,-0.6676720267287781,4.833030809662461,5.7930048621639205
-11.027783725535748,-0.378980864559974,0.37917995680452066,0.3786862809028549,0.3786862809028549,D_var_mad,0.24280039210938753,0.2824629141734222,0.8595832582833042,-1.0489296396277623,-0.5410760346528269,24.152933529100572,15.686235550075095
-11.019343440079371,-0.3816908311623591,0.37877102203151336,0.3785323203949621,0.3785323203949621,D_var_mad,0.26050026770354845,0.28019201347031164,0.9297205315637961,-0.548351524201384,-0.2599567195397837,38.077555384425125,22.530145810860198
-11.010903154623,-0.3843566373598146,0.37836208725850634,0.3782647159668439,0.3782647159668439,D_var_mad,0.2631046867357997,0.27800493613476174,0.9464029322424001,0.18346901261835794,0.10169483919802424,41.33314715816194,24.170643762484943
-11.002462869166626,-0.3869783801399494,0.37795315248549927,0.3779202435242921,0.3779202435242921,D_var_mad,0.24821015958077483,0.2758729817792829,0.8997262362552046,0.8619630931950348,0.43777040211049156,32.643600628030754,20.126829111769908
-10.994022583710253,-0.3895561651947049,0.37754421771249214,0.37753514277106015,0.37753514277106015,D_var_mad,0.220777800583759,0.2737688836874712,0.8064386193567356,1.206954098848309,0.6527374544468854,15.517070302767237,11.751914811460454
-10.98558229825388,-0.3920901068562766,0.377135282939485,0.37713327319486856,0.37713327319486856,D_var_mad,0.19085494531940955,0.2716752060137878,0.7025114588841922,1.1299382785480647,0.6997074077144323,-3.5180535484568907,1.6542037945254564
-10.977142012797504,-0.3945803280279917,0.3767263481664778,0.37672600194895,0.37672600194895,D_var_mad,0.16726788792707262,0.26958401720619163,0.6204666347083091,0.7797383278945776,0.5933507020472795,-18.102192861071266,-7.359393072381151
-10.96870172734113,-0.397026960110239,0.37631741339347075,0.3763173732901929,0.3763173732901929,D_var_mad,0.15333119881746207,0.2674928482146897,0.5732160685447503,0.3689395199795663,0.3941320574468862,-24.65810524603259,-13.336776684646049
-10.960261441884755,-0.3994301429215265,0.3759084786204635,0.3759084786204636,0.3759084786204636,D_var_mad,0.1483303091528539,0.26540139923257206,0.5588904564247289,0.011531629594298737,0.1771078078676034,-23.247120988653993,-15.780942570604498
-10.951821156428384,-0.4017900246147535,0.3754995438474565,0.37549954384745654,0.37549954384745654,D_var_mad,0.15048327264737477,0.2633099932705261,0.5715061201371398,-0.24374635834601188,0.0017073830806890768,-16.915791595137534,-15.578354755674603
-10.94338087097201,-0.4041067615887919,0.3750906090744494,0.3750906090744494,0.3750906090744494,D_var_mad,0.15690223265899234,0.26121907867788824,0.6006538016025621,-0.32741207422028035,-0.10844041169931935,-10.273909131726231,-14.330901878652439
-10.934940585515635,-0.4063805183954855,0.37468167430144217,0.3746816890792699,0.3746816890792699,D_var_mad,0.16270607258791697,0.2591291129452511,0.6278957649281715,-0.2101195078935447,-0.1717220685685415,-7.585304765023074,-13.409152185834909
-10.926500300059264,-0.4086114676421496,0.37427273952843515,0.3742729178281671,0.3742729178281671,D_var_mad,0.16373970768215518,0.2570404630683393,0.6370191903934663,-0.020678034634472958,-0.23648468668008743,-10.569017892004563,-13.172658293679646
-10.91806001460289,-0.4107997898897035,0.3738638047554281,0.373864977515504,0.373864977515504,D_var_mad,0.16097424627816762,0.25495311788467573,0.6313876355533802,-0.0032750755438255424,-0.35013312457260637,-16.91647992983217,-12.765703253268349
-10.909619729146517,-0.4129456735465256,0.37345486998242095,0.3734607073214151,0.3734607073214151,D_var_mad,0.16125482702868837,0.2528656205244685,0.6377095735443584,-0.3170754425764874,-0.5220445257296784,-21.00403876535769,-10.653746800989357
-10.901179443690143,-0.4150493147581593,0.3730459352094138,0.3730692594248082,0.3730692594248082,D_var_mad,0.172651531421398,0.2507723538270728,0.6884791277289471,-0.8695764413412881,-0.7046932904053109,-17.15007488586545,-5.6693482831987545
-10.892739158233768,-0.417110917292992,0.37263700043640663,0.3727132449620677,0.3727132449620677,D_var_mad,0.19771673370770426,0.24865899139757364,0.7951320505100125,-1.339724349070655,-0.8115475809994637,-3.643965749849542,2.0129451895523207
-10.884298872777396,-0.4191306924240185,0.3722280656633996,0.37243464203058707,0.37243464203058707,D_var_mad,0.22993068779059614,0.24649904295333067,0.9327853164692758,-1.3972624679572774,-0.7662055126493311,15.308101413368,10.600285567617032
-10.87585858732102,-0.4211088588068276,0.3718191308903923,0.3722896211564625,0.3722896211564625,D_var_mad,0.25692748468114823,0.24425793221334766,1.0518695640833244,-0.9503046310835779,-0.5531380895514516,31.39635983541141,17.371133997161003
-10.867418301864648,-0.42304564235394,0.3716310366290143,0.37232644911762514,0.37232644911762514,D_var_mad,0.2681771720351852,0.24190795132408394,1.108591803482757,-0.19386054934809924,-0.23621703404556116,36.892195885220936,20.007995161130292
-10.858978016408274,-0.4249412761056248,0.37222571941741683,0.37255829708220656,0.37255829708220656,D_var_mad,0.260385536143054,0.23944559983469865,1.0874517482167607,0.536378933582695,0.06962323921590052,29.33918389571271,17.80785810271508
-10.8505377309519,-0.4267960000973342,0.37282040220581936,0.37295466073792416,0.37295466073792416,D_var_mad,0.23843986960908178,0.2368957163760018,1.0065182826295986,0.9062463296117356,0.25904514022813796,13.231426092477538,12.032902089020494
-10.842097445495526,-0.4286100612239039,0.373415084994222,0.3734600322414735,0.3734600322414735,D_var_mad,0.2141942248470551,0.23429785085822505,0.9141962850383346,0.7239448487582344,0.2929772656467275,-2.6728508510372517,5.186982966904017
-10.833657160039152,-0.4303837131006428,0.3740097677826245,0.3740220581383116,0.3740220581383116,D_var_mad,0.20094249087875446,0.23168761207212682,0.8672992443644286,0.15185684897958912,0.2139258918980269,-10.961297815570251,-0.30728689648234037
-10.82521687458278,-0.4321172159214708,0.37460445057102687,0.374607151364943,0.374607151364943,D_var_mad,0.20279826389599037,0.2290872090110432,0.885244814721255,-0.3062216624979035,0.1079443005752817,-10.212891249524398,-3.1830908232830635
-10.816776589126404,-0.4338108363142456,0.3751991333594296,0.37519959446232753,0.37519959446232753,D_var_mad,0.2101463673794103,0.22650682828058943,0.9277705620383668,-0.267604435634678,0.041526456936265235,-4.964494065647938,-3.537015673557656
-10.808336303670032,-0.435464847193417,0.375793816147832,0.37579386852836777,0.37579386852836777,D_var_mad,0.21008352103727132,0.22395000306986745,0.9380822422749863,0.10253880915304275,0.024140806454160942,-0.9877056494223151,-2.2175254277306644
-10.79989601821366,-0.4370795276101726,0.3763884989362344,0.37638849893623455,0.37638849893623455,D_var_mad,0.2007808858121788,0.22141768136891204,0.9067969846439249,0.30634577342228103,0.024853421680274664,-0.20045416465276777,-0.020043204543537127
-10.791455732757283,-0.4386551626002108,0.3769831817246372,0.3769831817246371,0.3769831817246371,D_var_mad,0.19177358341448747,0.2189100690420867,0.8760382025991591,0.11944310881517037,0.02075702571298107,0.11886120692483892,2.6563420482705222
-10.783015447300912,-0.4401920430292958,0.37757786451303954,0.37757786451303965,0.37757786451303965,D_var_mad,0.1910475156948395,0.21642720645627556,0.8827333625148303,-0.19865876323294596,0.026859866712537858,3.536413746347564,5.541425180948349
-10.774575161844538,-0.4416904654367533,0.37817254730144206,0.3781725473014421,0.3781725473014421,D_var_mad,0.1962841408746511,0.21396909202907727,0.917348103940064,-0.27296545338881667,0.08045370873501761,10.246632368177767,8.03322832666381
-10.766134876388165,-0.4431507318770452,0.3787672300898446,0.37876723008984464,0.37876723008984464,D_var_mad,0.19874906713784796,0.21153571394840406,0.939553248140052,-0.003075467148604516,0.19982887102040997,16.443248431165458,9.097839944411847
-10.75769459093179,-0.4445731497595874,0.3793619128782472,0.37936186077252465,0.37936186077252465,D_var_mad,0.19188649946701325,0.20912707910117181,0.9175593150908119,0.4322365058178725,0.3580251299132571,17.34397147003252,7.72021528027056
-10.749254305475416,-0.4459580316869558,0.3799565956666497,0.37995613366400793,0.37995613366400793,D_var_mad,0.17513388524008755,0.20674332036734988,0.8471078288232122,0.7921597764965252,0.49260501132898815,10.783454253042496,3.5986324573609565
-10.740814020019045,-0.4473056952916362,0.3805512784550521,0.3805485635509645,0.3805485635509645,D_var_mad,0.15268458038217,0.2043851816116815,0.7470432992165779,0.9210382855086133,0.5400559941161018,-1.388343643959825,-2.436459991688382
-10.73237373456267,-0.4486164630714682,0.38114596124345473,0.38113357222092364,0.38113357222092364,D_var_mad,0.1307747689003029,0.20205550822344825,0.6472219938477612,0.7829060942300539,0.46916897799581303,-14.480561589279372,-8.604930595857333
-10.723933449106296,-0.4498906622239348,0.38174064403185726,0.38169519989201894,0.38169519989201894,D_var_mad,0.11500708261544135,0.19976236359322294,0.5757194726111212,0.4390458563024003,0.2956158473518689,-23.37326179375912,-12.891587575563406
-10.715493163649922,-0.4511286244794478,0.3823353268202597,0.3821991314624019,0.3821991314624019,D_var_mad,0.1087336302353859,0.19752274165905626,0.550486639270484,-0.0011848254661861457,0.07461497482406536,-24.75489896576915,-13.917122191259391
-10.707052878193547,-0.4523306859337781,0.38293000960866236,0.382591415133942,0.382591415133942,D_var_mad,0.11262566291210374,0.195362581839003,0.5764955696834402,-0.40161144679191063,-0.1222609800777201,-18.431671802571074,-11.52761915858751
-10.698612592737174,-0.4534971868797817,0.3835246923970649,0.38281404551433085,0.38281404551433085,D_var_mad,0.12402200379918646,0.19330838132397588,0.6415759262467329,-0.6043600030794183,-0.23652216807976256,-7.3643867645473415,-6.829863085146815
-10.6901723072808,-0.4546284716385645,0.38334070495595257,0.38283394805191234,0.38283394805191234,D_var_mad,0.1367227993423595,0.1913728917023837,0.7144313811957543,-0.5146342911275145,-0.24657603308555592,3.683320620948809,-1.6770966998169259
-10.681732021824429,-0.4557248883902339,0.3828874377203691,0.38266306229254093,0.38266306229254093,D_var_mad,0.14403120460792757,0.1895462103101521,0.7598738290375265,-0.21745016192964126,-0.17434561314347724,10.409516942734026,2.1358897430134296
-10.673291736368054,-0.4567867890043809,0.38243417048478545,0.38235056430377345,0.38235056430377345,D_var_mad,0.14359804834875575,0.1878008711816603,0.7646292982839944,0.0709782899439441,-0.07085744416628109,10.931744160484625,3.5919811709967533
-10.66485145091168,-0.457814528870432,0.3819809032492019,0.381955060193929,0.381955060193929,D_var_mad,0.13826236201232148,0.18610613363768805,0.7429221128277859,0.20659324670861967,0.010188469357614,6.286504539097297,2.7770537855844757
-10.656411165455308,-0.4588084667280145,0.38152763601361844,0.3815210965928793,0.3815210965928793,D_var_mad,0.13196876448945535,0.18443933231504833,0.7155131328714318,0.2044993230759519,0.03526234149925647,-0.5587990103302067,0.7085240552184213
-10.647970879998931,-0.4597689644974691,0.3810743687780347,0.3810730390229269,0.3810730390229269,D_var_mad,0.12684143772619402,0.18278835961588827,0.6939251383005942,0.11953735051083042,0.0007556230377235651,-6.202940831224769,-1.2109997604555875
-10.63953059454256,-0.4606963871106475,0.38062110154245127,0.38062089589834475,0.38062089589834475,D_var_mad,0.12439299184177478,0.18114839391732535,0.6866911108168408,-0.04660532974422392,-0.0694468410697947,-8.022274390354788,-1.8523050757207833
-10.631090309086186,-0.4615911023421269,0.3801678343068677,0.380167816287663,0.380167816287663,D_var_mad,0.12666825806103213,0.17951802978929843,0.7056018730246959,-0.27013744384314936,-0.13466494869015824,-5.082397053521966,-0.8429623819883476
-10.622650023629811,-0.4624534806409699,0.37971456707128404,0.37971456707128415,0.37971456707128415,D_var_mad,0.13409982547012506,0.17789702829076848,0.7538058772456956,-0.4206769521121345,-0.15524060493850755,1.2350015228328912,1.3350605718345743
-10.614209738173438,-0.4632838949631593,0.3792612998357005,0.37926129983570056,0.37926129983570056,D_var_mad,0.1429347385665049,0.17628544389937184,0.8108141852488719,-0.34151381783358564,-0.11381741790663812,7.556330975332935,3.6793182987087376
-10.605769452717064,-0.4640827206048312,0.378808032600117,0.378808032600117,0.378808032600117,D_var_mad,0.14668850702030525,0.1746833892039137,0.8397393002781214,-0.030170381328723975,-0.027685424069214284,10.377255340209116,5.257037188560866
-10.59732916726069,-0.4648503350364277,0.3783547653645334,0.3783547653645334,0.3783547653645334,D_var_mad,0.14158604010997766,0.17309097930899395,0.8179862444317497,0.29588017003407635,0.06135657674344291,8.583864093254828,5.704651294617236
-10.588888881804316,-0.4655871177378869,0.37790149812894974,0.3779014981289498,0.3779014981289498,D_var_mad,0.13088368735261127,0.17150832338631802,0.7631331516068709,0.3732331661814112,0.11721510246236364,4.45604571095389,5.3172289953146805
-10.580448596347944,-0.4662934500349869,0.3774482308933663,0.37744823089336627,0.37744823089336627,D_var_mad,0.12250872070228905,0.16993552477956178,0.720912951316129,0.1662290434561888,0.13657717235765693,1.8205118818412522,4.679001576775158
-10.572008310891569,-0.4669697149369519,0.3769949636577827,0.37699496365778273,0.37699496365778273,D_var_mad,0.12119736847871851,0.16837268111024437,0.7198161107820267,-0.06967360078039173,0.14794638238127972,2.6957199449380074,4.129206754435898
-10.563568025435195,-0.4676162969754328,0.3765416964221991,0.37654169642219915,0.37654169642219915,D_var_mad,0.12338996221903115,0.16681988438448891,0.7396597993956173,-0.04766515830205058,0.182082464049089,5.510172139575451,3.4882769305573724
-10.555127739978822,-0.4682335820449663,0.37608842918661556,0.37608842918661556,0.37608842918661556,D_var_mad,0.12103913431552749,0.16527722110052318,0.7323400860056228,0.23945286880780534,0.2409612339248252,6.625121284449628,2.254051535021986
-10.546687454522448,-0.4688219572450095,0.375635161951032,0.37563514061754755,0.37563514061754755,D_var_mad,0.11038015533652455,0.16374478160739966,0.6740987667086451,0.5224727279053947,0.2939182936967895,3.6639574787670117,0.0890703420061591
-10.538247169066077,-0.4693818107236537,0.37518189471544855,0.37518171094450625,0.37518171094450625,D_var_mad,0.09549568201561262,0.16222269290372038,0.5886703044209085,0.5627142200368349,0.3028109279664437,-2.521852005086167,-2.805528249967911
-10.529806883609702,-0.469913531523107,0.3747286274798649,0.3747275618128416,0.3747275618128416,D_var_mad,0.08327936726269769,0.16071127022780732,0.5181924524935286,0.37277984629013083,0.25134799209345415,-8.825838579700381,-5.713165228744144
-10.521366598153328,-0.4704175094270389,0.3742753602442814,0.3742705525741852,0.3742705525741852,D_var_mad,0.07714977991447837,0.15921147419558457,0.4845742450679348,0.12658078641975556,0.1538257339573484,-12.449557365000029,-7.773288241344591
-10.512926312696957,-0.4708941348098697,0.3738220930086979,0.3738046758695968,0.3738046758695968,D_var_mad,0.07612980844778695,0.15772584440981402,0.48267174433367627,-0.045471661944530783,0.041192356161286484,-12.57971599269345,-8.41032332078099
-10.50448602724058,-0.4713437984880927,0.37336882577311414,0.3733173494416948,0.3733173494416948,D_var_mad,0.07778188041651131,0.15625954534289782,0.49777362557804594,-0.1319071692209252,-0.05852705391954337,-10.12252897860202,-7.552964972059246
-10.496045741784208,-0.4717668915737025,0.3729155585375307,0.37278952318678604,0.37278952318678604,D_var_mad,0.08064998938090782,0.1548201887955088,0.5209268249080408,-0.1838955246187549,-0.12968171207837598,-6.427498207825772,-5.582139801510831
-10.487605456327833,-0.4721638053298097,0.3724622913019471,0.3722019732839138,0.3722019732839138,D_var_mad,0.08462962923972152,0.1534151358090209,0.5516380687826842,-0.23350018113895185,-0.16702689320828543,-2.4613833511859644,-3.1209934681637055
-10.47916517087146,-0.4725349310285094,0.3716902155271643,0.3715455883611499,0.3715455883611499,D_var_mad,0.08971323292913125,0.15204733276118595,0.5900349009741583,-0.25766495298559644,-0.1712312682815365,1.095384336586834,-0.8046243610007483
-10.470724885415086,-0.4728806598110724,0.3708883685352615,0.37082714313219756,0.37082714313219756,D_var_mad,0.09474288832078702,0.15071319329503857,0.6286303557732787,-0.21395054089830362,-0.1485361802378192,3.4801475384893212,0.9060340000876661
-10.462284599958712,-0.4732013825505243,0.3700865215433587,0.3700648852595731,0.3700648852595731,D_var_mad,0.09778792841630111,0.14940466363481109,0.6545172422148987,-0.10302359490689485,-0.11248439097124609,4.001958700300007,1.8510560680752863
-10.45384431450234,-0.4734974897166686,0.3692846745514561,0.3692783794213344,0.3692783794213344,D_var_mad,0.09773442637597067,0.14811346146516885,0.6598618748705324,0.013192994510796488,-0.08098083260752681,2.7348038276876863,2.2050907298370026
-10.445404029045966,-0.4737693712436144,0.36848282755955314,0.3684813390590385,0.3684813390590385,D_var_mad,0.09548377957435727,0.1468339218068874,0.6502842013573359,0.046421577044701075,-0.06631934102551962,0.9531302711860095,2.3636288378944967
-10.43696374358959,-0.4740174163998567,0.36768098056765014,0.3676807008591456,0.3676807008591456,D_var_mad,0.09395096478153513,0.14556325008327337,0.6454305240353452,-0.04563223940615277,-0.06489144947568234,0.5215526920438642,2.6881005384143517
-10.428523458133215,-0.4742420136609613,0.3668791335757472,0.36687909526726264,0.36687909526726264,D_var_mad,0.09595129205826258,0.1443004352498154,0.6649411132554802,-0.18599675635848242,-0.05751523382273729,2.405846263965622,3.2393296023252356
-10.420083172676843,-0.4744435505848953,0.3660772865838446,0.3660772845916652,0.3660772845916652,D_var_mad,0.10084087105698186,0.1430452273116653,0.7049579559706031,-0.21083521451811757,-0.024279391011654446,5.55162159403975,3.696155826816997
-10.41164288722047,-0.4746224136900496,0.36527543959194175,0.3652754395919418,0.3652754395919418,D_var_mad,0.10390493217489002,0.14179761227346402,0.7327692653562036,-0.03405226224165692,0.036199308176183345,7.391175760161415,3.563320165309464
-10.403202601764097,-0.4747789883359838,0.364473592600039,0.364473592600039,0.364473592600039,D_var_mad,0.10057765220163899,0.14055762826565682,0.7155616770336019,0.23284358188934287,0.10048787553632602,5.86091101094403,2.5570791203061196
-10.394762316307723,-0.4749136586069338,0.3636717456081362,0.36367174560813625,0.36367174560813625,D_var_mad,0.0913386974008711,0.13932532206746412,0.6555785843196764,0.3743876015167381,0.13513483210972294,1.2565243982496526,0.8920311171380011
-10.38632203085135,-0.4750268071981083,0.3628698986162334,0.3628698986162334,0.3628698986162334,D_var_mad,0.08158785440721122,0.13810073793334576,0.5907850720290109,0.28406146518387765,0.12169872474457585,-3.790712175528033,-0.7631993754448079
-10.377881745394976,-0.475118815304803,0.3620680516243306,0.36206805162433064,0.36206805162433064,D_var_mad,0.07669263618271609,0.13688391688139706,0.5602749974576366,0.05396325972308422,0.07114544642090906,-6.254420537962053,-1.6555390947900415
-10.369441459938605,-0.4751900625143549,0.361266204632428,0.3612662046324278,0.3612662046324278,D_var_mad,0.07772592423463424,0.13567489676432326,0.5728836069774174,-0.13509467421581264,0.016120535335379077,-4.880882115934815,-1.3938900316456877
-10.36100117448223,-0.4752409267009553,0.36046435764052503,0.36046435764052503,0.36046435764052503,D_var_mad,0.08163068289388307,0.134473712340227,0.6070382193908076,-0.17434673675357631,-0.011246630253874897,-0.8360246472568389,-0.17357898271982733
-10.352560889025854,-0.4752717839233419,0.35966251064862204,0.3596625106486222,0.3596625106486222,D_var_mad,0.08443458036670314,0.133280395343163,0.6335108786952923,-0.08228146229561471,0.002007961992552854,3.4151505744114266,1.3495109134519263
-10.34412060356948,-0.4752830083253798,0.35886066365671926,0.3588606636567193,0.3588606636567193,D_var_mad,0.0839782847408248,0.13209497455339794,0.6357417080002351,0.05317246078582972,0.04640306119518488,5.8030240234130455,2.423548580159091
-10.335680318113107,-0.4752749720395428,0.3580588166648165,0.3580588166648165,0.3580588166648165,D_var_mad,0.0804242444858728,0.130917475867333,0.6143125197996623,0.15770292824954912,0.09996632052815037,5.61141268558376,2.566349076984439
-10.327240032656734,-0.4752480450933017,0.35725696967291365,0.3572569696729137,0.3572569696729137,D_var_mad,0.07509762748621499,0.12974792236704139,0.5787963777467878,0.21161267906688952,0.14112691095486884,3.3590118545021737,1.7433858407834277
-10.31879974720036,-0.4752025953184265,0.35645512268101087,0.35645512268101087,0.35645512268101087,D_var_mad,0.0690746122671585,0.12858633438937334,0.5371847062534117,0.22959692113344504,0.15666835833483164,0.16385737736434614,0.3144218827744699
-10.310359461743989,-0.4751389882631973,0.35565327568910826,0.3556532756891081,0.3556532756891081,D_var_mad,0.06298080193520918,0.1274327295945876,0.49422783405468335,0.2119519426232321,0.14389291703305007,-2.78425658483188,-1.1738247597751874
-10.301919176287612,-0.4750575871075299,0.3548514286972051,0.3548514286972052,0.3548514286972052,D_var_mad,0.057880518482859564,0.12628712303446632,0.45832478476101474,0.1413428161293857,0.10966851761527618,-4.526565771471134,-2.2303090979053244
-10.293478890831238,-0.4749587525810063,0.3540495817053023,0.3540495817053024,0.3540495817053024,D_var_mad,0.0552160605010829,0.1251495272198825,0.44120071188180027,0.03470859057918774,0.06748190253650613,-4.602421639978411,-2.598991564738601
-10.285038605374863,-0.4748428428838042,0.3532477347133994,0.3532477356108044,0.3532477356108044,D_var_mad,0.05523145086306367,0.12401995187449082,0.4453432695971237,-0.0430883610298159,0.03197701275125313,-3.26408987487298,-2.3192792267036353
-10.276598319918492,-0.4747102136105163,0.3524458877214967,0.35244589688424466,0.35244589688424466,D_var_mad,0.05627492107519564,0.12289840239411129,0.4578979057411414,-0.04655366776562336,0.012382201938127065,-1.3688027916279109,-1.6609334986688031
-10.268158034462118,-0.4745612176768483,0.35164404072959393,0.35164409776201877,0.35164409776201877,D_var_mad,0.05643571233961126,0.12178487304639912,0.46340494453781367,-0.0021987674507149314,0.008870840161618128,0.12380614081555485,-0.9765258122502625
-10.259717749005745,-0.4743962052491775,0.35084219373769115,0.35084246638374567,0.35084246638374567,D_var_mad,0.055349293510417084,0.12067932345031211,0.4586476947992364,0.033343031116156496,0.014472120277597561,0.6874373018111007,-0.5475201144998485
-10.251277463549371,-0.4742155236769581,0.3500403467457884,0.3500413956174092,0.3500413956174092,D_var_mad,0.053819903813801175,0.11958162278265046,0.45006835131869155,0.04121850049476784,0.02047517428290778,0.377106846076383,-0.49352034757485264
-10.242837178092998,-0.4740195174279522,0.34923849975388555,0.3492418049852182,0.3492418049852182,D_var_mad,0.05237706565321271,0.11849146556048686,0.4420323894675398,0.03790002760201841,0.02083789913447226,-0.4253353022702371,-0.7691539235845186
-10.234396892636624,-0.4738085280262675,0.34843665276198277,0.34844530416594255,0.34844530416594255,D_var_mad,0.051027559588281084,0.1174083249804747,0.4346161960556638,0.03081338496195871,0.013295271551240422,-1.3381914536456803,-1.2218427696944345
-10.225956607180253,-0.4735828939931733,0.34763480577008016,0.34765390535262974,0.34765390535262974,D_var_mad,0.0499461868371698,0.11633155913692984,0.429343397507291,0.011931060709197836,-0.001751536593621498,-2.123055998964734,-1.662005292409712
-10.217516321723876,-0.4733429507906761,0.3468463696362077,0.3468691701103615,0.3468691701103615,D_var_mad,0.04952767384813965,0.11526069887371292,0.4297013147769074,-0.01710653608776075,-0.022543125791023796,-2.650574363391209,-1.9128099354959105
-10.209076036267502,-0.4730890307678208,0.34608059051751544,0.34609131515878855,0.34609131515878855,D_var_mad,0.049862603642478874,0.11419573398944775,0.43664156182127106,-0.044863318895715217,-0.04649474509436375,-2.807515620012285,-1.8377743481138744
-10.200635750811127,-0.4728214631096938,0.34531481139882303,0.34531907119812566,0.34531907119812566,D_var_mad,0.0507899494309437,0.11313713841466311,0.4489237587465893,-0.07175890127092648,-0.06993559230329052,-2.435922459592502,-1.3632998282404167
-10.192195465354756,-0.4725405737890931,0.34454903228013095,0.34455043693917087,0.34455043693917087,D_var_mad,0.05242473544247827,0.11208560358416716,0.467720507951867,-0.10685339344984457,-0.08761450691147017,-1.3772484999844314,-0.5070561755598624
-10.183755179898382,-0.4722466855208362,0.3437832531614387,0.34378363198604245,0.34378363198604245,D_var_mad,0.05504713847707916,0.11104172153774955,0.495733835127596,-0.14123876956341871,-0.09318433327174697,0.3519515684683565,0.5992818444117001
-10.175314894442009,-0.4719401177186695,0.34301747404274646,0.34301755621758506,0.34301755621758506,D_var_mad,0.058330344252081404,0.11000584226110184,0.5302476946054624,-0.14472342084221645,-0.08167336350208759,2.3788776585618145,1.7206766166733054
-10.166874608985632,-0.4716211864547459,0.3422516949240539,0.34225170874007216,0.34225170874007216,D_var_mad,0.06107383257326478,0.10897811006044517,0.5604229375916863,-0.09550438899986753,-0.05302752026362939,4.021728511988976,2.580917423693091
-10.15843432352926,-0.4712902044216306,0.3414859158053618,0.34148591732148526,0.34148591732148526,D_var_mad,0.06188916307058291,0.10795855790336342,0.5732677823094076,-0.007212153456429435,-0.013784290163641313,4.644334329276875,2.9605900484101983
-10.149994038072888,-0.4709474808968029,0.34072013668666973,0.3407201366866696,0.3407201366866696,D_var_mad,0.060260601695519916,0.10694717543620588,0.5634613672566363,0.07360775351732386,0.025371494724217028,4.067708462717665,2.7832209882038494
-10.141553752616511,-0.4705933217096074,0.33995435756797715,0.3399543575679773,0.3399543575679773,D_var_mad,0.057103763490083156,0.10594393913899128,0.5389998139975415,0.10503861083103139,0.05488095099364588,2.66303050860903,2.1424950461066894
-10.13311346716014,-0.4702280292106207,0.33918857844928507,0.3391885784492851,0.3391885784492851,D_var_mad,0.053967804994786546,0.10494882161164078,0.5142297375619176,0.09314874997644745,0.0703249700676137,1.0405748758348614,1.259348734057128
-10.124673181703766,-0.4698519022433903,0.3384227993305928,0.3384227993305928,0.3384227993305928,D_var_mad,0.0514501032196791,0.10396179364646117,0.4948943396902468,0.08015715382950815,0.07244644897519437,-0.3368397724875867,0.39852276974199347
-10.116232896247393,-0.4694652361185009,0.3376570202119006,0.3376570202119006,0.3376570202119006,D_var_mad,0.048996744708408535,0.10298282476180189,0.4757758861415722,0.08182966546060984,0.06463892240190348,-1.2496646783930947,-0.21394692772169782
-10.10779261079102,-0.4690683225899305,0.33689124109320834,0.33689124109320834,0.33689124109320834,D_var_mad,0.046431201400572254,0.10201188325258854,0.4551548302035103,0.06912302883917615,0.051351395754424725,-1.559886238898741,-0.44949346136612056
-10.099352325334646,-0.4686614498336463,0.3361254619745161,0.33612546197451604,0.33612546197451604,D_var_mad,0.044654783772744,0.10104893623984415,0.4419124578090944,0.025271347520494997,0.03830715213035529,-1.1421397700876565,-0.3095908400232784
-10.090912039878273,-0.4682449024284019,0.33535968285582385,0.3353596828558238,0.3353596828558238,D_var_mad,0.0443177724492576,0.10009394971919597,0.4427617510707379,-0.01610634708964588,0.032071424373191645,-0.07086635089133209,0.07062505762079627
-10.082471754421896,-0.4678189613386853,0.33459390373713127,0.3345939037371315,0.3345939037371315,D_var_mad,0.044624829161497105,0.09914688860836983,0.45008804399062047,-0.011669766569870808,0.03711088766881106,1.194103943936009,0.46048753974061807
-10.074031468965524,-0.467383903899778,0.3338281246184392,0.33382812461843925,0.33382812461843925,D_var_mad,0.04405555072355093,0.09820771679367693,0.4485956110364174,0.038919323176110965,0.05222858067598991,1.950246789470083,0.6188230934100476
-10.06559118350915,-0.4669400038048716,0.33306234549974695,0.3330623454997469,0.3330623454997469,D_var_mad,0.041813883176430304,0.09727639717548789,0.4298461331888918,0.09870917606876611,0.07003216689581479,1.6822903889282004,0.3999131497895593
-10.057150898052775,-0.4664875310942036,0.33229656638105454,0.33229656638105465,0.33229656638105465,D_var_mad,0.038252362340673765,0.09635289171271129,0.3970027433606058,0.13247928645923387,0.08062660288212636,0.415381288065217,-0.1729618484698648
-10.048710612596404,-0.4660267521461581,0.33153078726236246,0.3315307872623624,0.3315307872623624,D_var_mad,0.03435301735038687,0.09543716146627124,0.3599543073431379,0.12636658501878778,0.0770440401848338,-1.2928101377860162,-0.9124513082863481
-10.04027032714003,-0.4655579296702898,0.3307650081436702,0.3307650081436702,0.3307650081436702,D_var_mad,0.03116333370478915,0.09452916664159078,0.32966897743789014,0.08496665950089323,0.05880322967451068,-2.683655682680775,-1.553525108413055
-10.031830041683657,-0.4650813227022208,0.32999922902497797,0.3299992290249779,0.3299992290249779,D_var_mad,0.029423972235254732,0.0936288666300945,0.31426175809114393,0.025872665729597774,0.031742400127944895,-3.2032596786319463,-1.8759757501626182
-10.023389756227282,-0.4645971866003643,0.3292334499062856,0.32923344990628567,0.32923344990628567,D_var_mad,0.02928011146561072,0.09273622004972835,0.31573544241839613,-0.026646655995841935,0.004730377517415717,-2.7486086767313562,-1.798096854000214
-10.014949470770908,-0.4641057730444256,0.32846767078759337,0.3284676707875934,0.3284676707875934,D_var_mad,0.030231482956386762,0.09185118478451151,0.32913547089579376,-0.053294461611579885,-0.014655683551016563,-1.656166273340422,-1.396610267974424
-10.006509185314536,-0.4636073300356345,0.32770189166890124,0.3277018916689012,0.3277018916689012,D_var_mad,0.03143951462066228,0.09097371802312296,0.3455889822230992,-0.05006329388005715,-0.02322665470300632,-0.47576962958003544,-0.8513415985378588
-9.99806889985816,-0.4631021018986626,0.3269361125502087,0.3269361125502089,0.3269361125502089,D_var_mad,0.03220542821193157,0.0901037762965352,0.3574259541125357,-0.028695893417074996,-0.02268694652126875,0.32825802488675015,-0.35211038927041866
-9.989628614401788,-0.4625903292851727,0.32617033343151663,0.3261703334315167,0.3261703334315167,D_var_mad,0.03230038659597248,0.08924131551470678,0.36194431256058124,-0.00738890051855595,-0.017685471836229545,0.5817917894628355,-0.018808646403459507
-9.981188328945414,-0.4620722491789599,0.3254045543128244,0.32540455431282433,0.32540455431282433,D_var_mad,0.031965193249464875,0.08838629100233282,0.3616532935930212,0.0015588836595921557,-0.012865968962788535,0.414091724433325,0.12989004407510335
-9.97274804348904,-0.4615480949026306,0.324638775194132,0.32463877519413215,0.32463877519413215,D_var_mad,0.031603689731864795,0.08753865753367861,0.36102552429143614,-0.0021560527786495167,-0.010695367117550994,0.10850223579940721,0.15515539391219296
-9.964307758032668,-0.461018096125777,0.3238729960754399,0.32387299607543985,0.32387299607543985,D_var_mad,0.031468459759975954,0.0866983693664961,0.36296483993777046,-0.011191105964531087,-0.011034389277184007,-0.08683214106836112,0.14704952479668462
-9.955867472576294,-0.460482478874597,0.32310721695674766,0.3231072169567476,0.3231072169567476,D_var_mad,0.031580229315781964,0.08586538027503605,0.36778768363486064,-0.01822353492440809,-0.012161143232361114,-0.06874022403337221,0.17565686070661624
-9.94742718711992,-0.4599414655429147,0.3223414378380554,0.32234143783805536,0.32234143783805536,D_var_mad,0.031810766939331415,0.08503964358217359,0.37406985259284103,-0.019433845381136527,-0.012194763503537452,0.128509045697343,0.2655291419939564
-9.938986901663544,-0.4593952749045551,0.32157565871936283,0.3215756587193631,0.3215756587193631,D_var_mad,0.031982747966347355,0.08422111219064997,0.3797473950943384,-0.015220056904940335,-0.009991837173536291,0.40863418363158327,0.3966073446582585
-9.930546616207172,-0.4588441221270256,0.32080987960067076,0.3208098796006708,0.3208098796006708,D_var_mad,0.031990380281121056,0.08340973861345123,0.3835329160947888,-0.009166481081837539,-0.005296785189372935,0.6770585315792033,0.5221729585187758
-9.9221063307508,-0.45828821878646,0.3200441004819787,0.3200441004819785,0.3200441004819785,D_var_mad,0.0318450661949435,0.08260547500332611,0.3855079362918893,-0.0029818137045316793,0.001437297380864302,0.8533084329821798,0.5923815821021701
-9.913666045294423,-0.4577277728837807,0.3192783213632861,0.31927831488569225,0.31927831488569225,D_var_mad,0.03152987707477344,0.08180827483117079,0.3854118319918397,0.006839174244230899,0.009107548324029761,0.8621291316423145,0.5759067822193631
-9.90522575983805,-0.4571629888620331,0.31851254224459385,0.3185124864771525,0.3185124864771525,D_var_mad,0.030870859769585854,0.08101809874477289,0.3810365862427446,0.022399477787957908,0.01599052932350066,0.6599550112914239,0.4746826289213299
-9.896785474381677,-0.4565940676248462,0.3177467631259016,0.31774643982350437,0.31774643982350437,D_var_mad,0.029742124917633925,0.08023494164867048,0.37068793603499506,0.03571511146539614,0.020247965691357298,0.29756737348392504,0.32592898182657015
-9.888345188925303,-0.456021206555982,0.31698098400720937,0.31697952579616406,0.31697952579616406,D_var_mad,0.028394967606528605,0.07945891441103199,0.35735408439693306,0.03464148234935695,0.021013636472915886,-0.058433696092876186,0.18689316979729642
-9.87990490346893,-0.4554445995399232,0.3162152048885171,0.31620992346815446,0.31620992346815446,D_var_mad,0.027346089072443805,0.07869041087720094,0.34751488482018866,0.019063152707565156,0.019261571540767602,-0.2120112434787773,0.10582034384167058
-9.871464618012556,-0.4548644369834619,0.3154494257698249,0.3154338211055331,0.3154338211055331,D_var_mad,0.026847423003297052,0.07793029514827166,0.3445055989101111,0.003922725571481768,0.017434765643072746,-0.08523046591729821,0.09381007708738257
-9.863024332556185,-0.4542809058382445,0.3146836466511328,0.31464545240930986,0.31464545240930986,D_var_mad,0.02661644189329688,0.07717986980300925,0.3448624876050141,0.0031853294929247555,0.017822832616923884,0.20628043727952905,0.11591315982183664
-9.85458404709981,-0.4536941896242341,0.3139178675324404,0.3138390071248738,0.3138390071248738,D_var_mad,0.02616215993923214,0.07644039213005169,0.34225570029417446,0.01624665414922242,0.0209168971924834,0.4280726875850911,0.1097622379350206
-9.846143761643436,-0.4531044684540467,0.31305528696191653,0.3130117449302511,0.3130117449302511,D_var_mad,0.025239064572568613,0.07571232759729511,0.33335475705901163,0.03216571892185821,0.02504894397551469,0.3889447822373284,0.02218610846140731
-9.837703476187064,-0.4525119190581233,0.31218414293429053,0.31216573402600406,0.31216573402600406,D_var_mad,0.02394460604963316,0.07499497162081183,0.3192828203296273,0.04118094760381032,0.027482507170183176,0.056852637614629,-0.1576784475933804
-9.829263190730687,-0.451916714810699,0.31131299890666403,0.31130650388242465,0.31130650388242465,D_var_mad,0.02255674377186007,0.07428682271522191,0.30364394313014587,0.039666862760239605,0.026008648956342768,-0.4428604392534623,-0.38757704111068847
-9.820822905274314,-0.4513190257565269,0.31044185487903786,0.3104399688117828,0.3104399688117828,D_var_mad,0.02136648064197153,0.07358634350073275,0.29035931975283935,0.029218002276910106,0.020006770120915212,-0.9110902830105289,-0.5886285429616777
-9.81238261981794,-0.4507190186383251,0.3095707108514117,0.3095702659242771,0.3095702659242771,D_var_mad,0.020564195478836277,0.07289246880162732,0.28211687458138585,0.013897060444776196,0.010628924826068926,-1.163241332225905,-0.6799290996255162
-9.803942334361569,-0.450116856924902,0.30869956682378574,0.30869948346065684,0.30869948346065684,D_var_mad,0.02022017883219502,0.07220464831122278,0.2800398493049954,-0.0033619550296578836,0.0003705923236399452,-1.085241496335091,-0.6151645683504618
-9.795502048905194,-0.4495127008399299,0.3078284227961594,0.30782841143583983,0.30782841143583983,D_var_mad,0.02036581871762235,0.07152265069347813,0.2847464197727145,-0.020464792304787864,-0.007690571210270163,-0.6710081578048082,-0.4057172474594116
-9.78706176344882,-0.4489067073913265,0.30695727876853324,0.3069572781954985,0.3069572781954985,D_var_mad,0.020956921797980893,0.0708463805871012,0.2958079385892645,-0.031156284820190547,-0.010956408467217956,-0.04992642325347546,-0.11985310128984085
-9.778621477992449,-0.4482990304012139,0.3060861347409073,0.3060861347409072,0.3060861347409072,D_var_mad,0.02168117190525034,0.07017578503343072,0.30895517442265513,-0.026154194425595204,-0.008533357738421378,0.532155033281675,0.14392290448161155
-9.770181192536072,-0.4476898205364134,0.3052149907132808,0.3052149907132809,0.3052149907132809,D_var_mad,0.021985500054721573,0.0695108208299081,0.31628888556099416,-0.004603100266803686,-0.001973327691327918,0.8183930975810152,0.2996113436559841
-9.761740907079698,-0.4470792253394529,0.3043438466856546,0.30434384668565473,0.30434384668565473,D_var_mad,0.021514674937538857,0.06885144684933107,0.3124796343731139,0.019812260012792418,0.005281584979800127,0.6956030932074126,0.31228799421228864
-9.753300621623325,-0.4464673892600425,0.30347270265802845,0.3034727026580285,0.3034727026580285,D_var_mad,0.0204746313235809,0.06819762206313594,0.3002250035144321,0.030030592407057022,0.009768849650685875,0.2801636830415109,0.211110761939724
-9.744860336166951,-0.4458544536869964,0.30260155863040233,0.3026015586304024,0.3026015586304024,D_var_mad,0.0194533557795522,0.06754930542316127,0.2879875027239294,0.021376004459167482,0.010010907898558687,-0.15437909272305245,0.06843240889495761
-9.736420050710578,-0.4452405569805629,0.30173041460277616,0.3017304146027762,0.3017304146027762,D_var_mad,0.018911720231702962,0.06690645587597797,0.28265912435653323,0.004002567440977635,0.007162842428528866,-0.3644801328725386,-0.04249267122938505
-9.727979765254204,-0.4446258345051355,0.30085927057515,0.30085927057515005,0.30085927057515005,D_var_mad,0.018868992360502816,0.06626903237672324,0.2847331805486039,-0.00791915873777896,0.0038582751693164007,-0.2907956535458105,-0.08500551477513421
-9.719539479797833,-0.4440104186623137,0.29998812654752405,0.29998812654752394,0.29998812654752394,D_var_mad,0.018995082354565346,0.06563699390245058,0.2893959827410097,-0.007699159992620398,0.0022540457777304014,-0.06446741314252752,-0.0698443414107975
-9.711099194341458,-0.4433944389242847,0.2991169825198977,0.2991169825198977,0.2991169825198977,D_var_mad,0.01893742865167086,0.06501029946500407,0.2912988989054747,0.0009144798883426401,0.0027700284302035077,0.11842978434714338,-0.036462965386951804
-9.702658908885084,-0.4427780218674996,0.29824583849227154,0.2982458384922716,0.2982458384922716,D_var_mad,0.018579036379674112,0.06438890812343095,0.2885440508489264,0.009439338471885017,0.004253208150583681,0.13958494646328182,-0.021242072679174443
-9.69421862342871,-0.4421612912066122,0.2973746944646454,0.2973746944646453,0.2973746944646453,D_var_mad,0.018045580373671186,0.06377277899593747,0.28296681841041843,0.012230035574842807,0.00512630201732891,0.016039600605287307,-0.03462748612181768
-9.685778337972335,-0.4415443678286584,0.29650355043701904,0.29650355043701915,0.29650355043701915,D_var_mad,0.017537662714244538,0.0631618712714034,0.2776621775324876,0.009077818919731112,0.004523965766013088,-0.14275394277656586,-0.05955377674961919
-9.677338052515962,-0.4409273698274489,0.2956324064093929,0.2956324064093929,0.2956324064093929,D_var_mad,0.017191426705316978,0.06255614422046347,0.2748159580413092,0.0028245382635860763,0.002716533963214883,-0.22230132784907639,-0.06784518765909892
-9.668897767059589,-0.440310412538145,0.29476126238176675,0.29476126238176675,0.29476126238176675,D_var_mad,0.017045461793067103,0.061955557206163844,0.27512401730722036,-0.003237424742930123,0.0007713924372589654,-0.17051976724150283,-0.04102038870743099
-9.660457481603215,-0.4396936085720024,0.2938901183541406,0.2938901183541406,0.2938901183541406,D_var_mad,0.017048204273153393,0.061360069694207195,0.27783873711543156,-0.0062232391952654785,-0.00016193705973039456,-0.015548427396569257,0.017866743244266528
-9.652017196146842,-0.4390770678512499,0.29301897432651447,0.2930189743265144,0.2930189743265144,D_var_mad,0.017073492073697655,0.06076964126279352,0.2809543008467778,-0.004457692165956044,0.000508926106009482,0.1610801009917046,0.08677835218488125
-9.643576910690468,-0.4384608976440848,0.2921478302988883,0.2921478302988882,0.2921478302988882,D_var_mad,0.016974285328530472,0.06018423161206782,0.28203874792225275,0.0012374879575062286,0.002557187007692501,0.2739672420330257,0.13782432736548073
-9.635136625234091,-0.4378452025997629,0.2912766862712618,0.291276686271262,0.291276686271262,D_var_mad,0.016672576944804715,0.05960380057318288,0.27972338650341183,0.007721105006406973,0.005133649562918851,0.2792319702939825,0.15196857442983772
-9.62669633977772,-0.4372300847837593,0.2904055422436358,0.29040554224363585,0.29040554224363585,D_var_mad,0.01620298164016824,0.05902830811699002,0.2744951050952545,0.011706026411262753,0.007270782083346872,0.19216455027980772,0.12704728769675855
-9.618256054321346,-0.4366156437129778,0.2895343982160097,0.2895343982160097,0.2895343982160097,D_var_mad,0.015677374925492333,0.05845771436236046,0.26818316618253935,0.011815328242190483,0.008377496880832697,0.06874928531397878,0.07598439372831906
-9.609815768864973,-0.4360019763909957,0.2886632541883835,0.28866325418838357,0.28866325418838357,D_var_mad,0.015209552405193883,0.057891979584155505,0.26272296291206104,0.009307156219028796,0.008431309269290158,-0.033905832080240395,0.018041432078383525
-9.6013754834086,-0.4353891773433134,0.28779211016075734,0.2877921101607574,0.2877921101607574,D_var_mad,0.01483740283816715,0.057331064220847244,0.2588021527214532,0.007003559875355478,0.007805147078046512,-0.08875928367870212,-0.0308664120899816
-9.592935197952226,-0.4347773386526006,0.28692096613313123,0.28692096613313123,0.28692096613313123,D_var_mad,0.014509799049502748,0.05677492888180221,0.2555670140901489,0.006409683409289458,0.006933001886987211,-0.10186368961874892,-0.06371604299416707
-9.584494912495853,-0.4341665499939139,0.28604982210550506,0.2860498221055051,0.2860498221055051,D_var_mad,0.01417723915460513,0.05622353435423641,0.2521584478357662,0.006260667680990921,0.006085629842003185,-0.09396659357936421,-0.08230324699026667
-9.57605462703948,-0.4335568986698704,0.28517867807787906,0.2851786780778789,0.2851786780778789,D_var_mad,0.013863509194315697,0.055676841609850265,0.24899956235777185,0.005131916819776765,0.005346792140641635,-0.08353819494409725,-0.09333061127703274
-9.567614341583106,-0.4329484696457619,0.2843075340502527,0.2843075340502528,0.2843075340502528,D_var_mad,0.013602539121048841,0.055134811811150916,0.24671416613591765,0.00400952873222243,0.004675457418326506,-0.08324527974882101,-0.10349971788771081
-9.559174056126732,-0.4323413455845886,0.2834363900226266,0.28343639002262655,0.28343639002262655,D_var_mad,0.013359191663199536,0.054597406317474055,0.24468546336282443,0.004264441113990295,0.003941564292690078,-0.10116737314034543,-0.11571227479281247
-9.550733770670355,-0.4317356068820049,0.28256524599500005,0.2825652459950003,0.2825652459950003,D_var_mad,0.01308660768119183,0.054064586690707246,0.24205507675583857,0.004726321101590627,0.002967694401974123,-0.13603519211162454,-0.12742615634492094
-9.542293485213984,-0.4311313317011521,0.2816941019673741,0.28169410196737416,0.28169410196737416,D_var_mad,0.012820018513545653,0.053536314700730905,0.23946397104862033,0.003271771202348995,0.0016452125856206354,-0.17172840972195322,-0.13154955424516507
-9.53385319975761,-0.4305285960073719,0.28082295793974793,0.280822957939748,0.280822957939748,D_var_mad,0.012638889564809037,0.05301255233057575,0.23841314951212744,6.123182081717218e-05,6.88208039296958e-05,-0.1829239696471175,-0.11961632965213713
-9.525412914301237,-0.4299274736027816,0.2799518139121218,0.2799518139121218,0.2799518139121218,D_var_mad,0.012568005648922378,0.05249326178131426,0.23942131280163928,-0.002964596815128403,-0.0014426484556486856,-0.15055853354546136,-0.08607217532064745
-9.516972628844863,-0.4293280361607014,0.27908066988449565,0.27908066988449565,0.27908066988449565,D_var_mad,0.012570283460239947,0.05197840547668606,0.241836650142685,-0.004659955427447667,-0.0024726931981036418,-0.073285466247074,-0.031831930079797885
-9.50853234338849,-0.428730353259917,0.2782095258568695,0.2782095258568694,0.2782095258568694,D_var_mad,0.012602005739885735,0.051467946067469045,0.24485153775839114,-0.005052076482924923,-0.0026797489655061347,0.03320837439972159,0.03450116358047978
-9.500092057932116,-0.4281344924187708,0.27733838182924336,0.2773383818292432,0.2773383818292432,D_var_mad,0.012627901120413454,0.05096184643560216,0.24779127923417527,-0.004193129159438585,-0.0019121168791520942,0.14365179256890187,0.09836674675932529
-9.49165177247574,-0.427540519129063,0.2764672378016168,0.2764672378016171,0.2764672378016171,D_var_mad,0.01260734070754793,0.0504600696980675,0.24984786550999868,-0.0020072827587777377,-0.0002548246943026993,0.22911443142968346,0.14349554151791744
-9.483211487019368,-0.4269484968897594,0.27559609377399086,0.27559609377399086,0.27559609377399086,D_var_mad,0.012500528952126628,0.049962579210540196,0.25019783104971277,0.0013258493007436345,0.0019554655277304136,0.26147466271556435,0.15750288544896912
-9.474771201562994,-0.4263584872404873,0.2747249497463647,0.27472494974636463,0.27472494974636463,D_var_mad,0.01227788950170314,0.04946933857080822,0.24819190748081485,0.005448107119105103,0.004159016891553487,0.2226942702724803,0.13699612385133447
-9.46633091610662,-0.4257705497948165,0.27385380571873835,0.2738538057187385,0.2738538057187385,D_var_mad,0.011921556710740711,0.048980311621976906,0.24339487267352633,0.009380789528565978,0.005714671948927692,0.11970441800854467,0.08979872094950392
-9.457890630650247,-0.4251847422733116,0.2729826616911124,0.2729826616911124,0.2729826616911124,D_var_mad,0.011462289458734521,0.04849546245545826,0.23635797821831925,0.010825785744613025,0.006179695808316277,-0.00733189633332354,0.03228716009163693
-9.449450345193874,-0.4246011205363477,0.27211151766348624,0.27211151766348624,0.27211151766348624,D_var_mad,0.011023970119287957,0.04801475541375302,0.22959546548331114,0.007894128899040547,0.0055909053529479055,-0.1000760619302693,-0.017938826729130487
-9.4410100597375,-0.4240197386166803,0.2712403736358601,0.27124037363586007,0.27124037363586007,D_var_mad,0.01075331977728953,0.04753815509303535,0.22620397775733123,0.0024238365241132046,0.00449035474823392,-0.1196341413892004,-0.05051207572239719
-9.432569774281127,-0.4234406487517638,0.27036922960823395,0.27036922960823395,0.27036922960823395,D_var_mad,0.010658995898390465,0.04706562634554185,0.2264709242395986,-0.0006868905036980753,0.003571412745641924,-0.07830949409220561,-0.06653710006515684
-9.424129488824754,-0.4228639014158062,0.2694980855806078,0.2694980855806077,0.2694980855806077,D_var_mad,0.010583154693099464,0.0465971342817742,0.227120290898209,0.0010863673450676658,0.003168445780069112,-0.032572741069189504,-0.07532930825097596
-9.41568920336838,-0.4222895453515571,0.2686269415529816,0.26862694155298156,0.26862694155298156,D_var_mad,0.01037863695292655,0.04613264427251992,0.22497381445591336,0.005010771372232719,0.0030215662802009287,-0.0372066010843288,-0.08560076463953666
-9.407248917912003,-0.4217176276018214,0.2677557975253551,0.2677557975253554,0.2677557975253554,D_var_mad,0.010059805528929214,0.04567212195069761,0.22026140015540835,0.006643109828058015,0.0025403771120425427,-0.09910434992487392,-0.09750740082837131
-9.398808632455632,-0.4211481935406886,0.26688465349772916,0.26688465349772916,0.26688465349772916,D_var_mad,0.009757878141956305,0.04521553321303388,0.21580809621290697,0.004304582130262041,0.001348628273532688,-0.17072886903608742,-0.10173211252346305
-9.390368346999258,-0.4205812869044779,0.266013509470103,0.26601350947010305,0.26601350947010305,D_var_mad,0.009591755441668499,0.04476284422157282,0.21427940088413525,-0.0006021595985092366,-0.00034162366857400496,-0.18727879432211197,-0.08658830599660203
-9.381928061542885,-0.4200169498223874,0.2651423654424768,0.2651423654424768,0.2651423654424768,D_var_mad,0.0096034995854163,0.044314021405031,0.21671469392588255,-0.005478260461125664,-0.0018127446944754574,-0.11652830875191644,-0.047939546251266146
-9.373487776086511,-0.419455222846846,0.2642712214148507,0.2642712214148507,0.2642712214148507,D_var_mad,0.009747268946727011,0.043869031459996155,0.22219020166003603,-0.007608675776413921,-0.002308688047803191,0.015421945047553731,0.0055853895423724695
-9.365047490630136,-0.418896144983563,0.2634000773872244,0.2634000773872245,0.2634000773872245,D_var_mad,0.009892618391117276,0.043427841351979364,0.22779438450413306,-0.005237266180849704,-0.0015524134574874506,0.13976253316583673,0.05621974593897274
-9.356607205173765,-0.4183397537212678,0.26252893335959837,0.2625289333595983,0.2625289333595983,D_var_mad,0.009882255401893861,0.042990418316324185,0.22987111521409417,0.0005951272399334125,5.058330424749452e-05,0.19158788040982244,0.08714690451216695
-9.34816691971739,-0.4177860850611393,0.26165778933197203,0.2616577893319721,0.2616577893319721,D_var_mad,0.009653386281025102,0.042556729858976565,0.22683571583188497,0.005842302323640999,0.001681699343793434,0.15505080991092782,0.09192547610439342
-9.339726634261016,-0.417235173545919,0.2607866453043459,0.2607866453043459,0.2607866453043459,D_var_mad,0.009309051750053676,0.04212674375712449,0.22097724437767222,0.006727498503659019,0.0026679294960281564,0.07233126891023214,0.07673089282581846
-9.331286348804642,-0.4166870522887048,0.25991550127671975,0.25991550127671975,0.25991550127671975,D_var_mad,0.009028913135198841,0.04170042805970635,0.21651847607586458,0.00354590145205997,0.00290269245784157,0.007848567907586146,0.054356082609815864
-9.322846063348267,-0.4161417530014231,0.2590443572490934,0.2590443572490936,0.2590443572490936,D_var_mad,0.008895429917347502,0.0412777510877974,0.21550180624973977,0.00026908845493173184,0.0028004178031556166,-0.0027730100371034516,0.03497226076675776
-9.314405777891896,-0.4155993060229747,0.25817321322146747,0.25817321322146747,0.25817321322146747,D_var_mad,0.008830212358323774,0.04085868143487729,0.21611594031485892,0.00021463789309037482,0.0028558824652684207,0.02442286624828524,0.020581884926750067
-9.305965492435522,-0.4150597403470529,0.2573020691938413,0.2573020691938413,0.2573020691938413,D_var_mad,0.008700819602877498,0.04044318796698096,0.21513683861868432,0.0029819095453310408,0.003212689728752347,0.043699445950291155,0.006595051064779211
-9.297525206979149,-0.414523083649633,0.25643092516621513,0.25643092516621513,0.25643092516621513,D_var_mad,0.008456180328979658,0.04003123982274155,0.21123953108681245,0.005711093186238796,0.0035935540614800594,0.022313951334436283,-0.011812598767384483
-9.289084921522775,-0.4139893623161281,0.25555978113858896,0.2555597811385889,0.2555597811385889,D_var_mad,0.008151365618821908,0.0396228064133252,0.20572408561349642,0.006235848736913388,0.003589361966596881,-0.03444402563496446,-0.03418084515740813
-9.2806446360664,-0.4134586014682117,0.2546886371109626,0.25468863711096273,0.25468863711096273,D_var_mad,0.007877055948810413,0.03921785742226417,0.2008538065707427,0.004477798321407718,0.003012119244228389,-0.0924283480954598,-0.054236342124725875
-9.272204350610028,-0.4129308249903046,0.2538174930833367,0.25381749308333657,0.25381749308333657,D_var_mad,0.00769291406044342,0.03881636280519237,0.19818740099508647,0.001687684003646525,0.002029118682223592,-0.11769943958372688,-0.06413200487438539
-9.263764065153651,-0.4124060555557273,0.2529463490557102,0.25294634905571034,0.25294634905571034,D_var_mad,0.007606688383385653,0.03841829278948436,0.19799652277801666,-0.0006189118624343789,0.0010252855079445004,-0.09957815299129305,-0.05977880857851959
-9.25532377969728,-0.4118843146525106,0.25207520502808417,0.25207520502808417,0.25207520502808417,D_var_mad,0.007577455494109814,0.03802361787380711,0.1992828646463336,-0.0013902522423130679,0.0003481826092933309,-0.05294902272963847,-0.04345374571201259
-9.246883494240906,-0.4113656226088741,0.25120406100045806,0.251204061000458,0.251204061000458,D_var_mad,0.0075431402075909915,0.03763230882758046,0.20044319475988878,-0.0007212763114522215,0.00013147577499638373,-0.0036698887445010507,-0.022413867418916482
-9.238443208784531,-0.4108499986183599,0.2503329169728317,0.2503329169728318,0.2503329169728318,D_var_mad,0.007469588926784054,0.037244336690357635,0.20055636884836486,0.0002886194216361591,0.000286232792099961,0.028225587135747604,-0.005020304666209348
-9.230002923328158,-0.4103374607646316,0.24946177294520555,0.2494617729452056,0.2494617729452056,D_var_mad,0.007368627721720992,0.03685967277112406,0.19991028589634116,0.0008494002448911852,0.0006079398001953018,0.03561522209285378,0.0030718824357460835
-9.221562637871784,-0.4098280260459315,0.2485906289175794,0.2485906289175794,0.2485906289175794,D_var_mad,0.007258942673205146,0.03647828864751908,0.1989935093541959,0.0012128191999731279,0.0008874380742116079,0.02136564004359403,0.0008832983158040637
-9.21312235241541,-0.4093217103992,0.24771948488995324,0.24771948488995324,0.24771948488995324,D_var_mad,0.007135084828593008,0.03610015616498523,0.1976469241845987,0.0017153688368674227,0.0009686040020474147,-0.0064340344695797275,-0.008137802690517221
-9.204682066959036,-0.408818528723857,0.2468483408623269,0.24684834086232704,0.24684834086232704,D_var_mad,0.006993153140040257,0.03572524743584622,0.19574820727549178,0.001842960435825791,0.0007788278990927412,-0.03584254452056542,-0.01803841993843239
-9.196241781502664,-0.4083184949052422,0.24597719683470093,0.24597719683470093,0.24597719683470093,D_var_mad,0.0068629489051345895,0.0353535348383188,0.19412341471710526,0.0009178356457595844,0.0003635613875748188,-0.05247683237413434,-0.02309561691089988
-9.18780149604629,-0.4078216218377204,0.2451060528070748,0.24510605280707476,0.24510605280707476,D_var_mad,0.006786657209140911,0.034984991015458405,0.1939876790633495,-0.0007307371750926218,-0.00010701099107508224,-0.04596822919185568,-0.020339871578727423
-9.179361210589915,-0.4073279214474497,0.24423490877944845,0.2442349087794486,0.2442349087794486,D_var_mad,0.0067711166992821805,0.03461958887404558,0.19558628278103293,-0.0018751208326485847,-0.00041240856503174824,-0.01838959248197422,-0.010748251076710423
-9.170920925133544,-0.4068374047148113,0.24336376475182248,0.24336376475182248,0.24336376475182248,D_var_mad,0.006774000074248628,0.034257301583412635,0.197738869121221,-0.0016103373401759177,-0.0004174378110236911,0.014676007391133125,0.0016101592045702807
-9.16248063967717,-0.4063500816965081,0.24249262072419633,0.2424926207241963,0.2424926207241963,D_var_mad,0.006740019685576201,0.0338981025742138,0.19883176855755094,-0.00023405412823892776,-0.00016466918154970023,0.034492843574254146,0.012082902586367218
-9.154040354220797,-0.4058659615473268,0.2416214766965702,0.24162153499029618,0.24162153499029618,D_var_mad,0.006647853192431679,0.03354195750215851,0.1981951468397118,0.0010883065536759708,0.00016482108091379086,0.03331382044229184,0.01802335388113313
-9.145600068764423,-0.40538505254157,0.24075033266894402,0.2407508293792392,0.2407508293792392,D_var_mad,0.006523290934792553,0.033188796547381924,0.1965509935101018,0.0013825480481129324,0.00039768712680092325,0.019719982101311463,0.019715394909015055
-9.137159783308048,-0.404907362094155,0.2398791886413177,0.2398820541912654,0.2398820541912654,D_var_mad,0.006412678773836452,0.03283838502300305,0.19527996791999416,0.0006332554149245653,0.0004977056371730849,0.010079914765963375,0.019106526159442493
-9.128719497851677,-0.4044328967813879,0.2390080446136917,0.23902091397469358,0.23902091397469358,D_var_mad,0.006342402732896579,0.032489936707188735,0.1952112985031841,-0.0002489354855563608,0.0005678418428022248,0.013663009508270277,0.017540217969556744
-9.1202792123953,-0.4039616623614065,0.2381369005860652,0.23818329112567502,0.23818329112567502,D_var_mad,0.006294265104086153,0.032141334686880525,0.19583085660270827,-0.00021496348305928168,0.0007283450380590572,0.024646023502011137,0.01443951239887431
-9.111838926938928,-0.4034936637942995,0.23726575655843923,0.2374020835086591,0.2374020835086591,D_var_mad,0.006220140688678663,0.03178829307350689,0.19567394431325014,0.0009023472762626364,0.0009838807902451333,0.027872856093744326,0.008019678046991097
-9.103398641482553,-0.403028905261903,0.2363946125308129,0.23672627342076977,0.23672627342076977,D_var_mad,0.0060896915929823546,0.03142461012353791,0.19378733957373764,0.0021634280666291486,0.0011988547618902797,0.012770224302178279,-0.0026459442192548
-9.09495835602618,-0.4025673901872754,0.23552346850318676,0.23620381583288158,0.23620381583288158,D_var_mad,0.00592168293841868,0.03104455651319299,0.19074786705044877,0.002482825239135405,0.001199449467149805,-0.017133560138749067,-0.01600460046286553
-9.086518070569806,-0.4021091212538532,0.23552346850318676,0.23585512939314357,0.23585512939314357,D_var_mad,0.005763865715698559,0.030646344253192983,0.18807677901412445,0.001649389361626185,0.0009096304849803131,-0.04687632865422163,-0.028228582711377216
-9.078077785113432,-0.4016541004242894,0.23552346850318676,0.2356597954534067,0.2356597954534067,D_var_mad,0.005651185939836693,0.030233611569660184,0.1869173296354621,0.0002906151103152046,0.00040815027717298923,-0.06145221289581027,-0.03512776392844928
-9.06963749965706,-0.4012023289589802,0.23552346850318676,0.23556985904279643,0.23556985904279643,D_var_mad,0.005587368686454233,0.02981333763804133,0.1874117133173591,-0.0008214644332789874,-0.0001277179525525129,-0.05568944400857723,-0.03438475181680299
-9.061197214200686,-0.4007538074342765,0.23552346850318676,0.2355363378641888,0.2355363378641888,D_var_mad,0.005552364159885171,0.02939223190070763,0.18890583670685773,-0.0012696227348158577,-0.000531919331505189,-0.035440779822257795,-0.02665426193384122
-9.052756928744312,-0.4003085357603893,0.23552346850318676,0.2355263340531344,0.2355263340531344,D_var_mad,0.0055199183258260775,0.028974606930168293,0.19050882516299994,-0.0011452335855723144,-0.0007259785495452908,-0.01131911447231966,-0.01504441645408761
-9.04431664328794,-0.3998665131989851,0.23552346850318676,0.23552396521348196,0.23552396521348196,D_var_mad,0.005476365082552202,0.028562433316232587,0.191733141988287,-0.0008677975004989062,-0.0007229924460247016,0.008273878820654654,-0.0035758327756968923
-9.035876357831564,-0.3994277383804809,0.23552346850318676,0.2355235267969128,0.2355235267969128,D_var_mad,0.0054252317575465055,0.028156334198027086,0.1926824606992572,-0.0006962419386780621,-0.0005863107513896565,0.01952171934201187,0.004409515275774286
-9.027436072375192,-0.3989922093210353,0.23552346850318676,0.23552346850318678,0.23552346850318678,D_var_mad,0.005370964486864859,0.02775639858439959,0.19350365179881784,-0.00047772849609948416,-0.00039345467833312915,0.021409846975664462,0.007268219408896888
-9.018995786918818,-0.3985599234392428,0.23552346850318676,0.23552346850318678,0.23552346850318678,D_var_mad,0.005305880757690802,0.027362562353081012,0.19391022994209323,-3.714750457478773e-05,-0.0002249003112859367,0.014091914770350053,0.0053933641780194155
-9.010555501462443,-0.3981308775725309,0.23552346850318676,0.23552346850318678,0.23552346850318678,D_var_mad,0.005222060153179838,0.026974730584178833,0.19359081777975834,0.00038874825753822985,-0.00015557511175584603,-7.697537909506086e-06,0.0009591231250618116
-9.00211521600607,-0.3977050679932655,0.23552346850318676,0.23552346850318678,0.23552346850318678,D_var_mad,0.005129006368883536,0.02659280319923665,0.19287197105383627,0.0003555711951627621,-0.00022503025012044246,-0.014503186372486404,-0.0028928475856731593
-8.993674930549696,-0.3972824904245675,0.23552346850318676,0.23552346850318678,0.23552346850318678,D_var_mad,0.00505037547635457,0.02621668194374125,0.19263976605400493,-0.00025580059242636104,-0.0004003971777773867,-0.020700231721067927,-0.003324875789153931
-8.985234645093323,-0.3968631400558398,0.23552346850318676,0.23552346850318678,0.23552346850318678,D_var_mad,0.0050035345751456226,0.02584627035158403,0.19358826271965282,-0.0010648766799872971,-0.0005744619795982215,-0.013026710002259512,0.0008961185856013757
-8.97679435963695,-0.3964470115580139,0.23552346850318676,0.23552346850318678,0.23552346850318678,D_var_mad,0.004984376386002543,0.02548147371023091,0.19560785387390278,-0.001477930393768167,-0.0006202954797303172,0.006127898909033435,0.00877251680157565
-8.968354074180574,-0.3960340990985131,0.23552346850318676,0.23552346850318678,0.23552346850318678,D_var_mad,0.0049678337019555385,0.02512219902658739,0.19774676956814044,-0.0011230954315257454,-0.00047101954751808657,0.02710872569462186,0.017618072648448314
-8.9599137887242,-0.3956243963559407,0.23552346850318676,0.23552346850318678,0.23552346850318678,D_var_mad,0.004923860651744938,0.024768354993545957,0.19879643412039188,-0.00017554101890769548,-0.00016268471328803534,0.039460976899713895,0.024546369300162185
-8.951473503267827,-0.395217896534491,0.23552346850318676,0.23552346850318678,0.23552346850318678,D_var_mad,0.0048407970650132205,0.024419851957201734,0.19823203979685086,0.0007074892956895427,0.00019510427132379956,0.03890339674235484,0.027978195007574848
-8.943033217811454,-0.3948145923780905,0.23552346850318676,0.23552346850318678,0.23552346850318678,D_var_mad,0.00473603130643644,0.024076601884725008,0.19670679978477923,0.0009190121245873813,0.0004940268341680107,0.02898415025522335,0.02818567170291952
-8.93459293235508,-0.3944144761842719,0.23552346850318676,0.23552346850318678,0.23552346850318678,D_var_mad,0.004640911859369721,0.02373851833287688,0.19550132802274553,0.0008238349542289746,0.0006843732750528074,0.022552133084676927,0.026636580564231266
