rep,n,ou_a,ou_b,ou_x_star,ou_tau,ou_sse,ou_aic,ou_bic,tanh_A,tanh_Delta,tanh_x_star,tanh_tau_local,tanh_sse,tanh_aic,tanh_bic,rat_A,rat_Delta,rat_x_star,rat_tau_local,rat_sse,rat_aic,rat_bic,hinge_a,hinge_b,hinge_A,hinge_x_c,hinge_Delta,hinge_tau_from_b,hinge_sse,hinge_aic,hinge_bic,delta_aic_tanh,delta_bic_tanh,delta_aic_rat,delta_bic_rat,delta_aic_hinge,delta_bic_hinge
0,12262,-1.0548760817838294,-0.1274224388057268,-8.278573944045558,7.847911320584901,2613.0225177599773,-18953.02067365774,-18938.19215300109,0.22920234721922922,0.8889102977143458,-8.661003258430995,3.8782774631191455,2576.4871264948147,-19123.678362062707,-19101.435581077738,0.2455647868795685,0.9093034157795545,-8.66448373321012,3.702906378940646,2578.9156984730453,-19112.125762659376,-19089.882981674407,-10.141092050023452,-1.2365626730663022,0.09338579631647768,-11.403140050844641,1.221631923140615,0.8086933414545838,2475.4997829062795,-19609.969332816065,-19572.898031174453,-170.6576884049682,-163.24342807664652,-159.10508900163768,-151.690828673316,-656.9486591583263,-634.7058781733613
1,12177,-1.0761965756320038,-0.12912876383523877,-8.334290081218246,7.744207954131314,2696.6441290122366,-18353.32483004996,-18338.510221638946,0.21841282825545494,0.7186975674312713,-8.7539209550778,3.29054649935985,2650.5559006262883,-18561.24039410218,-18539.01848148566,0.2303604121960347,0.7100395918590929,-8.75656351331242,3.082298668813179,2653.1655131679468,-18549.25739122366,-18527.035478607137,-5.050361502524077,-0.6044832596218224,0.10252570332089578,-9.920337655866213,0.9197377071360223,1.6543055313485793,2552.349997829514,-19016.98168057464,-18979.945159547107,-207.91556405221854,-200.50825984671246,-195.93256117369674,-188.52525696819066,-663.6568505246796,-641.4349379081614
2,12369,-0.9153644292228528,-0.11096694549569697,-8.248982840194952,9.011692585868083,2720.79148508692,-18726.012027855497,-18711.166130612746,0.19870905491320806,0.7716018879734255,-8.680731451658707,3.8830736138846067,2675.7445809660353,-18930.51415888752,-18908.245313023395,0.21069482280024135,0.7774428678186348,-8.6779248418762,3.689900195391722,2678.817046088223,-18916.319411337998,-18894.050565473874,-11.779743270919022,-1.3550924401080908,0.029898997719249896,-11.40815659926373,1.3691717418191298,0.7379570355511935,2586.288870257413,-19347.10604904003,-19309.991305933156,-204.5021310320226,-197.07918241064908,-190.30738348250088,-182.88443486112737,-621.0940211845336,-598.8251753204095
3,12276,-1.0185687888151673,-0.12236229943591422,-8.32420437921429,8.172451846769503,2644.238394059832,-18842.889259064228,-18828.05845623275,0.2129060967272508,0.8284246477538102,-8.67849179263519,3.8910329975899485,2601.888013494781,-19039.09438239065,-19016.84817814343,0.22772762960935183,0.8470240509906979,-8.677916239070562,3.719461061636212,2604.306646977724,-19027.688298404562,-19005.442094157344,-461.3695879703137,-52.37753871246009,0.003893619355241626,-18.860970908322052,1.7992375989612779,0.019092153327206842,2524.111384943583,-19407.6497020236,-19370.5726949449,-196.20512332642102,-188.7897219106817,-184.79903934033428,-177.38363792459495,-564.7604429593703,-542.5142387121523
4,12192,-0.9096587084385306,-0.11072444977461984,-8.215517984421194,9.031428939457408,2528.23742185459,-19177.156783518567,-19162.339712962716,0.2179172192929164,0.8605619994043966,-8.665923405047055,3.9490316653116815,2469.9458430674986,-19459.54937783086,-19437.32377199708,0.23064116097748133,0.8592233101647406,-8.67036302053785,3.7253684750946556,2473.2423517627594,-19443.28819642867,-19421.06259059489,-38.32077303775005,-4.405094436045856,0.026167239447634986,-13.723984743145573,1.5677603953941985,0.227009889235798,2362.2217202728198,-19999.2350541294,-19962.192377739768,-282.3925943122922,-274.9840590343629,-266.1314129101047,-258.72287763217537,-822.078270610833,-799.8526647770523
5,12195,-1.0181528083290716,-0.12275557378429736,-8.294147279358093,8.146269608557017,2652.656701515427,-18599.037931083072,-18584.22036846177,0.21894372449097455,0.7527903907772873,-8.687025582537618,3.438282565656817,2597.095365527353,-18855.18185265675,-18832.9555087248,0.22891107578850783,0.7236203559251603,-8.693224471499734,3.16114173782363,2599.548654824758,-18843.667550315746,-18821.441206383795,-6.021234790359117,-0.7075629487631262,0.06933473426322548,-10.17398219848336,1.23602598320149,1.413301815404659,2518.312137901007,-19226.845935702175,-19189.802029148923,-256.1439215736791,-248.7351402630302,-244.62961923267358,-237.22083792202466,-627.8080046191026,-605.5816606871522
6,12209,-1.017164199154826,-0.12233822981219478,-8.314360937838535,8.174059748413322,2578.811550325205,-18979.09932430682,-18964.279466979482,0.22897903785543816,0.9359228537845169,-8.648958056418012,4.087373510475641,2529.8103557162613,-19211.32058564165,-19189.090799650643,0.24747794253429506,0.9788842765348128,-8.649123573578363,3.9554404991029077,2532.67660152142,-19197.49576038485,-19175.265974393842,-284.8211045458578,-32.29587135032683,1.0000000000000002e-06,-18.14920146311173,1.8391022507708783,0.03096371016445358,2447.3871598663804,-19611.723585299813,-19574.67394198147,-232.22126133483107,-224.81133267116093,-218.3964360780301,-210.98650741435995,-632.6242609929941,-610.3944750019873
7,12335,-0.9686290100754926,-0.11671261641409482,-8.299265664980123,8.568054000709,2553.19782511021,-19424.786061613606,-19409.94566955568,0.20674191022606853,0.779972049598119,-8.68477331430617,3.7726847388864395,2499.853042345062,-19683.235583733658,-19660.974995646768,0.2193807230845788,0.7827337222542844,-8.685539641838169,3.567923887061461,2502.779215603442,-19668.805440002343,-19646.544851915452,-12.577424530532632,-1.4237853254993977,1.1380472490202128e-05,-11.543632400348747,1.52134742285127,0.7023530739433955,2414.9414673154806,-20105.494913286293,-20068.393933141477,-258.4495221200523,-251.02932609108757,-244.0193783887371,-236.59918235977239,-680.7088516726872,-658.4482635857967
8,11953,-1.010964636817012,-0.12135934320283101,-8.330340377068131,8.239991858959504,2646.9087588094853,-18016.221356386366,-18001.44388124261,0.210732712195716,0.7190648715286884,-8.742150327595057,3.412212864516562,2591.1057528694128,-18268.91273410331,-18246.746521387675,0.22217965614359328,0.7118983319521344,-8.741444555211961,3.20415624143391,2594.170861343262,-18254.781474160587,-18232.615261444953,-9.404278306544558,-1.0682450389272937,0.017555020869908813,-10.826920420113593,1.4025249383148688,0.936114808456472,2507.092567300175,-18658.895258515287,-18621.951570655896,-252.69137771694295,-245.3026401450661,-238.560117774221,-231.17138020234415,-642.6739021289213,-620.5076894132872
9,12208,-1.0824561094339213,-0.13044578452774125,-8.298130241255292,7.6660200528544875,2533.8581700434897,-19191.228839792704,-19176.409146285656,0.24306431880912513,1.002150193918685,-8.612938192922163,4.122983574177578,2494.28196363157,-19381.409762621508,-19359.180222360934,0.2636029876135491,1.0527555196827605,-8.613258850739097,3.9937161912069663,2496.8036333105247,-19369.07395091797,-19346.844410657395,-43.517095717467164,-5.102351562536949,0.04673120361157665,-14.54739897921559,1.7109656845734176,0.19598806310061243,2411.3538644905248,-19790.19323127486,-19753.14399750724,-190.1809228288039,-182.77107607527796,-177.84511112526525,-170.43526437173932,-598.9643914821572,-576.7348512215831
10,12229,-0.99701696889586,-0.12008154426088538,-8.302832671186943,8.327674382896271,2541.607657660182,-19207.922419913917,-19193.099288995538,0.22063684434803393,0.8850258502875981,-8.66698114899485,4.011233268418001,2494.344745448655,-19435.469912630364,-19413.235216252797,0.23541511941096327,0.8992935329801844,-8.670190803712446,3.820033034540535,2497.1317882766134,-19421.813532577376,-19399.57883619981,-563.0285806568315,-64.45514139970115,0.017185862698822347,-19.27185989672338,1.7919856678875936,0.015514666142748336,2412.259300564215,-19840.680259115026,-19803.62243181908,-227.54749271644687,-220.13592725725903,-213.89111266345935,-206.4795472042715,-632.7578392011092,-610.523142823542
11,12158,-1.01305093939565,-0.12117948291498645,-8.359921292174159,8.2522220424191,2512.1807721433665,-19167.174274943998,-19152.36278960738,0.22926365173009638,0.9723614029641086,-8.668821708231373,4.241236653199756,2469.5664862667927,-19373.18046166621,-19350.96323366128,0.24719119002403986,1.009862845321659,-8.67320381694651,4.085351283043088,2471.9855454052226,-19361.27694505203,-19339.059717047105,-276.5596675515524,-33.025292984043084,0.07175558882816337,-18.022473985873564,1.715126164015094,0.030279822210303255,2400.548648804408,-19713.802724919507,-19676.774011577963,-206.00618672221026,-198.6004440539,-194.10267010803364,-186.69692743972337,-546.6284499755093,-524.4112219705821
12,12403,-1.0544123893169228,-0.12630374603662003,-8.348227367786942,7.917421544330631,2672.811589289723,-19032.2165638572,-19017.36517654157,0.22489925540488406,0.856956400828094,-8.681436921448467,3.8104012362571997,2625.1719318407863,-19253.279015882064,-19231.001934908618,0.24021316016945554,0.8738967796565147,-8.683099101784478,3.6380054241825657,2627.971626205967,-19240.05850815545,-19217.781427182003,-108.32900707736259,-12.260562991213094,1.0000000000000002e-06,-16.23882865097523,1.8258676695264937,0.08156232309370136,2542.1178499970447,-19648.021313046782,-19610.892844757705,-221.0624520248639,-213.63675836704715,-207.84194429824856,-200.41625064043183,-615.8047491895813,-593.5276682161348
13,12172,-1.0304551012632595,-0.12411264936664865,-8.302579201408633,8.057196467104975,2652.378146058436,-18542.252202282438,-18527.438415260403,0.23013038002556294,0.9336220137850406,-8.650457348019351,4.056926398337037,2612.441041365994,-18724.920942217883,-18702.700261684833,0.24812140554042889,0.9742514922103798,-8.648778937989476,3.926511258020563,2615.0719829810096,-18712.668911895744,-18690.448231362694,-1519.0708870080314,-182.09220311180277,0.07358951777440766,-19.99026646791017,1.5735912437660189,0.00549172332977931,2527.4555691324936,-19123.472795011727,-19086.438327456643,-182.66873993544505,-175.26184642442968,-170.416709613306,-163.00981610229064,-581.2205927292889,-558.9999121962392
14,12197,-1.0294997611616752,-0.12406117342738975,-8.298323582794568,8.060539590053756,2613.681842058323,-18784.626236183678,-18769.808345585992,0.2235776109967371,0.8795843195394326,-8.65479169517408,3.9341341721030796,2572.601689048829,-18975.85327536854,-18953.62643947201,0.23996029574976496,0.9085964107366933,-8.65328337070421,3.7864447861999406,2575.3196617467947,-18962.973857126326,-18940.747021229796,-306.48638524410296,-34.97460792843401,0.010633732533701675,-18.07705554910445,1.7824128136642687,0.02859217184210405,2490.1539690164695,-19369.14827503867,-19332.103548544455,-191.2270391848615,-183.81809388601687,-178.34762094264806,-170.93867564380344,-584.5220388549933,-562.295202958463
15,11979,-1.0981801636600395,-0.13150626821690725,-8.350781894659914,7.604200267857908,2478.696406495222,-18867.984178672716,-18853.20235788125,0.23613380386144617,0.9139871146176897,-8.685009760468866,3.870632241853778,2433.825210557141,-19084.823726727245,-19062.65099554005,0.25418903164014917,0.9463243918772157,-8.686559162434923,3.7229159172253747,2436.5672390569616,-19071.335383350553,-19049.16265216336,-232.012455954793,-26.68429085574215,0.0291032955032462,-17.503211550019948,1.7546210587851074,0.03747523235322596,2347.35434553088,-19514.167607575848,-19477.213055597193,-216.8395480545296,-209.44863765879927,-203.3512046778378,-195.9602942821075,-646.1834289031322,-624.0106977159412
16,12210,-1.0328127936320066,-0.12404733261384532,-8.325957292827198,8.061438959860284,2565.523095957815,-19044.734238744604,-19029.914217610396,0.21549381192522465,0.8555109813175192,-8.67896426569307,3.970002542877554,2529.1233389366857,-19217.2109572279,-19194.980925526586,0.23100749468685824,0.8761373553713478,-8.679649913246347,3.7926793524989053,2531.3834921606467,-19206.304352960557,-19184.074321259242,-14.440639811107637,-1.7136216686189858,0.06893794360838573,-11.954818081512965,1.3338076942180586,0.5835593808789217,2441.868328919263,-19641.89528397374,-19604.845231138217,-172.47671848329628,-165.06670791619035,-161.57011421595234,-154.16010364884642,-597.1610452291352,-574.931013527821
17,12187,-1.007082473132337,-0.12130895353354265,-8.301798373471852,8.243414610970937,2657.430546157765,-18556.92425906121,-18542.108008883562,0.21810989725724858,0.8240366421483285,-8.674186330569952,3.778080006962833,2605.6044342872074,-18794.947456277147,-18772.723081010678,0.2318652233811667,0.8297667023273642,-8.677251258428404,3.578659577436062,2608.53639824298,-18781.241708909478,-18759.01733364301,-5.676765427418036,-0.6641418841646435,0.06451694382045943,-10.040809575242378,1.1996254069037393,1.505702356444208,2529.02937440308,-19154.47462681415,-19117.43400137003,-238.02319721593813,-230.61507212711513,-224.31744984826946,-216.90932475944646,-597.5503677529414,-575.3259924864687
18,12332,-0.980560433259809,-0.11856339172383304,-8.270347355984939,8.43430662247987,2498.2283613158124,-19685.4646254272,-19670.624719849187,0.2212888449150341,0.8752053452187595,-8.653009401679393,3.955035987262723,2450.6859926040242,-19920.40973532353,-19898.14987695651,0.2353329775905365,0.8809720150631464,-8.657427170472554,3.7435128050603184,2453.376535788263,-19906.87818604781,-19884.61832768079,-1038.2883482121463,-117.92710671024066,1.0000000000000002e-06,-20.709074612115824,1.8559144818626814,0.008479814589677889,2369.1147587055216,-20333.867870104168,-20296.76810615914,-234.9451098963291,-227.52515710732405,-221.4135606206073,-213.99360783160228,-648.403244676967,-626.1433863099519
19,12204,-1.093359429465621,-0.1312796390951825,-8.328476807229,7.617327461381606,2616.49096133148,-18789.301747824014,-18774.48270973234,0.24222599300338438,0.9896835090875902,-8.637613929731286,4.085785744198652,2579.915275974854,-18959.10395702928,-18936.87539989177,0.26264274938039633,1.040240530395685,-8.637423146809873,3.9606672289630263,2582.259734033321,-18948.018796972818,-18925.790239835307,-1152.899995759568,-142.08092890022684,0.09345181908427475,-19.369557730903832,1.513267514309153,0.007038242273192257,2495.388850086443,-19361.643493081625,-19324.595897852443,-169.802209205267,-162.39269015943137,-158.7170491488032,-151.30753010296758,-572.3417452576105,-550.1131881201036
20,12163,-1.0988408825026,-0.13223799801955494,-8.309569858582606,7.562122952376542,2484.9228902425775,-19312.75271103882,-19297.940403367582,0.2565526985017676,1.1693793409379458,-8.581814594686985,4.558047324261097,2460.134230179536,-19432.69548762413,-19410.477026117274,0.2854837768232144,1.2878301258140854,-8.577975810719252,4.51104486617316,2461.8667200736245,-19424.13300433124,-19401.914542824386,-636.5075089909741,-90.38580465335396,0.13276817013865938,-17.769944605243964,1.2675493311211712,0.011063684212749805,2377.6062863848642,-19843.717652075426,-19806.686882897335,-119.94277658531064,-112.53662274969247,-111.38029329242272,-103.97413945680455,-530.9649410366073,-508.74647952975283
21,12157,-0.975364752065548,-0.11818900538203883,-8.252584484595165,8.461023906306346,2484.0920179265004,-19301.290809902406,-19286.479489073296,0.22600943342703522,0.8936000861055425,-8.631793621726304,3.9538176462622387,2432.9665552669376,-19552.106447379072,-19529.889466135406,0.2398474116612662,0.8974970828914256,-8.63502008654756,3.7419502536010296,2436.1536073417356,-19536.191868846385,-19513.97488760272,-256.1624791845368,-29.10947485443748,1.0000000000000002e-06,-17.873637209353184,1.8155756844752988,0.03435307593148006,2343.1207466649366,-20005.54547413377,-19968.51717206099,-250.81563747666587,-243.40997706211056,-234.90105894397857,-227.49539852942326,-704.2546642313646,-682.037682987695
22,12264,-1.126071341071414,-0.13509883383289742,-8.335166996809477,7.401988393451948,2634.2095166520257,-18859.07441870649,-18844.245571865384,0.2415637015956738,0.9871476332102728,-8.621164085921965,4.086489926630399,2603.3049680525087,-19001.806346019148,-18979.563075757495,0.26247321464996487,1.03836808308656,-8.620543703030586,3.9560916128959334,2605.023935210382,-18993.711076161515,-18971.46780589986,-846.4343014465633,-103.38753935684251,0.08640999089666274,-19.69394899626601,1.6534833184015967,0.009672345489803138,2530.353480370918,-19346.383207452527,-19309.31109034977,-142.73192731265954,-135.31750389211084,-134.63665745502658,-127.22223403447788,-487.3087887460388,-465.0655184843854
23,12121,-1.0226782563145271,-0.12305021372839327,-8.311064445380552,8.126763617065174,2563.114099082133,-18828.597954830613,-18813.792565301672,0.22214142578436044,0.8443141051965709,-8.676171533962966,3.8007953816600275,2513.6441874349584,-19062.828929427247,-19040.620845133835,0.23504241072355225,0.8395874568997483,-8.683040090811128,3.5720679272952083,2516.3613695959602,-19049.73352911261,-19027.5254448192,-65.11585401783903,-7.383986326591723,1.0000000833339687e-06,-15.22963665750908,1.8032694177363597,0.13542820311011827,2429.441886514428,-19471.81579979742,-19434.802325975066,-234.23097459663404,-226.8282798321634,-221.13557428199783,-213.73287951752718,-643.2178449668063,-621.0097606733943
24,12304,-1.0834630601762916,-0.13033783698276616,-8.31272856184925,7.672369153496267,2777.42364500662,-18309.281734865683,-18294.44637548219,0.2377245193707798,1.0216318227591261,-8.619911220407413,4.297545013291975,2749.7473185429944,-18430.502952070878,-18408.24991299564,0.2589841736063595,1.0852145590407947,-8.620272749936722,4.190273652359376,2751.8921883913554,-18420.90927370718,-18398.656234631944,-342.88425870823977,-41.71060448086144,0.08264877073743854,-17.602985667159714,1.5419629056554862,0.023974718478578787,2665.9925945204914,-18807.097407621593,-18770.009009162866,-121.22121720519499,-113.80353751344956,-111.62753884149788,-104.20985914975245,-497.8156727559108,-475.5626336806745
25,12138,-1.0866330772067498,-0.12993288667768224,-8.363033447431242,7.696280946029068,2772.763982411946,-17917.71302557849,-17902.904832965698,0.21403625086667286,0.7237677281909939,-8.718353280708877,3.3815193700147654,2734.1982508645647,-18085.72272692442,-18063.510438005233,0.22500496662649516,0.7045717546156138,-8.721828014026023,3.1313608991804713,2735.904025769765,-18078.15259553624,-18055.940306617053,-8.118337918795941,-0.9585345188789929,0.07568152418711399,-10.947512211091375,1.3767248525893672,1.0432592465939579,2672.2487397769414,-18359.900272564842,-18322.879791032865,-168.0097013459308,-160.60560503953457,-160.4395699577508,-153.03547365135455,-442.18724698635197,-419.9749580671669
26,12253,-1.0235782049555142,-0.12291558819665378,-8.327488970055466,8.135664602605901,2608.1293156976653,-18953.076741913843,-18938.249689745942,0.22365370109160684,0.9321674062256674,-8.661601816329167,4.167905121515779,2567.8077982863742,-19141.986923647793,-19119.746345395946,0.24206549153192658,0.9788273952015373,-8.65986038904007,4.043646985809365,2570.2537364196783,-19130.321013456236,-19108.08043520439,-989.7669415065775,-116.03492452546688,0.05110845902233046,-19.401064814953834,1.6103410061928325,0.008618094975194506,2484.035116244111,-19544.397333778175,-19507.329703358428,-188.9101817339506,-181.49665565000396,-177.2442715423931,-169.83074545844647,-591.3205918643325,-569.0800136124853
27,12200,-1.0157789387432028,-0.12227442648376517,-8.307370297730012,8.178325008400458,2659.652176702413,-18579.53529723128,-18564.716914769837,0.22046060979310567,0.7957813416405746,-8.696421531676206,3.6096305021898774,2605.2866889519755,-18829.49739683555,-18807.269823143386,0.2352101591492466,0.812536292068262,-8.693967021599688,3.454511892714157,2608.5979918421185,-18814.001119812023,-18791.773546119857,-6.944257599921376,-0.8046954695186779,0.05382873895488677,-10.313122240116206,1.2425178349380326,1.242706139004538,2518.8030213134252,-19237.35628614913,-19200.310329995522,-249.96209960427223,-242.55290837354914,-234.4658225807434,-227.05663135002033,-657.8209889178506,-635.593415225685
28,12016,-1.026878276261742,-0.12339651541440573,-8.321776938458514,8.103956555350644,2556.683149995878,-18591.100306773158,-18576.31231802515,0.2269059975842768,0.8884047687759317,-8.682864148344468,3.915298750293997,2511.276084805184,-18804.424018119425,-18782.242034997413,0.24363620660315496,0.9169890168193294,-8.684128851247731,3.7637633158234163,2514.003550178836,-18791.380673458672,-18769.19869033666,-375.0603356092708,-43.973471493365544,0.05349892232779317,-17.895891612366352,1.63121170289422,0.02274098373495197,2423.604488133622,-19227.414192348682,-19190.44422047866,-213.32371134626737,-205.92971697226312,-200.2803666855143,-192.88637231151006,-636.3138855755242,-614.1319024535114
29,12179,-1.0698305793096974,-0.1284583907734483,-8.328226539879914,7.784621884012382,2568.5971274153417,-18950.826500360494,-18936.01156348832,0.2286111760984708,0.7929894554954866,-8.705414519122655,3.4687256722476176,2505.683653784188,-19250.844655844117,-19228.622250535856,0.24257304279565103,0.7969843334417372,-8.708471724697551,3.2855437036881905,2509.2980200046964,-19233.289507417045,-19211.067102108784,-13.226752529843417,-1.495168269533087,1.0000248780217965e-06,-11.537747547523528,1.5702957363084324,0.6688210420037078,2414.7910341471693,-19696.84479653865,-19659.807454358215,-300.01815548362356,-292.6106870475378,-282.46300705655085,-275.0555386204651,-746.0182961781575,-723.7958908698965
30,12103,-0.9662243238637197,-0.11691396396803977,-8.26440479024261,8.553298220846958,2442.4211958840237,-19366.409922697494,-19351.607505428015,0.2184598644227704,0.902309816162608,-8.628476830594538,4.130323062072535,2399.321484031322,-19579.890019787355,-19557.68639388314,0.23403288598801963,0.9258538287177234,-8.62844058293827,3.9560843118651228,2402.123047000833,-19565.76622006467,-19543.562594160456,-98.28482908186658,-11.176589872193599,1.0000000000000002e-06,-16.20702126690033,1.8241378725122273,0.08947272928819859,2319.926308076102,-19983.16275935367,-19946.156716179976,-213.48009708986137,-206.0788884551257,-199.356297367176,-191.95508873244034,-616.7528366561746,-594.5492107519603
31,12112,-1.0818110994339862,-0.12969235255565234,-8.34136383615811,7.710554865375656,2545.712836222617,-18888.12794834193,-18873.324044390578,0.24235376753251672,0.8966863696926288,-8.68593567088118,3.699906870943609,2482.374192665273,-19191.293005612926,-19169.087149685896,0.2566753321767586,0.8928830140051162,-8.693329144678406,3.478647544479402,2485.4940394260825,-19176.080207217627,-19153.874351290597,-473.5845565682459,-53.60943224488824,1.0000000000000002e-06,-19.54255191803256,1.9399729456823342,0.018653433885141582,2397.7228618151935,-19607.530456192246,-19570.52069631386,-303.165057270995,-295.7631052953184,-287.9522588756954,-280.55030690001877,-719.4025078503146,-697.196651923281
32,12214,-1.069840261119296,-0.1290128822378819,-8.292507248591336,7.7511639353668444,2747.7758332885746,-18216.735741343262,-18201.915065115696,0.22983378819020092,0.9476929544454923,-8.632867989223417,4.123383954587307,2726.758227386359,-18308.519174555735,-18286.288160214386,0.24845272557851938,0.9930040974707033,-8.632031578274194,3.9967526826622826,2728.832242711385,-18299.232544798946,-18277.001530457597,-25.822642667367894,-3.211030280388457,0.09798110982407413,-13.197086520915851,1.3588508044597254,0.31142652441104485,2639.864593559934,-18700.079526100955,-18663.02783553204,-91.78343321247303,-84.3730950986901,-82.49680345568413,-75.0864653419012,-483.34378475769336,-461.1127704163446
33,12287,-1.050304918933853,-0.12638204901421685,-8.310554601118257,7.912516119180098,2574.5445721886945,-19198.973118039885,-19184.14052389615,0.24375891451972834,0.9378274069220572,-8.645794638186084,3.847356347027691,2517.0658056943867,-19474.398747596075,-19452.14985638047,0.26258346900987767,0.9761138009714733,-8.64447235284001,3.71734673417219,2520.370795069333,-19458.276098917813,-19436.02720770221,-556.8395657136839,-63.24462586772039,1.0000000000000002e-06,-20.155293266687423,1.9846742592333528,0.015811620138153,2437.943665859707,-19862.832456892193,-19825.750971532856,-275.42562955618996,-268.00933248432193,-259.30298087792835,-251.88668380606032,-663.8593388523077,-641.6104476367072
34,12300,-1.029050305119488,-0.12367290742045214,-8.320741596387107,8.085845322616125,2440.3185151629355,-19890.889518875847,-19876.054809793128,0.2253141122303767,0.8661415290937492,-8.666282563913725,3.84415126296282,2386.310295069426,-20164.16605685459,-20141.913993230508,0.2405194994369267,0.8795816911405584,-8.668271628481918,3.6570078234809316,2389.095588661573,-20149.81790890553,-20127.56584528145,-523.9053724098433,-59.97250034596732,0.016686875528356543,-19.04627722681157,1.7835744204855983,0.01667430896212821,2299.641544378702,-20615.205822869546,-20578.119050162742,-273.27653797874154,-265.8591834373801,-258.9283900296832,-251.5110354883218,-724.316303993699,-702.0642403696147
35,12212,-1.0626203198007607,-0.1275216028771612,-8.33286514461679,7.841808583313358,2648.1527066593635,-18662.735272585556,-18647.91492387785,0.2191886655951957,0.8566259575442016,-8.680178094355254,3.908167218492239,2623.4099152139042,-18775.3734585317,-18753.142935470136,0.23435725314945438,0.8742204811064583,-8.681818901924633,3.7302898432119367,2625.2878554042,-18766.634755110492,-18744.404232048928,-6.652904399022823,-0.8216162688169054,0.10549436183947698,-10.817606474145611,1.1332378404044812,1.2171131925612428,2548.3615862299544,-19125.818557621464,-19088.767685852188,-112.6381859461435,-105.22801159228766,-103.89948252493559,-96.48930817107976,-463.08328503590747,-440.85276197433996
36,12170,-1.0913402700330568,-0.13036674473196516,-8.371308743474874,7.670667868987649,2481.84359586992,-19345.962131168664,-19331.148672796702,0.22859658985611683,0.8457143354092321,-8.68837565446234,3.699592963926283,2427.933140059477,-19611.231561800756,-19589.01137424281,0.2427671018275944,0.8449749038886519,-8.69198990569015,3.480598884805762,2430.351788829734,-19599.11413419137,-19576.893946633427,-22.418683620346673,-2.5398118551128115,1.0000120189716204e-06,-13.138856747243372,1.7886773084059762,0.393729952077723,2351.029082263014,-19998.949738659776,-19961.91609272987,-265.2694306320918,-257.862701446109,-253.1520030227075,-245.74527383672466,-652.9876074911117,-630.7674199331668
37,12279,-0.9561375449005077,-0.11498935053536403,-8.315009524351174,8.696457501014045,2512.2203720956722,-19479.37802441759,-19464.54673288727,0.2132741409954368,0.7809129502480219,-8.71612094961559,3.661545401628087,2447.482885772284,-19797.944276719998,-19775.697339424518,0.22465035247953966,0.7708028697537405,-8.718193994329706,3.4311224587281357,2450.826561902468,-19781.18053158785,-19758.933594292368,-30.799974749789776,-3.4740075353092807,1.000000000137442e-06,-13.339463039505745,1.6426492039086047,0.2878519950910161,2349.8209648529682,-20293.95697868203,-20256.878749856227,-318.5662523024075,-311.1506065372487,-301.80250717025774,-294.3868614050989,-814.5789542644379,-792.3320169689578
38,12296,-0.983808807616253,-0.11914692497110521,-8.257106155738727,8.392998814216263,2487.146526986803,-19646.70393793125,-19631.869879360813,0.2187153784079616,0.8561493481000427,-8.643362079222893,3.914445131073954,2439.905190014759,-19880.50307882366,-19858.251990968005,0.2329065171086898,0.8622773689252597,-8.646436672179117,3.7022466336691786,2442.3279334176336,-19868.299624144674,-19846.048536289018,-15.177534838466297,-1.7908206942041793,0.056855894052385954,-12.261596305398182,1.5049657735839765,0.558403196498904,2355.4847153225946,-20309.477845271933,-20272.39269884584,-233.79914089241356,-226.3821116071922,-221.59568621342623,-214.17865692820487,-662.7739073406847,-640.5228194850279
39,12237,-1.0542823823205119,-0.12692776876467382,-8.306160208922988,7.878496642086386,2617.91871439368,-18866.48840266238,-18851.663963806408,0.2187543730916584,0.8744180792693487,-8.669944229483718,3.9972598806194664,2584.630271858443,-19021.087112864643,-18998.850454580686,0.23251106215383516,0.8784402496740876,-8.676227055800448,3.778057876200701,2587.0673503415856,-19009.554137124658,-18987.3174788407,-13.61831435614197,-1.6049982473756514,0.061584538277024106,-11.872138437893279,1.3827734032443986,0.6230536398622927,2494.9606266933615,-19449.169724299645,-19412.108627159716,-154.59871020226274,-147.18649077427835,-143.06573446227776,-135.65351503429338,-582.6813216372648,-560.444663353308
40,12281,-1.0429628352150733,-0.12518383252264834,-8.331449950027531,7.988251995872385,2536.6059229235448,-19365.91761482903,-19351.08599756581,0.2296931905572751,0.8841151927609097,-8.682359583900165,3.849113639877153,2478.230315517229,-19649.84648042743,-19627.5990545326,0.24610936956920884,0.9073306908058215,-8.685635482410845,3.686697066405956,2481.404606850112,-19634.126179319665,-19611.878753424833,-21.790367013125632,-2.4661990366428603,1.0054200805043888e-06,-12.806314552068224,1.6903018378152956,0.40548227662973246,2386.6894203840634,-20108.072581864835,-20070.99353870678,-283.92886559839826,-276.513056966789,-268.20856449063285,-260.7927558590236,-742.1549670358036,-719.9075411409722
41,12136,-1.0415241564825168,-0.12561835272242253,-8.291178270614335,7.960620230466553,2510.446472845058,-19118.884850405197,-19104.07698736314,0.22056448923497243,0.8345866025719503,-8.694098544627487,3.7838665936965308,2468.3266693141977,-19322.227860102183,-19300.016065539097,0.23499696432249462,0.8450827295421157,-8.698210597508846,3.596143175630043,2471.3043104461176,-19307.596541567615,-19285.38474700453,-19.288624719450663,-2.1930909609174196,0.011421662009986969,-12.335733698937348,1.5313315986560077,0.4559774390669493,2364.02396589571,-19842.202352990924,-19805.18269538578,-203.34300969698597,-195.93907817595755,-188.711691162418,-181.30775964138957,-723.3175025857272,-701.1057080226419
42,12251,-0.9460053462805473,-0.11490299333408138,-8.233078345748828,8.70299346416931,2538.4617685085523,-19279.677627382465,-19264.850901691876,0.20958178740609446,0.8346933429612954,-8.676871046830238,3.9826616295811936,2493.2947874437164,-19497.62290553222,-19475.382816996334,0.22312875311715916,0.8470702170037108,-8.677845292775938,3.7963292725386046,2496.6802480778742,-19480.999461808562,-19458.75937327268,-274.1466888400861,-31.052350879951028,0.005008214382339036,-16.80398439190003,1.5693742853806447,0.032203680934368505,2374.515745770349,-20091.61287917413,-20054.54606494766,-217.945278149753,-210.53191530445838,-201.32183442609676,-193.90847158080214,-811.9352517916632,-789.695163255783
43,12262,-0.9585237217665917,-0.11644307748812098,-8.231693480141628,8.587887073853882,2637.968810426084,-18836.511724053133,-18821.683203396486,0.22659042135516866,0.8959861052502845,-8.625626676907881,3.9542099789199523,2570.8501385062937,-19150.535267211504,-19128.292486226535,0.24108504294710953,0.9069530404989247,-8.62906701117335,3.761963120615063,2574.6620571088115,-19132.367297657438,-19110.12451667247,-15.236072289956969,-1.7335121396782192,1.0000014883531042e-06,-12.169456611522067,1.6738081856095122,0.5768635691156011,2477.738634343568,-19598.884545094974,-19561.81324345336,-314.02354315837147,-306.6092828300498,-295.8555736043054,-288.4413132759837,-762.3728210418412,-740.1300400568762
44,12303,-1.0185546135098233,-0.12243389040439875,-8.319221174345932,8.167673155667954,2534.770983527733,-19431.539299742934,-19416.704102914813,0.22400418345944156,0.9026828858265166,-8.65708875889411,4.0297590513078845,2487.2274322911853,-19662.492693248976,-19640.239898006796,0.2417646692118558,0.9417622708558783,-8.656448021855843,3.8953676479114576,2490.011881145473,-19648.727199700927,-19626.474404458746,-17.51669528144435,-2.048828269875801,0.049350603763996616,-12.482765939524592,1.5260200623085738,0.48808385490533057,2403.890773527466,-20077.779286990826,-20040.691294920525,-230.95339350604263,-223.53579509198244,-217.18789995799307,-209.77030154393287,-646.2399872478927,-623.9871920057121
45,12178,-1.0403190083775868,-0.12586321593061717,-8.265472963531051,7.945133076460209,2565.149075544805,-18964.62876152607,-18949.813988877733,0.22380982733676166,0.8477536539996929,-8.641131814812978,3.787830338317079,2526.754202652631,-19146.285676623327,-19124.063517650822,0.23858360349717964,0.857177665756194,-8.641304983942993,3.592776926794665,2529.1150532095025,-19134.91258182351,-19112.690422851007,-40.69899371389806,-4.817758299403233,0.05733250487341004,-14.080113384346793,1.5590399747695025,0.2075654148369934,2437.369418896449,-19580.891015210895,-19543.854083590053,-181.6569150972573,-174.24952877308897,-170.2838202974417,-162.87643397327338,-616.2622536848248,-594.0400947123198
46,12109,-1.0545191703442576,-0.1267171971174636,-8.32183156140003,7.891588693151298,2605.753200312861,-18598.175261215245,-18583.371852701737,0.2227726509623841,0.8415815670697042,-8.683513035183559,3.777759807741427,2563.594540059781,-18793.689749022607,-18771.484636252346,0.23742069820996595,0.8536479189248124,-8.68437997928469,3.5955075752067676,2566.255937752456,-18781.12530189442,-18758.920189124157,-422.0311446619073,-49.75264376856697,0.059751977679879484,-17.848783755416033,1.5783136340609745,0.020099434406976903,2477.266798854184,-19204.477921409518,-19167.469400125745,-195.51448780736246,-188.11278355060858,-182.95004067917398,-175.5483364224201,-606.3026601942729,-584.0975474240076
47,11954,-1.1156810517684583,-0.1331141133443766,-8.381388146890965,7.512351431984691,2638.521411193944,-18056.668165882696,-18041.89052342393,0.24485845114938723,1.0164719054278448,-8.663959385713719,4.151263314198206,2607.0786765422986,-18197.977204082807,-18175.810740394652,0.2681132251850372,1.092085580009701,-8.66244159753801,4.073225329545018,2609.103096015684,-18188.698420230907,-18166.531956542753,-400.35557186362195,-51.565843581207325,0.12232230595636023,-17.532619198189096,1.4179383656289422,0.019392681871385896,2536.4187066996856,-18522.439477654058,-18485.495371507135,-141.30903820011008,-133.92021697072414,-132.0302543482103,-124.64143311882435,-465.77131177136107,-443.6048480832069
48,12134,-1.0178925452145795,-0.12251867214177906,-8.30806053820654,8.16202120475805,2597.21975270273,-18701.408954413484,-18686.601420996478,0.23101246712756293,0.9341357451612705,-8.653112467898174,4.04365944737281,2553.2916049469077,-18906.393089707606,-18884.1817895821,0.24767389269869153,0.961840167106022,-8.654381924050998,3.883494366829175,2556.113286675889,-18892.99102418084,-18870.779724055334,-53.05036020152754,-6.146654563431546,0.03409673382532895,-14.988607914656805,1.7540724480019745,0.16269012512096034,2480.0299201431963,-19255.646925954312,-19218.6280924118,-204.9841352941221,-197.58036858562264,-191.58206976735528,-184.17830305885582,-554.2379715408279,-532.0266714153222
49,11978,-1.0722588979232914,-0.12905983479834418,-8.308230826412373,7.748344026338626,2626.3378519936887,-18172.389930119632,-18157.608276293984,0.23637524671324106,1.032544288836538,-8.619114691732753,4.368242035466473,2600.410493050575,-18289.224980986815,-18267.05250024834,0.2607314264153573,1.1248285692316269,-8.614213039005282,4.314127317509177,2602.487275485336,-18279.662732243385,-18257.49025150491,-108.06761068085204,-13.590008081544227,0.10113180468955309,-15.450565778718758,1.3960225918985494,0.07358347353435646,2513.711086655562,-18691.388572703516,-18654.434438139393,-116.83505086718287,-109.44422395435686,-107.27280212375263,-99.88197521092661,-518.9986425838833,-496.82616184540893
50,12218,-1.0851870200787943,-0.13093326563986837,-8.288092523893802,7.63747849038225,2660.9049956198537,-18619.213013369936,-18604.391682263515,0.23957077246936928,0.8877615872733896,-8.639973179564523,3.705633947425268,2613.0377716091407,-18839.004499826213,-18816.772503166583,0.25648391622671296,0.910560011218444,-8.641540082801162,3.5501641764295884,2616.0732466662766,-18824.81951186772,-18802.58751520809,-6.393122916305396,-0.744598296625155,0.05146404088289855,-10.201798351450437,1.3157534795266377,1.3430060269173825,2533.098084968588,-19214.622018824917,-19177.56869105887,-219.7914864562772,-212.38082090306852,-205.60649849778565,-198.19583294457698,-595.4090054549815,-573.1770087953555
51,12060,-1.0611889652237112,-0.1271854859831511,-8.34363258528015,7.862532365780125,2543.339099849334,-18766.381390445193,-18751.58609150463,0.21166102019751895,0.7964427242627319,-8.682694953999851,3.7628219098608864,2505.729596154368,-18944.049773222876,-18921.856824812032,0.22523682918785148,0.8024194883730335,-8.683219780209678,3.562558979658702,2508.022178976001,-18933.02068682374,-18910.827738412896,-5.758529003184711,-0.6701242761348281,0.055842512109990174,-10.059878200298147,1.1861240371824853,1.492260518851583,2434.8601979596365,-19286.058490778654,-19249.07024342725,-177.6683827776833,-170.27073330740313,-166.63929637854744,-159.24164690826728,-519.6771003334616,-497.4841519226211
52,12295,-1.022454713161549,-0.122788789830743,-8.326938595705206,8.14406593125024,2555.2829258960655,-19311.81045580752,-19296.97655989822,0.2110772643708514,0.7481024272103843,-8.71280637913466,3.5442113078365876,2507.9198267318725,-19539.84125607924,-19517.590412215286,0.22201272612892203,0.7307270366926342,-8.71587217974232,3.2913745506115872,2510.223297640593,-19528.55374350339,-19506.30289963944,-8.665214032877463,-1.0121331438203975,0.058715023595844414,-10.909368459769928,1.307620560564806,0.9880123046118223,2428.247491470346,-19932.771253400664,-19895.686513627414,-228.03080027171745,-220.61385231706663,-216.7432876958701,-209.32633974121927,-620.9607975931431,-598.7099537291942
53,12115,-1.1119824000350065,-0.13306572166289327,-8.356640509207068,7.515083430226946,2477.9085919692616,-19222.861902655026,-19208.057503388525,0.23344538949293134,0.9155605276110725,-8.680958141022876,3.921947353939048,2439.884246265275,-19408.211855683454,-19386.0052567837,0.25216757774129817,0.9534995298242731,-8.681730954752101,3.7812138196548015,2442.2574350887726,-19396.43375224536,-19374.227153345608,-519.964318865445,-60.784871414873464,0.05117126479545243,-18.322238816453996,1.616085453751315,0.016451461962874364,2351.221529793499,-19852.65591153735,-19815.644913371096,-185.349953028428,-177.94775339517582,-173.57184959033475,-166.16964995708258,-629.7940088823234,-607.5874099825705
54,12203,-0.9843253494282475,-0.1184894860835721,-8.30728009685172,8.439567366295163,2651.029780896009,-18626.730878254002,-18611.91200404974,0.22095083234977644,0.8088899447940883,-8.667485363193293,3.6609499778374865,2585.3316892105163,-18930.957210665987,-18908.72889935959,0.23235238576181313,0.7929993704297195,-8.672153348647528,3.412916841071868,2588.4515185036894,-18916.240211537654,-18894.011900231257,-11.515915403228298,-1.3066150207017688,1.000792638007115e-06,-11.418579294445868,1.6081493576284813,0.7653363723485368,2506.3882316607455,-19305.385022584465,-19268.337837073806,-304.2263324119849,-296.8168953098502,-289.50933328365136,-282.09989618151667,-678.6541443304632,-656.4258330240664
55,12081,-1.0180581353997689,-0.12292289468391471,-8.282087222381273,8.135181021984645,2516.8685914515218,-18946.479665389023,-18931.680886889983,0.2369995662847353,0.988422982174506,-8.650875200670866,4.17056873845498,2473.41107259753,-19154.898156105675,-19132.699988357115,0.2556689156220516,1.0297228128764975,-8.653978806022254,4.027563579135716,2476.312651974913,-19140.734139516433,-19118.535971767873,-399.1306947780561,-47.03125419388418,0.05628831574863882,-17.76983471640669,1.5759424004606475,0.02126245657573889,2372.245244743146,-19655.41680378526,-19618.419857537665,-208.41849071665274,-201.0191014671327,-194.2544741274105,-186.85508487789048,-708.9371383962389,-686.7389706476824
56,12275,-0.9959937963063545,-0.11999161834808333,-8.300528070361374,8.333915433152196,2619.86815889818,-18954.009324965802,-18939.178685060477,0.22461280424773084,0.8648521929005548,-8.679303324904081,3.850413585267778,2569.776091743585,-19188.980952010803,-19166.734992152815,0.23993720571466487,0.8845208201149904,-8.681087504447426,3.68646795514852,2573.0021521242934,-19173.580756050706,-19151.334796192717,-33.835106027503286,-3.8473290995780833,0.010297740650189768,-13.65167044407581,1.664986439575014,0.25992057713743927,2479.840282069447,-19622.27310806909,-19585.196508305777,-234.9716270450008,-227.5563070923381,-219.57143108490345,-212.15611113224077,-668.263783103288,-646.0178232453
57,12344,-1.0621010021933213,-0.12771260933181222,-8.31633624706437,7.830080406562547,2628.0585959409736,-19091.238717830092,-19076.396867042007,0.22269693826418477,0.8433109722915345,-8.674714062744053,3.7868099079616306,2593.8708857936463,-19250.872123723133,-19228.609347541005,0.2366160869388841,0.8459445166089848,-8.678535198710764,3.5751775272468476,2595.9920069247232,-19240.782022600568,-19218.51924641844,-8.451460332608963,-1.0094662140609236,0.08134334778087489,-11.058861469219893,1.2936924433523926,0.9906225548422839,2515.5041461188557,-19625.56223591773,-19588.457608947512,-159.63340589304062,-152.21248049899805,-149.54330477047552,-142.12237937643295,-534.3235180876363,-512.060741905505
58,12264,-1.006748036350564,-0.12103195936409933,-8.318034688027922,8.262280518748847,2687.360000254495,-18614.086843208017,-18599.257996366912,0.21907901416033523,0.8899019529537604,-8.676945631986456,4.0620136819790345,2653.1828824427084,-18769.05736256213,-18746.814092300476,0.236042956539609,0.9258982378455416,-8.67545799313358,3.922583632315129,2655.377953677472,-18758.915120252597,-18736.671849990944,-9.679571883683598,-1.2360331705509664,0.1138967152837393,-11.609811550772523,1.1540938053360406,0.8090397764602436,2569.6453948191156,-19157.40843116797,-19120.33631406521,-154.97051935411218,-147.55609593356348,-144.82827704458032,-137.41385362403162,-543.321587959952,-521.0783176982986
59,12323,-1.1433075060169726,-0.1372407718492979,-8.330669454937357,7.2864644123255555,2689.1772697295737,-18754.466609554016,-18739.62816412614,0.24440360112106435,1.0206113749614496,-8.615288639901685,4.175926092250555,2663.606036266736,-18870.2059945086,-18847.948326366786,0.2684575829621531,1.1007899324897514,-8.611665217412268,4.100424060828037,2665.5646032108207,-18861.14814173135,-18838.890473589538,-497.4115887380997,-61.08744853404438,0.0912256054544081,-18.18473837906039,1.5396624960322862,0.01636997491297569,2581.521406209243,-19251.93980107234,-19214.843687502653,-115.73938495458424,-108.320162240645,-106.68153217733561,-99.26230946339638,-497.4731915183256,-475.21552337651156
60,12390,-1.0875966464889146,-0.1313249844961277,-8.281719207215927,7.614697262952934,2612.5518345365003,-19281.80612356716,-19266.956833617915,0.24438041323357934,1.0698147688254565,-8.580101866373639,4.377661673740297,2583.738991757151,-19417.209818892446,-19394.935883968577,0.2678512773686911,1.1474172935978206,-8.577592579276294,4.2837850350007,2585.843836728608,-19407.12040490965,-19384.84646998578,-556.348557496649,-67.8564986804791,0.07982515890964305,-18.54503168542365,1.5743079955956656,0.014736982005345924,2499.9439683493433,-19821.698857044463,-19784.575632171345,-135.40369532528712,-127.97905035066287,-125.31428134248927,-117.88963636786502,-539.8927334773034,-517.6187985534307
61,12092,-1.0342259028393155,-0.12419098508575774,-8.327705123887618,8.052114244117389,2580.609940067532,-18672.315223689526,-18657.514624977728,0.23540846325546327,0.9769637762571172,-8.651596934138167,4.150079239916384,2541.3696436386563,-18855.596301131303,-18833.395403063605,0.25628617288529776,1.0378936209813208,-8.65004614449276,4.049744897653279,2543.588808382553,-18845.041980170765,-18822.841082103067,-979.783997091961,-130.30158833158436,0.1254211381534326,-18.183882480401753,1.2947527763767137,0.007674503532951991,2459.1477988353113,-19249.281610089187,-19212.28011330969,-183.2810774417776,-175.88077808587695,-172.72675648123914,-165.3264571253385,-576.9663863996611,-554.7654883319628
62,12262,-1.0119954651213892,-0.1210384662892784,-8.360940915285141,8.261836345563312,2539.9372042620626,-19300.87210729856,-19286.043586641914,0.22147714916148342,0.7888626117431563,-8.716917014978767,3.561823938631162,2471.9480960155856,-19631.574689436642,-19609.331908451673,0.2347838739629173,0.7878378199126094,-8.718195296858738,3.3555874456566963,2474.8053004038557,-19617.40982561692,-19595.16704463195,-41.721354216276715,-4.711454641790953,1.0005568637285969e-06,-14.185307684361446,1.755128206400491,0.21224867392968738,2389.5102346768144,-20043.478681818702,-20006.40738017709,-330.7025821380812,-323.2883218097595,-316.5377183183591,-309.1234579900374,-742.6065745201413,-720.3637935351762
63,12237,-1.0504870494402,-0.12593613536287906,-8.341426758993922,7.940532692372582,2666.114673394907,-18643.253512578063,-18628.42907372209,0.2198947490910435,0.8568642076658318,-8.682526435798046,3.8967015411134827,2624.0042382836473,-18836.07570374664,-18813.839045462682,0.23616305504415558,0.8827325295318016,-8.681152363572473,3.7378095797700297,2626.3194368032264,-18825.283574394754,-18803.046916110798,-468.90632127936584,-54.49027019164604,0.041161591233912366,-18.515855441620225,1.6853375848393137,0.01835190019214313,2545.929989987875,-19201.70021835459,-19164.63912121466,-192.82219116857596,-185.40997174059157,-182.03006181669116,-174.61784238870678,-558.446705776525,-536.2100474925683
64,12251,-1.0655469390958896,-0.12840898190077138,-8.298071702797985,7.787617230489021,2486.9172009236713,-19530.999824968192,-19516.173099277603,0.24059998483661832,0.9853401201564491,-8.625735928351187,4.09534572841122,2446.1907757727686,-19731.28640485741,-19709.046316321525,0.2632469017460762,1.0551303544576383,-8.622032620188262,4.008139687339608,2448.8203561665528,-19718.124027230555,-19695.88393869467,-77.1233425751478,-9.210578866530277,0.06966080202936786,-15.123747313281255,1.552239399470845,0.10857080911969984,2353.3251451710817,-20201.43374344165,-20164.36692921518,-200.28657988921623,-192.8732170439216,-187.12420226236281,-179.7108394170682,-670.4339184734563,-648.1938299375761
65,12165,-1.0447163844730756,-0.12583062332616515,-8.302560671300734,7.947191022076583,2540.727460937611,-19047.758979349626,-19032.94634283919,0.21431514215539213,0.7372171340735746,-8.706337062998804,3.4398742275477914,2492.169849948301,-19280.503155798295,-19258.284201032642,0.22440188436855688,0.7096086331657432,-8.711404577166684,3.162222256566636,2494.542624299023,-19268.926469833757,-19246.707515068105,-10.469658045489156,-1.208449315561315,0.039077781983712354,-11.155381870963177,1.3856057243108855,0.8275067784166918,2403.205820469388,-19718.70275654134,-19681.671165265252,-232.74417644866844,-225.33785819345212,-221.16749048413112,-213.7611722289148,-670.9437771917146,-648.724822426062
66,12285,-1.0534883805767408,-0.1270906119545951,-8.28926987111459,7.86840180104935,2650.4992275182376,-18836.656785553158,-18821.824516983248,0.2370023825256558,0.9169759039611419,-8.627222085752967,3.86905774612573,2598.290709823208,-19079.05703825678,-19056.808635401914,0.253738163024513,0.9378783711807983,-8.62831090663224,3.6962448218330963,2601.0038723354096,-19066.23560490225,-19043.987202047385,-447.47142990626475,-50.94638074825839,1.0000000000000002e-06,-19.6965130411159,1.9739241618701917,0.019628479694000348,2521.0244309245463,-19445.922397235176,-19408.8417258104,-242.40025270362094,-234.98411841866618,-229.57881934909165,-222.1626850641369,-609.2656116820181,-587.0172088271502
67,12126,-1.100743329383173,-0.132162909062247,-8.328685689452684,7.5664194068928445,2634.166068319758,-18509.798042855185,-18494.99182848192,0.23754764936210604,0.9298594244123293,-8.641562131326253,3.914412232279752,2596.590094031253,-18682.019164312034,-18659.80984275214,0.25673607570793083,0.9713565583767593,-8.640735420969705,3.783482923848217,2598.9969266166127,-18670.784532343878,-18648.575210783983,-9.172808882608846,-1.0975637675633532,0.07984483411001277,-11.307582110302398,1.3739508728425383,0.9111087934508355,2517.6284843840913,-19052.49067249976,-19015.4751365666,-172.22112145684878,-164.81801427021855,-160.9864894886923,-153.5833823020621,-542.6926296445745,-520.4833080846802
68,12056,-1.0003690918420964,-0.12056736946052955,-8.297179380442483,8.294118089118404,2643.061670588322,-18292.480880595456,-18277.686245114844,0.2225904146851185,0.8275537130103209,-8.664909605693921,3.717831759202198,2582.1593694361386,-18571.529811695935,-18549.337858475017,0.23566449860565467,0.8259334734772171,-8.664401229262948,3.504700446456636,2585.1325662886047,-18557.656059001125,-18535.464105780207,-666.3564308477982,-75.56370355710803,1.0000000000000002e-06,-19.871202361418007,1.8707965020004285,0.013233866961592743,2501.6423832845176,-18949.446341569947,-18912.459752868413,-279.0489311004785,-271.65161336017263,-265.1751784056687,-257.7778606653628,-656.9654609744903,-634.773507753569
69,12188,-0.9704811296281507,-0.11686523205964663,-8.304275895613065,8.556864880819402,2470.0247697635214,-19450.774239744653,-19435.95782546444,0.22860290874950692,0.9684698588457392,-8.661823833794246,4.236472161021127,2420.8013254582224,-19694.113405425822,-19671.888784005507,0.2460597051231992,1.0042190818606682,-8.664473247304008,4.0812008669110105,2423.793447142353,-19679.05828299147,-19656.833661571156,-1474.9819648863122,-175.29243599408602,0.06684005488376585,-19.76344551225887,1.5514309158921096,0.00570475271410877,2325.8238275573904,-20177.929584427267,-20140.88854872674,-243.3391656811691,-235.9309585410665,-228.28404324681833,-220.87583610671572,-727.1553446826147,-704.9307232622996
70,12394,-0.984169390490631,-0.11893521467653087,-8.27483595306306,8.407938748163936,2572.097941886389,-19485.448482028278,-19470.598546501235,0.2298897163262242,1.0636930663730955,-8.597103153743674,4.6269710684390315,2537.3814709821104,-19651.873688241296,-19629.59878495073,0.2527900425818727,1.1535422721719562,-8.592788588314345,4.563242524864686,2539.948552833999,-19639.340953503106,-19617.06605021254,-975.0425442327493,-117.86358691248124,0.07279839536963484,-19.098752297433855,1.5203628186183926,0.008484384585567915,2452.576546220572,-20069.189237011655,-20032.064398194045,-166.4252062130181,-159.00023844949465,-153.8924714748282,-146.46750371130474,-583.740754983377,-561.4658516928102
71,12314,-1.0202643283429984,-0.12322614039766668,-8.279609545916747,8.115161253715087,2568.981287806543,-19294.838107933847,-19280.001123722905,0.2257727237001234,0.8361893329565409,-8.66433346309352,3.7036773940291696,2520.7738766110306,-19526.108194353037,-19503.852718036625,0.23999115994062756,0.8408996988310558,-8.6667930127442,3.5038778054953754,2523.4338488993662,-19513.12105996955,-19490.86558365314,-6.391815171336238,-0.751146151405627,0.06577560396220451,-10.333029821457773,1.2342945501890252,1.3312988399510406,2434.6649683223623,-19950.103321387982,-19913.010860860628,-231.2700864191902,-223.85159431372085,-218.2829520357045,-210.86445993023517,-655.2652134541349,-633.0097371377233
72,12151,-0.9978378959683392,-0.12012980098491008,-8.306331050142013,8.324329115683906,2550.1039935024287,-18967.08084681855,-18952.270513318734,0.23342974926943,0.9101509928315679,-8.667152238963512,3.8990359869728968,2489.006980177812,-19259.74639172635,-19237.53089147662,0.24841906705774508,0.9189950946819888,-8.671398988013859,3.6993742290657914,2491.9255243434063,-19245.50679535259,-19223.291295102863,-2087.2208934827013,-242.39143706887324,0.04033779120354593,-21.392944092817697,1.7461229980994069,0.004125558279172458,2402.0603268252808,-19687.799367517633,-19650.77353376809,-292.6655449077989,-285.2603781578873,-278.4259485340408,-271.0207817841292,-720.7185206990835,-698.503020449356
73,12143,-0.9676810793731166,-0.1164608225760569,-8.30906959068707,8.586578541010487,2725.662263247404,-18138.14521927356,-18123.33620297145,0.21393257101183102,0.7987731347696555,-8.71518494465548,3.7337612079905367,2672.6361254625645,-18374.708208957163,-18352.494684504003,0.22408775039703188,0.775004952981633,-8.723525391343312,3.458488701896925,2675.4118786025174,-18362.103246032584,-18339.889721579424,-574.8074996240318,-65.96761890375019,0.0269348316846792,-18.839910896994454,1.7099321418159008,0.015158952477260795,2589.283268724859,-18755.44934092777,-18718.426800172503,-236.56298968360352,-229.15848153255138,-223.9580267590245,-216.55351860797236,-617.3041216542115,-595.0905972010514
74,12242,-1.0327760790766471,-0.12396095988181116,-8.331462422212066,8.067055958210036,2523.0254144987703,-19331.18520489332,-19316.3599490105,0.23151479283137993,0.9924281222849747,-8.634240776832192,4.286672614513206,2480.2195470763,-19538.666139628418,-19516.428255804185,0.2516156981405083,1.0490053638503032,-8.633787571255576,4.169077571879132,2482.9171133937293,-19525.358583391702,-19503.12069956747,-618.7541762618566,-72.11594785217467,0.041413897525915344,-19.249479169192345,1.7242408792293766,0.013866558365839252,2403.3570636340064,-19920.05099372519,-19882.987854018138,-207.48093473509653,-200.06830679368431,-194.17337849838077,-186.76075055696856,-588.8657888318703,-566.6279050076373
75,12408,-1.0288727808297127,-0.12315273639345213,-8.35444514641265,8.119998217539962,2610.8596497555072,-19335.87674410944,-19321.024550699727,0.22406396125262865,0.8528182567789683,-8.696154141510286,3.80613755113179,2554.4598921124607,-19604.851656786992,-19582.573366672423,0.23816833677575752,0.8598941573627477,-8.701211467893472,3.610447001493583,2557.7001499809835,-19589.1224446005,-19566.84415448593,-9.537975311557437,-1.0988553923051199,0.03948261081073639,-10.979440875675733,1.396477471548959,0.9100378512064755,2466.63701248433,-20034.94701688268,-19997.8165333584,-268.9749126775532,-261.5488159726956,-253.24570049106114,-245.81960378620352,-699.0702727732423,-676.7919826586731
76,12112,-0.9854480538736681,-0.11928122556650904,-8.261552052248156,8.383549005726959,2499.616127470359,-19109.45697434155,-19094.653070390195,0.22257525887768384,0.7526544139555533,-8.702190005140125,3.3815726768138874,2429.667318978377,-19451.22979752597,-19429.02394159894,0.23357694580881577,0.7320503639072576,-8.705549357480445,3.1340865485348264,2433.0249201818488,-19434.50356019108,-19412.29770426405,-9.998260728091068,-1.1322675566837161,1.002425119105764e-06,-10.944765884652487,1.5067051750528369,0.8831834791141479,2328.1494830964957,-19964.17726651155,-19927.167506633163,-341.77282318442303,-334.3708712087464,-325.04658584952995,-317.6446338738533,-854.7202921700009,-832.5144362429673
77,12184,-1.0968087423365063,-0.13148993097129294,-8.34138959716971,7.605145067863192,2623.617279304103,-18705.380116939064,-18690.564359149914,0.25029923464345644,1.0081524912591635,-8.63051793361496,4.0277889490762755,2572.4737221956802,-18943.234739799464,-18921.01110311574,0.2708792400206337,1.0552121262974952,-8.630907841272498,3.895507556123963,2575.33650699293,-18929.68327927061,-18907.459642586884,-1506.5868702981334,-171.07820783304408,1.0000000000000002e-06,-22.470391866861554,2.0350298216652485,0.00584527984403428,2498.4513711450318,-19294.969591405632,-19257.930196932757,-237.8546228603991,-230.4467439658256,-224.30316233154372,-216.8952834369702,-589.5894744665675,-567.3658377828433
78,12266,-0.9369994704972249,-0.11363264297194071,-8.245865325235794,8.80028813768707,2561.611108749983,-19206.945506437758,-19192.116333465387,0.2120758210235578,0.8860520763453665,-8.632682166948292,4.177996680946208,2517.4966939552505,-19418.022700334717,-19395.77894087616,0.2251444948926141,0.8897149304609973,-8.637268438896887,3.951750767369904,2520.250752756924,-19404.611433103084,-19382.367673644527,-1773.5672656762615,-204.00755657826477,0.019559021447930137,-20.67008967063021,1.6784497383505168,0.004901779212361496,2427.6549593431737,-19859.76028781008,-19822.687355379152,-211.07719389695922,-203.6626074107735,-197.66592666532597,-190.25134017914024,-652.8147813723226,-630.5710219137654
79,12060,-1.0618240159079677,-0.12762243736119883,-8.320041819157382,7.835612770580347,2483.5090152530406,-19053.473770509845,-19038.67847156928,0.23453224521808588,1.023499929705487,-8.63622225456418,4.364005165915497,2456.985325535372,-19180.966387708362,-19158.773439297518,0.25698795705667227,1.099565913999147,-8.634629691991707,4.278667088499658,2458.930045391449,-19171.424595013374,-19149.23164660253,-35.89290971617038,-4.712032488564683,0.11652650893411161,-13.685078118073472,1.2514431041752465,0.21222264541401895,2373.1022805785315,-19595.895122433438,-19558.906875082033,-127.49261719851711,-120.09496772823695,-117.95082450352857,-110.55317503324841,-542.4213519235927,-520.2284035127523
80,12226,-1.0037385565050205,-0.12070372305269544,-8.315721595984408,8.284748595231246,2629.533873431159,-18784.406187975645,-18769.583547754468,0.21682204626344503,0.7629906596986046,-8.721577500905273,3.5189717690033646,2564.862452825084,-19086.854903880576,-19064.62094354881,0.2267139862973886,0.7365910734451199,-8.727820081684536,3.2489882317137146,2568.142521712067,-19071.229698812735,-19048.995738480968,-18.10040763995508,-2.0420983441953533,1.0000266276387339e-06,-12.147025134074173,1.5536997536542758,0.4896923808015864,2463.1101697704225,-19577.763438975653,-19540.70683842271,-302.4487159049313,-295.03739579434114,-286.82351083709,-279.41219072649983,-793.3572510000085,-771.1232906682417
81,12211,-0.9831461512124074,-0.11884846571221057,-8.272266245262923,8.41407580659461,2570.0871513341945,-19025.590352154108,-19010.77016722644,0.22880080231420438,0.8627962797568758,-8.645667647744064,3.770949537895531,2501.7761106432304,-19352.54108264966,-19330.31080525816,0.2416506142172205,0.8559011117578899,-8.650576741844617,3.541895039374978,2505.236471682855,-19335.662964335657,-19313.432686944157,-18.628187260527746,-2.116797297188633,1.0000000020900654e-06,-12.631459779759535,1.7340610158202254,0.4724117898903797,2413.539243609295,-19786.997648084074,-19749.947185764908,-326.9507304955514,-319.5406380317181,-310.07261218154963,-302.66251971771635,-761.4072959299665,-739.1770185384667
82,12055,-1.1095812184325011,-0.13257399435047934,-8.369523931663068,7.54295746235381,2535.896983861309,-18788.92643402468,-18774.13196444345,0.24796342020145523,0.9768877218659271,-8.66507697737784,3.9396444889825486,2487.8091510304894,-19017.7188074144,-18995.527103042554,0.26865840586973133,1.024643613555088,-8.665751076201449,3.8139272442937195,2490.3158436607628,-19005.578420323214,-18983.38671595137,-702.193530853972,-82.45789036466722,0.05610165314969618,-19.648853079244347,1.7584155910415111,0.012127402187680693,2409.1583549174757,-19400.985778454342,-19363.999604501267,-228.7923733897187,-221.3951385991022,-216.6519862985333,-209.2547515079168,-612.059344429661,-589.8676400578152
83,12255,-1.0789085903268314,-0.1293088949121416,-8.343653319904183,7.733420045693268,2652.927791364935,-18749.46080986731,-18734.633431275386,0.2323856792161138,0.9259702560551469,-8.656603798226781,3.98462701823383,2619.4910268684594,-18902.901057166142,-18880.659989278254,0.25110273227895247,0.9683574918130665,-8.65484782005619,3.856419573871099,2621.645887710385,-18892.823922553485,-18870.582854665598,-19.706629270843504,-2.3935515802185185,0.08850066033437631,-12.86976605698587,1.4631951252074222,0.4177892000592297,2546.5152802895213,-19245.15586782304,-19208.08742134323,-153.44024729883313,-146.02655800286811,-143.36311268617646,-135.94942339021145,-495.6950579557306,-473.4539900678428
84,12070,-0.996222442791944,-0.11993088914651223,-8.30663768009691,8.33813546382001,2505.487217961425,-18972.934643051638,-18958.137686423455,0.20684809101033103,0.7515293613137274,-8.721144638214517,3.633242915817832,2460.6702824641384,-19188.791244273372,-19166.5958093311,0.21729657798299667,0.7317428697668727,-8.725672311063526,3.3674845529510877,2463.0707338925986,-19177.022367339858,-19154.826932397584,-698.9400859948238,-80.24365216021339,0.026728327882458675,-18.880822264114475,1.6488095841115322,0.01246204494784726,2368.3769285464614,-19646.214129019903,-19609.221737449447,-215.8566012217343,-208.45812290764297,-204.08772428821976,-196.68924597412843,-673.2794859682654,-651.0840510259914
85,12044,-0.9883330419614202,-0.11899186319839725,-8.305887607739658,8.403935976132102,2436.1430678352863,-19244.1250056972,-19229.332361917994,0.2144692638593901,0.8626935260111729,-8.66576541450701,4.022457626267465,2388.430651896147,-19480.350020320828,-19458.161054652024,0.22809133263407758,0.866872432422991,-8.669621344231599,3.800549641286446,2391.0893804576663,-19466.950461419045,-19444.76149575024,-871.9603256436704,-98.77228369025511,1.0000000000000002e-06,-19.955225560248874,1.785428259581736,0.010124297653539626,2301.6093650750645,-19922.31425354736,-19885.33264409935,-236.22501462362925,-228.82869273403048,-222.82545572184608,-215.42913383224732,-678.1892478501613,-656.0002821813578
86,12177,-1.0397273191165526,-0.12480474497029162,-8.330831647178544,8.012515872197318,2596.70245496359,-18813.19813949371,-18798.383531082694,0.23804146298469508,1.0659748911405371,-8.633140664489176,4.478105947488124,2560.409449739467,-18982.591442112716,-18960.369529496194,0.2619393383754696,1.1543217943780482,-8.631412518982168,4.406828701397336,2562.6028904401246,-18972.164167193027,-18949.942254576505,-43.03191750569493,-5.387298814064051,0.10126194895465533,-14.083009886599024,1.3808411387157276,0.18562178088013342,2477.268619442691,-19380.561480610482,-19343.52495958295,-169.39330261900614,-161.98599841350006,-158.96602769931633,-151.55872349381025,-567.3633411167721,-545.1414285002538
87,12136,-0.9961014717968877,-0.12022581228466096,-8.285254662604393,8.317681378041188,2717.3749792537983,-18157.64425423653,-18142.836391194473,0.21549432533374308,0.8743576853943371,-8.65672629206138,4.057451090835877,2678.6490727712626,-18329.84127991115,-18307.629485348065,0.23129027563028776,0.9053812655830362,-8.654696547998286,3.914480464497641,2681.3418363257374,-18317.647460257114,-18295.43566569403,-183.5506135638506,-21.241480621745072,0.03216560162163045,-16.779246318151884,1.6579093423206617,0.04707769753942162,2599.91456207247,-18687.906781129754,-18650.88712352461,-172.19702567462082,-164.7930941535924,-160.0032060205849,-152.5992744995565,-530.2625268932243,-508.050732330139
88,12110,-1.0160955883586216,-0.12240655630973032,-8.300989906027201,8.169497044501922,2646.44338871124,-18413.068880780425,-18398.265307107333,0.21755683350974325,0.8479262222392077,-8.675180631856898,3.8974929380980967,2606.347247639325,-18595.95106366876,-18573.74570315912,0.22981120239445568,0.8381094266767486,-8.683556792516882,3.646947659401692,2608.60325984912,-18585.473376670314,-18563.268016160673,-22.483305195662023,-2.650712069705317,0.0582321275226992,-13.057780160459501,1.5453175406276538,0.377257119484566,2530.8796649281894,-18947.776567690988,-18910.76763350825,-182.88218288833377,-175.48039605178565,-172.4044958898885,-165.00270905334037,-534.7076869105622,-512.5023264009178
89,12075,-1.0840604318590126,-0.13018082545579052,-8.327343355394225,7.681622823474879,2614.2508863103667,-18472.67730296601,-18457.87951800897,0.24026298001124058,0.9710759627610963,-8.625493056863707,4.041721128721807,2571.609448361765,-18669.25841961494,-18647.06174217938,0.2606142559211802,1.022530870593001,-8.625376443340008,3.923541584395344,2574.2117723793904,-18657.04537767521,-18634.84870023965,-508.9836799266305,-58.265838189484505,0.012100957724999294,-19.352287975983053,1.855251092842537,0.01716271542765645,2492.320233451568,-19043.421459959824,-19006.42699756722,-196.5811166489293,-189.18222417041034,-184.3680747092003,-176.96918223068133,-570.7441569938128,-548.5474795582522
90,12073,-1.0997458540076521,-0.1324799688470961,-8.301223676138855,7.5483109537424955,2602.1099906123072,-18523.81621302138,-18509.018759354713,0.23853257755708174,1.002142621843643,-8.627487568011123,4.201281988846268,2573.8406537704495,-18653.695019756964,-18631.49883925697,0.25974846790678424,1.0616260909964979,-8.628229150120625,4.087131291097674,2575.951970104913,-18643.795621705103,-18621.599441205108,-26.472855471714045,-3.223194123376377,0.08505426639779018,-13.294594710254485,1.4446106189219663,0.31025124820979594,2487.1635044967675,-19063.271267596574,-19026.277633429912,-129.87880673558539,-122.48007990225597,-119.97940868372461,-112.5806818503952,-539.4550545751954,-517.2588740751999
91,12192,-1.0505413904423404,-0.12633915937941406,-8.315247589129658,7.915202261215471,2657.0858785742375,-18571.12173481541,-18556.30466425956,0.2107805704945367,0.8030409973215218,-8.670839743356849,3.809843551696508,2627.621902171456,-18705.071928225127,-18682.846322391346,0.22292285423454133,0.7950726579228639,-8.674471711700743,3.566582083532597,2629.4749777325574,-18696.47680483563,-18674.25119900185,-11.211748480785877,-1.3430756714188645,0.07624369695256109,-11.624820221385377,1.3261867444075404,0.7445596858616095,2553.773151066623,-19048.6327445451,-19011.590068155467,-133.95019340971703,-126.5416581317877,-125.35507002022132,-117.94653474229199,-477.51100972968925,-455.28540389590853
92,12067,-1.0808429983289212,-0.12986410477610702,-8.322877212239325,7.700357244398334,2490.532458221406,-19037.459655147977,-19022.66319568183,0.24836126170159264,1.0035183886832517,-8.6363799154576,4.04055923137073,2443.842497604459,-19263.826804067416,-19241.632114868196,0.26979453777117823,1.0592440141026027,-8.636318915337878,3.9261136376340686,2446.643260569828,-19250.00535071116,-19227.81066151194,-975.6628978726883,-111.53041779945409,0.012901711558782704,-20.936815621431244,1.91521390888071,0.008966163847768665,2360.6854173017905,-19677.58135782238,-19640.59020915701,-226.36714891943848,-218.96891918636538,-212.54569556318165,-205.14746583010856,-640.1217026744016,-617.9270134751787
93,12114,-1.0230447371598885,-0.12301396834484514,-8.316492435167904,8.129158122894625,2538.2876107220923,-18928.632908797095,-18913.828674622015,0.22416356041224267,0.9290243934082821,-8.655333531578401,4.1444041649757075,2503.3100314709077,-19094.72454307643,-19072.518191813808,0.2424452766021303,0.9744577327810873,-8.653585393455744,4.019289410122189,2505.79706562471,-19082.69527972437,-19060.488928461746,-74.09680559452208,-8.80105879497553,0.06321766191109365,-14.96199661788398,1.5150148575827374,0.1136226928254239,2418.4540199523644,-19508.480284177214,-19471.46969873951,-166.09163427933527,-158.68951719179313,-154.06237092727315,-146.660253839731,-579.847375380119,-557.6410241174963
94,12243,-0.990952268828871,-0.11961770608858037,-8.28432764038329,8.359966368686848,2477.015167144816,-19559.090574297315,-19544.26515504917,0.22860276708100033,0.9075945643246844,-8.638703085712224,3.9701818832450897,2420.5455919838296,-19839.430164327496,-19817.192035455275,0.24509315710576327,0.9319477546036876,-8.638581776180466,3.8024225792706687,2423.625417377935,-19823.862461491382,-19801.62433261916,-447.46336759511473,-50.79810259586095,1.0000000000000002e-06,-19.145807674525344,1.8628285842027943,0.01968577464311591,2335.597815953796,-20272.812363771194,-20235.748815650826,-280.33959003018026,-272.92688040610665,-264.77188719406695,-257.35917756999334,-713.7217894738787,-691.4836606016579
95,12345,-0.979183335232274,-0.11826687052744875,-8.27943895754825,8.455453294233472,2605.4605006611023,-19200.39663254735,-19185.55461974379,0.21048027922791515,0.7527411959279806,-8.705635296668808,3.5763027238902843,2548.4188127706393,-19471.669772635854,-19449.406753430518,0.22206299275933356,0.7442284004034146,-8.70804089425333,3.351429210043977,2551.4758414606636,-19456.869849791517,-19434.60683058618,-10.606493180593356,-1.2231772372662157,0.03871698426173188,-11.09959131521438,1.316536326307353,0.8175430097399345,2445.9706696349185,-19974.19805259031,-19937.09302058141,-271.2731400885059,-263.85213368672703,-256.47321724416906,-249.0522108423902,-773.8014200429607,-751.5384008376204
96,12166,-0.989079466446236,-0.11920178470435712,-8.297522297164756,8.38913613986727,2564.9074404293697,-18935.089384419494,-18920.276583509734,0.2032437337105349,0.7241212446582783,-8.703886714070704,3.562821994254401,2518.505259356048,-19155.201830730286,-19132.982629365644,0.21453104232899445,0.7142863504289738,-8.705575274195118,3.3295244486510196,2520.797756775491,-19144.13263110498,-19121.91342974034,-7.282262849582213,-0.8437693572853006,0.045137623660682,-10.51095245777043,1.2943492707092663,1.1851579953286615,2442.1174246858236,-19525.916023750586,-19488.884021476184,-220.1124463107917,-212.7060458559099,-209.04324668548725,-201.63684623060544,-590.8266393310914,-568.6074379664497
97,12111,-1.1273526203317081,-0.13548381637583568,-8.3209393600517,7.380955355036455,2654.111630813518,-18380.548068896373,-18365.74433007733,0.25655390975513614,1.1272754796766022,-8.607749999797116,4.393912689744282,2627.0554957713694,-18502.641743827888,-18480.436135599324,0.2814841101246726,1.2098346229529322,-8.609183207997232,4.298056548972097,2628.9640515370984,-18493.84629712659,-18471.640688898027,-38.59963883009357,-5.0950327718053705,0.12318727214233702,-14.02491586743713,1.3272858287678717,0.19626959134271882,2538.5193716031627,-18913.8389074773,-18876.829560429695,-122.09367493151512,-114.69180552199396,-113.29822823021823,-105.89635882069706,-533.2908385809278,-511.0852303523643
98,12149,-1.0550457329699936,-0.12631193266532012,-8.35270041956744,7.9169083941548895,2522.391910547777,-19094.70472280906,-19079.89471852735,0.23453048873982474,0.9488263029904375,-8.670063762343442,4.045641605441812,2480.317728068225,-19297.06249381221,-19274.847487389645,0.2537775846034189,0.9948168264430864,-8.671460962628847,3.920034261488058,2483.0032232529293,-19283.9156171533,-19261.700610730735,-287.77734160993515,-32.98624787955978,0.020688439262410596,-18.489755890895573,1.8760680792647864,0.030315663777560436,2408.67909301863,-19649.127391203412,-19612.10238049914,-202.35777100314954,-194.95276886229476,-189.21089434423993,-181.80589220338516,-554.4226683943525,-532.2076619717882
99,12159,-1.0043536865691105,-0.12120776021126974,-8.286216037805533,8.250296831299927,2551.705405296605,-18979.940498065225,-18965.12884823463,0.23942065925636188,0.9311545578093341,-8.636673524411417,3.8891988715655974,2485.0234022141844,-19299.908934988005,-19277.691460242117,0.2557859948988216,0.94962270918361,-8.639530400610928,3.7125672559173606,2488.4297799110473,-19283.25324270503,-19261.03576795914,-38.49286603503971,-4.378219176272827,1.0000000000000002e-06,-14.546769907572804,1.9050945885390824,0.22840336669743858,2406.164038423206,-19688.0158051895,-19650.98668061302,-319.9684369227798,-312.56261200748486,-303.312744639803,-295.90691972450804,-708.0753071242762,-685.8578323783877
100,12368,-1.0204350395782746,-0.122907054110569,-8.302493676728076,8.13622950477997,2594.235210206279,-19312.59885478685,-19297.753119245197,0.22687356873935074,0.8501740321818417,-8.69236818594327,3.7473471982916835,2542.5409262787084,-19559.539619021398,-19537.271015708917,0.24052338320935412,0.8506798110517648,-8.697259919465186,3.536786318656278,2545.6448104267984,-19544.450215492583,-19522.181612180102,-54.69202395201901,-6.210564248002511,0.007320712864338133,-14.626317920686976,1.7139309414494064,0.16101596571062407,2443.232118171726,-20048.307260162026,-20011.19292130789,-246.9407642345468,-239.5178964637198,-231.85136070573208,-224.42849293490508,-735.7084053751751,-713.4398020626941
101,12150,-1.0671702167790742,-0.12707686263451473,-8.397832576716647,7.869253137576241,2567.973460730328,-18879.677241218604,-18864.867072321067,0.22688239103304933,0.8875390474447812,-8.699779945347604,3.9118904001478714,2515.839670409857,-19126.879067322378,-19104.663813976073,0.24232710913715297,0.9004309862290255,-8.702627418175245,3.7157666322813148,2518.155363814162,-19115.700797715184,-19093.48554436888,-1595.262648518646,-183.1156625560695,0.028210666151794087,-21.2713865732609,1.8129453608700086,0.005461029308149993,2438.5859581245677,-19501.816509533983,-19464.791087290138,-247.20182610377378,-239.79674165500546,-236.02355649658057,-228.61847204781225,-622.139268315379,-599.9240149690704
102,12196,-1.0816663257254167,-0.12947369062002917,-8.35433299649903,7.723576853422167,2442.5262039723375,-19608.085089293763,-19593.267362677547,0.24458181585531064,1.0210278258408454,-8.647582796629603,4.174586006201146,2399.6056817820895,-19822.300760825594,-19800.07417090127,0.2672555757528824,1.0905460334811319,-8.647957456157693,4.0805361325351885,2402.262779916104,-19808.803526401778,-19786.576936477453,-91.89099548984538,-11.180361898791892,0.08800889196875436,-15.486254805777643,1.534549280182948,0.08944254300999471,2316.7057820815435,-20247.089795804142,-20210.0454792636,-214.2156715318306,-206.80680822372233,-200.71843710801477,-193.3095737999065,-639.004706510379,-616.7781165860542
103,12463,-1.0572043027766873,-0.12750225718687958,-8.291651662504664,7.842998406956073,2730.766567824734,-18917.100907379147,-18902.239868311495,0.2230075566175054,0.9271548022170232,-8.635643029460324,4.157503971075052,2707.1992349456186,-19023.12715074031,-19000.835592138832,0.24175571107607585,0.9748324526656177,-8.635227705618705,4.032303718189544,2709.02903611607,-19014.706230604144,-18992.414672002666,-11.852260692741984,-1.5758964321996458,0.12119248016057951,-12.210917372037601,1.215253772502395,0.6345594669595095,2626.3943829650743,-19396.78919370952,-19359.636596040385,-106.02624336116423,-98.59572382733677,-97.60532322499785,-90.17480369117038,-479.68828633037265,-457.39672772889026
104,12377,-1.0521690356028457,-0.1265621058760044,-8.313460244045546,7.901259172944874,2583.9925264116505,-19384.622704914458,-19369.77551453338,0.22704150473307802,0.9497245194616813,-8.64524467674643,4.183043627103457,2548.968357262286,-19551.53140272007,-19529.260617148448,0.24587913048172041,0.9962209653442003,-8.64561648431439,4.051669466182138,2551.334091053497,-19540.049460411574,-19517.778674839952,-241.05912366114563,-27.77254054985711,0.025341853812442607,-17.597559100573907,1.7495916631481991,0.03600678872733323,2467.1883243498332,-19951.139673171332,-19914.02169721863,-166.90869780561115,-159.48510261506817,-155.42675549711566,-148.00316030657268,-566.516968256874,-544.2461826852523
105,12257,-0.894781716501885,-0.10828230425683917,-8.26341591678282,9.235119319478644,2599.7903719218884,-19002.517902590203,-18987.690197627522,0.19405757090992667,0.6362913139001911,-8.730275575252628,3.278879102302742,2530.2814334835684,-19332.68604079079,-19310.444483346768,0.20115132327632015,0.5954095463966725,-8.7319172078342,2.9600081008602794,2532.9778826450415,-19319.631058443203,-19297.38950099918,-6.360354512169506,-0.719271754093226,1.000004464343446e-06,-9.836327823465696,1.239652231217368,1.39029510655633,2440.6900740441997,-19770.547440847953,-19733.478178441248,-330.16813820058815,-322.7542857192457,-317.1131558529996,-309.69930337165715,-768.0295382577497,-745.7879808137259
106,12272,-0.980230312058185,-0.11890182450752411,-8.244030872681487,8.410299876741757,2525.953772019191,-19394.36907463876,-19379.538923591543,0.22678651443447426,0.9215259950355847,-8.617995261959198,4.063407373818263,2477.6606967331277,-19629.266232610156,-19607.021006039336,0.24107284698132958,0.927404084058173,-8.626025386031218,3.8469868990678897,2480.5699323433014,-19614.865069705073,-19592.619843134253,-13.748017281398727,-1.6075827443703747,0.04382207962048692,-12.065562316014654,1.5413474762273498,0.6220519618675427,2388.117729757567,-20076.990608825017,-20039.915231206982,-234.89715797139797,-227.4820824477938,-220.4959950663142,-213.08091954271003,-682.6215341862589,-660.3763076154391
107,12103,-1.013920000688456,-0.12291971513554543,-8.248636108295491,8.13539145365969,2549.325488713304,-18847.929877893264,-18833.127460623786,0.22423388144447998,0.8723871869654864,-8.638654832774662,3.89052350762384,2505.52747032303,-19055.66918655465,-19033.465560650435,0.23917966317322503,0.8869822077054303,-8.640113219170274,3.7084348892281724,2508.3795554196813,-19041.899968469566,-19019.696342565352,-181.19421164537715,-20.5932571644802,3.8744097991973226e-05,-16.941371991035997,1.7551799574264317,0.04855958394599309,2411.9268681612775,-19512.47059013502,-19475.464546961328,-207.7393086613847,-200.33810002664904,-193.97009057630203,-186.56888194156636,-664.5407122417564,-642.3370863375421
108,12196,-1.0361715143703711,-0.12467510764181741,-8.31097348916848,8.020847295940806,2626.418191018238,-18722.799643806757,-18707.98191719054,0.22820782389473157,0.902369947860196,-8.662830200562707,3.954158680713962,2579.4109269482756,-18941.058957718113,-18918.832367793788,0.24471289504289384,0.9301915075031012,-8.664732957389957,3.8011544399409565,2582.611331948677,-18925.936146374635,-18903.70955645031,-45.39915748173076,-5.188996578987949,0.01706206427951547,-14.31872512329774,1.6982652299422942,0.19271548646791323,2492.6191394219854,-19354.49180459508,-19317.44748805454,-218.259313911356,-210.85045060324774,-203.13650256787878,-195.7276392597705,-631.6921607883232,-609.4655708639984
109,12163,-1.1024394787577285,-0.13200242514491564,-8.351660793712254,7.575618394148247,2581.7596450531855,-18847.766445808556,-18832.95413813732,0.22833475660310584,0.8032686932022294,-8.67773053181814,3.5179431513288204,2529.206371085683,-19095.906242538553,-19073.6877810317,0.24195550783235747,0.7995130925993653,-8.677926981489026,3.3043806266783564,2531.78362023393,-19083.518514385138,-19061.300052878283,-19.82877637317955,-2.2475053318400797,1.0655981942157817e-06,-12.74982148705682,1.7409451783075878,0.4449377653672924,2454.356891181752,-19457.29246943365,-19420.26170025556,-248.1397967299963,-240.73364289437814,-235.75206857658122,-228.34591474096305,-609.5260236250942,-587.3075621182397
110,12291,-0.9662556661876349,-0.11737842746060852,-8.231969767288835,8.51945303437971,2608.17868263751,-19049.694190289458,-19034.860945157026,0.21352779522182272,0.779356895496433,-8.677936773020216,3.649908409754339,2553.263404022641,-19309.24479895867,-19286.994931260026,0.22622528805261433,0.7795083901692511,-8.679773574397974,3.445717306316158,2556.6891701821896,-19292.76476413887,-19270.514896440225,-7.059913041126634,-0.8114384601368329,0.03034267577107928,-10.235704055533843,1.2339521677443925,1.2323793474509084,2448.890825792074,-19818.235610240605,-19781.15249740953,-259.5506086692112,-252.1339861029992,-243.07057384941072,-235.6539512831987,-768.541419951147,-746.2915522525036
111,12359,-1.0398077923155968,-0.12527255064906748,-8.300364181363758,7.982594709046454,2617.631809598992,-19178.583390437252,-19163.73911079407,0.23476088593504157,1.0071733353835632,-8.613899300736207,4.290209296885378,2580.4398215926985,-19353.44267842338,-19331.17625895861,0.25624042813651376,1.074353978876531,-8.611482702589312,4.192757507820592,2582.8749112426385,-19341.78533163277,-19319.518912168,-492.7868050493358,-63.08059651828761,0.10806336732702514,-17.69721485981036,1.397996957211157,0.015852735313149607,2497.338147893848,-19754.007549435973,-19716.896850328023,-174.85928798612804,-167.4371481645394,-163.20194119551888,-155.77980137393024,-575.4241589987214,-553.1577395339518
112,12268,-1.1186572925467113,-0.13464905405005803,-8.30794765279845,7.426713890082238,2582.455362096466,-19112.655277100377,-19097.825778049908,0.25031637385387806,1.0258336511292112,-8.605943147106194,4.098148416483696,2542.5760817666655,-19301.58050009323,-19279.33625151753,0.2734422384046793,1.095260401031204,-8.604351241711628,4.0054543417329675,2545.464058983383,-19287.653837834518,-19265.409589258816,-915.8568452205117,-106.63483448850945,0.03616323773643983,-20.314294723958934,1.8051975903920978,0.009377798585205812,2455.058850256026,-19727.292226093512,-19690.21847846734,-188.92522299285338,-181.5104734676206,-174.99856073414048,-167.58381120890772,-614.6369489931349,-592.3927004174329
113,12207,-1.002094804984748,-0.12081005221668625,-8.294796555400701,8.277456897430927,2585.4707439529398,-18942.50862973152,-18927.68910005818,0.21240879082961747,0.7824056011439569,-8.679324457378016,3.68348973735065,2544.0217104457824,-19137.791058492337,-19115.56176398233,0.22542756160791266,0.7836588431940985,-8.678398134364382,3.4763222278787738,2546.2032628825523,-19127.327783346092,-19105.098488836084,-10.167738130271275,-1.199876147996196,0.06345585976546622,-11.428981550436404,1.4070383499796384,0.8334193505471453,2468.8979826831255,-19499.68720673525,-19462.6383825519,-195.2824287608164,-187.87266392414676,-184.8191536145714,-177.40938877790177,-557.1785770037277,-534.9492824937188
114,11959,-1.1251463686602705,-0.1345884585695209,-8.35990233203453,7.43005760396205,2474.048636332256,-18838.937646469833,-18824.159167645896,0.24475580396256547,0.9542308675393752,-8.658223183089044,3.8987057797629245,2434.1273030702214,-19031.48232410818,-19009.314605872274,0.2638806301669622,0.9870736754804215,-8.660202781520994,3.74060678442325,2436.2393109922036,-19021.110413193193,-18998.942694957288,-363.24095303853574,-41.82594044027702,0.02429567180781636,-19.181902379075517,1.9216564041769864,0.02390860766006907,2359.5102208504613,-19399.816595471846,-19362.870398412004,-192.5446776383469,-185.15543822637846,-182.17276672336084,-174.7835273113924,-560.8789490020135,-538.7112307661082
115,12260,-0.9918826513494042,-0.11939023905647529,-8.307904056379458,8.375894109123687,2679.9684647779322,-18637.782429902625,-18622.954235483645,0.21705315161517705,0.8801027875460605,-8.670983288088365,4.054780043491066,2638.1748569147367,-18828.481328750546,-18806.239037122075,0.232459204929587,0.9036497121358876,-8.672393933496101,3.8873475129092325,2640.7393201092946,-18816.569666547217,-18794.327374918747,-64.48399958352778,-7.496829196614573,0.040245927870988886,-14.839521522393415,1.598839449983185,0.1333897270130659,2555.31855692775,-19215.70332675973,-19178.63284071228,-190.69889884792065,-183.2848016384305,-178.78723664459176,-171.37313943510162,-577.9208968571038,-555.6786052286334
116,12275,-1.1092435223788129,-0.13379782155679004,-8.290445311233995,7.47396324069113,2736.105484723678,-18421.13245174892,-18406.301811843594,0.2392326305575968,0.9387870200688782,-8.616801716413814,3.924159584253951,2704.6654512270457,-18560.99863631917,-18538.752676461183,0.2570356071000854,0.9678184125455925,-8.617934445034297,3.76530871914855,2706.8852481759986,-18550.928321693955,-18528.682361835967,-38.454628538673724,-4.639551229425821,0.07686083048210558,-14.242642719744746,1.611172084870561,0.2155380877481457,2625.043669714805,-18923.78416428826,-18886.707564524946,-139.8661845702518,-132.4508646175891,-129.79586994503552,-122.38054999237283,-502.6517125393402,-480.40575268135217
117,12428,-1.0146211573865132,-0.12283583373393697,-8.25997696717871,8.14094690126014,2578.6968419435143,-19541.115669758234,-19526.260255217207,0.22521298826569935,0.801480107995733,-8.660738597744169,3.5587650346798445,2518.245221625157,-19833.930858407162,-19811.647736595623,0.2375701576734003,0.7895290237355772,-8.664181945473587,3.32335101120311,2521.1597838943494,-19819.55527879784,-19797.272156986302,-11.801288747844424,-1.3552485730437536,0.020430097393567954,-11.619274318586632,1.6074520562278196,0.7378720183811738,2431.8023259111683,-20264.036399524924,-20226.89786317236,-292.8151886489286,-285.38748137841685,-278.4396090396076,-271.01190176909586,-722.9207297666908,-700.6376079551519
118,12179,-1.0205901016670518,-0.12284088620003523,-8.308228092763132,8.1406120627589,2636.4276413323837,-18633.38147929884,-18618.566542426666,0.22215864853291992,0.866695321149078,-8.678789373457938,3.9012450195953066,2590.4484253181377,-18845.656816794133,-18823.434411485872,0.2363396604335886,0.8737240200824231,-8.683140802052483,3.696899701385242,2593.0820820883728,-18833.280962723664,-18811.058557415403,-167.95365442212108,-19.732849615252245,0.054921146439559906,-16.415055278757745,1.5891263184698892,0.05067691790581849,2500.9555996341232,-19269.847307202323,-19232.809965021886,-212.27533749529175,-204.867869059206,-199.8994834248224,-192.49201498873663,-636.4658279034811,-614.2434225952202
119,12068,-0.9692339994502622,-0.11718021502875947,-8.271310982083312,8.533863841729344,2584.838299811677,-18591.513239749504,-18576.716614548946,0.2151504289054732,0.8245036938696931,-8.677441940765915,3.8322196151974235,2535.732688567751,-18820.981443319968,-18798.786505519132,0.2278302409567273,0.823237200384301,-8.680266232539168,3.6133798433749704,2538.537096215748,-18807.64214668134,-18785.447208880505,-12.410166719802792,-1.4486559171836288,0.05065282438465791,-11.698029458210833,1.4246620836068404,0.6902950439357105,2448.9408265086504,-19237.27378711874,-19200.28222411734,-229.46820357046454,-222.06989097018595,-216.12890693183726,-208.73059433155868,-645.7605473692347,-623.5656095683953
120,12281,-1.009478649791207,-0.12125323965230225,-8.325374667810287,8.24720232521237,2630.158363578978,-18921.135139157104,-18906.303521893882,0.21563319546159268,0.7894796885776879,-8.714448235006612,3.6612159221946206,2576.487315362645,-19172.33365947277,-19150.08623357794,0.2289226939692802,0.794299590306867,-8.71633352023782,3.469728477044117,2579.552976963266,-19157.729663995902,-19135.48223810107,-10.426885777064225,-1.1867669853648908,0.017182950004812094,-11.057290393104529,1.4288559825015243,0.8426253951550007,2487.8497745681343,-19598.26902609133,-19561.189982933276,-251.19852031566552,-243.78271168405627,-236.59452483879795,-229.1787162071887,-677.1338869342253,-654.8864610393939
121,12182,-1.006339159843244,-0.12143127016353629,-8.287314778870115,8.235111093322672,2477.7506295440335,-19397.154408430335,-19382.338978967542,0.23258716700538212,0.9231486349674694,-8.63409813406608,3.9690437217720937,2424.8726963333797,-19657.945946610726,-19635.722802416538,0.2496595974467396,0.9528661540181358,-8.634179698140656,3.81666142124343,2428.0307535887378,-19642.09091907414,-19619.867774879953,-562.610958262627,-63.945878390500965,1.0000000000000002e-06,-19.615454356814798,1.8781018512382939,0.015638224466841447,2339.4181732151824,-20090.99678465754,-20053.958211000558,-260.7915381803905,-253.38382344899583,-244.93651064380538,-237.52879591241071,-693.8423762272032,-671.6192320330156
122,11981,-0.982597108158126,-0.11865849167214958,-8.280883182579272,8.427546869236926,2457.0660861169563,-18978.146129490626,-18963.363974809345,0.22041956335662793,0.8177840568119925,-8.670981944867686,3.7101246566252306,2395.407803091175,-19280.637268323073,-19258.464036301153,0.23229568912902313,0.8037763148008518,-8.6759643371544,3.460143052221745,2398.14154156703,-19266.971851791364,-19244.798619769444,-37.57889045881057,-4.266379034234445,1.0000000060077486e-06,-14.22432756934347,1.8137492162922868,0.23439080118661773,2311.779155056041,-19702.394850860197,-19665.439464156996,-302.4911388324472,-295.10006149180845,-288.82572230073856,-281.43464496009983,-724.2487213695713,-702.0754893476515
123,12174,-1.0299389901186478,-0.12425329841007746,-8.289027360219482,8.048076089695948,2494.2333137332575,-19295.699523981628,-19280.88540836352,0.22444390297592276,0.8624465273948031,-8.64218475887506,3.842592808089432,2446.7100512088773,-19527.8920645123,-19505.670891085138,0.23956074923861076,0.8763235416450629,-8.64376063169733,3.658043082726438,2449.4606677020633,-19514.213616339926,-19491.992442912764,-310.6250548085997,-35.71028788256172,0.020374704481797925,-17.956273830227612,1.7457026254011863,0.028003134650962207,2358.292597653568,-19971.97323010225,-19934.937941056978,-232.19254053067198,-224.78548272161788,-218.5140923582985,-211.10703454924442,-676.2737061206208,-654.0525326934585
124,12222,-1.0469277824679606,-0.12548058297720752,-8.343344903475035,7.969360488081582,2538.618118436478,-19204.31179033565,-19189.489804564742,0.23937261585544836,1.0330146313367652,-8.629261932516233,4.315508804735539,2496.1833419961695,-19408.337836416482,-19386.104857760118,0.2600429069503611,1.0902418757441015,-8.629275780825736,4.192546101448616,2498.6891611000547,-19396.074811228937,-19373.841832572572,-2210.582044626531,-264.42707663408777,0.07081417878942164,-20.757109031532263,1.5953891965839937,0.0037817609782215783,2417.08801736656,-19797.87872135625,-19760.823756928974,-204.0260460808313,-196.61505319537537,-191.763020893286,-184.35202800783009,-593.5669310205994,-571.3339523642317
125,11939,-1.0537731922333546,-0.12640403534348427,-8.336547083879735,7.911139840454048,2569.3065927536663,-18336.384945349924,-18321.609814087235,0.2297688799957112,0.8867615989298273,-8.67629887984516,3.8593633696015726,2522.2320954422967,-18555.158457192454,-18532.995760298418,0.24526935486100032,0.9020131487429796,-8.677917338041617,3.677643092648777,2524.878919022579,-18542.63627191405,-18520.473575020013,-953.0675815056541,-107.83255812333681,1.0000000000000002e-06,-20.416788683838934,1.849671901569162,0.009273636992421336,2443.9270989938877,-18927.691228188538,-18890.753400031812,-218.77351184252984,-211.38594621118318,-206.2513265641246,-198.86376093277795,-591.3062828386137,-569.1435859445774
126,12426,-1.0541767659125971,-0.1270037930422245,-8.30035655361977,7.8737805859667,2701.4391158616086,-18958.155709729792,-18943.300617068544,0.22966265999751484,0.8583475344528615,-8.65941235133201,3.7374274706308355,2653.8860943575332,-19176.83675254041,-19154.55411354854,0.24487955020344518,0.8707268000817415,-8.662317507270462,3.555735051613515,2656.7590160928758,-19163.39246160273,-19141.10982261086,-7.621660252770836,-0.8888194987204502,0.05235678309467489,-10.659300301591836,1.3701712999965978,1.1250878287881914,2577.1490631066317,-19537.431036256115,-19500.293304602998,-218.68104281061824,-211.2534964799961,-205.23675187293702,-197.80920554231488,-579.2753265263236,-556.9926875344536
127,12055,-1.0346435887346657,-0.12410978547723407,-8.336519032372788,8.057382390556414,2586.574384119316,-18550.394698684915,-18535.600229103686,0.22641776004286432,0.9017301153521389,-8.670990860065086,3.9825944536392712,2538.7243260183486,-18773.493465868614,-18751.30176149677,0.24428580731225993,0.940660594536661,-8.668526305967843,3.8506559381661307,2541.5356983340707,-18760.15119733779,-18737.959492965943,-455.30198982338146,-54.17161653245805,0.06913729494528452,-18.412455194207343,1.6394529373740554,0.018459851560841446,2461.857813243733,-19140.12983505135,-19103.143661098275,-223.09876718369924,-215.70153239308274,-209.75649865287414,-202.35926386225765,-589.7351363664347,-567.5434319945889
128,12184,-1.0426381981270898,-0.1247773726418575,-8.355987756848545,8.014273572422878,2506.6705504845486,-19260.953554770404,-19246.137796981253,0.2314751395371396,0.9174056403136,-8.674823913996502,3.9633009495017695,2453.775647625216,-19518.807567607106,-19496.58393092338,0.24707261330726935,0.930087057723817,-8.679037773662252,3.764427976350109,2456.2586670792575,-19506.484594011436,-19484.26095732771,-859.2300601794648,-99.41579534053979,0.03615159776974303,-19.7794172287322,1.7368785146535346,0.010058763766608624,2367.360486195324,-19951.632031957433,-19914.59263748456,-257.85401283670217,-250.44613394212865,-245.53103924103198,-238.12316034645846,-690.6784771870298,-668.4548405033056
129,12218,-0.9966965658003296,-0.12000995519727561,-8.305115722790937,8.332642057537418,2523.604876119797,-19266.497033779113,-19251.675702672692,0.21918895126833676,0.7709135542933542,-8.69895388865895,3.517118676979215,2465.3692041071026,-19549.748369344616,-19527.516372684986,0.23184035704530043,0.7654583471432518,-8.700728429317717,3.30166135395351,2468.128913615786,-19536.0793120188,-19513.84731535917,-22.036342501165247,-2.496746089727074,1.3668854808012867e-06,-12.96238797763974,1.7258330857185926,0.40052130415444553,2379.70776205568,-19977.824300751006,-19940.77097298496,-283.2513355655028,-275.84067001229414,-269.5822782396863,-262.1716126864776,-711.3272669718936,-689.0952703122675
130,12352,-1.094869454683191,-0.13102323901976753,-8.356299713503553,7.632233850127378,2691.9424502928664,-18814.95086316754,-18800.107716623013,0.22090746313922263,0.7795586715476243,-8.720207168289825,3.5288924170765683,2649.6935581913394,-19008.3476281045,-18986.082908287706,0.23311415011234055,0.7674979802025228,-8.725581684103137,3.2923697674836823,2651.9304448296407,-18997.92439726802,-18975.659677451225,-12.844820595951697,-1.508308320300463,0.06667249857205797,-11.655114673117142,1.3752966688149602,0.662994420000809,2558.836766232257,-19435.324074603817,-19398.216208242495,-193.3967649369588,-185.97519166469283,-182.973534100478,-175.55196082821203,-620.3732114362756,-598.1084916194814
131,12378,-1.0742190177811264,-0.1294711171584107,-8.296978054702318,7.723730372824995,2515.057346181654,-19721.891467533944,-19707.044115569344,0.22996420425332292,0.8675457924316793,-8.642478218073956,3.7725253599730335,2466.0894362909853,-19963.266875594763,-19940.995847647864,0.2451428930631304,0.874838704665916,-8.644901693391073,3.5686888317852365,2468.5558565687516,-19950.893401544006,-19928.622373597107,-28.169125175149865,-3.2045865268561142,1.0001837235542824e-06,-13.67579314585473,1.8105848495331902,0.31205273804263856,2384.4726221941282,-20375.8570648772,-20338.738684965705,-241.3754080608196,-233.95173207851985,-229.00193401006254,-221.57825802776279,-653.9655973432564,-631.6945693963607
132,12215,-0.9640011594803306,-0.11626325282749986,-8.291537833631939,8.601169980025443,2596.7028562065493,-18909.97713233169,-18895.156292364307,0.2103401055392108,0.7514437780442218,-8.726236791703736,3.572517833048917,2539.3568834082666,-19180.758292984665,-19158.527033033588,0.22046987275762292,0.7288996945041286,-8.73382262808228,3.3061192687558547,2542.1706636826507,-19167.230734884903,-19144.999474933826,-15.422192407482328,-1.7756908055963423,0.034826970226867905,-12.011284245359283,1.48373526175033,0.5631611071298886,2446.264111889688,-19632.97443424725,-19595.922334328792,-270.7811606529758,-263.3707406692811,-257.25360255321357,-249.84318256951883,-722.9973019155623,-700.7660419644853
133,12367,-1.027508690232542,-0.1232806505147933,-8.334711781142364,8.111573031325001,2738.0778590164678,-18642.65926026993,-18627.81368644245,0.2229166326351922,0.8776747452419371,-8.661831373265139,3.9372331030958576,2697.828806378451,-18823.800421898173,-18801.532061156948,0.23784741553601862,0.8912545935996801,-8.664251181297816,3.7471695523414765,2700.178846974423,-18813.032392005345,-18790.76403126412,-75.22737213224077,-8.837047878475596,0.05214426848038544,-15.394774368982233,1.6678814777665036,0.11315996176004667,2619.382750232445,-19184.73334269389,-19147.619408125178,-181.14116162824212,-173.71837471449908,-170.37313173541406,-162.95034482167102,-542.0740824239583,-519.8057216827292
134,12256,-0.9703187573849923,-0.11708395057588773,-8.287376302323196,8.540880240899046,2625.097471874561,-18881.240807904418,-18866.413266120457,0.219799162803206,0.8600355306457422,-8.67135700964273,3.9128244151492177,2570.017550339485,-19139.13296087092,-19116.89164819498,0.23446286703746497,0.8772677647021585,-8.67207075865228,3.7416064035503727,2573.3794408197373,-19123.111123293682,-19100.86981061774,-27.746129269219065,-3.2025024753220253,0.034296966507911884,-13.261749695542125,1.5833377645524858,0.31225580860775004,2478.020723724694,-19581.89580038051,-19544.826945920606,-257.8921529665022,-250.4783820745215,-241.87031538926385,-234.45654449728318,-700.6549924760911,-678.4136798001491
135,12193,-1.0669458829269793,-0.1287636470482032,-8.28608001859068,7.766167104801294,2662.7043262332727,-18547.89026590287,-18533.073031311753,0.23709260388361708,0.9956500146670018,-8.619626943345125,4.19941406167078,2632.1827246016946,-18686.461351596332,-18664.23549970965,0.2565966449574102,1.0413325801619593,-8.62043463002839,4.058247060614527,2634.2645655960787,-18676.82149870576,-18654.59564681908,-379.7931565073359,-46.76618923027594,0.08787033344794906,-17.824791544121776,1.5346506593931692,0.02138296954400147,2544.8653710542094,-19093.800571971355,-19056.757485493552,-138.5710856934602,-131.16246839789892,-128.93123280289,-121.52261550732874,-545.9103060684829,-523.6844541817991
136,12236,-1.051985259745121,-0.12627732053464633,-8.330753735438114,7.919078388471452,2541.037579273433,-19228.666338878196,-19213.842063467655,0.21959377279738107,0.7655021121977502,-8.704357352557158,3.4859918951530475,2486.036235617731,-19494.425803567185,-19472.18939045137,0.23296174043924975,0.7671877830982374,-8.704700236536235,3.2931921853421233,2488.851273907731,-19480.578329779393,-19458.34191666358,-7.6763282019780394,-0.8775911977998225,0.023694321559991034,-10.410250514073553,1.370592736616656,1.1394827141692672,2405.5072974949007,-19893.34202565187,-19856.281337125514,-265.7594646889884,-258.3473269837159,-251.911990901197,-244.49985319592452,-664.6756867736731,-642.4392736578593
137,12263,-0.969276478208794,-0.11730279407444111,-8.263029758640574,8.524946126734147,2560.6717359353656,-19203.745099481213,-19188.91641572569,0.2256404065862649,0.8772501328299401,-8.639580080705105,3.8878237550709134,2504.4211950868157,-19474.130523501986,-19451.8874978687,0.23937170351921938,0.8794368612904727,-8.642488355507629,3.673938265722631,2507.3366064782176,-19459.863395942757,-19437.620370309472,-1148.7074458075695,-131.76978156055733,0.016071105046871564,-20.50655216590184,1.7879555903545576,0.0075889933804013385,2414.8375241523845,-19916.81815829052,-19879.74644890171,-270.3854240207729,-262.9710821430126,-256.11829646154365,-248.70395458378334,-713.0730588093065,-690.830033176022
138,12123,-1.1720426828354042,-0.13983645250595964,-8.381524715706396,7.1512111618920065,2724.9522322080634,-18091.439305094693,-18076.6335855872,0.24408711757967402,0.9041586907135851,-8.675843084686713,3.7042458433655474,2689.1934274181467,-18249.57917621445,-18227.37059695321,0.2620558345117609,0.9310841677285047,-8.676588695486974,3.5529991898986633,2691.3063715054886,-18240.05767321477,-18217.84909395353,-10.445305141880015,-1.2497855012915338,0.08621801490366149,-11.64743235632224,1.4785800824015929,0.8001373027344257,2624.858187443887,-18539.130793426557,-18502.116494657825,-158.13987111975803,-150.73701136601085,-148.61836812007823,-141.21550836633105,-447.6914883318641,-425.4829090706262
139,12144,-1.039132461912396,-0.12541849603460156,-8.285320704417561,7.973305625703813,2600.046975803946,-18713.616520042626,-18698.807339043356,0.21608377106754417,0.8076448905208016,-8.666285858894808,3.737647147357241,2566.92147582568,-18867.329328032574,-18845.115556533667,0.22777886558230043,0.7943200619620788,-8.671663069579923,3.48724215449689,2569.131031632131,-18856.880506752048,-18834.66673525314,-13.983312767427051,-1.6673326692186654,0.07037471092063376,-12.01943273739073,1.3991042811960868,0.5997603348518407,2483.5288516205887,-19264.407257683004,-19227.384305184827,-153.7128079899485,-146.3082174903102,-143.26398670942217,-135.85939620978388,-550.7907376403782,-528.5769661414706
140,12117,-0.9254348860160712,-0.11180307475733703,-8.277365251579004,8.944297839486525,2497.3622670362906,-19133.278920957193,-19118.47419154873,0.19745186883777732,0.7047995295085325,-8.709739776843021,3.569475101233822,2445.946420322118,-19383.348262236326,-19361.14116812363,0.20633320096833999,0.6765030501653109,-8.711821874410504,3.2786921687368884,2448.2631518705853,-19371.876813024595,-19349.6697189119,-9.122769041589109,-1.0525670157793399,0.03698058525539099,-10.966033811825318,1.3633646250033153,0.9500582718332492,2365.371529703588,-19785.23174309226,-19748.2199195711,-250.06934127913337,-242.66697657490295,-238.59789206740243,-231.195527363172,-651.9528221350665,-629.7457280223716
141,12128,-1.2245680272168848,-0.1461376884837799,-8.37954972411379,6.842861758491493,2831.716447900537,-17637.7985130712,-17622.991968855436,0.238069490094144,0.883686495481299,-8.672355887149322,3.711884690187925,2826.62277123648,-17657.633940349926,-17635.424124026278,0.25849064694157947,0.931315382272666,-8.668795203916806,3.602897796465143,2827.3189434131227,-17654.647289044657,-17632.43747272101,-3.834623839462077,-0.5666633947656458,0.15786498894287826,-10.79447853269566,0.9893793183725846,1.7647160717229118,2754.664390965844,-17966.378857641717,-17929.362497102305,-19.835427278725547,-12.432155170841725,-16.848775973456213,-9.445503865572391,-328.5803445705169,-306.37052824686907
142,12194,-1.0436373577160736,-0.12586198698888126,-8.291918653789164,7.94521065433633,2532.680691876535,-19160.89183454519,-19146.074435932253,0.23453262203176511,0.9308106179191246,-8.622681819149323,3.968789543456584,2481.116320332197,-19409.71894829074,-19387.492850371338,0.2523823142591938,0.964035665259636,-8.6224078489682,3.8197433448905707,2484.1570980887614,-19394.7835175604,-19372.557419640998,-358.6954465832189,-40.788674685318206,1.0000000000000002e-06,-18.931982353847687,1.9088208610343185,0.02451660927242502,2400.6293123221794,-19807.848675974114,-19770.805179441773,-248.8271137455522,-241.4184144390856,-233.89168301521204,-226.48298370874545,-646.9568414289242,-624.7307435095208
143,12165,-1.1342712821703047,-0.13591609637563012,-8.345378600600249,7.357480288694496,2655.134193689355,-18511.9545322212,-18497.141895710763,0.2391909234261594,0.9824091336409877,-8.627627295089658,4.107217446084517,2631.117217321643,-18620.493553191805,-18598.274598426153,0.26062162774682085,1.0421545587510264,-8.625157603996623,3.998726305874432,2632.745545887229,-18612.967286446914,-18590.74833168126,-110.2751168435924,-13.636907753079253,0.0941109536319418,-16.01252417778189,1.5563361271147034,0.07333040731130538,2559.830968219072,-18950.6335639746,-18913.60197269851,-108.53902097060563,-101.13270271538931,-101.01275422571416,-93.60643597049784,-438.6790317533996,-416.460076987747
144,12240,-0.9399187976262386,-0.11282820322362526,-8.33053058341558,8.863032215606609,2574.0549042124967,-19080.936495037335,-19066.111565925203,0.2064675393533275,0.769726641676034,-8.717902304051227,3.728075822896316,2516.238458355746,-19356.99659142453,-19334.75919775633,0.21788989389708757,0.7645481454326648,-8.718496625541043,3.5088738250236218,2519.183336758221,-19342.6798897767,-19320.442496108502,-15.78737298636688,-1.7819963363113844,1.0721916988014476e-06,-12.034290424242329,1.5783407340425533,0.5611683815635303,2434.4821168870394,-19757.296768359156,-19720.234445578826,-276.0600963871948,-268.6476318311288,-261.7433947393656,-254.33093018329964,-676.3602733218213,-654.1228796536234
145,12441,-1.123981015395023,-0.13486298466667593,-8.334243960068266,7.414933033490069,2710.292428991795,-18955.349153490373,-18940.491647992545,0.22515863435821878,0.8638177633728988,-8.668404566366549,3.836485177817333,2678.0171076267793,-19102.391101686415,-19080.104843439673,0.2421729316151906,0.8902402921800568,-8.66927059045703,3.6760520106129624,2680.0441702291187,-19092.977739004997,-19070.691480758254,-355.12779419005375,-41.53092821965758,0.045733989695994834,-18.0133537126911,1.6775358402516822,0.02407844088412828,2590.607816104606,-19511.23460483076,-19474.090841086185,-147.04194819604163,-139.6131954471275,-137.6285855146234,-130.1998327657093,-555.8854513403858,-533.5991930936398
146,12204,-1.0538099771663243,-0.1264953930758865,-8.330817048286713,7.905426242678141,2562.641997231445,-19043.088026573005,-19028.26898848133,0.22986251552355713,0.9059331701030925,-8.654947263602867,3.9411957536427864,2514.910248416418,-19270.543242138738,-19248.314685001227,0.24600412406599226,0.9264780189974442,-8.656281568518521,3.76610767203606,2517.466661018434,-19258.144146188602,-19235.915589051092,-1101.3893435532095,-125.71493653589002,0.011824723106518461,-20.845888099147235,1.8636854823243403,0.0079545042741561,2440.4573967679225,-19633.293419741276,-19596.245824512094,-227.45521556573294,-220.04569651989732,-215.0561196155977,-207.6466005697621,-590.2053931682713,-567.9768360307644
147,12380,-1.050621847589115,-0.12652955623976064,-8.303370997352534,7.903291766115908,2540.0705255003886,-19604.563407850488,-19589.71573275801,0.22806271451226276,0.8867877001117126,-8.644390492360772,3.888350193534291,2492.2303179165774,-19837.954586303204,-19815.683073664488,0.2453169655124407,0.9146907426620297,-8.64464277407454,3.7286077656771077,2494.8757406275363,-19824.8205819933,-19802.549069354583,-209.11262831640798,-24.118010926547353,0.02474932226747369,-17.5495706301515,1.7969267435011624,0.04146278907682527,2404.092921281841,-20279.70083006163,-20242.581642330435,-233.3911784527154,-225.96734090647806,-220.25717414281098,-212.83333659657364,-675.1374222111408,-652.8659095724252
148,12198,-1.002876852396597,-0.12147332723464367,-8.255942890733472,8.23225989412764,2499.218297676097,-19333.4162342558,-19318.59817969009,0.2354886993681019,0.9525720795759591,-8.608861243228157,4.045086163930759,2448.412088584372,-19581.942597291778,-19559.715515443208,0.25359623960242433,0.9887757543516837,-8.608814241569847,3.899015836756245,2451.483477842584,-19566.65051174809,-19544.423429899518,-41.472908326168394,-4.724474213063729,1.0000000503390892e-06,-14.517053840237947,1.8227951249528365,0.21166376508837362,2361.680429698802,-20017.87902203263,-19980.833885618347,-248.52636303597683,-241.11733575311882,-233.23427749228722,-225.8252502094292,-684.4627877768289,-662.2357059282585
149,12257,-0.9964589386209632,-0.12069189449701569,-8.256220873603093,8.285560552077726,2364.7949247624365,-20163.740076451355,-20148.912371488674,0.23810740617856238,1.0246061967663274,-8.599876144215544,4.3031261110708625,2314.8068739253317,-20423.61143721113,-20401.369879767106,0.2601162558103531,1.0961476939850618,-8.596356863012794,4.214068400185827,2318.2640142534046,-20405.319389500874,-20383.07783205685,-1343.5204327133283,-152.67025756421555,1.0000000000000002e-06,-20.88401444884322,1.811856076308085,0.006550064275481975,2219.58531570341,-20934.477466209497,-20897.408203802792,-259.8713607597747,-252.45750827843221,-241.57931304951853,-234.16546056817606,-770.737389758142,-748.4958323141182
150,12348,-1.0086832737113274,-0.12263268925578356,-8.225239777686406,8.154432607395815,2534.659054428097,-19548.25505817044,-19533.4125593992,0.23386877691759592,0.9296747368092996,-8.597088245170672,3.9751981819140916,2484.3584267775095,-19793.76682666782,-19771.503078510952,0.2526362864157838,0.9734319593918325,-8.592305648833934,3.8530963750384513,2487.5112388811526,-19778.106348138786,-19755.84259998192,-86.48253453946518,-9.862376699461183,1.0000000000000002e-06,-15.98293456343566,1.8448272648558444,0.10139543747650945,2393.760898580789,-20248.479233418926,-20211.372986490816,-245.5117684973775,-238.09051911175266,-229.85128996834464,-222.4300405827198,-700.2241752484842,-677.960427091617
151,12382,-1.0021264631406086,-0.12096240700278002,-8.284610797448643,8.267031260191585,2609.747704151666,-19274.6533189707,-19259.80532080254,0.21891644137746633,0.8387957796242814,-8.655420567167319,3.831579639913793,2559.1396414949077,-19515.12293160194,-19492.850934349703,0.2321927791752592,0.8387461138693421,-8.659079510137753,3.6122833657813973,2561.7265483967994,-19502.612905838258,-19480.34090858602,-12.406249165780515,-1.4606811389551564,0.05798188011676754,-11.804104707310138,1.4622011842429252,0.6846121123432268,2475.2168700694147,-19923.977294998655,-19886.85729957826,-240.46961263124103,-233.04561354716134,-227.95958686755694,-220.53558778347724,-649.3239760279539,-627.0519787757185
152,12351,-0.9642293188789184,-0.11720268730746534,-8.227023978975787,8.532227570658305,2578.9613446186154,-19341.99247112131,-19327.149486500435,0.21696430627153254,0.8323452440312703,-8.632609116829563,3.836323395008503,2530.5924038922644,-19573.837797816133,-19551.573320884818,0.23084279904995236,0.8408516888716192,-8.631271922815374,3.642529428391077,2533.321495212277,-19560.52516619229,-19538.260689260973,-37.36584829459533,-4.256023748599131,1.0000210155598357e-06,-14.161336508813335,1.766493581260292,0.23496109492555103,2445.4973526604954,-19992.30262399204,-19955.19516243985,-231.8453266948236,-224.42383438438264,-218.53269507097866,-211.1112027605377,-650.3101528707302,-628.0456759394147
153,12291,-0.8417978088151588,-0.10213047201210529,-8.242376562358219,9.791397026750962,2545.6523104900734,-19347.938098211012,-19333.10485307858,0.20620755136408778,0.8378815127786836,-8.671326318105239,4.063292092049959,2478.3813795889073,-19675.1064443068,-19652.856576608156,0.21821884648942558,0.8427467138806527,-8.67149242296595,3.8619336846393346,2482.212849025449,-19656.119767292334,-19633.86989959369,-24.97111269310561,-2.8254185372347727,1.0000035075197126e-06,-13.126863100413468,1.6673756995439664,0.35392986448609365,2387.978087298412,-20127.82351297748,-20090.740400146406,-327.16834609578655,-319.7517235295745,-308.18166908132116,-300.76504651510913,-779.8854147664679,-757.6355470678245
154,12111,-0.9875299072477436,-0.11899561851730636,-8.298876206976647,8.403670760823543,2506.412878547979,-19073.99240958349,-19059.188670764448,0.217699324198019,0.812823919098875,-8.67836866151802,3.733699781077554,2448.217329099952,-19356.509592295246,-19334.303984066682,0.2303140334483624,0.8079991342247045,-8.679792663743758,3.508249680347255,2451.093356279412,-19342.290625012614,-19320.08501678405,-175.4923586440261,-19.88299956525601,1.0000000000000002e-06,-17.270900442732138,1.8491665984324501,0.05029422229367353,2363.364749346598,-19779.710512090343,-19742.701165042738,-282.5171827117556,-275.1153133022344,-268.29821542912396,-260.8963460196028,-705.718102506853,-683.5124942782895
155,12187,-1.0076173625872165,-0.12171921559083324,-8.278211108214707,8.215629678074517,2583.831425590979,-18899.21260461669,-18884.396354439043,0.21698108046939055,0.8351035502002765,-8.653454690842423,3.848739016294484,2540.9640142778862,-19101.098723669566,-19078.874348403097,0.23067669311070474,0.8419572163856386,-8.656141938651036,3.6499448862030133,2543.7975218063734,-19087.51619493973,-19065.29181967326,-6.424553043872713,-0.7447331472678239,0.04276467297072317,-10.254732136660124,1.2850538986254607,1.3427628455489924,2466.284465725621,-19460.646549176916,-19423.605923732797,-201.8861190528769,-194.4779939640539,-188.30359032304113,-180.89546523421814,-561.4339445602272,-539.2095692937546
156,12072,-0.9815113625910415,-0.11822259875212619,-8.302231324223783,8.458619676401042,2501.5881091022297,-18996.880703817555,-18982.083415816658,0.2167996670664582,0.8510148846053025,-8.71561053029767,3.92535143674566,2456.8341083969617,-19212.80686853802,-19190.610936536676,0.22790359072432992,0.8328760744172921,-8.7252418237987,3.6545105400499427,2459.5194388116142,-19199.619325503052,-19177.423393501707,-1701.0806694341165,-201.24162445490344,0.06619205516139381,-19.11860821284424,1.4279899515045185,0.004969150903589985,2348.53341025367,-19753.043058623338,-19716.0498386211,-215.92616472046575,-208.5275207200175,-202.7386216854975,-195.33997768504923,-756.1623548057833,-733.9664228044421
157,12098,-1.0967710940526425,-0.13191629572218494,-8.314144117285077,7.580564588517517,2625.90965642644,-18477.059386904635,-18462.257796047303,0.23954185727728963,0.8972346350534237,-8.662459778508422,3.7456277798447557,2579.064876725968,-18692.829308204324,-18670.626921918323,0.25718990415542525,0.9250432285420828,-8.663697526635989,3.596732272908581,2582.124346866587,-18678.486306042174,-18656.283919756173,-10.461845014122837,-1.2117095163601546,0.04296382506064661,-11.21156621011556,1.4247364378825278,0.8252803056328986,2487.1034212718505,-19128.085109039577,-19091.081131896244,-215.76992129968858,-208.36912587102051,-201.4269191375388,-194.02612370887073,-651.025722134942,-628.8233358489415
158,12266,-1.194735227644605,-0.14388183164178614,-8.303586450157688,6.950147830266988,2631.9055947794423,-18874.883486206025,-18860.054313233653,0.2583348274710059,1.076263339616387,-8.584345584530384,4.166156573438326,2617.713351763056,-18939.205434036634,-18916.961674578077,0.2851718997637161,1.1675813389625174,-8.580749719269619,4.094307117671609,2619.1249966680757,-18932.592575028084,-18910.348815569527,-99.9344916121928,-12.313118883336188,0.08787192819216343,-16.126309099516174,1.6367340089341353,0.08121419190984487,2537.5009205426895,-19316.94129974219,-19279.86836731126,-64.32194783060913,-56.90736134442341,-57.70908882205913,-50.2945023358734,-442.05781353616476,-419.8140540776076
159,12167,-1.0225137716564896,-0.12361910118954308,-8.271486864224054,8.089364753321712,2501.858200195784,-19240.466432086567,-19225.65346679099,0.22935298696613632,0.8929013781376013,-8.67344699380296,3.8931316742320736,2454.6892448432313,-19470.04779473869,-19447.828346795326,0.24653607390070612,0.9241630637554221,-8.675023099060386,3.7485916325885613,2458.023965121183,-19453.53001887051,-19431.310570927148,-13.692710749545736,-1.6099544940668131,0.06250696315659282,-11.776954174219863,1.3571404433779035,0.6211355685426597,2352.086274727666,-19985.54781400582,-19948.515400766883,-229.58136265212306,-222.17488000433514,-213.06358678394463,-205.6571041361567,-745.0813819192517,-722.8619339758916
160,12389,-1.1081892867480083,-0.13265437052836188,-8.353959860757655,7.538387133548662,2689.7750006072265,-18918.356927162655,-18903.507798640425,0.23986993350069966,0.9981896187754027,-8.651013529948363,4.1613786446999255,2657.515795884816,-19065.839777874557,-19043.56608509121,0.2596117628925878,1.0424236309152741,-8.654623501203224,4.015317408196824,2659.5018830613244,-19056.584350618192,-19034.310657834845,-525.2083390487135,-64.32517567103743,0.09135324438113694,-18.16679178270971,1.5182372413533114,0.015546012732465067,2572.8796390398315,-19462.822416416835,-19425.699595111255,-147.48285071190185,-140.0582864507851,-138.22742345553706,-130.8028591944203,-544.4654892541803,-522.19179647083
161,12272,-1.0097167052198919,-0.12132358552030528,-8.322509600170866,8.24242043054881,2427.4014761190083,-19882.762633680355,-19867.93248263314,0.22186011935260624,0.8027762071318146,-8.686933960766305,3.6183889627137003,2366.000327928063,-20195.176546229668,-20172.93131965885,0.23649812729601588,0.814176672000964,-8.68585209613014,3.44263475279823,2369.0393784897433,-20179.423675746464,-20157.178449175644,-18.732505049302215,-2.1234266901010197,1.010827350206576e-06,-12.679864306027186,1.7419291664190921,0.47093690809378785,2285.8948418194946,-20613.86522447438,-20576.789846856344,-312.41391254931295,-304.9988370257088,-296.6610420661091,-289.2459665425049,-731.1025907940239,-708.8573642232041
162,12362,-1.0705701085006798,-0.12834575470011753,-8.341297388465156,7.791453658412936,2605.5137039969195,-19243.60181234238,-19228.75704728194,0.2198802884336419,0.8357569144481458,-8.684101157642472,3.800963335103003,2566.5434712379692,-19427.894855168495,-19405.627707577838,0.23514856115139834,0.8510347768125093,-8.684056658880944,3.6191366540600605,2568.8580638167687,-19416.75142453262,-19394.484276941963,-86.97404152299512,-10.103964626895882,0.04054132341341456,-15.635074121166316,1.6870013187433182,0.0989710511592733,2487.404505278657,-19811.075678670783,-19773.963766019686,-184.29304282611702,-176.87066029589914,-173.1496121902419,-165.72722966002402,-567.4738663284043,-545.206718737747
163,12220,-1.0773736080099205,-0.12984279157431833,-8.297523450836024,7.701621228835244,2526.1442598375834,-19259.361418176897,-19244.539759711446,0.2529744383680399,1.1377840347067418,-8.598156680696954,4.497624511182575,2496.1960205255464,-19403.098983406075,-19380.866495707898,0.28079024030328903,1.2490815912654079,-8.594928447220774,4.448450878906053,2498.340787591505,-19392.603894005817,-19370.37140630764,-181.72673932448168,-27.079714619357905,0.13742230669138947,-15.913724264490487,1.1794357398261033,0.03692801102435367,2400.6568161514388,-19875.991912913858,-19838.93776675023,-143.73756522917756,-136.32673599645204,-133.24247582891985,-125.83164659619433,-616.6304947369608,-594.3980070387843
164,12295,-1.0431367984481235,-0.12523972231999095,-8.329120977950431,7.984687138198633,2581.5366847770656,-19186.132390190047,-19171.298494280745,0.21839796700476136,0.8352620473610364,-8.676411428280664,3.82449552446075,2540.3342101515314,-19381.948916149133,-19359.69807228518,0.23414632421191237,0.8592285563579497,-8.675902881937597,3.6696222298169046,2542.7198883034957,-19370.407856595564,-19348.15701273161,-10.458768458618882,-1.2264183382106648,0.05912423168812085,-11.309021345519584,1.3560215218717968,0.8153824586959394,2461.0505755351573,-19767.79052829587,-19730.70578852262,-195.816525959086,-188.39957800443517,-184.27546640551736,-176.85851845086654,-581.658138105824,-559.4072942418752
165,12286,-0.959529672112367,-0.11589465439622583,-8.279326403027046,8.628525665913418,2559.0400899323486,-19270.623012567234,-19255.790581203786,0.20281259473187485,0.6439390141716115,-8.737479657791317,3.1750445036360824,2492.231522632936,-19593.63342067928,-19571.38477363411,0.21159699117430283,0.6149923343728547,-8.737279407104602,2.906432321933422,2494.8996347220173,-19580.487414600964,-19558.23876755579,-6.0509802544660864,-0.6928102084308176,0.033657814473477085,-9.814030214875103,1.142890300385128,1.4433967453582313,2397.457573648233,-20065.95760379813,-20028.87652538951,-323.010408112048,-315.59419243032244,-309.8644020337306,-302.448186352005,-795.3345912308978,-773.0859441857247
166,12193,-0.9306117948526329,-0.1129397148349077,-8.23989857078156,8.854281254931214,2501.0372328584863,-19311.61993143703,-19296.802696845913,0.20921816629046802,0.729754507358141,-8.683758935634529,3.4880073766872917,2433.329131797402,-19644.259329987945,-19622.033478101264,0.2199052579232469,0.7136728889127187,-8.68395616272103,3.245365279814322,2436.2175311855626,-19629.79463324815,-19607.56878136147,-9.222207925735427,-1.0470941759256953,2.0706291990650266e-06,-10.879639239745078,1.513792558065204,0.9550239348012215,2348.1265339549323,-20074.848847181984,-20037.80576070418,-332.63939855091303,-325.23078125535176,-318.17470181112003,-310.76608451555876,-763.2289157449522,-741.0030638582684
167,12196,-1.0309773557221842,-0.12329894756374106,-8.361607102844138,8.11036930775939,2542.6979684793573,-19117.892768719037,-19103.07504210282,0.22936730278846496,1.040359480681967,-8.641685544042646,4.53577937236086,2509.944197732864,-19274.01621010951,-19251.789620185184,0.2509922073350467,1.1134610393569644,-8.641490919046953,4.436237487925742,2511.9031341261507,-19264.501309362622,-19242.274719438297,-944.5582739331122,-123.66139864221985,0.11580312676979734,-18.13049297338493,1.297504167827366,0.008086597846861042,2434.4354469812756,-19642.55084229721,-19605.506525756668,-156.12344139047127,-148.714578082363,-146.608540643585,-139.19967733547674,-524.6580735781718,-502.43148365384695
168,12073,-0.9996776646636001,-0.12030171376302327,-8.309754145587805,8.312433536648141,2474.1926722652624,-19132.39804532833,-19117.600591661663,0.23099433824513158,0.9865510872191833,-8.633805825075983,4.2708886058161895,2431.253655774091,-19341.761477805976,-19319.56529730598,0.24866572440024695,1.0211831164695813,-8.636475794813999,4.106650077860779,2433.5309865298377,-19330.458113630953,-19308.261933130958,-1006.7922929299139,-121.51557936389568,0.07528229828594242,-19.560958795707144,1.5938380534201442,0.008229397458620164,2349.4991024461797,-19750.71692767103,-19713.72329350437,-209.3634324776467,-201.9647056443173,-198.06006830262413,-190.6613414692947,-618.3188823427008,-596.1227018427053
169,11954,-1.0028905043497278,-0.12077945216675827,-8.303486117531422,8.27955403059219,2533.0805250611024,-18544.18250364178,-18529.40486118301,0.21848437732286208,0.8270325860909836,-8.65696394879655,3.7853168094890757,2482.846178276771,-18781.628370723236,-18759.461907035082,0.23274328961916785,0.8378119721956026,-8.654767134147793,3.5997255756180717,2485.4757818183434,-18768.974487209376,-18746.808023521222,-18.179749966826833,-2.06385439834269,1.0000015854576941e-06,-12.706654687655137,1.7528172651695744,0.4845303044647999,2413.493160673602,-19116.29011963281,-19079.346013485887,-237.44586708145653,-230.0570458520706,-224.79198356759662,-217.40316233821068,-572.1076159910299,-549.9411523028757
170,12259,-1.0531867637902985,-0.1271608486716991,-8.282319399341155,7.864055725058713,2650.4667227459163,-18770.960253218578,-18756.132221938387,0.2343792913039434,0.8962777737130403,-8.640736186845961,3.8240484845171157,2608.765930959159,-18963.36911620159,-18941.127069281305,0.2524851943066067,0.932485480201595,-8.638788097947907,3.6932283604290337,2611.277989498457,-18951.5702392267,-18929.328192306417,-8.541323779721049,-1.0077592264470459,0.06304838066114708,-11.040527407944872,1.3880871200152969,0.9923005155959705,2528.937593322683,-19340.35425901667,-19303.284180816194,-192.4088629830112,-184.99484734291764,-180.6099860081231,-173.19597036802952,-569.3940057980908,-547.1519588778065
171,12069,-1.0552256599262715,-0.12750720342711777,-8.275812123269029,7.842694162542691,2592.7069605988854,-18557.370019108195,-18542.57322818696,0.22170717765438472,0.8749514320069965,-8.6443467304037,3.946428082589831,2562.662710633514,-18696.042048876243,-18673.84686249439,0.23679796101545605,0.8883570470165599,-8.64503376343085,3.7515401028245168,2564.8984264708415,-18685.517413312024,-18663.32222693017,-16.534995813293726,-1.9595267646131922,0.062198836310520894,-12.368184647009649,1.4482515468836281,0.5103272984369768,2475.0566928998696,-19111.84456055959,-19074.852583256503,-138.67202976804765,-131.27363430742844,-128.1473942038283,-120.74899874320909,-554.4745414513964,-532.2793550695424
172,12151,-1.0296024327420665,-0.12362332836215538,-8.328544833591918,8.089088145810903,2579.4637695877623,-18827.98353824068,-18813.173204740866,0.23491593716606615,0.9155586375992353,-8.670224054039387,3.897388353656104,2516.678863926337,-19125.401370838365,-19103.185870588637,0.25192329360491955,0.9447132135199192,-8.67284469213304,3.750003423667016,2520.4157843413113,-19107.37219669589,-19085.156696446164,-29.530042368073953,-3.339607751548327,1.0000076334603777e-06,-13.361168266842718,1.6904825467178681,0.299436363308348,2420.286350008242,-19595.94970300612,-19558.923869256578,-297.4178325976827,-290.01266584777113,-279.3886584552092,-271.98349170529764,-767.9661647654393,-745.7506645157118
173,12110,-1.020167604962629,-0.12255123709750301,-8.32441702853618,8.159852349792192,2542.812438914214,-18896.813647413703,-18882.01007374061,0.2206726661075234,0.7669331589314132,-8.71501534001394,3.475433421181955,2478.456172217476,-19205.25195644291,-19183.04659593327,0.23337561806659812,0.7633185180273351,-8.717142498333784,3.2707723469617456,2481.6598288471664,-19189.608658111963,-19167.403297602323,-9.554196062674434,-1.0846257546710396,0.01106727200153129,-10.843992673472123,1.4497535093805891,0.921977000539964,2393.5700063195477,-19623.283969292235,-19586.2750351095,-308.4383090292067,-301.0365221926586,-292.79501069826074,-285.3932238617126,-726.4703218785326,-704.2649613688882
174,12072,-1.0695420172997878,-0.12759434107701845,-8.382362479964462,7.837338173143435,2659.247532145947,-18259.071133648886,-18244.27384564799,0.22575419791852916,0.8797574217917576,-8.689150649955021,3.896970377087947,2622.8036169367047,-18423.657148570735,-18401.46121656939,0.24263011046213928,0.9112601373668459,-8.688820426023995,3.7557586551445006,2625.1053771293646,-18413.067463856678,-18390.871531855333,-139.14581810234841,-16.47986122230746,0.06623119850171595,-16.47052336640189,1.6539149488093385,0.060680122636371514,2556.375398220556,-18729.34539534896,-18692.35217534672,-164.5860149218497,-157.18737092140145,-153.9963302077922,-146.59768620734394,-470.2742617000731,-448.078329698732
175,12168,-1.0747497508626953,-0.12886856415671347,-8.339890786365261,7.759844354158613,2564.362324365978,-18942.7893166298,-18927.976186961925,0.2250218931233951,0.8313246459834721,-8.692024758213424,3.6944167273874955,2520.8254211326744,-19149.147398679095,-19126.927704177277,0.23920581808392144,0.8352346598507527,-8.696435701646278,3.4916987661133074,2523.3474544553073,-19136.97965392334,-19114.75995942152,-93.74943221857207,-10.780759158987927,0.02654142488105484,-15.907668467992357,1.7599268231275857,0.09275784620105341,2443.557534119132,-19523.954428734996,-19486.9216045653,-206.35808204929344,-198.9515172153515,-194.1903372935376,-186.78377245959564,-581.1651121051946,-558.945417603376
176,12193,-0.9451154454424258,-0.11395991816399435,-8.293402282742557,8.775015076449485,2432.159813283099,-19652.11999520796,-19637.30276061684,0.21783382537962495,0.8868917809445622,-8.667964139612847,4.071414434369647,2379.083803640905,-19919.148999531168,-19896.923147644487,0.23345657487056384,0.9128470271097924,-8.66954520609482,3.910136296722015,2382.0986701762076,-19903.707342850168,-19881.481490963488,-702.6541828716838,-79.61323411608865,1.0000000000000002e-06,-19.66581962740793,1.8093824053112635,0.012560725752477814,2292.2418194047546,-20368.547630776262,-20331.50454429846,-267.02900432320894,-259.62038702764767,-251.58734764220935,-244.17873034664808,-716.4276355683032,-694.2017836816194
177,12088,-1.0732805076124392,-0.12838406956713083,-8.359919663173091,7.789128381517065,2487.586176833874,-19105.923933257054,-19091.12399624915,0.21669971546179956,0.7809045098758791,-8.733145286004765,3.6036249895932104,2444.364224424779,-19315.799679886903,-19293.599774375045,0.23111619465597802,0.790117907144511,-8.735292679679612,3.4187042077281533,2446.5614604848256,-19304.9386719748,-19282.738766462942,-6.384077440626959,-0.776372014292115,0.10485152736628353,-10.503914812037804,1.0424195868502155,1.288042306511764,2351.311989370842,-19780.954209848176,-19743.954367328413,-209.87574662984844,-202.47577812589589,-199.0147387177458,-191.61477021379324,-675.030276591122,-652.8303710792643
178,12148,-1.0233167350601005,-0.12264740801119592,-8.343565931427483,8.153454004578023,2657.9106210010723,-18456.394950071634,-18441.585110419303,0.23498214164649892,0.8871940707095932,-8.678190510153781,3.7755808356035208,2589.317471689229,-18772.016761875904,-18749.802002397406,0.25068896805704777,0.9024975801618603,-8.679949197100825,3.600068990496959,2592.8208068215727,-18755.591680419584,-18733.376920941086,-12.329923114423691,-1.395520073306191,1.0000409640081138e-06,-11.646514020981465,1.6676701604108217,0.716578728696359,2513.618709766728,-19128.45866839069,-19091.43406925986,-315.6218118042707,-308.2168919781034,-299.1967303479505,-291.7918105217832,-672.0637183190556,-649.8489588405573
179,12117,-0.9995610820611048,-0.12026888777434573,-8.311052846323227,8.314702318327313,2634.2047769324618,-18486.882260385803,-18472.077530977338,0.22692662118475643,0.8952354647256134,-8.68327225202409,3.9450438210012444,2582.732818899013,-18723.990335808485,-18701.78324169579,0.24307690399336562,0.9198164919369526,-8.685596569351,3.7840554854280084,2585.5998739265865,-18710.54688648067,-18688.339792367977,-146.0519500078491,-17.08486938924552,0.05207315352895889,-16.19061375714254,1.6003866223109355,0.058531322494597124,2492.0509110039134,-19153.076634258603,-19116.064810737444,-237.1080754226823,-229.70571071845188,-223.66462609486916,-216.26226139063874,-666.1943738728005,-643.9872797601056
180,12314,-1.0293846506893096,-0.12454417904221177,-8.265216878104116,8.029279310284505,2609.7564461642,-19100.92379835242,-19086.08681414148,0.23727877973011585,1.001593345090159,-8.605403822252955,4.2211669590908425,2568.7323791988924,-19294.03126924865,-19271.77579293224,0.25592505498073215,1.0414517424057577,-8.607725644918458,4.0693621907560615,2571.3383328718364,-19281.54517009726,-19259.289693780847,-384.63374209678653,-46.645693450441826,0.07715042767444595,-18.141193298730116,1.619246756100806,0.021438206317212077,2479.4693087576393,-19725.552706552226,-19688.46024602487,-193.10747089622964,-185.6889787907603,-180.62137174483723,-173.2028796393679,-624.6289081998038,-602.3734318833922
181,12110,-0.9656320181742271,-0.11612874602753222,-8.315185095904605,8.611132335510765,2518.0238218870327,-19015.44722394098,-19000.643650267888,0.22217863362854154,0.8219253077672409,-8.690480955739964,3.699389515291603,2454.4009769995955,-19323.36229877035,-19301.15693826071,0.23512316211939818,0.8186569558272301,-8.694271304414352,3.481821818181855,2457.251170232553,-19309.307621081156,-19287.102260571515,-14.272008864822674,-1.624639182238166,0.009017338777568547,-12.094179583032764,1.7003931195107969,0.6155212867772653,2381.8691126798903,-19682.62850369495,-19645.61956951221,-307.9150748293687,-300.51328799282055,-293.86039714017534,-286.4586103036272,-667.1812797539678,-644.9759192443234
182,12241,-1.0366365402061946,-0.12464836896247933,-8.316487001271831,8.022567870912232,2578.637232924375,-19061.72372625951,-19046.89863375536,0.2204322617341672,0.8284230375242759,-8.69123601458188,3.7581751010808127,2534.1269091219197,-19272.862695256517,-19250.625056500292,0.23539281642431442,0.8450093080205991,-8.691266329704627,3.5897837532025707,2536.838144027397,-19259.773182987155,-19237.53554423093,-15.754818125854587,-1.8388445476982027,0.05262241739535372,-12.089011111152802,1.4385514617199253,0.5438197596701487,2439.11541790704,-19736.63688146211,-19699.57415020173,-211.13896899700558,-203.72642274493046,-198.0494567276437,-190.63691047556858,-674.9131552025974,-652.6755164463684
183,12149,-1.039580755907812,-0.12533867218303238,-8.29417399914457,7.978383547415418,2456.265278931891,-19417.450259793884,-19402.640255512175,0.23756747985223706,0.9394904356678679,-8.64591263787909,3.954625592072682,2410.217421438462,-19645.370780306574,-19623.15577388401,0.25596703520119346,0.9751080057247025,-8.646414623483304,3.8095061926949096,2413.203161364124,-19630.33010186388,-19608.115095441317,-77.00609003650365,-8.766828012323538,0.006607353978286362,-15.557892360092277,1.788993648947733,0.11406634173663485,2318.001915648165,-20115.320138679795,-20078.29512797552,-227.9205205126891,-220.51551837183433,-212.8798420699968,-205.47483992914204,-697.869878885911,-675.6548724633467
184,11966,-0.9791051517089743,-0.1179723877775848,-8.299443371061512,8.476559802157398,2509.87360462355,-18684.940343195565,-18670.160694047667,0.22376963025012028,0.7824702208555545,-8.716507148029468,3.496766831052731,2437.305373017556,-19034.01466327492,-19011.84518955307,0.2363975692250762,0.7785594104309885,-8.71846056039142,3.293432385887671,2441.131622584885,-19015.244343292423,-18993.074869570573,-18.928512676237695,-2.134800264580349,1.0000898724279681e-06,-12.2507251261649,1.5667345729420783,0.4684278977249313,2334.5569635898564,-19545.401505431397,-19508.452382561645,-349.07432007935495,-341.6844955054039,-330.30400009685764,-322.9141755229066,-860.4611622358316,-838.2916885139784
185,12290,-1.1004087240088771,-0.13135345850271812,-8.377462889461004,7.613046595033558,2706.6628915262477,-18591.62357527765,-18576.79049287253,0.22412745078272456,0.8634130300711796,-8.703674411820142,3.852330569307177,2677.026406803332,-18724.93453261758,-18702.6849090099,0.23945729674858335,0.8785782571944479,-8.708850464306991,3.6690394033676306,2679.202818593858,-18714.946871054915,-18692.697247447235,-35.345851309974975,-4.332529510104909,0.09927685059372862,-13.64268637338979,1.3996649799320733,0.23081204586550774,2595.0464238676054,-19103.180848638007,-19066.098142625207,-133.3109573399306,-125.89441613736926,-123.32329577726705,-115.9067545747057,-511.5572733603585,-489.3076497526781
186,12471,-1.0533798176816151,-0.1273531439925418,-8.27132950673997,7.852181490380506,2684.4672403483873,-19150.50398122757,-19135.64165877173,0.2244100798793503,0.9153933413506976,-8.627593935567763,4.079109734477351,2657.3051351775716,-19275.33137455585,-19253.03789087209,0.24362381720482346,0.9652274724685778,-8.626818360512765,3.9619585783645928,2659.404134266615,-19265.484449447544,-19243.19096576378,-6.358658429930452,-0.7963273220227789,0.10466945168377119,-10.763079027208654,1.0839988418947495,1.2557650256930342,2568.5332994885034,-19695.064362647332,-19657.90855650773,-124.82739332827987,-117.39623210036007,-114.98046821997195,-107.54930699205215,-544.5603814197602,-522.2668977360008
187,12095,-1.0594340758966454,-0.12727830098493567,-8.323760355836596,7.856798780794201,2586.22579852281,-18653.656913739305,-18638.85581889322,0.23043189475511397,0.9164850757108546,-8.669364413305393,3.97724922882237,2545.59058466042,-18843.204368767238,-18821.002726498104,0.2489185496677457,0.9582421989021391,-8.667486268637548,3.8496214933808366,2548.2250543764185,-18830.693545324062,-18808.491903054928,-1093.38750601223,-126.09550524859411,0.030975728653740223,-20.06783700830769,1.7158424820194496,0.007930496793113483,2458.778683494341,-19258.87575210361,-19221.87301498839,-189.5474550279323,-182.1469076048852,-177.03663158475683,-169.63608416170973,-605.2188383643042,-583.0171960951702
188,12302,-1.0123662073975297,-0.12167136768060098,-8.320496651727366,8.218860517990526,2565.3194296348947,-19281.585162833053,-19266.750128573516,0.22483819948640318,0.8190462042524923,-8.684104048945954,3.642824956450619,2506.1311844009765,-19566.748308252663,-19544.495756863358,0.237964410778261,0.8163908937076415,-8.685460013893113,3.430726851286882,2508.914862891142,-19553.091477994276,-19530.83892660497,-21.392523500207098,-2.423583123160337,1.0000000000238173e-06,-12.843597947126915,1.7291263052359152,0.412612214717854,2422.297735729729,-19981.307077764966,-19944.219492116124,-285.1631454196104,-277.745628289842,-271.50631516122303,-264.08879803145464,-699.7219149319135,-677.4693635426083
189,12033,-0.9458123769522528,-0.11434029513576692,-8.271907780447842,8.745823148458788,2412.958817146672,-19330.614244561162,-19315.823428252286,0.21936771060411564,0.7982855189779045,-8.687312012075143,3.6390292663378303,2344.39534996387,-19675.479876297286,-19653.29365183397,0.2316589781356144,0.7923449782025351,-8.686886534746932,3.420307663356316,2347.728880725009,-19658.38212678109,-19636.195902317773,-30.462841606068864,-3.449105727903992,1.0000000000000002e-06,-13.554586116700909,1.7189176754017588,0.28993022507538385,2252.5292418893846,-20152.484969870056,-20115.507929097865,-344.86563173612376,-337.47022358168397,-327.76788221992683,-320.37247406548704,-821.8707253088942,-799.6845008455784
190,12185,-0.9954613370468681,-0.120118151807702,-8.287351429120465,8.325136417357696,2521.6363644330677,-19191.001808290603,-19176.185886358486,0.2224736379430916,0.8551169101195134,-8.65740239254641,3.8436774712977497,2466.7356156315113,-19457.222638087125,-19434.998755188946,0.23525195890052922,0.8482326317420338,-8.661641670896378,3.6056347233252546,2469.4153777419524,-19443.992530431417,-19421.768647533238,-60.447764976503876,-6.860663765837596,1.0000000000000002e-06,-15.337320820003661,1.8643248597332505,0.14575849132549834,2386.9701213000426,-19853.753743263424,-19816.713938433128,-266.2208297965226,-258.8128688304605,-252.9907221408139,-245.5827611747518,-662.7519349728209,-640.5280520746419
191,12348,-1.0990267531400342,-0.13197351844243488,-8.327630922558265,7.577277712999574,2625.7133976787864,-19112.450957686695,-19097.608458915453,0.2555682658272944,1.1266192404177602,-8.599671981239132,4.408290821126816,2590.5876128836035,-19276.752613127435,-19254.488864970568,0.2816132983167099,1.2217646722583413,-8.597141751060033,4.3384480760007005,2593.106804684204,-19264.750754878485,-19242.487006721618,-1121.5375573344725,-140.6212873095732,0.10255317948400228,-19.91389825831471,1.5821838921752256,0.007111298859030727,2512.8858473392315,-19648.784958923017,-19611.678711994908,-164.30165544074043,-156.8804060551156,-152.29979719179028,-144.87854780616544,-536.3340012363224,-514.0702530794551
192,12314,-0.9826569592347361,-0.11856608881142439,-8.2878415665513,8.434114762699716,2746.339807358694,-18472.760248982195,-18457.923264771252,0.2099735787637898,0.7605864076728817,-8.707556765515433,3.622295777167778,2699.3689847323967,-18683.18918192427,-18660.93370560786,0.2218652462353124,0.7565518030385575,-8.708647376180963,3.409960847298055,2702.2206640546906,-18670.187238155733,-18647.93176183932,-8.396177617576745,-0.9782279784588225,0.05923146337894757,-10.682452111261751,1.213827287021806,1.0222565925536897,2601.817750290553,-19132.439210362154,-19095.3467498348,-210.42893294207533,-203.010440836606,-197.42698917353846,-190.00849706806912,-659.6789613799592,-637.4234850635476
193,12108,-0.9762299538454453,-0.11769434978154533,-8.294620393055775,8.496584601181947,2427.47570992282,-19453.731278279807,-19438.928034939523,0.22265817523631568,0.8701840895786757,-8.666495447984623,3.908161416732693,2370.9152884650293,-19737.18750862936,-19714.982643618932,0.2390345590665318,0.8993972709496184,-8.665418816426381,3.7626244274547944,2374.227163946366,-19720.285931809867,-19698.08106679944,-36.75535781233988,-4.165822091474471,1.0000000000000002e-06,-13.96395159705065,1.7215863242065388,0.24004865739382913,2276.549503260543,-20224.955833978547,-20187.94772562784,-283.45623034955133,-276.0546086794093,-266.55465353006,-259.153031859918,-771.22455569874,-749.0196906883175
194,12239,-0.9715892900978982,-0.11710546848561085,-8.296702986310846,8.539310870208196,2676.8062115525854,-18599.319197089004,-18584.494431382238,0.22455233838211475,0.8746363528501377,-8.673251308936486,3.8950222435973583,2618.60885901085,-18866.346673646327,-18844.10952508618,0.23871881762816288,0.8850544595751665,-8.673682707399562,3.7075186127712794,2621.697828321169,-18851.917785406196,-18829.68063684605,-1254.2888642155226,-144.84533169773619,0.033919869922301095,-20.418028270908685,1.7367237952464503,0.006903915979058296,2536.66721365139,-19251.45028442098,-19214.388370154065,-267.0274765573231,-259.61509370394197,-252.59858831719248,-245.18620546381135,-652.1310873319744,-629.8939387718274
195,12110,-0.9171160892206619,-0.1112288572606553,-8.24530712449449,8.990472658157277,2573.03894416695,-18753.710491862974,-18738.90691818988,0.20532190643674608,0.8017241902530468,-8.690539836420713,3.904718225963071,2527.6011024800937,-18967.474323057268,-18945.268962547627,0.21735369364381693,0.8034154124304834,-8.693488335125377,3.696350399947934,2530.5771858885832,-18953.223985413573,-18931.018624903933,-6.901933432184552,-0.8174443556357718,0.07372523453275348,-10.464287603716064,1.071485788092409,1.2233248576562066,2433.938913051323,-19420.745200642334,-19383.736266459597,-213.76383119429374,-206.36204435774562,-199.51349355059938,-192.11170671405125,-667.0347087793598,-644.8293482697154
196,12134,-1.0094762187441524,-0.1215520488763712,-8.304888548368904,8.226928375490283,2607.876960768657,-18651.721215456928,-18636.91368203992,0.21810373224609136,0.7525593490756869,-8.71086770396347,3.450465250299143,2549.4314194208646,-18924.751718966734,-18902.54041884123,0.23060403047847275,0.7494209569853189,-8.712240289748712,3.249817253542229,2552.4567546806006,-18910.361194873836,-18888.14989474833,-6.431387942324371,-0.7433150346397133,0.050215955800876136,-10.082784980493603,1.2007459305954173,1.3453245977793287,2462.044187109165,-19343.96605812416,-19306.947224581647,-273.0305035098063,-265.62673680130683,-258.6399794169083,-251.23621270840886,-692.2448426672308,-670.0335425417252
197,12053,-1.0465092449298516,-0.12590142868937107,-8.312131608226942,7.942721622859731,2469.714289297422,-19102.54962943358,-19087.755491692402,0.2367672110469674,0.9195008727356477,-8.648230215109185,3.88356507925942,2415.3909651059776,-19368.624106143954,-19346.43289953219,0.2536501956303689,0.9425391890452637,-8.651282078560241,3.7159016838243506,2418.518638672745,-19353.02685346407,-19330.835646852305,-33.94769376825257,-3.853531073358025,1.0000000562341103e-06,-13.951630692170404,1.7935891874718688,0.25950225415688294,2330.036866514366,-19798.25578297063,-19761.27043861769,-266.07447671037517,-258.6774078397866,-250.47722403049193,-243.08015515990337,-695.7061535370522,-673.5149469252865
198,12423,-1.0150124368042641,-0.12261788484711765,-8.27784982647353,8.155417142016594,2574.3601444853684,-19549.163179183066,-19534.30856943864,0.2190178186543367,0.7882236622014056,-8.677915041347662,3.5989019845248937,2519.8490474151417,-19813.040445682494,-19790.758531065854,0.23019599135366123,0.7708254244749522,-8.682999697870128,3.3485614581823704,2522.862273267926,-19798.19394472542,-19775.91203010878,-14.798937478143952,-1.6779638932033405,1.0000189144347278e-06,-11.87936829885189,1.5849349766319645,0.5959603803458107,2429.328743723894,-20263.523674816515,-20226.387150455448,-263.8772664994285,-256.4499616272151,-249.03076554235304,-241.6034606701396,-714.3604956334493,-692.078581016809
199,12326,-0.9847749352759738,-0.11929587633049002,-8.2548950187332,8.38251941944465,2601.015178234735,-19172.902110589017,-19158.063178325974,0.22393885905420782,0.9040940878622716,-8.63189138318738,4.03723628708594,2563.06527358291,-19352.068515741743,-19329.810117347177,0.24081344384493802,0.9376659201264387,-8.630245304000807,3.8937440748956287,2565.771733892405,-19339.059783811797,-19316.80138541723,-14.521702780855206,-1.7184735340824016,0.05869880736746466,-12.154690009779413,1.4492109908017645,0.5819117840147369,2477.081696169515,-19768.66593704525,-19731.56860638764,-179.16640515272593,-171.7469390212027,-166.15767322278043,-158.7382070912572,-595.7638264562338,-573.5054280616641
200,12093,-1.0664077956109155,-0.12781997020506244,-8.343045252632043,7.823503623069957,2500.7581098787227,-19054.965169753817,-19040.16440565025,0.23911316113728415,0.9305553403643213,-8.651620062497274,3.891694359015451,2452.4055880340834,-19289.07512184337,-19266.873975688013,0.25748844980132896,0.9633946434168417,-8.651033685356447,3.7415062468245495,2454.8673229797123,-19276.942206582884,-19254.74106042753,-361.9609573459922,-42.651421755989276,0.054381154216764184,-18.66095567610551,1.7822553556692753,0.023445877272768197,2379.422992986886,-19650.421547376893,-19613.419637117968,-234.10995208955137,-226.70957003776493,-221.9770368290665,-214.57665477728005,-595.4563776230752,-573.2552314677196
201,12287,-0.9184107319094293,-0.11132083116711003,-8.250124637775572,8.98304467830323,2489.5061637795216,-19611.672440908107,-19596.83984676437,0.21520321596398018,0.8844892220550042,-8.64195372426117,4.110018607728643,2434.7308664221764,-19883.035333627755,-19860.78644241215,0.22866739208115203,0.8919303177194648,-8.645699854223311,3.9005575285650114,2437.708536234577,-19868.017544583632,-19845.768653368028,-299.819931396444,-34.060551555662606,1.0000000000000002e-06,-17.98991236977761,1.7720050161382375,0.029359477587019546,2349.35821393557,-20317.60791568448,-20280.526430325142,-271.3628927196478,-263.94659564777976,-256.345103675525,-248.928806603657,-705.9354747763718,-683.6865835607714
202,12184,-1.0719137635318736,-0.1280542578769588,-8.370777991324774,7.809189765176353,2589.673458517621,-18864.042803382246,-18849.227045593096,0.22889457421459083,0.9138917638677994,-8.694189231530423,3.9926318349993615,2543.580262854658,-19080.857076277858,-19058.633439594134,0.24546678709593378,0.9397802005309511,-8.69660907345426,3.8285432080213138,2546.3035470546065,-19067.819254945385,-19045.59561826166,-1184.7656725004636,-141.08707507631493,0.0734423889237541,-19.18738346480356,1.5178091296131944,0.007087821470953972,2456.8190684132696,-19499.705102112133,-19462.66570763926,-216.8142728956118,-209.40639400103828,-203.77645156313883,-196.36857266856532,-635.662298729887,-613.4386620461628
203,12215,-0.9664710295774226,-0.11678984268065941,-8.275300380531053,8.562388449604459,2478.217993830488,-19480.45130931149,-19465.63046934411,0.2280067383564352,0.9416609266843823,-8.644685331780698,4.129969725773261,2428.8162035973282,-19724.409756744662,-19702.178496793586,0.24527274441701985,0.9776773911335463,-8.6460131054281,3.986082487303485,2431.9505956262738,-19708.65643817511,-19686.42517822403,-994.9811821435043,-114.91751312735633,0.0310666699650011,-19.472185108129285,1.64644077055624,0.008701893843558543,2332.7328970039034,-20213.449692083734,-20176.397592165275,-243.9584474331714,-236.54802744947665,-228.20512886361757,-220.79470887992284,-732.9983827722426,-710.7671228211657
204,12253,-1.0415582141020159,-0.12553710775213744,-8.29681544168188,7.965772176099649,2585.527198376542,-19059.724338315278,-19044.897286147378,0.23147624358093416,0.9360411858194116,-8.633933546179465,4.043789424516607,2541.6270285222013,-19267.556889938525,-19245.316311686678,0.24989705050884323,0.9766309520725889,-8.635099050068902,3.9081331695750783,2544.5366308289003,-19253.537930525974,-19231.297352274127,-196.41208375145573,-22.326898749373225,1.0000000000000002e-06,-17.62217564255581,1.871706978008973,0.04478902382392327,2462.270420401946,-19652.2291437389,-19615.16151331915,-207.83255162324713,-200.4190255393005,-193.8135922106958,-186.40006612674915,-592.5048054236213,-570.2642271717741
205,12307,-1.0284964816201823,-0.1237831971205565,-8.308853750307449,8.078640908152238,2592.8124213189485,-19163.23000001126,-19148.394153040914,0.22160233073169963,0.8425312126555742,-8.674625549748505,3.801996169776983,2545.996725102651,-19385.475227814455,-19363.221457358937,0.2357231413452878,0.8477892334724155,-8.677663307775749,3.596546476659124,2548.5530492377648,-19373.124505899956,-19350.870735444438,-515.0385954831581,-58.875876887826635,0.013763237100159689,-19.06935688217789,1.7929469398488656,0.016984885030336818,2460.058762888225,-19804.06040167721,-19766.970784251345,-222.24522780319603,-214.82730431802338,-209.89450588869659,-202.47658240352393,-640.8304016659495,-618.5766312104315
206,12080,-1.0331092542227431,-0.12441953435911403,-8.303432893751747,8.037323119323727,2569.7443813292066,-18692.756713654122,-18677.958100711145,0.221355717530004,0.8467255253230752,-8.658599564123161,3.8251802789250497,2533.4008751107294,-18862.821961960533,-18840.624042546067,0.2367021372876208,0.8638521829342618,-8.656877779458657,3.6495326693420616,2535.6181677837853,-18852.25388282247,-18830.055963408005,-30.638030166938144,-3.628052003723417,0.06071248592423885,-13.73222335807562,1.5885273305438745,0.27563000722528636,2457.8540049033654,-19224.531954518483,-19187.53542216104,-170.06524830641138,-162.6659418349227,-159.4971691683495,-152.09786269686083,-531.775240864361,-509.57732144989495
207,12215,-1.0215705751038988,-0.12348655134253363,-8.27272738607957,8.098047837016246,2474.9592979794356,-19496.523811149607,-19481.702971182225,0.21969014621483682,0.8392105144859815,-8.689993851228312,3.8199733986489797,2434.9640554433563,-19693.530051538553,-19671.298791587476,0.2351570289742675,0.8603948527700493,-8.691709498411468,3.6588098451618034,2437.92884689984,-19678.666218971153,-19656.434959020076,-5.034454128146393,-0.6011287531051646,0.08857506720092724,-9.928315147638987,0.9227344116132228,1.6635371288337872,2331.7581006167225,-20218.555131476296,-20181.503031557837,-197.00624038894603,-189.5958204052513,-182.14240782154593,-174.7319878378512,-722.0313203266887,-699.8000603756118
208,12180,-1.1358661026121284,-0.1363564188977331,-8.330125650073171,7.333721493155354,2500.3442065477393,-19281.408321498446,-19266.593220415918,0.24403413426641318,0.9249382236243019,-8.657893592396597,3.7902001963977,2459.6432835194382,-19479.30736193584,-19457.084710312047,0.2619685481567192,0.9476836933514721,-8.660676039314941,3.617547602640195,2461.8729605796307,-19468.271141753194,-19446.0484901294,-172.04296988456602,-20.099177212441308,0.045761543644658786,-17.164428204130342,1.7762729341962618,0.049753280416921945,2375.201261531255,-19900.805395861677,-19863.767643155355,-197.89904043739443,-190.49148989612877,-186.86282025474793,-179.45526971348227,-619.3970743632308,-597.1744227394374
209,12248,-0.9765746094001206,-0.11768082102234512,-8.298502686471652,8.49756138096726,2520.515034959987,-19358.855836039518,-19344.029600164842,0.21819105057114185,0.8628816717413327,-8.667003667567268,3.954706984922773,2464.222289125003,-19633.501451829798,-19611.262098017785,0.23219238422739047,0.8721975549613212,-8.6693822953749,3.756357289079565,2467.257525024558,-19618.42460861315,-19596.185254801137,-168.6182823808877,-19.10901229114748,1.0000000000000002e-06,-16.96144982212907,1.7875785840280298,0.05233132852519354,2378.12226393981,-20065.10212040203,-20028.03653071534,-274.6456157902794,-267.2324978529432,-259.5687725736316,-252.15565463629537,-706.2462843625108,-684.0069305504985
210,12215,-1.0547797796696607,-0.12702620872633127,-8.303638991084958,7.872391139016258,2574.808102681418,-19013.407643987513,-18998.58680402013,0.235003253436544,0.9050064726617861,-8.642210783493447,3.8510380576759022,2529.7517688045955,-19227.04911977487,-19204.817859823794,0.25259085488427946,0.9361181775596091,-8.639362128558876,3.7060652017210876,2532.5725152060572,-19213.43662917701,-19191.205369225932,-185.29802755451584,-21.113328298086564,0.006664793063591965,-17.54893726654763,1.8756429132280312,0.047363446723396374,2451.1910271866645,-19608.397469702864,-19571.345369784405,-213.6414757873572,-206.23105580366246,-200.02898518949587,-192.61856520580113,-594.9898257153509,-572.758565764274
211,12381,-0.9763020208401006,-0.11774897508446239,-8.291384448482804,8.492642923496286,2446.841561372797,-20070.120129196723,-20055.272292559883,0.21729590371139085,0.8275153669337244,-8.684107092538195,3.8082419079230223,2394.1448500352944,-20337.678314088214,-20315.406559132953,0.23174380502918784,0.8417512922410995,-8.684022846581117,3.632249380453048,2397.214996470705,-20321.811633464415,-20299.539878509153,-109.79214522347623,-12.526344501518837,0.013222494850839806,-15.961131560432534,1.7164826028420004,0.07983174978771729,2300.6340662276953,-20826.954004548967,-20789.834412956865,-267.5581848914917,-260.1342665730699,-251.69150426769193,-244.26758594927014,-756.8338753522439,-734.5621203969822
212,12278,-0.9177880172251787,-0.11117828420799378,-8.25510146845016,8.99456226657705,2598.0129185157825,-19064.49710574731,-19049.665977103334,0.2091082121297178,0.7689549536779445,-8.712762536599861,3.6773063374523636,2535.8094027426837,-19360.04232494395,-19337.795631977984,0.2197486198729192,0.7536253937739854,-8.717937539148016,3.4294886321006595,2539.061308538994,-19344.30718326119,-19322.060490295225,-29.58727468489142,-3.374540180118129,0.01849711676045541,-13.165973488550692,1.5478096244408241,0.29633667007188935,2433.523211948922,-19861.56182035093,-19824.48399874099,-295.54521919663966,-288.12965487465044,-279.81007751388097,-272.39451319189175,-797.0647146036208,-774.8180216376568
213,12257,-0.9977045458761485,-0.12091150734304373,-8.251526821558134,8.270511401060057,2508.6161387760694,-19440.08733138086,-19425.259626418178,0.22919724955209034,0.8940151526635667,-8.63113145748544,3.900636479760117,2458.908909866385,-19683.39332777718,-19661.151770333156,0.24475436689921665,0.9111227123355907,-8.632719540340695,3.722600433563528,2461.9856130571598,-19668.06637624525,-19645.824818801226,-413.7975705701968,-48.144917468098484,0.03514188620507885,-18.47452317589017,1.7249015997607047,0.02077062445194998,2368.9495737382663,-20136.22495429454,-20099.155691887834,-243.30599639632055,-235.89214391497808,-227.97904486439074,-220.56519238304827,-696.1376229136804,-673.8960654696566
214,12334,-1.1445274006569315,-0.13759826750008636,-8.317891071239055,7.267533364832318,2595.6662956280225,-19218.74166720621,-19203.901437295106,0.24890682730721683,1.0320405316693686,-8.609100980182232,4.146292581985136,2575.65146630076,-19312.216031357635,-19289.95568649098,0.2722432781698445,1.1000376082280088,-8.60875790202582,4.040641942100506,2577.1796239785554,-19304.9003258667,-19282.639981000044,-6.884081524864664,-0.8723924616425514,0.11744917710920301,-11.174553478334426,1.2686987563547,1.1462730869053908,2502.8716741386143,-19661.75480311255,-19624.654228334795,-93.4743641514251,-86.05424919587313,-86.15865866048989,-78.73854370493791,-443.01313590634163,-420.7527910396893
215,12100,-1.0648630347267896,-0.12793844627253564,-8.323245011576963,7.816258748912667,2661.9676572342096,-18317.092578285152,-18302.29065682198,0.2304180803059272,0.8498985845930375,-8.680021814231115,3.6885064898753734,2613.6447968666607,-18536.762751581584,-18514.55986938683,0.24619974621913238,0.8662908202058563,-8.682169730066889,3.5186503378228755,2616.3853228114135,-18524.081995942437,-18501.879113747684,-8.484954151904777,-0.9956818657434603,0.06545939976300097,-10.874873532375902,1.327922152420156,1.0043368614063444,2528.2973201823215,-18934.478406065187,-18897.473602407263,-219.67017329643204,-212.26921256485002,-206.98941765728523,-199.5884569257032,-617.3858277800355,-595.1829455852821
216,12162,-0.98896838720899,-0.1196435037281191,-8.265959758720763,8.35816378524341,2574.113047427757,-18881.291146367526,-18866.479003136166,0.21564059213387352,0.8381556656329987,-8.664938311937776,3.8868176781515085,2530.6578431521993,-19086.358210623857,-19064.139995776815,0.2304364350069356,0.8569147523312313,-8.665205370455404,3.7186599953494337,2533.5285695694693,-19072.569706180635,-19050.351491333593,-9.956505275960499,-1.1663743145068852,0.05440262328681525,-11.254804292672448,1.3603692904983853,0.8573577003217666,2444.7208150128895,-19502.535312388794,-19465.504954310392,-205.06706425633092,-197.66099264064906,-191.2785598131086,-183.87248819742672,-621.244166021268,-599.0259511742261
217,12277,-1.0458021348493345,-0.1257772648246784,-8.314715193616935,7.950562459709275,2627.2891032984226,-18924.372139177995,-18909.541173433634,0.22024882376341498,0.7861483898441852,-8.705644180501777,3.5693647594170286,2574.4160071315964,-19171.96158906543,-19149.71514044889,0.23375021569048682,0.7881329857714733,-8.705282390586863,3.3716888065466235,2577.2870392993864,-19158.27770035703,-19136.03125174049,-23.312602093474755,-2.6492161344960437,0.01115765725141563,-12.794167268640185,1.5956898009793077,0.3774701455946812,2480.19215440176,-19625.730113488433,-19588.652699127528,-247.58944988743679,-240.1739670152565,-233.90556117903543,-226.49007830685514,-701.3579743104383,-679.1115256938938
218,12248,-1.064455128826603,-0.12837292683992224,-8.291897326248169,7.789804475261162,2641.0255101788425,-18786.824840310168,-18771.998604435492,0.226330407476915,0.8401652321642432,-8.649889203505866,3.7121182325001447,2599.4290184361034,-18979.267718613537,-18957.028364801525,0.2410384081849607,0.8465760559644944,-8.650471825966118,3.5122039775290697,2601.719977345919,-18968.477923295297,-18946.238569483285,-12.249408561838118,-1.4426475254742726,0.05940595292603393,-11.745048043918413,1.4607154246096725,0.6931700102360405,2512.5792798644575,-19391.47907767792,-19354.41348799123,-192.44287830336907,-185.02976036603286,-181.653082985129,-174.2399650477928,-604.6542373677512,-582.4148835557389
219,12020,-1.1038479435138322,-0.13232583430885148,-8.341892943878413,7.557103306569581,2611.217210206306,-18347.600538120394,-18332.811883704217,0.2445447583505003,0.9918281109728775,-8.638820374420543,4.055814230748358,2579.343303350802,-18493.225895815154,-18471.042914190886,0.26529531723870986,1.0458953582331383,-8.638783440552938,3.942381528325481,2581.5834470851587,-18482.79113063437,-18460.608149010102,-259.68661154205387,-32.07957597970568,0.09901889162178623,-17.606355812520526,1.6171753802479945,0.03117248185052771,2506.8128335641895,-18832.06843841881,-18795.096802378364,-145.62535769476017,-138.23103048666962,-135.1905925139763,-127.79626530588575,-484.46790029841577,-462.2849186741478
220,12049,-1.1415382898480686,-0.13646099318210092,-8.365308380283722,7.328101435298408,2593.346569882893,-18503.655777621087,-18488.86230372524,0.24528043810067035,0.9816655512781272,-8.65023018985494,4.002217049511395,2556.8781274070598,-18672.295170415797,-18650.104959572025,0.266812010133794,1.0359896041842331,-8.649443467347348,3.8828447177648853,2558.766003656395,-18663.4020490891,-18641.21183824533,-606.869567814729,-74.60253107923143,0.09534901369263718,-19.278549325489337,1.6682245560859308,0.01340437094470632,2485.3813079969404,-19010.016150910647,-18973.03246617103,-168.63939279471015,-161.24265584678506,-159.74627146801504,-152.34953452008995,-506.3603732895608,-484.1701624457892
221,12107,-0.967685688686509,-0.11664122932673,-8.29625762924594,8.573297844785623,2522.3802832982005,-18986.80756582355,-18972.004487670136,0.21590687868064606,0.8567644601491581,-8.682885097205212,3.9682128952288847,2472.101219133503,-19228.57629106492,-19206.371673834798,0.228864719730628,0.857612579294252,-8.687604737364444,3.7472467591494896,2475.0488273231904,-19214.14911734253,-19191.944500112408,-35.06834987349134,-3.9694109205546573,1.0000011161163283e-06,-13.82967618382365,1.7116805349097346,0.251926550315498,2385.93189084172,-19654.116997569465,-19617.109302185927,-241.7687252413707,-234.3671861646617,-227.34155151898085,-219.94001244227184,-667.3094317459145,-645.1048145157911
222,12260,-1.0580304034168981,-0.12782585352728945,-8.277123713404503,7.823143537911215,2527.9197003787726,-19353.86838271627,-19339.04018829729,0.23898314202037066,0.8943599119253521,-8.650538442848562,3.7423556505467563,2471.5415420274385,-19628.388387287785,-19606.146095659315,0.25649807517227846,0.9202299375453835,-8.650736841792853,3.587668004632415,2474.7311993685125,-19612.576398557412,-19590.33410692894,-104.13060758214647,-11.900148340199573,0.011472589017712876,-16.16957780647241,1.8039180603507967,0.08403256593213437,2372.4684025900733,-20125.958826733193,-20088.888340685742,-274.5200045715137,-267.1059073620236,-258.7080158411409,-251.29391863165074,-772.0904440169215,-749.8481523884511
223,12047,-1.0247137402368303,-0.1232213094568632,-8.316043261945351,8.11547941186322,2525.8407286326137,-18816.325725471892,-18801.532583581356,0.22918861489463335,0.859859295027561,-8.675757325208153,3.751753966587174,2470.4846652598353,-19081.28263145222,-19059.09291861642,0.24488769267263247,0.875686867326932,-8.675737132510147,3.5758712811164264,2473.274308356117,-19067.686971094525,-19045.497258258725,-231.0703451962144,-26.37306815780812,0.012634659562199946,-17.697412869665854,1.8139213355772212,0.03791746921580438,2385.42573671644,-19499.37021140715,-19462.387356680814,-264.9569059803289,-257.5603350350648,-251.36124562263285,-243.96467467736875,-683.0444859352574,-660.8547730994578
224,12040,-0.9866699858888489,-0.11875080683583225,-8.308743428184675,8.420995415908676,2475.512710028336,-19040.714393351092,-19025.922413913366,0.21540701908133777,0.8004670649579355,-8.712539628254916,3.716067695341343,2423.11123832428,-19296.312360743956,-19274.124391587367,0.22879045553158767,0.8036644540666686,-8.71552937976089,3.5126659991098785,2425.789350724813,-19283.012654557373,-19260.824685400785,-6.128661880092992,-0.7245381538549831,0.0796804734937636,-10.257476031374324,1.088446147941695,1.3801895658349979,2333.066866467741,-19748.251464644618,-19711.271516050303,-255.5979673928632,-248.20197767400168,-242.29826120628059,-234.90227148741906,-707.5370712935255,-685.3491021369373
225,12041,-0.95379359739953,-0.11537641097857589,-8.266798986983906,8.667282952541216,2648.2840038611967,-18230.957930419107,-18216.165784875324,0.21558810501266432,0.7263271844583761,-8.727060137420885,3.3690503676708388,2574.49854134079,-18569.201799307957,-18547.01358099228,0.22588340526630135,0.7064296052355767,-8.729570757719548,3.1274081617582477,2577.7982255668126,-18553.77896751275,-18531.590749197072,-16.415403041143545,-1.8710254183999833,0.019279169106361377,-12.038577432203981,1.5275608462460872,0.5344662825880554,2475.2457252108707,-19038.59491742508,-19001.61455356562,-338.24386888885056,-330.8477961169556,-322.8210370936431,-315.4249643217481,-807.6369870059752,-785.4487686902976
226,12231,-1.0168694947805361,-0.1228226355351573,-8.279170124870532,8.141821706095499,2552.3180912966272,-19161.6309955908,-19146.807537607827,0.2119730323866842,0.7394995233286942,-8.698046834267874,3.48864907484877,2507.143618752599,-19378.050933891547,-19355.815746917084,0.22314173983373034,0.7248248063597896,-8.70085144658522,3.2482708385256767,2509.682561143892,-19365.671072231784,-19343.43588525732,-6.795234271476925,-0.7937714761794934,0.058850566961658676,-10.38299791197351,1.2171429357060382,1.2598084335470285,2418.743332109992,-19813.0947091896,-19776.036064232165,-216.41993830074716,-209.00820930925693,-204.0400766409839,-196.62834764949366,-651.4637135988014,-629.228526624338
227,12223,-0.97663954330699,-0.11856174271920605,-8.23739193527207,8.434423930224568,2578.789948823484,-19014.977561143518,-19000.155411739965,0.22056354395311084,0.8515656998878254,-8.662359357162146,3.8608633350072488,2532.1523743250295,-19236.054582906287,-19213.821358800957,0.22992050912936943,0.8121509478857558,-8.67881893551192,3.532311888839732,2534.7639027543255,-19223.454921466364,-19201.221697361034,-15.225343665409351,-1.7751277473837517,0.04295064968654521,-12.206463784788857,1.5357564027959905,0.5633397379280656,2443.67793540084,-19666.7707963671,-19629.71542285821,-221.0770217627687,-213.66594706099204,-208.47736032284593,-201.06628562106926,-651.7932352235803,-629.5600111182466
228,12228,-0.9924033496996278,-0.11984189168002739,-8.280938624945119,8.3443275634363,2653.1878155770128,-18679.974823238404,-18665.151855872384,0.22195738132857698,0.865564098564616,-8.653631237667847,3.8996860270362848,2598.6839643244184,-18931.787958651723,-18909.55350760269,0.23716933747425287,0.8855481112075507,-8.65282882674057,3.7338220894751455,2601.946280369404,-18916.44689268335,-18894.212441634318,-31.889813203530956,-3.6164392838704305,1.0000004340023758e-06,-13.632317492042855,1.710106923645446,0.2765150805821818,2506.6177027658478,-19368.86211291609,-19331.804694501036,-251.81313541331838,-244.40165173030618,-236.4720694449461,-229.0605857619339,-688.8872896776847,-666.6528386286518
229,12286,-0.9186509490741539,-0.11133753273031474,-8.251044607745522,8.981697146300442,2652.6312192190926,-18829.311895251165,-18814.479463887717,0.20208558732893256,0.7872253685662673,-8.664966710083966,3.8955047659332034,2607.7414882218163,-19037.003737910138,-19014.755090864965,0.2126730254074252,0.7722827806682614,-8.66625664889711,3.6313151570998348,2610.16950354413,-19025.569814085047,-19003.321167039874,-19.942996007679405,-2.352911067670949,0.055241169605249274,-12.701978656547743,1.4614359913608566,0.42500543847152683,2522.2234656656424,-19442.664146048694,-19405.583067640073,-207.69184265897275,-200.27562697724716,-196.2579188338823,-188.8417031521567,-613.3522507975285,-591.1036037523554
230,12285,-1.1895169797425438,-0.1426199755352552,-8.340465459191577,7.0116405240358715,2643.929753064798,-18867.143939267477,-18852.311670697567,0.2634371129247713,1.0468957942840895,-8.628932812525315,3.9739875018408948,2616.083304835019,-18995.218449982654,-18972.97004712779,0.2898459949844779,1.130780808317447,-8.626253708719114,3.901315967391593,2618.086860013708,-18985.813453279396,-18963.56505042453,-342.2889341066429,-43.03607647495341,0.1115218679096336,-17.75884390797081,1.542573114598736,0.02323631896560065,2529.960978663364,-19402.45143281014,-19365.370761385362,-128.0745107151779,-120.65837643022314,-118.66951401191909,-111.25337972696434,-535.307493542663,-513.0590906877951
231,12264,-1.0671112301244796,-0.12870747413637446,-8.290981058285718,7.769556560020989,2670.7946028165143,-18689.91842945505,-18675.089582613946,0.21979561024038022,0.7602495446945069,-8.695453262859887,3.4588932138501645,2627.2013224953425,-18889.745710341303,-18867.50244007965,0.2305805914127553,0.7353207608087651,-8.702096166231051,3.188996768129932,2629.4326218543956,-18879.334235137732,-18857.09096487608,-7.4403740562440905,-0.8816519191105716,0.07560805284872446,-10.672620696205287,1.23621549743147,1.1342344731794156,2538.617887709069,-19306.392931697697,-19269.32081459494,-199.827280886253,-192.4128574657043,-189.41580568268182,-182.00138226213312,-616.4745022426468,-594.2312319809935
232,12110,-1.0609827368493276,-0.1272987655288776,-8.334587789923578,7.855535722168107,2544.144760327601,-18890.470203955032,-18875.66663028194,0.23942058693639587,0.9997594076303506,-8.634488702663885,4.175745371035889,2503.340392500562,-19084.271338309274,-19062.065977799633,0.2602259023909268,1.0577024931766448,-8.633856981153304,4.064555001860273,2505.9852772070462,-19071.483366880082,-19049.27800637044,-1093.589818938029,-128.9309013868276,0.05439870622466197,-20.28793690576011,1.723043700038312,0.007756092521215913,2422.496282517014,-19477.81196118542,-19440.803027002683,-193.8011343542421,-186.39934751769397,-181.01316292504998,-173.61137608850186,-587.3417572303879,-565.1363967207435
233,12253,-1.0394504473673842,-0.12487006636536922,-8.32425638604177,8.008324405578554,2589.7993094723197,-19039.495203373957,-19024.668151206057,0.22791223821526532,0.9047570518921751,-8.65706589378245,3.969760724466333,2538.8157657224638,-19281.11728535917,-19258.876707107323,0.24450385596997704,0.9278493081464266,-8.659196403438443,3.7948248483261486,2541.3148072085123,-19269.06217875948,-19246.821600507632,-483.9925732709332,-56.395423070088675,0.042410013002126316,-18.486929351064234,1.6750279861191761,0.017731935422440084,2449.560692443312,-19715.640381084548,-19678.5727506648,-241.6220819852133,-234.20855590126666,-229.5669753855218,-222.15344930157517,-676.1451777105904,-653.9045994587432
234,12084,-1.1420800057712832,-0.1366439156181943,-8.358074346774748,7.318291454660633,2676.2641082236582,-18212.15184793387,-18197.352572848857,0.22675496622200614,0.8175543306987941,-8.710416822028675,3.6054528124352587,2639.0421290850204,-18379.398069499297,-18357.19915687178,0.24199106962643235,0.8281629634657671,-8.712708869969545,3.422287296569344,2641.37931140663,-18368.701001722828,-18346.50208909531,-11.380904614487203,-1.376645712964627,0.09585203621704487,-11.511912486403572,1.2395810175280968,0.7264033081151178,2548.9279656531385,-18795.234369969923,-18758.23618225739,-167.24622156542682,-159.8465840229219,-156.54915378895748,-149.14951624645255,-583.082522036053,-560.8836094085345
235,12303,-1.0279759464113172,-0.1237815212358294,-8.304760970361725,8.078750285309495,2629.4383555942877,-18980.425454404383,-18965.590257576263,0.22171229899557984,0.8069689175910641,-8.671285260936175,3.6397120107764174,2574.424160431469,-19238.56486350506,-19216.31206826288,0.23394929825359978,0.7957158630459089,-8.677104519531298,3.4012321002277903,2577.1238083884473,-19225.6701871646,-19203.41739192242,-10.023315946244114,-1.1492552771198075,0.02114676164107139,-11.115160834008197,1.4968120950783046,0.870128699783862,2492.7535165629765,-19631.188394939632,-19594.10040286933,-258.13940910067686,-250.72181068661666,-245.24473276021672,-237.82713434615653,-650.7629405352491,-628.5101452930685
236,12050,-1.0649491457821436,-0.12790598168270984,-8.326030821794648,7.818242640759769,2613.463782155901,-18413.077796105903,-18398.284156228066,0.24662179634620407,0.9340776885830107,-8.670174172398635,3.787490410100517,2556.209240185384,-18677.99813619553,-18655.807676378772,0.2641195955535073,0.9593430820562683,-8.672127518002764,3.6322298618010627,2559.5324125101556,-18662.342837369022,-18640.152377552266,-123.54978117081846,-13.979076944022246,1.0000000002195378e-06,-16.72012437831948,1.8884888458988047,0.071535481491689,2473.4999524980644,-19070.337855837308,-19033.353756142715,-264.9203400896258,-257.52352015070574,-249.2650412631192,-241.8682213241991,-657.2600597314049,-635.0695999146483
237,12256,-0.9184659650345698,-0.11136649871559132,-8.247237505240744,8.97936104244247,2450.0282122617637,-19727.131394352746,-19712.303852568784,0.2138999683189805,0.8558195739529216,-8.652982782508378,4.0010271187916775,2395.4982948844154,-20000.992802431767,-19978.751489755825,0.22592995139407085,0.849981586904479,-8.65990469139241,3.7621465487854984,2398.671196723848,-19984.770142515452,-19962.52882983951,-19.054086273500122,-2.16969310379125,0.005151092519084368,-12.655797200120897,1.666373084892332,0.46089467595791916,2312.8531280241637,-20427.293397838766,-20390.224543378863,-273.8614080790212,-266.4476371870405,-257.6387481627062,-250.2249772707255,-700.1620034860207,-677.9206908100787
238,12234,-1.0802928496772206,-0.1300866688862487,-8.304408583341141,7.68718277254395,2561.369823444002,-19126.02145925898,-19111.197510779373,0.24118131288586017,0.920822018575245,-8.645285226455924,3.817965859614617,2505.8774808689327,-19391.985669318652,-19369.749746599246,0.2594390970088361,0.9543107279889447,-8.644834275602262,3.6783612762745714,2509.396097698167,-19374.81940124683,-19352.583478527424,-377.08981462091833,-42.753282264920955,1.0000000000000002e-06,-18.575152288056298,1.833815003879836,0.023390017023804027,2413.2718755415335,-19848.66322139951,-19811.603350200498,-265.96421005967204,-258.5522358198723,-248.7979419878502,-241.38596774805046,-722.6417621405308,-700.4058394211243
239,12109,-1.0463681295073637,-0.12580917222429305,-8.317105271481278,7.94854605844792,2510.838188609765,-19047.4813134009,-19032.67790488739,0.2295386954639279,0.9735891454544423,-8.654293686369195,4.241503348647558,2475.0173339629578,-19219.478409875308,-19197.273297105046,0.24894982588875395,1.0235491825259366,-8.655238765860037,4.1114677580988594,2477.444866996506,-19207.60754699352,-19185.40243422326,-55.21920154744995,-6.636098061834055,0.07601213321247262,-14.550223209610687,1.5010541017059966,0.15069096186978656,2388.486647393692,-19646.40667431784,-19609.398153034068,-171.99709647440977,-164.5953922176559,-160.12623359262216,-152.72452933586828,-598.9253609169427,-576.7202481466775
240,12146,-1.1439170555306226,-0.13678361239269246,-8.36296860070158,7.310817301191733,2586.4095381139628,-18782.573619382274,-18767.76410902936,0.24992878447118097,1.044619493131502,-8.65835792932928,4.17966860176506,2563.4408115636684,-18888.91851626139,-18866.70425073202,0.27478373622339425,1.1280258265937417,-8.65702496071508,4.105140435519361,2565.105119219557,-18881.035314367182,-18858.82104883781,-29.733794642535283,-3.9915541668327013,0.133158525193607,-13.475083249157379,1.2399161134232295,0.2505289814953207,2476.143651214222,-19305.75376151778,-19268.72998563549,-106.34489687911628,-98.94014170266018,-98.46169498490781,-91.05693980845172,-523.1801421355049,-500.96587660613295
241,12269,-1.0682526136034256,-0.1280082342677495,-8.345186696107424,7.811997452510295,2675.458569105314,-18681.134434301555,-18666.30477223197,0.22841503949442568,0.8714112066358319,-8.694708647194828,3.815034283927255,2631.5428930909825,-18882.19212394118,-18859.947630836807,0.24384943688397367,0.885352506289537,-8.698760035361845,3.6307342662054114,2634.0418036448254,-18870.54702177207,-18848.302528667697,-610.7970656479667,-71.10783649795147,0.04735042333455009,-18.53567507846968,1.6171601181306292,0.014063147597365148,2539.7058204470213,-19314.01240004891,-19276.938244874953,-201.05768963962328,-193.64285860483506,-189.41258747051324,-181.99775643572502,-632.8779657473533,-610.6334726429814
242,12093,-1.0481052055552376,-0.1263644382177493,-8.294305109394452,7.913618848024435,2528.638213446278,-18920.89041232006,-18906.08964821649,0.23413286873292885,0.976462268127327,-8.618922663823547,4.170547575877353,2487.357504218501,-19117.941175384756,-19095.7400292294,0.25292630595317656,1.0165452574843021,-8.620302040832799,4.019136141862966,2489.766655113065,-19106.23406778179,-19084.032921626433,-1113.8960092659906,-131.91341625275106,0.056644579542385824,-20.1288251401821,1.6886312415617546,0.007580730060723789,2404.4885204840934,-19523.69671267702,-19486.694802418097,-197.0507630646971,-189.65038101291066,-185.3436554617292,-177.94327340994278,-602.8063003569623,-580.6051542016066
243,12137,-0.9624703764612611,-0.11668050185684169,-8.248767884476027,8.570412229002287,2542.8183637633547,-18965.955986926314,-18951.1479590921,0.22481267185693496,0.9424903365794819,-8.632146262433249,4.192336351837225,2496.27746427548,-19188.156112820776,-19165.944071069458,0.24131483944149404,0.970921591680398,-8.633557709016372,4.023464093329389,2499.0799047607284,-19174.53817871715,-19152.326136965832,-247.17007266930122,-28.722175253109153,0.03456675895535471,-17.60412557284908,1.7195271505493674,0.034816304516899384,2411.50262979981,-19603.49622131032,-19566.47615172479,-222.20012589446196,-214.7961119773572,-208.58219179083608,-201.17817787373133,-637.5402343840069,-615.328192632689
244,11963,-1.043241404836939,-0.12568379183611164,-8.300524591088868,7.956475416527644,2557.020902312384,-18454.618088166095,-18439.83894050175,0.23367117093100442,0.9733549034736605,-8.624050000925708,4.16548990444808,2523.8015531737283,-18609.052893782995,-18586.88417228648,0.25391151210098317,1.0289796777982096,-8.622605694001845,4.052512898229577,2525.9817613903406,-18598.723011928192,-18576.55429043168,-24.54695800095505,-2.849829037376059,0.03309037621504157,-13.434958121845739,1.6874943081916582,0.3508982422751704,2453.565554545008,-18942.696876971455,-18905.749007810602,-154.43480561690012,-147.04523178473028,-144.10492376209731,-136.71534992992747,-488.0787888053601,-465.91006730885056
245,12258,-0.9451053558926081,-0.11410832957119413,-8.282527309305154,8.763602129291385,2457.408121937759,-19695.483666962304,-19680.655798834214,0.20723814242175184,0.8276407956814718,-8.671572576607923,3.9936702095945926,2407.6038081903034,-19944.46870671438,-19922.226904522242,0.22070907955822486,0.8389774383457166,-8.672650125788394,3.8012819410285634,2410.2674603760534,-19930.91456630689,-19908.67276411475,-359.2580629939393,-42.1692866045098,0.048531170961679936,-17.38580893471235,1.5351623022879615,0.023713941603485767,2317.357939753423,-20408.77658424187,-20371.706913921644,-248.98503975207495,-241.57110568802818,-235.43089934458476,-228.016965280538,-713.2929172795666,-691.0511150874299
246,12114,-0.9888883499768306,-0.11859199923173012,-8.338575590116593,8.432272045991809,2541.740564504995,-18912.164855028477,-18897.360620853397,0.21386039805879664,0.7423876830442291,-8.718142875146787,3.471365852597564,2475.3527891921067,-19230.776171804126,-19208.569820541503,0.22545731855153128,0.7305595366618024,-8.720303408966227,3.2403451853119742,2478.0583796188434,-19217.542654709767,-19195.336303447144,-23.54721575855619,-2.689458049034345,0.019573126712186726,-13.035930350643337,1.6629004813834976,0.37182212243803237,2391.458282875967,-19644.461887266487,-19607.451301828783,-318.61131677564845,-311.2091996881063,-305.3777996812896,-297.9756825937475,-732.2970322380097,-710.0906809753869
247,12424,-0.9634397495542798,-0.11622035959229482,-8.289767411958291,8.604344398073072,2481.6791431686675,-20007.2707157781,-19992.415945048444,0.2143322067910757,0.8132557504299915,-8.690394406049267,3.794370256369019,2423.884950222275,-20298.027374718815,-20275.745218624328,0.22806444584114866,0.822545091014877,-8.69333230960067,3.6066344667673267,2427.2235328611323,-20280.92672343536,-20258.644567340874,-17.609460738583806,-1.9930899059994134,1.0180714727223322e-06,-12.276179414522307,1.5955102199681281,0.5017335128685833,2329.8924554261193,-20785.390291382635,-20748.25336455849,-290.75665894071426,-283.32927357588414,-273.6560076572605,-266.2286222924304,-778.1195756045345,-755.8374195100478
248,12250,-1.0391486955262554,-0.12492594721897962,-8.318117402021834,8.004742187362602,2552.823222345374,-19207.99404190038,-19193.167479468433,0.2278167859487951,0.8993378227255228,-8.664104783396247,3.947636338472711,2506.454611216778,-19430.54442634186,-19408.30458269394,0.24400895257446037,0.9197773146782607,-8.666313008714104,3.7694408544194165,2509.0030994692224,-19418.095319767694,-19395.855476119774,-321.7817912641441,-37.1705235863893,0.029485441597862302,-18.34786536194499,1.7934642810231594,0.02690303777066431,2423.964556522441,-19836.488262143834,-19799.42185606397,-222.55038444148158,-215.13710322550833,-210.1012778673139,-202.68799665134065,-628.494220243454,-606.2543765955379
249,12376,-1.0106610160145504,-0.12232195650706686,-8.262302573260115,8.175147198060287,2636.542300117792,-19132.89480922679,-19118.047780442284,0.22662105037341837,0.9896987319309708,-8.613415759571128,4.367196826156173,2603.686724946883,-19286.08876153684,-19263.818218360084,0.24644047305553252,1.0472456900651155,-8.611977862539451,4.249487420149249,2606.1129015785236,-19274.56188284042,-19252.29133966366,-1078.6136755315738,-130.9473023188976,0.07483947997302781,-18.732110178945995,1.4373562593423934,0.007636659803534458,2502.9151760076675,-19770.59780826947,-19733.480236308205,-153.19395231005183,-145.77043791779943,-141.66707361362933,-134.24355922137693,-637.7029990426818,-615.4324558659209
250,12025,-1.075585190678235,-0.12890376231842213,-8.344094627907683,7.757725469096616,2607.0621999385357,-18379.384965647558,-18364.59547945761,0.237489951839875,0.9625406373931085,-8.662913046376232,4.052974157163883,2566.779820578135,-18564.636682261047,-18542.452452976126,0.2570948409563212,1.0101739734140198,-8.663127571009536,3.929188036821175,2569.351210957472,-18552.59611253839,-18530.41188325347,-25.155626392439448,-3.0047926845362154,0.0758038558197612,-13.100065496550423,1.4568647252241012,0.3328016622066385,2479.4029905872317,-18977.11442312246,-18940.14070764759,-185.2517166134894,-177.8569735185156,-173.21114689083333,-165.81640379585951,-597.729457474903,-575.5452281899816
251,12157,-1.0238800012192903,-0.12325679284939044,-8.306884980127519,8.113143112703874,2422.2980245695994,-19607.53197519099,-19592.720654361878,0.2308043513557164,0.9290112485081906,-8.641828299232587,4.025102832989468,2373.0516081278074,-19855.23628406989,-19833.019302826226,0.24843774587656273,0.9622171998337737,-8.642818752723048,3.873071688196105,2375.7754962761583,-19841.289972223578,-19819.072990979912,-628.3377727903135,-71.38670443407055,1.0000000000000002e-06,-20.27970093662533,1.9502465221382517,0.014008210743550343,2294.066730026331,-20262.758247656267,-20225.729945583487,-247.70430887890325,-240.29864846434793,-233.75799703258963,-226.35233661803431,-655.2262724652792,-633.0092912216096
252,12089,-1.0614183936146784,-0.12678606857296212,-8.371727316427194,7.887301903556744,2524.068125159586,-18932.4998926061,-18917.6997901517,0.234161027798355,0.9331928138898536,-8.685569509687696,3.9852610089047853,2475.9616460653633,-19163.129376034372,-19140.929222352766,0.2525234295445986,0.9706609381254591,-8.6871865916636,3.8438450637073616,2478.642546815607,-19150.04683257743,-19127.846678895825,-548.128806594441,-65.01995780167566,0.06816496878666552,-18.658661541649465,1.6377619821148366,0.015379893094520411,2394.992179748452,-19561.075313688114,-19524.075057552105,-230.62948342827076,-223.22943220106754,-217.54693997132927,-210.14688874412604,-628.5754210820123,-606.3752674004063
253,12144,-0.9848917464134549,-0.11866628236949502,-8.299676426592399,8.426993582610669,2448.0927938520554,-19444.93114574152,-19430.12196474225,0.21147445835594728,0.782412566909841,-8.690328520599746,3.699797001455884,2396.132914477092,-19703.457807265706,-19681.2440357668,0.22281411118292252,0.7688694853002996,-8.695020317568376,3.450721685526842,2398.8117748272302,-19689.888481409092,-19667.674709910185,-15.334317332945837,-1.7433280688677288,0.007429966711659841,-12.020642647701827,1.566460333173504,0.5736154989172453,2307.5024949760236,-20157.169825241108,-20120.14687274293,-258.52666152418533,-251.12207102454704,-244.9573356675719,-237.5527451679336,-712.2386794995873,-690.0249080006797
254,12386,-1.056460251874163,-0.12705239293155937,-8.315154303652175,7.870768719316293,2574.8195356572764,-19451.772167833147,-19436.92352367015,0.22979880797134258,0.8887586633467328,-8.653441703405685,3.8675512340236633,2520.8463337712487,-19712.166562409402,-19689.893596164908,0.24570668748208063,0.906130484723274,-8.655659720660536,3.6878543844654534,2523.6357919971197,-19698.468334426507,-19676.195368182012,-67.66991882940674,-7.682924304804988,1.0000000000008402e-06,-15.329449245946726,1.8092307126908165,0.13015877292642186,2435.827658380702,-20133.106593889006,-20095.984983481518,-260.39439457625485,-252.97007249475791,-246.69616659335952,-239.27184451186258,-681.3344260558588,-659.061459811368
255,12322,-0.8978193782249395,-0.10893794959687442,-8.241566704232326,9.179537559688855,2481.545280420471,-19742.06438607676,-19727.22610295361,0.20218327152772803,0.7723057621503046,-8.685724739903147,3.8198301784051814,2424.952353954736,-20024.32783380845,-20002.070409123724,0.2127969949262746,0.7582760994687613,-8.688698362740569,3.5633778556481626,2427.7443862910523,-20010.14873790121,-19987.891313216485,-103.20088912678227,-11.720147360630337,0.0041927989053861065,-15.704143177795801,1.67782944068504,0.08532315927691694,2328.282603134431,-20521.59863207236,-20484.50292426449,-282.26344773168967,-274.8443061701146,-268.084351824451,-260.6652102628759,-779.5342459956009,-757.2768213108793
256,12441,-1.0281324495998172,-0.12376467959379127,-8.307155587315027,8.079849624966553,2555.774894161835,-19685.649207496608,-19670.79170199878,0.22461116438169723,0.8876577830095442,-8.644950580493884,3.9519753412661456,2507.519403994739,-19920.79312811712,-19898.506869870376,0.23909938545090953,0.8945293774347318,-8.649415273289826,3.741244987927379,2509.992492547869,-19908.52900286321,-19886.24274461647,-69.46061566032783,-7.901571738135108,1.0027419061166472e-06,-15.735056166848931,1.896991914385162,0.12655709941526333,2429.0558234723853,-20312.309280757006,-20275.165517012432,-235.14392062051047,-227.71516787159635,-222.8797953666035,-215.45104261768938,-626.6600732603983,-604.3738150136523
257,12199,-1.0236841649804207,-0.12286864904757143,-8.33153268075795,8.138772646656406,2557.5040436160807,-19054.76828897908,-19039.950070458784,0.21929255412722515,0.8828061861751764,-8.676963165147535,4.0257006886928135,2519.0320962745577,-19237.66927564897,-19215.441947868523,0.23509290887174775,0.9071239169994083,-8.678345609451735,3.8585762597130455,2521.507753710839,-19225.68621494816,-19203.458887167715,-125.68320460825375,-14.885895940601715,0.06326785754656135,-16.050049709567478,1.587475497716476,0.06717768308943171,2439.6705843782684,-19624.18018905451,-19587.13464275377,-182.90098666988706,-175.49187740973866,-170.91792596907908,-163.50881670893068,-569.411900075429,-547.1845722949838
258,12270,-1.0667397873368947,-0.1281078846941192,-8.32688627935688,7.8059207861224245,2685.8351287880328,-18636.161227247645,-18621.331402172236,0.22081751344881334,0.8682861699933173,-8.666190737391931,3.932143589664099,2651.2287479558263,-18793.28476548069,-18771.040027867577,0.23631425875503798,0.8856239672301726,-8.668947374512491,3.747653535152127,2653.299544778645,-18783.704770086362,-18761.46003247325,-7.844429390533671,-0.9419778137344009,0.08456663318705637,-10.923211436825245,1.2303294976588113,1.0615961282947572,2567.848369197815,-19181.371059454505,-19144.29649676598,-157.1235382330451,-149.70862569534074,-147.54354283871726,-140.1286303010129,-545.2098322068596,-522.9650945937428
259,12014,-1.0374009280563685,-0.12469607566020843,-8.319435255390413,8.01949856645816,2531.818981762601,-18703.415407535682,-18688.627751704862,0.22474784349758747,0.8886020867288494,-8.674235063921879,3.9537735842096655,2486.35624361599,-18919.105805110587,-18896.924321364357,0.2415722284303297,0.9196128849489958,-8.675457766780385,3.8067823065771633,2489.199418198463,-18905.375518295048,-18883.19403454882,-22.840216544537984,-2.649737100802714,0.04289741695300549,-12.869650052078608,1.537951302068716,0.3773959309763444,2402.1432036797105,-19329.071510498532,-19292.102370921482,-215.69039757490464,-208.2965696594947,-201.96011075936622,-194.5662828439563,-625.6561029628501,-603.4746192166203
260,12154,-1.030237125558748,-0.12361173910271132,-8.334460246552348,8.089846540942856,2521.9479558973608,-19109.705305920572,-19094.89447869518,0.21356995670243914,0.7489215880097371,-8.70543084062921,3.5066804318979563,2468.3424849690455,-19368.830770537188,-19346.6145296991,0.22352150046746364,0.7205518893212006,-8.711066104909962,3.2236357031170075,2470.7256932654896,-19357.101628586643,-19334.885387748556,-21.4423501564778,-2.4492270966273613,0.01802186293633726,-12.824131838310736,1.6424428326283267,0.408292069517368,2387.092595331048,-19771.63400532524,-19734.606937261764,-259.1254646166162,-251.72005100392198,-247.39632266607077,-239.99090905337653,-661.928699404667,-639.7124585665842
261,12461,-1.0275366916067121,-0.12397320033226288,-8.288377559446655,8.066259460269489,2669.799351614336,-19193.422164839976,-19178.561446748092,0.2379587216259481,0.9601014533137875,-8.635387514359513,4.034739499159814,2620.074176879414,-19425.697578156454,-19403.406501018624,0.2567863684841819,1.0044036114662152,-8.635535756816235,3.91143664437969,2623.416523249439,-19409.811602137957,-19387.520525000127,-497.1673190371172,-56.41381890145015,1.0000000000000023e-06,-19.002756297420675,1.8099677707645196,0.017726153263031345,2532.9763366891675,-19842.97408415112,-19805.822288921405,-232.27541331647808,-224.84505427053227,-216.3894372979812,-208.9590782520354,-649.5519193111431,-627.260842173313
262,12154,-1.0022961041904084,-0.12085347646254115,-8.293481772541915,8.274482698145242,2524.071315649495,-19099.47652376105,-19084.66569653566,0.21339834210155958,0.8966089213448294,-8.640028945184568,4.201573979043002,2494.4749458656584,-19240.83216099158,-19218.615920153494,0.226861355523517,0.899725740678261,-8.643577816659612,3.9659718095310126,2496.3469177764077,-19231.714645563523,-19209.498404725437,-1422.0103982037922,-165.18401137068574,0.03238415880465112,-20.545117434639337,1.7036011932714419,0.0060538546781983785,2415.772219131929,-19626.480517040352,-19589.453448976878,-141.35563723052837,-133.95022361783413,-132.23812180247114,-124.8327081897769,-527.0039932793006,-504.7877524412179
263,12271,-1.0423252305668202,-0.1258241005241176,-8.283987139387738,7.947603009554778,2564.3039206027306,-19206.884777978634,-19192.054789910682,0.22070559050629507,0.8471577487269907,-8.668343559965633,3.8384063891794695,2530.4017609897287,-19368.1992331242,-19345.95425102227,0.23680505350681205,0.872319052374813,-8.66709640358297,3.6837011687747596,2532.6411370082415,-19357.344343893084,-19335.099361791155,-8.711465709259718,-1.0765478722257988,0.10034471406276999,-11.16865586738225,1.1372978655645287,0.9288950596618304,2432.3252272964764,-19849.276838403286,-19812.201868233402,-161.31445514556617,-153.8994611115886,-150.45956591445065,-143.0445718804731,-642.3920604246523,-620.1470783227196
264,12111,-1.0747233129609282,-0.12858309721502195,-8.358200542982189,7.777071960926239,2617.7547257506894,-18547.59534521194,-18532.791606392897,0.23087799946944007,0.8448223372623733,-8.684952513222875,3.659172113426933,2558.929986988782,-18820.851466655662,-18798.6458584271,0.243858710760112,0.8353352945446475,-8.692150979577209,3.4254888494279836,2561.5598445230085,-18808.411169556937,-18786.205561328374,-21.94035713430661,-2.488512432455062,1.0037164332558268e-06,-13.145902223044812,1.8283527880870145,0.40184649550391915,2488.0119506858446,-19157.23377502841,-19120.224427980804,-273.2561214437228,-265.85425203420164,-260.81582434499796,-253.4139549354768,-609.6384298164703,-587.4328215879068
265,12439,-0.9780592363783122,-0.11852119162402522,-8.252188684374074,8.437309702151964,2647.9567604372064,-19239.734916075184,-19224.877732120764,0.20932142105128318,0.7823652539750608,-8.645075123031642,3.737626326277345,2598.4665832644196,-19472.419208300944,-19450.133432369315,0.22180494126168296,0.779820107382505,-8.643910768813162,3.5157923125909174,2600.9395244328057,-19460.586734793043,-19438.300958861415,-15.076890442801973,-1.7237879581164264,0.008184325658340267,-12.17146622262046,1.6277707379112547,0.5801177547920073,2517.87094064305,-19860.34492871513,-19823.201968829082,-232.68429222576015,-225.25570024855188,-220.85181871785971,-213.42322674065144,-620.610012639947,-598.3242367083185
266,11964,-1.114013673009335,-0.13325105382381766,-8.360261634270191,7.504631080232832,2486.425016523954,-18792.116356267816,-18777.337041428316,0.23434167769482334,0.9270386139935889,-8.685247085728294,3.9559271876547952,2456.265015986678,-18936.125400958048,-18913.9564286988,0.2527533209240284,0.9622106464218523,-8.68647110829289,3.806915940428216,2458.3018598794342,-18926.208432751602,-18904.039460492353,-78.18703961637951,-10.039639167978114,0.11682457169829862,-14.870611611116264,1.3327505894890463,0.09960517338008974,2370.4513758436156,-19357.58341475385,-19320.635127655103,-144.00904469023226,-136.61938727048255,-134.0920764837865,-126.7024190640368,-565.467058486036,-543.2980862267868
267,12255,-1.0810812400628456,-0.12997060430711246,-8.317890386262402,7.694047475820472,2687.083696325658,-18592.687243115233,-18577.85986452331,0.22430059003187933,0.8053179990200617,-8.695726866535171,3.5903516745346225,2644.770993150503,-18785.19856928881,-18762.95750140092,0.23658150791246912,0.7934925631927476,-8.700532758352962,3.3539923309911672,2647.38443531963,-18773.094716021802,-18750.853648133914,-6.701939788495363,-0.7944644476348958,0.08239273741233318,-10.430744024174933,1.1643840583677818,1.2587095658930734,2558.509056407635,-19187.571814517894,-19150.503368038084,-192.51132617357507,-185.09763687761006,-180.40747290656873,-172.9937836106037,-594.8845714026611,-572.6435035147733
268,12186,-1.037232531484228,-0.12486811638999358,-8.306624312684415,8.00844946580884,2608.4949293922173,-18780.89389623403,-18766.077810172414,0.21692948667344233,0.7370346247731661,-8.711334959587795,3.3975769549608112,2555.7173462622527,-19027.981263848764,-19005.75713475634,0.22582434176666014,0.6985288736795131,-8.718143529560848,3.093239941340289,2558.21571081791,-19016.074548388257,-18993.85041929583,-43.77988648821856,-4.998468430235388,0.016994722898852517,-14.099320783001405,1.6580385928165415,0.200061281561982,2462.7854937255097,-19475.349754726056,-19438.309539572012,-247.08736761473483,-239.67932458392534,-235.18065215422757,-227.77260912341808,-694.4558584920269,-672.2317293995984
269,12193,-1.057258150406619,-0.12715621980481845,-8.314639677315693,7.864342000218113,2598.564646736686,-18845.19263237239,-18830.37539778127,0.217229529768299,0.7321380044711705,-8.719551068984302,3.370342905276655,2549.859567549506,-19073.89574566338,-19051.6698937767,0.22913482908451033,0.720662823208123,-8.721646690653385,3.1451474491567826,2552.356408810456,-19061.962112094738,-19039.736260208058,-7.791567210874333,-0.9039467768729188,0.05277973320287756,-10.582268508577322,1.2804025802033439,1.1062598214679897,2462.760902448174,-19493.666477456532,-19456.62339097873,-228.7031132909906,-221.29449599542932,-216.76947972234848,-209.3608624267872,-648.4738450841432,-626.2479931974594
270,12158,-1.012648585435343,-0.12177408229363117,-8.315797305649701,8.211928032343714,2543.8076442442216,-19015.06770556183,-19000.256220225212,0.21986482082152717,0.8561349589048368,-8.672830163898796,3.8939151598053736,2499.733002976129,-19225.566490574398,-19203.34926256947,0.23475121124867718,0.8714760527422111,-8.67515307648783,3.7123388974510427,2502.4290931750393,-19212.460530718465,-19190.243302713538,-16.77805599672646,-1.9465790986004816,0.04011704829615065,-12.41416542039688,1.5687230206901062,0.5137217391879749,2422.2245629248455,-19604.51392909929,-19567.485215757744,-210.498785012569,-203.09304234425872,-197.3928251566358,-189.98708248832554,-589.4462235374594,-567.2289955325323
271,12205,-1.0850821616879924,-0.12935849146735784,-8.388178846085266,7.730455021983143,2608.710827370483,-18828.187340706576,-18813.368138740923,0.2312914745961662,0.8568563796664445,-8.706194417084339,3.704660455654544,2553.3536109701627,-19087.9666096737,-19065.737806725218,0.24684587917859355,0.8696828494312246,-8.709997033112904,3.523181558975944,2556.117151182543,-19074.76406359753,-19052.53526064905,-37.606455553488814,-4.257033069547825,0.003656494941586059,-14.18036414197438,1.8127022433300901,0.23490538684169027,2474.11197047765,-19468.742719447124,-19431.694714532987,-259.77926896712233,-252.3696679842942,-246.57672289095353,-239.1671219081254,-640.5553787405479,-618.3265757920635
272,12125,-1.061973453568871,-0.12733164815044762,-8.340216034226662,7.853507077976864,2706.1034875864157,-18180.585926686577,-18165.779877254965,0.23735838568769757,0.9352355668438388,-8.65985824968266,3.940183381910794,2654.364341143656,-18412.653792710702,-18390.444718563285,0.2543173394653678,0.9610399447439749,-8.660581876363068,3.778900592324129,2657.3619423727732,-18398.96863017728,-18376.759556029865,-109.64823409955491,-12.41683576964711,1.0000000000000002e-06,-16.671191868567146,1.922625676153764,0.08053581593182499,2582.7657824003954,-18740.20431620903,-18703.18919263,-232.06786602412467,-224.66484130832032,-218.38270349070444,-210.9796787749001,-559.6183895224531,-537.4093153750364
273,12098,-1.060669834809679,-0.12721922695592003,-8.337339097156978,7.8604470717817545,2653.73586115486,-18349.533953315506,-18334.732362458173,0.22355369909514383,0.9188330907640364,-8.681560032730754,4.1101225096390985,2624.6454749284726,-18480.885082540746,-18458.682696254746,0.2424665244310682,0.9691618343263765,-8.678908783538548,3.997095420080983,2626.812080131738,-18470.902485914383,-18448.700099628382,-37.07546503774608,-4.60021818972101,0.09788703086531919,-13.45380238389437,1.2625951353174945,0.21738099341341177,2529.9666004973633,-18921.362317747342,-18884.35834060401,-131.35112922524058,-123.95033379657252,-121.36853259887721,-113.96773717020915,-571.8283644318362,-549.6259781458357
274,12160,-1.0944460886704515,-0.1312621167860658,-8.33786712775786,7.618344305919006,2464.639922439106,-19404.650854566073,-19389.839040255032,0.23795949778329753,0.9081479707877709,-8.653455750953176,3.816397240906911,2416.7584381768806,-19641.212627333258,-19618.994905866697,0.2538551808292704,0.9179152465438128,-8.657452472258651,3.6159011746195335,2418.9646858303477,-19630.116883164435,-19607.899161697875,-770.0595861957634,-87.9783776387349,0.010024190792240335,-20.5264667332994,1.9209113827762754,0.011366429193617257,2339.235646963787,-20033.66418904855,-19996.63465327095,-236.56177276718518,-229.15586561166492,-225.46602859836275,-218.0601214428425,-629.013334482479,-606.7956130159182
275,12137,-1.0198153041038358,-0.12211557549400441,-8.35123038136856,8.188963577779623,2591.0197991687132,-18738.041512708696,-18723.233484874483,0.22596779492029603,0.9315686334260651,-8.668187101427053,4.12257257170054,2546.411803526524,-18946.81642584539,-18924.604384094073,0.24192287845635158,0.9551078741081683,-8.670005181215904,3.9479849123922013,2548.981807021274,-18934.57315773112,-18912.361115979802,-1098.7487344491196,-128.04587281361074,0.04562362718588508,-20.114877784681124,1.7077019307241348,0.007809701148709763,2469.698321967714,-19314.077862142378,-19277.057792556847,-208.77491313669452,-201.37089921958977,-196.53164502242362,-189.12763110531887,-576.0363494336816,-553.8243076823637
276,12240,-1.0277771359795764,-0.1238768542981077,-8.296764894483411,8.07253304635518,2490.5226008857717,-19484.732515166823,-19469.90758605469,0.23178805078545045,0.8389306335042265,-8.67251466154361,3.6193868953182764,2427.735458722398,-19795.26445805995,-19773.027064391754,0.2465571861126088,0.8487715926032794,-8.67426580032112,3.4424938327111843,2431.3847621307946,-19776.879450039338,-19754.64205637114,-9.260581536872992,-1.0506241632637667,1.0259373614649123e-06,-10.83325024483782,1.5398021284496437,0.9518151542350762,2342.162839660077,-20230.486086056437,-20193.423763276107,-310.53194289312887,-303.1194783370629,-292.146934872515,-284.734470316449,-745.7535708896139,-723.516177221416
277,12226,-0.9862040406474712,-0.11908254636654535,-8.281684182431391,8.397536251214532,2569.061648798646,-19068.854849183466,-19054.03220896229,0.22679226906945787,0.9288904427195039,-8.635772009134014,4.095776485374905,2518.6659553076665,-19309.068249235945,-19286.834288904178,0.24474035873108294,0.9711154332848967,-8.632967015537028,3.9679415292184967,2521.8554495743497,-19293.595737971067,-19271.3617776393,-657.5757336361888,-76.00031881553545,0.029413447068887228,-18.86111719948661,1.6595106610789208,0.013157839540478177,2423.739142655976,-19774.76586796896,-19737.709267416016,-240.2134000524784,-232.80207994188822,-224.74088878760085,-217.32956867701068,-705.9110187854931,-683.6770584537262
278,12171,-0.9948160725702644,-0.11975945839325029,-8.30678499984209,8.350071162783085,2641.9685773775636,-18587.589055357228,-18572.775432653478,0.21181691668013095,0.8091473430460074,-8.691147015336917,3.8200317317805044,2597.722781858046,-18791.146345236975,-18768.92591118135,0.2253939522864052,0.8193226698220936,-8.689446742872697,3.635069448451708,2600.367395294582,-18778.7619533483,-18756.541519292678,-247.59727502521187,-29.10578732262143,0.05669813981572113,-16.822408881006695,1.5379898246411137,0.034357428263855475,2511.3713622648092,-19198.60214948921,-19161.568092729834,-203.55728987974726,-196.15047852787393,-191.1728979910731,-183.76608663919978,-611.0130941319803,-588.7926600763567
279,12127,-1.05238218907274,-0.12681751906953073,-8.298397546286537,7.88534586811879,2543.0591540613095,-18939.18194899267,-18924.375569691358,0.23924556891354767,0.9153436468473691,-8.663366112779032,3.825958620692917,2487.825945382559,-19203.4730775873,-19181.26350863533,0.25700921156397843,0.9449016788059708,-8.665218685074256,3.676528452252585,2491.0257159756134,-19187.885698824655,-19165.676129872685,-139.89471376832623,-16.208879311282633,0.035944929035487086,-16.399038367255933,1.699641430362726,0.06169457991484474,2391.8527926402435,-19676.560440255984,-19639.5444920027,-264.2911285946284,-256.8879389439717,-248.70374983198417,-241.30056018132746,-737.3784912633128,-715.1689223113426
280,12149,-0.9550376914461638,-0.11488544760202204,-8.312956178353739,8.704322617640212,2464.6801652351346,-19375.900295663683,-19361.090291381974,0.21326321293337674,0.7804319046005217,-8.705483730701767,3.659477384148423,2397.985838626425,-19707.182568245415,-19684.96756182285,0.22531712359146203,0.7747975737153118,-8.706083064785346,3.438698139605894,2401.184602860359,-19690.987355799127,-19668.772349376562,-39.74040077790759,-4.48817808305467,1.0000039748877392e-06,-13.968810748873791,1.6962897962986496,0.22280755832206114,2308.5340507468322,-20165.04427444438,-20128.019263740105,-331.2822725817314,-323.8772704408766,-315.0870601354436,-307.68205799458883,-789.1439787806958,-766.9289723581314
281,12034,-1.128222100899486,-0.1349862522920415,-8.358051888562606,7.408161816630847,2648.7281557759998,-18211.34103607305,-18196.55005356149,0.25264743586856014,1.0594214856994095,-8.638484165701371,4.193280181361404,2621.0702206571495,-18335.660346051256,-18313.473872283914,0.2756266453238235,1.1265978843282007,-8.639139924811156,4.08740556633994,2622.719807242191,-18328.089056768655,-18305.902583001312,-8.550136630521651,-44.52553271599655,0.16647125757242157,-16.542772282584284,0.9967188047726867,0.022459023822992537,2543.1052375489094,-18695.049199508314,-18658.07174322941,-124.31930997820746,-116.9238187224255,-116.7480206956061,-109.35252943982414,-483.7081634352653,-461.52168966792306
282,12413,-0.9609925214584676,-0.11600748467100583,-8.28388378718681,8.62013345807793,2751.593016921571,-18696.982503120842,-18682.12950394181,0.2133675188538998,0.7743668230458323,-8.68384791330635,3.629262913143159,2684.8456725654623,-18999.805740795386,-18977.526242026837,0.22508453152549135,0.768130020115515,-8.683707619421815,3.4126290905446894,2688.3731517947126,-18983.507649318228,-18961.22815054968,-10.609129263135872,-1.2021860037197798,1.037596149526037e-06,-11.09284406440323,1.4960626935439565,0.8318180355667261,2595.568620509054,-19415.584037620458,-19378.45153967288,-302.82323767454363,-295.3967380850263,-286.52514619738577,-279.09864660786843,-718.6015344996158,-696.3220357310674
283,12123,-0.9726545798273891,-0.1165412718826052,-8.346009650616883,8.580651161996274,2561.093398538245,-18843.266818282144,-18828.46109877465,0.21022057458295718,0.8090343179853723,-8.72195757870937,3.8485020773554752,2512.3656916714444,-19074.14310435062,-19051.93452508938,0.22220069481944701,0.8021662336371084,-8.727628932180409,3.6100977734967135,2514.845328758653,-19062.183931471707,-19039.975352210466,-1002.2656419969566,-115.6771203327886,0.03681521923693349,-19.528458403812014,1.649986226104819,0.008644751850003917,2430.324736123435,-19472.625870488093,-19435.61157171936,-230.87628606847647,-223.4734263147293,-218.91711318956368,-211.5142534358165,-629.3590522059494,-607.1504729447115
284,12183,-1.1005918483009507,-0.1324547150194485,-8.30919343369052,7.549750115374668,2535.5036222820745,-19119.036843134625,-19104.221249501916,0.24721776158769818,0.9976184385202153,-8.630379891841065,4.035383348321109,2501.7957303580597,-19280.08825156891,-19257.864861119848,0.2691875752959766,1.0592620485995103,-8.629858587730782,3.9350332103360737,2504.2212253293396,-19268.282535444097,-19246.059144995033,-14.420542633591221,-1.8046053153761634,0.1071861737717426,-12.229219897570331,1.3075022922432495,0.5541377892880437,2412.452489248924,-19719.121897803827,-19682.082913722053,-161.0514084342867,-153.64361161793204,-149.24569230947236,-141.83789549311768,-600.0850546692018,-577.8616642201378
285,11997,-0.9329955949431386,-0.11307515333178914,-8.251110588419984,8.843675825632218,2580.212701221946,-18432.807013618327,-18418.022189823296,0.20887521632845996,0.8102702619554206,-8.674589728229662,3.879207290352994,2525.7696280592086,-18686.655256283924,-18664.47802059138,0.21926864917107708,0.7912551069351167,-8.679443366604582,3.608610304876582,2528.913194032991,-18671.733106991065,-18649.555871298522,-273.14430196117746,-30.912689096633894,1.0000000000000002e-06,-17.308543772517606,1.6771846378773365,0.03234917534589027,2426.9643847148222,-19161.390352005637,-19124.428292518063,-253.84824266559735,-246.45583076808543,-238.92609337273825,-231.53368147522633,-728.5833383873105,-706.4061026947675
286,12138,-1.1230923387626182,-0.13447832066954238,-8.351475042006411,7.436142829722941,2628.068797653362,-18568.253642353895,-18553.445449741102,0.23328482481487814,0.919857018539227,-8.641737514575357,3.9430641031587643,2595.3653212874697,-18718.245597823472,-18696.033308904283,0.2525986873150978,0.9653558964411104,-8.638946872656371,3.8216979933743747,2597.5474223851957,-18708.04463894335,-18685.83235002416,-50.18786483778805,-6.092064726220275,0.08487333672471038,-14.53260606421137,1.5388920668938437,0.1641479604929336,2521.5063282218953,-19064.679530736936,-19027.659049204958,-149.99195546957708,-142.58785916318084,-139.79099658945415,-132.3869002830579,-496.42588838304073,-474.21359946385564
287,11991,-0.986803500376619,-0.11882488357033508,-8.304687290457206,8.415745675088989,2604.2868253564693,-18306.22704804637,-18291.443224751612,0.20629201454550306,0.748200878251812,-8.717266009613901,3.626901796951413,2558.6089968534825,-18516.409184641972,-18494.233449699834,0.2156409078263439,0.7181763096110924,-8.727448240125607,3.3304270365502324,2561.0487787454413,-18504.980519616525,-18482.804784674387,-25.280860333613926,-2.9145445749354377,0.03235779627730456,-13.06749868121541,1.5567536158115467,0.3431067785340534,2476.2285099442,-18904.839956914282,-18867.880398677386,-210.18213659560206,-202.7902249482213,-198.75347157015494,-191.36155992277418,-598.6129088679118,-576.4371739257731
288,11965,-0.9840140917593985,-0.11840980138958196,-8.310241890549905,8.445246831466967,2384.080399869641,-19297.60594670221,-19282.826464701524,0.2253686555243154,0.9404034415760106,-8.66210136536292,4.172733956229104,2335.3708183734616,-19542.596883281643,-19520.427660280617,0.24256102224110435,0.976144655996882,-8.663270071420555,4.0243261138081765,2338.265564282699,-19527.77517427508,-19505.605951274054,-1321.6752551529296,-150.97864672372515,0.016037685023319925,-20.72693158710939,1.777630436161231,0.006623453194873932,2252.793370875314,-19969.333806790597,-19932.385101788885,-244.99093657943376,-237.60119557909275,-230.16922757287102,-222.77948657253,-671.7278600883874,-649.5586370873607
289,12172,-0.957857451918616,-0.11591261041349409,-8.263617293249277,8.62718902139041,2471.598852169412,-19401.490739801597,-19386.676952779562,0.22181101425688038,0.8725173149112788,-8.638679063186013,3.933606804127465,2413.6586117475,-19688.22953497008,-19666.00885443703,0.23737042993085242,0.8943614347428723,-8.636221281143982,3.7677879043459868,2416.6766817921616,-19673.01901597639,-19650.79833544334,-1676.9227549810194,-190.499633102617,1.0000000000000002e-06,-21.698524303550123,1.8770851429678153,0.00524935394212191,2329.1429978217484,-20118.0798397271,-20081.045372172015,-286.7387951684832,-279.3319016574678,-271.5282761747949,-264.1213826637795,-716.5890999255025,-694.3684193924528
290,12289,-0.9884059829172068,-0.11957979666388821,-8.26566034139858,8.362616661832718,2655.9508958321735,-18821.54134154371,-18806.708421879142,0.21114639039072,0.676611371324219,-8.722380019829725,3.2044657267034977,2592.9844981860642,-19114.39396339787,-19092.144583901016,0.22170262336801186,0.6589387561724808,-8.721389662090635,2.972173924521793,2595.5340866021857,-19102.316568258753,-19080.0671887619,-8.405164136092532,-0.9718529868565859,0.04475742160383065,-10.606669411360816,1.2731060104237704,1.0289622129314582,2494.4322871917375,-19586.572622092717,-19549.490322931295,-292.8526218541592,-285.4361620218733,-280.77522671504266,-273.35876688275675,-765.0312805490066,-742.7819010521525
291,12109,-1.0034980601064245,-0.12038990593365514,-8.335400317194662,8.306344225828063,2537.5447649941043,-18919.363873343267,-18904.56046482976,0.21722686775862587,0.7578857065084901,-8.712968646901935,3.4889132929478293,2473.45625455615,-19227.118386456357,-19204.913273686096,0.22830675248273039,0.7408281530960398,-8.716485404959576,3.2448806048873986,2476.433371812131,-19212.552438558214,-19190.347325787952,-9.363046483675738,-1.064261711661009,0.012771056074888314,-10.89060609917554,1.4838202578344288,0.939618506466126,2396.8743225944036,-19603.957854404627,-19566.949333120854,-307.75451311309007,-300.3528088563362,-293.1885652149467,-285.78686095819285,-684.59398106136,-662.3888682910947
292,12386,-1.0069916652980306,-0.12066153155810844,-8.345589951450943,8.287645507950625,2654.407574196726,-19074.716992520956,-19059.86834835796,0.2122230432612329,0.8051314710617575,-8.703949124204492,3.7937985370923766,2609.919904463599,-19282.06468123009,-19259.791714985597,0.22400525023977993,0.7972436120869124,-8.709546533237257,3.559039849438913,2612.41594523791,-19270.224782658057,-19247.951816413562,-7.599332802417915,-0.8822192864275119,0.05286949249026526,-10.567200538517314,1.2789086342683278,1.1335050314411435,2530.6974281673192,-19659.85823702871,-19622.736626621223,-207.34768870913467,-199.92336662763773,-195.50779013710053,-188.0834680556036,-585.1412445077549,-562.8682782632641
293,12064,-1.0523715059850993,-0.12648572777897643,-8.320081043641803,7.906030328950782,2461.1457245921783,-19172.920261488976,-19158.12429930848,0.2259412208776453,0.9055439268787001,-8.655325619308712,4.007873921196001,2424.1563017422227,-19353.61067555706,-19331.416732286318,0.2438319261699199,0.9423271075478247,-8.655222018137056,3.864658424143942,2426.4091815837132,-19342.404252530505,-19320.21030925976,-18.579539243182285,-2.255861840598957,0.0855635452059179,-12.696308070071014,1.4208992657784991,0.44328955878543014,2344.01225692412,-19755.19567548786,-19718.20577003662,-180.69041406808537,-173.29243297783614,-169.4839910415285,-162.08600995127927,-582.2754139988829,-560.0814707281388
294,12264,-1.050618312735314,-0.12607898641426318,-8.333016806490273,7.931535844635177,2478.717484670261,-19605.23899185232,-19590.410145011214,0.22982914151931153,0.8651054070184581,-8.681346029297453,3.764124084959727,2424.816312075019,-19872.869276822697,-19850.626006561044,0.2443767083616514,0.8688802102276105,-8.686319359759326,3.555495186316041,2427.439618675785,-19859.60854377586,-19837.365273514206,-1073.138897585364,-122.56146333845203,0.015511580364660488,-20.16515114163539,1.7643825206792985,0.008159171510856654,2333.385282870958,-20340.244084689613,-20303.171967586855,-267.63028497037885,-260.21586154983015,-254.3695519235407,-246.955128502992,-735.0050928372948,-712.7618225756414
295,12257,-1.0951831841330857,-0.1314961222614624,-8.328634831949348,7.6047869914493305,2518.9067965428903,-19389.91042715914,-19375.082722196457,0.25059842775121005,1.0445163331854619,-8.620811105788814,4.168088134305616,2478.3426040961076,-19586.902387559607,-19564.660830115583,0.2751070020922527,1.1258450911846007,-8.618060600272774,4.092389806956156,2481.053840996745,-19573.500904387354,-19551.25934694333,-305.7562201739297,-35.85262825090973,0.04739235429725831,-18.420369078825544,1.8049871594308364,0.02789195796195571,2395.515240007202,-19999.538565097628,-19962.469302690923,-196.9919604004681,-189.5781079191256,-183.5904772282156,-176.17662474687313,-609.6281379384891,-587.3865804944653
296,12035,-1.0060809385815797,-0.12117447930557802,-8.302746125646168,8.252562798130109,2590.176610939503,-18482.879354847882,-18468.088206147448,0.22556488183909204,0.822119236651334,-8.67443292481105,3.6447129089793213,2528.210145865228,-18772.300414510413,-18750.113691459763,0.23911077365661787,0.8216832911363777,-8.677380668182941,3.4364126658566225,2531.2124869526524,-18758.016895678,-18735.83017262735,-9.998673998232476,-1.1419764156106238,0.01450719951152196,-11.196017578152324,1.5644257689059613,0.875674826844206,2452.986056111811,-19131.82383943098,-19094.845967679896,-289.42105966253075,-282.02548531231514,-275.13754083011736,-267.74196647990175,-648.9444845830985,-626.7577615324481
297,12214,-1.0846758025666272,-0.13035716108386394,-8.320799513797422,7.671231804109789,2713.6059760305798,-18369.574746943355,-18354.75407071579,0.2367263291869992,0.9892324686346525,-8.634882338883006,4.178802045518223,2685.385603255496,-18495.260359015298,-18473.02934467395,0.25570849524486366,1.0307939561077644,-8.636832172993229,4.031129099252989,2687.2733027043523,-18486.677509286455,-18464.446494945107,-541.6986372664662,-69.62356858504681,0.11555593660531659,-18.086329603768725,1.4404492258935644,0.01436295237838142,2608.1322964518417,-18847.786549751167,-18810.734859182252,-125.68561207194216,-118.27527395815923,-117.10276234310004,-109.69242422931711,-478.2118028078112,-455.9807884664624
298,12110,-1.0805177837108277,-0.13014729202806424,-8.302268659403461,7.683602051315563,2616.4861530822504,-18550.93355813909,-18536.129984466,0.23613415687985345,0.9715377389327239,-8.626143517089755,4.114346487480201,2585.824791121875,-18691.682961925213,-18669.477601415572,0.2570095817960778,1.0304409450052538,-8.62286157194741,4.009348358937252,2587.940046925294,-18681.78079203211,-18659.57543152247,-614.0716417719101,-75.44918301005058,0.08949665541055879,-18.635289414554148,1.5517394217751237,0.01325395398737174,2505.255689306605,-19071.00956312401,-19034.000628941274,-140.74940378612155,-133.34761694957342,-130.8472338930187,-123.44544705647058,-520.0760049849196,-497.8706444752752
299,12177,-1.022727665477984,-0.12313602655242406,-8.305673766747434,8.121100119908927,2536.8339318937947,-19097.233160942287,-19082.41855253127,0.22159684524942766,0.8958788229400686,-8.653746074069332,4.042832026474359,2495.25975386548,-19296.445744153047,-19274.223831536525,0.23648103557363878,0.9082281624277866,-8.658571661058113,3.840596182373236,2497.730149393622,-19284.396046723763,-19262.17413410724,-323.9675582352503,-36.80259652659915,0.0012622031855996324,-18.66521076817331,1.8773180464034518,0.027171995847555155,2415.2570454129695,-19689.259044550865,-19652.22252352333,-199.21258321075948,-191.8052790052534,-187.16288578147578,-179.7555815759697,-592.0258836085777,-569.8039709920595
300,12192,-1.133034410275408,-0.13545479574009886,-8.3646681100121,7.382536694520065,2539.770634306337,-19121.66627624711,-19106.84920569126,0.26084713586724645,1.0766741538069418,-8.621780830386726,4.1276058110712635,2491.7823979278483,-19352.234755665093,-19330.009149831312,0.2842444581878835,1.1435629658457929,-8.62194873319747,4.023167146815246,2494.727075349789,-19337.835299895905,-19315.609694062125,-2312.1841529202616,-262.5692673572739,0.00014079229456830385,-23.652380567006485,2.0836600774974556,0.003808518834153259,2421.019938215563,-19699.478514334816,-19662.435837945184,-230.56847941798333,-223.159944140054,-216.1690236487957,-208.76048837086637,-577.8122380877066,-555.5866322539259
301,12247,-0.9875801261093969,-0.11945244158371089,-8.267559147523261,8.371532525764335,2564.648934632312,-19143.687362101817,-19128.861289525776,0.21974079413024117,0.9131734246028083,-8.641728527320277,4.155684556512375,2525.927077741032,-19328.006445350464,-19305.7673364864,0.234915420031142,0.9303941995181955,-8.644960480579416,3.960549713572894,2528.320229831721,-19316.408700301043,-19294.169591436977,-945.8946966680076,-117.92159614640002,0.09378940707102186,-18.396192659362296,1.3849013474174683,0.008480210857716825,2437.5843537215906,-19760.007298452827,-19722.94211701272,-184.31908324864708,-176.90604696062292,-172.721338199226,-165.30830191120185,-616.3199363510103,-594.080827486945
302,12192,-1.0008533186532431,-0.1218784412995217,-8.211897920433701,8.204896529177423,2580.0643478349493,-18929.757318191554,-18914.940247635703,0.22430611543110252,0.9330835392334582,-8.595186510147528,4.159866695743579,2546.744705097929,-19086.233594460657,-19064.007988626876,0.24071974247213154,0.9591248624577395,-8.595982979497846,3.984404655005722,2549.1885697255,-19074.53972084941,-19052.31411501563,-1000.4012584218585,-115.66475475722144,0.020945330703719952,-19.779703853046236,1.691764817515401,0.008645676049709219,2451.810092432732,-19545.400266571534,-19508.357590181902,-156.47627626910253,-149.0677409911732,-144.78240265785644,-137.3738673799271,-615.6429483799802,-593.4173425461995
303,12105,-1.130801061383932,-0.1352399554127916,-8.361442133964028,7.394264490458531,2583.382350448176,-18692.40323952833,-18677.600491789584,0.24038206163642056,0.9752376886376247,-8.659295428705514,4.057031884985986,2553.542505446342,-18831.03811224899,-18808.833990640873,0.26190372997674627,1.0363952999367347,-8.657439274193726,3.957161282234329,2555.5657800869526,-18821.450630662715,-18799.2465090546,-174.275147237434,-21.8845576452074,0.1060020615587343,-16.371565693090744,1.4534833438888206,0.045694320909383086,2475.1871730725284,-19204.297630972997,-19167.290761626136,-138.6348727206605,-131.23349885128846,-129.047391134387,-121.64601726501496,-511.89439144466814,-489.69026983655203
304,12187,-0.9699036037589676,-0.11739397186843192,-8.26195407074204,8.518324953863386,2577.662588901917,-18928.3435687579,-18913.527318580254,0.2108682509310389,0.8031996988272818,-8.660541420475269,3.8090120029020182,2525.90421339935,-19173.543605008766,-19151.319229742297,0.22238100332177801,0.7930506712606232,-8.665691936546024,3.566179931804269,2528.835059885231,-19159.41103428847,-19137.186659022,-12.198694771723346,-1.3859559821949672,1.0006121709024385e-06,-11.557289497322722,1.552004783167539,0.7215236362819253,2444.9505389973638,-19566.52549821518,-19529.48487277106,-245.2000362508661,-237.7919111620431,-231.0674655305702,-223.6593404417472,-638.1819294572779,-615.9575541908052
305,12183,-0.943634502889341,-0.11350580930432501,-8.313534863747146,8.810121756137253,2565.336132827879,-18976.529476698066,-18961.713883065357,0.21660528399605286,0.7978906780406942,-8.720033596321702,3.683615945653634,2502.3122305058796,-19277.573309296502,-19255.349918847438,0.22825285249598407,0.7874479307428415,-8.726803234496767,3.449893055582716,2505.31613222027,-19262.956993417938,-19240.733602968874,-17.070556103491867,-1.959714461359266,0.030633827534877416,-12.267611462788988,1.5570443146582011,0.510278420513566,2413.976853046868,-19711.42621909364,-19674.387235011865,-301.043832598436,-293.6360357820813,-286.4275167198721,-279.0197199035174,-734.8967423955728,-712.6733519465088
306,12422,-0.9680258221966225,-0.11674116861890636,-8.292068973171556,8.565958451764624,2626.520375266196,-19297.417574111438,-19282.5631253652,0.20796797195853808,0.7917306381324968,-8.681445664927756,3.80698350172084,2574.919266992149,-19541.891642991835,-19519.60996987248,0.21961963047290164,0.7861578919829163,-8.68385287914906,3.5796339803054105,2577.8200461671786,-19527.905496777606,-19505.62382365825,-107.82105197965868,-12.20983219575151,1.0000000000000002e-06,-15.93916526316231,1.733840249693547,0.08190120748325734,2483.8937902154066,-19984.969055071768,-19947.832933206173,-244.47406888039768,-237.04684450728018,-230.48792266616874,-223.06069829305125,-687.5514809603301,-665.269807840974
307,12231,-1.0428400043476775,-0.12551100552415853,-8.308753483350513,7.9674287989631205,2626.628509279434,-18810.61246821861,-18795.789010235636,0.22607282871432,0.9275094222806506,-8.63436621101436,4.102701892816631,2590.332774021594,-18978.803610788043,-18956.56842381358,0.24226810419308928,0.947820695172954,-8.637276748975033,3.912280150661247,2592.2728395887502,-18969.646462886238,-18947.411275911774,-77.14814060645905,-9.30218882243224,0.07368858137179146,-15.576520131020352,1.6357694080978762,0.10750158044400246,2514.4613079092424,-19338.403876531745,-19301.34523157431,-168.1911425694343,-160.77941357794407,-159.03399466762858,-151.62226567613834,-527.7914083131363,-505.5562213386729
308,12109,-1.1758988260330594,-0.1406406519505617,-8.36101660312563,7.110319712905784,2586.849259897364,-18686.34254439902,-18671.539135885512,0.23974238563084735,0.7818723798692979,-8.691492787111022,3.2613022424546,2531.775546719355,-18944.925554181635,-18922.720441411373,0.25456619768345257,0.7819764622474422,-8.691240416942101,3.071800063651077,2534.135123488061,-18933.645403772945,-18911.440291002684,-9.712186965227424,-1.1245463044406474,0.044081053218182197,-11.158643250260274,1.555797440295573,0.889247509018673,2458.212128874236,-19297.978126178703,-19260.96960489493,-258.5830097826147,-251.1813055258608,-247.30285937392546,-239.90115511717158,-611.635581779683,-589.4304690094177
309,12291,-1.001981747843872,-0.12069868219303542,-8.301513567823266,8.285094599464502,2471.140044705239,-19713.0708549755,-19698.23760984307,0.22188230870537662,0.8641890182999481,-8.683314880070668,3.8948081230191707,2416.9516401299434,-19983.593143625872,-19961.34327592723,0.23701030904558287,0.88189996433085,-8.685122097496912,3.7209350423708325,2420.272973907953,-19966.714655179312,-19944.46478748067,-514.9797779443027,-58.71737336765922,0.01483660761447669,-18.60152292623812,1.7079773896087926,0.017030734561958236,2318.571212775546,-20490.35737303309,-20453.274260202015,-270.5222886503725,-263.1056660841605,-253.64380020381213,-246.2271776376001,-777.28651805759,-755.0366503589466
310,12215,-1.0202681445862503,-0.12289485158923184,-8.301960020232833,8.137037370307715,2528.1730316934786,-19236.674489941175,-19221.853649973793,0.22535490466705185,0.7932346614411282,-8.700683685938024,3.5199352000484927,2464.746664281771,-19545.031877544538,-19522.80061759346,0.23739441106668252,0.7788010406262275,-8.705168064687491,3.280620791057576,2467.673895213156,-19530.53346663517,-19508.302206684093,-13.94372004288798,-1.5782739337843408,1.001401192136374e-06,-11.781342140578065,1.600078712725884,0.6336035707072905,2371.3306538202346,-20012.9922894625,-19975.940189544042,-308.35738760336244,-300.9469676196677,-293.8589766939949,-286.4485567103002,-776.3177995213264,-754.0865395702494
311,12287,-1.0429932338855241,-0.1260680367600443,-8.273256732558938,7.932224739117517,2575.7816939266518,-19193.070379338984,-19178.237785195248,0.23410206551198057,0.8826980130052063,-8.648819130037484,3.7705690937615106,2523.9653815699994,-19440.764699890075,-19418.51580867447,0.2514103046649639,0.9108029522275822,-8.647159341337016,3.622774943299729,2527.0169798807588,-19425.91808577696,-19403.669194561357,-109.16948101647766,-12.712276502478995,0.03908170454279333,-16.172727327203987,1.7361088803623388,0.07866411651799676,2432.383892315913,-19890.885176710675,-19853.80369135134,-247.69432055109064,-240.2780234792226,-232.84770643797674,-225.4314093661087,-697.8147973716914,-675.5659061560909
312,12233,-0.9947499486642817,-0.1201265582588118,-8.280849489761458,8.324553824688019,2619.1253202108965,-18850.68379451105,-18835.860009516957,0.2245126103528974,0.7875533233662456,-8.674059302983045,3.5078355827244603,2547.968733860385,-19185.628910476404,-19163.39323298526,0.23712052535950837,0.7825032398454568,-8.673321262909884,3.3000232209298237,2551.6168305192737,-19168.126635643464,-19145.890958152322,-8.373362295352516,-0.9496680418670506,1.0000003251253333e-06,-10.630574635787656,1.5148142347107068,1.052999528165649,2462.8374794671026,-19597.33480971062,-19560.275347225386,-334.9451159653545,-327.53322346830464,-317.4428411324152,-310.03094863536535,-746.6510151995717,-724.4153377084294
313,12154,-0.9954300228388867,-0.11976602433265932,-8.311455843887774,8.3496133863676,2552.70580945064,-18962.37090746278,-18947.56008023739,0.20627856671051056,0.7389045516576402,-8.724082999224647,3.5820713874486634,2504.434715560238,-19192.401119327595,-19170.18487848951,0.21873397892546198,0.7403305410190485,-8.722964275009868,3.384616074082075,2507.282315152893,-19178.589593672226,-19156.37335283414,-9.577770772776715,-1.1165503936392636,0.05992413732905517,-10.951657070297871,1.2252753485311043,0.8956156441274618,2414.478098754149,-19632.993115109915,-19595.96604704644,-230.0302118648142,-222.62479825211994,-216.21868620944588,-208.81327259675163,-670.6222076471349,-648.4059668090522
314,12076,-1.016368325169096,-0.1220865774622064,-8.32498007804115,8.190908622281299,2470.1632581372505,-19159.836322015894,-19145.03837143424,0.22482397811286683,0.8882554158865593,-8.67422101761518,3.9508927087867582,2420.3103908290473,-19404.047271391704,-19381.850345519226,0.2396278630202632,0.9004108973599577,-8.67892434405876,3.757538401466352,2423.0737770413484,-19390.267379331057,-19368.07045345858,-1188.8385455222758,-135.30139117839013,0.009124038918258056,-20.653378427018072,1.8117948297177076,0.0073909070061337,2339.1478396297616,-19811.948771109655,-19774.953894655522,-244.21094937581074,-236.811974084987,-230.43105731516334,-223.03208202433962,-652.1124490937618,-629.9155232212834
315,12013,-1.0374678531974284,-0.12553688902777307,-8.264246957465266,7.965786054956051,2657.435873624622,-18119.144513672392,-18104.35702432095,0.21919076888953493,0.729936142569266,-8.704499550862376,3.330140891732216,2609.690655302081,-18334.940313790434,-18312.75907976327,0.23022479050807335,0.7112295864926238,-8.706397300212261,3.0892832388859657,2612.4973803667053,-18322.02726231944,-18299.846028292275,-5.220108566156139,-0.6062949381018505,0.06160983199804543,-9.651626233957696,1.0204652711534228,1.6493622775917216,2511.244599296588,-18792.878664210875,-18755.90994083227,-215.79580011804137,-208.40205544231867,-202.88274864704726,-195.48900397132456,-673.7341505384829,-651.5529165113185
316,12210,-1.0081854451719778,-0.1213179490575059,-8.310274390593992,8.24280337550044,2616.2249645352945,-18805.784152438857,-18790.96413130465,0.223672954204089,0.8214382806863032,-8.690899465498651,3.6724971224584753,2561.08929981803,-19063.854097312073,-19041.62406561076,0.2380993782669633,0.8325723891275515,-8.690746389363037,3.4967432304424135,2563.914087786473,-19050.394334662615,-19028.1643029613,-10.07411880999403,-1.1758719862145366,0.05518320491416599,-11.301441769497513,1.4314159637723947,0.8504327101279807,2486.1390688679376,-19422.512384110185,-19385.462331274663,-258.0699448732157,-250.6599343061098,-244.61018222375787,-237.20017165665195,-616.7282316713281,-594.498199970014
317,12176,-0.9475939442378822,-0.1147650465292706,-8.256816625750249,8.713454403078659,2479.722097177457,-19371.916031379893,-19357.10158721969,0.2201113449659076,0.8806991960618832,-8.67347414453515,4.001153126379252,2428.583705773424,-19623.642514695883,-19601.42084845558,0.2343454588321168,0.8934030148727409,-8.680276908063483,3.812333378786604,2431.9825977926757,-19606.613669336166,-19584.39200309586,-22.86305435995467,-2.6951131477149124,0.0606587292744422,-12.759542755257348,1.4200822243842746,0.3710419359750678,2327.7552759881955,-20135.95176747272,-20098.915657072215,-251.72648331598975,-244.3192612358871,-234.69763795627296,-227.2904158761703,-764.0357360928283,-741.814069852524
318,12057,-1.1751723828415386,-0.14065830499802964,-8.354802674879386,7.109427346035544,2573.998420480277,-18614.237443055947,-18599.44264168971,0.24757523670562798,1.0119942844333825,-8.65100477901457,4.087623212642484,2561.199604380573,-18672.33858988583,-18650.146387836478,0.27181635511719904,1.0894035852175046,-8.648129975743778,4.007866210801725,2562.566565900758,-18665.905253588986,-18643.713051539635,-4.5500248670079335,-0.6174060487909578,0.13347103993334225,-10.663827280193567,0.9525501998134296,1.6196796289221023,2476.0754509072967,-19075.876245373773,-19038.889241958186,-58.101146829882055,-50.70374614676621,-51.6678105330393,-44.27040984992345,-461.63880231782605,-439.44660026847487
319,12239,-1.0601022174573849,-0.12767304139725183,-8.303258118202889,7.8325070747592065,2657.859179158632,-18686.25762248547,-18671.432856778705,0.23195860123334044,0.9014857862897655,-8.644135473081125,3.886408098240381,2611.9065949794253,-18897.712245585633,-18875.475097025486,0.24952890837984246,0.9333823423165768,-8.644352467024257,3.7405779890470505,2614.6712807169497,-18884.7641970911,-18862.527048530952,-530.8799405913578,-61.608895784009555,0.03460937975735313,-18.82832430167952,1.7198214271110435,0.016231422220353245,2525.616363283104,-19304.885288779937,-19267.823374513024,-211.45462310016228,-204.04224024678115,-198.50657460562797,-191.09419175224684,-618.6276662944656,-596.3905177343186
320,12277,-0.9734521884143683,-0.11761894577536598,-8.276321318790865,8.502031653215507,2557.9711483251667,-19252.636177075794,-19237.805211331433,0.20874343031887457,0.7261846969177529,-8.693180247806458,3.4788385713909165,2491.816873836049,-19572.321955243446,-19550.075506626905,0.21825820415668765,0.6973370754680949,-8.697988658501268,3.195009682052897,2494.643017038894,-19558.405644042425,-19536.159195425884,-8.053070270532954,-0.9138495680612224,1.006315782877064e-06,-10.493450838855209,1.4493836616468918,1.0942720059730948,2405.277171453282,-20002.276677484413,-19965.199263123508,-319.68577816765173,-312.27029529547144,-305.7694669666307,-298.3539840944504,-749.6405004086191,-727.3940517920746
321,12117,-0.9459491463201822,-0.11490189191385264,-8.232668153361695,8.703076888844851,2633.8171055574912,-18488.665629613868,-18473.860900205404,0.2152601835417837,0.9438917511545983,-8.618725708090377,4.384887793108201,2593.4702770807794,-18673.719523402026,-18651.51242928933,0.23100129549853565,0.9729307515924585,-8.621441125111918,4.211797814781632,2596.35760279185,-18660.237099683778,-18638.030005571083,-929.4516589200845,-107.46362210729563,0.027219365790108776,-19.578657112736988,1.6704356152750792,0.00930547454469349,2501.946169595415,-19105.058582453043,-19068.046758931883,-185.05389378815744,-177.65152908392702,-171.57147006991,-164.16910536567957,-616.3929528391745,-594.1858587264796
322,11985,-0.9943526488605163,-0.119609926719464,-8.313295360448594,8.360510096669687,2556.88296698935,-18511.23030323613,-18496.447480942392,0.2150599006286492,0.8333429462336646,-8.707033540512866,3.87493411741422,2508.11501132474,-18740.030794759772,-18717.856561319168,0.22743587485769334,0.8286169744058054,-8.712864777867969,3.643299347230384,2510.956346499222,-18726.461190633356,-18704.28695719275,-284.43747915968606,-32.40469977984966,0.017160414474479756,-17.361722780925657,1.660437569689008,0.03085972117605712,2415.8381168516307,-19185.290992156864,-19148.33393642252,-228.80049152364154,-221.40908037677582,-215.23088739722516,-207.83947625035944,-674.0606889207338,-651.8864554801294
323,12284,-0.9957630960068876,-0.12015880266347297,-8.287059074612344,8.322319945220206,2628.213756519702,-18937.844065475452,-18923.01195971233,0.22223722042441182,0.9292272749488346,-8.637280057685476,4.181240537360334,2584.0694487022297,-19143.92241496621,-19121.67425632153,0.23745993677119046,0.9465001282170231,-8.640413431383866,3.985936074467346,2586.8343938510325,-19130.78560543384,-19108.53744678916,-1881.631790864624,-213.43878524599597,0.0011996399769709746,-21.26759344225857,1.7771684686284328,0.0046851840861419055,2494.5594462966164,-19572.974234823632,-19535.89397041583,-206.07834949075914,-198.66229660919998,-192.9415399583886,-185.52548707682945,-635.1301693481801,-612.882010703499
324,12293,-1.0030259957801382,-0.12068845141633619,-8.3108697146177,8.285796928078254,2578.1522949214846,-19197.13761095556,-19182.304040408224,0.22921623057288387,0.9636746428783692,-8.643017748497895,4.204216431226713,2530.437897784568,-19424.778321598427,-19402.527965777426,0.2460465423816127,0.9930206758629139,-8.647411374695945,4.035905834119632,2533.2309496907264,-19411.217011963563,-19388.966656142562,-1043.0370677932722,-122.29904848349398,0.04841115233317456,-19.857438171730145,1.678061828934148,0.008176678497502492,2447.6990962725217,-19829.44596519756,-19792.362038829222,-227.6407106428669,-220.22392536920233,-214.0794010080026,-206.66261573433803,-632.308354241999,-610.057998420998
325,12207,-1.0102784108483767,-0.12163553520831612,-8.305783413688673,8.221281702648609,2462.8574831458654,-19535.58991186117,-19520.77038218783,0.22345731192359666,0.8757797645699571,-8.663456578471102,3.9192262586126474,2409.1520120896903,-19802.722901680387,-19780.493607170378,0.23961126635598157,0.8990877937179373,-8.662961291871573,3.752276791451851,2412.0412194827663,-19788.092266824977,-19765.862972314968,-733.9260574355277,-83.23880140154226,0.0012322341980862332,-19.867770294572235,1.8315625713918526,0.012013628057617272,2322.633458625098,-20245.1715876074,-20208.122763424053,-267.13298981921616,-259.7232249825465,-252.50235496380628,-245.09259012713665,-709.5816757462308,-687.3523812362218
326,12136,-1.0140372110140161,-0.1216430349604249,-8.336171580591696,8.22077482960975,2590.2100935326403,-18739.290495496993,-18724.482632454936,0.21225651587048408,0.7815888058050862,-8.704574225328248,3.6822841579195646,2542.599229793962,-18962.438938895364,-18940.22714433228,0.2229800779233839,0.761089152548826,-8.711126734379002,3.4132607703650404,2545.11712908389,-18950.426780149926,-18928.21498558684,-10.023593694433835,-1.1566358670438486,0.04099058492929497,-11.175374983889977,1.4185928728352941,0.8645763359870713,2464.309223720674,-19337.99649154426,-19300.97683393912,-223.14844339837146,-215.74451187734303,-211.13628465293368,-203.73235313190526,-598.7059960472689,-576.4942014841836
327,12264,-1.051739956758819,-0.12610916613485407,-8.339916827569436,7.929637715078189,2669.5325551348787,-18695.71498558277,-18680.886138741665,0.21427333645462662,0.8180905138798921,-8.696016600007603,3.8179762700112083,2634.6084889476233,-18855.21707755811,-18832.973807296457,0.2284777368013553,0.8298569267494336,-8.697843223159689,3.632112863017956,2636.72630907156,-18845.362667473146,-18823.119397211492,-9.332360627692532,-1.1384430176316587,0.0973601950102679,-11.302063213452932,1.216289141182835,0.8783926683307642,2555.459816782918,-19225.29869531847,-19188.226578215712,-159.5020919753406,-152.0876685547919,-149.64768189037568,-142.23325846982698,-529.5837097356998,-507.34043947404643
328,12314,-1.0213785104924102,-0.12284030665324448,-8.314685450725658,8.140650469253675,2614.255788481004,-19079.71216541574,-19064.8751812048,0.21825239903040214,0.800075646294183,-8.690270801315554,3.665827499943009,2563.5417138306175,-19318.93947718138,-19296.684000864967,0.23289353539384036,0.8135821651423061,-8.68949062176914,3.493365171199269,2566.3368808446476,-19305.5201771407,-19283.26470082429,-8.315591700040553,-0.9872999903039827,0.07852910025036755,-10.950459046498159,1.284221703823976,1.0128633746791662,2482.072947173083,-19712.628819286154,-19675.5363587588,-239.22731176563684,-231.8088196601675,-225.80801172495921,-218.38951961948987,-632.9166538704121,-610.6611775540005
329,12086,-0.9996195184338277,-0.1208361808082346,-8.272518311549506,8.275667050309927,2628.5363301147972,-18434.65051289354,-18419.850906819695,0.20468800901635667,0.7475596712306214,-8.697225419060624,3.6521908382570847,2592.550327411263,-18599.257100588155,-18577.05769147739,0.21739389026441536,0.7510520166357018,-8.693624361151196,3.454798180952556,2594.7984328041757,-18588.781381782363,-18566.581972671596,-10.313320101661347,-1.2434190719483706,0.08402745147269464,-11.372430013973116,1.1984933655913683,0.8042340853217362,2499.6329344845735,-19036.37408883928,-18999.37507365467,-164.60658769461588,-157.2067846576938,-154.1308688888239,-146.7310658519018,-601.7235759457399,-579.5241668349772
330,12291,-1.0850031363256705,-0.12999011742643207,-8.346812494724672,7.6928925044317324,2614.808440613763,-19018.49120352052,-19003.65795838809,0.2303090500266495,0.9003902536083311,-8.672684704705473,3.9094870718460486,2575.650007803185,-19201.948975323954,-19179.69910762531,0.24613983731973582,0.9125449827717038,-8.677292910895243,3.7074249853602823,2577.5452534501383,-19192.908190290193,-19170.65832259155,-840.889372639914,-100.00127061884652,0.06713813639743413,-19.29788269677354,1.6231966354798617,0.009999872939729799,2489.6156360584982,-19615.51845534644,-19578.435342515364,-183.4577718034343,-176.04114923722227,-174.4169867696728,-167.00036420346078,-597.0272518259189,-574.7773841272756
331,12236,-1.0011440654454853,-0.12043867240229443,-8.312480081990781,8.302980928416057,2579.7260446716828,-19043.771622012304,-19028.947346601763,0.2257574459064296,0.8523686109112503,-8.678934498750136,3.7755946763524877,2520.7338219105686,-19324.82885466096,-19302.592441545145,0.2421593620560728,0.8795354970400286,-8.677321017212972,3.632052420242044,2524.029976194755,-19308.839305427453,-19286.60289231164,-455.1219918401382,-51.51051388339768,1.0000000000000002e-06,-18.93443093701042,1.8291271066331751,0.01941351239988909,2433.5595769139827,-19751.475196783667,-19714.414508257312,-281.05723264865446,-273.645094943382,-265.0676834151491,-257.6555457098766,-707.7035747713635,-685.4671616555497
332,12311,-0.9238624260123398,-0.11210312478584974,-8.24118353326182,8.920357946402447,2504.633893081271,-19599.428215378648,-19584.591718477353,0.21185736806572103,0.8858536443431482,-8.66704394934763,4.181368117762816,2459.518989915779,-19821.20249386277,-19798.947748510825,0.22349712598091312,0.8755574304046168,-8.678873000397,3.9175332862194847,2462.345904061288,-19807.060641283726,-19784.805895931782,-852.77547487559,-98.54966231117989,0.03173467371202991,-18.85689426997996,1.578849351358692,0.010147168204822513,2356.15736913416,-20345.759762861624,-20308.668520608386,-221.77427848412117,-214.35603003347205,-207.63242590507798,-200.21417745442886,-746.331547482976,-724.0768021310323
333,12193,-1.0405118850160184,-0.12527546518867566,-8.305791428903639,7.982408993603925,2531.6682503928787,-19163.19534750566,-19148.378112914543,0.21733027976956337,0.8106746099349817,-8.689412353270521,3.7301503076080564,2486.7454250104765,-19379.494864631044,-19357.269012744364,0.23193772569983614,0.823676742208856,-8.688623880644606,3.5512840342102137,2489.233060908268,-19367.303595269837,-19345.077743383157,-552.7685447239737,-64.08821730831708,0.038199980462359916,-18.519532580333816,1.6482879021643353,0.015603492217441105,2395.6675465473454,-19830.450812958483,-19793.40772648068,-216.2995171253824,-208.89089982982114,-204.10824776417576,-196.6996304686145,-667.2554654528212,-645.0296135661374
334,12221,-1.03109208338713,-0.12418492142867196,-8.302876641745575,8.052507409882042,2580.0419000935112,-19003.934113586703,-18989.112291461828,0.21607243036247847,0.7753174406496677,-8.688305572116754,3.588229369887735,2541.8048380678047,-19184.40884995357,-19162.176116766255,0.22963243917595808,0.7790760090639137,-8.68683324120856,3.392708851848842,2543.806754297525,-19174.787423282363,-19152.55469009505,-5.163098398856554,-0.6315668753021128,0.10380155987942558,-10.319466950053906,1.1015291660174888,1.5833635979113783,2470.0282854460247,-19530.476861471347,-19493.42230615916,-180.47473636686482,-173.06382530442716,-170.85330969565985,-163.44239863322218,-526.5427478846432,-504.3100146973302
335,12194,-1.0280695138826537,-0.12367419665592945,-8.312724413669065,8.085761032125983,2550.2160648200725,-19076.755879710476,-19061.93848109754,0.2174956546888015,0.8364999634166782,-8.686251267272867,3.846053681456599,2512.8416618745764,-19254.786119270764,-19232.56002135136,0.22914025916798827,0.8183567338847095,-8.694662479994001,3.5714227471688087,2514.680500401266,-19245.866099718158,-19223.640001798754,-16.96007051208035,-2.032331363811824,0.07527431608937496,-12.419088026316913,1.403306164341099,0.4920457450031221,2428.80745864864,-19665.551248003434,-19628.507751471094,-178.03023956028846,-170.62154025382188,-169.11022000768207,-161.7015207012155,-588.7953682929583,-566.5692703735549
336,12105,-1.0286085011141208,-0.12336046246691809,-8.338234800229982,8.10632499264643,2519.584934075243,-18995.092996764455,-18980.29024902571,0.2173845608221962,0.8001593050873774,-8.704319886809293,3.6808469840774296,2469.4594728274888,-19236.341633888587,-19214.13751228047,0.2313033806786671,0.8064845029123707,-8.704273360513886,3.486695700452216,2471.9011082294123,-19224.378937193665,-19202.17481558555,-456.2370632059868,-52.02340086247278,0.01577754129535805,-18.4338585558648,1.7180922737863076,0.019222118958419587,2382.3619612167404,-19666.994338099903,-19629.987468753043,-241.24863712413207,-233.84726325476004,-229.2859404292103,-221.88456655983828,-671.9013413354478,-649.6972197273317
337,12213,-1.0480820708494405,-0.12641985189262436,-8.290486463626273,7.910150067644103,2527.1513285044553,-19236.460919735575,-19221.64040726123,0.22948245454091232,0.9306513944211107,-8.643034403584988,4.055435942947844,2486.0194800962445,-19434.874812059865,-19412.64404334835,0.24618511772545199,0.9565807403511255,-8.64643836817269,3.885615626115603,2488.763082931142,-19421.40382136017,-19399.173052648657,-1096.7441455161766,-126.60210009491642,0.028378555878018286,-20.12139291420682,1.7262100607837323,0.007898763126759174,2398.7955026673458,-19867.075437464184,-19830.024156278327,-198.41389232428992,-191.00363608711996,-184.94290162459583,-177.53264538742587,-630.6145177286089,-608.3837490170954
338,12071,-1.0408672219886639,-0.12544208254733116,-8.29759201100579,7.97180642805962,2652.3668757670434,-18287.831853273958,-18273.034730952557,0.23149808968020172,0.9659171796269721,-8.624881446174234,4.172462852550181,2610.0353767958895,-18480.037663316372,-18457.84197983427,0.25016721043157725,1.0112598629942664,-8.624130963673043,4.042335769142912,2612.8038248234216,-18467.24081547936,-18445.045131997256,-1020.3136951865661,-118.20195634690671,0.03241417734834646,-19.74879836262941,1.6819376311415768,0.008460096862230737,2523.005061477691,-18885.402690750176,-18848.40988494667,-192.20581004241467,-184.80724888171244,-179.40896220540162,-172.0104010446994,-597.570837476218,-575.375153994115
339,11981,-1.0028387964081422,-0.12062532698330738,-8.313666967691777,8.290132967999199,2553.3050164918614,-18517.828745701052,-18503.04659101977,0.2100968239548378,0.6487609450875544,-8.78323799520138,3.0879141001532293,2486.172466070695,-18835.053376347463,-18812.880144325543,0.21964442691825428,0.6251836867717449,-8.784959509827878,2.846344410115269,2489.3140156786185,-18819.923635369385,-18797.750403347465,-7.812508546139304,-0.8882568625126186,0.028788636360655387,-10.236696367491888,1.213067231912961,1.1258004775457549,2379.6098620163148,-19355.91480649863,-19318.95941979543,-317.22463064641124,-309.8335533057725,-302.09488966833305,-294.7038123276943,-838.0860607975774,-815.9128287756575
340,12122,-0.9915948107804082,-0.11937866684250237,-8.306298244129586,8.37670604346178,2477.88082828846,-19241.108952253824,-19226.303397728803,0.22303844646753743,0.9054519120711033,-8.640083316643366,4.059622573648482,2421.6365188572054,-19517.43166119654,-19495.223329409007,0.2390600535740058,0.9311658171950185,-8.640941199004263,3.8951125596847467,2424.8065732423756,-19501.573678751633,-19479.3653469641,-62.35384822020222,-7.078624455888042,1.0000000000000002e-06,-15.261268992628302,1.8215440493434958,0.14127038469574327,2344.651337337807,-19905.05531716742,-19868.04143085486,-276.3227089427164,-268.9199316802042,-260.46472649780844,-253.0619492352962,-663.9463649135942,-641.7380331260574
341,12181,-1.008750324071646,-0.12054330787120077,-8.368364381948808,8.295773673877353,2651.038344134587,-18571.12323434441,-18556.30796906501,0.21754575494828762,0.7982569109272635,-8.727898678112197,3.669374799416406,2600.13105122796,-18805.30725949457,-18783.08436157547,0.2288592938873655,0.7856377860444915,-8.732629186114819,3.4328419558575933,2603.119959994607,-18791.312969535265,-18769.090071616167,-16.743054211085244,-1.906929209701259,0.020278977886817016,-12.179761824827995,1.556206594665177,0.5244033155046489,2520.4893472329504,-19180.243308600762,-19143.205145402262,-234.18402515015987,-226.77639251046276,-220.18973519085557,-212.78210255115846,-609.1200742563524,-586.8971763372538
342,12096,-0.9991306535261738,-0.12047167393135914,-8.293490253114985,8.300706442991467,2562.5432451629813,-18767.47514894623,-18752.67388874939,0.22004661551125,0.8110787694516232,-8.69601598578171,3.6859406701947495,2515.1336664585397,-18991.35912668802,-18969.157236392763,0.23393675732865102,0.819624559318075,-8.697537116835772,3.503615971587603,2518.00385324612,-18977.5634443686,-18955.36155407334,-13.368870395976282,-1.5676001931817318,0.061299392604707584,-11.749392437120205,1.3875515329612333,0.6379177575694965,2421.694090946784,-19445.29695790492,-19408.293807412825,-223.88397774179248,-216.48334764337415,-210.08829542237072,-202.6876653239524,-677.8218089586917,-655.6199186634367
343,12431,-0.9912522302791665,-0.11990928097232588,-8.266684799051875,8.339638032111894,2551.512318190419,-19680.576803314252,-19665.72090605067,0.21700068434466827,0.8190272952901827,-8.657105976533304,3.774307430244315,2496.930616081763,-19947.385062232064,-19925.10121633669,0.23118200220194668,0.8284127166646204,-8.6562003088949,3.583378934234547,2499.8406895035178,-19932.905661601766,-19910.621815706392,-29.80892613754903,-3.3843150254558187,1.000002710630202e-06,-13.617826258559653,1.734788968546601,0.29548076715030813,2407.617074597255,-20396.180897967075,-20359.041154808117,-266.80825891781205,-259.380310286022,-252.32885828751387,-244.9009096557238,-715.6040946528228,-693.320248757449
344,12116,-1.0581457201642026,-0.12698560890278107,-8.33280030160196,7.8749080989609626,2553.8623846620962,-18859.642953648618,-18844.838389304325,0.22872475767811629,0.8410871683302446,-8.688351325742898,3.677289581016429,2498.0924459008575,-19125.15762916084,-19102.9507826444,0.24144838629411508,0.830152364580845,-8.69727143570407,3.4382187320548625,2500.963918448282,-19111.23869619622,-19089.031849679777,-15.911141985550726,-1.8128307428102486,0.011142617258148996,-12.233294280099985,1.6667565634193313,0.5516234783451437,2418.405362885851,-19513.946681089354,-19476.93527022862,-265.5146755122223,-258.11239334007405,-251.59574254760082,-244.19346037545256,-654.3037274407361,-632.096880924295
345,12226,-1.0167127797620068,-0.12266345034684592,-8.288636728276654,8.152387668636237,2491.3089392437378,-19444.58995734093,-19429.767317119753,0.2168781906464303,0.7355756169864422,-8.722944044011026,3.3916532353667046,2433.824924405866,-19727.99599929874,-19705.762038966972,0.2266334268036738,0.7053103620452903,-8.730939832522902,3.1121197432904766,2436.7154110140264,-19713.484634650686,-19691.25067431892,-6.709409926018588,-0.7790718425645486,0.05807174919010948,-10.197030218206717,1.1547962335129263,1.2835786706245216,2333.6723597296086,-20237.743717716156,-20200.687117163212,-283.40604195780907,-275.9947218472189,-268.89467730975593,-261.48335719916577,-793.1537603752258,-770.919800043459
346,12397,-1.195787545952822,-0.143837065627358,-8.313486796586744,6.952310905665462,2802.6281145316443,-18429.06109942841,-18414.210679854736,0.2478096550016321,1.0347355324096104,-8.591364785028656,4.1755254951740906,2798.7687682496257,-18444.14409655582,-18421.868467195305,0.273280460150284,1.1228300225348753,-8.587804767850614,4.108709499088965,2799.548032118336,-18440.69286841448,-18418.417239053964,-4.277176842630863,-0.5984181214336467,0.13844673750632658,-10.781212297645398,1.0333658099754717,1.6710723893258321,2725.865491881873,-18767.345623459587,-18730.219574525396,-15.082997127410636,-7.6577873405694845,-11.631768986069801,-4.20655919922865,-338.28452403117626,-316.0088946706601
347,12250,-1.0671896195395507,-0.12829111584802205,-8.318499784535192,7.794772018232607,2669.7629919815818,-18659.3188856921,-18644.492323260154,0.22924738987646084,0.8846280900234714,-8.655505193067125,3.8588360395299977,2629.434717533379,-18843.77386497787,-18821.53402132995,0.24562161310914926,0.9087065308248932,-8.656650415108873,3.699619586901265,2632.096547390428,-18831.379215249923,-18809.139371602003,-13.475728826653825,-1.5777872505709631,0.053603660727625284,-11.982412701665318,1.5317919554373036,0.6337990116462939,2553.404506109623,-19199.20500603222,-19162.13859995236,-184.4549792857688,-177.04169806979553,-172.06032955782212,-164.64704834184886,-539.8861203401211,-517.646276692205
348,12349,-0.9436365733316945,-0.11424307569133785,-8.259901684380536,8.753265735787803,2483.774523446977,-19801.273096134064,-19786.430435399827,0.21758472539471094,0.9157086532756238,-8.636691362920688,4.208515334035865,2438.873862614394,-20024.555746806876,-20002.291755705523,0.23393260249688877,0.9484456455794142,-8.636195226985073,4.0543542689481615,2441.814974526201,-20009.672685580448,-19987.408694479094,-514.4343948300722,-59.25092810074449,0.024055766473659455,-18.54180521663662,1.670730942579956,0.01687737276114389,2350.4925478744326,-20476.375860514738,-20439.26920867915,-223.28265067281245,-215.8613203056957,-208.3995894463842,-200.97825907926745,-675.1027643806738,-652.8387732793235
349,12038,-0.9665926458258283,-0.11610389418536503,-8.325238809670072,8.612975533821936,2564.832582561825,-18608.855933123512,-18594.064285939297,0.20693756608035,0.7039682638529682,-8.758290664209088,3.401838908164361,2505.8021168342993,-18887.15254036718,-18864.965069590857,0.21628619305873742,0.6776247712583878,-8.761698681322388,3.133000593682665,2508.541724722868,-18873.99851500069,-18851.811044224367,-13.42900372276648,-1.525468470704726,0.02063560391788439,-11.50079266303812,1.4120879520807403,0.6555363281536895,2410.293533963345,-19350.95344801664,-19313.974330056102,-278.2966072436684,-270.9007836515593,-265.1425818771786,-257.7467582850695,-742.0975148931284,-719.9100441168048
350,12171,-0.9822923390190579,-0.11833225293926182,-8.301137810020856,8.450781381752996,2569.7852323628717,-18924.74990614978,-18909.93628344603,0.20980016810864113,0.7651310072517158,-8.703442912191846,3.646951354469396,2516.013414694803,-19180.125876560633,-19157.90544250501,0.22174319185586125,0.7597055776644211,-8.706323557471634,3.4260604409367805,2518.7195702700255,-19167.04211510745,-19144.821681051828,-7.166970624698127,-0.8315340862405843,0.05048132636084829,-10.455003537955454,1.2589238247258847,1.2025965219550532,2434.725826900247,-19575.83998166128,-19538.805924901906,-255.37597041085246,-247.96915905897913,-242.2922089576714,-234.88539760579806,-651.0900755114999,-628.8696414558763
351,12089,-1.0130720980748702,-0.1205496888389767,-8.403771986737132,8.295334559807468,2610.544455646706,-18525.259345227078,-18510.459242772675,0.21892596973454645,0.8623289953885861,-8.71050948897624,3.9389068205758453,2556.0162363183354,-18778.445013144647,-18756.24485946304,0.23229127903288957,0.8615495626341413,-8.714686228862004,3.708919104587463,2558.3581522619816,-18767.373698582796,-18745.17354490119,-2229.5469014716746,-260.6949037933208,0.0551665794684098,-20.96070392033438,1.6493524231152137,0.003835901605475192,2479.180565785445,-19143.42305548648,-19106.422799350472,-253.18566791756894,-245.7856166903657,-242.11435335571878,-234.71430212851556,-618.1637102594032,-595.9635565777971
352,12257,-1.049524479097861,-0.12661508981524597,-8.289094772426452,7.897952775290675,2502.1179913646242,-19471.87821686959,-19457.05051190691,0.24028803429437598,1.005362009294238,-8.62244083109148,4.183986989808126,2459.0087910763395,-19682.89545690376,-19660.653899459736,0.2605176605827964,1.0552022439176678,-8.62597461437945,4.050405801883473,2461.843211112035,-19668.77534510026,-19646.533787656237,-177.0165299443855,-20.127610119936,1.0000000000000635e-06,-17.405648460552143,1.8693263036611107,0.049682997337548766,2370.6017338708434,-20127.679618987066,-20090.61035658036,-211.01724003416894,-203.60338755282646,-196.8971282306702,-189.48327574932773,-655.8014021174749,-633.5598446734512
353,12209,-0.9660142130397982,-0.11767382977793286,-8.209252769819793,8.498066238577781,2534.269729904886,-19191.8183532041,-19176.998495876764,0.2195507299057899,0.8731534734953649,-8.628272869688836,3.97700100505263,2492.3657781438765,-19393.380834751468,-19371.15104876046,0.23337499342565363,0.8793251464035963,-8.63187659793878,3.7678636151037463,2495.333104253502,-19378.853859646988,-19356.62407365598,-25.044304325389977,-2.879101845292314,0.018024370516777608,-13.109321049540945,1.599053326843955,0.347330540472239,2397.656284567697,-19862.365540326045,-19825.315897007702,-201.5624815473675,-194.15255288369735,-187.0355064428877,-179.62557777921756,-670.5471871219452,-648.3174011309384
354,12131,-1.015733995675613,-0.12167494027068604,-8.347930916719127,8.21861919780141,2568.224254496291,-18829.977393193312,-18815.17035431577,0.22737580164517918,0.7537073201843011,-8.720747048547597,3.3148088527048465,2483.923780571093,-19232.852297185636,-19210.641738869323,0.2393491936847662,0.7405403225033891,-8.72180567784184,3.09397458626376,2487.224088534818,-19216.74493412015,-19194.534375803836,-10.104861435384823,-1.1419333416683541,1.0000521744400918e-06,-11.001068608008016,1.5626296976568805,0.8757078574647879,2402.186235786383,-19634.758288664198,-19597.740691470342,-402.8749039923241,-395.4713845535516,-386.7675409268377,-379.3640214880652,-804.7808954708853,-782.5703371545715
355,12146,-1.0050033562204497,-0.12082539899715719,-8.317815331560341,8.276405526486432,2465.613960654463,-19363.514218074142,-19348.704707721226,0.22323043162973477,0.8693310767631678,-8.677242011808207,3.894321533208786,2416.255515372301,-19607.12836589698,-19584.91410036761,0.2365925832395126,0.8661182636512017,-8.68327747611437,3.6608005702968036,2418.608258923868,-19595.307381163188,-19573.093115633816,-885.5548511986285,-104.94256599463571,0.06318203537998682,-19.451353894754302,1.6366596698467777,0.009529021808472992,2335.68820479819,-20015.02900874181,-19978.005232859523,-243.61414782283828,-236.20939264638218,-231.79316308904527,-224.38840791258917,-651.5147906676684,-629.3005251382965
356,12195,-0.9416783402824823,-0.11386152975621112,-8.270381948132169,8.78259761783545,2636.602447181391,-18673.06804658082,-18658.250483959517,0.20666730227243316,0.7123544653202699,-8.71985360100328,3.446865844221595,2576.3336224419977,-18953.063090328807,-18930.836746396857,0.2169185873771629,0.6949041019252029,-8.718347763150671,3.203524927612368,2579.35990300194,-18938.746686343628,-18916.520342411677,-8.92468102107534,-1.0379780452487848,0.055172111182739514,-10.918822444679472,1.2997004484958754,0.9634115139307382,2489.830517611461,-19365.55488549028,-19328.51097893703,-279.99504374798926,-272.58626243734034,-265.6786397628093,-258.2698584521604,-692.4868389094627,-670.2604949775123
357,12176,-0.9400786173969633,-0.1138468818868471,-8.257394509331501,8.783727612267011,2464.9390128858427,-19444.721575229352,-19429.90713106915,0.22048865164278925,0.8791332539593106,-8.652727213077666,3.9872040914993794,2402.9404779966403,-19752.8915306898,-19730.669864449497,0.23389992502419688,0.8830891259680103,-8.656193273374962,3.7754998248787595,2406.4239362930525,-19735.25319348737,-19713.031527247065,-28.130404580670792,-3.188051580081347,1.000080873970678e-06,-13.304641763111212,1.665763035605736,0.3136712110456142,2310.158118922841,-20228.34849607203,-20191.312385671525,-308.1699554604493,-300.7627333803466,-290.53161825801726,-283.1243961779146,-783.6269208426784,-761.405254602374
358,12237,-1.0507341466755122,-0.12642590405711365,-8.311066901296089,7.909771398970927,2647.665585912269,-18728.225935090133,-18713.40149623416,0.22324710146056873,0.9019020535083934,-8.657230719792555,4.0399272716546015,2611.230531703736,-18895.791137525746,-18873.55447924179,0.2383048066155792,0.9159083221356848,-8.661022092205885,3.8434320110596008,2613.760942413044,-18883.938625067505,-18861.70196678355,-980.3620036107436,-115.55312972886519,0.0559131925860886,-19.05202294731171,1.5549085817132535,0.00865402782552414,2521.1025808471413,-19321.618704274693,-19284.557607134764,-167.56520243561317,-160.1529830076288,-155.71268997737207,-148.30047054938768,-593.3927691845602,-571.1561109006034
359,12190,-1.0225805828133907,-0.12357479015261887,-8.27499348006556,8.092265410808853,2594.413502634035,-18857.04409354593,-18842.22735110098,0.23535130614549957,0.9046037166013198,-8.65018340078288,3.8436315965974415,2539.7295547242734,-19114.726196898035,-19092.501083230607,0.25197666465630136,0.9280301946739726,-8.649731859589249,3.68300055062565,2543.143144060393,-19098.352912446797,-19076.12779877937,-707.959429120377,-80.23322809256106,1.0000000000000002e-06,-19.544175923648986,1.7904777936761298,0.012463664042612744,2443.1263321935457,-19583.443401470464,-19546.401545358087,-257.6821033521046,-250.2737321296263,-241.30881890086675,-233.90044767838845,-726.3993079245338,-704.1741942571061
360,12129,-1.0883682215063588,-0.13080045499997192,-8.320829017808787,7.645233344182286,2574.9110130597624,-18793.33382131454,-18778.52711219792,0.22376711897566195,0.8194461442727357,-8.700342613103158,3.662048955288479,2536.7310598565796,-18972.52540624431,-18950.31534256938,0.23776080142938794,0.8230493192284778,-8.704632395023584,3.461669519451521,2539.4230335883203,-18959.66096129165,-18937.450897616724,-6.25864524848517,-0.7432220821964358,0.08653982548877796,-10.276663413976333,1.084867977130056,1.3454928532864785,2438.352683932532,-19448.270851805875,-19411.254079014332,-179.1915849297693,-171.7882303714614,-166.32713997711107,-158.92378541880316,-654.9370304913355,-632.7269668164117
361,12469,-1.014983679371109,-0.12210485711603392,-8.312393981236875,8.189682405915427,2572.1803707275803,-19678.212153301487,-19663.350151615494,0.21722412744034209,0.9029868248879377,-8.67246537766914,4.156936135632225,2534.763006249651,-19858.930241986916,-19836.637239457927,0.23435187713495265,0.9395685693294535,-8.67431068770164,4.009221435800143,2537.271682432586,-19846.595671032326,-19824.302668503336,-12.442536518936294,-1.5425415622577652,0.09988917944187949,-11.757377192821332,1.1684509667319,0.6482807494252112,2441.6254702857227,-20321.721598321234,-20284.56659410625,-180.7180886854294,-173.2870878424328,-168.38351773083923,-160.95251688784265,-643.5094450197466,-621.2164424907569
362,12226,-0.9978739560373139,-0.12065555636331933,-8.27043516365301,8.288055934935885,2593.836532037309,-18951.517633986154,-18936.694993764977,0.2210657202820104,0.9347563111369014,-8.629262127189774,4.22840913527636,2557.016237079395,-19124.312998674846,-19102.07903834308,0.23751406531692998,0.967001232817238,-8.63190290554156,4.071343023525396,2559.811343458159,-19110.95590448008,-19088.721944148314,-21.165354944332144,-2.4857223640115165,0.051293793526960826,-12.778035380230024,1.5021382162859378,0.4022975431520746,2470.9750847121686,-19538.78700198383,-19501.730401430887,-172.79536468869264,-165.38404457810248,-159.43827049392712,-152.02695038333695,-587.2693679976765,-565.0354076659096
363,12175,-1.0047910020218935,-0.12026688494151312,-8.3546772040411,8.314840785028307,2483.4430966255673,-19351.068991955388,-19336.254712059486,0.21779273500099683,0.8418522421882546,-8.711306714176,3.8653825720329995,2427.694663665721,-19625.488167939016,-19603.266748095164,0.23207365943728392,0.8527412950800101,-8.713205959848572,3.6744424039663865,2430.5339281558454,-19611.25744641181,-19589.03602656796,-1288.8568502207581,-145.89552133913847,0.00630787313347378,-20.447642942997177,1.762057954013179,0.006854219998127772,2344.34675895665,-20046.825609700314,-20009.78990996056,-274.4191759836285,-267.01203603567774,-260.18845445642364,-252.78131450847286,-695.7566177449262,-673.5351979010738
364,12151,-1.0802446454611838,-0.1296019433152651,-8.335096047390424,7.71593368447752,2626.831861901408,-18606.87217127016,-18592.061837770343,0.23606960726560633,0.9620622699606601,-8.646766575122212,4.075333038861821,2586.344339346463,-18793.614603577986,-18771.39910332826,0.255188214655278,1.0060435425419094,-8.648025206593653,3.9423589521989766,2588.9751788083436,-18781.26084147972,-18759.045341229994,-1807.3070856091317,-204.9911030117253,1.0000002315274955e-06,-21.994466474345913,1.902239078646906,0.004878260496714342,2511.276648303915,-19147.512320757407,-19110.486487007864,-186.74243230782668,-179.3372655579151,-174.3886702095624,-166.98350345965082,-540.640149487248,-518.4246492375205
365,12179,-0.9890447777619676,-0.1187555503828118,-8.32840885814393,8.420659049421037,2498.6669205674425,-19286.99767873037,-19272.182741858196,0.21236582650400063,0.8048895441014806,-8.686981048940018,3.790108593984719,2448.5060258313306,-19531.97933061759,-19509.756925309328,0.22555131726062105,0.8070634158507216,-8.686412739988276,3.57818090203469,2450.862445799494,-19520.264008052498,-19498.041602744237,-982.211508133915,-112.24683928891676,0.016640512711568814,-20.192594257111924,1.7797228960488785,0.008908936824724826,2368.9801445493304,-19930.111756711678,-19893.074414531242,-244.9816518872176,-237.57418345113183,-233.2663293221267,-225.85886088604093,-643.1140779813068,-620.8916726730458
366,12350,-0.9637652876604903,-0.11647747642175464,-8.274263121659516,8.58535083966868,2513.417717878896,-19657.355554832233,-19642.51273214812,0.21326555459381247,0.7924080360301088,-8.67619392450253,3.715593160552047,2456.5628873733176,-19937.92719617921,-19915.66296215304,0.22544855659172977,0.787369311573641,-8.680220280463955,3.4924566538676363,2459.5655455820824,-19922.841002238103,-19900.576768211933,-6.228814356123839,-0.7229541567782539,0.047317404380662134,-10.192605137342307,1.2847578044343544,1.3832135698013868,2378.0858183087416,-20334.898186162813,-20297.791129452533,-280.57164134697814,-273.15023000492147,-265.4854474058702,-258.06403606381355,-677.5426313305798,-655.2783973044134
367,12248,-1.1051684748548167,-0.13196735520579025,-8.374559550211595,7.57763159260559,2646.560176958148,-18761.184168940938,-18746.35793306626,0.22914432285261155,0.9172088373335838,-8.677693647118998,4.002756105476564,2615.27543562926,-18904.82917011591,-18882.5898163039,0.24593371203795542,0.9414107559488204,-8.6803768284977,3.8279044712809878,2617.1407949305044,-18896.096332098896,-18873.856978286884,-162.3424382088111,-19.421282579252434,0.07472416863356794,-16.631174904530447,1.61266113717685,0.05148990525828043,2539.125897238964,-19262.751865310518,-19225.68627562383,-143.645001174973,-136.2318832376368,-134.91216315795828,-127.49904522062207,-501.5676963695805,-479.32834255756825
368,12056,-1.0420005510347032,-0.1257618423143542,-8.285506413226036,7.951537458400147,2504.1789720680003,-18943.22812009529,-18928.433484614678,0.23520915257718658,0.8622348635207377,-8.669239752182643,3.6658219039235114,2440.8036541997703,-19250.266483423267,-19228.07453020235,0.2514060519879828,0.8822469100924916,-8.67026974236078,3.509250883644849,2444.4980571363817,-19232.032305505083,-19209.840352284165,-11.642378255282333,-1.3195099637575494,1.0006198676389942e-06,-11.306114824697707,1.540780979459078,0.7578571041269855,2345.9192439353437,-19724.287182259595,-19687.300593558062,-307.038363327978,-299.6410455876721,-288.8041854097937,-281.40686766948784,-781.0590621643059,-758.8671089433847
369,12181,-1.057110068278471,-0.1264464369397981,-8.360141209686814,7.908486978372558,2631.531992029243,-18661.082454883912,-18646.26718960451,0.23509662943675746,0.942380434706314,-8.67247276030124,4.008481265614319,2578.5856501188473,-18906.662888795636,-18884.439990876537,0.2514739258571181,0.9619516997225455,-8.678785885421176,3.8252542343857354,2581.276781098217,-18893.95686421883,-18871.733966299733,-552.5684560738493,-64.6273951867585,0.0510769117157296,-19.01586409941982,1.7275690610370025,0.015473314329166864,2493.625755027796,-19310.7662586741,-19273.7280954756,-245.58043391172396,-238.17280127202685,-232.87440933491962,-225.4667766952225,-649.6838037901871,-627.4609058710885
370,12137,-1.0071521805704071,-0.12112408796823951,-8.315044492508353,8.255996117487502,2575.4767279245993,-18811.068494853946,-18796.260467019732,0.20735748217083902,0.7270549581557609,-8.733360698772717,3.506287550100315,2533.2965285920627,-19009.489490982764,-18987.277449231446,0.2186360192035491,0.7145878676289708,-8.73637432843283,3.268390406265551,2535.4898794488886,-18998.985713996386,-18976.773672245068,-10.693519749133266,-1.2701578615179938,0.07730031714749959,-11.31873037200459,1.2431498302722512,0.7873037126305528,2442.2592994846113,-19449.677924552845,-19412.657854967314,-198.42099612881793,-191.01698221171318,-187.91721914244044,-180.5132052253357,-638.6094296988995,-616.3973879475816
371,12141,-1.0003169208214073,-0.12103500568466921,-8.26469098888233,8.262072566058169,2582.742689357193,-18787.065961602133,-18772.257274735046,0.22002472339689425,0.8649291962656588,-8.652468968781749,3.9310545783777484,2536.639071307725,-19003.748289228137,-18981.535258927506,0.23405384512092195,0.8733233895446909,-8.655070295559037,3.73129263949283,2539.5235113652757,-18989.950468556497,-18967.737438255866,-141.96411534830912,-16.11587363824636,1.000000000006088e-06,-16.49356693437073,1.752027075887485,0.062050623034595506,2441.368059040825,-19464.523281865404,-19427.501564697683,-216.68232762600383,-209.27798419246028,-202.88450695436404,-195.4801635208205,-677.457320263271,-655.2442899626367
372,12276,-1.104098416177555,-0.13245724120943647,-8.335508169249847,7.549606128507818,2617.927286410397,-18965.65158501191,-18950.82078218043,0.2475285796683354,0.9880331251129847,-8.627826697063814,3.9915921080178074,2571.0358757352114,-19185.52813710896,-19163.28193286174,0.2682792724146304,1.036576078003019,-8.629038679248122,3.863794875665878,2573.5011021336627,-19173.762988286442,-19151.516784039224,-952.5867093845543,-109.28480609405551,0.01368913925024228,-21.538390139980375,2.0152892403945266,0.00915040283952514,2500.3230185410107,-19523.8929025664,-19486.815895487704,-219.87655209704826,-212.46115068130894,-208.11140327453177,-200.69600185879244,-558.2413175544898,-535.9951133072718
373,12223,-0.9617936090373392,-0.1159719884097104,-8.293326882000823,8.622771875456344,2538.3920139889824,-19207.972150619444,-19193.15000121589,0.20867782248552127,0.7848808942164026,-8.677313525535645,3.7612089529583823,2480.546951460784,-19487.733500153932,-19465.500276048602,0.2189611467929923,0.7603412538316399,-8.684199699092522,3.47249393313816,2482.9327355770783,-19475.983097880522,-19453.749873775192,-103.75629475609266,-11.770082112126488,1.0000000000000302e-06,-16.16797212676541,1.807594593886728,0.08496117448235296,2396.9272857654023,-19902.878031982254,-19865.822658473367,-279.76134953448855,-272.3502748327119,-268.0109472610784,-260.59987255930173,-694.9058813628108,-672.6726572574771
374,12062,-1.117926788923867,-0.1330450251686273,-8.402619996553469,7.51625247717872,2525.0891144877523,-18858.35850761735,-18843.56287702933,0.22441060908342758,0.8040942775362657,-8.722409476414594,3.583138430132477,2481.3990680434476,-19066.88640631164,-19044.69296042961,0.23933578416226808,0.8132903194680238,-8.722561090106856,3.3981141696580495,2483.4527590816506,-19056.90760993335,-19034.71416405132,-12.681660569378748,-1.4719212256636087,0.051496848395390246,-11.725330754119911,1.4821614000783017,0.6793841834498682,2404.1508804176215,-19444.356377821718,-19407.367301351664,-208.52789869429034,-201.13008340027955,-198.54910231599933,-191.15128702198854,-585.9978702043663,-563.804424322334
375,12326,-1.1009524090954608,-0.13256384166969892,-8.30507320268098,7.5435351556243955,2650.577155951347,-18940.24160063308,-18925.402668370036,0.24038957155920987,0.9686788617815101,-8.623489425404271,4.029620983549683,2613.689083543604,-19110.987355470985,-19088.72895707642,0.2609715039402905,1.022578113772213,-8.622054386816705,3.9183516143822956,2616.3150454811575,-19098.6096942823,-19076.351295887733,-170.02831039029627,-19.606971524348783,0.02308241268368681,-17.407015573460487,1.8531816114485098,0.05100226716594946,2534.541046259037,-19486.012983607234,-19448.91565294962,-170.74575483790613,-163.3262887063829,-158.3680936492201,-150.94862751769688,-545.7713829741551,-523.5129845795855
376,12273,-1.096214100886458,-0.13088702015995543,-8.375269752086863,7.6401769921716625,2675.861988337011,-18689.376460362153,-18674.54614634896,0.22630432338381493,0.8122672911968738,-8.7179077463425,3.5892698780626406,2629.4302256826513,-18902.207821393666,-18879.962350373873,0.2416519550770003,0.8257209619213974,-8.718647694957646,3.4169844049401075,2631.823168261887,-18891.04371881162,-18868.798247791827,-10.934672083553036,-1.2664629387618669,0.048638566318315105,-11.39326997852157,1.4545246739580786,0.789600681862535,2550.4552483934945,-19272.476717749843,-19235.400932716857,-212.83136103151264,-205.4162040249139,-201.66725844946632,-194.25210144286757,-583.1002573876904,-560.8547863678978
377,12034,-1.0005258696906962,-0.12027803527613969,-8.318442077920913,8.314069960522346,2484.3011143418407,-18982.57849857741,-18967.78751606585,0.23528866323740086,1.027796194193433,-8.65527979209427,4.368235086432576,2438.3699781113355,-19205.15224076492,-19182.96576699758,0.25676136211593814,1.0995722652851032,-8.654584421215676,4.282467798985277,2441.619856597388,-19189.123910867733,-19166.93743710039,-573.7101255330393,-67.84768588445459,0.06284812632687568,-18.008767377393173,1.5048908387816926,0.014738896204993811,2342.4911938818486,-19683.893725514303,-19646.9162692354,-222.5737421875092,-215.17825093172723,-206.5454122903211,-199.14992103453915,-701.3152269368911,-679.1287531695489
378,12227,-1.0716439884202282,-0.12888708967386941,-8.314595287486684,7.758728997065251,2497.105527277645,-19418.764946841933,-19403.942143041644,0.2260821379063396,0.892679621979896,-8.668382411269091,3.9484747899443153,2461.3497041423325,-19593.107782326286,-19570.873576625854,0.24085151578102068,0.9014258299884815,-8.674904115787351,3.742662059092238,2463.8425866265366,-19580.730407012677,-19558.496201312246,-27.53071585237073,-3.1734978395694378,0.02892107261153908,-13.232359474168815,1.5808522935495064,0.3151097150693742,2369.604028487125,-20053.57477147834,-20016.51776197762,-174.3428354843527,-166.93143358421003,-161.96546017074434,-154.55405827060167,-634.8098246364061,-612.5756189359745
379,12343,-1.136397537664499,-0.13594863155531592,-8.359021526466135,7.355719499045576,2714.9566351224857,-18687.166838111407,-18672.32514935192,0.2505083180816321,0.9696030619829558,-8.658682342054677,3.870542381219434,2673.53656657194,-18874.925999566116,-18852.663466426886,0.27329439680391704,1.0361592918008267,-8.65593597048904,3.791366760234931,2676.310810136366,-18862.124703015426,-18839.862169876196,-210.22559195212554,-25.529275367048818,0.09097162485717886,-17.319001225754707,1.6639140905158023,0.03917071619238834,2594.481493506906,-19241.406895168973,-19204.302673270253,-187.7591614547091,-180.33831707496574,-174.95786490401952,-167.53702052427616,-554.2400570575664,-531.9775239183327
380,11958,-1.0898941263127067,-0.1310522042278026,-8.316488324135236,7.6305469708982665,2506.8008805918435,-18679.096926677677,-18664.318615098797,0.24572583696623704,0.9636076638429543,-8.6404691752219,3.92147474494249,2457.6537156954896,-18913.868554677236,-18891.701087308913,0.2660685497321077,1.01204383581378,-8.639848189460933,3.803695840161345,2460.552571209819,-18899.77214788483,-18877.604680516506,-145.66060338938732,-16.631135188611836,0.010241987211330902,-17.082523759818624,1.878977038015174,0.060128186600560476,2377.238030968854,-19307.684884384445,-19270.739105437242,-234.7716279995584,-227.38247221011625,-220.67522120715148,-213.28606541770932,-628.5879577067681,-606.4204903384452
381,12060,-0.9869523964409582,-0.11878421874685109,-8.308783833855218,8.418626738044775,2612.8136525889563,-18441.36626505589,-18426.570966115327,0.21353597806152858,0.7558462504259056,-8.709887866876798,3.53966697924841,2557.328848583429,-18698.226606600983,-18676.03365819014,0.2240339581829648,0.7373656736555658,-8.715097320995206,3.2913120833823397,2560.3310537836187,-18684.0769368072,-18661.883988396356,-12.399913418597425,-1.4019293529461474,1.00030143308311e-06,-11.444582305929474,1.5331970232237266,0.7133027052315476,2472.5827731971904,-19100.649013544105,-19063.6607661927,-256.8603415450925,-249.46269207481237,-242.71067175130884,-235.31302228102868,-659.2827484882146,-637.0898000773741
382,12299,-1.0882199889519855,-0.13049269242711223,-8.339317464537869,7.663264366765659,2635.5309860735397,-18941.788957782515,-18926.95441130803,0.22219357736160564,0.8111415374529801,-8.694450153037414,3.6506074886804667,2598.0160698603663,-19116.114441201626,-19093.862621489898,0.2364562754732884,0.8163992743143281,-8.695586828601126,3.452643718929565,2600.1386913932074,-19106.070060115475,-19083.818240403747,-11.845455977663681,-1.4109640538122803,0.07825496353824192,-11.675781614539087,1.3657679351176888,0.708735277343248,2516.075156186941,-19506.27148965937,-19469.18512347316,-174.32548341911024,-166.90821018186762,-164.28110233295956,-156.86382909571694,-564.4825318768562,-542.2307121651284
383,12303,-0.9046829313703034,-0.10997916089896992,-8.225948661322954,9.092631656997542,2493.116921327677,-19635.39493925974,-19620.55974243162,0.2045681245721027,0.7193195636557054,-8.672657703587275,3.516283708228316,2428.1422887939057,-19958.283071738602,-19936.03027649642,0.21591896846301264,0.7118474111627484,-8.671149964716294,3.296826657842659,2431.109473368041,-19943.258011033984,-19921.005215791803,-7.713830895060306,-0.8767841259861271,1.0000957478325892e-06,-10.504149783466362,1.4565167142783824,1.1405315976441646,2348.2773154682964,-20365.750419143274,-20328.662427072974,-322.88813247886355,-315.47053406480336,-307.8630717742453,-300.44547336018513,-730.3554798835357,-708.1026846413552
384,12128,-1.0709268114938095,-0.12830533710473246,-8.346705099411714,7.7939080521936885,2469.7125230073025,-19296.68199903878,-19281.875454823017,0.23030658636874116,0.8775588002395376,-8.673786127663343,3.8103938496769194,2416.063809126444,-19561.037931045903,-19538.828114722255,0.24745174833033542,0.9054051426782925,-8.673863410711208,3.6589159251751293,2419.0111686407226,-19546.251984279388,-19524.04216795574,-35.67750486941119,-4.038500509435567,1.0002473631670876e-06,-13.943024267639517,1.7585218450262157,0.24761665812932215,2330.1847349139616,-19995.976216858417,-19958.959856319005,-264.35593200712174,-256.9526598992379,-249.5699852406069,-242.1667131327231,-699.2942178196354,-677.0844014959875
385,12337,-0.997525039143922,-0.12079622059800742,-8.257915969602584,8.278404697178873,2563.499508423838,-19380.259039866658,-19365.418323554513,0.22295375762356,0.8544218142732496,-8.639059562029635,3.8322826373524235,2505.7090644516315,-19659.56196377243,-19637.300889304217,0.23850249888140676,0.8743182238324008,-8.639007876988783,3.6658660933659553,2509.142711495596,-19642.667781414228,-19620.406706946014,-12.333830864366183,-1.4020990343082598,1.029056900629163e-06,-11.615396041200203,1.6141218697197321,0.7132163816754645,2421.183456391545,-20078.909843879588,-20041.80805309923,-279.30292390577233,-271.88256574970364,-262.40874154756966,-254.98838339150097,-698.6508040129302,-676.3897295447168
386,12289,-0.9431730415835485,-0.11418598397808051,-8.25997209749143,8.75764227063072,2493.7407375991497,-19595.98006323621,-19581.14714357164,0.2070469502116561,0.747041574144245,-8.687759888175938,3.6080781358072325,2431.2167778338594,-19906.02264317489,-19883.773263678035,0.2178050204708245,0.7331167906980477,-8.689933224228582,3.365931552510978,2434.4022512551473,-19889.931663493528,-19867.682283996674,-8.929434315014996,-1.0120958774081814,1.0114721324293522e-06,-10.683123074417825,1.4144043068237895,0.9880486842420927,2334.83519507248,-20399.11951708301,-20362.03721792159,-310.0425799386794,-302.6261201063935,-293.9516002573182,-286.5351404250323,-803.1394538468012,-780.8900743499471
387,12208,-0.9538945270976839,-0.11614148683272893,-8.2132109129231,8.61018768805875,2521.3513111393045,-19251.63545423449,-19236.81576072744,0.21776614775453346,0.8687484803239461,-8.650580954786102,3.989364229848992,2467.8696363583467,-19511.371425427442,-19489.141885166868,0.23009336639533925,0.8621028833654297,-8.657671116443806,3.7467524460665738,2471.2393299126525,-19494.713673766368,-19472.484133505794,-720.0431571900643,-81.56293284237259,1.0000000000000002e-06,-18.704400793561366,1.6447518373695067,0.012260471333621443,2348.0991921925124,-20114.708885095788,-20077.659651328166,-259.735971192953,-252.32612443942708,-243.07821953187886,-235.66837277835293,-863.0734308612991,-840.843890600725
388,12282,-1.0756620515278943,-0.12892369599065612,-8.343400670159612,7.7565260002511565,2698.109701682169,-18610.39481004032,-18595.56302993054,0.23031979532423116,0.8378875034361167,-8.676371088019193,3.637930913652412,2639.617372188647,-18877.58487509732,-18855.337204932654,0.24405605397563174,0.8348881154341691,-8.680965675769675,3.420886725954891,2642.4887287867004,-18864.231866075217,-18841.98419591055,-12.590948779145792,-1.4286093028035731,9.024780208620238e-06,-11.757832763630908,1.7058075458934845,0.6999814421182551,2566.3461153944827,-19219.333364134884,-19182.253913860437,-267.1900650569987,-259.7741750021123,-253.8370560348958,-246.4211659800094,-608.9385540945623,-586.6908839298958
389,12192,-1.0169422676483892,-0.12213313006382111,-8.32650622412594,8.187786552898844,2656.679515199844,-18572.9864698585,-18558.16939930265,0.22212588490517327,0.8765139359001238,-8.675778945783366,3.9460233834265304,2606.0255558205913,-18805.691678142557,-18783.466072308776,0.23800087044195642,0.901215393504472,-8.675016233490112,3.7866054516143466,2608.920992055617,-18792.153222137014,-18769.927616303234,-1382.599920111134,-156.9250135402868,0.00616498221309445,-20.783830427675834,1.7946406106764272,0.00637247037575226,2520.611309896987,-19207.988002925907,-19170.945326536275,-232.70520828405643,-225.2966730061271,-219.16675227851374,-211.7582170005844,-635.0015330674069,-612.7759272336261
390,12223,-0.9329956135584281,-0.1130358967402751,-8.253976307209658,8.84674717357903,2554.5859421774016,-19130.241968780094,-19115.41981937654,0.2127373694829332,0.8122356540683786,-8.673144808102615,3.8180205764626605,2495.2710970003436,-19415.39413625732,-19393.16091215199,0.22474528400327187,0.8057461921136518,-8.677506798429338,3.5851528350731563,2498.3868632592958,-19400.14118291996,-19377.90795881463,-9.485595297567809,-1.077339987128141,0.0037335586038678426,-10.90870830103529,1.455676252694026,0.9282120889856639,2403.346105431494,-19870.18936067272,-19833.133987163834,-285.1521674772266,-277.74109277544994,-269.8992141398667,-262.48813943809,-739.9473918926269,-717.7141677872933
391,12106,-0.9744468473962665,-0.11740262256155498,-8.30004327105519,8.517697289732121,2437.957483227595,-19396.356573374516,-19381.553660421614,0.211302164556651,0.7305539851602559,-8.732361371094985,3.4573899737046534,2377.833874031974,-19696.65132776745,-19674.446958338096,0.22347357203511456,0.7276219732168951,-8.732442043790327,3.255964303029816,2380.9241471659752,-19680.928380035148,-19658.724010605794,-12.121007389646769,-1.388744859176744,0.030908088599707506,-11.42102942912263,1.4136410774430967,0.7200746727464438,2282.5499781203134,-20187.74686064471,-20150.73957826245,-300.2947543929331,-292.89329791648197,-284.5718066606314,-277.1703501841803,-791.3902872701947,-769.1859178408376
392,12307,-1.09349427545145,-0.1318068109018939,-8.296189460689986,7.586861355323417,2538.824805319099,-19422.192228117867,-19407.35638114752,0.23042931809100034,0.872621803003459,-8.652190476944932,3.786939137053933,2498.995262628937,-19614.797191714755,-19592.543421259237,0.2454165970211394,0.8794009942156402,-8.65724608247312,3.5832987861855625,2501.603818299524,-19601.957331117923,-19579.703560662405,-12.915681721249792,-1.5274416905095909,0.0640243688039376,-11.84355509179619,1.4452332746314078,0.6546894760129116,2409.1636534402614,-20061.34539327563,-20024.255775849768,-192.6049635968884,-185.18704011171576,-179.76510300005611,-172.34717951488346,-639.1531651577643,-616.8993947022464
393,12195,-0.9333705652957337,-0.11306650832263253,-8.255057834035023,8.844352008700263,2476.721904247277,-19435.92948485427,-19421.11192223297,0.21104369803703077,0.7471921673505127,-8.685254847768364,3.5404618773283945,2416.2209418503576,-19735.525830757608,-19713.299486825657,0.2208323664392449,0.7208791989467123,-8.691703312315473,3.264372929432152,2419.0149541924875,-19721.432212561016,-19699.205868629066,-7.8981154028436595,-0.9018590762368185,0.011843448386362643,-10.585672183299026,1.4509894145526783,1.108820686456573,2334.3899618162295,-20151.69390548058,-20114.64999892733,-299.59634590333735,-292.18756459268843,-285.50272770674565,-278.0939463960967,-715.7644206263103,-693.5380766943599
394,12178,-1.0540798712244146,-0.12647312883907055,-8.334417602379931,7.90681790811422,2617.6765951030825,-18717.774216495294,-18702.959443846958,0.22216554658255205,0.7752140854194345,-8.69285629301919,3.489353310376509,2558.466331474092,-18994.39636973925,-18972.174210766745,0.23508274873788576,0.7718809512540895,-8.693295450938674,3.283443618888117,2561.331978288832,-18980.76385984616,-18958.541700873655,-10.001545300306825,-1.1327755663527967,1.0011958663272212e-06,-11.0187780427374,1.5467080547046008,0.8827874026447313,2480.4360346730327,-19367.593169422606,-19330.556237801764,-276.62215324395584,-269.2147669197875,-262.98964335086566,-255.58225702669733,-649.8189529273113,-627.5967939548063
395,12297,-0.964906137922186,-0.11630911006587033,-8.29604953021928,8.597778793369336,2685.3888606588807,-18706.251774197972,-18691.417552979627,0.20385760240567427,0.7806008550612682,-8.700063678601824,3.8291476297650235,2645.2824909906476,-18889.293132556428,-18867.04180072891,0.21466401519570721,0.7678054156785132,-8.70587129432371,3.5767774816776443,2647.7699673827556,-18877.735151717898,-18855.48381989038,-15.47894964073496,-1.8365851504451356,0.06825269526910703,-12.078906913541566,1.3411093090167314,0.5444887756811214,2561.3584431546233,-19281.749665448922,-19244.66411240306,-183.0413583584559,-175.62424774928513,-171.48337751992585,-164.06626691075508,-575.4978912509505,-553.2465594234345
396,12356,-1.012229836063822,-0.12195769819036913,-8.299843725188943,8.199564396821069,2607.3906978689524,-19219.363312819707,-19204.51951871163,0.2175564912712319,0.8751574111232099,-8.665425484290093,4.022667427707933,2569.6751773924907,-19397.39626071658,-19375.130569554465,0.2333652195968684,0.9007850411275207,-8.66566541693302,3.8599798319715357,2572.1332896924596,-19385.58234812662,-19363.316656964504,-76.56293531697148,-9.287363601854622,0.08220309053971354,-14.81884387198601,1.4246486876551134,0.10767318292570208,2475.1466215598207,-19856.497478826266,-19819.387993556073,-178.03294789687425,-170.61105084283554,-166.2190353069127,-158.797138252874,-637.1341660065591,-614.868474844443
397,12118,-1.0375173998970695,-0.12473644965379721,-8.317676210736094,8.016902860194227,2577.9808387521207,-18750.8526301037,-18736.047735644694,0.22855557850941965,0.8173460317987281,-8.689609425566319,3.5761368728308773,2510.5481803178873,-19070.044389376442,-19047.837047687928,0.24201180620004092,0.8133305091574153,-8.69462377929895,3.360705917318499,2513.7090547232347,-19054.79696898948,-19032.589627300968,-11.837316269642907,-1.340595640332991,1.0006668927322938e-06,-11.393963943599045,1.5766239504052162,0.7459370819314388,2419.0880682736924,-19515.749306872265,-19478.73707072474,-319.19175927274046,-311.78931204323453,-303.94433888577987,-296.54189165627395,-764.8966767685633,-742.6893350800456
398,12204,-1.0611680323261283,-0.12690364404792462,-8.361998115084724,7.879994365034579,2636.647804510708,-18695.645237907644,-18680.82619981597,0.2347582576268944,0.8929768065582874,-8.675608500338427,3.8038142537993775,2576.5425282935666,-18975.068799614917,-18952.840242477407,0.2522480489650593,0.9230357797197541,-8.674973431389018,3.6592385293240084,2579.5760979415654,-18960.708506169587,-18938.479949032077,-530.7214820607526,-60.06154586436302,1.0000000000000002e-06,-19.687180941688194,1.92316607907096,0.01664958811180618,2501.0650442217925,-19333.914906170172,-19296.86731094099,-279.4235617072736,-272.014042661438,-265.06326826194345,-257.6537492161078,-638.2696682625283,-616.0411111250214
399,12195,-1.0172067012563029,-0.12299545312857389,-8.270278903667771,8.130381852040053,2576.0232127814384,-18956.53249391872,-18941.714931297418,0.23534526730937377,0.9978355637850048,-8.611700279535881,4.239879455376077,2531.1967601844935,-19168.61084989965,-19146.3845059677,0.25403189423011224,1.0405786423630967,-8.612950028061464,4.096251951026665,2534.234562170357,-19153.98386265954,-19131.75751872759,-1814.224395581658,-205.96224807205593,1.0000000000000002e-06,-21.357821631915385,1.8055389172549343,0.004855258715423177,2439.123264426747,-19616.47903557372,-19579.43512902047,-212.07835598093152,-204.6695746702826,-197.45136874082164,-190.04258743017272,-659.946541655001,-637.7201977230507
400,12015,-1.0395624871151155,-0.12469041779191024,-8.337148158810331,8.019862453816229,2446.533838773446,-19117.675526492392,-19102.88770419605,0.23543938790496416,0.9826382105876933,-8.65236580666814,4.173635598238721,2402.7266146373113,-19332.763522471567,-19310.581789027055,0.255914603313913,1.0386880929897473,-8.652217976567593,4.05872927742095,2405.4174250802707,-19319.31546826176,-19297.13373481725,-1054.1400514689963,-124.64099647469847,0.06149742985083392,-19.81601281967512,1.6536660775368237,0.008023042404053592,2321.6909807188676,-19740.978837268132,-19704.00928152728,-215.0879959791746,-207.69408483100415,-201.6399417693683,-194.24603062119786,-623.3033107757401,-601.1215773312288
401,12170,-1.0192527593333658,-0.12272641019610385,-8.305080851828938,8.148205413994473,2488.535611798341,-19313.1912379804,-19298.37777960844,0.22506378173621494,0.883203632451402,-8.670614690927477,3.9242370568826446,2443.046810045804,-19535.709200433932,-19513.489012875987,0.240875186414727,0.903950810944507,-8.67208996959253,3.7527767986368223,2445.8235564844035,-19521.88473577931,-19499.664548221364,-313.58019216276745,-35.61339850069341,0.003940532789319457,-18.326234721966653,1.8293795620439606,0.02807931964090789,2358.9547196423873,-19957.99201905646,-19920.958373126552,-222.51796245353034,-215.1112332675475,-208.69349779890763,-201.2867686129248,-644.8007810760573,-622.5805935181124
402,12317,-0.9858501961772684,-0.11844721599407479,-8.323118343504035,8.442579182697076,2516.6514022013725,-19556.0267872615,-19541.189315859618,0.22067400907496704,0.790500947035456,-8.718003811745309,3.582211382070411,2442.897556842252,-19920.38796063387,-19898.131753531045,0.23331148843975288,0.7864049494412093,-8.721329433287869,3.370622487131745,2446.6639223550646,-19901.412707579464,-19879.156500476638,-11.251002151766473,-1.2699598890131512,1.00000291875113e-06,-11.19389068560753,1.5140262808814835,0.7874264444502029,2347.915990590235,-20404.83997625379,-20367.74629774908,-364.3611733723701,-356.9424376714269,-345.3859203179636,-337.9671846170204,-848.8131889922879,-826.5569818894619
403,12226,-1.0461008983841122,-0.12640257973600366,-8.275945796113747,7.9112309423473475,2653.142763110966,-18675.126659134225,-18660.304018913048,0.2339785768132735,0.8998329275655166,-8.649722543739873,3.8457919516436236,2606.959834397262,-18887.81714664633,-18865.58318631456,0.25124820283236204,0.9296883972361928,-8.650383711849392,3.700278795054705,2609.7796065433795,-18874.600255902154,-18852.366295570388,-10.003901798484865,-1.1756118282571253,0.05862849415359775,-11.315579381749084,1.4234529654800567,0.850620907313025,2518.404446754176,-19306.33771871826,-19269.281118165316,-212.69048751210357,-205.2791674015134,-199.47359676792985,-192.06227665733968,-631.211059584035,-608.9770992522681
404,12245,-1.042472392792722,-0.12582511599292143,-8.285089861163875,7.94753886860122,2661.470957958745,-18684.793233424756,-18669.967487485985,0.23258009179292763,0.9658678038284796,-8.63738164253207,4.152839550379135,2624.528638273932,-18853.949534606014,-18831.710915697855,0.25216261891121533,1.020424565089293,-8.637630340978902,4.046692445911569,2627.3912406985546,-18840.60105596639,-18818.36243705823,-9.505342117146798,-1.1315447871299988,0.07433212202433576,-11.194582355482947,1.2920328323538735,0.8837476089093713,2535.918948716406,-19270.506971085833,-19233.442606238903,-169.15630118125773,-161.7434282118702,-155.80782254163205,-148.3949495722445,-585.7137376610772,-563.4751187529182
405,12225,-1.0244957410582445,-0.12369366755131726,-8.282523764874286,8.084488234493703,2589.597769430889,-18968.961283501194,-18954.138806872506,0.21976852947420805,0.8260292687140615,-8.651227119515411,3.758633097697475,2546.5367630791093,-19171.95324153325,-19149.719526590223,0.23300586457356318,0.8240806129239843,-8.653449903467756,3.536737645776339,2548.977229650246,-19160.243056395517,-19138.00934145249,-381.2585962863327,-44.891838938625284,0.04974779123408113,-18.344926127298127,1.6996571476739493,0.022275763783416596,2469.0317286123054,-19545.806510642517,-19508.7503190708,-202.99195803205657,-195.58071971771642,-191.28177289432278,-183.87053457998263,-576.8452271413225,-554.6115121982948
406,12272,-0.9609663157714388,-0.11617571433107131,-8.271662638827669,8.607650968689152,2469.5832783231626,-19671.33952081208,-19656.509369764863,0.20756934590855608,0.7566211193672334,-8.712396599676019,3.6451486420377317,2418.047608744874,-19928.143506329598,-19905.898279758778,0.2195420158191603,0.7540040095089123,-8.713347306324373,3.434440586215604,2421.246088450812,-19911.92140817936,-19889.67618160854,-8.955387629596359,-1.0211653505205494,0.01986631202044476,-10.750681006439843,1.3511950277874356,0.9792733365759423,2324.3693337840723,-20409.031007110916,-20371.95562949288,-256.8039855175193,-249.38890999391515,-240.58188736728334,-233.16681184367917,-737.6914862988378,-715.446259728018
407,12262,-1.0332477745684696,-0.12457947925115793,-8.293884199703507,8.02700417445119,2516.0517872319165,-19416.728832062163,-19401.900311405516,0.23887205936089523,1.0187365497776353,-8.601040231811147,4.264779030679754,2470.590604612198,-19638.31032106853,-19616.06754008356,0.2602553273518997,1.0836018561991478,-8.597757162829419,4.163610663515734,2473.5830585590284,-19623.46720378487,-19601.2244227999,-1038.2073561963316,-121.5068082013587,0.042025435683418315,-20.554079972057284,1.786695741332236,0.008229991510786948,2393.5577430285666,-20022.726077219715,-19985.654775578103,-221.5814890063666,-214.16722867804492,-206.73837172270578,-199.3241113943841,-605.9972451575522,-583.7544641725872
408,12110,-1.0813410993712742,-0.13004110101840125,-8.315379452364533,7.689876448050811,2506.834007142973,-19069.382632726596,-19054.579059053503,0.23808040855899915,0.9793477163637666,-8.610865837586797,4.113516615211422,2466.8835303728883,-19261.929538563978,-19239.724178054337,0.2597172256166343,1.0437575137650559,-8.607093745827282,4.018822822733116,2469.2899326157585,-19250.12220088095,-19227.91684037131,-703.0564820812076,-80.09455899709188,1.0000000000000002e-06,-20.675054311296762,1.974881561335238,0.012485242599766466,2396.102807495926,-19610.47631987766,-19573.467385694923,-192.54690583738193,-185.1451190008338,-180.73956815435304,-173.3377813178049,-541.0936871510639,-518.8883266414196
409,12090,-1.0192291273389484,-0.12251193889148423,-8.319426960026625,8.162469789052613,2644.3084466856044,-18372.42630211235,-18357.626034225133,0.22022443565100638,0.8164412863688338,-8.681468402317899,3.707314694463166,2593.1863576039773,-18606.44971008009,-18584.249308249266,0.23444711551765612,0.8247932770099938,-8.680678083784331,3.5180355074484972,2595.830775152892,-18594.127141040073,-18571.926739209248,-19.436743146731377,-2.2012529919307897,2.374612318548653e-05,-12.695152023463026,1.7028469352724096,0.45428671927567393,2515.7334485330125,-18969.054572119123,-18932.05390240108,-234.02340796773933,-226.62327402413212,-221.70083892772163,-214.30070498411442,-596.6282700067713,-574.4278681759461
410,12259,-1.0063883636874857,-0.12154016588882323,-8.280294471607535,8.227732722651808,2455.5667062180128,-19707.280289638984,-19692.452258358793,0.21712959728510764,0.7951288389397696,-8.674527864159646,3.662001168342357,2404.7140472675806,-19961.819171918316,-19939.57712499803,0.22965557974719844,0.7890547413659367,-8.67605486531834,3.435817854869961,2407.3484050957095,-19948.39682083249,-19926.154773912207,-22.864824121313134,-2.665863641513531,0.04591638508321791,-12.85312904577267,1.522148964456776,0.375112959428133,2313.065161081239,-20434.172561946132,-20397.102483745657,-254.53888227933203,-247.12486663923846,-241.1165311935074,-233.70251555341383,-726.8922723071482,-704.6502253868639
411,12266,-1.021330454994778,-0.12287869331389467,-8.311696905709931,8.138107372654847,2552.75087672913,-19249.445319709757,-19234.616146737386,0.22697333825212138,0.9245447627720155,-8.65981920523858,4.073362844692506,2511.9556408122453,-19445.050130292173,-19422.806370833616,0.24497578598451433,0.9648157400638474,-8.65958890168099,3.9384126728542728,2514.6690016732855,-19431.80780968092,-19409.56405022236,-104.79049272119636,-12.262744289786164,0.04796060543225789,-15.869261981655082,1.647052737474474,0.08154781477690243,2428.3974629097693,-19856.009278542922,-19818.936346111994,-195.60481058241567,-188.19022409622994,-182.36248997116127,-174.94790348497554,-606.5639588331651,-584.3201993746079
412,12152,-0.9501894341329488,-0.11445385247416703,-8.301943653206541,8.737145831117449,2509.537495024837,-19164.507613404858,-19149.697115316307,0.20095261234666065,0.7487898167836703,-8.759269463831783,3.7262009587212686,2464.979719102467,-19380.209372704983,-19357.993625572155,0.2128849799062201,0.7501284823958243,-8.760205362458942,3.523632727523897,2467.894217781371,-19365.849795500966,-19343.634048368138,-12.968748273533164,-1.4930427169678329,0.04458058360666913,-11.44406015190152,1.273480489129914,0.6697732011518494,2362.2304085765286,-19893.60895092792,-19856.58270570654,-215.70175930012556,-208.29651025584826,-201.34218209610844,-193.93693305183115,-729.1013375230614,-706.8855903902331
413,11968,-1.008775893694329,-0.12162101350060378,-8.294421043361236,8.222263334411661,2518.8982931120077,-18647.108333283348,-18632.32834988292,0.23363030159979178,0.9017162999874686,-8.64478706123053,3.8595862514962067,2458.6214632675246,-18934.9829702522,-18912.81299515156,0.25003446674977664,0.9245077101006628,-8.645630022986643,3.6975210742680087,2462.0173659537504,-18918.463907906138,-18896.293932805496,-11.77692097447763,-1.337048680565961,1.000036115845955e-06,-11.529957155683626,1.6226646047159081,0.7479159244798094,2373.691740541065,-19351.710499847843,-19314.76054134677,-287.8746369688524,-280.4846452686397,-271.3555746227903,-263.9655829225776,-704.6021665644948,-682.4321914638531
414,12348,-0.9468387854053271,-0.11424813898756951,-8.287564189630656,8.752877804940022,2569.1875826477635,-19381.179202856114,-19366.33670408487,0.2082612599258561,0.801364704661951,-8.675618821162969,3.8478817661395497,2513.1816073441723,-19651.331717565572,-19629.067969408705,0.2197495928970199,0.7906212292139756,-8.680656197369766,3.5978279585913966,2515.892285108729,-19638.020538213692,-19615.756790056825,-23.975056849145847,-2.718361981957831,1.0000000000000002e-06,-13.170969950554538,1.7086034437599111,0.3678685938948335,2433.8489394257626,-20043.401141707775,-20006.294894779665,-270.15251470945805,-262.7312653238332,-256.8413353575779,-249.42008597195309,-662.2219388516605,-639.9581906947933
415,12390,-1.0805021966458515,-0.12940326644303518,-8.349883479344017,7.727780198193154,2514.618714948523,-19755.18181383109,-19740.332523881843,0.22745411794925516,0.9052452396308689,-8.662802488640601,3.9799026185704336,2474.0011466237897,-19954.946152113644,-19932.672217189775,0.24315512983135212,0.9201350948754682,-8.668002673582945,3.784148397418787,2476.2606320464374,-19943.635628516146,-19921.361693592276,-114.56925861499865,-13.349495622170572,0.04218332326017471,-16.19813114924738,1.7076956774964045,0.07490919719387902,2395.0012704264095,-20353.038526334734,-20315.915301461617,-199.7643382825554,-192.33969330793116,-188.4538146850573,-181.02916971043305,-597.8567125036461,-575.5827775797734
416,12349,-0.9859590019604957,-0.11877949002458363,-8.300751264013956,8.418961891426132,2490.6561429736776,-19767.10590014881,-19752.263239414573,0.22287426181026893,0.8441678907953978,-8.660218499397798,3.7876418925126094,2431.757448943205,-20060.641686940395,-20038.37769583904,0.23820871548431788,0.8633032297541376,-8.662348422357839,3.624146278606552,2434.99255873429,-20044.22400506586,-20021.960013964504,-7.836476792049667,-0.8978649243522511,0.018415969086699513,-10.660401629438438,1.5041250357622982,1.1137532749944903,2357.902935711818,-20437.504463546396,-20400.39781171081,-293.53578679158454,-286.1144564244678,-277.1181049170482,-269.69677454993143,-670.3985633975863,-648.134572296236
417,12187,-0.9823147096433683,-0.1183485536994126,-8.300183474470662,8.44961741180081,2618.3003076832115,-18737.710191682647,-18722.893941505,0.21782272426499705,0.8399824599126745,-8.665558751917823,3.8562664329309153,2567.582776480671,-18974.09360686371,-18951.86923159724,0.23212555191977366,0.8529376920627273,-8.665576050315217,3.67446705030352,2570.2777179959166,-18961.308808485617,-18939.08443321915,-40.88181482237062,-4.71903804151152,0.029405436708992462,-14.358590838265455,1.7287329295278953,0.21190759455706729,2492.825414269364,-19330.196675684176,-19293.156050240057,-236.38341518106245,-228.97529009223945,-223.59861680297035,-216.19049171414736,-592.4864840015289,-570.2621087350562
418,12071,-0.9177078017627581,-0.11166258651028739,-8.218579118066645,8.955551104916156,2483.256335688323,-19083.08942611394,-19068.29230379254,0.21543109537246036,0.8776386901329819,-8.628908985798232,4.07387192000127,2432.1521074558004,-19332.096590293422,-19309.90090681132,0.22880478118231096,0.88248881766121,-8.634494461830732,3.8569509478827086,2435.130155534077,-19317.32529867877,-19295.129615196667,-34.2311855251767,-3.894781616308644,1.0000000000000002e-06,-13.869192302384,1.7082610146203434,0.25675380509466655,2338.583093579709,-19801.65732198949,-19764.664516185985,-249.00716417948206,-241.60860301877983,-234.23587256483006,-226.83731140412783,-718.5678958755489,-696.3722123934458
419,12252,-1.1117658403893809,-0.13311937704838306,-8.351645455682254,7.512054384363171,2665.258001521284,-18685.057757424696,-18670.23086848879,0.2360222907790465,1.0138463572634424,-8.638277469906596,4.295553415387193,2640.344763163647,-18798.120740209506,-18775.88040680565,0.2587521193979954,1.088029845881627,-8.636862051679376,4.204911822221991,2642.0036836462514,-18790.42526361392,-18768.184930210064,-266.36225232622184,-38.7103252757757,0.139464378950303,-16.34499065333922,1.1970055512390896,0.02583290098638835,2559.82055390317,-19173.59386013477,-19136.526637795007,-113.06298278480972,-105.64953831685852,-105.36750618922451,-97.95406172127332,-488.53610271007346,-466.29576930621624
420,12310,-0.984191137651701,-0.11886831678601543,-8.279675899032236,8.412670651340859,2637.141626486039,-18962.21798340053,-18947.38164896217,0.2254245613924158,0.889222724516844,-8.656570358511804,3.944657667399863,2585.6649167683695,-19202.88399517478,-19180.629493517245,0.24091918061342538,0.909711959336471,-8.657244046385875,3.7760047042339004,2588.7870823637104,-19188.02875518056,-19165.774253523025,-219.7840065765125,-24.9320505895357,1.0000000000000002e-06,-17.616232857982283,1.8275264136737894,0.04010901535791496,2498.7734192419657,-19619.67324021568,-19582.58240411979,-240.66601177425036,-233.24784455507324,-225.81077178003034,-218.39260456085321,-657.4552568151521,-635.2007551576171
421,12228,-1.1054187978202663,-0.13244281255816162,-8.346385707679131,7.550428601483035,2490.2992553168892,-19454.72843306663,-19439.90546570061,0.2424666441218019,0.9923523688039217,-8.646820904955076,4.092737672838077,2451.8420534703537,-19643.036288179133,-19620.8018371301,0.26283470505563766,1.0410254970098296,-8.648383349893612,3.960761181783289,2454.1865786420412,-19631.34909345134,-19609.114642402306,-691.3813953190336,-83.87381626614105,0.08506015772469529,-18.738987581708667,1.560084016896541,0.011922671991302834,2367.035003297944,-20069.48001186454,-20032.422593449486,-188.3078551125036,-180.8963714294914,-176.62066038470948,-169.2091767016973,-614.75157879791,-592.5171277488771
422,12228,-0.9819664508845524,-0.11844625682302957,-8.29039665096135,8.442647550222706,2491.935928424921,-19446.69459333533,-19431.87162596931,0.21413536941763503,0.775816857260233,-8.689551054206657,3.6230206124758992,2438.1699620511636,-19711.413531006616,-19689.179079957583,0.2270479512622289,0.7775471168318338,-8.689711031101796,3.4245942872825403,2440.9960124064487,-19697.248426646678,-19675.013975597645,-5.986003429926231,-0.6957855248839003,0.05560545134515957,-10.061522692213037,1.1998652339860698,1.4372244955323858,2356.9470922868823,-20121.70508844464,-20084.647670029586,-264.71893767128495,-257.30745398827275,-250.55383331134726,-243.14234962833507,-675.010495109309,-652.776044060276
423,12231,-1.047462819039142,-0.12554843234871027,-8.343097555609601,7.965053655329634,2594.818606886989,-18959.64078199701,-18944.81732401404,0.2212780596552886,0.8870905025736121,-8.681982742467595,4.008940172177664,2561.5840239189197,-19115.307993948038,-19093.072806973574,0.23715822982664927,0.9094118152258829,-8.684872904771717,3.834620522722813,2563.4394080913703,-19106.45214963603,-19084.216962661565,-8.566215757651245,-1.0666179095537016,0.10819405348501214,-11.334294579778385,1.2010662597717165,0.9375428548902052,2483.7291036711076,-19488.814443602318,-19451.75579864488,-155.66721195102582,-148.25548295953558,-146.81136763901668,-139.39963864752644,-529.1736616053058,-506.9384746308424
424,12126,-1.0360336755191883,-0.12470549299120856,-8.307843148434738,8.018892961439137,2527.602674987028,-19010.545518353698,-18995.739303980434,0.22859664782928535,0.8201273357951631,-8.670493764160964,3.5876612521791196,2462.391286828941,-19325.49913370424,-19303.289812144347,0.24364485764969482,0.8302239057265212,-8.67073283943537,3.4075166360383107,2465.621136113644,-19309.60422327266,-19287.394901712767,-11.683191356536515,-1.325710024025201,1.0038566376008432e-06,-11.459469027530222,1.628746708130022,0.7543127696686938,2375.351833892035,-19757.882085491685,-19720.866549558526,-314.95361535054326,-307.55050816391304,-299.0587049189635,-291.65559773233326,-747.336567137987,-725.1272455780927
425,12312,-1.0075640440745501,-0.12180187005967433,-8.272155785300463,8.210054570673426,2619.5780229442175,-19049.57289948506,-19034.736240134025,0.23020085486948502,0.9323678701322295,-8.644228539282818,4.050236349734001,2578.575230919665,-19241.80989913085,-19219.554910104296,0.24898931156867468,0.9796018849622058,-8.643527795957352,3.9343129983795233,2581.4514933294613,-19228.08417701757,-19205.829187991014,-14.611170972274858,-1.7519786872770937,0.0774650777085662,-12.12945733393085,1.400984174679391,0.5707831991690431,2486.939860198879,-19683.307645139495,-19646.2159967619,-192.23699964578918,-184.818669970271,-178.51127753250694,-171.09294785698876,-633.7347456544339,-611.4797566278758
426,12092,-0.9983156397333055,-0.12069285766430933,-8.271538673067,8.28549443067595,2448.6134484266904,-19307.19186177133,-19292.391263059533,0.22177673192570807,0.8204951438772062,-8.682389234993094,3.6996448489107503,2393.4770399834697,-19580.584595655946,-19558.383697588248,0.23509296435362362,0.8216150961258898,-8.684784568646283,3.4948519126673125,2396.824977338084,-19563.68241915973,-19541.48152109203,-36.22472164004008,-4.098203465520425,1.0000000000000002e-06,-13.602108469229071,1.6276611002380088,0.24400935883572863,2282.425203274054,-20151.058270657773,-20114.056773878277,-273.39273388461515,-265.9924345287145,-256.4905573883989,-249.09025803249824,-843.8664088864425,-821.6655108187442
427,12104,-1.0099949872257206,-0.12178060906504933,-8.293561634974496,8.211487918128643,2563.3197431402677,-18784.225610473215,-18769.42302796228,0.20374352585945468,0.7327714865223985,-8.717647075527408,3.5965387534712403,2519.567910879308,-18990.60529278804,-18968.401419021637,0.21449389020107015,0.7178764262750341,-8.72285017365913,3.3468385770899336,2522.171317908451,-18978.104986821574,-18955.90111305517,-7.085381842150656,-0.8209453906086251,0.052718796046964056,-10.287838643830717,1.14683513795966,1.218107819886325,2425.08919822846,-19449.2094776613,-19412.20302138396,-206.3796823148259,-198.97839105935782,-193.87937634835907,-186.47808509289098,-664.9838671880862,-642.7799934216819
428,12234,-0.9273816594604752,-0.11241338056966561,-8.249744423314018,8.895738166865936,2659.506315801424,-18666.043767272273,-18651.219818792666,0.21642332916325088,0.9025287096986961,-8.655097432634415,4.170200658071881,2614.0012149494723,-18875.1834001095,-18852.947477390095,0.23219381279948012,0.9339151399965849,-8.653991290826967,4.02213620051583,2616.9623691584784,-18861.33250480882,-18839.096582089413,-137.2520843814742,-16.257195897208458,0.06033808252444849,-15.742737705579108,1.4794686994165367,0.06151122286542116,2519.2111866886708,-19323.0614657363,-19286.001594537287,-209.13963283722842,-201.72765859742867,-195.28873753654625,-187.8767632967465,-657.0176984640275,-634.781775744621
429,12275,-0.9725706153005506,-0.1179903980318284,-8.242794596202613,8.47526592570902,2577.741686139743,-19152.990699823396,-19138.16005991807,0.2168188329521877,0.8590047909967226,-8.663993539482172,3.961855062591117,2534.6645493857955,-19357.853904213032,-19335.607944355044,0.23089424401289535,0.8708066014223298,-8.667047313749965,3.7714521864550923,2537.793896461906,-19342.70829360127,-19320.462333743282,-109.70818323426238,-12.605870160905482,0.024159130121753396,-15.51889268017494,1.583779668912148,0.07932812152082089,2432.494542347903,-19858.896617047216,-19821.820017283902,-204.86320438963594,-197.44788443697325,-189.71759377787384,-182.30227382521116,-705.9059172238194,-683.6599573658314
430,12345,-0.9791553814246566,-0.11786360988028867,-8.307529206166025,8.484382932235631,2531.533543767345,-19555.7372405531,-19540.89522774954,0.21660230050010898,0.8761810376642,-8.676913727679432,4.045114182264926,2487.1963861011764,-19771.862726048064,-19749.599706842728,0.23194652612407077,0.8987466936514164,-8.677506653308134,3.874801268507323,2489.888840132915,-19758.50617426993,-19736.243155064592,-961.7349031569546,-114.20658049632395,0.06508768352029745,-19.173213045519933,1.5581604180813768,0.00875606287881273,2403.2229752626045,-20191.856490805163,-20154.751458796265,-216.1254854949657,-208.70447909318682,-202.76893371683036,-195.3479273150515,-636.1192502520644,-613.8562310467241
431,12267,-1.0691226402313667,-0.12889788831339796,-8.294337899717473,7.7580789963651995,2499.911302144193,-19508.595281990354,-19493.76594597229,0.22493384064113908,0.8396231112923183,-8.667995632392469,3.732755857896271,2462.193013805261,-19693.088400717977,-19670.844396690878,0.24216061032245825,0.8700896667481572,-8.665401944415855,3.59302722928207,2464.6474461924763,-19680.866156125652,-19658.622152098553,-8.326551655611635,-0.9866383461426486,0.07164130123106564,-10.912978627212073,1.2688966447184908,1.0135426054638865,2376.760600522759,-20122.28466842034,-20085.211328375175,-184.49311872762337,-177.078450718589,-172.27087413529807,-164.85620612626371,-613.6893864299855,-591.445382402886
432,12221,-1.0119802574590924,-0.12243045413970476,-8.265755971993103,8.167902398360013,2541.852058536258,-19186.181816006658,-19171.359993881782,0.21938058349162617,0.8086681037166399,-8.661991315420297,3.686142551204888,2491.8098366521067,-19427.18031505317,-19404.947581865858,0.23339816599606422,0.8144415070289631,-8.661884324496782,3.489494030740143,2494.716734509124,-19412.93183879306,-19390.69910560575,-9.362025602241856,-1.0880486972717598,0.045164960542334744,-11.046247196625142,1.3771241607445663,0.9190765105527551,2402.4090675457887,-19869.70237035632,-19832.647815044133,-240.99849904651273,-233.58758798407507,-226.75002278640386,-219.3391117239662,-683.5205543496631,-661.2878211623502
433,12302,-0.9838228057052905,-0.11861607116357942,-8.294177981569915,8.430560801671923,2553.500261162568,-19338.395004835773,-19323.559970576236,0.22651394759808793,0.9622570696551046,-8.644609725010827,4.248113989706598,2512.543139804965,-19535.313744779083,-19513.061193389778,0.2438714028588348,0.9988711257461245,-8.64675669273456,4.0958928108693495,2515.2930129373617,-19521.85708405262,-19499.604532663314,-18.323298328420634,-2.1774722072869643,0.06665675209589755,-12.526391559839125,1.425165982215098,0.45924811194075194,2422.0799315586933,-19982.413278436306,-19945.325692787465,-196.91873994331036,-189.50122281354197,-183.46207921684618,-176.0445620870778,-644.0182736005336,-621.7657222112284
434,12112,-1.0311109619645453,-0.12363042615333035,-8.340268605769658,8.088623740241488,2638.7026650241596,-18453.589624300443,-18438.78572034909,0.23247173197071386,0.9357840231232345,-8.669912455452566,4.025366934682286,2591.3317301857915,-18671.004033507314,-18648.798177580284,0.2511368661905161,0.9778700654900344,-8.6684389714053,3.8937734643395916,2593.9725153641343,-18658.66717097013,-18636.4613150431,-899.0211148027689,-107.2030801733284,0.07193123167038211,-19.430158647526973,1.6187438222053037,0.009328090185311626,2514.2430735228777,-19032.788028096445,-18995.77826821806,-217.4144092068709,-210.01245723119428,-205.07754666968685,-197.67559469401021,-579.1984037960028,-556.9925478689693
435,12237,-0.914232709629218,-0.11013874594540202,-8.300736509951017,9.079456928769826,2508.8371392535155,-19387.298348416796,-19372.473909560824,0.20407866414175052,0.6956651259977352,-8.720784613013958,3.4088087009161074,2434.115576718682,-19755.294774615835,-19733.05811633188,0.21318803041109277,0.6684841745989601,-8.7232721704882,3.1356552866026997,2437.138722643661,-19740.105979632037,-19717.86932134808,-7.972522941949505,-0.9015532888421363,1.0000086616777872e-06,-10.451887436207546,1.414067252932518,1.1091967744738624,2352.8326465496903,-20166.90604987048,-20129.84495273055,-367.996426199039,-360.5842067710546,-352.8076312152407,-345.3954117872563,-779.6077014536822,-757.3710431697255
436,12217,-1.0800950426196925,-0.12908068141368356,-8.367596380733035,7.747092663658592,2559.461151300179,-19091.55798397526,-19076.736816568453,0.21974476275199498,0.77130628074223,-8.727841389960583,3.5100098454347695,2513.5908258753284,-19310.495219050015,-19288.263467939803,0.23278864031120775,0.7676202800236415,-8.733473373720036,3.2974988770819498,2515.9384523560784,-19299.09019356487,-19276.858442454657,-4.269741455981229,-0.512767502278608,0.10697482451559204,-9.749033393153011,0.954159747396001,1.9502015934244175,2439.6124769045528,-19671.455284503,-19634.40236598598,-218.93723507475443,-211.52665137135045,-207.5322095896081,-200.12162588620413,-579.8973005277403,-557.6655494175284
437,12059,-1.0303416139055348,-0.12392341772072231,-8.3143414929658,8.069499844279887,2473.3712711856524,-19100.219464239723,-19085.424331143517,0.22812694186716256,0.8715934614250721,-8.668194113134595,3.8206511440134836,2419.425229140411,-19364.14578406712,-19341.95308442281,0.24312389164566073,0.8833756860800358,-8.671634080338745,3.6334384091198477,2422.4935009165692,-19348.862465050777,-19326.669765406466,-31.906378466003193,-3.6192366188595626,4.711578117287147e-06,-13.887793612868364,1.8008174461053819,0.2763013600130694,2338.9679608059437,-19767.983740449617,-19730.9959077091,-263.9263198273984,-256.5287532792936,-248.64300081105466,-241.24543426294986,-667.7642762098949,-645.5715765655841
438,12221,-1.0524780711914383,-0.12711093790886846,-8.279996108171328,7.867143586942493,2599.338339596762,-18912.871914112195,-18898.05009198732,0.22196077822955035,0.8159381443449809,-8.680839156398802,3.6760465107990528,2558.0470442782016,-19106.56475651369,-19084.332023326377,0.23510866223927418,0.813875716817936,-8.684604370852195,3.461700258366663,2560.889687661418,-19092.991645464845,-19070.75891227753,-16.46266467156345,-1.8718967666464188,0.007480818705243759,-12.097154009152211,1.5497485891090161,0.5342174941578332,2460.6358940276045,-19577.036331020707,-19539.98177570852,-193.692842401495,-186.28193133905734,-180.11973135264998,-172.70882029021232,-664.1644169085121,-641.9316837211991
439,12123,-0.972725992493617,-0.11783879576318661,-8.254717694573566,8.486169546484831,2534.6428198994463,-18969.12233005099,-18954.316610543494,0.21488755244406618,0.8262529166840251,-8.652378735673398,3.8450478275101267,2489.6804553883694,-19184.104107061856,-19161.895527800614,0.2289643539164837,0.8366882352542849,-8.650007210810296,3.654229232378559,2492.2010172523014,-19171.8369448455,-19149.62836558426,-910.015928340274,-105.68827541675276,0.034860603985182446,-19.53947157909118,1.6679634567695687,0.009461787469393117,2406.302961440958,-19593.04794439698,-19556.03364562825,-214.98177701086752,-207.57891725712034,-202.71461479451318,-195.311755040766,-623.9256143459934,-601.7170350847555
440,12361,-1.0653206127874277,-0.12855248825274532,-8.287047783104091,7.778923718955276,2540.3939415414397,-19553.910305555273,-19539.0657022875,0.23895822741310846,0.9125322964355802,-8.64607185345106,3.818794214848288,2490.584273240579,-19796.680766489677,-19774.413861588015,0.2565459661446379,0.9374055540239351,-8.647727109342739,3.653947743210414,2493.3673452813555,-19782.87583429737,-19760.60892939571,-23.26946132312953,-2.7393530327319886,0.054943298699518195,-13.10703950348531,1.5803801594629914,0.36504969898045175,2397.5958457105007,-20263.027032939226,-20225.915524769785,-242.77046093440367,-235.34815930051627,-228.96552874209738,-221.54322710820998,-709.1167273839528,-686.849822482287
441,12321,-0.9746765868169346,-0.11760364087023877,-8.287809625659218,8.50313810525116,2565.3972883369784,-19330.01178305467,-19315.17366224942,0.22333216771566,0.9220093705239362,-8.656523819243564,4.128421713516038,2516.0721300173645,-19567.215963699382,-19544.958782491507,0.2402065019008119,0.9566358403837689,-8.658805028957971,3.982555979183241,2519.2986064223314,-19551.42629366039,-19529.169112452513,-18.93558767053698,-2.189653893832281,0.035504713507577404,-12.429452969723444,1.4809152827731706,0.45669318005770465,2424.4365155137157,-20020.32351499475,-19983.228212981627,-237.20418064471232,-229.78512024208612,-221.41451060571853,-213.99545020309233,-690.3117319400808,-668.0545507322058
442,12272,-1.0374706371867146,-0.12467249674422146,-8.321567821932636,8.02101526892177,2569.874291685163,-19182.82113476147,-19167.990983714255,0.227868536017079,0.8249043816244804,-8.676716476146163,3.6200890041381273,2512.6696952387865,-19457.078243333428,-19434.833016762608,0.24228285565580038,0.8296858359884175,-8.678665097078083,3.4244512833673726,2515.217509242573,-19444.640901420567,-19422.395674849748,-14.898564577228758,-1.6918714255843887,1.0043306944570942e-06,-12.224068082992494,1.7484165912624634,0.5910614629918407,2437.0209877011057,-19828.22622431342,-19791.150846695386,-274.25710857195736,-266.8420330483532,-261.8197666590968,-254.4046911354926,-645.4050895519504,-623.1598629811306
443,12427,-1.0500133587254523,-0.1263158254982513,-8.312603385867819,7.916664408877603,2715.4897170211275,-18896.214521318998,-18881.359267711385,0.22565789640171388,0.790639469278897,-8.677434136129557,3.5037084094385453,2658.1104305196227,-19159.6155471803,-19137.33266676888,0.24001443556465799,0.7974234850989028,-8.676358374726277,3.322398018364538,2660.891409519396,-19146.620917654483,-19124.338037243066,-14.411969835919498,-1.6409280462516032,0.00688330237352103,-12.003303960298915,1.6612724179994305,0.6094112427929519,2575.9986967220098,-19545.55248316626,-19508.414349147228,-263.4010258613016,-255.97339905749686,-250.40639633548562,-242.97876953168088,-649.3379618472609,-627.055081435843
444,12174,-0.9444488012324475,-0.11468249568098239,-8.235335267377373,8.719726528987879,2570.709018101703,-18928.040457083054,-18913.226341464946,0.21921642491369212,0.8666185126437371,-8.653637495863002,3.9532553867025895,2515.7281884522204,-19189.235563381673,-19167.01438995451,0.2333808630789727,0.8776441714138785,-8.654679026973803,3.7605661399790797,2519.2405788709148,-19172.250414170427,-19150.029240743264,-269.47986484066473,-30.508188618959224,1.0000000000000002e-06,-17.45051200834488,1.7153484657117704,0.03277808500825096,2412.7491954967472,-19694.0534621204,-19657.01817307513,-261.19510629861907,-253.78804848956497,-244.20995708737246,-236.80289927831836,-766.0130050373446,-743.7918316101823
445,12283,-1.0110836274052817,-0.12237761457258817,-8.261998168019188,8.17142909258826,2597.91264430139,-19077.73752445187,-19062.905581508792,0.23149040134835863,0.979404339482216,-8.629144743949496,4.230863715201556,2552.9481577026086,-19290.19209426121,-19267.944179846592,0.24935931087787525,1.0136578905967166,-8.63308043434256,4.065049293840725,2555.6188430834127,-19277.349341483034,-19255.101427068417,-733.3496340118137,-87.61877781049637,0.06737392605657294,-18.615265182875746,1.541350454247839,0.011413078622973033,2453.2632790671746,-19775.420823764827,-19738.340966407133,-212.45456980933886,-205.03859833780007,-199.6118170311638,-192.195845559625,-697.6832993129574,-675.435384898341
446,12429,-1.0018505977399663,-0.12128298620406651,-8.260438080360979,8.245179569683707,2684.96004704483,-19041.784520756144,-19026.928945294654,0.21310627802050838,0.9349493443035867,-8.630329537503195,4.387244491284351,2668.8192966751117,-19114.72746527257,-19092.44410208033,0.23153370331641115,0.9908412843448204,-8.626745804099281,4.279468907344123,2670.5478510272724,-19106.679993653088,-19084.39663046085,-128.86444465076843,-16.418167884024186,0.09537683698871462,-15.177312812155828,1.2445209044363867,0.06090813585680635,2574.442083601899,-19558.212723924757,-19521.07378527103,-72.94294451642418,-65.51515678567739,-64.89547289694383,-57.46768516619704,-516.4282031686125,-494.1448399763758
447,12376,-0.9995498650218498,-0.12086553899680429,-8.269932631899968,8.27365689426529,2607.3205782905334,-19270.828153883143,-19255.98112509864,0.22242891943736862,0.8827066055006775,-8.650789510207787,3.968488484921267,2558.584275926969,-19502.35098897602,-19480.080445799264,0.23976177528022857,0.9229454081346277,-8.646631309557266,3.8494268198335964,2562.0788089467283,-19485.45929090895,-19463.188747732194,-26.12589131012518,-2.989118040672077,0.017986559638770126,-12.995675682847544,1.5540367012983944,0.3345468417082514,2458.1470775928196,-19993.96328819254,-19956.845716231273,-231.52283509287736,-224.09932070062496,-214.63113702580813,-207.20762263355573,-723.1351343093957,-700.8645911326348
448,12317,-1.0366158446857725,-0.12513540279929253,-8.2839533936565,7.991343597654153,2610.2064297118395,-19106.45504537975,-19091.617573977866,0.2300337252812794,0.8806087386312575,-8.624053985653115,3.8281723149702134,2563.1042948306344,-19328.749721770168,-19306.49351466734,0.24601578183290324,0.8974446082609576,-8.624446543573347,3.6479147865014303,2565.441910521664,-19317.52142692501,-19295.265219822184,-10.976606850542094,-1.2612360107684868,0.013802058822459906,-11.698972740350904,1.7216779246651188,0.7928730162015336,2495.8074028755864,-19652.466340211686,-19615.372661706977,-222.29467639041832,-214.8759406894751,-211.0663815452608,-203.6476458443176,-546.0112948319365,-523.7550877291105
449,12162,-0.9274795210990925,-0.11194758190869795,-8.284944661471338,8.932752123360544,2597.725613218994,-18770.236630018142,-18755.424486786782,0.21627787682288718,0.830259634486524,-8.692858950296719,3.8388560433596015,2532.0990861273312,-19079.43376302272,-19057.215548175678,0.2284159807923767,0.8266016541525416,-8.69768606331998,3.618843354501968,2535.5531292912374,-19062.85485125892,-19040.636636411877,-18.38200413156943,-2.0779422786485733,1.0000000000033034e-06,-12.291382455802582,1.5844318257446355,0.4812453215256623,2435.8613425907824,-19546.689480259483,-19509.65912218108,-309.19713300457806,-301.7910613888962,-292.6182212407766,-285.21214962509475,-776.4528502413414,-754.2346353942994
450,12344,-1.009138904481151,-0.12161867990247335,-8.297565022826959,8.222421101774046,2620.9838331269084,-19124.513710836643,-19109.67186004856,0.22301134283940965,0.8033798269032029,-8.701472689516736,3.602416884605355,2561.3284216553484,-19406.71847969815,-19384.45570351602,0.2350856346897491,0.7937262575130005,-8.706608193311363,3.376328198703036,2564.5886476802752,-19391.016221962018,-19368.75344577989,-26.32765047776074,-2.977233971297092,1.0009312884844302e-06,-13.09479404999631,1.662028755066636,0.33588223486658986,2468.6876128149097,-19857.46353980288,-19820.358912832664,-282.2047688615057,-274.78384346746316,-266.50251112537444,-259.08158573133187,-732.949828966237,-710.6870527841056
451,12353,-0.9448111230516736,-0.11403914615878884,-8.284971914259271,8.768918688742142,2541.65505984347,-19527.12424522403,-19512.280936768955,0.21916287786215805,0.9326048659005263,-8.634990640531688,4.255304890124165,2488.075333894087,-19788.31743469729,-19766.05247201468,0.2358695232671598,0.9685692625034993,-8.634937995647379,4.106377327122675,2491.2143838717116,-19772.74224558055,-19750.47728289794,-2399.4020344180526,-275.9810635195992,0.023111298512347587,-21.239254738326856,1.6941019094791419,0.003623437011391122,2396.424152464699,-20247.94730912761,-20210.839037989925,-261.1931894732588,-253.7715352457235,-245.6180003565205,-238.19634612898517,-720.8230639035792,-698.5581012209695
452,12065,-1.03895873621886,-0.12437390663647835,-8.353510509688675,8.040271685947864,2692.546899844576,-18091.342180567914,-18076.546052611797,0.2312554531117237,0.9579077418194771,-8.69089585238682,4.142206070949144,2653.84338750707,-18264.02678405269,-18241.832592118513,0.2500797388154007,1.0053511462759415,-8.6915554301699,4.020122345929245,2656.4530497366754,-18252.168471543417,-18229.97427960924,-914.1787889806974,-112.20211298933881,0.09715243064993971,-18.176066930999887,1.3773071806882862,0.008912488128410003,2564.8388825058,-18671.603282537573,-18634.61296264728,-172.68460348477674,-165.2865395067165,-160.82629097550307,-153.42822699744283,-580.2611019696596,-558.0669100354826
453,12477,-1.0985793828193526,-0.13213664127972186,-8.313964788114713,7.56792355485324,2693.4724238704466,-19123.936272980256,-19109.072988523432,0.21858570908320243,0.8678266490964228,-8.644520824794606,3.9701893263575316,2670.2987038745723,-19229.748592537242,-19207.45366585201,0.23354515380306928,0.8814810811493382,-8.647460243104968,3.774349699812755,2672.33177740832,-19220.252648622023,-19197.95772193679,-18.676037888949033,-2.2091485755949747,0.05808582883728421,-12.558807959915514,1.456163100644541,0.4526630807213485,2588.860217242691,-19612.194121698456,-19575.035910556402,-105.81231955698604,-98.38067732857598,-96.31637564176708,-88.88473341335703,-488.25784871819997,-465.9629220329698
454,12244,-1.0573398259159315,-0.12662315117289716,-8.350288364504452,7.897449958693204,2658.4071820940203,-18696.36994347179,-18681.54436087166,0.2170571449758021,0.7186963626806688,-8.725262029087267,3.3110928587989594,2606.517965431247,-18935.72271598503,-18913.484342084834,0.2262054507327327,0.6815112313747458,-8.730603757529986,3.0127975659612556,2608.2974855702705,-18927.36635299092,-18905.127979090725,-14.427655563618533,-1.7146431826569057,0.07780092160886541,-12.051083827885892,1.4264512290714764,0.5832117201495307,2522.0000008385136,-19335.321441598244,-19298.257485097918,-239.35277251324078,-231.93998121317418,-230.9964095191317,-223.5836182190651,-638.9514981264547,-616.7131242262585
455,12202,-0.9948889162617057,-0.11987408128309679,-8.299449769397258,8.342086873962204,2526.956385824981,-19209.07767426524,-19194.258963961816,0.21798711521867303,0.8366076278353918,-8.682995805000349,3.8378765047473182,2482.5952340637114,-19423.188402074313,-19400.960336619177,0.231449859604245,0.8387566836343912,-8.68699929068278,3.6239239248992297,2485.0777520434767,-19410.992878336965,-19388.76481288183,-86.13314722593269,-10.005458222480629,0.040494955758750215,-15.47077592211993,1.6470519206223881,0.09994544755113399,2395.086163180724,-19857.06048943652,-19820.013713677963,-214.11072780907125,-206.70137265736048,-201.91520407172356,-194.5058489200128,-647.9828151712791,-625.7547497161468
456,12206,-0.9768362842436011,-0.118022685895764,-8.276682375338664,8.472947318646739,2561.7673277967547,-19052.376448597457,-19037.557082771247,0.21710500555281567,0.8168299731998145,-8.692144070209599,3.7623728256283906,2508.5253094677423,-19306.730868406234,-19284.50181966692,0.23097367442274486,0.8253653705463556,-8.691986417395372,3.5734175014062934,2511.5527021387124,-19292.009041639394,-19269.77999290008,-18.882351694746074,-2.1852465562004815,0.040718181749079194,-12.332991014455938,1.4494193536035376,0.4576142665286767,2405.7147676254563,-19813.52748678211,-19776.47907221659,-254.35441980877658,-246.94473689567167,-239.63259304193707,-232.22291012883215,-761.1510381846529,-738.9219894453418
457,12210,-0.939995641242309,-0.11369853544681567,-8.267438428721073,8.795188047675127,2578.8563235274128,-18981.442222397407,-18966.6222012632,0.20451434390530632,0.7085413801797351,-8.70268242532714,3.464507020142323,2517.668298476809,-19272.638759385696,-19250.408727684382,0.212936499523816,0.672999564056002,-8.709903604738537,3.160564607575556,2520.596921871135,-19258.443994279765,-19236.21396257845,-6.522256557699731,-0.7472867646879494,0.02651810854079189,-10.065298109001434,1.2827841022783566,1.3381743759607172,2431.3289339301527,-19694.709158116188,-19657.659105280665,-291.19653698828915,-283.7865264211832,-277.0017718823583,-269.59176131525237,-713.2669357187806,-691.0369040174664
458,12296,-1.020542823479055,-0.12316468976844097,-8.286001656787782,8.11921015576848,2599.187021833851,-19104.90981520503,-19090.075756634593,0.23303599415542667,0.8775685646546115,-8.659386980694817,3.765806942550277,2540.882490667828,-19381.87229361895,-19359.621205763295,0.24849494591118307,0.8908732491836787,-8.662818989701714,3.5850759294802486,2543.9931660523503,-19366.82812267686,-19344.577034821203,-61.64665812795889,-7.001738916964848,1.0000000000000002e-06,-15.232449724403748,1.8474642621006392,0.14282166356946732,2449.4379982184178,-19828.555715062743,-19791.47056863665,-276.96247841392324,-269.5454491287019,-261.9183074718312,-254.50127818660985,-723.6458998577145,-701.3948120020577
459,12106,-1.0628854008433082,-0.12747305705215675,-8.33811807312677,7.844794995312939,2452.957302635634,-19322.10118720302,-19307.29827425012,0.2271535135860477,0.8085132763368684,-8.69016107491,3.55932542522877,2398.8787764709114,-19589.979122012894,-19567.77475258354,0.24168161899988988,0.8142791759690735,-8.690251072645802,3.3692226133649186,2401.469752039433,-19576.910757042227,-19554.706387612874,-22.52185713032525,-2.575269265538052,0.017044244760113122,-12.99553102815477,1.697776110639873,0.3883089094340081,2314.9597340552677,-20017.06358672993,-19980.056304347672,-267.8779348098724,-260.47647833342126,-254.80956983920623,-247.4081133627551,-694.9623995269103,-672.7580300975533
460,12233,-1.0704078560307135,-0.12849986352022494,-8.330031073241095,7.782109432689065,2590.661624284165,-18984.355232742277,-18969.531447748184,0.24228677147137956,0.9246974052373826,-8.655057770747565,3.8165410336759296,2537.676897444483,-19235.140896121018,-19212.905218629876,0.2599692047349039,0.9509957106515492,-8.656808891038345,3.658109088810344,2540.5880813287927,-19221.115430137364,-19198.879752646222,-462.8443605976985,-52.77467374095289,0.009234197331948624,-19.31786109181338,1.892468128977802,0.018948482844414152,2456.2443225373154,-19630.127164164533,-19593.067701679298,-250.78566337874145,-243.3737708816916,-236.76019739508774,-229.3483048980379,-645.7719314222559,-623.5362539311136
461,12246,-0.9921077154185719,-0.11943460085482492,-8.306702649967391,8.372783036429446,2647.9376593143475,-18749.747985179663,-18734.922075915587,0.2150461648583393,0.732884585624009,-8.702333357597968,3.4080337406007377,2578.8373772850855,-19071.56194416571,-19049.323080269598,0.22370458245659186,0.6952701043554578,-8.709520576809863,3.107983290822259,2581.7267047715445,-19057.849215272614,-19035.6103513765,-16.303574971326366,-1.8468738291439333,1.0404514424641625e-06,-12.162498069926986,1.6449731183222311,0.5414555040089133,2492.3663875888765,-19485.224666451963,-19448.159893291773,-321.8139589860475,-314.4010043540111,-308.1012300929506,-300.68827546091416,-735.4766812722992,-713.2378173761863
462,12210,-1.0688157651867138,-0.12830107811148636,-8.330528323838195,7.794166773338075,2563.1255573215435,-19056.15009148103,-19041.330070346823,0.2332425042287803,0.8670230103726753,-8.68970068530522,3.717259910407408,2515.287203730177,-19284.191879222624,-19261.96184752131,0.24996813260955808,0.8906665013406077,-8.690494010910085,3.563120194732179,2518.1831719117577,-19270.142019877156,-19247.91198817584,-22.195126682560293,-2.613905082298929,0.0638295884962235,-12.884489416419024,1.5089086163186094,0.3825693621286739,2426.127231225556,-19720.859806579785,-19683.809753744263,-228.041787741593,-220.63177717448707,-213.99192839612442,-206.5819178290185,-664.7097150987538,-642.4796833974397
463,12134,-1.0031427008987461,-0.12086243090559909,-8.299871956756038,8.273869659142143,2543.6380185423786,-18954.356744751476,-18939.54921133447,0.2210946482776833,0.8088422374478302,-8.684638409705784,3.6583528536247822,2485.022560620865,-19235.244074137798,-19213.032774012292,0.23433083546784195,0.8088991976645608,-8.68576194040245,3.4519537134308083,2488.0241781684736,-19220.596461252335,-19198.38516112683,-21.961305220884086,-2.487409632188243,1.45739185267979e-06,-12.896197042041585,1.6940743821629047,0.4020246553119087,2398.416112239084,-19661.675542856483,-19624.65670931397,-280.88732938632165,-273.4835626778222,-266.2397165008588,-258.8359497923593,-707.3187981050069,-685.1074979795012
464,12222,-0.9918605276547918,-0.11991203638523941,-8.27156770541581,8.339446398752804,2578.6431505546766,-19013.117363143738,-18998.29537737283,0.22366072030362696,0.9473586734420699,-8.646037165024586,4.235695352120831,2542.3707575221906,-19184.25831123358,-19162.025332577217,0.24020189201441444,0.9773692587953011,-8.648852344450457,4.06894904365137,2544.8830646290353,-19172.18680034403,-19149.953821687664,-72.54909937320765,-8.611649012656843,0.06262817484987836,-14.592797448124873,1.4222482416749296,0.11612177859667352,2442.3594941700458,-19670.756955660858,-19633.70199123358,-171.14094808984373,-163.7299552043878,-159.06943720029085,-151.65844431483492,-657.63959251712,-635.4066138607523
465,12245,-1.1227057686451705,-0.13439201053843391,-8.35396214512391,7.440918518843175,2638.90607195579,-18789.05324995671,-18774.227504017937,0.2285623867346254,0.8577554874677006,-8.66706013201993,3.7528287122045416,2604.0587497593733,-18949.828228744824,-18927.589609836665,0.24486299860384622,0.8755764339235036,-8.668859097639327,3.5757809016300692,2606.0135852545695,-18940.63950343632,-18918.40088452816,-52.91081513661561,-6.192833006095067,0.04821162651359486,-14.851261315291483,1.7085667933784985,0.16147698460717202,2534.2818863443513,-19278.41428288453,-19241.3499180376,-160.77497878811482,-153.3621058187273,-151.5862534796106,-144.17338051022307,-489.3610329278199,-467.12241401966094
466,12091,-1.1149027216449694,-0.1335771548999853,-8.346507473375539,7.486310071125119,2662.7388300594316,-18290.966408247852,-18276.165974941505,0.24169287015509508,0.9841919276793348,-8.647196070392596,4.0720767933608295,2632.288598861229,-18428.031902824037,-18405.831252864515,0.26184214229844255,1.0323851359011091,-8.648226609863492,3.942776845769986,2634.374154190348,-18418.456028314955,-18396.255378355432,-17.78075990165146,-2.158054106967469,0.08845730501070921,-12.732261514999458,1.4782554951203597,0.4633804114416832,2557.9184653200523,-18770.55789783572,-18733.55681456985,-137.0654945761853,-129.66527792300985,-127.4896200671028,-120.08940341392736,-479.5914895878668,-457.3908396283441
467,12296,-1.0392119075427921,-0.12494961774605731,-8.31704751314122,8.00322576442259,2620.8539007552895,-19002.834955196082,-18988.000896625646,0.23279872922328798,1.001806754015432,-8.620799168917005,4.303317107262012,2585.6270314629337,-19167.226112776312,-19144.975024920655,0.2530657519296167,1.0583157151216218,-8.621253185905443,4.181979217069101,2587.6231079638565,-19157.737393997264,-19135.486306141607,-12.33789187874208,-1.5776768505563168,0.11426154157531984,-12.223228833169589,1.3175606816386638,0.6338433625665372,2515.031149987331,-19503.614494821177,-19466.529348395085,-164.39115758023036,-156.974128295009,-154.90243880118214,-147.48540951596078,-500.7795396250949,-478.5284517694381
468,12180,-0.9133227884997921,-0.10987377559943617,-8.312472958328728,9.101352843700145,2592.910297064932,-18838.634790197204,-18823.819689114676,0.205885428565122,0.7327624423173557,-8.72697124074107,3.55907869451568,2520.6845821715983,-19180.724509562282,-19158.50185793849,0.21356289554694746,0.6909313745777362,-8.735254362816475,3.235259443398252,2523.652079044344,-19166.393937077897,-19144.171285454104,-13.118292592444574,-1.4819031143004984,1.0013584182282356e-06,-11.555660391688397,1.5283934230508613,0.6748079482051897,2431.753863060013,-19614.202983042353,-19577.16523033603,-342.08971936507805,-334.6821688238124,-327.75914688069315,-320.3515963394275,-775.5681928451486,-753.3455412213552
469,12133,-0.9102169303296702,-0.11027869264398134,-8.253787821625458,9.067934847834604,2411.876267292158,-19597.153108423427,-19582.345739839322,0.20654714936433635,0.7068109466225827,-8.713516919907484,3.42203196121488,2340.0401801320013,-19962.017155620746,-19939.80610274459,0.2161993698443005,0.684416490541069,-8.714164735666506,3.165672920480586,2343.3445052761567,-19944.89646777663,-19922.685414900476,-7.901135494279312,-0.8938001969385185,1.0000120076478989e-06,-10.371642940311842,1.3571556741421142,1.118818281116117,2244.820454353704,-20462.05301197772,-20425.03459051746,-364.86404719731945,-357.460362905269,-347.74335935320414,-340.3396750611537,-864.8999035542947,-842.6888506781397
470,12162,-1.0054445621640635,-0.12141707676211833,-8.280915576100893,8.23607376052391,2522.8932633014624,-19125.731096527263,-19110.918953295903,0.2158161405078801,0.839942568293165,-8.671652983246332,3.8919358223927474,2484.1199370559857,-19312.095137612632,-19289.87692276559,0.23111981133859824,0.85947890265101,-8.67120345165241,3.718759104522826,2486.47232106687,-19300.5835530808,-19278.365338233758,-11.36317172916292,-1.364724863566825,0.07872250347224048,-11.560901231596583,1.2648593808243538,0.732748429149605,2391.4440444088664,-19770.507276344822,-19733.47691826642,-186.36404108536954,-178.95796946968767,-174.8524565535372,-167.44638493785533,-644.7761798175598,-622.5579649705178
471,12164,-1.0594911072183673,-0.12709097677554224,-8.3364778058914,7.868379214412041,2577.5649010930847,-18870.096087490758,-18855.283615393164,0.232125891373424,0.93210965169976,-8.655082032494077,4.015535045163329,2537.3718071569438,-19059.26907200004,-19037.050363853647,0.2496958472672768,0.962008522832961,-8.655263265845582,3.8527213542451024,2539.409599838288,-19049.503943458967,-19027.285235312575,-570.0325338062764,-71.96478229631892,0.1085533677108351,-18.250792835960755,1.4734379071497394,0.01389568575198971,2461.041689292216,-19426.80765643448,-19389.776476190495,-189.17298450928138,-181.76674846048263,-179.40785596820933,-172.0016199194106,-556.7115689437233,-534.4928607973306
472,12151,-1.0968783680784684,-0.13232912056490473,-8.289017288076602,7.556915633770274,2609.8000217541967,-18685.9132892929,-18671.102955793085,0.23447659020718944,0.926909582192508,-8.609747578150488,3.9531007397090994,2577.3123532260556,-18836.122377354586,-18813.90687710486,0.25322993364197705,0.9652178916273487,-8.60778580725962,3.8116263655938813,2579.49369010138,-18825.84259342235,-18803.62709317262,-193.21498774346503,-22.478391009015375,0.03157600626934217,-17.694687371315066,1.8383689147627469,0.04448716990459555,2505.5632617623733,-19175.18846395668,-19138.162630207138,-150.20908806168518,-142.8039213117736,-139.9293041294477,-132.5241373795361,-489.2751746637805,-467.059674414053
473,12072,-1.0116552457066628,-0.12196608321924572,-8.294562053682707,8.199000686136687,2497.906204162173,-19014.661687927943,-18999.864399927046,0.2147683249571479,0.7247296432105405,-8.693444714040565,3.3744717399790853,2440.978616351142,-19290.967541221504,-19268.77160922016,0.22482989513857007,0.6972656092428519,-8.69722144285796,3.101302915313393,2443.44348757836,-19278.783529542037,-19256.587597540693,-6.556803266263529,-0.7523292097788048,0.026824581959408487,-10.167865658089761,1.3456911213783818,1.3292053359114075,2363.5743620077355,-19675.975642076253,-19638.982422074016,-276.3058532935611,-268.9072092931128,-264.1218416140946,-256.72319761364633,-661.3139541483106,-639.1180221469695
474,12058,-0.9505680343028755,-0.11488949228928601,-8.273759552434896,8.704016181758815,2619.302543532317,-18406.39872512422,-18391.60375788612,0.2186896380004868,0.8198630805477377,-8.686495394445814,3.748980006752367,2560.288147184351,-18679.179659755828,-18656.98720889868,0.2317891264541986,0.8225031278158086,-8.688860112373831,3.5484974657701844,2563.5076623667505,-18664.026472305974,-18641.834021448827,-8.92805538234835,-1.0311994368081192,0.04170347824758358,-10.84008681461549,1.3390984613578671,0.9697445172151266,2473.8604997599805,-19089.250460773368,-19052.26304267812,-272.7809346316062,-265.3834510125598,-257.62774718175206,-250.23026356270566,-682.8517356491466,-660.6592847920001
475,12131,-1.009959951737346,-0.12137620842781403,-8.32090542965015,8.2388469120349,2573.6757020041923,-18804.254786742127,-18789.447747864586,0.23239923219748027,0.8247802996149453,-8.712808237132549,3.5489803120954018,2501.783281945767,-19145.94204146997,-19123.731483153657,0.24624899837477213,0.8273603159365632,-8.714213315123553,3.3598525126887386,2505.794398799155,-19126.507946960635,-19104.29738864432,-15.434134825716225,-1.7401404420496973,1.0042863045343852e-06,-11.927314310623006,1.5981180398889574,0.5746662601681207,2408.131964380006,-19604.769557233227,-19567.75196003937,-341.68725472784354,-334.28373528907105,-322.2531602185081,-314.84964077973564,-800.5147704910996,-778.3042121747858
476,12345,-1.0185458069554012,-0.12257760133249515,-8.309395810353372,8.158097312472874,2667.3651604339957,-18910.51481633831,-18895.67280353475,0.22915855497427184,0.8538955899194944,-8.684795575125941,3.726221742039538,2606.59816023212,-19193.007434711704,-19170.744415506368,0.24322703241136845,0.8582685798632979,-8.688286593621905,3.528672661728295,2610.0539809161883,-19176.651307666507,-19154.38828846117,-1173.1300546115174,-132.77240342949878,0.001225133266434857,-20.631649561964263,1.8276154873923047,0.0075316856076269876,2515.1943539427225,-19629.673392150064,-19592.568360141166,-282.4926183733951,-275.0716119716162,-266.13649132819774,-258.71548492641887,-719.1585758117544,-696.8955566064142
477,12195,-1.1082086194102572,-0.1329007966298773,-8.338615324455638,7.524409374196264,2608.1976031059016,-18805.160960310106,-18790.343397688805,0.2370142348449115,0.9367315972226415,-8.663229836710016,3.9522166161690033,2575.7480332485848,-18955.83527474733,-18933.60893081538,0.2549348095997195,0.9674140929263763,-8.666925163763606,3.794750879432044,2577.981824740048,-18945.263867360874,-18923.037523428924,-15.93476431514664,-1.8878625902128139,0.06927475376807511,-12.25659745812279,1.456808765608183,0.5296995688056262,2489.6555039017735,-19366.412119422173,-19329.36821286892,-150.67431443722307,-143.26553312657416,-140.1029070507684,-132.6941257401195,-561.2511591120674,-539.024815180117
478,12204,-0.950287691515455,-0.11513745728555952,-8.253505973808226,8.685270836925278,2554.460805587643,-19082.111416072727,-19067.29237798105,0.20957273386619038,0.779688102315635,-8.679860515229754,3.7203699542968995,2498.9091580070053,-19348.439135268814,-19326.210578131304,0.22139895960275877,0.7715527970324173,-8.681373583560752,3.4848980248902817,2501.5935916413273,-19335.3361202879,-19313.107563150388,-12.898591187766108,-1.4877309253619457,0.03082692591367843,-11.735803661746703,1.4899561232234073,0.6721645580881589,2409.204921756135,-19790.587045502496,-19753.539450273314,-266.32771919608786,-258.91820015025223,-253.2247042151721,-245.81518516933647,-708.4756294297695,-686.2470722922626
479,12243,-1.0079001586527925,-0.12097352783941431,-8.331576144416688,8.266271289760557,2608.7208049834803,-18924.833211954912,-18910.007792706765,0.208602879643252,0.7732017191735956,-8.704041583992794,3.706572605785251,2563.1264643771533,-19138.70423248866,-19116.46610361644,0.22075915944051008,0.7699079958103604,-8.706247753686743,3.487547233653217,2565.73438405288,-19126.253606790193,-19104.015477917972,-5.9406689185586306,-0.696148686588508,0.06989751376614936,-10.127151405251118,1.1243466999093519,1.4364747348738414,2482.3749283272286,-19526.6278115622,-19489.564263441833,-213.87102053374838,-206.45831090967476,-201.4203948352806,-194.007685211207,-601.7945996072885,-579.5564707350677
480,11981,-1.0362682583942793,-0.1238992687237117,-8.363796405490483,8.071072656852746,2626.8844181847626,-18177.449647373942,-18162.66749269266,0.20741569124316317,0.6746323878416751,-8.792104261108012,3.252561962878555,2580.139742452947,-18390.56791388649,-18368.39468186457,0.21816918850061343,0.6608550059980481,-8.793153839533662,3.0290941197509658,2582.498720171392,-18379.618894614163,-18357.445662592243,-6.154583779591084,-0.7200880001783202,0.08345028709710291,-10.083026704828693,1.0129302761254113,1.3887191562036352,2486.6420731907547,-18828.79052786287,-18791.83514115967,-213.11826651254887,-205.72718917191014,-202.169247240221,-194.77816989958228,-651.3408804889295,-629.1676484670097
481,12164,-1.0100829275188385,-0.12226813921055703,-8.261211252911787,8.17874555429283,2532.747331621488,-19083.45874229098,-19068.646270193385,0.23091220127384837,0.8983704124969881,-8.66122722015803,3.8905281208227422,2486.757789143897,-19304.362170217126,-19282.143462070733,0.2485020972609515,0.9344290447954974,-8.660815161369369,3.7602461109785144,2490.1433721592284,-19287.81282080625,-19265.59411265986,-18.846263248840636,-2.167339654954588,0.026968220317494646,-12.471384511228907,1.558757261408462,0.46139514760133565,2387.0065554936546,-19798.352384451933,-19761.321204207947,-220.90342792614683,-213.4971918773481,-204.3540785152727,-196.94784246647396,-714.8936421609542,-692.6749340145616
482,12236,-1.175966596635689,-0.14112257263678862,-8.332944720773403,7.0860386210059385,2641.382736034498,-18754.765443460634,-18739.941168050093,0.24817371179589745,1.0596121327716352,-8.604050841990308,4.2696388956904485,2627.591468181125,-18816.8197858376,-18794.583372721787,0.27509760865862526,1.1606710384811496,-8.59816437659829,4.219124419658086,2628.7268293321977,-18811.533850521562,-18789.29743740575,-6.839193260559437,-16.076943220376563,0.16069000030504615,-15.64649911088312,1.019334607774261,0.062200879003700145,2549.76315182532,-19180.72157775495,-19143.660889228595,-62.054342376966815,-54.642204671694344,-56.76840706092844,-49.35626935565597,-425.95613429431614,-403.71972117850237
483,12157,-0.9221849283488162,-0.11091063160300318,-8.3146666376377,9.016268193110916,2481.9180753532396,-19311.93461491083,-19297.12329408172,0.21345020192875938,0.8015626271804797,-8.711677114830835,3.755267598425638,2410.2985736435003,-19665.904332677346,-19643.68735143368,0.22403212572247436,0.7843120596587124,-8.720041844641223,3.50089103127245,2413.7124231892913,-19648.697831330788,-19626.480850087122,-12.959857973362315,-1.463039203199344,1.0161440659907075e-06,-11.581793155391532,1.5467058343684563,0.6835086837134785,2322.5670150734386,-20112.65651290267,-20075.62821082989,-353.9697177665148,-346.5640573519595,-336.76321641995673,-329.3575560054014,-800.7218979918398,-778.5049167481702
484,12306,-0.9278148106293045,-0.1120432261560533,-8.28086482744658,8.925126795324552,2647.18465736275,-18905.27981964899,-18890.44413519439,0.20264893763634043,0.7469341071514036,-8.703504307457408,3.685852567812614,2589.455890637104,-19174.61369385088,-19152.36016716898,0.2132128762699923,0.7330059515755587,-8.703917791039277,3.437906586126395,2592.1955981374704,-19161.60052856398,-19139.34700188208,-61.097010232610195,-6.905670312272152,1.999511474793287e-06,-14.781284736735994,1.6952558397082111,0.14480853483881032,2506.0274068257518,-19573.622640616766,-19536.533429480263,-269.33387420188956,-261.9160319745897,-256.320708914991,-248.90286668769113,-668.3428209677768,-646.0892942858736
485,12319,-1.0691290520761727,-0.1283020190381471,-8.332909022720026,7.794109613369975,2589.2938973921982,-19210.653553209748,-19195.815757079825,0.22640580841169056,0.8991414007663414,-8.657099587159781,3.971370730610257,2551.129879041464,-19391.576674300282,-19369.319980105396,0.24279694838135948,0.9229761977135953,-8.65643524148936,3.8014324474287995,2553.3306992758876,-19380.953845215063,-19358.697151020177,-1261.6867116656297,-152.88718130856392,0.08121560514651871,-19.626184706610683,1.5462590753783763,0.006540770726760631,2471.5118492301417,-19778.16661792935,-19741.07212760454,-180.92312109053455,-173.50422302557126,-170.300292005315,-162.8813939403517,-567.513064719602,-545.2563705247157
486,12383,-1.0030316657895648,-0.12102859696216127,-8.287559229519578,8.262510060433428,2698.2843955019507,-18864.081145110416,-18849.232985423987,0.22757097999255807,0.8805406499494582,-8.640348578566368,3.8693011296003266,2635.043157266107,-19155.76382335129,-19133.491583821648,0.24269310797200047,0.8938983581225932,-8.642535696667503,3.6832457484772183,2638.2806767726397,-19140.558912616387,-19118.286673086743,-34.308136443998485,-3.8974158157646284,1.0000000000000002e-06,-13.948070371438073,1.7777712558493517,0.2565802694070023,2546.8374732329075,-19573.37002141661,-19536.249622200532,-291.68267824087525,-284.25859839766053,-276.4777675059704,-269.0536876627557,-709.2888763061928,-687.016636776545
487,12177,-1.0194516453969311,-0.1220634245896241,-8.351819136848867,8.192462265924368,2571.1135632419355,-18933.79008008388,-18918.975471672864,0.2203400368183027,0.8235463420783629,-8.708262152949372,3.73761552358039,2515.9310042848547,-19195.984494034627,-19173.762581418105,0.2348255566246599,0.8365671440619573,-8.710437731338548,3.562504678309389,2518.964795371182,-19181.309918830255,-19159.088006213733,-18.077432547980955,-2.081609468363221,0.03594310375724163,-12.473185505096733,1.5789183167519318,0.48039750740868054,2435.4413321547177,-19587.918800690095,-19550.88227966256,-262.1944139507468,-254.78710974524074,-247.51983874637517,-240.1125345408691,-654.1287206062152,-631.906807989697
488,12216,-1.097436796571328,-0.131493647010653,-8.345930176249647,7.6049301447923545,2549.57371082566,-19136.27794466109,-19121.456940967295,0.2248344152971312,0.7915865591006174,-8.70775791724242,3.5207535201160893,2500.641907090979,-19371.008280896007,-19348.776775355313,0.24053236485790544,0.8085266563658801,-8.707232520351415,3.36140484397398,2503.375417558022,-19357.66197730813,-19335.430471767435,-7.811543841858335,-0.8988598824286539,0.03979935657834419,-10.472519338531386,1.3092234252592745,1.1125204490137806,2411.4448412315155,-19810.71019431277,-19773.65768507828,-234.73033623491574,-227.31983438801763,-221.3840326470381,-213.97353080014,-674.4322496516797,-652.2007441109854
489,12278,-1.0093113947336203,-0.12118938334060023,-8.328381306281358,8.25154788674451,2597.4231568805626,-19067.28458817737,-19052.453459533393,0.2253973959129284,0.8649043454069882,-8.69544686144826,3.8372419605996826,2542.0641208291145,-19329.79522755267,-19307.548534586706,0.24010648805138393,0.8762026850573702,-8.697253014762188,3.64922535899929,2545.072039681982,-19315.275768739655,-19293.02907577369,-1175.2143817656229,-136.84215762667154,0.04808347709766072,-19.65823813213278,1.6213987456709749,0.007307689511357812,2449.6839376420776,-19780.29469061948,-19743.216869009542,-262.51063937530125,-255.09507505331203,-247.9911805622869,-240.57561624029768,-713.0101024421128,-690.7634094761488
490,12205,-1.01698905836296,-0.12242678331333469,-8.30691643478139,8.168147303524558,2537.1463262913458,-19167.684154249506,-19152.864952283853,0.23594356129242697,1.019021576494294,-8.633163806341916,4.318920893252624,2495.5576916413656,-19367.405073544873,-19345.176270596392,0.25663452046371327,1.0807605937007956,-8.633790316318189,4.211283001787787,2498.116253678315,-19354.898348942737,-19332.669545994257,-835.8063632654109,-99.34281238256078,0.0638091279718463,-19.658318699319985,1.681047523339241,0.010066153514449384,2418.196338539582,-19747.743944597274,-19710.695939683137,-199.7209192953669,-192.3113183125388,-187.21419469323155,-179.80459371040342,-580.0597903477683,-557.8309873992839
491,12337,-1.064952439580744,-0.12775535670485086,-8.335873086253985,7.827460435261969,2703.9579966459787,-18722.162700966706,-18707.32198465456,0.2230753703752143,0.9044503235064013,-8.669110259566768,4.054460705299333,2675.7470088412438,-18849.553493400876,-18827.292418932662,0.23962965165876124,0.9319790532318113,-8.670451766791372,3.8892476234909914,2677.850554663277,-18839.858537500993,-18817.59746303278,-601.1946771311011,-73.20668942327607,0.08610536125189673,-18.143240426033955,1.4796230168434756,0.013659953863205974,2593.545545371665,-19230.501462326218,-19193.39967154586,-127.39079243416927,-119.97043427810058,-117.69583653428708,-110.2754783782184,-508.3387613595114,-486.0776868912981
492,12132,-0.9563758484205163,-0.11570750006885448,-8.265461165882957,8.6424821157222,2551.783928561629,-18910.441859233135,-18895.634655495516,0.2228455988049199,0.9471056544514731,-8.643516459806756,4.2500532185990085,2502.703743065544,-19144.058034229518,-19121.847228623094,0.23907332508527857,0.9765279946068453,-8.644987304285586,4.084638025837944,2505.697125703605,-19129.5561109847,-19107.345305378276,-1286.494253000568,-148.481330494854,0.028098157777993384,-20.06105260622175,1.665487638174795,0.0067348534436432565,2412.0861151209265,-19587.482114110473,-19550.46410476643,-233.61617499638305,-226.21257312757734,-219.11425175156546,-211.71064988275975,-677.0402548773382,-654.8294492709138
493,12114,-1.012207689720897,-0.12158555631338547,-8.325065249625066,8.224661138388106,2674.3137864726077,-18296.24413930312,-18281.439905128038,0.22464989396674082,0.881066365057953,-8.671136115462772,3.921953175675186,2625.493337172682,-18517.432507544127,-18495.226156281504,0.23882219922037237,0.8882918387959002,-8.675057773173597,3.7194693026682666,2628.277026166761,-18504.59539845949,-18482.389047196866,-595.9317127601905,-68.42547900050991,0.02341144653625318,-19.7012728822569,1.8464543178635735,0.01461443916223879,2556.119263517373,-18837.82871883967,-18800.81813340197,-221.188368241008,-213.78625115346586,-208.35125915637036,-200.94914206882822,-541.5845795365531,-519.3782282739303
494,12109,-0.9896811358025308,-0.11914151684723231,-8.306769646650855,8.393379792891484,2543.506382183912,-18890.94878615496,-18876.145377641453,0.22011284226371494,0.8400821212098204,-8.679999782751343,3.8165974895882115,2483.67785291385,-19177.18085914656,-19154.975746376298,0.23402759775694423,0.8485171517743595,-8.679772911430925,3.6257140606793317,2487.097939678645,-19160.517932111434,-19138.312819341172,-614.0379846042221,-69.37269544405447,1.0000000000000002e-06,-19.193577855082687,1.7734062592978197,0.014414893260222947,2393.597215086501,-19620.525117435514,-19583.51659615174,-286.2320729915991,-278.83036873484525,-269.5691459564732,-262.16744169971935,-729.5763312805539,-707.3712185102886
495,12435,-0.9776539318247031,-0.11831728418469566,-8.262984893217848,8.45185052117136,2566.4560587939723,-19618.294401869418,-19603.437861156945,0.21489987642628824,0.9251815156748315,-8.613826339778608,4.305174721643795,2531.3140905767414,-19787.740851726674,-19765.456040657962,0.23136822091810288,0.9608884444264654,-8.61338119000863,4.153070117466952,2533.722379551893,-19775.915832957555,-19753.631021888843,-919.4409941849657,-110.88312811430389,0.06816697353693787,-18.79059351147074,1.4901007307732008,0.009018504591331062,2446.8406046814825,-20205.796291694118,-20168.65493991293,-169.44644985725608,-162.01817950101758,-157.6214310881369,-150.1931607318984,-587.5018898246999,-565.2170787559844
496,12059,-1.0039609235463662,-0.1205439772775063,-8.328586348491978,8.295727605684382,2455.3998145169066,-19188.15974494288,-19173.364611846675,0.2298889459943996,0.8877682265376158,-8.678036841248984,3.8617264640433953,2391.661560893345,-19503.326724498165,-19481.134024853854,0.244016947749775,0.892006579318667,-8.683636665605983,3.6555107649054244,2394.9469273501295,-19486.772940991097,-19464.580241346786,-1375.1694873039935,-156.74953762782945,0.0130539510632615,-20.84985072863979,1.802845951324229,0.006379604145144598,2305.3352299968715,-19942.642531750957,-19905.65469901044,-315.16697955528434,-307.76941300717954,-298.6131960482162,-291.2156295001114,-754.4827868080756,-732.2900871637648
497,12213,-1.086627671428174,-0.13042049438514314,-8.331724830142626,7.667506588703095,2583.200227492207,-18968.552676949574,-18953.73216447523,0.24351037830790215,1.0762066091686653,-8.62112307668872,4.4195513006344065,2557.3486630745047,-19089.390850301854,-19067.16008159034,0.267679898516506,1.1618409354208434,-8.62043149826441,4.340411595565517,2559.3821134964464,-19079.68366327364,-19057.452894562128,-17.815662788714246,-2.2383707777857382,0.10567744050150596,-12.617283656688798,1.3081846149612453,0.44675350925963625,2472.405873982015,-19497.937791682707,-19460.88651049685,-120.83817335228014,-113.42791711511018,-111.13098632406763,-103.72073008689767,-529.3851147331334,-507.15434602161986
498,12210,-0.9834008579322422,-0.11898604367518646,-8.264842056743854,8.404347006694715,2502.205810647726,-19349.858802515082,-19335.038781380874,0.2145904091782163,0.8223698492706552,-8.663543974441156,3.832276812463137,2449.3796039757185,-19608.394530877125,-19586.16449917581,0.22827616030601586,0.8300732448935118,-8.663538590008342,3.6362677722489996,2452.3907990029993,-19593.3931363256,-19571.163104624287,-78.58968926340845,-8.908516237956269,1.0000000000000002e-06,-15.38128605334786,1.7359977844607382,0.11225213866023252,2358.2222017204963,-20067.480011841977,-20030.429959006455,-258.5357283620433,-251.12571779493737,-243.53433381051946,-236.12432324341353,-717.621209326895,-695.3911776255809
499,12253,-1.1315227363499287,-0.13598958594409016,-8.320657265734564,7.35350426326861,2662.1163640735886,-18702.034766442503,-18687.207714274602,0.2357482123988534,0.9018441876633637,-8.641390699953693,3.825455041574474,2632.9089455587796,-18835.21150606114,-18812.970927809292,0.255123252755527,0.9442551221095848,-8.640250267903282,3.701172323223793,2634.9497678112766,-18825.717630970143,-18803.477052718295,-6.744199837662438,-0.8350003404828769,0.11076684743415882,-10.940721723842735,1.2736745746933484,1.1976043020793317,2562.3460001092753,-19164.077150560755,-19127.009520141008,-133.17673961863693,-125.7632135346903,-123.68286452764005,-116.26933844369341,-462.0423841182528,-439.80180586640563
