rep,n,ou_a,ou_b,ou_x_star,ou_tau,ou_sse,ou_aic,ou_bic,tanh_A,tanh_Delta,tanh_x_star,tanh_tau_local,tanh_sse,tanh_aic,tanh_bic,rat_A,rat_Delta,rat_x_star,rat_tau_local,rat_sse,rat_aic,rat_bic,hinge_a,hinge_b,hinge_A,hinge_x_c,hinge_Delta,hinge_tau_from_b,hinge_sse,hinge_aic,hinge_bic,delta_aic_tanh,delta_bic_tanh,delta_aic_rat,delta_bic_rat,delta_aic_hinge,delta_bic_hinge
0,12262,-1.275184409486634,-0.14479926934555076,-8.806566602511772,6.906112196005545,3571.041192923873,-15122.98988019406,-15108.161359537415,0.2098344605119974,0.6192313424083473,-8.933341989999422,2.9510469390843572,3499.606872570399,-15368.762766548118,-15346.519985563149,0.22028471041225958,0.6031666636172778,-8.93490375663536,2.738123142947417,3500.9501921500087,-15364.056916789286,-15341.814135804318,-8.102424564180838,-1.0046591353867687,0.14364182918504753,-10.786708096163647,0.9093696040518242,0.9953624714864361,3420.9121473634814,-15643.642518762312,-15606.571217120698,-245.77288635405785,-238.35862602573434,-241.06703659522645,-233.65277626690295,-520.6526385682519,-498.40985758328316
1,12177,-1.3642344997507956,-0.1528675974071251,-8.924288226480684,6.541608666333303,4064.7250932685943,-13356.63866052721,-13341.824052116195,0.215248874854831,0.6004466554229946,-8.979487379126361,2.7895460816134356,4024.8174828258198,-13474.783627945275,-13452.561715328753,0.22555862462304435,0.5860190067209096,-8.982012803042311,2.5980784716180545,4025.928424485194,-13471.422961287102,-13449.20104867058,-0.8852973758929518,-0.1997498800750791,0.16246470951168018,-9.971480594577352,0.5035334555322698,5.006260827912059,3939.585004206241,-13731.422267893044,-13694.385746865508,-118.14496741806579,-110.73766321255789,-114.78430075989309,-107.37699655438519,-374.78360736583454,-352.56169474931266
2,12369,-1.1894404899550348,-0.13273716538326988,-8.960870051131522,7.533685061848092,4080.522717697758,-13712.828223645749,-13697.982326402998,0.197926567716258,0.6715078785110544,-8.957622957590344,3.392712187449789,4043.8520516357667,-13822.487904966198,-13800.219059102074,0.20756786840835317,0.6587186747523287,-8.963631563102613,3.173509849108321,4045.6970754202234,-13816.845785924153,-13794.57694006003,-39.571713412481934,-4.5832028552217094,0.08733383662861295,-13.090709948997539,1.291317591829374,0.21818802954808894,3985.5541886340643,-13998.102416201738,-13960.987673094864,-109.65968132044873,-102.23673269907522,-104.01756227840451,-96.594613657031,-285.27419255598943,-263.00534669186527
3,12276,-1.3109793881759608,-0.1476002610483122,-8.881958465824487,6.775055768178365,3802.147453894688,-14384.455432803414,-14369.624629971935,0.2104964146793978,0.6551449150282249,-8.968323773652104,3.11238039862133,3738.6355721101672,-14589.248359989939,-14567.00215574272,0.22104630510200055,0.6420714443977614,-8.97517942603582,2.904692046770387,3740.157899317569,-14584.250738614895,-14562.004534367677,-225.14395492853484,-25.974140462705854,0.0859348135492211,-15.825682813019654,1.409626247032643,0.038499830299902255,3665.701840145162,-14827.096725914125,-14790.019718835427,-204.79292718652505,-197.37752577078572,-199.79530581148174,-192.37990439574241,-442.64129311071156,-420.39508886349176
4,12192,-1.0087715883310253,-0.11397850277785605,-8.850542547458442,8.773584277984408,3206.239505260385,-16280.625705217444,-16265.808634661591,0.20582305808390203,0.6684710417693578,-8.95382589740909,3.2477947222845227,3113.743912036859,-16635.521198441376,-16613.295592607596,0.21724946242197438,0.6669141420189303,-8.955596432212223,3.069808019702023,3116.049694244082,-16626.496148903356,-16604.270543069575,9.860363990566285,0.7744750000186406,0.15376872131164257,-10.43390078358716,0.46096138283515015,,3027.5288224960796,-16973.86177797934,-16936.819101589706,-354.89549322393214,-347.4869579460046,-345.8704436859116,-338.4619084079841,-693.2360727618943,-671.0104669281154
5,12195,-1.2820105370263473,-0.1439692722916296,-8.904751108482776,6.945926613939968,3835.4455274286793,-14102.449538486435,-14087.631975865135,0.22310782230076942,0.7208708578230418,-8.905384396410188,3.231042508456934,3801.483588335903,-14208.914229261582,-14186.687885329631,0.23523186379336763,0.7120027204858833,-8.90786254533383,3.0268123926923467,3802.165307688968,-14206.727498220582,-14184.501154288631,-98.64515582196846,-11.962576329923898,0.12844045606878396,-15.074742511530259,1.4189059586760278,0.0835940329591495,3752.356885021419,-14363.537805114742,-14326.493898561492,-106.46469077514666,-99.05590946449593,-104.27795973414686,-96.86917842349612,-261.0882666283069,-238.8619226963565
6,12209,-1.106197893776966,-0.1245757647246112,-8.87971987346288,8.027243518918892,3241.921634306069,-16185.221095184,-16170.401237856662,0.20676283493316816,0.6712189487565315,-8.95949857242747,3.2463230104844,3163.085939193175,-16483.783928505727,-16461.55414251472,0.2169434113636261,0.6550225229803398,-8.968709424443858,3.0193243429846994,3164.4479220686576,-16478.528026428183,-16456.298240437176,2.0139989631394224,0.054567899500155816,0.1573368908068929,-10.232216323381015,0.5049581500222411,,3078.2601383798597,-16811.668096404937,-16774.618453086594,-298.56283332172643,-291.1529046580581,-293.3069312441821,-285.8970025805138,-626.4470012209367,-604.2172152299318
7,12335,-1.3054472040530298,-0.14616625712570108,-8.931248769203703,6.841524300235813,3593.40550577181,-15209.25368938552,-15194.413297327592,0.20106991503785415,0.6053020148912533,-8.963390230889669,3.0104056829053567,3538.4921475659576,-15397.20864740357,-15374.948059316679,0.21106509630661918,0.5920696476332958,-8.964292499022964,2.8051518606998025,3539.6302355123717,-15393.241969750876,-15370.981381663985,-51.173963847976005,-5.753741826758145,0.042362682711144184,-13.764899050740631,1.5057281429093212,0.17379994273455857,3498.703806428007,-15532.694437214714,-15495.593457069896,-187.9549580180501,-180.5347619890872,-183.98828036535633,-176.56808433639344,-323.44074782919415,-301.18015974230366
8,11953,-1.3650556210979947,-0.1510362255589879,-9.037935210880027,6.6209281667294135,4033.640448689203,-12980.699140268585,-12965.92166512483,0.2170430635894291,0.607195238204714,-9.011994712576087,2.7975795593878954,3967.8501308713994,-13175.264863429491,-13153.098650713857,0.2276338912879402,0.597414891569153,-9.014914097155968,2.62445494468777,3970.2454264781964,-13168.051302179147,-13145.885089463512,-10.681814870586734,-1.2289492052369437,0.11123300518538737,-10.784755516955844,1.1026200253756413,0.8137032806064577,3907.6169367463162,-13354.106440155028,-13317.162752295639,-194.5657231609057,-187.17698558902703,-187.35216191056134,-179.96342433868267,-373.40729988644307,-351.2410871708089
9,12208,-1.253662762440729,-0.1414049445453197,-8.86576326218165,7.071888491703373,3502.9791587548443,-15237.415516052142,-15222.595822545094,0.22206036867395687,0.8116108808461407,-8.893369427329873,3.654910985209609,3459.7725941740455,-15386.92817358144,-15364.698633320868,0.23622474790382453,0.8191357163368502,-8.900542454713772,3.4676117705937797,3461.207616183695,-15381.865668441307,-15359.636128180735,30.583696021112726,2.5656121999128927,0.1670160692947505,-11.036286073328506,0.5244113039672127,,3398.6503865516706,-15600.529120170972,-15563.479886403351,-149.51265752929794,-142.10281077577383,-144.45015238916494,-137.04030563564083,-363.11360411882924,-340.8840638582569
10,12229,-1.228987436623683,-0.1387566840814301,-8.857140430816617,7.206860027104313,3434.017046147559,-15527.801640652184,-15512.978509733804,0.21602652770821035,0.7370736336289153,-8.936642153055788,3.4119588989760072,3360.523854207043,-15790.362060584997,-15768.127364207428,0.22761941658724757,0.7277866770422075,-8.942484212637442,3.1973839839943685,3362.752883496834,-15782.253276357591,-15760.018579980022,-327.22094181280875,-39.958731736601194,0.13163958955408667,-15.944854517095397,1.232983487060473,0.02502581930256873,3285.489571977315,-16062.507523773571,-16025.449696477624,-262.5604199328136,-255.14885447362394,-254.45163570540717,-247.0400702462175,-534.7058831213872,-512.47118674382
11,12158,-1.1321610436918947,-0.12537869628024367,-9.029931537661817,7.975836642652769,3490.6731718646042,-15167.880489649438,-15153.069004312822,0.20929116482813062,0.6725571706373857,-8.9955779985042,3.21350005954474,3438.2045238718347,-15350.015942415299,-15327.798714410374,0.22124925523100628,0.669019044089787,-9.001353013473798,3.0238250673036817,3438.9160345205646,-15347.50019576678,-15325.282967761854,8.143512614445125,0.5585555815184196,0.1764827033722692,-10.686497276963603,0.5536409325898858,,3371.499317822847,-15584.213624755681,-15547.184911414137,-182.13545276586046,-174.72971009755202,-179.61970611734068,-172.21396344903224,-416.3331351062425,-394.1159071013153
12,12403,-1.268844326755771,-0.14221736324628267,-8.921866485166582,7.031490228575437,3611.8680446745,-15297.745767535538,-15282.894380219908,0.21055476087682215,0.665897687325993,-8.948726920502377,3.1625867045369427,3558.3401902836313,-15480.93378161493,-15458.656700641483,0.2210296195073704,0.6513255107892357,-8.95563664177293,2.9467793151022312,3559.2006895874424,-15477.934775891661,-15455.657694918214,-160.9523173448985,-18.465923499151362,0.07381583189814599,-15.552053775214759,1.4686674267063005,0.05415380389970515,3500.9299746980937,-15678.675487546896,-15641.54701925782,-183.188014079391,-175.76232042157426,-180.18900835612294,-172.7633146983062,-380.92972001135786,-358.6526390379113
13,12172,-1.290709071007651,-0.1464648179991284,-8.812417129520702,6.827578210665929,3518.2033397132855,-15103.737750483439,-15088.923963461404,0.22455277753186004,0.8426179969983234,-8.909409595623675,3.7524274082014903,3470.534168503853,-15267.787240749258,-15245.566560216208,0.23937843179717283,0.8600422402802272,-8.916565385581237,3.592814247396138,3471.9326150549273,-15262.883539462498,-15240.662858929449,17.20189693980636,0.5392511348562117,0.17302536040012775,-11.939276902050826,0.6727870396845673,,3388.6306248415394,-15554.486574786128,-15517.452107231044,-164.04949026581926,-156.6425967548039,-159.14578897905994,-151.73889546804457,-450.7488243026892,-428.5281437696394
14,12197,-1.3065735032575598,-0.14823535741163216,-8.814182567991244,6.7460288655905325,3629.1956829626233,-14780.946910227654,-14766.129019629969,0.2163588671480388,0.7152054930909494,-8.931971753197907,3.3056444716988915,3571.4583337983604,-14974.550681524774,-14952.323845628243,0.22853293874197392,0.7136939737909354,-8.937540649666428,3.1229370160803582,3573.708338620012,-14966.869038541488,-14944.642202644958,-50.77551348293861,-5.912558749831466,0.09419832986356153,-13.586286453057399,1.3502170407198744,0.16913151180586652,3494.0604087336324,-15237.780955508322,-15200.736229014106,-193.60377129711924,-186.1948259982746,-185.92212831383404,-178.5131830149894,-456.83404528066785,-434.6072093841376
15,11979,-1.4417175234104516,-0.1629037369741621,-8.850119402964463,6.138594599328365,3571.870429091293,-14491.377361024095,-14476.595540232633,0.22770222102878412,0.7302009592273965,-8.931725127201068,3.2068240526081246,3537.6803138902333,-14604.593233911057,-14582.420502723862,0.24118548979452212,0.7289145144774959,-8.938105918292386,3.0222154537509462,3538.232933197859,-14602.72214633032,-14580.549415143125,0.8976414037237258,-0.08510221430592194,0.17891473740390523,-10.439309387559101,0.617935783471338,11.750575565580952,3483.481347421158,-14785.537648267053,-14748.583096288396,-113.21587288696173,-105.8249624912296,-111.34478530622437,-103.95387491049223,-294.16028724295757,-271.987556055763
16,12210,-1.1734260621356847,-0.13190314031065886,-8.896119223333322,7.581320639105297,3542.0891251177386,-15106.346143700232,-15091.526122566022,0.2010684791750029,0.6012615135050612,-8.967052891521,2.9903320300231866,3463.543069609461,-15378.150848244604,-15355.92081654329,0.21246379752658365,0.5994978667159744,-8.964193906994002,2.821647140336766,3466.4442941326006,-15367.927466400528,-15345.697434699214,-5.686623363056585,-0.6902423282486727,0.14050553248703257,-10.152380967878406,0.7493811992985472,1.448766554982602,3380.875589045243,-15669.11206399755,-15632.062011162026,-271.8047045443727,-264.3946939772686,-261.58132270029637,-254.17131213319226,-562.7659202973191,-540.535888596005
17,12187,-1.2651791947111177,-0.14313299091810422,-8.839186455867535,6.986509494321722,3577.695290959742,-14933.008617747904,-14918.192367570256,0.2074770310555707,0.6678441427914149,-8.932897568408078,3.218882299373849,3512.708602577032,-15154.413366345008,-15132.188991078538,0.21765798846175435,0.6507872319057348,-8.94103959457546,2.989953350690308,3513.9813468090815,-15149.998504087718,-15127.774128821247,-10.477244486918632,-1.2275315954766035,0.10825753799400135,-11.073146957850277,1.1908050663783205,0.8146429824576029,3471.131494274129,-15295.52155844808,-15258.480933003962,-221.40474859710412,-213.99662350828112,-216.9898863398139,-209.5817612509909,-362.512940700175,-340.288565433706
18,12332,-1.154878519502504,-0.13162176212024854,-8.774221685676999,7.597527824360902,3217.076439339546,-16566.810546163582,-16551.97064058557,0.21436772668057089,0.7906646167746826,-8.87205917843626,3.6883565871501314,3157.763134363656,-16794.297979306713,-16772.038120939695,0.22573888783332072,0.7785800642163703,-8.879959285868482,3.4490294148664895,3159.5204259647912,-16787.437144146403,-16765.177285779384,-1373.4410302366211,-170.5545856977652,0.127513514058559,-18.038232470096244,1.2611115932172992,0.005863225523423163,3098.3471028299887,-17024.54593986991,-16987.44617592488,-227.48743314313106,-220.06748035412602,-220.62659798282039,-213.20664519381535,-457.73539370632716,-435.47553533931205
19,12204,-1.3665907969642879,-0.1542200063830515,-8.861306836999805,6.484243020430183,3575.505702725686,-14978.327802515623,-14963.50876442395,0.23288544145831624,0.7681267018980579,-8.90954011918859,3.298302792515021,3518.066029118222,-15173.97410110848,-15151.74554397097,0.24786350782010377,0.7771275449579998,-8.913688350279008,3.1353043931018245,3518.996838830013,-15170.745594556212,-15148.517037418702,-572.7959155128294,-70.75751488897772,0.14239962141140947,-17.07661171064363,1.3072735639355053,0.014132774470231929,3459.8634368974226,-15373.56484014646,-15336.517244917277,-195.64629859285742,-188.23677954701998,-192.41779204058912,-185.00827299475168,-395.2370376308372,-373.0084804933267
20,12163,-1.2811766240285694,-0.14376843476534693,-8.911390223588748,6.955629736333709,3287.3793554410363,-15908.948474062676,-15894.13616639144,0.21893921422134383,0.8168165362930299,-8.921534526131264,3.730791394305646,3247.295363981675,-16056.167134216987,-16033.948672710132,0.2323791805928266,0.8183800306919479,-8.930961249600239,3.5217441967226333,3247.8489265691132,-16054.093898745645,-16031.87543723879,8.589399606564553,0.4479655843907565,0.16948869360454794,-11.10195976162145,0.6188292135380734,,3191.868570404935,-16261.5647355501,-16224.533966372008,-147.21866015431078,-139.8125063186926,-145.14542468296895,-137.73927084735078,-352.6162614874247,-330.3977999805684
21,12157,-1.1444098222310723,-0.12877264178619194,-8.887057113662364,7.765624639901022,3421.4464159587274,-15409.152097190867,-15394.340776361754,0.22581172260312626,0.8640587077671786,-8.870371182870302,3.826456385020359,3359.255981154826,-15630.158585972795,-15607.941604729127,0.23988143762204192,0.8743079409481578,-8.87790124780781,3.6447502967099963,3362.357733587657,-15618.938659150816,-15596.721677907148,-3230.926897178501,-376.1180028889891,0.08274537462878762,-20.215786462101768,1.4779428538809023,0.002658740055830694,3295.4852200338128,-15859.160847475408,-15822.13254540263,-221.00648878192806,-213.60082836737274,-209.7865619599488,-202.3809015453935,-450.00875028454175,-427.7917690408758
22,12264,-1.3186813043979553,-0.14894373563481528,-8.853553315133292,6.713944670031844,3448.8889827579032,-15554.306579525086,-15539.477732683983,0.23664479870632843,0.9114187182963885,-8.860354630547727,3.8514208775297925,3409.999316065252,-15691.38100751994,-15669.137737258285,0.25602062042684837,0.9547545641422731,-8.862914125589356,3.7292096337805374,3411.3843603424098,-15686.400732533433,-15664.157462271778,0.5978010404482407,-15.076508478662609,0.19031053116556415,-14.86508402100505,0.88831720875828,0.06632835456666071,3358.7048670905297,-15873.262129802575,-15836.190012699817,-137.07442799485398,-129.66000457430164,-132.09415300834735,-124.67972958779501,-318.95555027748924,-296.71228001583404
23,12121,-1.33247357779653,-0.14888878866665428,-8.949455427297435,6.7164224315028225,3586.156453031872,-14757.662665338888,-14742.857275809947,0.2133437753265422,0.6533216792689546,-8.959915101856819,3.0622954818765433,3547.297759240839,-14887.71955458034,-14865.511470286929,0.22416818991972023,0.6378458863760683,-8.965334208279069,2.845389823616346,3546.9618333213875,-14888.867456773538,-14866.659372480126,-626.431582076414,-74.31206935894652,0.11513178913867655,-17.418086401378673,1.3952504302348563,0.013456764272970805,3496.3765681357368,-15058.976524637508,-15021.963050815155,-130.05688924145215,-122.6541944769815,-131.20479143464945,-123.8020966701788,-301.3138592986197,-279.10577500520776
24,12304,-1.4416944627153103,-0.16201466513472557,-8.898542990021607,6.172280757229205,4026.6706852997804,-13739.377422363552,-13724.542062980061,0.21579456030969552,0.6800591714378074,-8.95681237478939,3.151419435512308,4006.5093825949252,-13799.137568962462,-13776.884529887226,0.22617686929714645,0.6582274065550922,-8.965937465637008,2.9102330782124617,4006.643669265543,-13798.725181183332,-13776.472142108096,1.5985491788122137,-0.031008101537226253,0.17353230592699545,-10.480726563873537,0.5891748742169837,32.24963639903807,3949.1095010793306,-13972.687652189721,-13935.599253730994,-59.76014659891007,-52.342466907164635,-59.34775881978021,-51.93007912803478,-233.31022982616923,-211.05719075093293
25,12138,-1.4009531747840378,-0.15771688094892836,-8.882709107325628,6.340475375770451,3758.911756515221,-14224.303652644012,-14209.49546003122,0.22281600607820037,0.6715038878285814,-8.9424142185211,3.013714766940521,3722.226426212924,-14341.347064905449,-14319.134775986262,0.2358477667526086,0.6696374401569465,-8.943706376275886,2.8392782741901454,3722.5336149374875,-14340.345378693868,-14318.133089774681,-18.78252515525956,-2.3184038108641842,0.1540078309082903,-12.475368836603423,1.2965152193637306,0.4313312440714331,3693.2682211317488,-14432.147613417521,-14395.127131885542,-117.04341226143697,-109.63931595504255,-116.04172604985615,-108.63762974346173,-207.84396077350902,-185.63167185432212
26,12253,-1.3166851795414125,-0.14798617389750063,-8.897352670617632,6.757388029321091,3844.3677479662965,-14199.207702226422,-14184.380650058523,0.21827310665429356,0.7643795447636801,-8.923755077163358,3.501941015456034,3809.95877401546,-14307.371802665471,-14285.131224413622,0.2313467551038258,0.7676847871913254,-8.930760262998282,3.318329608067324,3811.2496093455397,-14303.221120869326,-14280.980542617477,-1017.2289579716196,-120.95487535375095,0.11207405938451785,-18.0805997769469,1.3823910049774248,0.00826754603380267,3764.0933392627567,-14451.772165696444,-14414.704535276696,-108.16410043904943,-100.75057435509916,-104.01341864290407,-96.5998925589538,-252.56446347002202,-230.32388521817302
27,12200,-1.1678707307368086,-0.13034467725709667,-8.959865146109934,7.671966520179132,3547.1175079983277,-15066.667901399189,-15051.849518937746,0.2155787141536082,0.6866699794998562,-8.971552242413402,3.1852401671278976,3468.1835693758057,-15339.220534884977,-15316.992961192813,0.22695748180270925,0.6805210679837356,-8.978917013175025,2.998451791844,3470.912774315584,-15329.623809221284,-15307.39623552912,-8.297465733305094,-0.9813171452840201,0.13199318040262994,-10.561531394599779,0.9557422481467887,1.0190385491640142,3392.935545869293,-15602.833640360768,-15565.787684207162,-272.55263348578774,-265.1434422550665,-262.95590782209547,-255.5467165913742,-536.1657389615793,-513.9381652694155
28,12016,-1.2216866501078565,-0.1370564468324731,-8.91374815517543,7.296263861431638,3443.8904113295066,-15011.642146874416,-14996.854158126407,0.21310769821636374,0.6511553766189876,-8.971009833868013,3.0555225459658586,3368.5853221397465,-15275.302633681,-15253.120650558989,0.22464877605666525,0.6450792585800209,-8.975527249150778,2.8715013271085286,3369.887109466955,-15270.65995631544,-15248.477973193429,1.111545977303542,-0.055341535349309134,0.1691712923043882,-10.350351907690232,0.5580147653569467,18.069610712607084,3299.633789321857,-15519.81010937104,-15482.84013750102,-263.66048680658423,-256.2664924325818,-259.0178094410239,-251.6238150670215,-508.16796249662366,-485.9859793746127
29,12179,-1.4310103749354044,-0.16079028202998158,-8.899856116108888,6.2192813357559515,3708.3871760841903,-14478.244962811794,-14463.43002593962,0.2332941713102778,0.672598261242045,-8.93630687804269,2.8830478595519615,3640.059716223513,-14702.737479956066,-14680.515074647805,0.24498266139589692,0.6587237306911423,-8.942997188769725,2.6888585785531633,3642.0606759893362,-14696.044459712306,-14673.822054404045,-83.27237474789894,-9.374074048909769,0.04119140267144461,-14.91706785952755,1.6633612894128265,0.10667720297305554,3583.8172706034934,-14888.383728682635,-14851.346386502199,-224.49251714427191,-217.08504870818433,-217.79949690051217,-210.39202846442458,-410.13876587084087,-387.9163605625781
30,12103,-1.1208586807842555,-0.12507330024879912,-8.96161433778923,7.995311533403001,3499.4837848832613,-15013.860960547861,-14999.058543278385,0.20799108678819592,0.7750489161374238,-8.924930291455944,3.7263563939481754,3451.1322900441014,-15180.251093345363,-15158.047467441147,0.2200087893898456,0.7762386584600284,-8.933218313541166,3.528216579950216,3453.357234757576,-15172.45080435874,-15150.247178454523,-297.63753194376153,-35.88281388288536,0.11694158504088374,-15.868564814620465,1.2483369252208147,0.027868494462664182,3389.8486610057626,-15393.101749629022,-15356.09570645533,-166.3901327975018,-158.9889241627625,-158.58984381087794,-151.18863517613863,-379.240789081161,-357.0371631769449
31,12112,-1.4532266729687764,-0.16388956130660773,-8.867109420410566,6.101669880787471,3554.100175974664,-14846.459981843123,-14831.656077891768,0.24529409180207212,0.8099597329604646,-8.918559427771774,3.3019944630954314,3499.138857691339,-15033.225727090554,-15011.019871163522,0.2604303589032922,0.8125837414685095,-8.92323855232028,3.1201575150086596,3500.7115351784196,-15027.783247901732,-15005.5773919747,-2762.6469368563626,-330.81253220900675,0.12870161771116248,-20.22404424549531,1.4939390751725028,0.0030228600873203975,3444.56067609564,-15219.632741760495,-15182.622981882108,-186.76574524743046,-179.36379327175382,-181.32326605860908,-173.92131408293244,-373.1727599173719,-350.96690399034014
32,12214,-1.3668303417004246,-0.15432831304804068,-8.85664020233893,6.479692418388006,3966.730775283161,-13732.35981994521,-13717.539143717644,0.22435783730257763,0.7985647538601837,-8.897433260110212,3.5593352274260357,3960.2709811386276,-13750.266449354664,-13728.035435013315,0.23842191762367973,0.8068010379101449,-8.903147287972178,3.383921436214531,3961.4742407159547,-13746.556001169596,-13724.324986828247,23.87676961345706,1.934555270096093,0.1706472458998528,-10.996521122801761,0.5375890097739644,,3903.2312912575217,-13923.463572842846,-13886.411882273931,-17.90662940945367,-10.496291295670744,-14.196181224386237,-6.7858431106033095,-191.1037528976358,-168.872738556287
33,12287,-1.4121388055789699,-0.160039966736179,-8.823663453434962,6.248439189246205,3837.2842810896655,-14295.326708238128,-14280.494114094394,0.2598453356561779,0.9843312713946443,-8.837451495948496,3.7881429309052193,3783.042401624235,-14468.24866552946,-14445.999774313857,0.2800252256384213,1.0295748683466917,-8.842104659791813,3.6767218596088767,3787.5837921689354,-14453.507461595342,-14431.25857037974,-3358.8768960708067,-404.3467494022753,0.12257316430671165,-20.98988197577212,1.5513631490533408,0.002473124864929044,3728.8302401112005,-14641.59895484196,-14604.517469482622,-172.92195729133164,-165.5056602194636,-158.1807533572137,-150.76445628534566,-346.2722466038322,-324.0233553882281
34,12300,-1.2246004636970969,-0.138272920953143,-8.856401204629801,7.2320740251004985,3167.8377449071727,-16681.565081465164,-16666.730372382444,0.21666318680694963,0.6971339358076769,-8.923886048500874,3.217592919598448,3086.19998329118,-17000.702097790607,-16978.450034166526,0.23014617542469593,0.7039602703133703,-8.92514344778486,3.058752851375133,3087.6030264529095,-16995.11156269931,-16972.859499075228,-28.684026013248825,-3.4499363534377845,0.12639803341619588,-12.819092362754889,1.2676211519535814,0.2898604198896372,3033.1919750125153,-17209.800005121655,-17172.71323241485,-319.13701632544326,-311.71966178408184,-313.5464812341452,-306.12912669278376,-528.2349236564914,-505.9828600324072
35,12212,-1.4065115587528738,-0.1578368007862615,-8.911176302018028,6.335658065916921,3778.923430961866,-14320.430690596244,-14305.610341888534,0.21258813451495392,0.6718130754513826,-8.969402000488918,3.1601626167152133,3769.367889870341,-14349.34956353985,-14327.119040478286,0.22546653424757457,0.676238003116779,-8.972380869735037,2.9992832655787076,3768.371399213185,-14352.57842129398,-14330.347898232416,5.5886665708483925,0.3620559262056556,0.17442298544904794,-10.474281111343677,0.538370516187162,,3718.9274823067626,-14509.869669366628,-14472.818797597354,-28.918872943606402,-21.508698589752385,-32.147730697735824,-24.737556343881806,-189.43897877038398,-167.2084557088201
36,12170,-1.3596814646773367,-0.152087269444712,-8.94013989232425,6.575172291876331,3583.3966347939026,-14875.805980585752,-14860.992522213788,0.2217288944783195,0.7263230500990341,-8.941816610909022,3.27572575422755,3515.8795000784403,-15105.29670963555,-15083.076522077605,0.2351940027453662,0.7279267931927667,-8.944716980549451,3.0950057599081715,3518.0841962455534,-15097.667681568077,-15075.447494010132,-964.7971242301597,-110.12313335528644,0.06476589499443322,-19.11920318138448,1.626181904068813,0.009080744159119908,3467.535357820044,-15269.798115372269,-15232.76446944236,-229.49072904979766,-222.08399986381664,-221.8617009823247,-214.45497179634367,-393.99213478651654,-371.77194722857166
37,12279,-1.1951865343826542,-0.13303305620338715,-8.984131978110742,7.516928713350412,3435.471844139489,-15636.206876999046,-15621.375585468724,0.20684054054748233,0.6253037285802281,-9.011167019832412,3.023119775867552,3349.184853548061,-15946.551372725105,-15924.304435429623,0.2167634091778064,0.6119527077000348,-9.014193803799717,2.8231365709793903,3350.49454469703,-15941.750636192173,-15919.503698896691,-494.0700163943006,-55.32263062295135,0.045214219020283046,-17.045947225307106,1.4786232700064013,0.0180757854198122,3283.0079757787476,-16187.602405618534,-16150.524176792731,-310.3444957260599,-302.92884996089924,-305.5437591931277,-298.12811342796704,-551.3955286194887,-529.1485913240067
38,12296,-1.159984512352076,-0.1316023803043236,-8.814312550196073,7.598646754622161,3202.488422926425,-16538.37277405784,-16523.538715487404,0.21861844621003765,0.7369520513059407,-8.86864605970912,3.370950915083872,3122.5547824487235,-16847.174247131916,-16824.92315927626,0.233205666014252,0.7499470526889375,-8.86760999348555,3.2158183182526345,3124.4116690948567,-16839.864369913776,-16817.61328205812,-15.384491322334874,-1.923901494570667,0.14474516943257126,-12.125699601177843,1.2165034713426877,0.5197771314290482,3073.0973843167662,-17039.486457235256,-17002.401310809164,-308.80147307407606,-301.3844437888547,-301.4915958559359,-294.0745665707145,-501.11368317741653,-478.8625953217597
39,12237,-1.2895629300524314,-0.14622877247994445,-8.818804317250883,6.838599429104501,3591.234774918686,-14998.17111589196,-14983.34667703599,0.19959975093312038,0.6329501994376484,-8.952437161370383,3.1710971405456823,3553.6035572555993,-15125.074653602338,-15102.837995318381,0.2097664109066134,0.6186964707424927,-8.953992362907261,2.949454433950973,3554.1817022299197,-15123.08394628407,-15100.847288000114,-4.325498862943442,-0.5791548901396361,0.14947383367915268,-10.355217537886418,0.704235933041611,1.7266538140753622,3482.613085925901,-15368.00845907981,-15330.947361939881,-126.90353771037735,-119.49131828239115,-124.91283039210975,-117.50061096412355,-369.8373431878499,-347.6006849038913
40,12281,-1.5187492534443077,-0.17096299164469408,-8.883497175813739,5.849219122687454,3752.8160381815605,-14555.700876490537,-14540.869259227316,0.22876923696668536,0.6521257126296047,-8.949374950944504,2.850583064735102,3696.6226304783345,-14738.983113340488,-14716.735687445656,0.23938480279344512,0.6275696368117222,-8.957965323517708,2.6215934741405666,3696.672618593291,-14738.817042862,-14716.569616967168,-50.393192122859865,-5.800341761522741,0.08138296397746518,-14.006334540285735,1.5651028677589762,0.1724036343226565,3638.688721338565,-14928.976550885038,-14891.897507726986,-183.282236849951,-175.86642821833993,-183.1161663714629,-175.70035773985182,-373.27567439450104,-351.02824849966964
41,12136,-1.327249600049215,-0.1499592977795679,-8.850732296707609,6.668476145240065,3588.8767877636137,-14781.73735857581,-14766.929495533754,0.20389076259018862,0.5829838919080599,-8.982972253848537,2.8592952642971454,3530.644707558793,-14978.267635044624,-14956.055840481538,0.21240883842411415,0.5560288660641132,-8.987409362987687,2.617729423075593,3532.4158630868205,-14972.181111016213,-14949.969316453127,-1.8537641631578587,-0.29327513447248077,0.15157250955513799,-9.96936921209898,0.5207854201105332,3.4097674247041705,3438.6286178324262,-15294.752170088543,-15257.7325124834,-196.5302764688131,-189.12634494778467,-190.44375244040202,-183.0398209193736,-513.0148115127322,-490.8030169496469
42,12251,-1.1256872206260295,-0.127384547896913,-8.836921268794715,7.8502457049127985,3417.1545418994174,-15638.069043139585,-15623.242317448996,0.1978326373489852,0.5897425923206323,-8.978538760769597,2.98101769365942,3324.0471078268083,-15974.504762539113,-15952.26467400323,0.20658768221572174,0.5707202033739367,-8.983099892109284,2.7626051914265766,3326.805012228687,-15964.34453399874,-15942.104445462857,-9.227457244690022,-1.0768284438059657,0.11188151156747966,-10.498990603832306,0.8727563605926872,0.9286530326646819,3223.5080444444498,-16346.767613405149,-16309.700799178678,-336.43571939952744,-329.02235655423465,-326.27549085915416,-318.86212801386137,-708.6985702655638,-686.4584817296818
43,12262,-1.4413800110348847,-0.16211392241267442,-8.891154995101115,6.168501663012121,4095.559007637603,-13442.531658471813,-13427.703137815168,0.2309780066645343,0.7892971908333072,-8.886971974672976,3.4171963046666143,4034.4645310949154,-13624.824992845875,-13602.582211860907,0.24282851035642375,0.7760598968404417,-8.896117753684624,3.195917545684157,4037.9224177671576,-13614.319894604912,-13592.077113619944,-1959.2764904717799,-217.64258759109634,1.0000000000000002e-06,-21.657537581511786,1.8843869265465365,0.004594688985589461,4001.0815242675335,-13722.70849445057,-13685.637192808956,-182.2933343740624,-174.8790740457389,-171.78823613309942,-164.3739758047759,-280.17683597875657,-257.93405499378787
44,12303,-1.2862656784222162,-0.14401592446533434,-8.931412850332599,6.943676567105654,3716.4266562186576,-14723.681449660467,-14708.846252832347,0.21274333894416916,0.7264600925420437,-8.93233141812121,3.414725444037008,3659.062878291779,-14913.061503170438,-14890.808707928258,0.22382474788337428,0.7153682429740618,-8.941259619207496,3.1961087848373686,3660.8060028678824,-14907.20192770171,-14884.94913245953,-30.084050352839668,-3.624274578575679,0.12421664104632774,-12.768288433757595,1.2067845105447863,0.27591728449917685,3599.716517052271,-15110.23983126544,-15073.15183919514,-189.38005350997082,-181.96245509591063,-183.5204780412423,-176.10287962718212,-386.55838160497296,-364.3055863627924
45,12178,-1.230896443167508,-0.13918039754827002,-8.843892278297403,7.18491984227293,3468.6611127723063,-15289.891968028416,-15275.07719538008,0.213897657069549,0.6969693009775222,-8.909673669202057,3.2584241946647508,3404.051293955,-15516.867518635174,-15494.645359662669,0.2261370917982629,0.6949838634652649,-8.90925761550427,3.0732855806125805,3406.1651365959437,-15509.307589587212,-15487.085430614707,-61.96782745353957,-7.345094174019047,0.10791853799247975,-13.837133430614447,1.2922102302703868,0.1361452932131469,3331.800169849427,-15774.128605212716,-15737.091673591873,-226.97555060675768,-219.56816428258935,-219.41562155879546,-212.00823523462714,-484.2366371843,-462.0144782117932
46,12109,-1.2794046501991656,-0.1447986255446253,-8.835751343543434,6.906142901831698,3444.8628376358615,-15217.798741010056,-15202.995332496546,0.21602033688924438,0.682515686427618,-8.96039815299125,3.1594973707385248,3379.4962370430944,-15447.776093224948,-15425.570980454684,0.22791451946369845,0.6795559549099681,-8.963734692125943,2.981626429544809,3381.6132583590684,-15440.19301474638,-15417.987901976117,-109.55543957465507,-12.934841585538733,0.11517805534477776,-14.404646514266501,1.25774289326553,0.07731057186800099,3306.101063670029,-15709.654464398289,-15672.645943114518,-229.97735221489165,-222.57564795813778,-222.39427373632498,-214.9925694795711,-491.85572338823295,-469.6506106179713
47,11954,-1.3625879179723273,-0.153053481873083,-8.902691407584115,6.533663839344948,3686.706818896773,-14057.876933819281,-14043.099291360513,0.22873959377032518,0.758049421407849,-8.98818026785285,3.31402801287213,3655.7032371802916,-14156.829894960474,-14134.663431272322,0.24228699820911048,0.7579878522622241,-8.998099901595209,3.1284710193488303,3656.1343112329087,-14155.420383549195,-14133.253919861043,10.92765473006332,0.7610766499927356,0.18225399401498393,-10.815452130085392,0.5485568280133098,,3573.8034121526725,-14423.684447207868,-14386.740341060948,-98.95296114119265,-91.56413991180852,-97.54344972991385,-90.15462850052972,-365.8075133885868,-343.64104970043445
48,12134,-1.3449792006478543,-0.1514674014350107,-8.879661154185294,6.602080649208633,3895.2608852766252,-13783.26687847241,-13768.459345055406,0.2283892604963901,0.847012770156884,-8.888882709251517,3.7086365983932588,3870.361513411785,-13859.079060953727,-13836.86776082822,0.2412625807545717,0.8442412821396963,-8.899204131774555,3.499263248777541,3872.2042557903246,-13853.303240092811,-13831.091939967304,-355.72577785470054,-43.43098331133959,0.12782949603005292,-16.84076132449583,1.383352494728541,0.023025037053188376,3831.7095401099655,-13976.866299217667,-13939.847465675155,-75.812182481317,-68.4084157728139,-70.0363616204013,-62.632594911898195,-193.5994207452568,-171.38812061974932
49,11978,-1.3013331967303936,-0.14634813055276633,-8.892038400594352,6.8330220292048525,3658.678637340271,-14201.5436252204,-14186.761971394752,0.22549637820759602,0.8173415714373775,-8.930580770632881,3.624632811995402,3616.921235798911,-14337.03762061128,-14314.865139872807,0.23741353103258778,0.8034606605604971,-8.947043039108452,3.3842243829405527,3618.9035847537116,-14330.474560569468,-14308.302079830995,7.6010513442034,0.42583099221899484,0.17540172901248968,-10.906836231242675,0.5987925225371861,,3550.0211847846936,-14556.662156551003,-14519.70802198688,-135.49399539087972,-128.10316847805552,-128.93093534906802,-121.54010843624383,-355.1185313306032,-332.9460505921288
50,12218,-1.434640405476698,-0.16125497999332442,-8.896719999196854,6.2013588668169985,3766.347182356621,-14374.199331213782,-14359.378000107363,0.23810508227540916,0.8027501988225637,-8.886062358790669,3.371411442171764,3716.295074742874,-14535.656503405606,-14513.424506745976,0.2499582660696069,0.7856600607818304,-8.896015722867226,3.14316494963621,3718.965439999898,-14526.880341750359,-14504.648345090729,-30.427619645008047,-3.602037063878957,0.11241194894363907,-13.314061230210388,1.4950258533934928,0.2776206858135772,3688.6609273134,-14622.848289173071,-14585.794961407022,-161.4571721918237,-154.0465066386132,-152.68101053657665,-145.27034498336616,-248.64895795928896,-226.4169612996593
51,12060,-1.2984991512559825,-0.14514747185141327,-8.946067986531997,6.88954473160714,3582.610989448297,-14634.456100455358,-14619.660801514796,0.20655712327952785,0.6783512822846774,-8.941835017099415,3.2840856394319746,3549.7476750964465,-14743.593073372003,-14721.40012496116,0.21800846994100498,0.6721810090303365,-8.945847076080172,3.083279329524374,3550.6782236096615,-14740.43201929054,-14718.239070879696,-17.2642609246208,-1.9973079225789783,0.08845850096555892,-12.004893922435532,1.341728992994796,0.5006739264863942,3514.9948210926977,-14858.245041294733,-14821.256793943327,-109.13697291664539,-101.73932344636341,-105.9759188351818,-98.57826936489982,-223.78894083937485,-201.59599242853074
52,12295,-1.312863455546512,-0.14768483145384387,-8.889629643223197,6.77117609273591,3685.2148012812368,-14809.801171138286,-14794.967275228986,0.2179965090681205,0.6838839502981517,-8.933768223990807,3.1371325771297043,3648.348646107683,-14931.417254747961,-14909.16641088401,0.2320102292089093,0.6940808980421574,-8.931972052362065,2.9915961050889064,3648.9823019388195,-14929.282008719278,-14907.031164855327,-5.833467713500969,-0.7689502922543113,0.1669972762414545,-10.726162535857451,0.8774356761560085,1.3004741789853884,3597.3693092992216,-15100.430141189083,-15063.34540141583,-121.61608360967512,-114.19913565502429,-119.48083758099165,-112.06388962634082,-290.62897005079685,-268.3781261868444
53,12115,-1.4517607915923516,-0.16436411174046436,-8.832589889724366,6.084053200001644,3477.740285369253,-15116.266461865926,-15101.462062599425,0.23155065044241935,0.7957589208076065,-8.915004122234727,3.4366516323196037,3448.651440982333,-15216.026060683416,-15193.819461783665,0.2487578157556367,0.8229785393403407,-8.918035921254218,3.308352490716435,3449.2585727214155,-15213.893414411321,-15191.68681551157,4.741678527331584,0.14458530346939452,0.18115019035037438,-10.956625470183841,0.6450888142240891,,3388.3445608124866,-15425.756418966792,-15388.745420800538,-99.75959881749077,-92.35739918424042,-97.6269525453954,-90.22475291214505,-309.4899571008664,-287.2833582011135
54,12203,-1.1963843050230676,-0.1335365996963183,-8.959223971134655,7.488583671249275,3652.129435610415,-14717.350421840407,-14702.531547636143,0.21277094402071178,0.6427934683473728,-8.950833492334555,3.021058496994784,3581.247343205827,-14954.520007072604,-14932.29169576621,0.22354852728628888,0.6291970264674865,-8.953581570635126,2.814588108029454,3582.4611996426106,-14950.384526085003,-14928.156214778608,-32.309129615653916,-3.755729029924394,0.09807127860994352,-12.897595638482303,1.3551697865076306,0.2662598904320131,3516.9086993102374,-15171.74534204003,-15134.698156529372,-237.16958523219728,-229.76014813006623,-233.03410424459616,-225.6246671424651,-454.3949201996238,-432.16660889322884
55,12081,-1.2275567119734536,-0.13987092347360125,-8.776353808839607,7.149448757223202,3273.1052194974204,-15772.515414797952,-15757.716636298914,0.21166495432475022,0.661622898652112,-8.962963424063064,3.1258027610796963,3198.849063362418,-16047.750991866447,-16025.552824117889,0.22250290833626435,0.6483167477518904,-8.969684112094093,2.9137450498943673,3200.4246060316705,-16041.802150683774,-16019.603982935216,2.0650356662781455,0.04548766064962285,0.15944401392140123,-10.304933581971541,0.5208315489895382,,3108.0492748950405,-16391.63294073192,-16354.635994484323,-275.23557706849533,-267.8361878189753,-269.28673588582205,-261.887346636302,-619.1175259339689,-596.9193581854088
56,12275,-1.0914538801544813,-0.12322259487407645,-8.857579093102682,8.11539475387545,3258.1168856578015,-16277.747655755133,-16262.917015849807,0.21085171526655228,0.7004317838515455,-8.937202880613327,3.321916461367559,3193.605234946227,-16521.23464069456,-16498.988680836574,0.2214211763252267,0.686686808977517,-8.945872282252395,3.1012698079469203,3194.958828042547,-16516.0330475534,-16493.78708769541,-158.24771967172865,-18.365361449319902,0.08772740070766252,-15.331137976415837,1.3917960309986657,0.05445033046365834,3121.425280274735,-16797.85007961047,-16760.773479847157,-243.48698493942902,-236.07166498676634,-238.28539179826657,-230.8700718456039,-520.1024238553382,-497.85646399735015
57,12344,-1.2030043758474656,-0.1361108787132148,-8.838414586847183,7.3469513197912475,3312.379927716339,-16234.571163093826,-16219.72931230574,0.20900613130624593,0.642852204508565,-8.936253485253001,3.0757576368256236,3259.6999856047287,-16430.4674582615,-16408.204682079373,0.21914532237816312,0.6224450162308957,-8.937838462948736,2.8403299211506217,3260.3449729758986,-16428.02522843448,-16405.76245225235,-8.583746219995867,-1.057477345817281,0.1449680001013303,-10.944482941091929,0.9957736665337111,0.9456467355592766,3199.3264378354615,-16657.236843610157,-16620.13221663994,-195.8962951676749,-188.47536977363234,-193.45406534065296,-186.0331399466104,-422.6656805163311,-400.4029043341998
58,12264,-1.1407688223636152,-0.12677835213174632,-8.998135747798203,7.887781968965914,3768.9991795926762,-14465.786421752047,-14450.957574910944,0.20891832705879043,0.6873407506428031,-8.964382158093125,3.289997389503233,3709.4211630447385,-14659.196741020402,-14636.953470758746,0.22194983511725205,0.6970773147708155,-8.966754553078598,3.140697601341142,3710.8177635658867,-14654.580202614288,-14632.336932352633,0.34747383873271326,-0.14238348511957372,0.16774580738435768,-10.462200087506384,0.6015122715392694,7.023286437750835,3648.0724890684523,-14859.72225221821,-14822.650135115451,-193.41031926835421,-185.99589584780188,-188.79378086224096,-181.37935744168863,-393.93583046616186,-371.69256020450666
59,12323,-1.2787660588827414,-0.14426700905335324,-8.863884177496356,6.931591682407286,3510.914617666761,-15468.646125735184,-15453.807680307307,0.22674584666606296,0.8722230795130405,-8.892322041247718,3.846699255301447,3469.5136463182653,-15612.823446949058,-15590.565778807244,0.24365179364312364,0.9046399162828119,-8.898916752212196,3.712839141286341,3471.7682129348586,-15604.818289989105,-15582.560621847291,12.99803480766659,0.8016012338188444,0.1704370131019464,-11.184319338838895,0.6041026689972896,,3406.8506208197823,-15833.424067145716,-15796.327953576025,-144.17732121387417,-136.75809849993675,-136.17216425392144,-128.75294153998402,-364.77794141053164,-342.5202732687176
60,12390,-1.442607200373563,-0.1641060554973692,-8.79070059908112,6.09362035404008,3732.50694789083,-14861.640742710631,-14846.791452761385,0.23120019426898494,0.8494883824112744,-8.863940860947384,3.674254622048264,3710.84399606813,-14931.760069859856,-14909.486134935987,0.24838793568557646,0.8779280639021724,-8.866960349398955,3.5345036443859477,3711.494379500947,-14929.588718906696,-14907.314783982827,44.045560360159804,3.71059985234858,0.1706085117076082,-11.225912957862679,0.5325866027725886,,3640.7633975798512,-15163.987297895168,-15126.864073022052,-70.11932714922477,-62.69468217460235,-67.9479761960647,-60.52333122144228,-302.34655518453656,-280.07262026066746
61,12092,-1.1769918416889424,-0.13137230138898665,-8.959208518422235,7.611954646657603,3487.3406485518162,-15031.248701136663,-15016.448102424863,0.21633433797430895,0.7393825304494053,-8.960460701424488,3.4177770268592846,3432.0767688893266,-15222.40514829261,-15200.204250224911,0.23007566408983546,0.7476135620050743,-8.967029362285743,3.2494247705970363,3432.4237226361,-15221.18281180513,-15198.981913737432,7.079541371522307,0.21247747950056062,0.17498350550766126,-11.228544017673897,0.6317855609615406,,3357.4689168728455,-15484.165039418693,-15447.163542639197,-191.1564471559468,-183.75614780004798,-189.93411066846784,-182.53381131256901,-452.91633828202976,-430.7154402143333
62,12262,-1.2704232124620547,-0.1414560576953694,-8.981044948940651,7.069333164603917,3553.1278190791527,-15184.65440629762,-15169.825885640976,0.2289867830051186,0.7102487329014849,-8.95896129363357,3.1017018693415532,3473.8212769333713,-15459.445400106208,-15437.202619121239,0.24437674142875368,0.7268140179879946,-8.958844468090254,2.974153815697277,3475.5270966451217,-15453.42562368944,-15431.182842704471,-1351.3946053797265,-157.57904758100548,0.10425759523446565,-18.767649679774767,1.4652109388152035,0.0063460213483390775,3407.6776272289007,-15691.172651465442,-15654.101349823828,-274.7909938085868,-267.3767334802633,-268.77121739181894,-261.35695706349543,-506.5182451678211,-484.2754641828524
63,12237,-1.309186939272166,-0.14708082352658747,-8.901139576740997,6.798982872292881,3759.7826118249686,-14436.920524524303,-14422.096085668332,0.2118871298732362,0.7271053169078027,-8.948276515733227,3.431569049723791,3718.5991139799908,-14569.700367617836,-14547.463709333879,0.2259297921390876,0.7426546814292876,-8.950829627606694,3.2871038139675366,3719.7646102329572,-14565.865605486524,-14543.628947202567,-492.6251803399598,-59.453993423934165,0.12502677237983786,-16.554044507887067,1.2627847205744542,0.01681972803524807,3663.4058261574046,-14748.689367027058,-14711.62826988713,-132.7798430935327,-125.36762366554649,-128.94508096222125,-121.53286153423505,-311.76884250275543,-289.53218421879683
64,12251,-1.2624330999123097,-0.1435905632702111,-8.791894614527294,6.964245958964471,3347.3841915822177,-15890.794885180432,-15875.968159489843,0.22415347512517722,0.7471592141507051,-8.900262057292041,3.3332484081875524,3288.945592434309,-16104.56167421049,-16082.321585674608,0.23864142680773753,0.7563201829224846,-8.904101339700151,3.169274476102664,3290.780247971169,-16097.729667494787,-16075.489578958905,187.93311582164523,16.685110841360732,0.16856671502337206,-11.682006879868773,0.48836108040708864,,3208.612948202051,-16403.507886315492,-16366.441072089021,-213.76678903005813,-206.35342618476534,-206.93478231435438,-199.52141946906158,-512.71300113506,-490.472912599178
65,12165,-1.2758078229651715,-0.14396856145923012,-8.861711265528358,6.945960908855688,3513.7033857689094,-15103.621037718913,-15088.808401208478,0.2111926382612578,0.6551956546554791,-8.946156361606585,3.102360290821138,3456.3192316656546,-15301.934306713227,-15279.715351947574,0.22248019197803515,0.6467434556980342,-8.947542326118787,2.9069709530001004,3457.753072539968,-15296.888749270774,-15274.669794505122,-15.41543826426016,-1.815886447455893,0.11449977789768377,-11.611991028672957,1.1642434992623458,0.5506952273370549,3402.680670450246,-15488.202978089776,-15451.171386813687,-198.31326899431406,-190.90695073909592,-193.2677115518618,-185.86139329664366,-384.58194037086287,-362.36298560520845
66,12285,-1.457393543564864,-0.1651491150916237,-8.82471300410124,6.055133867627485,3755.150870332568,-14556.802921330567,-14541.970652760656,0.24516677943022727,0.8542047966103263,-8.859006580951844,3.4841783972343894,3718.9713022609303,-14673.738484624007,-14651.490081769141,0.26212055141548796,0.8737002413394878,-8.862585574017517,3.333200073864423,3719.5329967911757,-14671.88316074712,-14649.634757892254,-538.5464974569124,-68.48727800477185,0.1578341498371327,-17.554540846380906,1.381277075180192,0.01460125192784454,3676.3159206743476,-14811.457706150686,-14774.37703472591,-116.93556329344028,-109.51942900848553,-115.08023941655301,-107.66410513159826,-254.65478482011895,-232.4063819652547
67,12126,-1.391517605625494,-0.15600629263757343,-8.91962485678833,6.409997847478842,3974.946191859052,-13520.6212830197,-13505.815068646436,0.23175029519129736,0.7798339913424668,-8.906296098398009,3.364975180285125,3932.8811572733757,-13647.629011201367,-13625.419689641472,0.24656212178695663,0.7883060091626612,-8.910151604381845,3.1971902393174627,3934.0858456162564,-13643.915241725888,-13621.705920165994,-11.753265412579152,-1.4592009017075698,0.15260618890220634,-11.583935649048891,1.1403979303856338,0.685306594061031,3884.2612030756145,-13794.470108850997,-13757.454572917839,-127.00772818166661,-119.60462099503638,-123.29395870618828,-115.89085151955805,-273.8488258312973,-251.63950427140298
68,12056,-1.498647409776907,-0.16808209138674188,-8.916163509226292,5.949473806219422,3998.5400278007082,-13301.401375516925,-13286.606740036314,0.23875950230837972,0.8239008042378636,-8.897207300514804,3.4507560799558057,3963.9889396269136,-13404.029072349222,-13381.837119128302,0.2546177930786101,0.841428504001734,-8.90013201653404,3.3046728346355327,3966.5286493333206,-13396.307321297363,-13374.115368076444,-2776.2337511404694,-320.02241264048786,0.07837502656062585,-21.010100238339767,1.6465093674116773,0.003124781141886449,3934.482358905142,-13490.105488044619,-13453.118899343088,-102.62769683229635,-95.23037909198865,-94.90594578043783,-87.50862804013013,-188.70411252769372,-166.51215930677427
69,12188,-1.153234599962766,-0.13064901957302114,-8.82696711947548,7.654094942833377,3155.0876544745865,-16467.296883147403,-16452.48046886719,0.22092564371166373,0.7674201241768506,-8.937679783413731,3.4736579750716134,3076.2220558568406,-16773.824396290234,-16751.59977486992,0.2335277769797108,0.7643623716467155,-8.945749545009367,3.273111154195264,3078.0015755066725,-16766.775973159787,-16744.551351739472,13.731543544738201,1.0096448974099583,0.16799756805737137,-10.870962170420082,0.5418934508970802,,2982.3202893626367,-17147.659961469726,-17110.6189257692,-306.5275131428316,-299.119306002729,-299.4790900123844,-292.0708828722818,-680.3630783223234,-658.1384569020083
70,12394,-1.1542762080988527,-0.12926246682417633,-8.929708959282873,7.736197711283095,3577.2747080514055,-15396.923569289509,-15382.073633762466,0.20797837875760905,0.8021345628784666,-8.934939523027763,3.856817077189183,3542.382399431638,-15516.406592650526,-15494.13168935996,0.21858870328112823,0.7876230174573153,-8.951056287672435,3.6032192223783346,3543.2871657776604,-15513.241422711299,-15490.966519420732,10.29422755015907,0.7908285057249215,0.1496877066052623,-10.560030917427373,0.48181783882832907,,3475.2710067419675,-15749.467020427512,-15712.342181609902,-119.48302336101733,-112.05805559749388,-116.31785342178955,-108.8928856582661,-352.54345113800264,-330.2685478474359
71,12314,-1.2990376742511833,-0.14867647345719828,-8.737345217063927,6.726013717885802,3440.565472922779,-15697.593553293655,-15682.756569082712,0.22052680236077618,0.6847062568454195,-8.890056361871547,3.104866390459232,3364.011067800277,-15972.680809161699,-15950.425332845285,0.23340546572125975,0.6834995200242073,-8.891572618573864,2.928378381851881,3365.712425624748,-15966.454544229018,-15944.199067912605,5.5326815722333915,0.39500068280072564,0.16256288419877735,-10.273524746482327,0.5004446183238073,,3284.2985346934383,-16263.98209082724,-16226.889630299884,-275.08725586804394,-267.6687637625728,-268.8609909353636,-261.44249882989243,-566.3885375335849,-544.1330612171714
72,12151,-1.2493346901409512,-0.14088496377639464,-8.867764569424391,7.097989545478739,3469.947404631805,-15224.508488162086,-15209.698154662268,0.22571647532885664,0.7415577985016619,-8.931483341060485,3.285350780979778,3396.698717383616,-15481.75544661248,-15459.539946362755,0.2391752657934759,0.7429225069558844,-8.934992682458846,3.1061845149045904,3397.938740918831,-15477.32032369793,-15455.104823448204,-740.0193817433193,-91.22874865937276,0.143068341615895,-17.162835420206275,1.2673359656450673,0.010961456938686848,3322.9910956568347,-15744.332404344439,-15707.306570594896,-257.24695845039423,-249.84179170048628,-252.81183553584378,-245.40666878593584,-519.8239161823531,-497.6084159326274
73,12143,-1.1119953635034936,-0.12429116445999888,-8.946696801294927,8.045624194967084,3539.1757687450927,-14966.606906504068,-14951.79789020196,0.20636582466610132,0.6272763598440975,-8.985589875158356,3.039632947262595,3454.7576088260375,-15257.757969452401,-15235.54444499924,0.21699602128512074,0.6164175649859901,-8.985591868613854,2.840686024266093,3456.2736492064523,-15252.430463918907,-15230.216939465745,-965.2671134241417,-113.42439429530633,0.10845829124050622,-17.476222938867007,1.3111725661236167,0.008816445582212657,3383.0546305667085,-15508.436264403837,-15471.413723648568,-291.15106294833276,-283.7465547972788,-285.82355741483843,-278.4190492637845,-541.8293578997691,-519.6158334466072
74,12242,-1.275919323272728,-0.1439334667136864,-8.864646648237805,6.94765451588273,3526.3602334785346,-15232.471778460074,-15217.646522577252,0.22090512388728953,0.8011554334502845,-8.919137018582814,3.626694661274815,3463.8065235674467,-15449.580416622284,-15427.342532798051,0.23378925372155923,0.7989760319371018,-8.928014313578933,3.4175053781072187,3466.1713240104996,-15441.225443840467,-15418.987560016234,88.01906860700585,7.576177349378778,0.16918504501028314,-11.520415248532482,0.5164624088297635,,3389.365338169425,-15711.543347129065,-15674.48020742201,-217.1086381622099,-209.6960102207995,-208.7536653803927,-201.3410374389823,-479.07156866899095,-456.83368484475795
75,12408,-1.2785774751315606,-0.14237458068550948,-8.980377459062051,7.023725690254324,3849.4361077196118,-14518.506265510743,-14503.65407210103,0.21689339549876444,0.6779936469874345,-8.961107892109322,3.125930346695581,3787.7779704584773,-14716.859635705194,-14694.581345590625,0.22918385352066117,0.6753617022585177,-8.963981569523428,2.946811879998488,3790.255413678664,-14708.746682116049,-14686.46839200148,-17.045713137957737,-2.0087585781192203,0.11988925167116693,-11.746563717707817,1.1752276878385461,0.49781990274624716,3715.646783632782,-14951.425721621874,-14914.295238097591,-198.3533701944507,-190.92727348959488,-190.24041660530565,-182.81431990044985,-432.9194561111308,-410.64116599656154
76,12112,-1.2822135807882895,-0.14560994999923413,-8.80581018532754,6.867662546448644,3582.371334300141,-14750.496014097758,-14735.692110146403,0.22412534349162003,0.6722100723197891,-8.914948337947381,2.9992595297234774,3492.122152538024,-15057.537896591299,-15035.332040664267,0.2348867407822206,0.6541700012870623,-8.917103854056519,2.7850443967528484,3494.6600000034077,-15048.738878908624,-15026.533022981592,-1422.3751834657378,-159.08115562785082,0.019925426532460988,-20.025519917163056,1.7183422406804412,0.0062860996706572015,3397.282446187877,-15387.027119313887,-15350.0173594355,-307.04188249354047,-299.63993051786383,-298.2428648108653,-290.84091283518865,-636.5311052161287,-614.325249289097
77,12184,-1.3292676017781302,-0.149650599043826,-8.88247431197283,6.6822318546626365,3702.4552463022465,-14508.696679406508,-14493.880921617358,0.24780784477159898,0.8935255917936704,-8.880339473151258,3.6057195550738936,3657.810042170257,-14654.507612084937,-14632.283975401213,0.2649998542363897,0.9120823761497309,-8.887924508014411,3.4418221805364446,3658.842176529334,-14651.070104126786,-14628.846467443062,-696.463154712657,-93.88828348229664,0.17830648617109937,-17.422127603497053,1.2452814274713653,0.010650956252582439,3604.463024189832,-14829.512657082209,-14792.473262609334,-145.8109326784288,-138.40305378385528,-142.3734247202774,-134.96554582570388,-320.8159776757002,-298.592340991976
78,12266,-1.0951814996798963,-0.12253687062542774,-8.937567069324473,8.160809027487021,3503.913279683323,-15364.694308997106,-15349.865136024735,0.19374709027013626,0.6663371637782877,-8.946313458876965,3.4392112049230366,3457.6726017460587,-15525.64467888121,-15503.400919422653,0.2035480856199927,0.6523145984348734,-8.948287822761737,3.2047198893960136,3458.6529422708395,-15522.16744031545,-15499.923680856893,-574.3307175215693,-70.59394339543118,0.12321683812439685,-16.04915630545352,1.1103050253329558,0.014165521175074627,3391.6329323716163,-15758.18477294518,-15721.11184051425,-160.95036988410357,-153.53578339791784,-157.4731313183438,-150.05854483215808,-393.49046394807374,-371.24670448951474
79,12060,-1.3191218603560126,-0.14970077772869472,-8.811723495162328,6.679992015888636,3327.6559834673644,-15524.770091068307,-15509.974792127745,0.20819148118133096,0.7348384036980786,-8.932223834046866,3.529627627069178,3299.1761565997094,-15626.430126324234,-15604.23717791339,0.22057171485973961,0.7335405474824793,-8.93956897507863,3.325632880666199,3298.9025143393465,-15627.43045560991,-15605.237507199066,4.057237643382669,0.17223955471983413,0.16267377411932724,-10.648090924134204,0.5812100771897144,,3246.502096055735,-15816.531595529648,-15779.543348178242,-101.66003525592714,-94.26238578564517,-102.66036454160349,-95.26271507132151,-291.76150446134125,-269.56855605049714
80,12226,-1.2477466271894924,-0.14022294170290986,-8.898305883733999,7.131500650718757,3720.082884774434,-14542.725660090102,-14527.903019868925,0.20737842568433806,0.600402257870819,-8.971448807551472,2.895201156482516,3637.3860075206067,-14815.574148392578,-14793.34018806081,0.21690952933769464,0.5813839398597795,-8.972384070298162,2.6803061241014197,3639.6804283378137,-14807.864560995526,-14785.630600663759,-12.961734499889372,-1.4840468721134494,0.0868836124362628,-11.09172876243951,1.1612570149800892,0.6738331644309102,3579.542320253017,-15007.561147985076,-14970.504547432132,-272.84848830247574,-265.4371681918856,-265.1389009054237,-257.72758079483356,-464.835487894974,-442.6015275632071
81,12211,-1.2367003027485797,-0.13958227050756938,-8.860009929996911,7.164233654916591,3789.1461368249556,-14285.2692765366,-14270.449091608933,0.22644418000250224,0.8036853953395956,-8.880550994549798,3.5491545657332186,3722.9549299221053,-14498.463864228983,-14476.233586837483,0.23949706659468117,0.80367517901973,-8.888283289138986,3.35567859116976,3726.4672806137933,-14486.94906045971,-14464.71878306821,-2502.1314093518813,-283.9459670425067,0.04527114559064091,-20.875927071384417,1.668639255759409,0.0035217968066801244,3667.73603035608,-14676.934091481258,-14639.883629162094,-213.19458769238372,-205.78449522855044,-201.67978392311124,-194.26969145927796,-391.66481494465916,-369.43453755316114
82,12055,-1.3060236036435144,-0.14764827790469984,-8.84550515710378,6.772852444953363,3361.8528816355683,-15390.081139437745,-15375.286669856514,0.23533934707665333,0.7615648388698415,-8.929152359866393,3.236028519369475,3277.659994565739,-15693.826358373371,-15671.634654001526,0.25080088334748074,0.7736999479338903,-8.93267375103211,3.0849171566191855,3280.0835846098175,-15684.915860742958,-15662.724156371112,-399.8858496547196,-47.92727622304355,0.12742937131009638,-16.771401925915733,1.3817515520826913,0.020864945367356336,3209.457048254255,-15943.318567019442,-15906.332393066365,-303.7452189356263,-296.34798414501165,-294.83472130521295,-287.4374865145983,-553.2374275816965,-531.0457232098506
83,12255,-1.1949529399409073,-0.13307092891970293,-8.979819631844311,7.514789354205347,3520.5634443772055,-15281.820456596044,-15266.99307800412,0.2207500113734577,0.8153895344230055,-8.948384343977876,3.6937236349381473,3487.7504925131943,-15394.577206103919,-15372.336138216033,0.23579771939606933,0.8352733525275219,-8.956361771914965,3.5423300728558513,3488.3157894510578,-15392.591068441612,-15370.350000553726,10.364487901706791,0.7126777458416854,0.1711618999446967,-10.846788178594002,0.5607049672000156,,3425.4522382223613,-15611.454794481167,-15574.386348001357,-112.7567495078747,-105.34306021191333,-110.77061184556806,-103.35692254960668,-329.6343378851234,-307.39326999723744
84,12070,-1.2452404578832879,-0.13991564032973422,-8.899937526274217,7.147163802726668,3418.7050564783617,-15221.836613911757,-15207.039657283574,0.20101264825439974,0.575700017741974,-8.992418965454528,2.8639989709173594,3354.1343402446264,-15449.988877558171,-15427.793442615897,0.21217806519085847,0.5737427989657957,-8.989833318754286,2.7040627335804124,3355.0092820139075,-15446.840771686639,-15424.645336744365,-13.460017360591221,-1.6063396519248656,0.12765197949749074,-11.382400564875626,1.049242785459182,0.6225333470425803,3294.357642457393,-15663.037852534047,-15626.045460963589,-228.1522636464142,-220.75378533232288,-225.0041577748816,-217.60567946079027,-441.2012386222905,-419.00580368001465
85,12044,-1.245945840546144,-0.13757219670709114,-9.056668937248437,7.2689106079270385,3759.2881496856735,-14019.274744094802,-14004.4821003156,0.19470304479856415,0.6072141741096893,-9.018321822857864,3.1186680965256643,3694.2130511723153,-14227.587825414501,-14205.398859745696,0.20456083977269826,0.5961122038627542,-9.020770488341489,2.9141071405706773,3696.0295337553835,-14221.667122157565,-14199.47815648876,-349.9960408298838,-40.45510707797595,0.09234160584381125,-15.710756029753563,1.237809783581457,0.024718757957370656,3615.9754079583026,-14481.400646746451,-14444.419037298443,-208.31308131969854,-200.91675943009614,-202.39237806276287,-194.99605617316047,-462.1259026516491,-439.9369369828437
86,12177,-1.3136760802027792,-0.147196425028539,-8.924646641031389,6.793643254624671,3573.80292022961,-14924.011449040267,-14909.196840629253,0.22015883393185054,0.7323054226263046,-8.953032391060598,3.3262595442933143,3524.8222763256817,-15090.057162142066,-15067.835249525544,0.2343698383342152,0.7411957508042302,-8.958535081096098,3.162504851615219,3525.7326781016723,-15086.912455786467,-15064.690543169945,6.999096720365456,0.4709744420061309,0.17677958156959878,-10.591457033713397,0.552477484935637,,3470.3454046630886,-15275.724746371106,-15238.68822534357,-166.04571310179927,-158.63840889629137,-162.90100674620044,-155.49370254069254,-351.71329733083985,-329.491384714318
87,12136,-1.2818104652861513,-0.1445881886145569,-8.865250181003379,6.916194258894821,3800.605868359078,-14086.087129634405,-14071.279266592348,0.2081559383328737,0.7061005503157048,-8.943660207266525,3.3921710616131464,3743.926068198552,-14266.438798942343,-14244.227004379258,0.21861715875302162,0.6942956338943885,-8.952728984069205,3.1758515107167558,3745.7586466556045,-14260.499918082778,-14238.288123519693,-88.2051278149694,-10.387273174628818,0.10425452381917377,-14.30339336046758,1.2981985524511017,0.09627165697755265,3699.077800286208,-14408.692966279616,-14371.673308674473,-180.3516693079382,-172.94773778690978,-174.41278844837325,-167.00885692734482,-322.60583664521073,-300.39404208212545
88,12110,-1.2464521709120056,-0.13934908574550864,-8.944817716195027,7.176222180791961,3433.679751249816,-15259.432588324935,-15244.62901465184,0.20829700207825783,0.624102508921009,-8.981128841144255,2.9962145527496924,3370.528683210256,-15482.229168653022,-15460.023808143382,0.22020404718789008,0.6218271423466112,-8.981750947176101,2.823867909276138,3371.1061696039333,-15480.154490804927,-15457.949130295287,-49.57504408353708,-5.936327950755691,0.1265921634633249,-13.663251446705369,1.3005472959473086,0.1684543051353321,3321.53958897551,-15655.534152648872,-15618.525218466137,-222.79658032808766,-215.39479349154135,-220.72190247999242,-213.32011564344612,-396.10156432393705,-373.8962038142963
89,12075,-1.2303388085909797,-0.13867548736701624,-8.872071279149612,7.211079758843152,3546.6323929027767,-14789.54941604172,-14774.751631084679,0.2268197722366208,0.8175297751264069,-8.889535100719167,3.6043144169704533,3503.305592460909,-14935.969927890048,-14913.773250454486,0.24162820413576447,0.8288734523403465,-8.89637194363697,3.4303671432107508,3505.1268828258267,-14929.694036175604,-14907.497358740042,-669.4718343588952,-83.0880543960904,0.14041541502175117,-17.161230919648535,1.2811252151728605,0.01203542443337142,3445.120805691062,-15134.202111840155,-15097.207649447551,-146.4205118483278,-139.021619369807,-140.14462013388402,-132.74572765536323,-344.65269579843516,-322.4560183628728
90,12073,-1.415811434729597,-0.15994852477287583,-8.851669227584468,6.252011398166897,3578.2826186365087,-14677.837480699636,-14663.040027032972,0.2222807510940792,0.7527997761031938,-8.925212014613866,3.386707001833799,3561.1110408628247,-14733.913241222965,-14711.717060722967,0.23551270385254452,0.7510778706424439,-8.931594882928323,3.189118286853421,3560.7978863368426,-14734.97495505089,-14712.778774550892,8.10928091200995,0.5263075188396263,0.17352441413884867,-10.745940478729972,0.5712506200694983,,3494.4397009147947,-14958.087362814953,-14921.093728648291,-56.07576052332843,-48.67703368999537,-57.13747435125333,-49.738747517920274,-280.2498821153167,-258.05370161531937
91,12192,-1.2480176435007146,-0.14180796229719084,-8.800758598344498,7.051790208396568,3536.463723940797,-15085.461951499512,-15070.644880943659,0.20269669066606946,0.6682308429071119,-8.916128756037237,3.2967032698525,3495.1485411224494,-15226.735069142367,-15204.509463308588,0.213799441902409,0.6603525994882496,-8.914984203097704,3.088654458647626,3496.8385488404956,-15220.84130125219,-15198.615695418412,-15.204928140045926,-1.8634452013871203,0.13092117477646048,-11.680975995652556,1.0398045869924937,0.5366404116716795,3421.9569967767893,-15480.757621881443,-15443.71494549181,-141.27311764285514,-133.86458236492945,-135.37934975267854,-127.97081447475284,-395.2956703819309,-373.070064548152
92,12067,-1.2985186022589208,-0.14695600232631642,-8.836104559891027,6.804757778994939,3564.2409488979665,-14711.988149277047,-14697.1916898109,0.23700385165600038,0.8186352815755296,-8.888280261458629,3.454101171164674,3495.4321579572324,-14945.223396644356,-14923.028707445135,0.2512557444113391,0.8190809602434694,-8.897276731761872,3.259949189072171,3497.2166753823285,-14939.064422341673,-14916.869733142452,24.683404223430635,1.9902953272502706,0.18383144748750524,-11.077834909046084,0.5678174077089706,,3428.9551209460897,-15172.927089621071,-15135.935940955704,-233.23524736730906,-225.83701763423596,-227.07627306462564,-219.67804333155254,-460.93894034402365,-438.74425114480437
93,12114,-1.2170295019775195,-0.13603858611515438,-8.94620810706842,7.350855581176923,3594.8512548690387,-14712.804273689857,-14698.000039514774,0.2108064947455473,0.7068977002867255,-8.960360436585342,3.353301335141415,3545.2784794437093,-14879.018094211639,-14856.811742949016,0.22343904986368285,0.7112810094020798,-8.964488482895504,3.1833334855121467,3546.566276228501,-14874.618570262679,-14852.412219000056,5.416998875512951,0.3733072794564023,0.15877293995941705,-10.330195264479851,0.48293395385082594,,3480.9317541813634,-15096.906707652215,-15059.89612221451,-166.2138205217816,-158.81170343424128,-161.81429657282206,-154.41217948528174,-384.1024339623582,-361.8960826997354
94,12243,-1.2163765554279262,-0.13698192519827834,-8.879832530220668,7.3002332136340025,3477.7811700030134,-15404.54823720982,-15389.722817961672,0.22978126844042912,0.807859764370537,-8.900047745056506,3.5157772861715006,3396.763444268702,-15691.133444651638,-15668.895315779417,0.24475286752167325,0.8213639050540936,-8.90563266445332,3.355890835400981,3400.0672523571634,-15679.231272177998,-15656.993143305777,-2330.021036585025,-269.72800007032185,0.08255510929491353,-20.008012163882203,1.5300345777904711,0.003707438603850123,3328.981617097571,-15933.910864543297,-15896.847316422927,-286.58520744181806,-279.17249781774444,-274.6830349681786,-267.270325344105,-529.3626273334776,-507.1244984612549
95,12345,-1.1882604411999516,-0.13358295201948414,-8.895300060644223,7.485985186598826,3539.684073018881,-15417.542441894993,-15402.700429091436,0.2026134907366221,0.6184141896679198,-8.964153378136304,3.0521866407790106,3460.691667554477,-15694.156811634793,-15671.893792429455,0.212573787937427,0.6044567715065733,-8.963527874671911,2.843515079500303,3463.126091201227,-15685.475774032511,-15663.212754827173,-20.136293385339865,-2.377808160132899,0.11315788059071559,-11.81140176625645,1.0677263896312075,0.42055537396427667,3368.2384276509642,-16024.44196909614,-15987.336937087244,-276.61436973980017,-269.1933633380195,-267.93333213751794,-260.51232573573725,-606.8995272011471,-584.6365079958086
96,12166,-1.2906152472952226,-0.14364416653189893,-8.98480793515981,6.961647132241398,3738.9402030149104,-14349.96960716087,-14335.156806251109,0.20962216956201965,0.6239000715219583,-8.974276447693862,2.9763076721585437,3677.140189614681,-14550.738813458176,-14528.519612093534,0.22112689306253272,0.619599631770452,-8.976213495768405,2.8020093946476003,3678.591054255113,-14545.939502863705,-14523.720301499063,-11.58140396665805,-1.3685426807221726,0.1253450003789659,-11.177504131414011,1.1117355475392314,0.7307042842626621,3627.0070919249574,-14713.74772523172,-14676.715722957317,-200.76920629730557,-193.3628058424256,-195.96989570283404,-188.56349524795405,-363.7781180708498,-341.55891670620804
97,12111,-1.3270479958202124,-0.15041782912463553,-8.822411568781693,6.648148067416959,3523.759935924786,-14948.065564497723,-14933.26182567868,0.21497409660111955,0.7095463432976471,-8.92946001633844,3.3006132111544453,3480.013596060863,-15097.360808366377,-15075.155200137813,0.22814450026999478,0.7096738609391199,-8.93243035555682,3.110633217540923,3480.5742874826437,-15095.409670348297,-15073.204062119734,6.260686767014128,0.4104051349640955,0.1647326559171525,-10.537321438294471,0.5394460305488485,,3411.581216993995,-15333.889106036457,-15296.87975898885,-149.29524386865342,-141.89337445913225,-147.34410585057412,-139.94223644105296,-385.8235415387335,-363.61793331017
98,12149,-1.3019104002853077,-0.14695031482654283,-8.859527805857757,6.805021147320302,3392.382532562073,-15494.653946390861,-15479.843942109152,0.22587477587420576,0.7539299307202905,-8.937142304250152,3.337822595738487,3340.996963088856,-15678.086953287662,-15655.871946865098,0.23888833792360475,0.7498509495443574,-8.946173894354054,3.138918191076183,3341.532390403515,-15676.140113665831,-15653.925107243267,-13.92351774720655,-1.74550613362954,0.15693428869214165,-11.899621158160716,1.147703568279528,0.5728997341995227,3287.8919941707163,-15868.745839299296,-15831.720828595022,-183.4330068968011,-176.0280047559463,-181.48616727497028,-174.0811651341155,-374.0918929084346,-351.8768864858703
99,12159,-1.3049700052481208,-0.14629249143248904,-8.9202801351588,6.835620818321215,3814.677666355717,-14090.876536414236,-14076.064886583643,0.2353643336823878,0.7973130215275921,-8.889705497070619,3.3875694292896794,3741.8614364453433,-14323.216604809777,-14300.999130063889,0.2483946029007848,0.7909030951964522,-8.898330737195673,3.184059097742793,3744.695436034376,-14314.01114407905,-14291.793669333161,-1558.6275090466113,-178.91910025894234,0.06524020137041486,-20.452927245052376,1.712229808545489,0.005589118202320159,3691.1411183765445,-14485.15706155646,-14448.127936979978,-232.34006839554058,-224.93424348024564,-223.1346076648133,-215.72878274951836,-394.28052514222327,-372.0630503963348
100,12368,-1.2491606491687115,-0.13935669755580854,-8.963764720877206,7.175830207941942,3673.000785344523,-15012.032226422738,-14997.186490881084,0.21455244574906746,0.6437181732136122,-8.963478456462592,3.000283548230818,3598.085493664572,-15264.900640914935,-15242.632037602454,0.22406675404514367,0.6191111105235508,-8.969202441537252,2.7630654675294486,3599.848308734431,-15258.842653215008,-15236.574049902527,-180.5543338503283,-20.68822562335674,0.07343931819244004,-15.766457305767023,1.4843552383351937,0.04833667314953356,3537.730321164278,-15470.12425156038,-15433.009912706244,-252.8684144921972,-245.4455467213702,-246.81042679226994,-239.38755902144294,-458.09202513764285,-435.82342182516004
101,12150,-1.4313187031240624,-0.15844257933901892,-9.033674591105184,6.311434742931723,3936.2884429241267,-13690.154556723488,-13675.344387825951,0.2237768238006255,0.7408380027088322,-8.994790924194271,3.310610947668484,3912.4125936271384,-13762.075696650449,-13739.860443304142,0.23892724179249053,0.7563071316456387,-8.998729046804783,3.165428629952942,3912.1124808634036,-13763.007732792314,-13740.792479446007,11.194049647912415,0.6879391885733396,0.19027180072065786,-11.094120554205146,0.6066336370487259,,3858.665268484071,-13926.145152411336,-13889.119730167493,-71.92113992696068,-64.51605547819054,-72.85317606882563,-65.4480916200555,-235.99059568784833,-213.77534234154155
102,12196,-1.25345305381286,-0.1412860515385813,-8.871739567798572,7.077839525630227,3244.977307863601,-16143.499999085276,-16128.68227246906,0.2234522097640333,0.7235029805235691,-8.922197890264625,3.237842137643624,3174.532818956536,-16409.176334969103,-16386.949745044778,0.23490738269712708,0.7061959126444729,-8.931021136888857,3.006273811134288,3175.327123763047,-16406.125136499177,-16383.898546574852,-5.620156898498128,-0.7662797919550537,0.17229204356111597,-10.784594579674113,0.8633644183643809,1.3050063573367146,3108.2260983866327,-16662.61317145438,-16625.56885491384,-265.67633588382705,-258.2674725757188,-262.62513741390103,-255.21627410579276,-519.1131723691051,-496.8865824447803
103,12463,-1.346190278777709,-0.1530062317033233,-8.798270918716245,6.535681513541124,3762.1154418460746,-14923.96751173978,-14909.106472672127,0.2089937127100107,0.7057994175634694,-8.920891160401517,3.377132299395062,3732.570266534137,-15020.230051814893,-14997.938493213414,0.2206019356409259,0.6984120704280958,-8.925361081385406,3.1659380884350092,3733.0999112504423,-15018.461700962738,-14996.17014236126,11.838204485733565,0.7780042380035892,0.16824012141501526,-11.05602839687098,0.5991609950584602,,3662.6631920980653,-15251.862321268243,-15214.709723599111,-96.26254007511307,-88.83202054128742,-94.49418922295808,-87.06366968913244,-327.89480952846316,-305.6032509269844
104,12377,-1.3388532874299914,-0.15169754792224313,-8.825807046770846,6.592064365553083,3673.845352924771,-15029.116799059942,-15014.269608678862,0.21248489903004697,0.6866693471894778,-8.945886737461214,3.231614812741952,3644.1884404468015,-15127.434896953802,-15105.164111382182,0.22441638697320973,0.6813092387519967,-8.951569835748403,3.035915727639487,3645.123453798439,-15124.259656139691,-15101.988870568071,9.554413069706257,0.6909312555558837,0.16835740678563202,-10.650991560404234,0.5324274548127573,,3558.076447042811,-15419.41371742329,-15382.295741470589,-98.31809789385989,-90.89450270332054,-95.14285707974886,-87.71926188920952,-390.2969183633468,-368.0261327917269
105,12257,-1.0654434940157742,-0.11867495708058434,-8.977829191817628,8.42637759979105,3525.0964243130707,-15270.543623544232,-15255.715918581549,0.1964843575524832,0.5642261237726082,-8.98810485399961,2.871608360079743,3430.4824406783773,-15602.018422292957,-15579.776864848933,0.20507209982135952,0.5444223265008671,-8.98707230847835,2.6547849608753173,3433.379731081108,-15591.670868776655,-15569.429311332631,-24.379707318564858,-2.6869445420789986,1.0981332964052657e-06,-12.246728001677633,1.481429717845854,0.37216994409056886,3361.0766442720133,-15848.546011828792,-15811.476749422087,-331.4747987487244,-324.06094626738377,-321.12724523242287,-313.7133927510822,-578.0023882845599,-555.7608308405379
106,12272,-1.200317772755498,-0.1360936307669853,-8.819793887420342,7.347882442141357,3605.6070786406763,-15027.114852175733,-15012.28470112852,0.21111749309918657,0.7154672457631435,-8.893593544478904,3.3889529250283625,3544.2763862081147,-15235.654988099861,-15213.40976152904,0.21964304418913033,0.6777739431832533,-8.903102000775592,3.0857974386825355,3545.3021771636013,-15232.103717292703,-15209.858490721881,-22.15593762798577,-2.672204311796739,0.11996186277980739,-12.51135397519556,1.2659048463285618,0.37422288242908314,3486.1415114853985,-15434.615168974191,-15397.539791356156,-208.54013592412775,-201.12506040051994,-204.98886511696946,-197.57378959336165,-407.5003167984578,-385.2550902276362
107,12103,-1.2952359066142836,-0.1476601917003104,-8.771733882366082,6.772305985011788,3494.2708407424434,-15031.903422143349,-15017.101004873872,0.2208531805674318,0.7715517141334002,-8.8749934053269,3.4935051066553546,3454.973323621215,-15166.78821374929,-15144.584587845075,0.23409260647938143,0.7753269751573042,-8.880720272980627,3.312052383105034,3456.6224931255665,-15161.01244230108,-15138.808816396864,-50.8890213680616,-6.092082747025813,0.11169736361956675,-13.635152773319769,1.2973255221067725,0.1641474749318212,3395.092274005856,-15374.394597604296,-15337.388554430603,-134.88479160594216,-127.48358297120285,-129.10902015773172,-121.70781152299242,-342.4911754609475,-320.2875495567314
108,12196,-1.3714059354364732,-0.15413287656963587,-8.897556225241045,6.487908499833965,3527.7877481334212,-15124.37032137717,-15109.552594760953,0.21553042679696954,0.6577230984373056,-8.974783456875,3.0516484758640745,3475.7395471311347,-15303.64798887813,-15281.421398953806,0.22553178767633084,0.6355525321937142,-8.984044461005704,2.8180175342103864,3475.4381614339154,-15304.7055650529,-15282.478975128575,5.655453381725438,0.3845375325638197,0.17232449447221126,-10.36763780962609,0.5046497033631354,,3423.4033063365014,-15484.686927898012,-15447.64261135747,-179.2776675009609,-171.86880419285262,-180.33524367573045,-172.9263803676222,-360.31660652084247,-338.09001659651767
109,12163,-1.3954182869645564,-0.15658471388005715,-8.911586912841553,6.386319425573006,3688.8046652735884,-14507.62774283622,-14492.815435164983,0.23583426473552752,0.7532890909171475,-8.911152837293503,3.1941460744133647,3626.957263061897,-14711.284482992744,-14689.066021485889,0.2511355159463869,0.7647965867706621,-8.911368700464879,3.0453541542643974,3629.712920265004,-14702.046896241318,-14679.828434734463,-2012.3223258038468,-228.79327754926877,0.059078745327792385,-20.410171552504156,1.6581619889759172,0.004370757789352697,3574.9519969649336,-14882.946525738947,-14845.915756560855,-203.6567401565244,-196.25058632090622,-194.41915340509877,-187.0129995694806,-375.31878290272834,-353.100321395872
110,12291,-1.1870127257833545,-0.13334451571561615,-8.901848864297476,7.499371043745811,4084.747616203591,-13535.8558637351,-13521.02261860267,0.20833893863031316,0.6186089613696639,-8.932387967346514,2.969243125824664,4007.8240413617136,-13767.525993682784,-13745.276125984139,0.21764160327541582,0.5973287063770573,-8.935455736878032,2.7445520405451354,4011.3994606296014,-13756.565959678835,-13734.31609198019,-11.287941774307493,-1.2876077735072764,0.07306946555608486,-10.85527190088784,1.1771288473407056,0.7766340189731302,3937.949058521716,-13979.70522340846,-13942.622110577386,-231.67012994768447,-224.2535073814688,-220.71009594373572,-213.29347337752006,-443.8493596733606,-421.5994919747154
111,12359,-1.348395222624328,-0.15115002357078336,-8.920906466103702,6.615943394356808,3808.853254046735,-14543.239824685083,-14528.395545041903,0.2237586813546176,0.8081824921767862,-8.906755668342027,3.611848654470577,3771.8340068252414,-14661.947749332781,-14639.681329868012,0.23790679952548463,0.8156409233615,-8.912357214462682,3.4284052620115566,3772.8978754725304,-14658.462309981425,-14636.195890516656,16.950813431113804,0.6878553067554206,0.18019825651613144,-11.8710089666759,0.6889763523806154,,3713.491168082087,-14850.611055043408,-14813.500355935459,-118.70792464769875,-111.28578482610828,-115.22248529634271,-107.80034547475225,-307.3712303583252,-285.1048108935556
112,12268,-1.3527070711818858,-0.1545758198589473,-8.751091033618653,6.469317134546106,3450.1900998620304,-15558.754381114837,-15543.924882064368,0.23886039350339594,0.8733488157842278,-8.862614354763373,3.6563148999912003,3397.5644923667223,-15745.319451478985,-15723.075202903283,0.2533716382111083,0.8758690813834034,-8.872991206917865,3.4568552643355943,3399.738496265671,-15737.472021171316,-15715.227772595614,17.5593519720078,1.2099536208734947,0.17451881850715079,-11.22824494553515,0.6038019492085804,,3291.428244957026,-16130.672176539469,-16093.598428913298,-186.5650703641477,-179.15032083891492,-178.71764005647856,-171.3028905312458,-571.9177954246315,-549.6735468489296
113,12207,-1.2759452061320795,-0.1434828587327634,-8.892666464839019,6.9694736279439375,3611.325242999925,-14863.329485739436,-14848.509956066096,0.21922581788580206,0.7056890257414643,-8.917476571314582,3.2190050996140793,3550.5087660567697,-15068.651961608035,-15046.422667098026,0.23270533324589593,0.7129839325082541,-8.91794569236672,3.063891671768672,3552.1443826375407,-15063.029845044997,-15040.800550534988,-14.785818976522185,-1.7974524776755125,0.1391990602372379,-11.920266271831123,1.2346382026296094,0.5563429422585972,3508.167684032391,-15211.099752815519,-15174.05092863217,-205.3224758685992,-197.91271103192958,-199.7003593055615,-192.29059446889187,-347.77026707608275,-325.54097256607383
114,11959,-1.4569368028342797,-0.16471550501900978,-8.845170967154155,6.071073879077687,3538.843214814321,-14558.285763015376,-14543.507284191439,0.23393961844969902,0.8133072196442391,-8.907962534955612,3.4765689755073015,3506.5298794110913,-14665.98552840448,-14643.817810168573,0.2510122083154878,0.8372340718141209,-8.910094994988999,3.3354316805254065,3507.710839469186,-14661.958548996663,-14639.790830760756,-108.11421871882504,-14.288346959144784,0.1657132632598204,-14.85158984696233,1.1987803307604108,0.06998710227707503,3448.780132684612,-14860.580584862702,-14823.634387802858,-107.69976538910487,-100.3105259771346,-103.67278598128723,-96.28354656931697,-302.2948218473266,-280.12710361141944
115,12260,-1.1698811622429088,-0.13112132514495736,-8.922127357617693,7.62652450998706,3376.1566159985146,-15806.544596869202,-15791.716402450222,0.20015015777311831,0.6174450466606726,-8.976350723589261,3.084909117886292,3306.978911831707,-16058.362267346598,-16036.119975718128,0.20941192609127812,0.5980799151764128,-8.983173969417978,2.8559973939388854,3307.9402646262015,-16054.79875129173,-16032.55645966326,-9.881125529474927,-1.1836047450002254,0.12999157653186752,-10.9433254604762,0.9950235430086353,0.8448766399629545,3253.276051913076,-16255.089761535351,-16218.0192754879,-251.81767047739595,-244.4035732679058,-248.2541544225278,-240.84005721303765,-448.5451646661495,-426.3028730376791
116,12275,-1.40043558945386,-0.15809512610995055,-8.858183195855753,6.325305685290571,3730.6965491213637,-14615.15325245066,-14600.322612545335,0.235035305180771,0.8420663840874913,-8.882332064562975,3.5827229591734695,3702.71783204019,-14705.557726736832,-14683.311766878844,0.25196820078044246,0.8678825370368539,-8.884211635034825,3.444412963019491,3703.562281892454,-14702.758582815182,-14680.512622957194,15.538118452399026,0.944260196971389,0.1861973768770482,-11.420486576030296,0.6567376032458522,,3639.1630238821404,-14914.079496754715,-14877.002896991402,-90.40447428617153,-82.98915433350885,-87.60533036452216,-80.19001041185948,-298.9262443040552,-276.68028444606716
117,12428,-1.2431782323150902,-0.14119639297856712,-8.804603333626222,7.0823338961059354,3420.0707556186608,-16031.733464525098,-16016.878049984072,0.22476399830184557,0.7291131274172847,-8.891836485319175,3.2439053092396333,3346.8011188283936,-16298.87721401081,-16276.594092199271,0.23783989261303806,0.7281522723442576,-8.893467295602775,3.0615228771943253,3348.4423488598377,-16292.784169795828,-16270.50104798429,-149.5840127492583,-17.97197112249689,0.11951580737299573,-15.650124219441857,1.4304598247339584,0.0556421993549847,3290.526425040885,-16505.624280177184,-16468.485743824618,-267.14374948571276,-259.7160422151992,-261.05070527073076,-253.6229980002172,-473.89081565208653,-451.60769384054583
118,12179,-1.2715156115281117,-0.14294253798411713,-8.895291978580893,6.995818138552385,3789.1925372479036,-14215.715816677774,-14200.9008798056,0.21017164584394343,0.6759375041483912,-8.954271514065384,3.2161212871230402,3733.6625555552,-14393.517746179865,-14371.295340871604,0.22128960257269067,0.66619775878102,-8.95938927456752,3.0105244486675917,3735.373673888767,-14387.937451772685,-14365.715046464424,150.4228891268163,13.471885268557665,0.160946608802794,-11.449018862878646,0.45730937399909105,,3655.4719749321434,-14647.27963260568,-14610.242290425243,-177.8019295020913,-170.39446106600371,-172.2216350949111,-164.81416665882352,-431.56381592790603,-409.3414106196433
119,12068,-1.2089887844306384,-0.13639107567708944,-8.864134096962186,7.331858004900074,3435.279324747768,-15158.948197718,-15144.151572517443,0.20980873244289303,0.6719297875971156,-8.954811145095272,3.2025825606663223,3358.6817058331203,-15429.077881799833,-15406.882943998995,0.22103878020490939,0.6650997467173742,-8.957999154627384,3.008973113680809,3360.6000278859083,-15422.187171727104,-15399.992233926267,464.22728736304407,42.169468484112805,0.16020290943339469,-11.88606638256523,0.4494252486787017,,3274.419413144965,-15731.701295003644,-15694.70973200225,-270.12968408183224,-262.73137148155183,-263.2389740091039,-255.8406614088235,-572.7530972856439,-550.5581594848063
120,12281,-1.3459651339131173,-0.15308500389453358,-8.792272918125978,6.53231848031921,3741.550763199442,-14592.62165977275,-14577.79004250953,0.2178105781857713,0.6986833497292539,-8.920441067937114,3.20775673775286,3690.641152642733,-14758.871003500955,-14736.623577606124,0.23001616216013823,0.695690696471182,-8.924361426212329,3.0245296240828465,3692.450596626815,-14752.851362199433,-14730.603936304602,-26.05724544748392,-2.972022341883582,0.0640516112696031,-12.60416657992179,1.437115455578445,0.33647122563897985,3629.9216853975186,-14958.602026616678,-14921.522983458626,-166.24934372820462,-158.83353509659355,-160.2297024266827,-152.81389379507164,-365.9803668439272,-343.7329409490958
121,12182,-1.1951538112213047,-0.13544901798121103,-8.823643235177178,7.382851606489433,3430.7183278989523,-15432.905998870301,-15418.090569407508,0.22361773115960207,0.7537213447727875,-8.900164551824698,3.37057951918328,3345.665769378412,-15736.722394828179,-15714.49925063399,0.2358566661470041,0.7481064809380399,-8.906253596724673,3.171869140521821,3347.9046632231366,-15728.573020407393,-15706.349876213204,-2330.9581271507845,-269.0336645269423,0.07585755939785721,-20.009675990619595,1.5391244657633811,0.0037170069469126057,3281.896364797777,-15967.156367818423,-15930.11779416144,-303.81639595787783,-296.40868122648135,-295.6670215370923,-288.2593068056958,-534.2503689481218,-512.0272247539324
122,11981,-1.2919329267965443,-0.1459420712488342,-8.852368037135586,6.852033765472464,3383.5863739481215,-15144.606956374062,-15129.824801692783,0.22130483657624006,0.6796957061773042,-8.927535208237382,3.071309767525787,3303.3534733970614,-15430.127567139953,-15407.954335118033,0.2338578864828202,0.6748763000213313,-8.926994770684349,2.8858393880631836,3304.551116155657,-15425.784599455295,-15403.611367433376,-904.992812299383,-105.40315157882362,0.0921236942185889,-18.666789627095593,1.54717626603902,0.009487382350727627,3232.1278114127863,-15687.283067897903,-15650.327681194703,-285.5206107658905,-278.12953342525,-281.1776430812333,-273.7865657405928,-542.6761115238405,-520.5028795019207
123,12174,-1.2557283760305764,-0.14151720389406738,-8.873326644939587,7.0662786748425965,3409.102420233078,-15491.718427406639,-15476.90431178853,0.2238318773946569,0.7852288718929821,-8.887141879230592,3.508119044672438,3368.251811732128,-15636.478155065908,-15614.256981638746,0.23732155889432208,0.786743714301155,-8.894251297085283,3.315095847029588,3369.295299960684,-15632.707220158763,-15610.486046731601,-387.9857097402061,-49.811452576593226,0.15151186082706875,-16.18815069012261,1.1915128389922436,0.020075704446930895,3310.119475432315,-15844.422327259414,-15807.387038214145,-144.75972765926963,-137.35266985021553,-140.98879275212494,-133.58173494307084,-352.70389985277507,-330.4827264256146
124,12222,-1.1699309503505229,-0.13246858162313677,-8.831761735615839,7.548959819354943,3255.8110192230165,-16163.215166129112,-16148.393180358202,0.22264066830828377,0.8629346357792218,-8.897063533533377,3.875907498554318,3208.824954757212,-16338.881408931782,-16316.648430275418,0.23729356102558818,0.8768954070248615,-8.9052673317827,3.6954032938563506,3210.3187861680426,-16333.192921940486,-16310.959943284122,15.143315935712403,0.6371756963789375,0.1696360935875644,-11.729301239875403,0.6639676102044035,,3133.884039236502,-16623.70768029405,-16586.652715866774,-175.66624280267024,-168.25524991721613,-169.97775581137466,-162.56676292592056,-460.49251416493826,-438.2595355085723
125,11939,-1.3364196733178397,-0.15087376818089113,-8.857866343707478,6.628057428784063,3499.023596756023,-14649.049831616232,-14634.27470035354,0.2264437491728931,0.7957671206455021,-8.916033833460364,3.514193363924223,3462.155048052052,-14773.516265321947,-14751.35356842791,0.24091856521448887,0.805388411934035,-8.920438625406755,3.342990239116694,3463.4713474509786,-14768.977961400959,-14746.815264506922,-2073.579379820949,-246.98530005614717,0.1157605292092094,-19.09055384536536,1.3863532702481378,0.004048823957428519,3413.77302456639,-14937.535042051844,-14900.597213895117,-124.46643370571473,-117.0788680743699,-119.92812978472648,-112.54056415338164,-288.4852104356123,-266.322513541576
126,12426,-1.2954222422940163,-0.14754882501482533,-8.779617473496353,6.77741757617875,3769.6126070102546,-14817.966560678351,-14803.111468017103,0.22586182165783752,0.7412982018958185,-8.880144208532833,3.2820872357030115,3704.891054676978,-15031.16482571881,-15008.88218672694,0.2389014124165282,0.7397285316210268,-8.8846373886769,3.0963757147291324,3707.6015904966343,-15022.077162173347,-14999.794523181477,-8.979567348057785,-1.0764903197257112,0.12914434876289857,-10.916919203737146,1.1317874508662376,0.9289447212630757,3645.9807923719845,-15226.334286578938,-15189.19655492582,-213.19826504045886,-205.77071870983673,-204.11060149499644,-196.6830551643743,-408.3677259005872,-386.08508690871713
127,12055,-1.409576567514247,-0.15873877349269885,-8.879850439181327,6.299658098630797,3732.703626029623,-14128.639562843122,-14113.84509326189,0.2335661880435275,0.830418123733305,-8.929061491953993,3.5553867222363023,3697.0192504523147,-14242.438890099287,-14220.247185727441,0.24800491329692986,0.8367744198006258,-8.938982078580102,3.374023557342904,3698.6150606904725,-14237.23649855038,-14215.044794178533,-522.9831588438466,-67.62910630696076,0.16560219942916216,-16.828236065390062,1.2338908363833614,0.014786532820071798,3656.670369951588,-14370.729117418967,-14333.74294346589,-113.79932725616527,-106.4020924655506,-108.59693570725722,-101.19970091664254,-242.0895545758449,-219.89785020399904
128,12184,-1.2634079362701782,-0.14029748686797125,-9.005207181359738,7.127711424660535,3605.5391376738107,-14831.875663225119,-14817.059905435968,0.21789104751112173,0.6847530932918686,-8.969738388851422,3.142639870309114,3540.690992564761,-15051.00805724869,-15028.784420564965,0.23127751664852075,0.6879749960991031,-8.971056350967942,2.9746730510974784,3542.0866080592855,-15046.206500468517,-15023.982863784793,-216.82604160358997,-26.121137366133883,0.13163895248790938,-15.548343800011775,1.282351347536926,0.03828317220583597,3470.2335256440015,-15291.906622785911,-15254.867228313036,-219.13239402357067,-211.72451512899715,-214.3308372433985,-206.92295834882498,-460.0309595607923,-437.80732287706815
129,12218,-1.100958574968974,-0.12409360416086146,-8.87200095777548,8.058433041429828,3288.8771250619875,-16030.464171576567,-16015.642840470147,0.21102021722484185,0.701772901840631,-8.920196528687184,3.3256192751090414,3210.1659939001056,-16324.427625797556,-16302.195629137927,0.22268447296993157,0.6974123679370051,-8.923931854511133,3.1318410243680286,3212.762103646161,-16314.550737835263,-16292.318741175633,-545.5852719973284,-63.4323847269561,0.08429279852109363,-17.334496266182885,1.4341488951799661,0.01576481799170073,3135.302054303078,-16608.737345435475,-16571.684017669428,-293.96345422098966,-286.55278866777917,-284.0865662586966,-276.67590070548613,-578.2731738589082,-556.0411771992804
130,12352,-1.3666287215640371,-0.15375266892327175,-8.888487797542137,6.503952139517246,3630.5609172761124,-15120.169664995217,-15105.326518450689,0.21471270137212914,0.624915518473743,-8.965805731612909,2.91047299242289,3576.1828912454184,-15304.575659940656,-15282.310940123862,0.22668570232831575,0.6217727439601235,-8.965918758529513,2.7428846970665632,3577.0624580928006,-15301.538042964574,-15279.27332314778,-6.864619574153286,-0.8573707124699081,0.15647075545446681,-10.56096057197834,0.8405360641022462,1.1663566126713218,3503.8463642536035,-15552.984750630425,-15515.876884269102,-184.40599494543858,-176.98442167317262,-181.36837796935652,-173.94680469709056,-432.81508563520765,-410.5503658184134
131,12378,-1.277413444208357,-0.14477644989378005,-8.823351070879088,6.9072007272846,3288.1745259516915,-16404.13009424705,-16389.282742282452,0.21935426045475293,0.7178587074583067,-8.887278029100443,3.272599793457772,3221.7226757865537,-16654.843630915926,-16632.572602969027,0.23397461472447653,0.7292397897556271,-8.885794456553732,3.1167474754231956,3223.7999855718,-16646.865087432958,-16624.59405948606,-991.219086981552,-112.71301889190046,0.047899994158518984,-19.351157673265636,1.666313790317533,0.008872089576085871,3167.5939133537045,-16860.57556129456,-16823.457181383066,-250.71353666887444,-243.28986068657468,-242.7349931859062,-235.31131720360645,-456.44546704750974,-434.1744391006141
132,12215,-1.2768825642514656,-0.14366659881457045,-8.887817869897022,6.960560131939182,3857.2801078476614,-14076.259875581178,-14061.439035613794,0.20531602717389774,0.5887951904099529,-8.979983290128487,2.867750747540315,3793.347896334285,-14278.413087997034,-14256.18182804596,0.21455771131330795,0.5668649539331477,-8.9826279843366,2.6420162224110557,3794.3634059380583,-14275.143472327698,-14252.912212376623,-24.89060286096096,-2.905866226116975,0.10294236601285177,-12.426846866667377,1.2741330811162426,0.3441314644880508,3726.200643685507,-14492.571262954634,-14455.519163036175,-202.15321241585661,-194.74279243216552,-198.8835967465202,-191.4731767628291,-416.31138737345645,-394.08012742238134
133,12367,-1.1845307532150544,-0.1321476666774108,-8.963690264063793,7.5672921447877455,3606.9293076650492,-15234.306143408749,-15219.460569581264,0.20891692916858368,0.7137408017647139,-8.950602506072295,3.416385663934238,3558.3619839995076,-15399.959143373033,-15377.690782631807,0.2213052319153689,0.7155525757747038,-8.955434932386732,3.233328781166565,3559.3344720985638,-15396.579746549904,-15374.311385808678,-7.31880784577076,-0.9511060472753178,0.15483699604910833,-10.90584240525133,0.8564843403120215,1.0514074669851499,3497.370292063139,-15609.771973308107,-15572.658038739397,-165.6529999642844,-158.23021305054317,-162.27360314115504,-154.85081622741382,-375.46582989935814,-353.19746915813266
134,12256,-1.2138467588360355,-0.13764496061224427,-8.818679255941152,7.2650680094062565,3492.9374785430305,-15380.620328743282,-15365.79278695932,0.21573555450263,0.7118024371244391,-8.918266993320152,3.299421084139201,3400.235964094377,-15708.285111301013,-15686.043798625073,0.22660875967557184,0.6974590798406967,-8.92266412662346,3.077811646995577,3402.488601467149,-15700.168268002797,-15677.926955326857,-85.60845504355122,-10.034114065822056,0.09930032870381558,-14.480912338322668,1.3815519815741626,0.09966001915467301,3333.3328415272194,-15947.838471360554,-15910.769616900652,-327.6647825577311,-320.25101166575223,-319.54793925951526,-312.1341683675364,-567.218142617272,-544.9768299413317
135,12193,-1.226095410331354,-0.13756192291258143,-8.913043554287325,7.269453485580346,3695.548779652526,-14551.185904205913,-14536.368669614792,0.21086307041502572,0.6721300455812391,-8.94944055544396,3.1875190105993276,3625.8199097626334,-14781.445705485326,-14759.219853598646,0.22442776074691329,0.6820732551958019,-8.948793465580122,3.039166157189326,3627.1604411143703,-14776.938565477461,-14754.712713590781,0.4056124784676867,-0.12145302786811372,0.1627782123724077,-10.354205389143509,0.5736789590146407,8.233635814217028,3552.401021356527,-15026.874563420412,-14989.83147694261,-230.2598012794133,-222.85118398385384,-225.75266127154828,-218.34404397598882,-475.68865921449833,-453.46280732781815
136,12236,-1.3752672045449517,-0.1540089964083336,-8.929784860740346,6.493127176471159,3707.438215685186,-14606.289298850337,-14591.465023439796,0.22281706123122327,0.6662978779939056,-8.935534259465586,2.9903359927293462,3657.9544898087684,-14768.704695063556,-14746.468281947744,0.23482243764900038,0.6590713906572986,-8.939111712726659,2.8066797928502987,3659.1739272268187,-14764.626309244697,-14742.389896128885,-10.142283254593227,-1.1847965319890275,0.1135671197167627,-10.953666611847801,1.214064545706081,0.8440267784386637,3619.9009792005872,-14892.66189373946,-14855.601205213106,-162.41539621321863,-155.00325850794798,-158.33701039435982,-150.92487268908917,-286.3725948891224,-264.13618177331045
137,12263,-1.0958049362481688,-0.12221837114276303,-8.965959258024812,8.182075989475445,3551.051580705309,-15194.060992340532,-15179.232308585008,0.20809415128707384,0.6881822721091576,-8.943844800336786,3.3070716685342294,3482.8035642436816,-15430.039078034963,-15407.796052401676,0.21965400790152714,0.6838574717144218,-8.947132871840438,3.1133393751731644,3484.0785538304153,-15425.550643406192,-15403.307617772905,-350.90780907186365,-42.16101600513189,0.11956801214655235,-15.901707617627363,1.2289971910296869,0.02371859349590339,3405.346508719337,-15701.844889785698,-15664.773180396887,-235.97808569443077,-228.56374381666865,-231.48965106565993,-224.0753091878978,-507.7838974451661,-485.5408718118797
138,12123,-1.433163933992957,-0.16114236872180734,-8.893774774200693,6.205692568205809,3595.5041579082367,-14730.53974875453,-14715.734029247038,0.2428084949082362,0.8156091986777648,-8.905084057330821,3.3590636892090835,3544.29837802935,-14902.43204056639,-14880.22346130515,0.25946948844345474,0.8344637099527819,-8.908683423026769,3.2160379047212464,3546.5687074929365,-14894.669039315457,-14872.460460054217,-11.017638598585291,-1.4223121510029755,0.17427997753278465,-11.731271578943973,1.1481127701771574,0.7030805433918479,3512.966117451332,-15006.07813798943,-14969.063839220698,-171.89229181185874,-164.48943205811156,-164.12929056092617,-156.72643080717899,-275.5383892349,-253.3298099736603
139,12144,-1.294178886149652,-0.1452650787428607,-8.909084670242926,6.88396694273741,3633.1272525296577,-14650.668061715991,-14635.85888071672,0.20970637219107896,0.6620150073756106,-8.946428597472135,3.156866434046171,3583.525490563149,-14815.60786179604,-14793.394090297134,0.22161276066891322,0.6610120319013711,-8.947079188735929,2.982734522624873,3584.1520792395404,-14813.484637688545,-14791.27086618964,-253.07879903213595,-30.507729308068118,0.1241523690931488,-15.680107897299967,1.2671585860146808,0.03277857850061422,3531.693734027199,-14988.540143394453,-14951.517190896277,-164.93980008004837,-157.53520958041372,-162.81657597255435,-155.4119854729197,-337.87208167846256,-315.6583101795568
140,12117,-1.0359821161746623,-0.11613158275461899,-8.92076118831212,8.610921992796367,3181.008149584653,-16201.412122657925,-16186.607393249462,0.19264630320084586,0.5919667126956517,-8.972000302618028,3.0728163627333624,3084.382913367216,-16573.179956257034,-16550.97286214434,0.20147124024995,0.5749583052583725,-8.970552475304409,2.8537984108553935,3086.8158771500375,-16563.625824334038,-16541.418730221343,-23.128813897796384,-2.6435724760527144,0.07391985779710426,-12.217327469090163,1.2932506659450465,0.37827599169634396,3015.15019044886,-16844.25967728272,-16807.24785376156,-371.7678335991095,-364.36546889487727,-362.2137016761135,-354.81133697188125,-642.8475546247955,-620.6404605120988
141,12128,-1.4106899156497574,-0.1595366716663135,-8.842417864905398,6.2681513256813925,3736.379756155231,-14275.503148108579,-14260.696603892815,0.23424181312096126,0.8104555249699367,-8.913741838170795,3.4599097153991956,3716.9773321039493,-14336.646005117807,-14314.436188794161,0.2522067776696926,0.8438731779410599,-8.915461609332613,3.345957573932666,3717.3276279416696,-14335.503090495433,-14313.293274171787,271.24326550863617,23.923279783877856,0.18320398959097273,-12.002130262476916,0.5167514482752988,,3646.0261944822555,-14566.388126638967,-14529.371766099557,-61.142857009228464,-53.73958490134646,-59.999942386853945,-52.59667027897194,-290.88497853038825,-268.67516220674224
142,12194,-1.2729454909901659,-0.14292737907424657,-8.906239652858309,6.996560116592702,3520.5771491877586,-15144.83896490834,-15130.021566295405,0.23032779751009008,0.8198390254104657,-8.892194478143717,3.559444558030607,3451.3059854531693,-15385.160975161707,-15362.934877242304,0.24442134898913043,0.8246106331074985,-8.900311999456106,3.373725889812389,3453.1529739469443,-15378.637023505898,-15356.410925586495,-769.6306815381737,-93.06166733061144,0.1261831463766159,-17.857853096164177,1.395739682453476,0.010745562901289894,3400.4489224668123,-15562.183917018763,-15525.140420486425,-240.3220102533669,-232.9133109468985,-233.79805859755834,-226.38935929108993,-417.34495211042304,-395.11885419101964
143,12165,-1.4828052184272733,-0.16759076997451386,-8.84777376852418,5.966915720669305,3952.2686475435003,-13672.783733987555,-13657.97109747712,0.23624400535670512,0.8609032848419291,-8.884128870398737,3.6441275347581845,3937.423855196511,-13716.561718856696,-13694.342764091043,0.25453844297918443,0.8970688963505903,-8.886693478345652,3.5242963139518793,3938.7597790088957,-13712.434970652672,-13690.21601588702,27.353213640404853,2.1368946257740964,0.18045527977520578,-11.267637132584792,0.5862131488360671,,3890.006487151988,-13859.95091640645,-13822.91932513036,-43.77798486914071,-36.37166661392257,-39.65123666511681,-32.24491840989867,-187.1671824188943,-164.94822765323988
144,12240,-1.1863192597416483,-0.13225646539565236,-8.969839441820179,7.5610670299440255,3503.0355613369975,-15309.211626375143,-15294.386697263011,0.2084254222390911,0.6507521156997412,-8.983657428220956,3.1222300461660755,3437.601404207022,-15538.008257079942,-15515.770863411743,0.2191879786077161,0.6419658429398017,-8.989472518944861,2.928836914403674,3437.9460360859157,-15536.781214655226,-15514.543820987026,-59.32759440478263,-6.9049451447493295,0.09992475628364542,-13.882211909818817,1.367683617744385,0.14482374284470917,3378.0826176838727,-15747.788257429496,-15710.725934649165,-228.7966307047991,-221.3841661487313,-227.56958828008283,-220.15712372401504,-438.57663105435313,-416.3392373861534
145,12441,-1.2980522809608595,-0.14587878751164227,-8.898156497614602,6.855006249076427,3981.2014755400996,-14171.447308688968,-14156.58980319114,0.21204664137219695,0.6516828100363207,-8.937706857191598,3.073299373284805,3950.584717992733,-14265.49250283449,-14243.206244587745,0.22449474149817902,0.650809502961482,-8.938280211572566,2.8989966473970217,3951.479187106742,-14262.676000607084,-14240.38974236034,-25.584055026367476,-3.102341473713322,0.13147646660932247,-12.537038135164625,1.1900687190669073,0.32233717934443185,3886.085573970933,-14466.286615781295,-14429.142852036723,-94.04519414552124,-86.6164413966053,-91.22869191811515,-83.7999391691992,-294.83930709232664,-272.55304884558245
146,12204,-1.4331548967908967,-0.16177793118795097,-8.858778736179291,6.181312819720857,3671.494430046016,-14655.017489444457,-14640.198451352784,0.2297979467345521,0.7774203350111164,-8.924451144978978,3.383060406145155,3641.1500785303656,-14754.300846240109,-14732.072289102598,0.2443677960070757,0.7847737385287831,-8.927960947951902,3.2114450076967582,3641.2021291623896,-14754.12638999435,-14731.89783285684,-1417.1442569918509,-172.68556844064156,0.13772839494502734,-18.422911809338498,1.3451212454745254,0.005790871866306171,3600.0540902095845,-14888.824996239384,-14851.7774010102,-99.28335679565134,-91.8738377498139,-99.1089005498925,-91.69938150405505,-233.80750679492667,-211.57894965741616
147,12380,-1.2702656712434885,-0.14466926411650496,-8.78048062939284,6.912318287557477,3374.775143451289,-16086.949188107643,-16072.101513015166,0.2227516913831216,0.7151655732279891,-8.898818096150443,3.2105954787025195,3282.981032042851,-16426.350431021947,-16404.07891838323,0.23584414303441045,0.7132639342830692,-8.90014179586573,3.024302088260897,3286.3130072081067,-16413.792047781168,-16391.520535142452,-529.594205230723,-62.54194053879422,0.10589597587147534,-17.087373375559892,1.3872468805622284,0.015989270422137106,3168.9705423313285,-16859.922469180256,-16822.80328144906,-339.401242914304,-331.97740536806486,-326.8428596735248,-319.41902212728564,-772.9732810726127,-750.7017684338953
148,12198,-1.2224804034745675,-0.13881011264641005,-8.806854055284738,7.20408607798837,3531.689696128329,-15115.367084783062,-15100.54903021735,0.22037596384281963,0.7344358977996442,-8.887402022168091,3.3326497363545116,3448.6724049369323,-15403.521850728037,-15381.294768879468,0.23144745580989273,0.718119120722602,-8.89501820280615,3.102730674699892,3450.8813348041185,-15395.711337626199,-15373.48425577763,-1421.6979757742256,-161.6067137052691,0.047629614016821024,-19.524818913887003,1.6010234392283562,0.006187861735891456,3365.808109497494,-15696.192594184844,-15659.147457770561,-288.1547659449752,-280.74573866211904,-280.3442528431369,-272.93522556028074,-580.8255094017823,-558.5984275532119
149,12257,-1.2031415052694352,-0.13662775342605785,-8.805981765048697,7.319157161880688,3182.309237205077,-16524.443080722354,-16509.615375759673,0.21832194352232667,0.7612628680273904,-8.895549981109095,3.4868820593361014,3078.1125507834477,-16930.484831413974,-16908.24327396995,0.23064757182260723,0.7595222060183355,-8.904179382316105,3.2929989247946203,3081.7823187998174,-16915.880571812006,-16893.639014367982,-1199.7342481660048,-134.12738155537352,0.018640756978879694,-19.464458543863167,1.6590761359798865,0.007455599210271299,3015.149265589138,-17179.803490464095,-17142.73422805739,-406.0417506916201,-398.62789821027764,-391.4374910896513,-384.02363860830883,-655.360409741741,-633.1188522977172
150,12348,-1.1886240354092603,-0.13573547496858832,-8.756915137213243,7.36727079071568,3362.4925177816885,-16058.42147515811,-16043.578976386865,0.22634651441698142,0.8455318700154673,-8.829556271446977,3.735563908255316,3293.067401337261,-16314.038397800556,-16291.77464964369,0.24173469351026766,0.866806908798597,-8.832689019383228,3.5857778468268537,3296.017360470062,-16302.981900844652,-16280.718152687787,-1590.8107650300074,-185.41398565946,0.07683229683474267,-19.256346124150518,1.4938478041573198,0.005393336411184466,3211.796330576566,-16618.603632800874,-16581.497385872764,-255.6169226424463,-248.1956732568251,-244.56042568654266,-237.13917630092146,-560.1821576427647,-537.9184094858992
151,12382,-1.2956334197636838,-0.1462584705396365,-8.858518860366198,6.837210838527105,3556.501833218439,-15442.128648439557,-15427.2806502714,0.2149287719864965,0.6660932301379517,-8.923520646756197,3.0991347690750355,3485.251303412365,-15690.706637221712,-15668.434639969475,0.22664102193773458,0.6582702798849603,-8.924369509914051,2.9044621942527593,3486.5762463831525,-15686.000426706716,-15663.728429454479,-22.07378925648746,-2.6021020223019393,0.11120603322645016,-12.34689515685385,1.2973888393822264,0.38430468576145754,3419.5165822698536,-15922.471813357508,-15885.351817937111,-248.57798878215544,-241.15398969807575,-243.87177826715924,-236.44777918307955,-480.34316491795107,-458.071167665712
152,12351,-1.234654738358549,-0.1408179438800747,-8.767737294971603,7.101367712424729,3339.1173341020826,-16151.48508368742,-16136.642099066543,0.21558707971800567,0.7173952724462836,-8.873637888581301,3.327635744148759,3264.9689015447257,-16426.842387354925,-16404.57791042361,0.2285229304507987,0.7222578975750613,-8.875742399889933,3.160548904874841,3266.243358815475,-16422.022203498294,-16399.75772656698,-75.42726450297937,-8.70392687426234,0.0674972333110518,-14.771029825131427,1.5551186283824123,0.11489067112420454,3210.571154001822,-16630.356317923186,-16593.248856370996,-275.35730366750613,-267.935811357067,-270.5371198108751,-263.11562750043595,-478.8712342357667,-456.6067573044529
153,12291,-1.1431291950835527,-0.1267752848120862,-9.01697201294374,7.8879728133307605,3999.8383547131366,-13794.040540445849,-13779.20729531342,0.20923287988863334,0.752564320568489,-8.965710124421594,3.596778484189723,3940.5436196533183,-13975.609829194358,-13953.359961495713,0.2191512201377537,0.7376073330534663,-8.97880277575267,3.3657459565583174,3943.4109661950843,-13966.66950425591,-13944.419636557264,-2239.6007240757417,-253.89746337340975,0.057874228190003416,-20.000344314960138,1.5567028705157424,0.003938597836754632,3890.6234647355923,-14128.311104609576,-14091.227991778502,-181.56928874850928,-174.15266618229361,-172.62896381006067,-165.212341243845,-334.2705641637276,-312.02069646508244
154,12111,-1.2537144044317086,-0.14058464892527772,-8.917861331346863,7.113152165934639,3661.049917823785,-14485.166359557343,-14470.3626207383,0.22136379103215495,0.7082147713146918,-8.946317048646318,3.19932527362534,3576.7912457838565,-14765.157316808585,-14742.951708580022,0.2340797161969225,0.708797930042,-8.948250524559626,3.0280194352496346,3578.942125410985,-14757.87663638147,-14735.671028152907,-2530.908865791902,-290.6759983441935,0.07961825955888018,-20.23662119815652,1.5585349830847015,0.0034402565251221264,3521.8239168434884,-14948.721401167533,-14911.712054119927,-279.99095725124243,-272.58908784172127,-272.7102768241275,-265.30840741460634,-463.55504161019053,-441.349433381627
155,12187,-1.3509568457945997,-0.15273631321220246,-8.845027206579637,6.547231493080898,3791.4082261442118,-14225.934792976024,-14211.118542798376,0.2202011461763089,0.7402186301526831,-8.888055403639484,3.3615566631066067,3741.5588987054907,-14385.231825492081,-14363.00745022561,0.23128436263686597,0.7245471351941233,-8.895104513279174,3.1327112950204823,3744.092836934705,-14376.981079272637,-14354.756704006166,-18.28694348367207,-2.136123911467762,0.09367870969322345,-12.362033290903252,1.4637066916028014,0.4681376368812263,3716.4056294213246,-14463.4376482519,-14426.397022807783,-159.2970325160568,-151.8889074272338,-151.04628629661238,-143.63816120778938,-237.50285527587585,-215.27848000940685
156,12072,-1.2168316186647417,-0.13768517761001417,-8.837782249236382,7.262945927501695,3360.992047726222,-15431.893448023551,-15417.096160022656,0.20929866777330716,0.6489712580645682,-8.972728698819106,3.100694643539124,3271.393676889671,-15756.079946751794,-15733.88401475045,0.21962564697274536,0.6331809604486098,-8.974319900083065,2.883001002734371,3273.505425938606,-15748.289747085493,-15726.09381508415,-184.3263581580942,-22.44688540949605,0.1318067091000158,-14.766615720012213,1.1353912008309668,0.044549610413966594,3170.8714848890504,-16128.842582241132,-16091.849362238894,-324.18649872824244,-316.7878547277942,-316.39629906194205,-308.9976550614938,-696.9491342175806,-674.7532022162377
157,12098,-1.3619165463622096,-0.15316908090913087,-8.891589205070575,6.528732783826393,3691.909206790788,-14355.072952351724,-14340.27136149439,0.2226742229683995,0.6975412265619688,-8.945070181475671,3.132563874090444,3633.0775084526495,-14547.410831458685,-14525.208445172684,0.2357787938994857,0.6974847236079654,-8.949989727278433,2.958216521818788,3634.4399841668296,-14542.87469338953,-14520.67230710353,6.110997196140927,0.4169266005495848,0.17148225270557718,-10.421609456802202,0.5153713842019879,,3571.1588009386205,-14751.374850765138,-14714.370873621803,-192.33787910696083,-184.93708367829458,-187.801741037807,-180.40094560914076,-396.30189841341416,-374.0995121274136
158,12266,-1.4483494899718663,-0.16512096232096513,-8.771445306602189,6.056166254991791,3577.380786564482,-15110.168860459018,-15095.339687486647,0.23999385710049742,0.8552994605301365,-8.862948258663732,3.5638389701448894,3556.6622489352835,-15179.414378820658,-15157.170619362101,0.258117449009073,0.8849808881978334,-8.865580146007838,3.4285976852604243,3557.93082950108,-15175.04015552681,-15152.796396068254,27.229515945780356,2.1590839271818494,0.1755761534516641,-11.20111852025201,0.5756367081735269,,3473.129487815948,-15466.93398986989,-15429.86105743896,-69.24551836164028,-61.83093187545455,-64.87129506779274,-57.45670858160702,-356.76512941087276,-334.52136995231376
159,12167,-1.3113088556600614,-0.14866131219754153,-8.820780849274295,6.726699672011488,3611.734726355786,-14773.298181929154,-14758.48521663358,0.21255016823780312,0.5601004336395922,-8.976995723803087,2.635144626246292,3521.572037169631,-15078.88844861069,-15056.669000667329,0.22237123024243388,0.5405639658424679,-8.979592169400071,2.430907834854057,3522.2902646853217,-15076.407231960164,-15054.187784016802,-1.2735280218867833,-0.22430808182742046,0.16322832252851407,-9.85194245947494,0.5039143485886965,4.458154123797404,3441.1484226123694,-15355.973304470886,-15318.940891231949,-305.5902666815364,-298.18378403374845,-303.10905003100925,-295.7025673832213,-582.675122541732,-560.4556745983682
160,12389,-1.321984227962035,-0.14858571977171292,-8.897114944781581,6.730121855158085,3675.6238216517722,-15049.70189714533,-15034.8527686231,0.2223952589812905,0.7384841501987071,-8.927657063213447,3.3205930449301246,3626.6112826284852,-15214.014116915725,-15191.740424132378,0.23725482337669376,0.7502076793436029,-8.93113409342034,3.162033414816965,3627.9044592525843,-15209.597236193234,-15187.323543409888,5.0787620346435824,0.21096756435596564,0.178566329454055,-10.851201044132438,0.6233377638613927,,3559.76229113748,-15440.510357149384,-15403.387535843805,-164.31221977039422,-156.88765550927928,-159.8953390479037,-152.47077478678875,-390.8084600040529,-368.53476722070627
161,12272,-1.2445422022266923,-0.14046998789906895,-8.859844162020757,7.118958397850251,3350.1622434401133,-15928.87834858678,-15914.048197539567,0.2322386693889297,0.7900166205262148,-8.89167855416894,3.401744518279061,3284.2731378435974,-16170.642178781849,-16148.396952211027,0.24841223865218348,0.8121517986492088,-8.892681290793405,3.2693711189743357,3287.048506979804,-16160.2761264394,-16138.030899868578,-653.472845148122,-78.73852629249984,0.12456066336800665,-17.88455241449704,1.4465740057069345,0.012700263099733097,3212.195574159614,-16438.96617442633,-16401.890796808293,-241.7638301950683,-234.34875467146048,-231.39777785261867,-223.98270232901086,-510.0878258395478,-487.8425992687262
162,12362,-1.4347050990817773,-0.16093049448968427,-8.91506052741137,6.213862718629132,3660.565917856981,-15040.671357550706,-15025.826592490268,0.2220622001113854,0.7520975263723484,-8.947038962145637,3.3868777576512334,3624.024985079716,-15162.6928175941,-15140.425670003442,0.23785577345559256,0.7752332470676965,-8.949407880180646,3.259257640901585,3625.1649980344737,-15158.804703116282,-15136.537555525625,7.171965806999074,0.3956086064807332,0.18107662004038075,-10.904390486236688,0.6105242308778343,,3584.4862884961935,-15294.305359592268,-15257.193446941172,-122.02146004339374,-114.59907751317405,-118.13334556557675,-110.71096303535705,-253.63400204156278,-231.3668544509037
163,12220,-1.3730776507436437,-0.1554407976645814,-8.8334444455602,6.433317475363542,3478.1779481947315,-15351.228884661801,-15336.40722619635,0.2264314016512908,0.8093483102021497,-8.905924713869274,3.574364263524559,3434.3478529787685,-15504.197113918743,-15481.964626220566,0.23890397391467036,0.7974526171087855,-8.918875788634557,3.3379629649593547,3434.659173274631,-15503.08943299674,-15480.856945298563,9.88544171806613,0.20857481651639725,0.17777827255230655,-11.720877744708197,0.7028436139256328,,3370.0612577117804,-15731.107853262072,-15694.053707098445,-152.9682292569414,-145.5574000242159,-151.86054833493836,-144.44971910221284,-379.87896860027104,-357.6464809020945
164,12295,-1.1868542094849994,-0.13417100730584353,-8.845832145983364,7.453175019551688,3328.055336013422,-16063.161640279244,-16048.327744369944,0.20652278233508603,0.6425863961122603,-8.950439093284064,3.111455253733969,3259.49525445521,-16317.091861432325,-16294.841017568375,0.21674140919744816,0.628423665230678,-8.958628180862851,2.8994167176342085,3261.0591993542885,-16311.193987857587,-16288.943143993636,-6.80310576435098,-0.8190190094552104,0.13674122984126047,-10.34623610595687,0.8555713377715041,1.2209728815271006,3190.7021568006385,-16575.36079792939,-16538.276058156138,-253.93022115308122,-246.5132731984304,-248.03234757834252,-240.6153996236917,-512.1991576501441,-489.94831378619347
165,12286,-1.218157000737619,-0.1381322297931885,-8.818774608658986,7.2394400748992425,3298.0372367635973,-16153.72266144531,-16138.890230081863,0.21075137821627474,0.6227095338231677,-8.939392789406194,2.9547115615260093,3214.5859813340544,-16466.59984994904,-16444.35120290387,0.22199147048237244,0.6169927224546455,-8.936865835276825,2.7793532837723993,3216.5634705126736,-16459.044300821744,-16436.79565377657,-11.298327772925076,-1.3001174842925982,0.09107564432659372,-10.970604608847946,1.1913915747591435,0.7691612581797607,3158.543840003077,-16678.679395051255,-16641.598316642634,-312.8771885037313,-305.4609728220057,-305.3216393764342,-297.9054236947086,-524.9567336059445,-502.70808656077133
166,12193,-1.1390122283248325,-0.12833422851953613,-8.875358051117612,7.792153438221444,3484.4338035539727,-15268.420822452365,-15253.603587861244,0.20484213864400921,0.6361353615694995,-8.937117416201893,3.105490724616118,3377.754663367055,-15645.554553213773,-15623.328701327093,0.21576261946115693,0.6324459285166235,-8.937499413063064,2.9312117645590634,3380.947190985067,-15634.035627544195,-15611.809775657515,-149.44955636871634,-16.760161290841896,0.031022167200113988,-15.641854169682603,1.5721586902541698,0.059665296929237846,3301.5712969229835,-15919.709587753672,-15882.666501275871,-377.1337307614085,-369.72511346584906,-365.61480509183093,-358.2061877962715,-651.2887653013076,-629.0629134146275
167,12196,-1.2586018041639584,-0.14187842669964434,-8.870987883368693,7.048287912840992,3541.8315622844984,-15075.915496537109,-15061.097769920892,0.21498615488016948,0.8064628719818463,-8.935258704235045,3.751231666203614,3503.3686858479205,-15207.08357838185,-15184.856988457524,0.22971464133184155,0.8228463815536262,-8.943896735198773,3.582037160465351,3504.093778570854,-15204.559631682068,-15182.333041757744,9.156752644339312,0.5266160439237282,0.1679706368430049,-11.003653897485133,0.588714227763992,,3431.731227486166,-15455.054431028353,-15418.010114487812,-131.1680818447403,-123.75921853663203,-128.64413514495936,-121.2352718368511,-379.1389344912441,-356.9123445669193
168,12073,-1.2637092610068466,-0.14195060113054203,-8.902457974409714,7.044704228341872,3512.8233134404313,-14900.739986593753,-14885.942532927089,0.21888755165793308,0.7844173359843201,-8.928906293490876,3.583654392599583,3464.6165697992806,-15065.566010546856,-15043.369830046859,0.23241797550952015,0.7884649844837177,-8.935899954909361,3.3924440773360973,3465.265215987541,-15063.305912699358,-15041.10973219936,8.9268618465232,0.30910275479618055,0.176943254662405,-11.43983503102529,0.6703615778085922,,3394.634717768333,-15307.925323377072,-15270.93168921041,-164.82602395310278,-157.42729711976972,-162.56592610560438,-155.16719927227132,-407.18533678331914,-384.9891562833218
169,11954,-1.3107889501940366,-0.14673271027688206,-8.93317480281391,6.815112990914006,3798.890081771993,-13699.551698480775,-13684.774056022006,0.21829253635799237,0.7486878833769894,-8.944659060868442,3.429745679207129,3752.6340746951564,-13843.999279883528,-13821.832816195376,0.23119592538888706,0.7534901937570606,-8.947349190009707,3.2590980679682806,3754.7458571015395,-13837.274098054162,-13815.10763436601,-2116.0262365139074,-245.71579190222636,0.09415013552579153,-19.131807258815925,1.4156266810486764,0.0040697424950119345,3685.607563924769,-14055.441755759957,-14018.497649613037,-144.4475814027537,-137.0587601733696,-137.72239957338752,-130.3335783440034,-355.89005727918266,-333.7235935910303
170,12259,-1.2916239269934986,-0.14751066024701578,-8.75613955513855,6.779171066860102,3442.527256451645,-15565.59801608584,-15550.769984805649,0.23041094274856383,0.7693824360854757,-8.875760794241602,3.3391748972836983,3371.7168290612613,-15818.386739881325,-15796.144692961041,0.24519946654831623,0.7800823501607506,-8.880449897667003,3.181419442472712,3373.38033839985,-15812.339988918688,-15790.097941998403,-3.996817921045318,-0.5269882281316781,0.16230850144946218,-10.210691143724459,0.7860828729652348,1.8975755939469123,3297.530282391188,-16087.128287451904,-16050.058209251429,-252.78872379548557,-245.374708155392,-246.74197283284775,-239.32795719275418,-521.530271366064,-499.28822444577963
171,12069,-1.2156983949422322,-0.13780996906723936,-8.821556257291347,7.256369091209116,3421.957811920279,-15208.0975028315,-15193.300711910264,0.21479769552185426,0.7570340794309433,-8.922985277163761,3.5244050341960955,3385.7196768553586,-15334.588367399247,-15312.393181017393,0.22985787558293577,0.7794937123555548,-8.923707408078101,3.3911986281901534,3387.246356288406,-15329.147473616717,-15306.952287234863,21.11900358589804,1.6473640242112746,0.1630837334543986,-11.033079172956246,0.5389732827876388,,3305.102930690513,-15621.437685615287,-15584.445708312198,-126.49086456774603,-119.09246910712864,-121.04997078521592,-113.65157532459853,-413.3401827837861,-391.1449964019339
172,12151,-1.3130337314631315,-0.14630556872773998,-8.974598457742616,6.835009827007337,3714.308582871944,-14397.595158309256,-14382.784824809438,0.2254286178121736,0.6781893599308613,-8.972816812428924,3.008443943421267,3616.5650129822534,-14719.636348990594,-14697.420848740869,0.23509683797039677,0.6486898895965362,-8.983354807410329,2.759245488781175,3618.0229059995877,-14714.739080896872,-14692.523580647146,-773.9479406279407,-86.92478608740323,0.04306460886715675,-18.470640298288252,1.621224379679109,0.01150419857225183,3551.930448939808,-14934.760675904558,-14897.734842155014,-322.0411906813388,-314.6360239314308,-317.14392258761654,-309.7387558377086,-537.1655175953019,-514.9500173455763
173,12110,-1.2972848532293435,-0.1468505019147137,-8.834051203875129,6.8096464565083314,3516.6626286188525,-14970.246719663726,-14955.443145990632,0.22244718038024366,0.6717855319207725,-8.931308936070891,3.019977734815272,3434.232341133138,-15255.483855315118,-15233.278494805478,0.23409935937549337,0.6616748316462453,-8.934835051826997,2.826470065579823,3436.1261731077775,-15248.807549924002,-15226.602189414361,-24.054841182570243,-2.7762666615454115,0.0879395398272331,-12.479748510270028,1.3978703508208807,0.36019594725938503,3380.2095872048103,-15443.496425938602,-15406.487491755866,-285.23713565139224,-277.83534881484593,-278.5608302602759,-271.1590434237296,-473.2497062748753,-451.04434576523454
174,12072,-1.3265856108373635,-0.14877794937770303,-8.916547219437449,6.721426153423428,3579.023233878749,-14673.123089204111,-14658.325801203217,0.2226633149884681,0.7718324943392586,-8.951068883580836,3.4663657746191032,3544.1993539635614,-14789.158773857756,-14766.962841856413,0.23536572855196866,0.7700289856052459,-8.96023352530641,3.2716274809534296,3544.6307655527025,-14787.689419783042,-14765.4934877817,-303.0886073211237,-38.70540527040815,0.15743294987986464,-15.797776301163227,1.1731859277108274,0.02583618471409058,3496.5621301506326,-14948.517621513307,-14911.52440151107,-116.03568465364515,-108.63704065319689,-114.56633057893123,-107.16768657848297,-275.3945323091957,-253.19860030785276
175,12168,-1.3797442416115064,-0.15510264377138364,-8.895684870756979,6.447343357176865,3675.706071566771,-14561.878553635885,-14547.065423968006,0.2265269742540921,0.7087622772597725,-8.928715964104155,3.128820660734045,3631.9425434632994,-14705.622008020107,-14683.40231351829,0.24035721307676833,0.7112572888942224,-8.932229473182625,2.9591676479750664,3632.6672666572244,-14703.194229492856,-14680.974534991039,-160.39788028127194,-19.813539593771146,0.14474592649547569,-15.481375883962025,1.3259565777718092,0.05047053784950033,3583.3860746051287,-14865.39667825526,-14828.363854085565,-143.7434543842228,-136.33688955028447,-141.3156758569712,-133.9091110230329,-303.51812461937516,-281.2984301175584
176,12193,-1.1447215546866012,-0.12864635421421977,-8.89820439668605,7.773247878714204,3272.5964171457254,-16033.188743162422,-16018.371508571301,0.204385458624184,0.6855722297475085,-8.94564831162798,3.3543102056399814,3192.7883161563695,-16332.22252365218,-16309.9966717655,0.2145382085583279,0.6697024542689909,-8.951737658487334,3.121599918118616,3194.471543807561,-16325.796107418602,-16303.570255531922,-258.62295908593615,-30.133400051214988,0.08956706330633242,-16.274103056948608,1.4289800840685163,0.03318576723172265,3142.6179166967263,-16521.340516731834,-16484.29743025403,-299.033780489759,-291.62516319419956,-292.6073642561805,-285.19874696062107,-488.1517735694124,-465.9259216827304
177,12088,-1.403706556093892,-0.1566826246501963,-8.958916530966686,6.382328622797596,3673.3838978167933,-14394.016131807297,-14379.216194799392,0.21524564364817284,0.5938269161714116,-9.000188680429567,2.7588336103193996,3622.1017263733365,-14561.959335208274,-14539.759429696416,0.22692146644885772,0.5871174738513966,-9.002650991772576,2.587315704588564,3622.537979382937,-14560.503520536846,-14538.303615024988,-0.508558085873227,-0.1889877855080576,0.1771456229203062,-10.17628253790403,0.5614311513130567,5.291347254594739,3562.77264646375,-14757.597124757798,-14720.597282238035,-167.94320340097693,-160.54323489702438,-166.4873887295489,-159.08742022559636,-363.58099295050124,-341.3810874386436
178,12148,-1.3810295348428898,-0.15422334434499546,-8.954737304577874,6.484102677497474,4114.730374570403,-13147.318356603697,-13132.508516951366,0.23576198011681856,0.7962910548991536,-8.928531995804097,3.377521068089929,4038.864115915607,-13371.390406057106,-13349.17564657861,0.24859040789644302,0.7888007097031038,-8.939695627348758,3.1730939112972525,4041.619476188459,-13363.105724203502,-13340.890964725006,-2367.0516615594884,-263.74259180813766,0.01736785019121461,-21.66374251531262,1.827941950883065,0.0037915756918300877,3990.7367904516213,-13513.016012579217,-13475.99141344839,-224.0720494534089,-216.6671296272434,-215.7873675998053,-208.3824477736398,-365.6976559755203,-343.48289649702383
179,12117,-1.3251858840608004,-0.14949065262159145,-8.864673883090664,6.68938145939679,3986.311213555843,-13466.99150438451,-13452.186774976048,0.21989746476886093,0.6865804293250387,-8.94318259668931,3.122275329762071,3926.682119582282,-13647.612512129626,-13625.405418016931,0.23069302670025313,0.66926312293774,-8.950602216729083,2.9010981931731084,3928.2063170972974,-13642.910038843056,-13620.702944730361,-60.48519382163307,-7.187143132089519,0.11774467631485393,-13.922561845395117,1.3360537402420556,0.13913734311692633,3856.6804405075904,-13861.573119728837,-13824.56129620768,-180.621007745116,-173.21864304088376,-175.91853445854576,-168.51616975431352,-394.58161534432656,-372.37452123163166
180,12314,-1.2517755361697875,-0.14184335226401099,-8.825056064946038,7.050030784232415,3590.869079012745,-15171.066406928332,-15156.22942271739,0.2247343470011016,0.8079490150126343,-8.897676340326573,3.5951292083033213,3532.420996489507,-15371.148824815835,-15348.893348499421,0.23945151016067384,0.8213566028981443,-8.903452459635423,3.4301583746413105,3534.1412251552883,-15365.153576901941,-15342.898100585528,55.86907484038683,4.796658558730551,0.16929001113777675,-11.248894506016478,0.5117128866044633,,3449.5351279139522,-15659.532368601067,-15622.439908073711,-200.08241788750274,-192.66392578203158,-194.08716997360898,-186.66867786813782,-488.4659616727349,-466.21048535632144
181,12110,-1.1473261715146303,-0.1291574998618947,-8.88315562581686,7.742484958823748,3208.353850197045,-16081.39294739062,-16066.589373717525,0.21930723020008783,0.7339603893906387,-8.925678708053908,3.3467222613727796,3122.548031864034,-16407.678589296618,-16385.473228786977,0.23248470899805934,0.7386167304439792,-8.92873895584055,3.177055100213687,3124.628239970367,-16399.61372286654,-16377.408362356899,-1373.812526998628,-157.22582288218314,0.06662104338476507,-19.688456060033815,1.6230302008493416,0.006360278366927982,3074.724727321982,-16590.583938391883,-16553.575004209146,-326.285641905999,-318.8838550694527,-318.22077547592016,-310.81898863937386,-509.1909910012637,-486.9856304916211
182,12241,-1.2262628748847857,-0.13731965407577004,-8.929988086105723,7.282278758496008,3578.168808112722,-15051.693210028601,-15036.868117524451,0.2173479777368356,0.7081490224607105,-8.95389904661013,3.2581348574502758,3522.2888678599447,-15242.368246539712,-15220.130607783485,0.23064435853403686,0.7153594881786609,-8.956461821074937,3.101569415031208,3524.4565708506825,-15234.837151972042,-15212.599513215815,36.32298799880543,3.115265664568186,0.1683396010285662,-10.976717800174752,0.48854159076606746,,3449.428804572417,-15494.234174827989,-15457.171443567611,-190.6750365111111,-183.26249025903417,-183.14394194344095,-175.731395691364,-442.54096479938744,-420.30332604316027
183,12149,-1.2030506107643153,-0.13567364075457458,-8.867239089872742,7.3706284760865195,3339.8015105614804,-15684.434802715354,-15669.624798433644,0.2184105838037241,0.7275526268536786,-8.926719184552972,3.3311234931155984,3260.297357040471,-15975.140322120253,-15952.925315697688,0.23099979504123438,0.7268836407337628,-8.931313337450128,3.146685219370048,3263.065410002504,-15964.829971874517,-15942.614965451952,-24.22243505737091,-2.8339514677773434,0.10195487247059282,-12.355396209141468,1.2512439085530358,0.35286419381920325,3179.0663256962694,-16277.670035714822,-16240.645025010548,-290.70551940489895,-283.3005172640442,-280.39516915916283,-272.99016701830806,-593.2352329994683,-571.020226576904
184,11966,-1.2790483056766266,-0.14379010466966965,-8.895245668086801,6.954581487351367,3540.2845420514323,-14568.938988775704,-14554.159339627804,0.21920840315506407,0.639503385427608,-8.965626363015486,2.9173306142613282,3445.0015641041755,-14893.40430992913,-14871.23483620728,0.22871436793549496,0.6150622603284219,-8.970952168947301,2.6892156617895115,3447.34516709324,-14885.266717453986,-14863.097243732136,-444.7590000793148,-49.58087563493447,0.025551721177863772,-17.254164571275613,1.5707795411117107,0.020169066947567264,3368.3045113561266,-15158.817041926291,-15121.867919056542,-324.465321153426,-317.07549657947675,-316.32772867828135,-308.9379041043321,-589.8780531505872,-567.7085794287377
185,12290,-1.3395086372699647,-0.14873321778637208,-9.006116166960918,6.723447625777291,3841.1587914916404,-14289.415438430484,-14274.582356025363,0.20960989014341355,0.5875100914715918,-9.01048163744667,2.802873905757127,3777.086641634015,-14494.146842895982,-14471.897219288301,0.21768650085570052,0.5520622766767561,-9.017510631423193,2.5360427702529234,3777.2944222730976,-14493.470778494846,-14471.221154887166,-32.01818452699514,-3.8416638600169732,0.13719488255969317,-12.754128968755541,1.1971548395641398,0.26030387780871117,3724.19414027483,-14663.466475652174,-14626.383769639373,-204.7314044654977,-197.31486326293816,-204.0553400643621,-196.63879886180257,-374.0510372216904,-351.80141361401
186,12471,-1.2905228833403215,-0.14453603696487885,-8.92872746783495,6.918689767611328,3942.143837927276,-14358.616897529912,-14343.75457507407,0.2015166155690978,0.6047751343401302,-8.946499526173776,3.0011179605820617,3914.9128741984564,-14443.061152887563,-14420.7676692038,0.20994398536765574,0.5735987607183433,-8.954742176141506,2.732151434173511,3915.02968821209,-14442.689046054717,-14420.395562370953,-0.5469883502688234,-0.1848504225242295,0.16091849553948442,-10.15844926371074,0.5715145571255316,5.4097793575176905,3859.4712852701496,-14616.933447963325,-14579.77764182372,-84.44425535765185,-77.01309412973023,-84.07214852480502,-76.6409872968834,-258.3165504334138,-236.02306674965075
187,12095,-1.31732301384605,-0.1472187602035736,-8.948064852770532,6.792612562537569,3683.1266591913086,-14377.319264720612,-14362.518169874524,0.22717423551063332,0.813650494880781,-8.934202123393902,3.581614319299411,3640.9275009567928,-14514.696843251582,-14492.49520098245,0.24113806200074894,0.8199183328484843,-8.942731439316768,3.4002028798171966,3642.5322479837005,-14509.367119116745,-14487.165476847613,-603.7595016821938,-76.5811022764916,0.15126426794438996,-16.571496281627734,1.1708831563199498,0.013058051794417352,3579.59456839566,-14716.177736284208,-14679.174999168987,-137.3775785309699,-129.97703110792645,-132.0478543961326,-124.64730697308914,-338.85847156359523,-316.656829294463
188,12302,-1.0923346142595243,-0.12247274714746606,-8.919001489729583,8.165081810371474,3208.349089251549,-16529.95379548719,-16515.11876122765,0.2199660096897671,0.7412409545168241,-8.922436882214658,3.3697977044828256,3124.6441088277734,-16853.170831796015,-16830.91828040671,0.23444999238482142,0.7569766757440411,-8.922937634026876,3.2287340598482728,3127.249138083843,-16842.918874349787,-16820.666322960482,-1737.2391278338039,-196.55746586515005,0.04778105775478358,-19.965328508463767,1.6295573476472167,0.005087570678623109,3061.7669698745917,-17099.24836151965,-17062.16077587081,-323.2170363088262,-315.7995191790578,-312.9650788625986,-305.5475617328302,-569.2945660324622,-547.042014643157
189,12033,-1.2108558391065856,-0.1370766283576351,-8.833422981103997,7.295189646706105,3319.5646257151584,-15492.328890367846,-15477.53807405897,0.2234086649891468,0.7167489379855397,-8.934537405882002,3.2082414440834666,3220.617735244019,-15854.452922474278,-15832.266698010964,0.23736485116469894,0.7281769304265882,-8.935202684246214,3.06775382645568,3223.411039260589,-15844.02099222916,-15821.834767765846,-1874.7246359096466,-214.15612331096082,0.06950131712370702,-19.475423064003532,1.5226851460736326,0.00466949057789943,3150.0550379548495,-16117.023092217409,-16080.046051445217,-362.1240321064324,-354.72862395199445,-351.69210186131386,-344.2966937068759,-624.6942018495629,-602.5079773862471
190,12185,-1.2326424640563818,-0.13914867840576345,-8.85845613611898,7.18655765514321,3413.2443104709346,-15501.929599606277,-15487.113677674159,0.21360485331555498,0.6983265968553862,-8.924492129455166,3.2692449914691766,3347.4290695584905,-15737.17935296057,-15714.955470062392,0.2250781891065792,0.6894811004272647,-8.925703468021386,3.063295929135013,3348.7120982125825,-15732.509886188667,-15710.28600329049,-2394.1366532071615,-268.8415447220289,0.03184854579257018,-21.05646571133894,1.7150800375080735,0.0037196631980148708,3303.4733779351645,-15894.242578577607,-15857.20277374731,-235.2497533542919,-227.84179238823344,-230.58028658238982,-223.17232561633136,-392.31297897132936,-370.0890960731522
191,12348,-1.5860307417289983,-0.1787302655360701,-8.873878953695822,5.59502329949925,4107.692730535819,-13586.611532438656,-13571.769033667411,0.2616154454373886,1.0357751679857283,-8.845628455793001,3.9591514417432063,4121.071297149303,-13544.460013803453,-13522.196265646588,0.28229005346552094,1.0775624747230044,-8.853094093481626,3.81721729651597,4122.439602358579,-13540.360830073298,-13518.097081916432,38.284022881228374,-1.4769786566615546,0.20408565049194297,-13.8291626094903,0.8697343593580027,0.6770578542145765,4070.9240337305664,-13691.638357651194,-13654.532110723085,42.15151863520259,49.57276802082379,46.25070236535794,53.67195175097913,-105.02682521253882,-82.76307705567342
192,12314,-1.1339838452579278,-0.12646794083674948,-8.966571589251425,7.907142263752402,3840.542326252249,-14343.327565866804,-14328.490581655862,0.20458372860690674,0.6051724706869744,-8.980652476406664,2.958067461219122,3767.506441354066,-14577.759151165123,-14555.50367484871,0.21466521319623041,0.5944454078257784,-8.983752202659256,2.769174376112734,3769.9744685885726,-14569.695107271693,-14547.43963095528,-4.747250783884015,-0.5771724069112176,0.14471453949146756,-9.901152537554927,0.6466996046825756,1.7325845588349877,3673.2181431412196,-14885.860007497062,-14848.767546969706,-234.43158529831817,-227.013093192847,-226.36754140488847,-218.9490492994173,-542.5324416302574,-520.2769653138439
193,12108,-1.2342599882550576,-0.13848506340403052,-8.91258564581872,7.2209953580517015,3599.2413498650485,-14684.739125485685,-14669.9358821454,0.21439479013849566,0.6766831906792619,-8.962563383545435,3.1562482942898713,3529.2361501948935,-14920.559952736767,-14898.355087726342,0.22584911799548502,0.6688150224179588,-8.969447256898379,2.9613355516018847,3530.2186183093727,-14917.18979897929,-14894.984933968866,-6.809031559473401,-0.8408927306617108,0.14820662363518458,-10.534538983347007,0.8477299017027174,1.1892123258255372,3444.7305959341093,-15210.006529319002,-15172.998420968293,-235.82082725108194,-228.4192055809417,-232.4506734936058,-225.04905182346556,-525.2674038333171,-503.06253882289275
194,12239,-1.3060476534480452,-0.14570093765595934,-8.963893262869652,6.8633738127429185,3804.0663144650653,-14297.969086825578,-14283.144321118814,0.22925273290976142,0.769282211607942,-8.945256370546717,3.355607594482842,3744.072729415482,-14490.527492682704,-14468.290344122557,0.24112133724870385,0.7594926936772841,-8.954381733356247,3.149836104690759,3745.950047440674,-14484.392265467519,-14462.155116907372,-1555.1361358375607,-183.42074671850983,0.1133948873544579,-18.806663801994535,1.418881182222912,0.005451945965167557,3695.4748590126096,-14646.429096714493,-14609.367182447582,-192.55840585712576,-185.1460230037428,-186.42317864194047,-179.01079578855752,-348.460009888915,-326.222861328768
195,12110,-1.0264627982496297,-0.11435931696387305,-8.97576887918889,8.744368421821786,3322.2353484197815,-15658.997749179362,-15644.194175506267,0.1869692824046471,0.5312730862156119,-9.037027427983631,2.841499306104237,3241.077741035475,-15956.501584562468,-15934.296224052827,0.19496783884017094,0.5135444001182317,-9.041032906164792,2.6339954485479047,3242.407287592957,-15951.53487022112,-15929.329509711479,-1.8223289253469612,-0.26879069334475164,0.1408391399271637,-9.808236772232028,0.44107233569803006,3.7203669054024777,3173.9458914728866,-16205.967954507152,-16168.959020324417,-297.503835383106,-290.1020485465597,-292.5371210417579,-285.1353342052116,-546.9702053277906,-524.7648448181499
196,12134,-1.291280725708238,-0.14522750008923277,-8.891433956480904,6.8857482183854,3664.54049331438,-14524.141084629571,-14509.333551212567,0.21269920043885768,0.6354618391746526,-8.957069324790288,2.987608029853981,3591.282321778611,-14767.170458370285,-14744.959158244777,0.22284902712598956,0.6186958443432159,-8.962800147753942,2.7763004053566323,3592.926499910516,-14761.616483452233,-14739.405183326726,-14.42002345423434,-1.6574363653023827,0.08817994346527962,-11.426623344564387,1.2591608664385598,0.6033414138452067,3542.925702610814,-14927.664737502639,-14890.645903960127,-243.0293737407137,-235.6256070322106,-237.4753988226621,-230.071632114159,-403.5236528730675,-381.31235274756
197,12053,-1.1534552441089492,-0.12863024415105812,-8.96721647169058,7.7742214251388715,3547.149854091018,-14738.857988949034,-14724.063851207857,0.22452651337050542,0.7254426969975194,-8.940357929925106,3.2309890093043063,3467.357978708127,-15011.081920759261,-14988.890714147496,0.2367956815518491,0.7192008812964108,-8.947232376589081,3.037221272715371,3470.336180523838,-15000.733736516522,-14978.542529904757,-410.9398657029728,-47.20843692817306,0.07764382287602675,-17.079491576762702,1.5005735008625425,0.021182654310742913,3376.039568602182,-15328.771878206286,-15291.786533853345,-272.22393181022744,-264.8268629396389,-261.87574756748836,-254.4786786968998,-589.9138892572519,-567.722682645488
198,12423,-1.3140939411814287,-0.14872653414490336,-8.835638836988664,6.723749771683014,3423.0650319740453,-16009.411422532554,-15994.556812788127,0.222047852418135,0.7486186255035303,-8.885466030753232,3.3714292543294575,3369.151500173726,-16204.631834772475,-16182.349920155835,0.23429883855856212,0.7420579236111454,-8.889045657044358,3.167142987888396,3371.1381257363255,-16197.308751804658,-16175.026837188017,-1143.8456228820073,-132.12833951543175,0.07416755566822757,-19.09213162105542,1.5639636823856777,0.007568399055550126,3323.660127347479,-16369.513930799654,-16332.377406438585,-195.22041223992164,-187.79310736770822,-187.8973292721039,-180.47002439989046,-360.10250826710035,-337.82059365045825
199,12326,-1.1335009987343427,-0.12993429986193888,-8.723647258181552,7.696197240163264,3233.8019616242377,-16488.833014850516,-16473.994082587473,0.21409982348036408,0.7625483941553701,-8.862591169434106,3.561648869016029,3175.3142392338405,-16711.806211456867,-16689.5478130623,0.22745315505173594,0.7711523722905836,-8.865288769331478,3.3903788765435205,3177.689307187061,-16702.590070228125,-16680.33167183356,-8.777088128858857,-1.0609723607845614,0.12154285584226114,-10.916822330496016,1.0341881598974838,0.9425316218987327,3099.8916861573616,-17004.116219507643,-16967.01888885003,-222.97319660635185,-215.55373047482863,-213.7570553776095,-206.33758924608628,-515.2832046571275,-493.02480626255783
200,12093,-1.3793571844978545,-0.1541798511639213,-8.946416630220678,6.485931802702401,3539.686348684039,-14853.322564397478,-14838.521800293907,0.24243458259276834,0.8530714829413096,-8.907523364370745,3.518769780358704,3495.2987064314684,-15003.927545611956,-14981.7263994566,0.26070249516787214,0.8865236382681071,-8.910217583608729,3.4005184250241056,3496.7274647441304,-14998.985351720654,-14976.784205565298,-560.3236058321747,-71.21619468558164,0.16124733746702352,-17.14538481311797,1.2946569606364386,0.014041749975760204,3440.5636923770917,-15190.797614270115,-15153.795704011189,-150.60498121447745,-143.20459916269283,-145.6627873231755,-138.2624052713909,-337.4750498726371,-315.2739037172814
201,12287,-1.2004700833928168,-0.13608694593743728,-8.8213463468032,7.348243383018722,3450.4957324466245,-15600.783433224447,-15585.950839080713,0.20062336400425348,0.7106171189567032,-8.91619526286478,3.542045675904613,3394.8589880989125,-15798.51705087418,-15776.268159658577,0.21076321397390607,0.6976506428757828,-8.92328742126704,3.31011579165877,3396.057690767403,-15794.17935670498,-15771.930465489379,-1265.294952290806,-147.24933225267716,0.08143198767515578,-18.14755314243821,1.3645740195617306,0.00679120227373268,3339.71029161883,-15995.755512477324,-15958.674027117986,-197.73361764973197,-190.31732057786394,-193.39592348053338,-185.97962640866535,-394.97207925287694,-372.72318803727285
202,12184,-1.5396405421850359,-0.17144413626189073,-8.980421119991803,5.8328037447279195,3989.566548544447,-13598.717449114789,-13583.901691325638,0.23842871168010304,0.7940014125252886,-8.971153163646886,3.330141772483302,3971.441025862863,-13652.198303236792,-13629.974666553067,0.2537656255215466,0.8052912932931631,-8.977678938206685,3.1733663361146913,3972.044745223562,-13650.346290929627,-13628.122654245903,13.502950192238707,0.8686271797221669,0.19435137705487837,-11.137063988208478,0.6038843409369146,,3922.90759123738,-13798.011504141967,-13760.972109669092,-53.48085412200271,-46.0729752274292,-51.62884181483787,-44.220962920264355,-199.29405502717782,-177.07041834345364
203,12215,-1.1321076317686607,-0.1283250557356455,-8.822186947659274,7.792710427962237,3338.5752547720017,-15840.327630086696,-15825.506790119312,0.20982156204121483,0.7296191580787598,-8.929240278890964,3.4773316478095904,3273.302032417826,-16079.511269652481,-16057.280009701406,0.21914400771841036,0.7033113738935001,-8.941586067638918,3.20935708539757,3274.4176431917567,-16075.348847798596,-16053.11758784752,65.00969383939103,5.681082755159121,0.15220931334670806,-11.161450614689883,0.4638066882616825,,3171.421689361139,-16461.74103693054,-16424.68893701208,-239.1836395657847,-231.7732195820936,-235.02121771189923,-227.61079772820813,-621.4134068438434,-599.1821468927683
204,12253,-1.4616014407466134,-0.16462740032794124,-8.878239210696838,6.07432297423138,3991.531275995338,-13738.91418585533,-13724.087133687432,0.21699694161840943,0.7104949329477035,-8.927895542442224,3.2742163444732486,3969.8472676665315,-13803.660116750481,-13781.419538498632,0.22710184362449676,0.6859777205306999,-8.938524083678564,3.020573103162187,3970.2014460097244,-13802.566988131624,-13780.326409879775,-642.2040983654491,-75.69414592049236,0.10226952117461188,-17.75795715887687,1.4546728175881545,0.013211061276130658,3935.3745654979466,-13906.525352426925,-13869.457722007177,-64.7459308951511,-57.33240481120083,-63.652802276294096,-56.23927619234382,-167.61116657159437,-145.37058831974537
205,12307,-1.269865205586557,-0.14361464881865604,-8.84217046124613,6.963077988393176,3389.9147447091927,-15864.195784298425,-15849.35993732808,0.21821767475972212,0.7110507760743597,-8.916837499417046,3.2584472218269784,3313.377282276291,-16143.24798458443,-16120.994214128914,0.2300752227162792,0.7024064760696265,-8.920911958638401,3.0529427192419143,3315.5189072623853,-16135.295837238247,-16113.042066782731,-726.0718479406858,-85.75104444206254,0.10533408256533544,-17.77462951782899,1.42513604968284,0.011661665540128171,3259.0812197879004,-16342.592545144349,-16305.502927718488,-279.05220028600525,-271.6342768008344,-271.1000529398225,-263.68212945465166,-478.3967608459243,-456.14299039040816
206,12080,-1.240413411774382,-0.13939009367289307,-8.898863463606402,7.1741109690815,3568.7480188116024,-14725.583147063735,-14710.784534120758,0.2183797292592416,0.7171891494506111,-8.91626734130678,3.284137918310293,3518.4626198253654,-14895.006812726591,-14872.808893312125,0.23259345611612894,0.7303107323483775,-8.916259536230394,3.1398593259809897,3520.3410681907453,-14888.559223676446,-14866.36130426198,-16.04839038431955,-1.9419525393806876,0.1323801025597031,-11.909990168882567,1.1733354318621438,0.5149456434805108,3456.4747259786195,-15105.7280169394,-15068.731484581956,-169.42366566285637,-162.0243591913677,-162.97607661271104,-155.57677014122237,-380.1448698756649,-357.94695046119887
207,12215,-1.2168107601351996,-0.13823434505103702,-8.802521252485734,7.2340922194899795,3327.134794623872,-15882.257254055243,-15867.436414087859,0.20028786421515207,0.613200726406341,-8.972732491534787,3.061597010928391,3278.2050104193777,-16061.22848766718,-16038.997227716105,0.2099871087724992,0.5987846004277707,-8.97940069217103,2.851530286444851,3279.056062643733,-16058.057772680224,-16035.826512729149,0.4438503819635127,-0.05071172578370036,0.14224506120920574,-9.87553491382674,0.4218650763332208,19.71930524047394,3199.947211465058,-16352.363731650426,-16315.311631731967,-178.97123361193735,-171.56081362824625,-175.80051862498112,-168.39009864129002,-470.1064775951836,-447.8752176441085
208,12180,-1.3758735103420776,-0.15483752444519125,-8.885917772659196,6.458382769830293,3416.314094854063,-15479.618456920523,-15464.803355837996,0.22687725771373562,0.6813896411636593,-8.959470458125926,3.0033404318709134,3360.068219732345,-15679.81793755556,-15657.595285931768,0.24217976556665322,0.6956274983246292,-8.960319574166023,2.87236011108111,3361.166751601161,-15675.836491187922,-15653.61383956413,5.510408526802484,0.36399074546356985,0.1772346100971767,-10.382436319114108,0.5147031344078417,,3283.260074438941,-15957.473413927226,-15920.435661220907,-200.1994806350358,-192.79193009377195,-196.21803426739825,-188.8104837261344,-477.85495700670253,-455.632305382911
209,12248,-1.3715998062852883,-0.15300813313016173,-8.964228098374933,6.535600294850437,3826.219446251279,-14246.369576137688,-14231.543340263013,0.21847743381231405,0.7116697174794735,-8.933528902837045,3.257406062773709,3769.803536622934,-14426.305509757216,-14404.066155945204,0.23068585836480568,0.7081578045114053,-8.93843593565957,3.0697928756063035,3771.587681956041,-14420.510236228973,-14398.27088241696,-1245.7628450446496,-141.6546044686563,0.05575581609609341,-19.498331171427314,1.630853859616811,0.007059424603605233,3733.3492031807586,-14541.321130187986,-14504.255540501297,-179.93593361952844,-172.5228156821904,-174.1406600912851,-166.72754215394707,-294.951554050298,-272.7122002382839
210,12215,-1.259200696798518,-0.14291523115690993,-8.810822237806217,6.9971548302089435,3361.9310732071344,-15755.172131783962,-15740.351291816578,0.23668390071088158,0.8331302892569535,-8.874443561310493,3.5200125008699006,3295.816965946625,-15995.7798012419,-15973.548541290826,0.253102042481301,0.8558585154053326,-8.877152216241615,3.381476131187534,3298.789465814648,-15984.768048312406,-15962.53678836133,-607.0589952837119,-71.97842954504645,0.10869662799402613,-17.72042342178588,1.4572639901471784,0.013893051103235968,3223.592530169666,-16262.435472731177,-16225.383372812717,-240.60766945793875,-233.19724947424766,-229.59591652844392,-222.18549654475282,-507.2633409472146,-485.0320809961395
211,12381,-1.1054075088853639,-0.12428866179286774,-8.893872481526689,8.045786201049793,3040.707195857525,-17379.82683314718,-17364.97899651034,0.21263243302761745,0.6920023511373721,-8.96167644292362,3.254453430664984,2957.434041788453,-17721.623728452196,-17699.351973496934,0.22554371287271352,0.6996308549608422,-8.963878718355875,3.1019745398785807,2960.0131102715222,-17710.831422888594,-17688.559667933332,-10.696635286586348,-1.2992673433804882,0.1398124009321552,-11.122143377525934,0.9879112565970376,0.7696645383221579,2884.2653279183933,-18027.790057359747,-17990.670465767646,-341.7968953050149,-334.37297698659313,-331.00458974141293,-323.58067142299114,-647.9632242125663,-625.6914692573046
212,12278,-1.1303711411751207,-0.1269795113239451,-8.901996309399573,7.8752862534557995,3484.854463296657,-15458.70153409814,-15443.870405454165,0.19812327389692105,0.5483680404755299,-9.00613173821974,2.76781233062418,3383.6322621611325,-15818.614199818963,-15796.367506853001,0.2058305432437871,0.5187610999768312,-9.01069747254045,2.5203310053086097,3384.872738895867,-15814.1137751263,-15791.867082160337,-6.151488941912128,-0.7319457412625816,0.13536285937343961,-10.112730696704118,0.7698260021379439,1.3662214883237573,3316.411299018503,-16060.990711345214,-16023.912889735277,-359.9126657208235,-352.4971013988361,-355.41224102815977,-347.99667670617237,-602.2891772470739,-580.0424842811117
213,12257,-1.1764751623981642,-0.1350300520515864,-8.712691319623485,7.405758827804965,3497.008829842087,-15368.597261017547,-15353.769556054864,0.22106091923353427,0.8282561851094006,-8.839969757564019,3.746732746706848,3441.2299266220434,-15563.678039115472,-15541.436481671448,0.23450636929530844,0.8332677779423282,-8.844748534726126,3.5532842048013347,3443.9815240985718,-15553.881293639552,-15531.639736195528,-384.597272363857,-48.48145699179614,0.13338355227891735,-16.15398379471993,1.2013805141465876,0.02062644281027314,3363.1959847657436,-15840.819746483861,-15803.750484077156,-195.08077809792485,-187.6669256165842,-185.28403262200482,-177.87018014066416,-472.22248546631454,-449.9809280222926
214,12334,-1.3399451542882543,-0.15274849830476867,-8.77223127663588,6.546709205643175,3377.9430724545487,-15969.673494595536,-15954.833264684434,0.22354650695063316,0.7797992524093615,-8.888241643291986,3.4883088223855285,3363.6894026194686,-16019.828525696732,-15997.568180830078,0.23786153169694216,0.7844065130261025,-8.89364409195249,3.29774431128069,3363.930201147472,-16018.945595560788,-15996.685250694134,12.816762185370205,1.0120584554702623,0.17037715932543776,-10.694211840657292,0.5422282661455179,,3296.167777515526,-16265.936069598843,-16228.835494821085,-50.15503110119607,-42.73491614564409,-49.27210096525232,-41.85198600970034,-296.2625750033076,-274.00223013665163
215,12100,-1.257039504381045,-0.14081589356350796,-8.92682972475774,7.101471110212429,3720.9218853970815,-14264.731356010227,-14249.929434547057,0.22196644582012878,0.6777421730069725,-8.955587985404401,3.053354170279336,3660.393273218986,-14461.18179707945,-14438.978914884694,0.23382638419889815,0.6682818838878356,-8.961061922491103,2.8580259929922174,3662.1783512662128,-14455.28238198132,-14433.079499786565,6.522911299296922,0.4565898297285031,0.17764803853350905,-10.432029283268598,0.5215773772417753,,3592.1761787416945,-14684.811795563013,-14647.806991905089,-196.4504410692225,-189.04948033763685,-190.55102597109362,-183.15006523950797,-420.08043955278663,-397.8775573580315
216,12162,-1.295677437472167,-0.14611243683848202,-8.867673864781652,6.844044364994311,3752.9088690614617,-14295.898374010447,-14281.086230779087,0.20394278263074864,0.6054383594476848,-8.945885167232467,2.968667739244636,3686.9005144743,-14509.71429962725,-14487.49608478021,0.2120575190773483,0.57438115093004,-8.950330342700942,2.7086101611918494,3688.583397387016,-14504.164230619106,-14481.946015772066,-11.801686535794358,-1.3788216787600385,0.10511920718357198,-11.173797848031919,1.1605657263432994,0.7252569461333758,3639.6531872028518,-14662.576579882421,-14625.546221804021,-213.81592561680372,-206.40985400112368,-208.2658566086593,-200.85978499297926,-366.67820587197457,-344.4599910249344
217,12277,-1.3080644051496295,-0.14742430238819976,-8.87278680624322,6.783142153637504,3637.995889016541,-14928.449333527235,-14913.618367782872,0.22068102274652454,0.7029379679073802,-8.936453077111734,3.1853122627348824,3575.0863780786976,-15140.604564544901,-15118.358115928359,0.23383818906016915,0.7063885477395068,-8.939263510368814,3.020843389946649,3577.3128077438655,-15132.961289282435,-15110.714840665893,-39.58846477302327,-4.699943608258218,0.11735235776992188,-13.115273462288942,1.2543692716629884,0.21276851029508337,3499.241270809073,-15399.862391215946,-15362.78497685504,-212.15523101766667,-204.73974814548637,-204.5119557552007,-197.0964728830204,-471.413057688711,-449.1666090721683
218,12248,-1.3300451567358786,-0.14962244034354474,-8.889342759561945,6.683489439845536,3648.614270818075,-14828.514349371842,-14813.688113497168,0.2244845676222978,0.7503089521656078,-8.897253755399095,3.3423631749511875,3603.297521054337,-14979.590335905512,-14957.3509820935,0.24027016014348976,0.7719256711297704,-8.8957082881702,3.2127404862458784,3605.182580217556,-14973.184490336673,-14950.94513652466,-14.937194180722773,-1.820863861072199,0.13666462068623417,-11.762889752856214,1.138876764069839,0.5491898770571234,3545.455410665038,-15173.797110050515,-15136.731520363826,-151.0759865336695,-143.66286859633146,-144.67014096483035,-137.25702302749232,-345.2827606786723,-323.0434068666582
219,12020,-1.3233618963077727,-0.14959623930576837,-8.846224359977906,6.684660019801984,3550.93156170752,-14652.730618506872,-14637.941964090693,0.2339529745347461,0.8107234925069678,-8.909292964674197,3.4653267141365682,3504.8353447247646,-14807.789211475127,-14785.606229850859,0.24878810491258976,0.8212030532164682,-8.916360733496301,3.3008131699262435,3506.2513939397813,-14802.933783941455,-14780.750802317187,11.230721406575517,0.6879414319584292,0.1876743240650565,-11.133540356506852,0.6350679732422543,,3434.038216640994,-15049.077154285937,-15012.105518245491,-155.05859296825474,-147.66426576016602,-150.20316543458284,-142.80883822649412,-396.34653577906465,-374.1635541547985
220,12049,-1.4016399303132907,-0.15695400681635643,-8.930258989522168,6.371293223307431,3629.526469227671,-14453.347835509074,-14438.554361613227,0.23890681570382466,0.8693567375338226,-8.926890628854837,3.638894666829319,3611.7010414221063,-14510.668997052639,-14488.478786208869,0.25629923617877687,0.8949531849077121,-8.933354937023969,3.491829309563193,3611.566671872016,-14511.11727580223,-14488.92706495846,12.727227981695277,0.3137627405490086,0.20005215142783664,-12.025957372050014,0.7589092921087063,,3560.362571325904,-14679.168245506791,-14642.184560767175,-57.32116154356481,-49.92442459564154,-57.76944029315564,-50.37270334523237,-225.82040999771743,-203.63019915394761
221,12107,-1.1802030456537673,-0.13227611082219368,-8.922269019839895,7.55994407292641,3450.973242244173,-15191.82873044069,-15177.025652287273,0.2108010257739301,0.7032269969307655,-8.967972798936056,3.335975213350855,3386.241203426655,-15419.084143609416,-15396.879526379293,0.22217424517131446,0.6965790818217685,-8.97525385212465,3.1352827654917843,3388.0299432693196,-15412.690459828686,-15390.485842598562,26.158237735952316,2.266137411808848,0.16190765381449887,-10.72230019544591,0.4593010992667037,,3316.841048590618,-15665.792002318272,-15628.784306934733,-227.2554131687266,-219.8538740920194,-220.8617293879961,-213.4601903112889,-473.9632718775829,-451.7586546474595
222,12260,-1.2746175201620151,-0.1458002919253096,-8.742215144637534,6.858696829717452,3314.7458835779858,-16031.601447402732,-16016.773252983752,0.23525791045951264,0.7876973631434901,-8.875912394077659,3.348229020673254,3227.7491084370313,-16355.667675572051,-16333.42538394358,0.2508518954250256,0.8008226365197902,-8.879633059191262,3.192412140888684,3230.546587351674,-16345.046578225605,-16322.804286597135,-16.602788789048518,-2.101224463127256,0.15023323488641613,-11.982660038136515,1.0777884201598793,0.47591298195324566,3129.200759333353,-16731.81840405011,-16694.74791800266,-324.0662281693185,-316.65213095982836,-313.44513082287267,-306.03103361338253,-700.2169566473785,-677.9746650189081
223,12047,-1.4022299132931242,-0.15639949664623887,-8.965693262202999,6.393882470490984,3926.5721833206544,-13501.27536333117,-13486.482221440636,0.22646301876755262,0.7310766435388691,-8.963173972077827,3.228238533238245,3894.0707960147556,-13599.406891661863,-13577.217178826062,0.24129277405509428,0.7443662661233575,-8.966682207839472,3.0849090655047826,3894.053638817117,-13599.459970618598,-13577.270257782797,9.905292116172177,0.7036236837833325,0.18028304876757922,-10.727305764539556,0.5505895074386038,,3832.6516029494496,-13786.932499871291,-13749.949645144956,-98.13152833069398,-90.73495738542624,-98.18460728742866,-90.78803634216092,-285.6571365401214,-263.46742370432
224,12040,-1.3082011843442325,-0.14600754069925273,-8.95981932220113,6.8489613290576985,3648.848718717084,-14369.625808515362,-14354.833829077637,0.21356711473398457,0.6133535355449328,-8.981669278902446,2.8719474733219816,3580.5390894341026,-14595.161648652556,-14572.973679495968,0.22500156508175206,0.6060907897769665,-8.98552812962301,2.693718106168504,3581.02345592849,-14593.533017312851,-14571.345048156263,-0.17848280625583413,-0.12308506155353122,0.1697635652479961,-9.963334209729757,0.5125745398549366,8.124462768904637,3533.898927517673,-14749.02530364207,-14712.045355047756,-225.5358401371941,-218.13985041833075,-223.90720879748915,-216.5112190786258,-379.39949512670864,-357.2115259701186
225,12041,-1.237524060469609,-0.1397215432873876,-8.857074087166328,7.157092431645566,3631.9791000980576,-14427.617570039758,-14412.825424495973,0.2148503865008983,0.5708147305603001,-8.999735549799952,2.6568010412115943,3502.680744793036,-14862.093030552023,-14839.904812236347,0.2234885327624535,0.5456624357379676,-9.002410664301342,2.441567936364563,3506.171528876629,-14850.098902844711,-14827.910684529035,-12.65350697905571,-1.454870880844081,0.10485830165916209,-10.917533427786227,1.0691609898948964,0.687346219631411,3390.2739063184918,-15250.84499532708,-15213.864631467619,-434.4754605122653,-427.07938774037393,-422.4813328049531,-415.0852600330618,-823.2274252873212,-801.0392069716454
226,12231,-1.185308034894201,-0.13394677071519995,-8.849097507654173,7.465652174073074,3452.0368550799635,-15468.328294510404,-15453.504836527429,0.20214682116214375,0.5888596541256315,-8.951177854191764,2.9130295037056357,3374.138556129384,-15745.493536910948,-15723.258349936486,0.2107373067790369,0.5642665223918245,-8.951951038076425,2.677582488911047,3376.1084527371922,-15738.354892632475,-15716.119705658013,-7.614011451447654,-0.8886597390029273,0.11214183419839899,-10.357940529483557,0.9802375527768781,1.1252900926084444,3308.9788079860173,-15980.003229621689,-15942.944584664252,-277.16524240054423,-269.75351340905763,-270.02659812207094,-262.61486913058434,-511.67493511128487,-489.43974813682325
227,12223,-1.0731481281048745,-0.12124804977255536,-8.850848571320961,8.247555336979541,3363.37635041522,-15768.242467418691,-15753.420318015136,0.20085667916899172,0.6007887205412324,-8.953539007154001,2.9911314028833265,3285.8546990169075,-16051.264922995962,-16029.03169889063,0.2108692979965397,0.5879081231335489,-8.952505540376924,2.7880214365924254,3287.657783631643,-16044.559496070311,-16022.32627196498,-9.433706842270809,-1.119529961481691,0.12125440789522565,-10.86821192158454,1.043701993897656,0.8932320120102067,3222.371004627554,-16285.728013742524,-16248.672640233637,-283.0224555772711,-275.61138087549443,-276.3170286516197,-268.905953949843,-517.4855463238328,-495.2523222185009
228,12228,-1.2807306417623525,-0.14357651093184357,-8.920196161963577,6.964927574223506,3755.9277540986222,-14429.846553694792,-14415.02358632877,0.21385621844428848,0.7103240168430045,-8.953920812633504,3.3215027461455393,3686.0394759819183,-14657.52211197924,-14635.287660930207,0.22474816556463925,0.6991868634996941,-8.962477676207454,3.110979178598024,3687.8633896992183,-14651.472990422792,-14629.238539373759,-44.83890989787216,-5.230494345043114,0.10060338260094244,-13.25770674556145,1.290586440890826,0.19118651776149795,3614.384937554797,-14893.568384446178,-14856.510966031125,-227.67555828444893,-220.26407460143673,-221.62643672800004,-214.21495304498785,-463.72183075138673,-441.4873797023538
229,12286,-1.0787565358632745,-0.12147087005117192,-8.880783807746068,8.23242642107306,3645.4323842047907,-14923.310874934623,-14908.478443571175,0.20726587014810027,0.7287353027851939,-8.92385957010575,3.515944531844445,3557.06129421702,-15222.81247899698,-15200.56383195181,0.21934814109909193,0.7327092095204668,-8.925361537496629,3.340393977578596,3560.4472322631736,-15211.123097012147,-15188.874449966976,-1188.539987011474,-139.02308061902923,0.09377023686387731,-18.233314876167057,1.38776722298687,0.007193050215455532,3482.4568656990305,-15479.234941530822,-15442.153863122203,-299.5016040623577,-292.08538838063396,-287.812222077524,-280.3960063958002,-555.9240665961988,-533.6754195510275
230,12285,-1.50726847590923,-0.1704006141270236,-8.845440397213888,5.868523450593664,3656.4041620945254,-14884.176891566498,-14869.344622996587,0.24745847561975737,0.791462681681863,-8.903613429251036,3.1983656235643263,3629.9179177208757,-14971.490798294573,-14949.242395439707,0.2630583649060016,0.794528656549929,-8.909364996314764,3.0203512320691157,3629.3587308533874,-14973.383441601405,-14951.135038746539,6.1147134768423035,0.2827797699707127,0.20262377601954332,-10.972385666863293,0.6760872585355892,,3577.7020784663464,-15145.492082520686,-15108.41141109591,-87.31390672807538,-79.89777244312063,-89.2065500349072,-81.79041574995244,-261.31519095418844,-239.06678809932419
231,12264,-1.3720081158668327,-0.1558505319046328,-8.803358571187838,6.416404151972445,3781.0626030085737,-14426.595762143808,-14411.766915302705,0.21362355912957198,0.5888023768469025,-8.938273732503337,2.7562614313048135,3709.873513921323,-14657.701280495148,-14635.458010233493,0.22501282808467116,0.5803300201414894,-8.935952625572455,2.5790974900467196,3710.7702048915535,-14654.737381801413,-14632.494111539758,-7.388394248625345,-0.8743255133278693,0.1292780002810176,-10.430570952074676,1.0252075864724017,1.1437387846475928,3663.4968485472623,-14807.978333360512,-14770.906216257754,-231.10551835133992,-223.69109493078759,-228.14161965760468,-220.72719623705234,-381.3825712167036,-359.1393009550484
232,12110,-1.3343155326878606,-0.1492403294540877,-8.94071687973826,6.700601664831088,3605.2500716958675,-14668.965500955319,-14654.161927282224,0.23803236881823706,0.8955597576981851,-8.90280546313693,3.7623444330045714,3575.287014774125,-14768.031680551203,-14745.826320041562,0.2542155493201527,0.9153913722812563,-8.910211932022095,3.600847291714777,3577.1833114564006,-14761.610359717142,-14739.404999207502,-3.688061332570312,-1.3229410994143123,0.1885760224849544,-12.255959477116965,0.845646628011204,0.7558915513643929,3516.381857648906,-14965.213622817684,-14928.204688634949,-99.06617959588402,-91.66439275933772,-92.64485876182334,-85.24307192527704,-296.2481218623652,-274.0427613527245
233,12253,-1.3839038846231342,-0.15490956649917895,-8.933624410022922,6.455379242219364,3794.4050318557447,-14359.49572448597,-14344.668672318072,0.2172251590944641,0.645502418010898,-8.958869217930529,2.9715822085331753,3720.3529318383626,-14598.991127948295,-14576.750549696446,0.22923632254762946,0.6377050003182984,-8.961417155596422,2.781867171969658,3721.0914976273934,-14596.558899439842,-14574.318321187993,-56.02948703067086,-6.655211162282603,0.12104572488192199,-13.648561704213904,1.2900870505448756,0.1502581925074516,3651.4168892602165,-14824.162133860107,-14787.09450344036,-239.49540346232425,-232.08187737837397,-237.06317495387157,-229.6496488699213,-464.6664093741365,-442.4258311222875
234,12084,-1.5472082876951512,-0.17344390842478558,-8.920510969493646,5.765552731612092,4079.437923504467,-13118.29411741675,-13103.494842331736,0.2259346285469726,0.6639271548481349,-8.976301449770519,2.938580770543999,4064.468663066355,-13160.717207226926,-13138.518294599406,0.23965944483312804,0.6672599529686435,-8.97797306143011,2.7842005285176574,4064.527921497987,-13160.541028314705,-13138.342115687185,23.067602377852587,1.9006081811575848,0.18259633356604993,-10.845410172729657,0.5057371423661507,,3999.771077666424,-13350.615806816491,-13313.61761910396,-42.42308981017595,-35.0234522676692,-42.246910897954876,-34.847273355448124,-232.32168939974144,-210.122776772223
235,12303,-1.2493388529260512,-0.14192670369228141,-8.802704638549255,7.045890406700006,3454.4395639917407,-15623.060232830263,-15608.225036002143,0.21489481923331602,0.6675170048256718,-8.9067548106491,3.1062498724128567,3371.7435654924843,-15919.164935526465,-15896.912140284285,0.22682220153087526,0.6607947511596259,-8.908593573714398,2.9132719226767487,3373.767546490382,-15911.78194006444,-15889.52914482226,-160.719740899922,-18.409561859740148,0.06295564129610645,-15.986865302745997,1.5838410537464525,0.05431959802296539,3313.490889573719,-16129.578002438982,-16092.490010368681,-296.10470269620237,-288.6871042821422,-288.7217072341773,-281.3041088201171,-506.5177696087194,-484.2649743665388
236,12050,-1.3667497130452833,-0.1545169595223634,-8.845305507370355,6.47178149952704,3420.404446011854,-15170.63557427623,-15155.841934398391,0.2419609100050736,0.7590484418159452,-8.929537008188584,3.1370705367244196,3328.5232686175605,-15496.757802026988,-15474.567342210232,0.25563848356215596,0.7537532831800831,-8.936313852666167,2.948512573995204,3330.3964753090745,-15489.978281595393,-15467.787821778636,-553.612742085303,-64.87397105429272,0.10701426389831799,-17.753104277284947,1.5141605182977311,0.015414502669539138,3260.810319024888,-15740.421622489459,-15703.437522794866,-326.1222277507586,-318.72540781184034,-319.3427073191633,-311.94588738024504,-569.7860482132292,-547.5955883964743
237,12256,-1.1523728298963662,-0.12882008427853034,-8.945599099320146,7.762764677578028,3553.6816563437173,-15169.313581351043,-15154.486039567082,0.21310794085673762,0.6886836785585527,-8.912718101447249,3.2316190367656086,3471.5387210472145,-15453.935108969596,-15431.693796293654,0.22221631861327604,0.6586815441001087,-8.91928197287454,2.9641456946571725,3473.8400169071315,-15445.813252939719,-15423.571940263777,-107.03411353217925,-12.227711830482408,0.059395027420711545,-15.490859305167918,1.6235882080280366,0.0817814496991256,3418.3308248025874,-15639.235918322045,-15602.167063862144,-284.62152761855214,-277.20775672657146,-276.4996715886755,-269.0859006966948,-469.92233697100164,-447.68102429506143
238,12234,-1.458173415415143,-0.1642544742264417,-8.87752630351427,6.088114218559411,3631.7344672726467,-14854.29835902493,-14839.474410545325,0.2404624016011966,0.8362061831461183,-8.905700209515743,3.477492437811355,3597.245248311723,-14969.035249384908,-14946.7993266655,0.2555967799392959,0.844970293249562,-8.91436232636962,3.3058722158011613,3598.374327970134,-14965.195924499,-14942.960001779591,-1262.1456214582124,-153.5490755534494,0.1358032567162479,-18.165120666763507,1.3328090591956991,0.006512575841929486,3548.555228984203,-15131.757764856506,-15094.697893657492,-114.73689035997813,-107.32491612017475,-110.89756547406978,-103.4855912342664,-277.4594058315761,-255.22348311216774
239,12109,-1.2636896709535503,-0.1421027614005329,-8.892787574983826,7.037160925968113,3507.8075893041,-14998.539441753472,-14983.736033239962,0.21505163358630475,0.7541780761371102,-8.935915834548005,3.5069627863786614,3452.694416178557,-15188.301288843888,-15166.096176073625,0.22858593002780161,0.761453936659234,-8.941373661451088,3.331149631854518,3454.1880292379524,-15183.064147206953,-15160.85903443669,68.84410205975612,6.0293020524482746,0.16337171822315127,-11.245837088448651,0.4852522670076848,,3384.9337675334637,-15424.308652259459,-15387.300130975687,-189.76184709041627,-182.3601428336624,-184.52470545348115,-177.12300119672727,-425.76921050598685,-403.5640977357252
240,12146,-1.4785300743811882,-0.16608552066643772,-8.902221388405275,6.0209944610907815,3628.455137747311,-14670.711226629215,-14655.9017162763,0.22590900057327243,0.7154429039344826,-8.964109760643662,3.166951746583609,3603.943819195439,-14751.039543073106,-14728.825277543734,0.2380034711537485,0.7031836698374733,-8.975271734220264,2.9545101440273607,3603.516112003014,-14752.481086034117,-14730.266820504745,4.327688335793691,0.21004454248186205,0.18100044961888184,-10.563794647937181,0.5696834170983553,,3548.7543096519476,-14934.477926205549,-14897.454150323261,-80.3283164438908,-72.9235612674347,-81.76985940490158,-74.36510422844549,-263.76669957633385,-241.55243404696193
241,12269,-1.2473145868466637,-0.1393073049894945,-8.953691171763941,7.178374458363201,3758.1425245365235,-14512.07875896616,-14497.249096896578,0.21311925405809734,0.6359051465760029,-8.97523422408539,2.983799607344028,3691.2958730635273,-14730.273500432726,-14708.029007328352,0.22480018223692366,0.6287218451188398,-8.97657714933635,2.7968030935856225,3692.5247440614066,-14726.189701761557,-14703.945208657184,-46.732140484462256,-5.583688744609309,0.1268185179027199,-13.256223634732507,1.213004144961425,0.17909307730761953,3614.782556665299,-14983.258477760415,-14946.18432258646,-218.19474146656648,-210.77991043177462,-214.11094279539793,-206.69611176060607,-471.1797187942557,-448.9352256898819
242,12093,-1.1839107075760358,-0.13355177141342683,-8.864807220797443,7.487732954918061,3350.859530487144,-15516.27572251272,-15501.47495840915,0.21524858121988497,0.7662532203693538,-8.914635468412001,3.55985259473834,3290.7181258909104,-15733.292926926373,-15711.091780771018,0.2289847923195761,0.7748206807596205,-8.91817327681657,3.3837211323547813,3292.193717695653,-15727.87151694319,-15705.670370787835,-636.2441809751562,-82.88851481517558,0.15228782169473376,-16.345631485456295,1.1023721305426148,0.01206439760960605,3221.7403753149065,-15985.472411876213,-15948.470501617287,-217.0172044136525,-209.6168223618679,-211.59579443047005,-204.19541237868543,-469.1966893634926,-446.99554320813695
243,12137,-1.20966420582589,-0.1363953470765534,-8.868808443641061,7.33162839813545,3508.9178729412292,-15057.421637518606,-15042.613609684393,0.2173321457708098,0.764313323942121,-8.921518601231876,3.516798314539887,3446.4618255845326,-15273.396630805604,-15251.184589054285,0.23151528778929528,0.7779678068029249,-8.924843119219123,3.3603301718500864,3447.797382563531,-15268.694267645915,-15246.482225894595,18.481773480922353,1.4781758605893072,0.16682741069879048,-10.881717524772702,0.5311883166032494,,3378.4627612497675,-15511.254820971135,-15474.234751385604,-215.97499328699814,-208.57097936989157,-211.27263012730873,-203.86861621020216,-453.83318345252883,-431.62114170121095
244,11963,-1.303748648129758,-0.14803082025307834,-8.80727841608137,6.755349989214187,3479.6141196585477,-14769.074613898118,-14754.295466233776,0.22632066785974347,0.8049391398665698,-8.870212850068082,3.5566311617877098,3434.0293539917047,-14924.831795462098,-14902.663073965585,0.23957311791886174,0.8027185374446182,-8.879095267912748,3.3506202382709804,3435.6514100955487,-14919.182433229042,-14897.013711732528,-20.91910910810057,-2.5409892913551744,0.1252425412295712,-12.621163822110738,1.3188236999451999,0.3935475066353682,3386.0930753451476,-15089.00213288644,-15052.054263725586,-155.75718156398034,-148.36760773180868,-150.10781933092403,-142.71824549875237,-319.92751898832284,-297.7587974918097
245,12258,-1.1699345612478107,-0.13139115049582456,-8.904211256487853,7.610862651147717,3401.5868077625437,-15709.98073237502,-15695.152864246927,0.19971714343187216,0.6617527744329194,-8.944255972443893,3.313450027682063,3340.4135855978534,-15930.431605303304,-15908.189803111167,0.20991706348509823,0.6493463083860915,-8.947741628142603,3.0933469514363128,3341.4113879642136,-15926.770611025197,-15904.52880883306,-12.225182867306781,-1.5496552022476708,0.14202254804502795,-11.446520545613962,0.9363416658788316,0.6453048384889536,3277.2402075386203,-16160.473099989056,-16123.403429668828,-220.4508729282843,-213.03693886423935,-216.78987865017734,-209.3759445861324,-450.492367614037,-428.2505654219003
246,12114,-1.2295229377736263,-0.13671405623729094,-8.993390815934655,7.314536833464488,3480.127044906294,-15105.707502325258,-15090.903268150176,0.21746424363948416,0.6649945035031747,-8.980925565138152,3.0579487108952663,3393.6821834045977,-15408.414318886942,-15386.20796762432,0.22978088646962844,0.6642108384966526,-8.984000660961382,2.8906270173365596,3395.5602051534265,-15401.712435305963,-15379.50608404334,-63.034789380816996,-7.415181170538266,0.11610462951398287,-13.97861517291082,1.3512014557628012,0.13485847169495527,3343.0659117340574,-15586.45379695487,-15549.443211517164,-302.7068165616838,-295.3046994741435,-296.0049329807043,-288.602815893164,-480.74629462961093,-458.53994336698815
247,12424,-1.1379743282722874,-0.12789916056250897,-8.897433910178933,7.818659603408919,3427.9662289228995,-15993.92432554577,-15979.069554816113,0.19872601596583944,0.6024337181014147,-8.970396980640349,3.031478868901451,3334.465629356635,-16335.50648850301,-16313.224332408525,0.20700372086474056,0.5746261462449701,-8.97599183207162,2.7759218232624896,3336.1564275259607,-16329.208282210871,-16306.926126116387,-49.638726052121925,-5.718402835310158,0.08050336001907447,-13.554396072250578,1.3641329611427218,0.17487400394830027,3269.581943337196,-16575.641875212,-16538.504948387857,-341.58216295724014,-334.15477759241185,-335.28395666510187,-327.8565713002736,-581.7175496662312,-559.4353935717445
248,12250,-1.4389302587434967,-0.16320990905012034,-8.816439314978195,6.127078961197808,3683.5931580573474,-14716.056429290335,-14701.229866858388,0.23231734570725066,0.7709089603995971,-8.907940899194633,3.318344388158774,3632.6910406078932,-14884.514815847824,-14862.274972199906,0.2480172387477215,0.7866101499235016,-8.91140268101272,3.1715946596906788,3633.7163674442495,-14881.057741912002,-14858.817898264084,-294.16527948573435,-36.29683605824736,0.14225349432082696,-16.43617765039766,1.3558213434898094,0.027550610703237322,3577.183622150286,-15069.139262904297,-15032.072856824432,-168.45838655748958,-161.04510534151814,-165.00131262166724,-157.5880314056958,-353.08283361396207,-330.8429899660441
249,12376,-1.2412967420634071,-0.13924847734177942,-8.91425720237283,7.181407072377121,3807.615250371064,-14584.284734192795,-14569.437705408289,0.2035459546036728,0.6425316284861267,-8.946392045559742,3.1566907322585163,3747.3757910222394,-14779.648131340791,-14757.377588164032,0.21339663584530008,0.6247060429527171,-8.94963061550502,2.927440915261626,3748.646008810686,-14775.453849114818,-14753.183305938059,-16.878614660791463,-2.082567231393735,0.13477648216452007,-11.821824316246111,1.0272857119790761,0.48017657481855275,3683.5613137214154,-14988.215503517335,-14951.09793155607,-195.36339714799578,-187.93988275574338,-191.16911492202235,-183.74560052976994,-403.93076932453914,-381.66022614778194
250,12025,-1.424795061896355,-0.15889611598614387,-8.966833789824042,6.293420036064333,3783.858131699859,-13899.829976960356,-13885.040490770409,0.23136583456603713,0.7906787565802674,-8.967322102534133,3.417439563033623,3758.9381428771867,-13977.286970091996,-13955.102740807075,0.24640982833634473,0.8027165598900106,-8.975349657222617,3.2576483061151187,3759.2168533442855,-13976.395396728563,-13954.211167443642,142.8509338786602,12.77074689611319,0.1713667658037363,-11.422543155539051,0.4565559642847603,,3681.5856005702517,-14223.322549834345,-14186.348834359476,-77.45699313164005,-70.06225003666623,-76.565419768207,-69.17067667323317,-323.49257287398905,-301.3083435890676
251,12157,-1.1712929717403278,-0.13275085367389997,-8.82324248262529,7.532908243712554,2993.5728970865457,-17033.27584184314,-17018.46452101403,0.22615513333018333,0.8185889509804724,-8.883867834827951,3.619590406490327,2919.761707480857,-17334.782847162405,-17312.56586591874,0.24080045439731781,0.831231792830268,-8.889316767839457,3.451952758605454,2922.0583640895766,-17325.224026285145,-17303.00704504148,-1706.7799533077682,-201.5344272843596,0.10101772308029067,-19.6871068817042,1.524280276883932,0.004961931385494882,2864.463199399762,-17563.237309384152,-17526.209007311372,-301.50700531926486,-294.10134490470955,-291.9481844420043,-284.54252402744896,-529.9614675410121,-507.7444862973425
252,12089,-1.3547218969138592,-0.15054467305063368,-8.998803275212646,6.64254655934364,3535.329793994445,-14859.296864656686,-14844.496762202281,0.23581121188440674,0.79508524643843,-8.951850216980997,3.3717024737067045,3471.016293638548,-15079.24072359613,-15057.040569914523,0.25177800749696794,0.812566565155637,-8.956980459980835,3.2273135101580404,3472.454899749675,-15074.231324394521,-15052.031170712915,17.415390170731047,1.2197249729171287,0.19363736060487427,-11.215020445191794,0.6097448972777801,,3413.907104010794,-15275.79744387439,-15238.797187738379,-219.9438589394431,-212.5438077122417,-214.9344597378349,-207.5344085106335,-416.5005792177035,-394.30042553609746
253,12144,-1.2852620419061815,-0.14483409046392728,-8.874029848837916,6.9044518234404375,3493.7512282258754,-15125.714260601715,-15110.905079602444,0.21280206969829368,0.6940642635002405,-8.943281597549584,3.2615484637168723,3442.200088352538,-15304.237030195847,-15282.023258696941,0.2250943606817599,0.6934628560242733,-8.946333692596507,3.0807651241191967,3443.969494212468,-15297.996212284452,-15275.782440785546,-117.24252890999686,-13.745477109028597,0.10012837341298599,-14.960981492709106,1.3807468932749671,0.07275120332805027,3383.255447328545,-15509.993437852403,-15472.970485354226,-178.52276959413211,-171.11817909449746,-172.2819516827367,-164.87736118310204,-384.279177250688,-362.06540575178224
254,12386,-1.36028363731296,-0.1530253397655184,-8.889270492046156,6.534865412044212,3665.697132748204,-15076.552893173406,-15061.70424901041,0.21851182569910224,0.7265173281942331,-8.900789698746626,3.324842149251321,3612.2406846813683,-15256.506487586112,-15234.233521341617,0.23113931487139283,0.7222779151122001,-8.905312784446025,3.1248596350390647,3613.6931333661414,-15251.527192146968,-15229.254225902474,-1142.8697585127022,-132.71296878450931,0.08192883448098415,-18.730740512884726,1.498415385078671,0.007535058624328832,3556.8209118889317,-15444.007975065906,-15406.886364658416,-179.95359441270557,-172.5292723312068,-174.97429897356233,-167.54997689206357,-367.45508189249995,-345.1821156480055
255,12322,-1.089076098121022,-0.12224736832857354,-8.908789718841467,8.180135193685512,3399.021016594329,-15865.489367582266,-15850.651084459118,0.19818728206254083,0.6563302557378738,-8.950568971581028,3.311666868365244,3325.9584199949672,-16131.241186751578,-16108.983762066855,0.20912000299550165,0.6530447627619383,-8.952058779926057,3.1228230365699923,3327.555469524564,-16125.325862906648,-16103.068438221924,-19.09920640859425,-2.292383918556043,0.11957945761242068,-11.992496930850086,1.1121938902918664,0.43622710485157007,3263.5668382971267,-16360.58486916097,-16323.489161353098,-265.7518191693125,-258.3326776077374,-259.83649532438176,-252.41735376280667,-495.095501578704,-472.83807689398054
256,12441,-1.3146133968708997,-0.1475686282220053,-8.908488292600836,6.7765080698289015,3658.4939478175274,-15223.11090297866,-15208.253397480832,0.22499430753976746,0.7681608720426798,-8.883551403762931,3.4141346971940982,3608.0352036569716,-15393.894170826099,-15371.607912579355,0.24007822152347366,0.7821308805870684,-8.88465379337139,3.2578168716173845,3609.3505090646995,-15389.359643946136,-15367.073385699392,-174.65247289687485,-21.190728801724465,0.12602503500012946,-16.061486572953807,1.4552749016991275,0.047190448679548094,3560.0343053937477,-15556.518699566244,-15519.374935821672,-170.78326784743876,-163.35451509852282,-166.2487409674759,-158.81998821855996,-333.407796587584,-311.12153834083983
257,12199,-1.3643564401762565,-0.1542632565500881,-8.844338377708631,6.482425059367962,3485.8877347272037,-15276.848486976662,-15262.030268456365,0.21336790642355086,0.6583097266510107,-8.961413714189703,3.085326831413052,3424.0914149675505,-15493.046946527238,-15470.819618746791,0.2241117371784966,0.6430486951146044,-8.96597796768742,2.8693218088905366,3425.391532926294,-15488.415899398618,-15466.188571618171,-19.32744541495079,-2.294181376613634,0.1241909724777203,-12.081634169783667,1.217264644172355,0.4358853271993983,3366.944830742067,-15694.361013949907,-15657.315467649163,-216.19845955057644,-208.78935029042623,-211.56741242195676,-204.15830316180654,-417.51252697324526,-395.28519919279825
258,12270,-1.1827622328499396,-0.13269243482116544,-8.913561910624313,7.536224663807982,3692.342717091002,-14730.995385561237,-14716.165560485826,0.20199794281307193,0.6529400739372151,-8.942948914908662,3.2324095228110474,3631.238944112746,-14933.74784879404,-14911.503111180926,0.2125915335431436,0.6403755014454507,-8.943789780301586,3.0122342633907953,3633.009796534036,-14927.765575770249,-14905.520838157134,158.336458844137,14.125648959883284,0.15780612165937524,-11.547846239889058,0.4710731282490466,,3547.465437128998,-15216.135904524714,-15179.061341836188,-202.75246323280408,-195.3375506950997,-196.77019020901207,-189.3552776713077,-485.140518963477,-462.8957813503621
259,12014,-1.3057453440100946,-0.14707409738251553,-8.87814623545889,6.79929381037889,3439.7196269154983,-15021.7016234253,-15006.91396759448,0.20688781565360193,0.6453562489372304,-8.962048417508985,3.119353582512411,3394.6383056276104,-15178.199277416696,-15156.017793670466,0.2168143205593827,0.6253947515805697,-8.96814189401749,2.884471606704973,3395.6103298195612,-15174.759668840094,-15152.578185093864,-10.089735417693548,-1.222324211730648,0.13771270029629418,-11.02905118166511,0.9926858303792452,0.8181135499100793,3339.506756898904,-15370.917708290228,-15333.948568713178,-156.49765399139505,-149.10382607598513,-153.058045414793,-145.66421749938308,-349.2160848649273,-327.03460111869754
260,12154,-1.3195738163993347,-0.14908139923247013,-8.85136457796225,6.707744930946413,3434.7410763096104,-15355.213852967887,-15340.403025742497,0.21340635606384808,0.6710042575660028,-8.94125281381827,3.1442561971549154,3379.2826911440516,-15551.057629262668,-15528.841388424582,0.22462210201242133,0.6592378009197788,-8.942708676884065,2.9348750412963533,3380.872085175927,-15545.342524783988,-15523.126283945901,-141.01227940963747,-16.527017389654038,0.10219068839455044,-15.17889628270524,1.3797804605875865,0.06050698540596944,3304.4868490963636,-15819.0917290312,-15782.064660967724,-195.8437762947815,-188.43836268208543,-190.1286718161009,-182.72325820340484,-463.87787606331403,-441.66163522522766
261,12461,-1.2899620138721537,-0.14602352897664847,-8.833932606014743,6.8482114287206155,3689.2384240861097,-15163.326326770744,-15148.465608678858,0.23133473896577353,0.8268873126916153,-8.881726931264563,3.5744191140006647,3628.3555900813844,-15368.683690269156,-15346.392613131327,0.24467013194681603,0.8265063336542949,-8.892467242179912,3.3780434378232678,3630.1389679628705,-15362.560472279349,-15340.26939514152,-384.22532941291166,-46.35831533499795,0.12087139442609293,-16.596057703503984,1.3445807959433358,0.021571103107904693,3560.6075453427675,-15599.55299262873,-15562.401197399016,-205.35736349841136,-197.9270044524692,-199.23414550860434,-191.80378646266217,-436.2266658579865,-413.9355887201582
262,12154,-1.270395986979664,-0.1431145596540857,-8.87677668890061,6.987409264417574,3513.5286600878353,-15079.569592240563,-15064.758765015173,0.21154402275279108,0.7990139297593077,-8.925520679141703,3.777057462375243,3491.700456000611,-15153.313253644666,-15131.09701280658,0.2274914293497418,0.8332369101403905,-8.925370054478053,3.6627178110494216,3492.427342938874,-15150.783350374315,-15128.567109536229,11.861718851353283,0.5813996272362407,0.1632593685865446,-11.377821781337326,0.6219924727189514,,3416.8087112091343,-15412.834630705105,-15375.807562641628,-73.74366140410348,-66.33824779140741,-71.21375813375198,-63.808344521055915,-333.26503846454216,-311.0487976264558
263,12271,-1.315358931662397,-0.14964138203178515,-8.790074736031261,6.6826434400852515,3486.183171003745,-15438.210046992463,-15423.38005892451,0.21311817409909176,0.6765325870315068,-8.919015289878885,3.1744481196472014,3446.88657125346,-15575.315452649264,-15553.070470547334,0.22521853634557165,0.6731254007125826,-8.922804879289474,2.9887655413928718,3447.7147174365446,-15572.367586214066,-15550.122604112137,0.2616570882358485,-0.12718411809939048,0.1616335317381067,-10.278140608580362,0.568073343105667,7.862616928463747,3368.543471897652,-15853.437200437123,-15816.362230267241,-137.10540565680094,-129.6904116228252,-134.15753922160366,-126.74254518762791,-415.22715344466087,-392.9821713427318
264,12111,-1.5825160658135538,-0.1773854216320116,-8.921342302280648,5.637441852885257,3972.7468763563384,-13495.603257054961,-13480.79951823592,0.2431679374103058,0.7750033441887282,-8.914321741665033,3.187111559370748,3952.55651497608,-13555.310925167738,-13533.105316939174,0.2585614407518657,0.7805851379434625,-8.918707483690419,3.0189541629781083,3953.0770144792045,-13553.716171384132,-13531.510563155569,-2167.8329067691543,-252.03023985108842,0.09186136668319193,-21.18886849643619,1.7269515151172423,0.003967777837258132,3918.0877507603036,-13657.389629311681,-13620.380282264076,-59.707668112776446,-52.30579870325528,-58.11291432917096,-50.711044919649794,-161.78637225671991,-139.5807640281564
265,12439,-1.3000292892983936,-0.14792888224169815,-8.788204639945166,6.760005110875639,4021.8861783282805,-14040.69710995779,-14025.83992600337,0.21685533575736285,0.7560663041177006,-8.863975522549191,3.486500811599375,3968.3249790885275,-14205.46560299302,-14183.179827061389,0.23076298532341905,0.7670152998156285,-8.864276538204068,3.3238229204767866,3970.727599358286,-14197.936695947095,-14175.650920015465,-912.0073304569844,-107.45597732657193,0.09339890957756684,-18.55758370157668,1.5011329866320366,0.009306136567544093,3916.89375332732,-14363.734301296608,-14326.591341410558,-164.76849303522977,-157.33990105801968,-157.23958598930585,-149.81099401209576,-323.03719133881896,-300.7514154071887
266,11964,-1.375863898570438,-0.15473635940148173,-8.891665177417007,6.462605194202496,3498.0680816706245,-14708.02672914886,-14693.24741430936,0.23065972026027862,0.820724053798126,-8.936015087806192,3.5581594084654795,3469.1026806693862,-14805.505862350488,-14783.33689009124,0.24812794113372832,0.8532385964465042,-8.93863531389478,3.438704212624938,3470.5247022994004,-14800.602697935245,-14778.433725675995,10.98040342596891,0.6475024974925452,0.17918046246681169,-11.153403969699276,0.6175735892842231,,3411.894379283617,-15000.446766522526,-14963.498479423777,-97.47913320162843,-90.08947578187872,-92.57596878638469,-85.18631136663498,-292.42003737366576,-270.25106511441663
267,12255,-1.3449671234277956,-0.15039052946604634,-8.943163696564076,6.649354873278573,3856.858845268814,-14163.771863941789,-14148.944485349864,0.22019156779048968,0.6586605665831372,-8.95711386465035,2.991306947820304,3819.6922488918144,-14280.4397896763,-14258.198721788414,0.23375466986918692,0.6647037261291003,-8.956288380212337,2.8435954948026487,3820.5759821328443,-14277.60477116919,-14255.363703281304,-4.183486877422594,-0.5565383932919559,0.16727512271910028,-10.248245444173868,0.7128433585209142,1.7968212293224621,3751.4008222868733,-14497.52652670199,-14460.458080222179,-116.6679257345113,-109.25423643854992,-113.83290722740094,-106.41921793143956,-333.7546627602005,-311.51359487231457
268,12186,-1.2358578003438767,-0.13995462548998208,-8.830417687283505,7.145172919430089,3502.9784141994123,-15187.971432204798,-15173.155346143181,0.20688415163388693,0.5632512225897325,-8.96889648375894,2.7225440815132687,3423.9870700488477,-15463.908502884009,-15441.684373791584,0.21719864862659563,0.5515876921675406,-8.966153511970976,2.539553978145698,3425.669543790078,-15457.92203477945,-15435.697905687026,-16.300403745216503,-1.9036018255505067,0.10946195351953052,-11.48615071388816,1.1082680479280191,0.5253199416904362,3345.27623516187,-15743.311119016647,-15706.270903862605,-275.9370706792106,-268.5290276484029,-269.9506025746523,-262.5425595438446,-555.3396868118489,-533.115557719424
269,12193,-1.325379964730495,-0.1487128003622106,-8.912346223743677,6.724370717008634,3579.4520359810963,-14940.378377528823,-14925.561142937702,0.2228694551212373,0.6908103084846795,-8.94078907652703,3.0996186000853734,3520.98685100318,-15139.177827536982,-15116.951975650301,0.23617219169597567,0.6925360719841185,-8.942197499895144,2.9323353736566062,3522.579638264345,-15133.663332732109,-15111.437480845429,-25.213412860185382,-3.05270524049971,0.13629509719119273,-12.587394248828135,1.2232582767569082,0.3275783022655361,3468.4240923414936,-15318.572337910588,-15281.529251432787,-198.7994500081586,-191.39083271259915,-193.2849552032858,-185.87633790772634,-378.19396038176455,-355.9681084950844
270,12158,-1.1771510412027588,-0.13188089632828276,-8.925864730798851,7.582599359279174,3586.7476447923846,-14837.77571592181,-14822.964230585194,0.21017381826020728,0.7541553352005599,-8.925383450890962,3.5882458692684174,3539.302196148269,-14997.674748735768,-14975.457520730843,0.22141417178328954,0.7438749023397051,-8.932111104549891,3.359653523297403,3542.1767446196864,-14987.8042788728,-14965.587050867874,-314.65386834485776,-37.691913119332916,0.11469112912493547,-16.289859488062962,1.3307235408556783,0.02653088997722115,3484.5154638297404,-15183.34670014109,-15146.317986799546,-159.8990328139571,-152.49329014564864,-150.028562950989,-142.62282028268055,-345.5709842192791,-323.35375621435196
271,12205,-1.362344581534516,-0.1510862132408255,-9.017001302183623,6.618737597228936,3812.3075031423323,-14197.872916085855,-14183.0537141202,0.22461323517439621,0.6809415583244327,-8.97433152173559,3.031618140381309,3743.775275489129,-14417.273025008917,-14395.044222060436,0.23573924308907623,0.6635624273996062,-8.979823828919061,2.8148152963606194,3745.873886196173,-14410.433306940191,-14388.20450399171,-934.1246181611799,-106.30858999256372,0.06848336751412297,-18.721619000849884,1.582556816357338,0.009406577587662012,3680.734441943484,-14620.541085508403,-14583.493080594268,-219.40010892306236,-211.99050794023606,-212.56039085433622,-205.15078987150991,-422.6681694225481,-400.43936647406736
272,12125,-1.3233004319622466,-0.14844983742258033,-8.914125168054664,6.736282217361947,3854.0163492285974,-13893.112699425803,-13878.306649994192,0.22907487174781271,0.7889446387594562,-8.928154585791098,3.444047060857906,3806.4564872893093,-14041.670177453107,-14019.46110330569,0.24234032753661827,0.7887012218077885,-8.935187376740961,3.254519088196799,3808.7839420805562,-14034.258621512281,-14012.049547364864,-2059.5777878104536,-234.6665231079149,0.06175631292079683,-20.519829118831908,1.6544202159219519,0.004261366243280193,3764.4300745129412,-14172.284660143781,-14135.269536564752,-148.55747802730366,-141.1544533114975,-141.1459220864781,-133.74289737067193,-279.17196071797844,-256.96288657055993
273,12098,-1.3273055243272738,-0.14738120502575913,-9.005934807598354,6.785125686991235,3866.980087381088,-13794.570933401266,-13779.769342543932,0.2090961480424443,0.6323893364678215,-9.026551245122844,3.024394960826601,3817.4269660602777,-13948.601702584607,-13926.399316298606,0.2205552761147128,0.6302888004544673,-9.030034094191645,2.8577362172313143,3819.173388532,-13943.068292834148,-13920.865906548148,12.903956712151446,1.0370075992028758,0.16148646880174503,-10.518312200354986,0.4452442256392533,,3731.926654347646,-14218.645561790205,-14181.64158464687,-154.03076918334045,-146.6299737546742,-148.49735943288215,-141.0965640042159,-424.07462838893844,-401.8722421029379
274,12160,-1.362405373280624,-0.15482978380235485,-8.79937528699115,6.458705653665007,3253.478231011507,-16028.075087034465,-16013.263272723425,0.23039199458819648,0.7741222977675462,-8.891076298940565,3.360022552655162,3200.611936510488,-16225.287835036423,-16203.070113569862,0.24561056054068114,0.784468160166439,-8.893867876878591,3.193951263494248,3201.140772265894,-16223.278809354579,-16201.061087888018,17.887851392560204,1.3097821836176904,0.18207123582578366,-11.154198573853424,0.6055264349675497,,3125.411027420326,-16510.40665040752,-16473.37711462992,-197.21274800195715,-189.8068408464369,-195.20372232011323,-187.79781516459298,-482.33156337305445,-460.1138419064937
275,12137,-1.2871553138260368,-0.14491642273572375,-8.882052768949123,6.900529154129384,3634.7038027741946,-14629.957332122045,-14615.149304287832,0.2247696060149782,0.7874833866307982,-8.931167469580332,3.503513667138438,3584.959744600243,-14795.20977657418,-14772.99773482286,0.23859473063720946,0.7933543039651665,-8.93669893816989,3.3251124274470496,3586.59477395923,-14789.675592424144,-14767.463550672825,332.96934429826126,29.649308018624506,0.170376202455761,-11.945180502410158,0.48273798785777317,,3503.7838374108705,-15069.192762810468,-15032.172693224937,-165.25244445213502,-157.84843053502846,-159.71826030209922,-152.31424638499266,-439.23543068842264,-417.02338893710476
276,12240,-1.2553317370414598,-0.1424358101744611,-8.81331552440274,7.020706371348327,3151.5335825089946,-16603.47791543445,-16588.65298632232,0.2320453287663723,0.7357136751296279,-8.896048262628828,3.1705601618481993,3057.963202675846,-16970.39288207412,-16948.155488405922,0.24498168836344436,0.7317609233739925,-8.901645471208429,2.987002531749978,3060.9792904516444,-16958.326444970968,-16936.08905130277,-159.6302746836137,-18.068412842979097,0.04260027620210386,-16.221637848949946,1.6849970196309176,0.055345204290512616,2988.8973130195736,-17246.01013185052,-17208.94780907019,-366.91496663966973,-359.50250208360376,-354.84852953651716,-347.4360649804512,-642.532216416068,-620.2948227478701
277,12226,-1.2841162120497174,-0.14369547688610412,-8.936371832131734,6.9591612879549425,3629.6791781635925,-14843.50586322808,-14828.683223006903,0.2239450302831752,0.8201626649683074,-8.92852939482061,3.6623392085603497,3579.426847744357,-15011.955553061525,-14989.721592729758,0.23892466478570878,0.8381806454961509,-8.935650453141943,3.508137789992984,3581.111243733668,-15006.20363177235,-14983.969671440584,36.158936631264346,3.0099235799484054,0.16861100352308597,-11.107698917534965,0.5101463239968352,,3516.640171156285,-15224.31482338241,-15187.258222829467,-168.44968983344552,-161.03836972285535,-162.69776854427073,-155.28644843368056,-380.80896015433063,-358.57499982256377
278,12171,-1.147032276037431,-0.12910851545375512,-8.884249594274685,7.745422495839835,3414.5696683715437,-15465.39698659701,-15450.583363893262,0.20602655068922845,0.7045064857789536,-8.96511036201839,3.419493669248654,3356.500447645042,-15672.160978496824,-15649.9405444412,0.21764764738170592,0.7050026039913339,-8.969592126314595,3.239192394094272,3358.4263387015703,-15665.179511255994,-15642.95907720037,54.69839645500764,4.722660994325281,0.15874455628634623,-11.14087662960005,0.47244655224976734,,3279.890316059468,-15949.176176984412,-15912.14212022504,-206.76399189981385,-199.3571805479387,-199.78252465898368,-192.37571330710853,-483.7791903874022,-461.55875633177857
279,12127,-1.3147991583199623,-0.1494882144451209,-8.795336563489709,6.689490564268619,3348.7425461942894,-15601.623348638695,-15586.816969337382,0.22605337430653216,0.6926301560953595,-8.915128097828742,3.064011577885767,3254.3402496596455,-15946.3991482313,-15924.18957927933,0.2386904208312331,0.687254456004123,-8.919435372348683,2.879271206656629,3255.8789263496947,-15940.666765937189,-15918.457196985219,-8.924619849774182,-1.0831046963064939,0.14343799623748466,-10.883332107432603,1.042411996627074,0.9232717791826681,3197.1060254563154,-16157.574976144437,-16120.559027891153,-344.775799592604,-337.3726099419473,-339.0434172984933,-331.6402276478366,-555.9516275057413,-533.7420585537711
280,12149,-1.1379386913850094,-0.12666472842378887,-8.983863981279365,7.89485764856533,3373.746752313873,-15561.577487817092,-15546.767483535383,0.21005418948608107,0.6774020190659219,-8.978555880446395,3.2248917325726985,3282.285014883931,-15893.481721391392,-15871.266714968828,0.22128959743583532,0.6705941802114411,-8.982882305101105,3.030391794200291,3285.035650713443,-15883.304823277713,-15861.089816855148,-589.6475038965748,-67.48678545628879,0.07738164482927364,-17.20440391821621,1.416761500850216,0.014817715694099853,3219.5602207770903,-16123.89737977429,-16086.872369070015,-331.9042335742997,-324.49923143344495,-321.72733546062045,-314.3223333197657,-562.3198919571969,-540.1048855346326
281,12034,-1.37390409764196,-0.15428433143504144,-8.90501378113316,6.4815395750088305,3629.0102889619416,-14422.070544839466,-14407.279562327905,0.2325115703477881,0.780385982628699,-8.942884083804671,3.3563318223751475,3601.1964038363844,-14512.658200748363,-14490.471726981023,0.24699599149187232,0.7831688710382926,-8.951348710016196,3.170775632057428,3600.6274165726177,-14514.559717063441,-14492.3732432961,10.698764936124075,0.16357431162817782,0.19555240199045293,-11.903671751894402,0.7361248544815088,,3538.1968463355624,-14721.044975706061,-14684.06751942716,-90.58765590889743,-83.19216465311729,-92.4891722239754,-85.09368096819526,-298.97443086659587,-276.78795709925544
282,12413,-1.2895182078925638,-0.14400190915461983,-8.954868830995592,6.944352376094302,4009.4437658639863,-14023.829396609994,-14008.976397430963,0.21743313259775468,0.6967655450965508,-8.954560947731402,3.2045049288120584,3926.729757876881,-14280.585371931624,-14258.305873163075,0.23018551987799815,0.70355408866632,-8.958124094028138,3.0564654502994557,3929.255576623761,-14272.603435140662,-14250.323936372113,-165.1593722573659,-18.722507506767613,0.05804810118643017,-15.685710602929028,1.5269212064720674,0.053411649034646166,3864.894526516821,-14473.61151529205,-14436.47901734447,-256.7559753216301,-249.32947573211277,-248.7740385306679,-241.34753894115056,-449.78211868205653,-427.50261991350817
283,12123,-1.2800465821315974,-0.1430043101270989,-8.951104907215186,6.992796224891566,3436.6136968210585,-15278.470543099718,-15263.664823592226,0.21343840427142538,0.6736385741584324,-8.99124351813925,3.156126360941959,3377.8578100257932,-15485.530120814576,-15463.321541553336,0.22542562598732413,0.6688997366536029,-8.993939751512235,2.967274610967325,3378.704934073643,-15482.490206800645,-15460.281627539405,-1509.102923354385,-182.05444057762082,0.1348349507721147,-17.883991885404697,1.254672042801946,0.005492862447228468,3325.7181174150637,-15670.11670416584,-15633.102405397107,-207.05957771485737,-199.6567179611102,-204.01966370092669,-196.6168039471795,-391.64616106612084,-369.4375818048811
284,12183,-1.3019707875731084,-0.14748754440826797,-8.827666043235862,6.780233571669265,3403.569129605561,-15531.967643092607,-15517.152049459897,0.22266398933805698,0.7490519323995698,-8.91285011182363,3.364046133487398,3370.0390323077827,-15650.582979028964,-15628.3595885799,0.23698806970642738,0.7590093452157933,-8.915818580897943,3.2027322985331197,3370.8413601413886,-15647.68283558363,-15625.459445134566,6.0887250462035105,0.34991467026011674,0.1674845331051061,-10.664942488317143,0.562899833200355,,3289.161057219125,-15942.529882552375,-15905.490898470603,-118.61533593635795,-111.20753912000328,-115.71519249102312,-108.30739567466844,-410.56223945976853,-388.3388490107063
285,11997,-1.1713705866350619,-0.13065218702756445,-8.965564322225475,7.653909381471159,3929.544805744431,-13386.247899368229,-13371.4630755732,0.2021086506263579,0.6605212037577015,-8.967533978441008,3.2681490956011556,3847.4104558065183,-13637.66389609203,-13615.486660399485,0.21282149635041644,0.6565811465073828,-8.966719643902318,3.085126069343596,3851.877919071123,-13623.741528155973,-13601.564292463429,-3773.4027277280447,-424.0548589326424,0.0473653188089621,-19.22656769409624,1.3553002143881667,0.002358185453922229,3744.149506209721,-13960.052155621459,-13923.090096133885,-251.41599672380107,-244.02358482628551,-237.49362878774446,-230.1012168902289,-573.80425625323,-551.6270205606852
286,12138,-1.3522096075064782,-0.15097652257649635,-8.956423054593435,6.623546382804802,3548.386167151448,-14923.8965787688,-14909.088386156007,0.2264843491915956,0.8044949318225235,-8.934829658157378,3.552099448346238,3517.252530635553,-15028.865684316097,-15006.65339539691,0.24251894577269797,0.8278840414204963,-8.939019070870712,3.4136881091196667,3518.0994539933895,-15025.943312901127,-15003.73102398194,17.546999293339958,1.2876230915332718,0.17818147448186855,-11.04715600437448,0.5605408252280204,,3449.923878983623,-15259.468790891697,-15222.448309359717,-104.96910554729766,-97.56500924090324,-102.0467341323274,-94.64263782593298,-335.5722121228973,-313.3599232037104
287,11991,-1.3211476383956962,-0.1474270638566532,-8.961364377983402,6.783015098044166,3817.0834549968395,-13721.734742558838,-13706.950919264078,0.19727775847828982,0.5225669101594727,-9.008544447640617,2.6488891306871802,3773.0599244554783,-13858.834110779317,-13836.658375837178,0.20585474168313223,0.501363912087642,-9.007846950423396,2.435522776829599,3772.8438437464765,-13859.520847282176,-13837.345112340037,-5.266335896248694,-0.6478350696230085,0.1488743822756685,-10.157673603324398,0.7413891465333222,1.5436027576925175,3714.3939270584306,-14042.742680158948,-14005.783121922052,-137.09936822047894,-129.7074565731,-137.7861047233382,-130.39419307595927,-321.0079376001104,-298.83220265797354
288,11965,-1.2285136672455799,-0.13743714993347056,-8.938730669547997,7.276053093971112,3248.811541085491,-15594.728282237016,-15579.94880023633,0.21948223809722298,0.7705521744651187,-8.943677386933654,3.5107723574597,3197.137397969849,-15784.567954966808,-15762.39873196578,0.2322175759445214,0.7687843778439111,-8.951415880600582,3.310620975681788,3197.9246583775534,-15781.62206617237,-15759.452843171342,-1115.824975301903,-133.48404806981281,0.1203328668152714,-18.300235985641905,1.3863967434524966,0.007491531868115021,3145.2277127655966,-15976.429669589304,-15939.480964587592,-189.83967272979135,-182.44993172945033,-186.89378393535299,-179.50404293501197,-381.7013873522883,-359.5321643512616
289,12172,-1.1633734008235377,-0.13210995168018683,-8.806099661892576,7.569452469567248,3449.725164095322,-15342.989111629322,-15328.175324607288,0.22792067419777448,0.8308829184350898,-8.863220188981138,3.6454916666054813,3371.6460455147667,-15619.648785930684,-15597.428105397634,0.2436759469053001,0.8540758677990186,-8.864325279444472,3.50496583124365,3374.7695873481457,-15608.377688511973,-15586.157007978924,-1928.838537343772,-238.55316187331593,0.13581234850803542,-18.81679739846058,1.3238885625351036,0.00419193773055522,3308.5625962262793,-15845.544171520925,-15808.509703965841,-276.6596743013615,-269.25278079034615,-265.38857688265125,-257.9816833716359,-502.5550598916034,-480.33437935855363
290,12289,-1.283479391695278,-0.14559025035127185,-8.81569602771183,6.868591801904709,3912.6587037638064,-14060.606088672488,-14045.773169007918,0.222159418427059,0.6896578689449044,-8.906793826576807,3.1043377491165782,3854.793104126718,-14241.709512350937,-14219.460132854083,0.23656474700266764,0.7036189213903019,-8.904135230233164,2.9743185758035517,3856.2679408472923,-14237.008662863575,-14214.75928336672,-77.46650278874901,-9.212427670733536,0.11310919261098948,-14.275534119719051,1.3450365603287275,0.10854902049074924,3785.9956371323915,-14459.015178299052,-14421.93287913763,-181.10342367844896,-173.68696384616487,-176.4025741910864,-168.9861143588023,-398.4090896265643,-376.15971012971204
291,12109,-1.24005460106557,-0.13725878230044813,-9.034428109315387,7.285508316772639,3636.8805479146777,-14560.979540082128,-14546.176131568618,0.21647843497580516,0.6247569020450648,-8.971238877795544,2.886000640733065,3540.7398728170856,-14883.387072433381,-14861.181959663118,0.22687351172456804,0.6083544743252115,-8.972294711682798,2.681469818582321,3543.4871229552627,-14873.995376314479,-14851.790263544215,-29.26062130657815,-3.2951080209958614,0.0517981675316742,-12.804308085425612,1.5056703085170382,0.3034801874864715,3494.5021975738982,-15038.55716655269,-15001.548645268918,-322.4075323512534,-315.0058280944995,-313.0158362323509,-305.61413197559705,-477.5776264705619,-455.37251370030026
292,12386,-1.1639107862373803,-0.13087870200024965,-8.893049582927253,7.6406625731824,3481.229440504562,-15716.079378911256,-15701.23073474826,0.1981310990217591,0.5971426398952137,-8.968682121858704,3.0138763820698053,3404.9353232059793,-15988.547864066199,-15966.274897821704,0.20821801325036188,0.58633467344544,-8.969850541466695,2.8159651717569205,3406.3922434987635,-15983.249215647105,-15960.97624940261,-7.370742964442488,-0.863217124557066,0.11821734254048866,-10.332342085349824,0.9575772011111201,1.158457092140196,3352.8222606849254,-16175.583183090335,-16138.461572682845,-272.46848515494275,-265.044163073444,-267.16983673584946,-259.7455146543507,-459.50380417907945,-437.230837934585
293,12064,-1.3176176325111426,-0.14867057114934676,-8.862666110211766,6.726280744529136,3279.0394504965466,-15711.474604665731,-15696.678642485236,0.21462597045781956,0.6756517179135139,-8.934901670606225,3.1480426924676372,3228.423924692407,-15897.14773703862,-15874.953793767876,0.22655224466571391,0.6682432077685159,-8.940173606867953,2.949620776234343,3228.8409017790455,-15895.58967438659,-15873.395731115847,-3.587626832151513,-0.5026317518435869,0.16868355811559582,-10.347298989166191,0.7474133402355336,1.9895281114496488,3180.320711719958,-16074.252802876494,-16037.262897425255,-185.67313237288909,-178.27515128263985,-184.11506972085954,-176.7170886306103,-362.77819821076264,-340.5842549400186
294,12264,-1.2759882546920804,-0.1434266199126124,-8.89645349984208,6.972206418928957,3409.1333393709183,-15696.495872348956,-15681.667025507853,0.21161061656667796,0.6325841469672183,-8.963164773302623,2.989378119258457,3346.65081503664,-15921.35555620454,-15899.112285942885,0.22381222728130143,0.6285416066538598,-8.963622080965793,2.808343468490972,3347.0298420627123,-15919.966667881108,-15897.723397619453,-86.19146331288859,-10.476196039794576,0.13480430535853327,-14.082849617368396,1.1998589015671428,0.09545449476140279,3267.1613014017544,-16212.164758955727,-16175.092641852969,-224.85968385558408,-217.44526043503174,-223.4707955321519,-216.05637211159956,-515.6688866067707,-493.4256163451155
295,12257,-1.2274984338954906,-0.13847195054063444,-8.864599863748454,7.2216791638719,3395.8943807812134,-15728.227644623143,-15713.39993966046,0.22736970587755628,0.8242000143363816,-8.884241274263443,3.624933282801676,3337.2771317929905,-15939.645577406756,-15917.404019962732,0.24259276892328563,0.8395659567949736,-8.89041594636724,3.4608037185991596,3338.959400882419,-15933.468572573389,-15911.227015129365,-22.064083811765606,-2.6812268292876658,0.12919153757733767,-12.527644041098538,1.2529834310398853,0.3729635960213313,3267.8558742312794,-16193.302065610345,-16156.23280320364,-211.41793278361365,-204.004080302273,-205.24092795024626,-197.8270754689056,-465.07442098720276,-442.8328635431808
296,12035,-1.3372402792451712,-0.15061773688576185,-8.878371876344284,6.639324296569826,3711.382020453144,-14154.151537066136,-14139.360388365702,0.22793925789023375,0.7397537004246141,-8.904078998645367,3.2453983893412923,3650.381677720308,-14351.602635325538,-14329.415912274886,0.24057998301325723,0.7330638590157126,-8.909146436228356,3.0470692109713755,3652.2291692764643,-14345.513152586125,-14323.326429535473,-579.3091756592386,-67.24212299732908,0.08355939679863011,-18.326769581211007,1.6118756999951558,0.014871630392153458,3610.3760220999447,-14480.22596682494,-14443.248095073855,-197.451098259402,-190.05552390918456,-191.36161551998885,-183.96604116977142,-326.0744297588044,-303.8877067081539
297,12214,-1.3578069673252817,-0.15251556900793284,-8.902743347170397,6.556707662730398,3664.5559221178255,-14700.137482594668,-14685.316806367102,0.22744954731827652,0.7491844260438062,-8.948818901972581,3.293848833189593,3630.4431736194465,-14812.368105976982,-14790.137091635634,0.24227097394627314,0.7597998344852819,-8.95455334421243,3.1361570976050053,3630.4040058543615,-14812.4998798791,-14790.268865537751,7.200786660061127,0.40636776133003044,0.18563542033629857,-10.86792824841786,0.6084299419750865,,3574.030029346077,-14999.65044058934,-14962.598750020425,-112.23062338231466,-104.82028526853173,-112.36239728443252,-104.95205917064959,-299.5129579946715,-277.28194365332274
298,12110,-1.251215033152915,-0.14067304931696656,-8.894490019432643,7.108682187920627,3497.6394236976607,-15035.932963196816,-15021.129389523721,0.22184710599910334,0.8033734984985825,-8.91288653896953,3.6212935700943043,3452.5659748475846,-15191.006628428751,-15168.80126791911,0.23703165207398852,0.8225908010181769,-8.9194008456335,3.470383781324734,3453.642308991441,-15187.231935847256,-15165.026575337615,8.117453215147044,0.47079018635374786,0.1713333123811123,-10.934985336296196,0.6003368956256623,,3390.8035664603094,-15405.601596742517,-15368.592662559782,-155.0736652319356,-147.67187839538929,-151.2989726504402,-143.89718581389388,-369.6686335457016,-347.46327303606085
299,12177,-1.2621842706626785,-0.140973940051996,-8.953316266801806,7.093509620509761,3526.0025316426972,-15087.980484726031,-15073.165876315017,0.20437125931939476,0.6225974656066965,-8.957198742094336,3.0464042139784975,3454.364614668513,-15335.928811145515,-15313.706898528993,0.21334717210971713,0.5947020700642658,-8.962437654186497,2.787485131316533,3455.0635388886853,-15333.465278688438,-15311.243366071916,-112.02055058888628,-12.671242305409823,0.047879231072646966,-15.459628914210445,1.6081007338256794,0.07891886019518883,3405.6176506681027,-15504.990999685615,-15467.95447865808,-247.94832641948415,-240.54102221397625,-245.4847939624069,-238.077489756899,-417.0105149595838,-394.78860234306194
300,12192,-1.516647842082028,-0.1707981058983582,-8.879769679557125,5.854865864818777,3776.8102908350575,-14283.807042697177,-14268.989972141324,0.2673732688319405,1.0677233514355398,-8.855208303400296,3.9933810739571927,3776.239701940577,-14283.649111747796,-14261.423505914017,0.2878603585328605,1.1085574379840684,-8.865101440327981,3.851025002657744,3778.3309219958924,-14276.899249489617,-14254.673643655839,130.6099609168161,-3.12084338692258,0.21026796777791681,-14.702154746010955,0.8553204235123505,0.3204262040800727,3729.0575407962724,-14432.94150462452,-14395.898828234887,0.1579309493808978,7.5664662273065915,6.907793207559735,14.316328485485428,-149.13446192734227,-126.90885609356337
301,12247,-1.3071043909168767,-0.1477234406753679,-8.848320787418738,6.7694063679275285,3476.9977494721743,-15416.34225470914,-15401.516182133097,0.2129904728737458,0.7206784625867665,-8.92497550033769,3.383618303969692,3426.873714223899,-15592.178661216141,-15569.939552352078,0.22476903259093312,0.7135365889577312,-8.929973937202455,3.1745324555288152,3427.960792976686,-15588.294262961741,-15566.055154097678,-305.4787305692365,-39.60999272195542,0.1524423049189988,-15.640768137853238,1.126030678176637,0.025246154600924983,3376.3227702768436,-15770.183930695237,-15733.11874925513,-175.8364065070018,-168.4233702189813,-171.95200825260144,-164.53897196458092,-353.84167598609747,-331.6025671220341
302,12192,-1.2215153757690502,-0.13920532755103363,-8.774918297011544,7.183633109396572,3540.4998568457277,-15071.55527043483,-15056.738199878977,0.20669708369282852,0.7171869798741477,-8.881254628575379,3.4697489053109023,3494.308503630915,-15229.665693676012,-15207.440087842233,0.2192759632326378,0.7207780213595655,-8.88059512203543,3.2870817700837827,3495.262700311872,-15226.33685828195,-15204.11125244817,-68.25206544015361,-8.335562651949814,0.11840329739057925,-13.878401939506366,1.2005807481908761,0.11996790639754652,3425.9715672287157,-15466.46259876615,-15429.419922376517,-158.1104232411817,-150.701887963256,-154.78158784711923,-147.37305256919353,-394.90732833131915,-372.68172249754025
303,12105,-1.428738932516968,-0.16139961242430245,-8.852183168575182,6.195801743136198,3763.1929414025103,-14138.88651631278,-14124.083768574035,0.227465771193827,0.7740708422459304,-8.91137311952428,3.4030212026333095,3734.624008367493,-14229.134329332679,-14206.930207724563,0.24106825070471027,0.7749604693436624,-8.91732247608081,3.214693212723928,3735.6764062907346,-14225.723682842447,-14203.51956123433,14.820298091354992,1.0916170508716319,0.17748614015906614,-10.9878860786331,0.5825612750568503,,3676.3219660017244,-14415.598754618122,-14378.591885271262,-90.2478130198997,-82.84643915052766,-86.83716652966723,-79.43579266029519,-276.7122383053429,-254.5081166972268
304,12187,-1.25025208079667,-0.14132676667676855,-8.846534242562473,7.075800455317295,3536.2160836434446,-15075.128135881088,-15060.31188570344,0.1998765928423312,0.5883064012936411,-8.930330974070328,2.943348157619013,3464.6916376879835,-15322.152629995131,-15299.92825472866,0.20906686180059852,0.5670910680588437,-8.931597378472453,2.7124866331026554,3465.527463636379,-15319.212979535729,-15296.988604269258,-12.837642481642812,-1.5133510845223734,0.10813653134665799,-11.330991809123992,1.1411951760192889,0.6607852006235609,3402.140415246523,-15540.185971686777,-15503.14534624266,-247.02449411404268,-239.61636902521968,-244.08484365464028,-236.67671856581728,-465.0578358056882,-442.83346053921923
305,12183,-1.1622966501715286,-0.12914190932308253,-9.000150735449768,7.7434196632344685,3574.283076653478,-14935.73170826756,-14920.91611463485,0.2200573407102257,0.6502939747662974,-8.969127028262585,2.955111484431745,3476.966695725071,-15270.035425224192,-15247.812034775128,0.23065548051040222,0.632360083869637,-8.976010889549425,2.741578402864434,3478.2310406815704,-15265.606071708024,-15243.38268125896,4.46643508455364,0.27693673845559763,0.18155152072518663,-10.337687973465286,0.5310513882566805,,3413.415404624801,-15490.774002451055,-15453.735018369283,-334.30371695663234,-326.89592014027767,-329.87436344046364,-322.46656662410896,-555.042294183495,-532.8189037344328
306,12422,-1.2416767831833175,-0.1392116465248383,-8.919345573301413,7.183307036179468,3714.657150288007,-14991.623600890125,-14976.769152143886,0.19926671879951616,0.5799432592518503,-8.959268819476666,2.9103869564658003,3649.2320595526226,-15210.358008744468,-15188.07633562511,0.2075650250663604,0.5533327894638703,-8.962872449341276,2.66582864471972,3650.0767585854537,-15207.482982712801,-15185.201309593444,-57.31164053256591,-6.44567657514027,0.03910231864065564,-14.002644865916947,1.5288943350972426,0.15514275163243638,3601.7807780871217,-15368.941704582647,-15331.80558271705,-218.73440785434286,-211.30718348122355,-215.85938182267637,-208.43215744955705,-377.3181036925216,-355.03643057316367
307,12231,-1.3641482729461216,-0.15166743534826618,-8.994338631847356,6.5933731766727055,3937.723687461276,-13858.259483441854,-13843.43602545888,0.21931823120067465,0.7610215323885268,-8.935105421388181,3.4699419570468693,3924.5596388517756,-13897.216956561902,-13874.98176958744,0.23374476735286337,0.7724622808740749,-8.938603533155803,3.3047254474276992,3924.6606440030287,-13896.902175230629,-13874.666988256167,7.2304713505606,0.40868668007903586,0.18010673690718826,-10.912666519781157,0.6206410237372548,,3872.913719249146,-14055.241358853604,-14018.182713896167,-38.957473120048235,-31.545744128561637,-38.642691788774755,-31.230962797288157,-196.98187541174957,-174.74668843728796
308,12109,-1.585819787881878,-0.17868848768754408,-8.87477312279263,5.596331430979521,3645.6682182054965,-14531.756268226214,-14516.952859712705,0.25285019129797504,0.7342553164778376,-8.894411321616063,2.9039144194775144,3595.0130238112847,-14699.186114845332,-14676.981002075068,0.26894359025605274,0.7402070144940623,-8.89645140823105,2.7522760954791097,3595.550853878211,-14697.37468964883,-14675.169576878567,-23.0102237133439,-2.7302823093844046,0.12681700267202817,-12.871819667538606,1.5425237665920917,0.3662624910848393,3561.9381230873423,-14807.107187345313,-14770.098666061542,-167.4298466191176,-160.02814236236372,-165.61842142261594,-158.21671716586206,-275.35091911909876,-253.14580634883714
309,12291,-1.202392556441922,-0.13553719094689123,-8.871310878156434,7.37804873344202,3358.964432565222,-15940.310042793197,-15925.476797660767,0.21198783860167417,0.710432339283044,-8.936042632040023,3.351288186950897,3281.539382676531,-16224.937214803096,-16202.687347104451,0.22188112798711224,0.6894779667678682,-8.944384229331545,3.1074205049467567,3283.975516241172,-16215.81606604991,-16193.566198351265,-1200.1034811389716,-140.40734072149323,0.09624625313033415,-18.150846027563436,1.3761050120328804,0.0071221347463845406,3218.748518547945,-16458.399471379333,-16421.316358548258,-284.62717200989937,-277.2105494436837,-275.5060232567139,-268.0894006904982,-518.0894285861359,-495.83956088749073
310,12215,-1.241792265486842,-0.14017180262108672,-8.859073239171094,7.134102446432869,3396.758581357947,-15629.283298505929,-15614.462458538545,0.21437127394326366,0.6470305515907075,-8.932538997245006,3.0182707770909323,3306.3671117620725,-15956.7411621157,-15934.509902164626,0.22605495513681503,0.6385063418004338,-8.932318632516308,2.824562467184102,3307.6668495719255,-15951.940371057011,-15929.709111105936,-29.971004520277788,-3.4324654283840466,0.07094504520460493,-12.893732581334204,1.4397260441138804,0.29133578206810523,3250.758658435078,-16159.927531919582,-16122.875432001123,-327.4578636097722,-320.0474436260811,-322.6570725510828,-315.2466525673917,-530.6442334136536,-508.4129734625785
311,12287,-1.2985724910434815,-0.1483680756810578,-8.752371324374268,6.739994405195822,3477.7107031287874,-15504.252803598869,-15489.420209455135,0.2380068928915496,0.8727553765543009,-8.841415420788957,3.6669331965607452,3415.26832577771,-15724.870767547869,-15702.621876332267,0.25610741928876113,0.9084086174266649,-8.842533628721146,3.5469828244313146,3418.293349821998,-15713.992553631195,-15691.743662415593,-1092.0917716051877,-145.03014791646393,0.1583419594398889,-17.39642417509672,1.1642386071709467,0.006895118114173,3346.647099177988,-15970.261037660352,-15933.179552301013,-220.6179639490001,-213.20166687713208,-209.7397500323259,-202.32345296045787,-466.00823406148265,-443.75934284587856
312,12233,-1.3503752436744862,-0.15136111305059838,-8.921546733229098,6.606716744119812,3851.4333572322853,-14133.5782600272,-14118.754475033105,0.23262228036408877,0.7382307374833333,-8.894202836372283,3.17351689755552,3789.8796159439003,-14328.66564733453,-14306.42996984339,0.2465525166912498,0.7434239265190412,-8.896294724448765,3.01527616304971,3792.4689428610136,-14320.310653584851,-14298.07497609371,-70.1741823098575,-7.7865866617898645,1.0000000811300513e-06,-15.108707944182216,1.836071679341144,0.12842597705964975,3747.818477052581,-14461.189887560839,-14424.130425075604,-195.08738730733057,-187.67549481028436,-186.73239355765145,-179.32050106060524,-327.61162753363897,-305.3759500424985
313,12154,-1.1600396474714734,-0.12973653209521563,-8.941503435748556,7.707929168833376,3225.8180684144513,-16117.937661753942,-16103.126834528552,0.2001374819775134,0.5846211610448327,-9.009337380431285,2.9210978137044727,3148.7885728965784,-16409.685060911102,-16387.468820073016,0.2102340743151123,0.5759939933674189,-9.010990006648537,2.739774678504695,3150.589943738287,-16402.733942876497,-16380.51770203841,-7.313837261358373,-0.8692678573417928,0.13498882703094375,-10.335159242399833,0.8058050154332559,1.1503933931918109,3082.9535136988943,-16662.495778824727,-16625.46871076125,-291.74739915716054,-284.3419855444645,-284.79628112255523,-277.39086750985916,-544.5581170707846,-522.3418762327001
314,12076,-1.269227175362808,-0.14124909482983392,-8.985736700768777,7.079691386374711,3536.4808714804526,-14826.389278123077,-14811.591327541424,0.21438691786042505,0.6987429347954331,-8.960196336507382,3.259261067647534,3467.7223002366027,-15061.491246783533,-15039.294320911053,0.22563851789517925,0.6863350853259821,-8.96671622677616,3.041746115549386,3469.4323260351084,-15055.537718839147,-15033.340792966666,-1370.6009512133055,-161.20506873343584,0.10698809066330726,-18.4875127321722,1.39673358987819,0.006203278891022787,3420.8637013072503,-15221.78422902478,-15184.789352570648,-235.1019686604559,-227.70299336962853,-229.14844071606967,-221.7494654252423,-395.39495090170385,-373.1980250292236
315,12013,-1.2718781126423842,-0.14181536520200935,-8.968549429257212,7.051422097849177,3678.2618722496436,-14213.975019460882,-14199.187530109439,0.21861586418874182,0.6101847455684151,-8.95568237148514,2.791127477563168,3598.7443679091875,-14474.523042896019,-14452.341808868854,0.23088147426870564,0.6098949605640273,-8.951780984920324,2.641593321836711,3601.152338354768,-14466.487663717286,-14444.306429690121,-6.071613460411924,-0.7063336812548476,0.1262620752762371,-9.89484389536549,0.8781001952531305,1.41576145459103,3550.6592319236634,-14632.118465748907,-14595.1497423703,-260.5480234351362,-253.15427875941532,-252.5126442564033,-245.1188995806824,-418.1434462880243,-395.96221226086163
316,12210,-1.358225291625645,-0.15274626293797663,-8.8920361487152,6.5468050135279245,3818.059801628414,-14190.28250734689,-14175.46248621268,0.2287912053746222,0.746762643084384,-8.913656200373865,3.2639482005509635,3764.3275055746913,-14361.336795066176,-14339.106763364862,0.2427240307426629,0.7530541961817181,-8.917993710051414,3.102511909832733,3765.2053453004964,-14358.4897597154,-14336.259728014085,-132.44411895965393,-15.382717760920933,0.08681565683426103,-15.930976244703187,1.6107327843596932,0.065008018449149,3732.78250085653,-14460.087529761875,-14423.03747692635,-171.05428771928564,-163.64427715218153,-168.20725236850922,-160.7972418014051,-269.8050224149847,-247.57499071367056
317,12176,-1.0655423517615514,-0.11941316610946635,-8.923156352665217,8.374285956736944,3199.088965228258,-16270.450491086782,-16255.636046926578,0.19217768899646073,0.537029757440186,-9.030009407353567,2.794443830834475,3095.249448959667,-16670.22891088675,-16648.007244646447,0.19887142196974972,0.49951592247203486,-9.036363611370122,2.5117531595264406,3096.5881313735117,-16664.963980367025,-16642.74231412672,2.790076002945947,0.1318006915429468,0.15184178728750622,-10.202798848840825,0.45818399828636636,,3000.7591393785233,-17043.723839679267,-17006.68772927876,-399.7784197999699,-392.3711977198691,-394.51348928024345,-387.1062672001426,-773.2733485924855,-751.051682352183
318,12057,-1.4751310456280176,-0.165319739724724,-8.9228972177447,6.048884432464706,3922.011651022352,-13536.501788401933,-13521.706987035697,0.2283985917553729,0.7508622231356965,-8.953621764424438,3.287508111870979,3919.2974022197395,-13542.848787327222,-13520.656585277871,0.24377479620939496,0.7651383205054108,-8.957444106865497,3.1387097124190837,3919.703461931633,-13541.599683765297,-13519.407481715945,693.7269407546298,62.35134355561341,0.1738341285219953,-12.236059277236539,0.47642573099494073,,3860.193657069578,-13722.055519246087,-13685.0685158305,-6.346998925289881,1.0504017578259663,-5.097895363363932,2.2995053197519155,-185.55373084415442,-163.36152879480323
319,12239,-1.3854441427598452,-0.1559529169144296,-8.883733438086507,6.412191703658186,3869.3496108128497,-14089.712021070507,-14074.887255363743,0.2245672235581057,0.7562580039260433,-8.920108003935571,3.367624143646969,3827.3569278504074,-14221.26357169329,-14199.026423133142,0.2376463477737164,0.755480896727968,-8.927090379477034,3.1790132850992796,3829.008425947288,-14215.983602781884,-14193.746454221737,24.691537885191927,1.8955439329532997,0.17114123784037263,-11.13108931920018,0.545631155039359,,3734.8499577915836,-14516.71300571543,-14479.651091448519,-131.5515506227821,-124.13916776939914,-126.27158171137671,-118.85919885799376,-427.00098464492294,-404.7638360847759
320,12277,-1.2478516665315533,-0.14007838437820924,-8.908238569930784,7.1388601777417495,3592.4659440897817,-15083.066987282144,-15068.236021537781,0.20790538989685392,0.585105190850521,-8.955965125502566,2.814285820780325,3492.7446452942877,-15426.676823440133,-15404.43037482359,0.21749138814635852,0.5673585858149099,-8.957129064948802,2.608648510869368,3494.7948072309223,-15419.472616869476,-15397.226168252933,-25.908557219469948,-2.8877844300493227,0.01914382056312621,-12.584054902501348,1.5590171902921688,0.3462862357710406,3441.113599648097,-15605.514730044883,-15568.437315683977,-343.6098361579898,-336.1943532858095,-336.40562958733244,-328.99014671515215,-522.4477427627389,-500.20129414619623
321,12117,-1.287372994115419,-0.1456846110234447,-8.83671229975172,6.864142979652615,3738.6608304592432,-14244.16152352117,-14229.356794112708,0.20127545031613694,0.6768126108722128,-8.939957494878376,3.3626187883776426,3696.326450187229,-14380.14998540153,-14357.942891288834,0.21029545230736368,0.6509151314322102,-8.949444761048877,3.0952411204824606,3697.2885225904265,-14376.996607407611,-14354.789513294916,-16.67287083543206,-2.102473445759938,0.14031694949173176,-11.918424116792025,1.0130625962363846,0.4756302639715625,3628.4678737654285,-14600.66574887348,-14563.653925352322,-135.98846188035895,-128.5860971761267,-132.83508388644077,-125.43271918220853,-356.50422535230973,-334.2971312396148
322,11985,-1.1900849177026762,-0.1326934359914088,-8.968679639735367,7.536167803091216,3470.4953981662425,-14849.711839135307,-14834.92901684157,0.20081379798017987,0.5830826296692286,-9.01094406385484,2.903598435635276,3384.6782986555127,-15147.798085308596,-15125.62385186799,0.2103088238554823,0.5666785729289014,-9.011714279164114,2.6945068805971992,3386.3989594183977,-15141.706847858162,-15119.532614417556,-12.625261266626607,-1.4672607812645495,0.11136493061704368,-11.118763341173123,1.0669441345930946,0.6815421040138183,3328.702023217145,-15343.664971020402,-15306.707915286059,-298.0862461732886,-290.69483502641924,-291.99500872285535,-284.603597575986,-493.953131885095,-471.77889844448873
323,12284,-1.1142888670794302,-0.12527143482652733,-8.894995643839067,7.982665811920924,3392.020286422616,-15803.934468733034,-15789.102362969912,0.19994378853308284,0.6720042290297706,-8.957292162884713,3.360965769229587,3317.6485904585625,-16074.26365433099,-16052.015495686308,0.210670623082692,0.6637482495226852,-8.960584842451325,3.1506445455480145,3319.2025315877154,-16068.511344138005,-16046.263185493322,-1302.0300294833805,-150.29409013769543,0.08103216459243442,-17.948989494934285,1.3389184180570899,0.00665362157010849,3241.0407525931455,-16357.239734673909,-16320.159470266106,-270.3291855979569,-262.9131327163959,-264.57687540497136,-257.1608225234104,-553.305265940875,-531.0571072961939
324,12293,-1.249913607808684,-0.14012092385299427,-8.920249549025325,7.136692882849779,3603.1668081072085,-15082.176945864092,-15067.343375316757,0.21249234403883963,0.7402349010113194,-8.93556787814549,3.4835838644427506,3554.2736232124835,-15248.12896082277,-15225.878605001768,0.22432845162240117,0.7349597331300117,-8.941393006966871,3.276266241819054,3555.7498015146425,-15243.024431893635,-15220.774076072632,24.01045140270683,1.8785521723569132,0.1682935899176685,-11.09317163345831,0.5431173918040446,,3499.278179908659,-15435.82605280928,-15398.742126440942,-165.95201495867877,-158.53522968501056,-160.84748602954278,-153.43070075587457,-353.64910694518767,-331.39875112418486
325,12207,-1.3959601351639108,-0.15603185399414835,-8.94663557106912,6.408947752665318,3776.5410552251687,-14317.264994434909,-14302.44546476157,0.22816562774725827,0.7967300419973498,-8.908015740944357,3.491893366514859,3737.3198679877737,-14442.703440770756,-14420.474146260747,0.2435202999904405,0.8141550389494844,-8.910546811578778,3.3432738009169847,3738.933239466398,-14437.434912361612,-14415.205617851603,-1389.0782374809137,-165.6497494546757,0.11694163301780337,-18.74628214205164,1.4207556325918618,0.006036833760944596,3690.8856472414477,-14591.319012509217,-14554.270188325869,-125.4384463358474,-118.02868149917776,-120.16991792670342,-112.76015309003378,-274.05401807430826,-251.82472356429935
326,12136,-1.2337602732606276,-0.13652686428341532,-9.036758294686033,7.324565793323326,3693.731904994891,-14432.244560098503,-14417.436697056446,0.2071836277281185,0.5846473588445033,-9.005114531139151,2.8218801130933002,3635.805476765517,-14622.073793849098,-14599.861999286013,0.21714075916102638,0.5677693997276699,-9.006211986773588,2.6147527618553905,3636.96561233357,-14618.201980698152,-14595.990186135066,-11.13925060703238,-1.3084346151475632,0.12747547283201627,-11.021281757088753,1.074516748752955,0.764272045712595,3575.1352237789733,-14822.294462270258,-14785.274804665116,-189.82923375059545,-182.42530222956702,-185.95742059964869,-178.55348907862026,-390.0499021717551,-367.8381076086698
327,12264,-1.2554503968458568,-0.14126787929267764,-8.887019491846585,7.078749996155942,3620.190405186632,-14959.815588981806,-14944.986742140703,0.20496956434966046,0.6316858182067618,-8.974076528538989,3.0818517871714852,3571.1584290309193,-15125.054722506735,-15102.81145224508,0.21609529675828207,0.6255595656632503,-8.976953018044021,2.894831933167815,3572.274161551664,-15121.223694895802,-15098.980424634146,4.959589139119549,0.301703659489792,0.16575493013824158,-10.436693850054956,0.518064072417539,,3496.8295437834777,-15379.007355844857,-15341.935238742099,-165.23913352492855,-157.8247101043762,-161.4081059139953,-153.99368249344298,-419.19176686305036,-396.94849660139516
328,12314,-1.1920158406277557,-0.13275607831919958,-8.978992568322672,7.532611784415576,3547.777560448989,-15319.731954199135,-15304.894969988192,0.21781676083070245,0.6636636792931213,-8.962446552000285,3.0468898571536114,3460.8724020719183,-15623.127423268676,-15600.871946952262,0.2300966276597613,0.6627547881498892,-8.965360299630074,2.880332471147251,3463.650849278698,-15613.245500860876,-15590.990024544462,-6.924380369292387,-0.8504522478028742,0.15614186147902495,-10.55639572545835,0.9128551880903972,1.1758449725819167,3400.762540482326,-15834.88118383614,-15797.788723308784,-303.3954690695409,-295.97697696406976,-293.5135466617412,-286.09505455627004,-515.1492296370052,-492.8937533205917
329,12086,-1.2170427305798692,-0.13621460208198172,-8.934744968438725,7.341356834843176,3689.578396465534,-14336.46880372199,-14321.669197648147,0.20635463244947966,0.6470506321214091,-8.968822825209797,3.1356244560190425,3618.772171504115,-14568.664140656374,-14546.46473154561,0.21779283297425053,0.6458783809557235,-8.967554197428507,2.9655630634644674,3620.906963091288,-14561.536451323544,-14539.33704221278,-4.122056524409595,-0.5588715095796825,0.15744714181604783,-10.347572687773775,0.6877171875408615,1.7893200545364758,3557.732339943712,-14770.264288698247,-14733.26527351364,-232.1953369343846,-224.79553389746252,-225.0676476015542,-217.6678445646321,-433.7954849762573,-411.5960758654928
330,12291,-1.2929550011860682,-0.14412848752507204,-8.970849714641949,6.938253617807818,3639.1966486384895,-14955.429330670555,-14940.596085538125,0.2152891598262016,0.694085683598613,-8.957097287477481,3.2239694936750825,3592.3484731131302,-15112.681322103123,-15090.431454404477,0.22991352102634469,0.7084473183452363,-8.957349641225525,3.0813643111666265,3593.3764387025612,-15109.16470400239,-15086.914836303746,-228.4692910514978,-28.95460387005451,0.1534926859827102,-15.50860179100016,1.1907925750557553,0.03453682200205205,3539.2130771474513,-15291.838750574881,-15254.755637743807,-157.2519914325676,-149.83536886635193,-153.73537333183594,-146.31875076562028,-336.40941990432657,-314.1595522056814
331,12236,-1.26550602640696,-0.14088268488137692,-8.982693845397074,7.098104361384077,3663.4154060387937,-14752.451339657988,-14737.627064247446,0.21424369513818337,0.6272002418449135,-8.973374855144147,2.9275085151998548,3563.192056704966,-15089.866906922813,-15067.630493807,0.22309163927317205,0.5979634363947273,-8.981531751630731,2.6803489290001177,3564.7759702871126,-15084.428956910482,-15062.19254379467,-141.24170732600604,-16.155875017174893,0.07599101243086452,-15.29014934220268,1.4612291919741263,0.06189698787202339,3501.4204000677705,-15299.850974264527,-15262.790285738174,-337.41556726482486,-330.0034295595542,-331.9776172524944,-324.56547954722373,-547.3996346065396,-525.1632214907277
332,12311,-1.130229012905401,-0.12711424418542808,-8.891442655763093,7.8669389603674045,3274.502057365377,-16299.794100529125,-16284.95760362783,0.190183099553338,0.5376316179138572,-9.015434820765769,2.826915846763109,3196.6920930739943,-16593.86453720693,-16571.609791854986,0.1987867521020496,0.5183827739555397,-9.015543980043073,2.607733002697391,3196.4243062021487,-16594.895872779543,-16572.6411274276,-0.7325873348292335,-0.19029049466611522,0.14967197848992125,-10.072800430237358,0.5057051752421513,5.255123235422797,3130.9764846136004,-16845.583980828982,-16808.492738575744,-294.07043667780454,-286.6521882271554,-295.10177225041843,-287.6835237997693,-545.789880299857,-523.5351349479133
333,12193,-1.3826909901466173,-0.15607827642974104,-8.858958605741899,6.407041536303433,3714.3858039336974,-14489.193364532406,-14474.376129941285,0.2090082204261434,0.6260254061775291,-8.98220868739832,2.995219063159986,3666.074341478792,-14646.822998390217,-14624.597146503536,0.2209887790820436,0.6276430876218178,-8.982354004127851,2.840158175582304,3666.670888478995,-14644.839103583727,-14622.613251697047,-2.7669697010604075,-0.4498158858952704,0.16282166459187117,-10.409701432958816,0.6238779363954905,2.22313179982449,3589.533986753891,-14900.083623312688,-14863.040536834887,-157.6296338578104,-150.22101656225095,-155.64573905132056,-148.2371217557611,-410.89025878028224,-388.66440689360206
334,12221,-1.306862684004504,-0.14719116027263543,-8.878676420403659,6.793886250694308,3497.403810523768,-15286.119107300035,-15271.29728517516,0.22259569129344925,0.7429942003888307,-8.908089242541157,3.337864250972122,3438.366487105943,-15492.174600609811,-15469.941867422496,0.2361143651589127,0.7481214083287075,-8.911179967120423,3.168470532596343,3440.5964905346145,-15484.25105953391,-15462.018326346595,-8.45867822352889,-1.0870706241135917,0.16113683444414748,-11.245236635369181,1.041208821899935,0.919903433887205,3394.6464804939937,-15644.565198655411,-15607.510643343221,-206.05549330977556,-198.64458224733607,-198.13195223387447,-190.721041171435,-358.44609135537576,-336.21335816806095
335,12194,-1.2342840013410188,-0.13868334523164527,-8.900016070995202,7.210671175617246,3372.9523699537376,-15667.187294702311,-15652.369896089376,0.20367569899288718,0.6073338131399165,-8.974995009646824,2.981866840978049,3317.110976332134,-15868.756598287742,-15846.530500368339,0.21685271159427075,0.6187015523313006,-8.971444941403588,2.8530957615548984,3317.255816364628,-15868.224164850853,-15845.99806693145,-0.6193008247536987,-0.205187045202559,0.16563193103953697,-10.273857023476147,0.5914694111580442,4.873602029859185,3263.5793387099643,-16063.148911818695,-16026.105415286356,-201.56930358543104,-194.16060427896264,-201.03687014854222,-193.6281708420738,-395.9616171163834,-373.73551919698
336,12105,-1.2730146903256774,-0.1422867711438335,-8.946823939372582,7.028060247351663,3361.5742407025145,-15505.037391655467,-15490.234643916723,0.2161922705552446,0.7033899788947673,-8.960045663587277,3.2535389775418766,3294.149309676159,-15748.301999044252,-15726.097877436136,0.22878386587924868,0.7032474491813298,-8.962853769302438,3.0738507126743864,3296.1650008262823,-15740.897210445866,-15718.69308883775,-314.593351213761,-37.5294426825821,0.12118379538521681,-15.870644439341326,1.2612349127163356,0.026645746073498525,3228.8086037846338,-15986.82255851648,-15949.81568916962,-243.2646073887845,-235.86323351941246,-235.859818790399,-228.45844492102697,-481.78516686101284,-459.58104525289673
337,12213,-1.252136972600382,-0.1408510829366759,-8.889793010418813,7.0996969221002155,3273.158656854954,-16077.412662052395,-16062.592149578053,0.20398161059784667,0.6153223369766617,-8.976697427142769,3.016557890553088,3198.7089458959335,-16356.411745139709,-16334.180976428195,0.21296612662791717,0.5884763336561437,-8.981225462048469,2.7632391262122993,3199.2873348694293,-16354.203596137253,-16331.97282742574,-87.05099869957257,-10.455192229189814,0.1236405403978048,-14.069680423086478,1.2044047617121432,0.0956462567190399,3128.0561279221674,-16625.195301379885,-16588.144020194028,-278.9990830873139,-271.58882685014214,-276.79093408485824,-269.38067784768646,-547.78263932749,-525.5518706159746
338,12071,-1.3662203202883778,-0.15395535389191456,-8.87413321947571,6.495389570550804,3805.5923163425696,-13929.96854615572,-13915.171423834317,0.22775298610796746,0.8962636223868691,-8.907317784302702,3.9352442209560787,3781.303013736833,-14005.25896884035,-13983.063285358247,0.24318828352175587,0.916775245790606,-8.917638294883055,3.7698166725560625,3782.9661699519465,-13999.95086609873,-13977.755182616627,11.20886016884871,0.7103048323878824,0.16756964054196663,-11.017759105712424,0.5775182726968686,,3716.401002434768,-14210.243411363439,-14173.250605559933,-75.29042268462945,-67.89186152392904,-69.98231994301022,-62.583758782309815,-280.2748652077189,-258.07918172561585
339,11981,-1.2069478075888267,-0.13461420033744387,-8.965976877352558,7.4286367819535535,3598.309420377617,-14407.440882639421,-14392.658727958142,0.2163636808280314,0.5293227563620594,-9.038539560430252,2.4464492115142553,3475.6274128913437,-14821.051187670575,-14798.877955648655,0.22588692557690895,0.5143689690061836,-9.039470547638732,2.2771081933693127,3479.507047120545,-14807.684975187334,-14785.511743165414,-8.860737737337194,-1.001477095987806,0.09572662639791303,-10.137106934446402,0.9853890572230022,0.9985250826067578,3383.9942028738137,-15137.16295484082,-15100.207568137621,-413.610305031154,-406.21922769051343,-400.24409254791317,-392.8530152072726,-729.722072201399,-707.5488401794792
340,12122,-1.2207833292756658,-0.1370432420340193,-8.908015536969137,7.296966892769235,3406.970163684701,-15381.22545642128,-15366.419901896257,0.21548129888386636,0.7791176007818492,-8.922961780362622,3.6157086708566513,3343.1102532400214,-15608.595444020346,-15586.387112232813,0.22708603701467273,0.7706889113969239,-8.932686282805797,3.3938190191197326,3344.69879606629,-15602.836811750733,-15580.6284799632,-3849.4387789604743,-440.0450118299291,0.06395946670611405,-20.984246253280098,1.5699790004579526,0.0022724947973878757,3290.324799387404,-15797.520760328478,-15760.506874015922,-227.369987599066,-219.96721033655558,-221.61135532945264,-214.2085780669422,-416.2953039071981,-394.086972119665
341,12181,-1.3300861648154558,-0.14683245984973028,-9.058529470776955,6.810483193044708,3947.5109381184775,-13721.454846320616,-13706.639581041216,0.2228460072115162,0.7598573508344314,-8.973577263400383,3.4097866968431085,3926.2393598441977,-13785.270935358069,-13763.048037438968,0.2346351488359545,0.7524962557894922,-8.981434439749867,3.207090921895939,3927.3059021168096,-13781.962480114174,-13759.739582195074,-1206.661336500039,-140.43650841721612,0.10015289188627041,-18.627807891484558,1.458005035269498,0.007120655528042237,3886.7523413189065,-13904.39802583943,-13867.35986264093,-63.81608903745291,-56.40845639775216,-60.50763379355885,-53.1000011538581,-182.94317951881385,-160.72028159971342
342,12096,-1.2496950894075258,-0.14141125531703028,-8.83730991996239,7.071572893954567,3474.4436976888046,-15085.039565043127,-15070.238304846289,0.2144002075950996,0.6528751879518495,-8.954000751428213,3.0451238610030704,3414.8989156418083,-15292.13690847675,-15269.935018181492,0.22362616863382717,0.6268204144706309,-8.96273734520049,2.8029832926083316,3416.160928212649,-15287.667527566759,-15265.4656372715,-9.177151280513565,-1.1067804407954138,0.13938748651802355,-10.787897629958614,0.9523621732836524,0.9035215686331848,3327.661625471047,-15601.15779799652,-15564.154647504423,-207.09734343362288,-199.69671333520273,-202.62796252363114,-195.227332425211,-516.1182329533931,-493.91634265813445
343,12431,-1.2528314141551606,-0.14142800086599,-8.858439675904632,7.0707355960404845,3545.849587849034,-15589.639869513796,-15574.783972250212,0.21658634314187078,0.7092925748633887,-8.909972901318843,3.2748721113906063,3471.4848928579627,-15851.119438135596,-15828.83559224022,0.2288291412278681,0.7058738567462257,-8.913231937361925,3.084720123313824,3473.8041823929575,-15842.817094210428,-15820.533248315052,-1345.7438933674873,-153.9421995440839,0.06339032520083387,-19.257252540644867,1.5592566632323985,0.00649594460103601,3403.180704021228,-16094.147399261212,-16057.007656102252,-261.47956862180035,-254.05161999000848,-253.17722469663204,-245.74927606484016,-504.5075297474159,-482.22368385204027
344,12116,-1.4868531109773178,-0.16811397194099437,-8.844316113708754,5.948345568511021,3889.689461693949,-13762.16974139919,-13747.365177054895,0.2320876442465546,0.7512389039303923,-8.91534063638911,3.236875906811849,3862.5896793520924,-13844.878326922733,-13822.671480406292,0.24482554749036942,0.7416655426565081,-8.921501539056623,3.0293633579464685,3863.9260411914115,-13840.687211343018,-13818.480364826577,-1464.1786769879407,-170.18711731483452,0.08891323322847824,-19.805816530364265,1.6112367390847537,0.005875885412349211,3816.233361682631,-13987.166362219989,-13950.154951359253,-82.70858552354366,-75.30630335139722,-78.51746994382847,-71.11518777168203,-224.99662082079885,-202.7897743043577
345,12226,-1.2045201828258254,-0.1355227775825619,-8.88795377656733,7.378833417067397,3406.853066345442,-15618.087185682638,-15603.264545461461,0.2098082597640732,0.5783867437199545,-8.959030511440199,2.7567396267923066,3305.52404424884,-15985.238894967346,-15963.004934635579,0.21850318713400316,0.5504392886522249,-8.959140684490569,2.5191362005838966,3307.891051176512,-15976.48728100819,-15954.253320676424,-13.680319405890826,-1.5625970639275615,0.07853979968660409,-11.264121449373606,1.2495001864532078,0.6399602450848825,3246.865656464329,-16200.144253440927,-16163.087652887983,-367.151709284708,-359.7403891741178,-358.4000953255527,-350.9887752149625,-582.0570677582891,-559.8231074265223
346,12397,-1.466238297433144,-0.16732808537338173,-8.762655080653847,5.976283047574261,3901.0505949255603,-14329.51810945028,-14314.667689876604,0.22975757171753564,0.8261599601647172,-8.835517443334373,3.595789918864566,3893.809229305131,-14350.55155391131,-14328.275924550795,0.2455848036254666,0.8422638717521455,-8.841108642836986,3.429625364917345,3894.721865034485,-14347.646270475565,-14325.37064111505,3.96535115261442,0.18484965695671543,0.17341008390859156,-10.597707060797953,0.6249310141701764,,3849.69840797617,-14487.791878775257,-14450.665829841066,-21.03344446102892,-13.608234674191408,-18.1281610252845,-10.702951238446985,-158.27376932497646,-135.9981399644621
347,12250,-1.4283063318169056,-0.16185445918027952,-8.824633804039992,6.178390172656058,3788.5870464144987,-14371.776780156428,-14356.950217724481,0.23476304901132614,0.8311553272802287,-8.886182937871215,3.540400973579661,3755.4284577262797,-14477.463549092014,-14455.223705444096,0.2500707471150846,0.8452893933728924,-8.893028542819634,3.380201015610528,3757.297028624482,-14471.369890002094,-14449.130046354176,-75.60187876235224,-9.394825228649594,0.1460470299697334,-14.390801607227877,1.2993688690048204,0.1064415756187238,3692.1450537533756,-14681.649572589859,-14644.583166509994,-105.68676893558586,-98.27348771961442,-99.59310984566582,-92.17982862969438,-309.87279243343073,-287.6329487855128
348,12349,-1.0802338290574276,-0.12211329191400418,-8.846160906203073,8.189116715518814,3199.791942355527,-16673.192346653705,-16658.349685919467,0.20170747029321315,0.7177757801124636,-8.923761644978224,3.558498746075517,3126.1278855560654,-16958.808561632257,-16936.544570530903,0.21207191974366388,0.7055900573546042,-8.932345843976371,3.3271262796482763,3128.2300391442454,-16950.507311223973,-16928.24332012262,-374.2334704560895,-43.62635235438296,0.08669377111672413,-16.458452028413724,1.3549083052997841,0.02292192553429313,3060.634621448655,-17216.272140092296,-17179.16548825671,-285.6162149785523,-278.19488461143555,-277.3149645702688,-269.89363420315203,-543.0797934385919,-520.8158023372416
349,12038,-1.1822931395841574,-0.13161852728472417,-8.982725790773804,7.597714551514066,3418.3981950854977,-15150.592886293593,-15135.801239109378,0.20228043038346186,0.5477032199937473,-9.034030966615271,2.707643141531138,3310.6588969953036,-15534.107973205359,-15511.920502429035,0.21136742285190813,0.531104016183181,-9.035296475499145,2.5127051700644154,3312.431624579495,-15527.663822971086,-15505.476352194763,-12.872381680264946,-1.4698424113661874,0.09590471990092474,-10.977185019584224,1.0829848793266181,0.6803450439768718,3244.825982993475,-15771.897337686345,-15734.918219725807,-383.51508691176605,-376.11926331965697,-377.0709366774936,-369.6751130853845,-621.3044513927525,-599.1169806164289
350,12171,-1.2335870559821915,-0.13960469310436033,-8.836286435299376,7.163082972092194,3276.509228953132,-15967.729168771017,-15952.915546067268,0.20845396461526366,0.6055836711095679,-8.957712053048919,2.905119469554215,3182.575613037465,-16319.756612552495,-16297.536178496872,0.21787788948042994,0.5822514538788186,-8.960932398019683,2.6723751330036505,3184.027742570271,-16314.204556656096,-16291.984122600472,-7.325421705512049,-0.8685091111142578,0.13155611866852895,-10.428390970023008,0.9767246281125685,1.1513983989379748,3118.279279275692,-16564.160315056437,-16527.126258297063,-352.0274437814787,-344.6206324296036,-346.4753878850788,-339.06857653320367,-596.4311462854203,-574.2107122297948
351,12089,-1.4258058351513667,-0.15594458141084364,-9.143029031544298,6.412534446230299,4241.06765431018,-12658.996665522978,-12644.196563068574,0.21869351790621155,0.691320727278945,-9.017908743853074,3.1611395431273066,4227.180523066409,-12696.646349042843,-12674.446195361237,0.23267895913768627,0.7015623391788898,-9.019794421896513,3.015151613961556,4226.745280746129,-12697.891130351936,-12675.69097667033,-692.2057227883568,-87.28923255385462,0.16266056045786062,-16.516110717437062,1.1420221266591586,0.011456166708568924,4179.399052208977,-12830.071187863547,-12793.070931727536,-37.64968351986499,-30.24963229266359,-38.89446482895801,-31.494413601756605,-171.07452234056836,-148.87436865896234
352,12257,-1.1859785714939917,-0.13446532554706303,-8.819958354831764,7.436861480322663,3363.283602983722,-15846.500430418506,-15831.672725455823,0.20679926492835501,0.6666018844416125,-8.93663674364297,3.223424825385887,3303.583382306043,-16064.023383681306,-16041.781826237282,0.21574596622975198,0.6350424828159508,-8.947058873947967,2.943473261232064,3304.435951020267,-16060.8605797423,-16038.619022298277,4.04173360260884,0.20491028918129756,0.16202231157644298,-10.4852555708897,0.5516008893143172,,3216.869185580487,-16386.049395854727,-16348.980133448022,-217.5229532628,-210.10910078145935,-214.36014932379476,-206.9462968424541,-539.5489654362209,-517.3074079921989
353,12209,-1.135461098061995,-0.12793210845515646,-8.875497416350358,7.8166459700812805,3242.48520277561,-16183.098894145473,-16168.279036818134,0.20034792952580407,0.6655435467967856,-8.949396061927807,3.3219387311465383,3167.4510938424482,-16466.946752992382,-16444.716967001375,0.20980253990711237,0.6482197117255981,-8.955653827981516,3.089665701914714,3169.4187244213786,-16459.364838514364,-16437.135052523357,-14.018726391634953,-1.6413342817392604,0.10373273740903068,-11.315441487013487,1.0609237103259332,0.6092604115600008,3093.979658542733,-16749.479962784015,-16712.43031946567,-283.84785884690973,-276.4379301832414,-276.2659443688917,-268.8560157052234,-566.3810686385423,-544.1512826475373
354,12131,-1.4755029806900197,-0.16421268418217044,-8.98531674357847,6.089663566370082,3923.699771293336,-13688.613099033097,-13673.806060155555,0.2337923448150865,0.6964241351025449,-8.941374661661115,2.9788149635667835,3839.9396647443964,-13948.380350660853,-13926.16979234454,0.24645154219067109,0.6899506400985805,-8.945053392545965,2.7995387408239036,3842.7725642128617,-13939.434055658428,-13917.223497342116,-904.5061944751625,-100.01665517394461,1.0000000000000002e-06,-19.804920182428006,1.8383467927826291,0.009998334759954165,3800.4239354353704,-14069.863799257282,-14032.846202063427,-259.7672516277562,-252.36373218898552,-250.82095662533175,-243.41743718656107,-381.2507002241855,-359.04014190787166
355,12146,-1.2022218339376587,-0.13685826610173774,-8.784429820584974,7.306829382571745,3268.1303654144326,-15941.048104454287,-15926.23859410137,0.2175759168544509,0.7392508824570764,-8.906487778899193,3.397668699480209,3212.8479485148378,-16146.26266034543,-16124.048394816058,0.23063875536525938,0.7383747894361844,-8.909393916065389,3.201434157354997,3214.0545890784156,-16141.701876555198,-16119.487611025826,-560.3042304500248,-74.52170683800645,0.15819692630301466,-16.41404836311503,1.1224458072922092,0.013418908965327065,3142.801593462962,-16409.99846677769,-16372.974690895404,-205.2145558911434,-197.8098007146873,-200.65377210091174,-193.24901692445565,-468.950362323405,-446.7360967940331
356,12195,-1.1700199135155025,-0.13056182071864347,-8.96142461153983,7.659206914362567,3655.279953449819,-14689.186563594896,-14674.369000973596,0.21245889822047634,0.6397616250874093,-8.969192367830608,3.0112253732178607,3556.010638091041,-15022.956080052676,-15000.729736120726,0.22335587891458528,0.6329131544267753,-8.969218022195522,2.8336534390877217,3559.2884977582185,-15011.720150064124,-14989.493806132174,-15.611867017775037,-1.7927189102067644,0.09249062306288172,-11.548029714460197,1.2475326193036482,0.5578119326496447,3500.8444786494,-15209.626005408772,-15172.582098855522,-333.7695164577799,-326.36073514712916,-322.5335864692279,-315.12480515857715,-520.4394418138763,-498.21309788192593
357,12176,-1.131015829765199,-0.12791423553820258,-8.841985608610486,7.817738157074333,3176.932582147604,-16355.07291724073,-16340.258473080527,0.21212499728682838,0.7180396668034164,-8.910003565713142,3.384983740659791,3086.6256103165283,-16704.200457198316,-16681.97879095801,0.2235448099063609,0.7093973594919634,-8.914475647568056,3.1734011618928566,3088.8081640231917,-16695.593847198146,-16673.372180957842,-881.129362073869,-99.54541825765571,0.040445739088512685,-18.685851855770295,1.5947545887496222,0.010045665762453042,3025.6897578536286,-16942.982276149884,-16905.946165749378,-349.1275399575861,-341.7203178774853,-340.52092995741623,-333.1137078773154,-587.9093589091535,-565.687692668851
358,12237,-1.388398210200732,-0.1557017353276714,-8.91703748374335,6.422535997402461,3736.5945786626926,-14512.62452382667,-14497.800084970699,0.2227101892606409,0.7772001760343554,-8.943367378689134,3.4897378454687003,3714.5243546951283,-14583.116755647387,-14560.88009736343,0.23727700478764105,0.7908602236950494,-8.948676480886004,3.3330672915517288,3715.528200104501,-14579.810168982312,-14557.573510698356,-487.92461114225745,-62.86626883590428,0.15676774066448407,-15.931860449560237,1.0932420272897188,0.015906781466707286,3658.4828480097135,-14765.144818715053,-14728.083721575123,-70.49223182071728,-63.08001239273108,-67.18564515564321,-59.77342572765701,-252.52029488838343,-230.28363660442483
359,12190,-1.257177978402616,-0.14246991788975724,-8.824164406239191,7.019025593696185,3627.77399671861,-14770.239862714096,-14755.423120269144,0.22802189611930337,0.7912346831076481,-8.885504365759342,3.4699943144655987,3538.247223882445,-15072.840731520597,-15050.615617853171,0.24188810675487224,0.7985410773210792,-8.888213355351024,3.3012829280205795,3542.5354651898188,-15058.075790913563,-15035.850677246137,-2334.602344689131,-264.1304178643695,0.044813830685697144,-20.144543720322993,1.5780719845450195,0.003786008472956334,3474.1710438664713,-15291.61990541306,-15254.578049300682,-302.60086880650124,-295.19249758402657,-287.83592819946716,-280.4275569769925,-521.3800426989637,-499.1549290315379
360,12129,-1.2688524119281004,-0.14273640778296726,-8.889479787507392,7.00592102276046,3455.867126023482,-15224.273355525369,-15209.466646408751,0.21808529768421187,0.634963122693791,-8.966031844835653,2.911535667173765,3380.537814270539,-15489.57940619081,-15467.369342515882,0.2294361327121999,0.62398567183979,-8.969307588721179,2.719648664155725,3383.076177869285,-15480.475452721426,-15458.265389046499,790.8659559449866,72.23283611299624,0.17155161526486817,-12.062986003427607,0.4462316298974775,,3294.0304210474824,-15799.998824068884,-15762.982051277339,-265.3060506654401,-257.9026961071304,-256.20209719605737,-248.79874263774764,-575.7254685435146,-553.5154048685872
361,12469,-1.3021675655008857,-0.14693965018716615,-8.861920957632838,6.805515044620278,3607.9969979531897,-15458.717046731404,-15443.855045045411,0.19762261411415952,0.5874699798498945,-8.986032690640899,2.972686008042248,3553.8446687993996,-15645.282583954466,-15622.989581425476,0.20783373753992473,0.5773145764642954,-8.990283408645984,2.7777712285686706,3553.6843136522784,-15645.845217841637,-15623.552215312648,1.2778896021483859,-0.012125047871362789,0.15795695308698807,-10.190355737108154,0.5061118183335321,82.4739011844912,3490.9197056205126,-15864.038716457146,-15826.883712242163,-186.56553722306126,-179.13453638006467,-187.12817111023287,-179.6971702672363,-405.32166972574123,-383.0286671967515
362,12226,-1.2270671530283974,-0.139929539371526,-8.769178820566395,7.146453883085448,3320.1540548772964,-15933.246896574856,-15918.424256353679,0.2008832504068753,0.6491934953670783,-8.945538679006772,3.2316954950309755,3267.6642573590334,-16126.077359319921,-16103.843398988154,0.21065496686928392,0.6327459527226756,-8.953094178548538,3.0037077317778533,3268.2813783926676,-16123.768612521797,-16101.53465219003,17.783681903394086,1.5273304866509616,0.15207573548894124,-10.502491499379326,0.44016661573270893,,3183.7390691682044,-16440.1871364302,-16403.130535877255,-192.83046274506523,-185.41914263447507,-190.52171594694119,-183.11039583635102,-506.94023985534295,-484.7062795235761
363,12175,-1.3428158336416904,-0.15116474929298235,-8.883128109709563,6.615298901874499,3649.246293850634,-14665.219413460502,-14650.4051335646,0.21200200787579748,0.6650276759124861,-8.956684394163783,3.1368932897187283,3598.256140026601,-14834.537842627282,-14812.31642278343,0.22449232641507277,0.6668375185060198,-8.958125486322535,2.970424553724288,3598.821710514093,-14832.62433805157,-14810.402918207717,-638.9716033174547,-74.4179144015093,0.09461250051672596,-17.417389425897618,1.412698696532981,0.013437624637055385,3547.269711469141,-15004.28861090326,-14967.252911163507,-169.31842916678033,-161.91128921882955,-167.40492459106827,-159.99778464311748,-339.0691974427591,-316.84777759890676
364,12151,-1.4836082808431108,-0.16868452790521068,-8.795165148025896,5.928225975543723,3867.708798824478,-13905.847296606356,-13891.036963106539,0.25080961794942674,0.9442915690166706,-8.835494777134784,3.764973515517565,3844.12352576306,-13978.17089038273,-13955.955390133004,0.26711085961058867,0.956260879991442,-8.845782014023213,3.5800149847353286,3846.656018881472,-13970.168496135067,-13947.952995885342,-2284.973097198771,-284.3462618936115,0.14127003151209985,-19.76706858637073,1.4260485156433849,0.0035168389179462867,3801.263160033992,-14110.410372123328,-14073.384538373784,-72.32359377637295,-64.918427026465,-64.32119952871108,-56.91603277880313,-204.56307551697137,-182.3475752672457
365,12179,-1.1959546885419727,-0.1346934754790058,-8.879084040922102,7.424264586266961,3332.4453586862924,-15780.066581681358,-15765.251644809185,0.21527374771346292,0.7214286822757198,-8.921638256253258,3.3512153243876592,3257.1781307383426,-16056.297785126204,-16034.075379817943,0.22859724018872027,0.7276222321883272,-8.922452388110056,3.1829878242958354,3259.442557020162,-16047.833751352357,-16025.611346044096,-1401.728076294274,-162.805944607659,0.08776077080103174,-18.950772816034814,1.4776588221166855,0.006142281858379736,3190.599964853248,-16303.821423272417,-16266.78408109198,-276.23120344484596,-268.8237350087584,-267.76716967099856,-260.359701234911,-523.7548415910587,-501.53243628279597
366,12350,-1.1884856744642929,-0.13549375304485334,-8.771516381798511,7.380414059893697,3296.982501557384,-16306.007818814474,-16291.164996130363,0.21464952465459766,0.735813233267986,-8.883354904812638,3.4279751350580283,3227.9081864338036,-16565.498685799263,-16543.234451773093,0.22634434703531767,0.7285959801428542,-8.888862617088765,3.218971402140508,3229.8621513839685,-16558.02506360194,-16535.76082957577,-23.57922112263494,-2.855340356568657,0.12260488867874227,-12.751354627258214,1.3189877410209585,0.35022094570950846,3171.0720496925355,-16780.891377223896,-16743.784320513616,-259.4908669847882,-252.06945564272974,-252.01724478746655,-244.59583344540806,-474.8835584094213,-452.6193243832531
367,12248,-1.3988541151736598,-0.15636885348971377,-8.945861557178194,6.395135461332662,3744.2161972576887,-14511.721565348558,-14496.895329473884,0.21917069530419064,0.7251758971699567,-8.966675278127497,3.3087265437720723,3722.177221478987,-14582.028004124946,-14559.788650312934,0.23430420078165975,0.7415600438530696,-8.967467189752355,3.1649455766442047,3721.7045117567027,-14583.583576578621,-14561.34422276661,13.683641601363632,0.983716572486211,0.1809693609733307,-10.95812553616706,0.5697153066985412,,3659.635575143465,-14785.572799601152,-14748.507209914464,-70.30643877638795,-62.89332083904992,-71.86201123006322,-64.44889329272519,-273.8512342525937,-251.61188044057963
368,12056,-1.341123705623793,-0.1522926174846719,-8.8062292695099,6.566306473133204,3333.222787708779,-15495.468732815816,-15480.674097335204,0.23118405006945994,0.7060140346841971,-8.92725692731704,3.053904603159574,3243.444010918775,-15822.644653693416,-15800.452700472497,0.2426511532169602,0.6892370151691125,-8.93706206626714,2.840444012037516,3245.126418146666,-15816.39270583657,-15794.20075261565,-326.78040171483,-37.153378746317074,0.05682228143467623,-16.941636804224594,1.575433673101528,0.026915452476825613,3164.155708110157,-16117.024269677295,-16080.037680975764,-327.1759208776002,-319.7786031372925,-320.9239730207537,-313.526655280446,-621.5555368614787,-599.3635836405592
369,12181,-1.266599102024263,-0.14047022568582823,-9.016851050393434,7.1189463469402545,3789.5632538375103,-14218.859428452395,-14204.044163172995,0.21450969349149088,0.6418324737025298,-8.989769940422441,2.9920907687464946,3733.3813073851693,-14398.800158496348,-14376.577260577247,0.22532257017865784,0.6265312620906983,-8.995919423955568,2.7805969974242832,3733.2641272669125,-14399.182491106916,-14376.959593187816,2.84305181771534,0.10534911793350481,0.17771708803936617,-10.38298687615771,0.5450799362826884,,3669.993011035298,-14603.394692182117,-14566.356528983617,-179.9407300439525,-172.53309740425175,-180.32306265452098,-172.91543001482023,-384.5352637297219,-362.3123658106215
370,12137,-1.2796197106035316,-0.14247495611487232,-8.981365887011197,7.018777385646196,3788.710808163824,-14126.29389476936,-14111.485866935147,0.20389522870965904,0.5957349646712715,-8.999806294646106,2.921770011203063,3751.0480417488834,-14245.548912902448,-14223.336871151128,0.2140227557323856,0.5839647278240495,-9.000766365747351,2.728517001968893,3751.7664574040537,-14243.224608913742,-14221.012567162423,-6.962378743345462,-0.8609287819649563,0.150239642486362,-10.535163522946247,0.8114580550905495,1.161536262869075,3696.7591286142288,-14418.491251473577,-14381.471181888046,-119.25501813308802,-111.85100421598145,-116.93071414438236,-109.5267002272758,-292.1973567042169,-269.985314952899
371,12141,-1.2908713388904227,-0.14550614971486114,-8.87159299740979,6.872561757421487,3665.9567787353308,-14534.832869792139,-14520.024182925052,0.20975816301961145,0.6551270909743803,-8.954096424963407,3.1232495629413424,3590.2506860665903,-14786.18312983722,-14763.970099536587,0.22094179934469368,0.6486844302487528,-8.956941692993203,2.935996865114388,3591.9629384034706,-14780.394258299042,-14758.18122799841,-37.179031408467566,-4.298568022378132,0.08913923147378144,-12.9379692364759,1.302867551890608,0.23263561139292194,3507.16376702614,-15066.45689642523,-15029.43517925751,-251.3502600450811,-243.94591661153572,-245.5613885069033,-238.15704507335795,-531.6240266330915,-509.41099633245904
372,12276,-1.3270485469195397,-0.15048275332609823,-8.818608894295062,6.6452797938444546,3474.0700830389555,-15492.23167224199,-15477.40086941051,0.24219020442680392,0.8401736924185859,-8.866771270160898,3.469065540478983,3394.5929571595234,-15774.334921452262,-15752.088717205044,0.25783207442618367,0.8486498949105754,-8.872846952706713,3.291483019710725,3397.082579893679,-15765.334900798543,-15743.088696551325,-1727.3570610048782,-206.67831083656068,0.11598158795534286,-20.185793567719585,1.5909218658035267,0.004838437066532786,3343.7574759474487,-15955.563699132223,-15918.486692053524,-282.10324921027313,-274.6878477945338,-273.1032285565543,-265.687827140815,-463.33202689023346,-441.08582264301367
373,12223,-1.3346731248610149,-0.14844723528450288,-8.99089243597619,6.736400297947448,3874.387138036129,-14039.394985575722,-14024.572836172167,0.20761322611103825,0.6595068325750615,-8.949421034736133,3.176612805112599,3828.645006212061,-14182.561885758498,-14160.328661653166,0.21964309242979066,0.6577559224027435,-8.94839841410479,2.9946579021737114,3829.6099047090984,-14179.48182260341,-14157.248598498078,-1068.645072945102,-125.25481039442609,0.10045875108461864,-18.249721216815185,1.4173090158950916,0.007983725310437263,3782.018538942809,-14328.331333989037,-14291.27596048015,-143.16690018277586,-135.7558254809992,-140.08683702768758,-132.6757623259109,-288.9363484133155,-266.70312430798367
374,12062,-1.3099495323281551,-0.14555485367427612,-8.999696672840408,6.870262136622448,3461.792119665355,-15052.676240280425,-15037.880609692404,0.21341815636279474,0.6775192649557883,-8.99985909783567,3.1746093045807067,3421.682916282066,-15191.245555685697,-15169.052109803664,0.22714397808507325,0.6886623817017347,-9.002539762638449,3.031832001479726,3421.7674144240623,-15190.947689393239,-15168.754243511206,3.584819926549904,0.18051805800187132,0.17337557619440425,-10.405859194432798,0.5318735272308881,,3369.728717574203,-15371.797399625579,-15334.808323155525,-138.56931540527148,-131.17150011126068,-138.27144911281357,-130.87363381880277,-319.1211593451535,-296.9277134631211
375,12326,-1.298820291922521,-0.14702852632652344,-8.8337979327772,6.80140123134461,3531.8879809635046,-15401.999750404475,-15387.16081814143,0.23777884156250714,0.8638936474708742,-8.8688591341755,3.6331813284731407,3476.1315878044575,-15596.137274497736,-15573.87887610317,0.25204613104312257,0.8662016329958062,-8.879306272182673,3.4366789500435053,3478.9524159408184,-15586.13896836757,-15563.880569973004,-542.840776500418,-65.53421139789174,0.12230239501984934,-17.778698337983098,1.4710241119113414,0.015259205515245894,3425.6332716282063,-15772.512400452848,-15735.415069795237,-194.13752409326116,-186.71805796173976,-184.13921796309478,-176.71975183157338,-370.51265004837296,-348.25425165380693
376,12273,-1.4390157463607072,-0.16129359342069483,-8.921716702084918,6.1998742714581665,3819.0109782496,-14323.625933648247,-14308.795619635051,0.217581614314681,0.6344636421965115,-8.982162771788463,2.915980029814964,3764.296310767768,-14498.731974954999,-14476.486503935206,0.22958550897114718,0.6294769489519059,-8.98635900878357,2.7417973885756632,3764.6557459028704,-14497.560139251103,-14475.31466823131,-12.737886484426273,-1.4918253413349956,0.12032640197531447,-11.283149712146983,1.166447182903625,0.6703197568055294,3712.590456446467,-14664.480718273273,-14627.404933240285,-175.10604130675165,-167.69088430015472,-173.9342056028563,-166.51904859625938,-340.8547846250258,-318.6093136052332
377,12034,-1.2711846943231635,-0.14146939868897324,-8.985580670473617,7.068666505033675,3525.828059904126,-14769.186992475408,-14754.396009963848,0.21695639442646353,0.6918722293166261,-8.998713126227612,3.1889921066656246,3459.3939410432,-14996.096622628787,-14973.910148861447,0.2288645123926719,0.6850717984087177,-9.004985984762591,2.9933509186138605,3460.6460318265226,-14991.741832566877,-14969.555358799536,24.739603873450672,2.1047265939843567,0.1699054099948895,-10.759906911403737,0.46868132670770535,,3385.903817176677,-15250.49710765222,-15213.519651373319,-226.9096301533791,-219.51413889759897,-222.55484009146858,-215.15934883568843,-481.31011517681145,-459.123641409471
378,12227,-1.3789031444636801,-0.15548445228223634,-8.8684310503322,6.431511223931212,3379.9365406398692,-15717.350500528006,-15702.527696727717,0.21798957768647867,0.7037572409629361,-8.929496051656235,3.2283985703899476,3327.22928000274,-15907.522562256743,-15885.28835655631,0.22849727653928062,0.6824678601105735,-8.937392670902877,2.9867658400438373,3328.315225183476,-15903.532550069955,-15881.298344369521,-403.46110134606647,-47.08619013909002,0.09208798454824427,-17.075437181585066,1.4720462506403449,0.021237649447662994,3265.9841779816306,-16130.68505500754,-16093.628045506819,-190.1720617287374,-182.7606598285929,-186.1820495419488,-178.77064764180432,-413.33455447953384,-391.1003487791022
379,12343,-1.5020933845686004,-0.16917086990489055,-8.879149143189318,5.911183175698094,3841.5170704662187,-14403.017958395818,-14388.17626963633,0.256217001990396,0.9008919787771269,-8.90277449861131,3.516128796210393,3789.2079818253533,-14570.244654523545,-14547.982121384313,0.2741179128413191,0.9262114818151853,-8.911283754756756,3.378879812029464,3792.622743382548,-14559.12638869093,-14536.863855551697,15.830644068245679,1.0656112192699885,0.20061143269742496,-11.230466778607592,0.633597330548374,,3720.6298473424004,-14791.677869705154,-14754.573647806434,-167.22669612772734,-159.80585174798398,-156.10843029511125,-148.6875859153679,-388.65991130933617,-366.3973781701043
380,11958,-1.3741296935179153,-0.15610977353222458,-8.802329683953221,6.405748835408934,3305.4638687718275,-15371.879725273577,-15357.101413694694,0.24032336451968342,0.8259318354098606,-8.885533206803503,3.436752132114119,3241.5589621403133,-15603.329084972314,-15581.161617603992,0.25561142572598544,0.8344334224918141,-8.893413814894718,3.2644605776986033,3243.0162424602095,-15597.954435805994,-15575.786968437671,117.19765135738241,10.19896095051466,0.18194818492439963,-11.649237447404174,0.5300864218370215,,3173.769868355244,-15852.052578085124,-15815.10679913792,-231.44935969873768,-224.06020390929734,-226.07471053241716,-218.68555474297682,-480.1728528115473,-458.00538544322626
381,12060,-1.2804911051604915,-0.14322166533193903,-8.940624326583198,6.982183859420575,3637.180200286779,-14452.146890166727,-14437.351591226165,0.21181955289321963,0.5910509577883687,-8.984891317451941,2.790351266987724,3553.007166645894,-14732.524277750688,-14710.331329339844,0.22061486631750596,0.5637527602473116,-8.98856448684129,2.5553706767701057,3554.6847836667803,-14726.831273104726,-14704.638324693882,-411.571689038341,-46.526421549942164,0.05730311021509617,-16.997928114046413,1.5146492911480702,0.02149316381287963,3478.859590383458,-14982.867240893327,-14945.87899354192,-280.37738758396154,-272.97973811367956,-274.68438293799954,-267.28673346771757,-530.7203507266004,-508.52740231575626
382,12299,-1.4444367239186873,-0.16291301027906063,-8.866306757480265,6.1382451793571144,3656.1653744613104,-14915.954682239997,-14901.120135765512,0.22548200598926227,0.7220622742321114,-8.922258288369992,3.2023055279475248,3625.1927948209945,-15018.5873745666,-14996.335554854872,0.2403144693556093,0.7333872378371359,-8.923507202246661,3.051781442056633,3625.348176795654,-15018.060229650348,-14995.80840993862,-12.351000150630629,-1.5717620547662263,0.16141615233586046,-11.67033747674121,1.0744675463905602,0.6362286180453272,3582.4506453916565,-15160.458036026084,-15123.371669839873,-102.63269232660241,-95.21541908935978,-102.10554741035048,-94.68827417310786,-244.50335378608725,-222.2515340743612
383,12303,-1.104007430489933,-0.12436694828816898,-8.877016326973404,8.040721540283464,3432.0058649988123,-15703.218502551486,-15688.383305723366,0.20457394336119217,0.6647792135739472,-8.91763515083288,3.249579113798597,3344.382997647468,-16019.406920323961,-15997.15412508178,0.21528439160530813,0.6562523605915477,-8.920398598565155,3.048304411193398,3346.68871047896,-16010.927804473438,-15988.675009231258,-145.9808868026196,-16.4715562897199,0.03736778254169899,-16.00201232723637,1.6418312436592684,0.06071071745807725,3297.217609298116,-16190.149595233845,-16153.061603163544,-316.1884177724751,-308.7708193584149,-307.7093019219519,-300.2917035078917,-486.9310926823582,-464.67829744017763
384,12128,-1.369367451489127,-0.15356426582721683,-8.917227221532604,6.511931630794577,3646.6801724779243,-14570.212954692193,-14555.40641047643,0.21788025045697332,0.6952061419152514,-8.952643745571958,3.190771721884631,3589.858720968121,-14758.675477504772,-14736.465661181126,0.23033816553098155,0.6922779756641221,-8.95801567037026,3.005485322279375,3590.921808489965,-14755.084468002051,-14732.874651678405,-47.474895520276085,-5.538173468633406,0.10134033810619053,-13.424143300899864,1.3237904812920969,0.18056494720934751,3519.682973273945,-14994.105569275245,-14957.089208735835,-188.46252281257875,-181.05925070469675,-184.87151330985762,-177.46824120197562,-423.8926145830519,-401.6827982594059
385,12337,-1.3576213027953632,-0.15380793563333214,-8.826731190462382,6.5016151207173944,3577.413494226921,-15268.747377487918,-15253.906661175775,0.23265702321199763,0.8088890298744615,-8.871437185820389,3.476744517346463,3517.556349123551,-15474.916019846542,-15452.654945378326,0.2463841572327741,0.8093390824770448,-8.879268667875854,3.28486657408095,3520.395321230385,-15464.963010101043,-15442.701935632827,-1346.8908459330055,-151.83221031610123,0.030347828599856262,-20.61222110207397,1.807172293707192,0.006586217759183565,3477.106435982427,-15613.60657029785,-15576.504779517492,-206.1686423586234,-198.74828420255108,-196.2156326131244,-188.79527445705207,-344.8591928099322,-322.59811834171705
386,12289,-1.2487037929307798,-0.1404627324549324,-8.889929528684254,7.119326119622875,3475.966175086802,-15514.943393446194,-15500.110473781624,0.2103900942288664,0.6445373815306993,-8.935091184973667,3.063534829874448,3390.890988665796,-15817.461876303096,-15795.212496806242,0.22086491144717907,0.6298264938375059,-8.936851500478273,2.8516367299390244,3392.5653861628216,-15811.395154525335,-15789.14577502848,-71.37942186782172,-8.151185048073119,0.06422329494739745,-14.370632329714958,1.5002852749969482,0.12268154803287072,3327.059348217696,-16047.000559325767,-16009.918260164344,-302.51848285690176,-295.10202302461767,-296.45176107914085,-289.03530124685676,-532.0571658795725,-509.8077863827202
387,12208,-1.2088763761646366,-0.13737329951502367,-8.799936963241022,7.279434966841109,3406.862958445551,-15577.065030905249,-15562.2453373982,0.19764638704342447,0.5732204472291016,-8.96825320978848,2.9002323584248497,3308.505463977285,-15932.702643903753,-15910.47310364318,0.20666735513525897,0.554411840541109,-8.968543580881384,2.6826290014611134,3310.719089152022,-15924.537355984081,-15902.307815723509,-33.76326879790711,-3.892776408697745,0.08484356062231961,-12.459645020979023,1.1768703154777904,0.2568860615178592,3210.8655348575935,-16294.40583545846,-16257.356601690839,-355.63761299850376,-348.22776624497965,-347.472325078832,-340.0624783253079,-717.3408045532105,-695.1112642926382
388,12282,-1.6682716249180798,-0.18780538505809619,-8.882980775029495,5.324660949901183,4513.832690832977,-12290.136614304434,-12275.304834194656,0.25293047397716034,0.8587157440903862,-8.889127138545062,3.3950663618648353,4512.267366305321,-12292.396552909086,-12270.148882744417,0.2693780994637809,0.8703119829002672,-8.895996865252823,3.230819374821837,4514.356803115752,-12286.710603681026,-12264.462933516357,-1011.61529821961,-119.64617807033709,0.11314967967705399,-19.436671342605095,1.6308964044085468,0.008357976962808827,4470.467589607477,-12402.70217709141,-12365.622726816964,-2.2599386046513246,5.155951450238717,3.426010623408729,10.84190067829877,-112.56556278697644,-90.31789262230814
389,12192,-1.3669001191403738,-0.1546093460626593,-8.840992824498484,6.467914297979923,3680.437076572357,-14598.949504838889,-14584.132434283036,0.22707663660441288,0.8062542077143695,-8.9149049779527,3.550581952290116,3622.7910973846388,-14789.421753539375,-14767.196147705596,0.2422782190153531,0.824486159512271,-8.919757761802606,3.4030552266030303,3625.0482514595296,-14781.827980541322,-14759.602374707543,-693.3177983964487,-83.10688581442727,0.12197455734944213,-17.142656684163704,1.3077979822826318,0.012032697293373987,3546.319206953579,-15045.532314628275,-15008.489638238643,-190.47224870048558,-183.06371342255989,-182.8784757024332,-175.4699404245075,-446.5828097893864,-424.3572039556075
390,12223,-1.1894256779675343,-0.13275123705132222,-8.959808619393106,7.532886489136033,3538.0852972679663,-15149.265240661603,-15134.443091258048,0.20076722817876352,0.5901115510720604,-8.985122894047604,2.9392822545053217,3464.6649835855046,-15403.578644126064,-15381.345420020732,0.21040199651893737,0.5763943354449137,-8.988730524423183,2.7394908079830644,3466.0059299136815,-15398.848831564366,-15376.615607459034,-7.789182972073879,-0.9008091243986025,0.10836912013370391,-10.285077561191402,0.9596176894002005,1.1101130893491107,3399.9185950211595,-15630.158858510107,-15593.10348500122,-254.31340346446086,-246.9023287626842,-249.5835909027628,-242.17251620098614,-480.8936178485037,-458.6603937431719
391,12106,-1.1793076684878607,-0.13289102277694367,-8.874246309830255,7.524962778550441,3183.6916283967944,-16165.4973518295,-16150.694438876595,0.19920958556362717,0.5471198682040543,-9.019078922854245,2.7464535235896332,3094.8285567461576,-16506.20491861405,-16484.000549184697,0.20716633956180694,0.5206366344433372,-9.023733964931068,2.513133337899269,3095.924866373169,-16501.917258106114,-16479.71288867676,-7.880901105192729,-0.9179092253124363,0.12004701717039291,-10.342272519946528,0.8968284010512149,1.0894323451860086,3026.6572075494373,-16771.85072185096,-16734.8434394687,-340.7075667845511,-333.3061103081018,-336.4199062766147,-329.0184498001654,-606.3533700214593,-584.1490005921041
392,12307,-1.2618950960546615,-0.14254760675296563,-8.852446735507248,7.015200204188595,3291.0084908132717,-16228.6149406268,-16213.779093656454,0.22207535070389664,0.738396258318787,-8.905201714994748,3.324980714781466,3215.877718205391,-16510.829381221996,-16488.57561076648,0.2351530274700313,0.7376576694702451,-8.908107442354055,3.1369261004485884,3218.3347335056183,-16501.430099181915,-16479.176328726397,-10.469101538614202,-1.2893560006208746,0.14455412089569625,-11.227127026158941,1.0524996773736128,0.7755809873444274,3153.7553858412894,-16746.894632708674,-16709.80501528281,-282.2144405951967,-274.79651711002407,-272.815158555115,-265.3972350699423,-518.2796920818746,-496.02592162635665
393,12195,-1.0887270832401492,-0.1227528006786094,-8.86926471104026,8.146453640745792,3340.0786935539563,-15788.911142632816,-15774.093580011517,0.20513116371111295,0.6295699377250805,-8.934715329484707,3.0691091803666968,3251.456060470739,-16114.852412427515,-16092.626068495565,0.21503344396594892,0.6119032265112722,-8.936765770971009,2.845618873165462,3252.9656779078873,-16109.1917139928,-16086.965370060849,-149.6530644968859,-16.99864593761727,0.05055400295179542,-16.10603327818907,1.6419376594119532,0.058828215121949405,3202.3428184102986,-16296.463262833842,-16259.419356280592,-325.9412697946991,-318.5324884840484,-320.2805713599828,-312.87179004933205,-507.5521202010259,-485.3257762690755
394,12178,-1.269616578593555,-0.14300197221779737,-8.878315165191436,6.992910548652871,3466.904506828473,-15296.06073603227,-15281.245963383933,0.22105265163970655,0.6289287789193386,-8.93734598986972,2.8451537416724992,3368.5847848900503,-15644.414633403507,-15622.192474431002,0.23176399146787546,0.6131991886562704,-8.940840511811297,2.6457914569583396,3370.902703998094,-15636.037848059725,-15613.81568908722,-19.516690408361267,-2.1824997100484063,0.028777778638646934,-11.97810794726614,1.5009409601152934,0.4581902097837258,3310.4213501754816,-15852.521704343879,-15815.484772723035,-348.3538973712366,-340.94651104706827,-339.9771120274545,-332.56972570328617,-556.4609683116087,-534.2388093391019
395,12297,-1.367421183191189,-0.15409096709403067,-8.874116432514503,6.489673073372119,3979.856719873759,-13868.36266382178,-13853.528442603434,0.20575381539227883,0.632609615513712,-8.969305545162072,3.0745948224950945,3946.4980200963173,-13969.869096868933,-13947.617765041416,0.2159150895702843,0.6195068238450876,-8.972733614871542,2.8692150468873407,3947.8618189113286,-13965.620333311905,-13943.369001484387,-20.89415016754511,-2.525440487330359,0.1332619483766032,-12.07391823072307,1.1018006675699217,0.39597052673258565,3876.911454902568,-14184.630127434582,-14147.54457438872,-101.50643304715413,-94.08932243798154,-97.25766949012541,-89.84055888095281,-316.2674636128031,-294.0161317852853
396,12356,-1.1739728781157217,-0.1315795731759615,-8.922151438702166,7.599963853528381,3513.804807906121,-15532.957476630165,-15518.113682522087,0.20883572130310374,0.715099236288749,-8.961048868081393,3.4242189594128654,3450.8668245881126,-15754.279675473957,-15732.013984311841,0.22061310019784172,0.7122189183447536,-8.968007101630363,3.2283618593186394,3453.2111306311795,-15745.888621152368,-15723.622929990252,25.46755964282095,2.0539701123013634,0.16393868188661356,-10.997403319512106,0.5091329307238983,,3372.5700768753945,-16033.854387809506,-15996.744902539314,-221.32219884379265,-213.90030178975394,-212.93114452220289,-205.50924746816418,-500.89691117934126,-478.63122001722695
397,12118,-1.337252090872781,-0.15060868440722203,-8.878983945288727,6.639723359485423,3622.940276819882,-14627.346189145252,-14612.541294686242,0.22626478716068865,0.6626009069610372,-8.934034957435347,2.92843139790228,3527.3193568784295,-14949.475227880333,-14927.26788619182,0.23831283243460186,0.6509467181067072,-8.936396297175687,2.7314799268534604,3529.0746475491405,-14943.446479266508,-14921.239137577993,-1203.3118000056359,-135.18058462609352,0.03291852822732893,-19.8113097611559,1.720981439150577,0.00739751202264717,3467.864677935018,-15151.470994512256,-15114.458758364732,-322.12903873508185,-314.72659150557774,-316.10029012125597,-308.69784289175186,-524.1248053670042,-501.9174636784901
398,12204,-1.2685042821036878,-0.14122052785351244,-8.982435495634904,7.08112351086307,3508.9253978242286,-15207.723770476696,-15192.904732385023,0.22969535366829227,0.8116184276066466,-8.947551418727945,3.533456008773783,3447.370249769424,-15421.711897822095,-15399.483340684585,0.24610833175904595,0.8386735147293786,-8.95042423742712,3.4077412525411273,3449.257301712235,-15415.03339233144,-15392.804835193929,-1663.3098576440113,-196.93759185017274,0.11888750867615677,-18.602272262139593,1.3650831271741006,0.005077750726030943,3393.6386651015387,-15609.42448065383,-15572.376885424646,-213.98812734539933,-206.5786082995619,-207.30962185474345,-199.900102808906,-401.70071017713417,-379.47215303962366
399,12195,-1.1996376953202919,-0.13628906733870544,-8.802156465998506,7.3373456838970155,3310.6370661816236,-15896.882375854128,-15882.064813232828,0.2136530379787394,0.7588071777273825,-8.911802032591847,3.551586183403071,3244.5394641106095,-16140.821618892434,-16118.595274960484,0.2271170852346367,0.7665221795057122,-8.916190276181004,3.3750088801721425,3246.369246628111,-16133.946095175672,-16111.719751243721,-1108.4697275720036,-129.5889497337834,0.09284080569853925,-17.750751303897143,1.3309360044580754,0.007716707343136244,3162.5637374593125,-16448.89667377766,-16411.85276722441,-243.9392430383068,-236.53046172765607,-237.06371932154434,-229.6549380108936,-552.0142979235334,-529.7879539915812
400,12015,-1.225862325832308,-0.1386465216025243,-8.841637797063846,7.212586283749893,3315.8085119908724,-15464.764378923514,-15449.976556627173,0.2122112133312952,0.7227361247655271,-8.946513908969415,3.405739562108916,3239.285318360575,-15743.299780790418,-15721.118047345906,0.2244669734016208,0.7217682739411809,-8.955030022747955,3.2154764819222588,3241.4718899136287,-15735.192191703982,-15713.01045825947,-292.91181348656045,-34.586458305690655,0.10749048421868428,-15.989503421138528,1.3181239865874164,0.028913050048708394,3165.350840373346,-16016.71201590624,-15979.742460165387,-278.53540186690407,-271.1414907187336,-270.42781278046823,-263.0339016322978,-551.9476369827262,-529.7659035382148
401,12170,-1.250273357650587,-0.14245585653203394,-8.776566917552026,7.0197184190537705,3265.1510219395923,-16007.678227815499,-15992.864769443535,0.22098029658846938,0.7507856847254988,-8.924812527499485,3.3975232014629957,3208.826197089375,-16217.446169301506,-16195.22598174356,0.23531931072880222,0.762403447756416,-8.929317645152548,3.2398677583883497,3210.040339042952,-16212.84220763068,-16190.622020072735,18.145568090014933,1.393366324545681,0.17299337652949281,-11.011079286861547,0.5632017681908638,,3141.682185973324,-16470.802908987036,-16433.76926305713,-209.76794148600675,-202.36121230002573,-205.16397981518094,-197.75725062919992,-463.1246811715373,-440.90449361359424
402,12317,-1.2659466498143175,-0.1417839561737499,-8.92870169501376,7.052984180907921,3501.791680678276,-15487.160807342572,-15472.32333594069,0.21646660874206738,0.6323507440036099,-8.987416460404138,2.9212392048747473,3392.7777734532365,-15874.695271285946,-15852.439064183121,0.22614780084427227,0.6111543587620173,-8.994256432132733,2.702455458246373,3395.8808522417894,-15863.435131040906,-15841.178923938081,-435.1938259332336,-47.949114212667,1.0000000000000002e-06,-17.663035546894715,1.6824915711491968,0.02085544261703638,3318.5304501030796,-16143.232774502338,-16106.13909599763,-387.53446394337334,-380.11572824243194,-376.2743236983333,-368.8555879973919,-656.0719671597653,-633.8157600569411
403,12226,-1.235716004640106,-0.14095481813119465,-8.76675250284779,7.094471925530373,3505.9489096743237,-15267.540827170693,-15252.718186949516,0.22703408715768164,0.800781338554969,-8.868200712021668,3.5271414463802677,3445.133417960591,-15479.478495863084,-15457.244535531318,0.24110983897077654,0.8088826237957293,-8.873988005740069,3.3548304260357003,3447.3247450391905,-15471.704443374969,-15449.470483043202,-13.128605049309037,-1.5963306204394323,0.13079932654566362,-11.697797292373012,1.2029699827030695,0.6264366461408374,3387.506404696353,-15681.713447172871,-15644.656846619928,-211.93766869239153,-204.52634858180136,-204.16361620427597,-196.7522960936858,-414.1726200021785,-391.93865967041165
404,12245,-1.2815695491090024,-0.14609298172797505,-8.772286895309477,6.844955782078558,3500.782350837277,-15328.346765352311,-15313.521019413538,0.21501608163739988,0.7335041621847355,-8.9115025079739,3.411392099599818,3455.2936869490723,-15486.499307231159,-15464.260688323,0.2225642682484236,0.688433272717064,-8.931511911933683,3.093188669210113,3456.999832760372,-15480.454495672138,-15458.21587676398,1.425536887815141,-0.015386407083569462,0.16131752135739502,-10.308895863870243,0.5578742421390592,64.99243095341346,3392.2507760487492,-15707.976413748975,-15670.912048902042,-158.15254187884784,-150.73966890946213,-152.10773031982717,-144.69485735044145,-379.62964839666347,-357.3910294885045
405,12225,-1.3787847456084776,-0.15516719688292988,-8.885800435311978,6.444661114516861,3999.0235262791057,-13656.616254732704,-13641.793778104018,0.23011323770797007,0.8088179867181569,-8.886252491104194,3.5148694389525037,3961.899891185276,-13768.633110550812,-13746.399395607783,0.24533968595872466,0.8236558226523315,-8.890492859944057,3.3572058243805745,3963.9438634523503,-13762.327772648006,-13740.094057704977,-1122.8513586369286,-155.47576540243858,0.16999374018939598,-17.152923671547814,1.094873890675247,0.006431870571028013,3894.8337647722738,-13973.346641117229,-13936.290449545513,-112.01685581810852,-104.60561750376473,-105.71151791530247,-98.30027960095867,-316.73038638452454,-294.496671441495
406,12272,-1.108804691073763,-0.12463419017494287,-8.896472866052152,8.023480544113532,3383.293647297194,-15808.110684547326,-15793.280533500112,0.19658512672276246,0.5783627343635492,-9.005862904294881,2.9420472647414226,3298.287127508112,-16118.388972108098,-16096.143745537276,0.2054365908366845,0.5622204162719541,-9.01106250406544,2.736710213025786,3300.6964249864404,-16109.427925385495,-16087.182698814673,-1.2749405514106067,-0.2219677491841937,0.14506028561887538,-9.87890191756853,0.4627780307091797,4.505158986723688,3202.9776311720743,-16474.233398108736,-16437.1580204907,-310.2782875607718,-302.863212037164,-301.3172408381688,-293.902165314561,-666.1227135614099,-643.8774869905883
407,12262,-1.4126414073280986,-0.1596379962452563,-8.84902993368708,6.264172838048356,3683.006380570138,-14744.435381303108,-14729.606860646463,0.24418750846344245,0.9562914429015535,-8.854984391600535,3.9162177005656327,3647.4597072788006,-14861.357348654908,-14839.11456766994,0.26332507622816526,0.9997102040921886,-8.860879081667903,3.7964869066475164,3649.8632838137246,-14853.279686045473,-14831.036905060504,-707.3497789257292,-94.09944388048031,0.1651087036502875,-17.206118006361315,1.2108277781293875,0.010627055365705906,3607.0807072623065,-14993.86011330584,-14956.788811664226,-116.92196735180005,-109.50770702347654,-108.84430474236433,-101.43004441404082,-249.42473200273162,-227.1819510177629
408,12110,-1.414354283219839,-0.15877943853489992,-8.90766648547483,6.298044691600284,3492.1103143069886,-15055.091740319484,-15040.288166646389,0.23246311875280062,0.8119771831742183,-8.906360707025252,3.492929061309154,3445.106691021532,-15217.198640350105,-15194.993279840464,0.24725320943538268,0.8214885174071984,-8.912762892689692,3.322458459823903,3446.11601678732,-15213.65124807174,-15191.445887562099,-1148.5699699309168,-133.3249751553339,0.08565208724697504,-19.593632603906617,1.6335088026002458,0.00750047017698614,3413.5588898745173,-15324.604149701516,-15287.59521551878,-162.10690003062155,-154.70511319407524,-158.55950775225574,-151.15772091570943,-269.5124093820323,-247.30704887239153
409,12090,-1.1729046156158327,-0.12987356066506447,-9.031126963868173,7.69979659354174,3591.6498335244796,-14670.443078815852,-14655.642810928633,0.21959399820761624,0.712973617701909,-8.964733954525311,3.2467809845505182,3523.855040620914,-14898.831185863663,-14876.630784032835,0.23445184700115668,0.7318646138541992,-8.966038917049731,3.121598840936359,3526.1173295390417,-14891.071985536939,-14868.871583706112,-118.63076858201215,-14.05808590850543,0.11838441704516998,-14.854503271285125,1.3289205837390863,0.07113343925398688,3458.5050137828475,-15121.145752575318,-15084.145082857274,-228.388107047811,-220.98797310420196,-220.62890672108733,-213.2287727774783,-450.70267375946605,-428.50227192864077
410,12259,-1.1934962917974177,-0.13548920863581623,-8.80879225596067,7.380661604481853,3209.345778506505,-16425.429077019628,-16410.601045739437,0.2071455297991617,0.6910323288181697,-8.919120131501312,3.3359750967745296,3145.9872276435412,-16667.865743917293,-16645.62369699701,0.21900810977903587,0.6886219092345301,-8.920551490665446,3.144275844074004,3147.4913794786094,-16662.00590110275,-16639.763854182467,-5.414265410556376,-0.7289118906114799,0.15228985756380634,-10.61738048938299,0.7631351215077263,1.371907925882655,3076.4837875991802,-16937.737042512254,-16900.66696431178,-242.43666689766542,-235.02265125757185,-236.57682408312394,-229.16280844303037,-512.307965492626,-490.0659185723416
411,12266,-1.2742175814732755,-0.14240611981653542,-8.94777263164585,7.022170123645806,3648.4783920948057,-14868.782652306118,-14853.953479333746,0.21791526115766693,0.7201884563281675,-8.953988813820033,3.3049014213240158,3599.1128380380014,-15033.880169591846,-15011.63641013329,0.23123861813325536,0.7251112208396273,-8.95972854994017,3.135770429235869,3600.6505617829757,-15028.64063081947,-15006.396871360912,6.05576276280271,0.40884232255633657,0.17056578927389293,-10.455399307261985,0.522147598154431,,3537.759750545216,-15240.778010680846,-15203.705078249915,-165.09751728572883,-157.6829307995431,-159.85797851335155,-152.44339202716583,-371.9953583747283,-349.7515989161693
412,12152,-1.1951449580506597,-0.13364765140846252,-8.94250625024439,7.4823611897506215,3412.406452496124,-15429.963774941696,-15415.153276853145,0.19192526764654183,0.5131203808308954,-9.063275841068176,2.6735426091778645,3338.1281633860453,-15695.399245261862,-15673.183498129036,0.19839075985190516,0.4777387501253513,-9.071528042596032,2.40806956171736,3338.584731643273,-15693.737284486342,-15671.521537353516,-7.50084344053105,-0.8817217195432616,0.12902543888323983,-10.334624501630467,0.8167404580860124,1.134144682880226,3275.4130838880196,-15921.876825399439,-15884.850580178061,-265.43547032016613,-258.03022127589065,-263.773509544646,-256.3682605003705,-491.91305045774243,-469.697303324916
413,11968,-1.1864694316696633,-0.13148137744685176,-9.023859155637957,7.6056398207740585,3627.680005043435,-14281.520553128878,-14266.740569728448,0.2196895789501233,0.728634557117345,-8.954989785559034,3.3166550757638293,3559.53816138833,-14506.463997099867,-14484.294021999223,0.2301763192173277,0.7071891868071489,-8.965918353231594,3.0723802918207044,3559.868433141115,-14505.35359771821,-14483.183622617566,-1352.2263977583705,-153.9210976962774,0.062329176675322555,-19.536249748071523,1.6086281152692485,0.00649683516403473,3504.688336643116,-14688.317577754791,-14651.36761925372,-224.9434439709894,-217.55345227077487,-223.83304458933162,-216.4430528891171,-406.79702462591376,-384.627049525272
414,12348,-1.110030222347958,-0.12389987789320953,-8.959090527148891,8.071032974398163,3552.0505775623697,-15381.225735959848,-15366.383237188604,0.19461506980584178,0.6377627556198089,-8.958124352700937,3.277047128241788,3482.4465009420724,-15623.592654845117,-15601.328906688252,0.2032063254815346,0.6114405438970693,-8.963815586433213,3.0089641277068955,3483.321897193608,-15620.48907966057,-15598.225331503705,-1702.3135643588946,-195.8847771016848,0.07466706698449588,-18.94794922695571,1.4341361610290329,0.0051050419271779085,3430.232211932137,-15806.13518910606,-15769.02894217795,-242.36691888526911,-234.94566949964792,-239.26334370072254,-231.84209431510135,-424.9094531462124,-402.645704989347
415,12390,-1.491963299062762,-0.16720141713879066,-8.923149842828856,5.980810552400518,3725.8225484979703,-14883.849396992304,-14869.000107043057,0.2146213737326526,0.659576782926563,-8.95446590526308,3.073211076116668,3683.4692221450255,-15023.499488643463,-15001.225553719594,0.22713077192492795,0.6561553722064545,-8.956816956777075,2.8888880473814846,3683.575764377192,-15023.141120190698,-15000.867185266829,-3.96523865316115,-0.5601470688655655,0.17039808036205098,-10.45206314464424,0.7366466235085778,1.7852454392473105,3635.53694109371,-15181.786400182265,-15144.66317530915,-139.65009165115953,-132.2254466765371,-139.2917231983938,-131.8670782237714,-297.9370031899616,-275.6630682660925
416,12349,-1.221781626163683,-0.13638801159756408,-8.958130643980326,7.332022721693966,3633.455801750385,-15103.653992346146,-15088.81133161191,0.21632590261595655,0.7000301956051258,-8.935813509774295,3.2359980341692585,3574.112912785623,-15305.007418365749,-15282.743427264395,0.22574816195114908,0.6713494785469192,-8.944909626286483,2.9738867982109918,3575.921511695873,-15298.760067068375,-15276.496075967021,-53.31029170285707,-6.2223118604553385,0.09621136504516205,-14.194054539953818,1.5116431710312017,0.16071197047439884,3533.0273999578885,-15443.785139783377,-15406.678487947787,-201.35342601960292,-193.93209565248435,-195.1060747222291,-187.68474435511052,-340.13114743723054,-317.86715633587664
417,12187,-1.1806816089578038,-0.1328625971818341,-8.886485993811618,7.526572724085865,3486.5588475324826,-15247.476766845164,-15232.660516667516,0.21484423872127245,0.6858077347547791,-8.953142105258683,3.192116013148064,3406.426135276398,-15528.84351259066,-15506.619137324189,0.22686825124843774,0.6835370364624769,-8.955871949901752,3.0129250465899373,3408.5971157561935,-15521.078978552356,-15498.854603285885,-14.39075512086818,-1.753709810469075,0.14343321678274157,-11.67967903105543,1.109259876325464,0.5702197672786721,3341.5906332675672,-15759.038122870288,-15721.997497426171,-281.3667457454958,-273.9586206566728,-273.6022117071916,-266.1940866183686,-511.56135602512404,-489.33698075865505
418,12071,-1.1545561843463286,-0.12953783358959875,-8.912887859497395,7.719752386535937,3598.8641627529814,-14604.174475989663,-14589.37735366826,0.19133268858800595,0.5506975438429897,-8.967178495801173,2.8782198583369056,3531.769802671587,-14829.340791681143,-14807.14510819904,0.19862617389643425,0.5147704094628142,-8.970003709747361,2.5916544600573177,3532.066777108175,-14828.325825271408,-14806.130141789305,-17.366606302306913,-2.035286864408645,0.10083345386562369,-11.806253797424073,1.181028746666422,0.4913312307405626,3458.2531510424114,-15079.26047993279,-15042.267674129283,-225.16631569148012,-217.7677545307797,-224.15134928174484,-216.75278812104443,-475.08600394312634,-452.8903204610233
419,12252,-1.3464097975391254,-0.15136661655734274,-8.895024729769661,6.606476531905346,3668.4103439071278,-14771.063788394726,-14756.23689945882,0.21663881327209392,0.694172759982287,-8.95364315532121,3.2042862010623194,3631.9887804906425,-14891.314829660221,-14869.074496256364,0.23047417636819456,0.7016103921255515,-8.956707525873762,3.044203924194493,3632.0594598251782,-14891.076405250551,-14868.836071846694,8.091374628149326,0.44907323367904717,0.18020880993892438,-10.94100465005806,0.6019442075384079,,3570.285567773065,-15097.250253425012,-15060.18303108525,-120.25104126549559,-112.83759679754439,-120.0126168558254,-112.5991723878742,-326.18646503028685,-303.94613162642963
420,12310,-1.1606589014613395,-0.12986651077509792,-8.937322597904874,7.700214582124211,3739.551336732572,-14662.70394569524,-14647.867611256883,0.21351560894294105,0.7197430697938516,-8.960256794837827,3.3709154724430124,3662.4542370355875,-14917.147854154015,-14894.89335249648,0.22576432683069667,0.7213620784139408,-8.96725045115967,3.1951995629269576,3664.6790784460704,-14909.672134134866,-14887.41763247733,-584.998250225727,-67.98606362608511,0.09378249715796723,-17.073763516970462,1.371767483033025,0.014708896892455423,3598.9906672383327,-15128.327187403029,-15091.236351307136,-254.44390845877388,-247.02574123959675,-246.968188439625,-239.5500212204479,-465.6232417077881,-443.3687400502531
421,12228,-1.242860361823506,-0.14084307365797893,-8.824433673193246,7.1001006583283175,3278.881020981555,-16090.813875506192,-16075.990908140171,0.2112305392456834,0.6960804847147919,-8.950277988820813,3.295359123735308,3216.27783620274,-16324.538810598495,-16302.304359549462,0.22387033470076695,0.6964150105005213,-8.952628533002407,3.1107963072971434,3216.713566049003,-16322.882316990748,-16300.647865941715,13.58466025247751,1.0363104741352052,0.1638306068042578,-10.756709193178088,0.5168762333987805,,3133.984324852682,-16637.483644675074,-16600.42622626002,-233.72493509230299,-226.3134514092908,-232.0684414845564,-224.6569578015442,-546.6697691688823,-524.4353181198494
422,12228,-1.211250769577494,-0.13747480266917553,-8.810711098035126,7.274060268385598,3254.098905759198,-16183.585370869276,-16168.762403503255,0.2053510082001583,0.6289086960977863,-8.940078769198951,3.062603400927941,3185.243783619304,-16443.10042469258,-16420.865973643547,0.21608235769654877,0.6197726628897331,-8.942736411657462,2.8682242710443733,3186.4939955867867,-16438.301861831296,-16416.067410782263,-5.9234085346727365,-0.7022859566158427,0.12975425170699695,-10.097427131247176,0.8817984281619263,1.4239213963764477,3128.753428273563,-16657.910308145616,-16620.852889730562,-259.5150538233047,-252.1035701402925,-254.71649096202054,-247.30500727900835,-474.3249372763403,-452.09048622730734
423,12231,-1.3499393514395397,-0.15237532297490705,-8.859304282897867,6.562742447244418,3488.18517510075,-15340.916203525489,-15326.092745542514,0.21127830294249678,0.6376740567044363,-8.950707904341629,3.0181710465460854,3448.418253654627,-15479.156178292822,-15456.92099131836,0.2227490331559757,0.6281428623392008,-8.954209493296013,2.8199577499371498,3448.1151030743677,-15480.231453233939,-15457.996266259477,-0.619210037722793,-0.1929147251101052,0.1734976013140987,-10.188579604098459,0.6036109966013224,5.183637482464102,3402.942621921798,-15637.524102033154,-15600.465457075717,-138.23997476733348,-130.82824577584688,-139.3152497084502,-131.9035207169636,-296.6078985076656,-274.372711533204
424,12126,-1.3010775023567545,-0.14647161887994326,-8.882795945767446,6.827261196721385,3593.0841575280224,-14745.350689009818,-14730.544474636554,0.22648096038227486,0.6784601320638476,-8.92585566518618,2.995660787196777,3499.0741425523693,-15064.841599785768,-15042.632278225874,0.23948102962048695,0.6775111052873555,-8.927855687891622,2.829080476065384,3501.786491861272,-15055.445626609642,-15033.236305049748,-333.7105458477741,-37.61052193284795,0.041011193336425514,-17.272628467437734,1.6522321675170475,0.026588304245962317,3417.9218087413765,-15345.386613584318,-15308.37107765116,-319.4909107759504,-312.0878035893202,-310.09493759982433,-302.6918304131941,-600.0359245745003,-577.826603014606
425,12312,-1.144491761678547,-0.12933068531196043,-8.84934429070643,7.732117073282999,3569.1244031076194,-15241.384430732925,-15226.547771381887,0.21115501142800358,0.7270783717236396,-8.926816226203053,3.443339406469866,3513.7426161748235,-15431.926364776999,-15409.671375750442,0.22337472547267498,0.727050146882799,-8.933447285127055,3.2548451725875216,3514.7548599994248,-15428.380017610509,-15406.125028583952,4.168373271819819,0.2220690549400031,0.1626821386536091,-10.466049641116742,0.5444779691561672,,3444.246454688536,-15673.878229843644,-15636.78658146605,-190.54193404407306,-183.12360436855488,-186.99558687758326,-179.57725720206508,-432.4937991107181,-410.23881008416356
426,12092,-1.0898876303223166,-0.12182845629653571,-8.946084219186716,8.208262916555036,3399.2921506094694,-15340.468166537748,-15325.667567825949,0.20362629678857297,0.6076694771748781,-8.981883558376522,2.984238709629075,3290.92199480887,-15730.242338307475,-15708.041440239776,0.21207070257235963,0.5829027439100797,-8.987166506649132,2.748624571143627,3294.258097474351,-15717.990537653037,-15695.789639585339,-22.301392269658418,-2.531566584048337,0.07005738472376612,-11.862868576842295,1.211719132343146,0.3950123241083618,3179.3709563563593,-16143.227731428398,-16106.226234648902,-389.7741717697263,-382.3738724138275,-377.5223711152885,-370.12207175938966,-802.7595648906499,-780.5586668229535
427,12104,-1.1526062576999787,-0.13039651464108135,-8.839241300831906,7.668916632875635,3316.9255745723412,-15664.599608195123,-15649.797025684187,0.19171456375996376,0.5112649626590063,-8.988076901098628,2.6668029419983745,3227.2300544169793,-15994.420130234348,-15972.216256467944,0.19909233141224075,0.4833921434013458,-8.989381057381376,2.427979721631938,3229.535657731478,-15985.775856940583,-15963.571983174179,-7.655664755212048,-0.8792163250708209,0.09929266333296605,-10.138826912271854,0.9287226360254075,1.1373765152955388,3158.2656409361607,-16251.880714897927,-16214.874258620586,-329.82052203922467,-322.4192307837566,-321.1762487454598,-313.7749574899917,-587.2811067028033,-565.077232936399
428,12234,-1.167746778645694,-0.1305951972595304,-8.94172835716955,7.6572494317131055,3904.177921174646,-13969.328813140797,-13954.504864661192,0.21203403405422985,0.7522968921009101,-8.943950326578776,3.548000656859184,3835.644321457682,-14183.990629493415,-14161.754706774007,0.22490492845692653,0.7630177067480088,-8.948488876713173,3.392623327479197,3838.821561021522,-14173.860842837246,-14151.624920117838,1163.394946221888,105.90638276548765,0.15340844968865996,-12.197841630736262,0.43091396475168303,,3750.275992119805,-14455.353456773124,-14418.29358557411,-214.6618163526182,-207.2498421128148,-204.53202969644917,-197.1200554566458,-486.02464363232684,-463.7887209129185
429,12275,-1.0749667507195524,-0.12122133998302356,-8.867801254053916,8.249372595122649,3225.616022303535,-16400.80992399944,-16385.979284094115,0.19378012972179273,0.5997808247455692,-8.990810092065969,3.095161643284405,3153.4210143622545,-16676.66739898858,-16654.42143913059,0.2022758362521954,0.5782701843683608,-8.995714453571454,2.8588198920971437,3155.1807690701817,-16669.819292120654,-16647.573332262666,-4.705632347017794,-0.5988555723080538,0.1392697998771375,-10.174032232097188,0.6312249972461693,1.669851707559291,3069.4291897035105,-17004.04682453097,-16966.970224767658,-275.8574749891377,-268.442155036475,-269.0093681212129,-261.5940481685502,-603.2369005315304,-580.9909406735424
430,12345,-1.2766028952871105,-0.1450727849422318,-8.799740735627676,6.893091632577409,3522.1837955823466,-15478.727774507573,-15463.885761704016,0.21572741563919529,0.7490183934122031,-8.934101127286095,3.472059363400239,3474.2715108467764,-15645.809509593384,-15623.546490388046,0.2275855509472475,0.7422980452212491,-8.941481274603236,3.2616220235937026,3475.7934619375037,-15640.402801429093,-15618.139782223754,-605.5354677201253,-78.77846300836974,0.15169024713328305,-16.077647935197728,1.0639390690493706,0.012693824705538568,3377.6981049092756,-15989.8197067209,-15952.714674712004,-167.08173508581058,-159.6607286840299,-161.67502692151902,-154.25402051973833,-511.0919322133268,-488.8289130079884
431,12267,-1.2711783320411072,-0.14345674831381824,-8.861056360069908,6.97074213485206,3440.7347516546406,-15590.150083966724,-15575.32074794866,0.2153143336740896,0.6683998091818638,-8.941986042569168,3.1042977853652176,3373.762575609362,-15829.275465943336,-15807.031461916238,0.22782951223241107,0.6706670420948744,-8.945730198319756,2.943723293454276,3375.842641667455,-15821.714676735372,-15799.470672708274,-7.49488091694812,-0.8979816819417393,0.13535501221306542,-10.451467197021335,0.897402340887359,1.1136084622992115,3288.0117960983216,-16141.096103523281,-16104.022763478117,-239.1253819766116,-231.71071396757907,-231.56459276864734,-224.1499247596148,-550.9460195565571,-528.7020155294576
432,12221,-1.2212693199907156,-0.1381508668919238,-8.840113330205314,7.238463445779936,3603.773054420659,-14919.972539940376,-14905.1507178155,0.22050913571186617,0.7357854851343355,-8.887290116809924,3.336757376328245,3533.9296114820677,-15157.148644656525,-15134.91591146921,0.2350966869491975,0.7488152796784747,-8.886430912419337,3.185137525312246,3535.8921538804307,-15150.36368399911,-15128.130950811796,-26.49210359345589,-3.205357156926593,0.12562232802567783,-12.81873501719514,1.2865924957782648,0.31197771450805645,3486.3259175206276,-15318.890093352542,-15281.835538040352,-237.17610471614898,-229.7651936537095,-230.39114405873443,-222.98023299629494,-398.91755341216594,-376.68482022485114
433,12302,-0.9832629988209826,-0.10848428476379263,-9.06364457268518,9.21792499418088,3506.2470873056172,-15437.662203097747,-15422.82716883821,0.19183601870716377,0.5923389442846625,-9.020308755886601,3.087735808304401,3431.081121040425,-15702.257029578454,-15680.004478189148,0.20126971653109335,0.580563450647974,-9.024894450730429,2.8845047365001135,3433.092915373027,-15695.045937768418,-15672.793386379113,0.9076050094789019,-0.024317655312927854,0.14593023087480167,-10.058812588285276,0.4493511796504488,41.12238565485283,3351.5626895322184,-15986.722882775142,-15949.6352971263,-264.5948264807066,-257.17730935093823,-257.3837346706714,-249.96621754090302,-549.0606796773955,-526.8081282880903
434,12112,-1.1604517003332635,-0.1298173804790443,-8.939108893208555,7.703128782215911,3703.7757848948377,-14346.829498226924,-14332.025594275568,0.2145345672840402,0.7625369462652163,-8.96537220714188,3.5543780003323664,3643.712142280662,-14542.858280936936,-14520.652425009905,0.2280128243141367,0.7721447874456864,-8.970015593059369,3.38640946959146,3645.8056374341013,-14535.901328567292,-14513.69547264026,18.789354492312853,1.4095173361085007,0.16510397909674157,-11.03799918025453,0.5352171081536022,,3569.723369528463,-14787.334459435286,-14750.324699556899,-196.02878271001282,-188.62683073433618,-189.07183034036825,-181.6698783646916,-440.50496120836215,-418.2991052813304
435,12237,-1.1520967858330429,-0.12943715105986575,-8.900820022685672,7.72575718649348,3511.016259574435,-15274.61184260667,-15259.787403750699,0.21055138748590352,0.6763391264266305,-8.926008161690755,3.212228304465159,3415.73385947161,-15609.290446543573,-15587.053788259616,0.22141113134108778,0.6665091208640929,-8.92826843188964,3.0102782855904553,3418.68082793085,-15598.737368651713,-15576.500710367756,-616.2093461210573,-68.92759183267775,0.022857051760929364,-18.653031165434633,1.7090491812936603,0.014507978204541189,3367.367744970846,-15779.802405355986,-15742.741308216056,-334.6786039369035,-327.2663845089173,-324.12552604504344,-316.71330661705724,-505.1905627493161,-482.9539044653575
436,12217,-1.2833576418099073,-0.14342218268166929,-8.94811121832085,6.972422126774741,3351.0645453845245,-15799.304678764067,-15784.483511357259,0.20673895931628128,0.5526195379599649,-8.994255598780512,2.6730304717967326,3267.4470731186047,-16106.017294089865,-16083.785542979653,0.2164356828199679,0.533230204662968,-8.993714731878649,2.4636889708547325,3267.917349380563,-16104.259055457456,-16082.027304347244,-4.039629166217102,-0.49582990394722565,0.16136632260476655,-9.829162647794677,0.7094147184315379,2.0168206718456343,3230.2141809814166,-16242.030509360848,-16204.977590843828,-306.71261532579774,-299.30203162239377,-304.95437669338935,-297.5437929899854,-442.7258305967807,-420.4940794865688
437,12059,-1.3359663196710534,-0.15098487790085646,-8.848345200161765,6.623179843590995,3419.543403242985,-15194.008767255349,-15179.213634159141,0.2246009797426669,0.7289247345189351,-8.920452234554304,3.2454209921706014,3355.1552516221645,-15421.238181087283,-15399.045481442972,0.23711600031198501,0.7230823017052481,-8.926511224773991,3.049487595749986,3356.6568148940755,-15415.842513980213,-15393.649814335902,-37.44998347506978,-4.381804902098175,0.10002971527297695,-13.389360037054125,1.425285180746231,0.2282164592771262,3301.4596896664243,-15611.7901664814,-15574.802333740881,-227.22941383193393,-219.83184728383094,-221.8337467248639,-214.4361801767609,-417.7813992260508,-395.58869958174
438,12221,-1.354575722025577,-0.1527269244321523,-8.869266025371553,6.547633979522987,3657.496507044481,-14739.13190615813,-14724.310084033255,0.21607150970575864,0.6424865808188925,-8.950094738366822,2.9734904971683513,3610.1842148415294,-14896.250533777435,-14874.01780059012,0.22776865166742208,0.6352113438332426,-8.951809412526956,2.788844466449012,3610.7302457612423,-14894.402279260938,-14872.169546073623,-8.814979937348077,-1.051367147725445,0.13211725813730255,-10.751009104144385,1.0127495814454894,0.9511425215857524,3557.4190010825046,-15072.18664549791,-15035.13209018572,-157.11862761930388,-149.7077165568644,-155.27037310280684,-147.85946204036736,-333.0547393397792,-310.8220061524644
439,12123,-1.0487520117730216,-0.11839920136162828,-8.857762550017581,8.446002916402168,3274.3344289916486,-15864.884001491982,-15850.07828198449,0.2070152279847184,0.7230043808531106,-8.908772979647702,3.492517859152284,3198.3537697276424,-16147.51252555332,-16125.30394629208,0.2197891726804916,0.7320380357099351,-8.910334572454992,3.3306373866473473,3201.377446610273,-16136.057032709467,-16113.848453448227,-507.03607274884337,-59.426365157576925,0.0926328074294429,-16.896775399185163,1.3560388005328663,0.016827547795466993,3130.5305403141438,-16403.353738434416,-16366.339439665684,-282.6285240613379,-275.2256643075907,-271.1730312174841,-263.7701714637369,-538.4697369424339,-516.2611576811942
440,12361,-1.3049865728072234,-0.14626929668501137,-8.921807941809494,6.8367047812739825,3569.022199528292,-15351.510227038343,-15336.665623770568,0.22939942596949556,0.7294884028098727,-8.91161796579797,3.179992276470982,3502.3545872656623,-15582.591505839646,-15560.324600937982,0.2443179973109428,0.7403984404749938,-8.913784598713592,3.030470324020751,3503.657822452362,-15577.992801359407,-15555.725896457743,-25.357564756151728,-3.1114543839885385,0.1422113674479562,-12.76161720830156,1.2636216116871046,0.32139310964864964,3450.1709753017662,-15764.151051081251,-15727.039542911813,-231.0812788013027,-223.65897716741347,-226.48257432106402,-219.0602726871748,-412.6408240429082,-390.3739191412442
441,12321,-1.192769994049675,-0.1340962473261046,-8.894879743718807,7.457330238094809,3497.0313100070725,-15512.952965148437,-15498.114844343188,0.2024787681699543,0.6409636070530105,-8.954502792602506,3.165584287410351,3423.2974628783695,-15773.515377988497,-15751.258196780624,0.21156022348176207,0.6163576103679542,-8.960813407650091,2.9133908077058184,3424.931494282385,-15767.635638442143,-15745.37845723427,-7.819458386809146,-0.9449165390351764,0.13251284509066888,-10.606093973187562,0.8929721126992575,1.0582945251662836,3362.7840108082655,-15989.261046917183,-15952.16574490406,-260.56241284005955,-253.14335243743517,-254.6826732937061,-247.26361289108172,-476.308081768746,-454.050900560871
442,12272,-1.2443502663206445,-0.1405133019985413,-8.855747097406923,7.116763934637172,3405.5079744366085,-15727.797483237666,-15712.967332190452,0.22272873134123675,0.7198238654970446,-8.906815210295376,3.231841088315731,3332.970360245791,-15990.016181830591,-15967.77095525977,0.2366730969091187,0.7256358827988534,-8.909397908716455,3.0659838075195087,3334.006485018145,-15986.201762310677,-15963.956535739855,-282.6182276788211,-32.873587426711794,0.08463201686331372,-17.217658432282327,1.6144995812191643,0.030419558018405957,3285.586491900201,-16161.735686982734,-16124.660309364699,-262.21869859292565,-254.80362306931784,-258.4042790730109,-250.9892035494031,-433.9382037450687,-411.69297717424706
443,12427,-1.285015642149699,-0.1445075423350762,-8.892377666835374,6.920054025147383,3833.1236216147645,-14612.531609248634,-14597.676355641022,0.22355818287397844,0.6975064043929067,-8.900461553769548,3.1200218011527525,3780.343614305577,-14782.833567881611,-14760.550687470193,0.2352859874277169,0.6858521366313012,-8.904067591284836,2.914972302980875,3781.931549078114,-14777.61469782412,-14755.331817412702,-1007.9129520860789,-114.17286123946434,0.04336408987091846,-19.5868755783409,1.7134739582030556,0.008758648851784628,3726.3320139202115,-14957.664724127002,-14920.526590107973,-170.3019586329774,-162.87433182917084,-165.08308857548582,-157.65546177167926,-345.13311487836836,-322.8502344669505
444,12174,-1.1914157045756002,-0.13412279554454296,-8.88302170960882,7.455854136800289,3584.2408708290936,-14881.829473869413,-14867.015358251305,0.2149771173065712,0.7057693708326617,-8.938498706903506,3.2829976495879287,3489.8569908949366,-15204.704126458972,-15182.48295303181,0.22588323250817882,0.6926406479356579,-8.944956992603029,3.066365928292525,3492.8631820522837,-15194.221858086716,-15172.000684659553,-1826.1533430680038,-208.4624050929353,0.06749721408971955,-19.00852764240763,1.454423590132104,0.004797028027927562,3415.4964653209304,-15462.906499854182,-15425.871210808913,-322.87465258955854,-315.46759478050444,-312.3923842173026,-304.9853264082485,-581.0770259847686,-558.8558525576082
445,12283,-1.1795940055256586,-0.13222146617968394,-8.92135021345653,7.56306845547332,3681.2157195901173,-14796.685033765294,-14781.853090822216,0.20146240983745592,0.5899876016233042,-8.988430284114335,2.928524492977715,3630.2270862602036,-14966.006496076616,-14943.758581662,0.21246764724040554,0.5861613821542686,-8.98826770541528,2.7588265308507482,3630.6870943451513,-14964.450141277637,-14942.20222686302,2.2442864575643116,0.058526536109042286,0.16060334028825468,-10.312635094869647,0.5141653005569788,,3552.4355856076177,-15228.07784286167,-15190.997985503975,-169.32146231132174,-161.90549083978294,-167.7651075123431,-160.3491360408043,-431.39280909637637,-409.14489468175816
446,12429,-1.1784487607211198,-0.13256853478614763,-8.889354948533823,7.54326810365028,3664.3503573186945,-15176.549271253054,-15161.693695791562,0.19300601570569056,0.6524142631274646,-8.982423356540243,3.3802794215612053,3637.451784799364,-15266.122245613045,-15243.838882420809,0.20387668164247824,0.6522874962954932,-8.985813855447168,3.1994217830136953,3637.77554622764,-15265.016017419315,-15242.732654227078,5.470972279607544,0.32441020895577455,0.14717112228165563,-10.538949334303908,0.5020779963137526,,3561.4759163390463,-15524.477743595453,-15487.338804941726,-89.57297435999135,-82.14518662924638,-88.46674616626115,-81.03895843551618,-347.9284723423989,-325.645109150164
447,12376,-1.2487623091051034,-0.14034363593477725,-8.89789052982387,7.125367625965855,3626.3629083165924,-15187.897925267323,-15173.050896482817,0.21211575732617052,0.7309489681636897,-8.946483566903893,3.445990893735014,3566.310123570801,-15392.561159051393,-15370.290615874634,0.22336077065055412,0.7236556949026295,-8.956008766010783,3.2398513525671087,3568.2321393427783,-15385.89307387007,-15363.62253069331,225.23524565296978,20.424945445298217,0.15485428786536307,-11.515378907406378,0.4357752105761241,,3496.265771247108,-15634.05156957136,-15596.933997610096,-204.66323378406923,-197.23971939181683,-197.99514860274576,-190.57163421049336,-446.1536443040368,-423.8831011272796
448,12317,-1.1811425270377605,-0.13353686731729897,-8.845066914975845,7.488568663393045,3298.470281204272,-16223.913696361109,-16209.076224959226,0.22528434589561175,0.8075764931952345,-8.871710458987137,3.584698661528107,3235.8294867798386,-16458.07375289978,-16435.817545796956,0.2406649170048711,0.8258884559407412,-8.874233626727182,3.431694433152569,3237.623682690588,-16451.24614141638,-16428.989934313555,-672.4380837930304,-79.28383835426146,0.09600621409920615,-18.7227748640915,1.6059899066723118,0.012612911039091368,3186.9965501274983,-16641.370393765093,-16604.276715260385,-234.1600565386725,-226.7413208377293,-227.33244505527182,-219.9137093543286,-417.45669740398444,-395.2004903011584
449,12162,-1.1836915926338125,-0.13177957113423255,-8.982360334350211,7.588429613125586,3873.968953924306,-13909.775387730173,-13894.963244498813,0.20188954496916794,0.6119346711179483,-8.999932756442908,3.031036952465277,3791.8565879318476,-14168.331484673272,-14146.113269826232,0.2115767436845489,0.5984446737134399,-9.004726763128192,2.8284993108963485,3793.3502708064475,-14163.541589896764,-14141.323375049724,-552.0312866579927,-61.59177363348782,0.03047628959141114,-17.50869215447842,1.539281963001443,0.01623593446018729,3729.6547490253324,-14365.492123111808,-14328.461765033408,-258.55609694309896,-251.15002532741892,-253.76620216659103,-246.36013055091098,-455.71673538163486,-433.4985205345947
450,12344,-1.248748166875512,-0.14106201818146905,-8.852476258131098,7.0890804831216245,3464.0222388660686,-15682.010910932153,-15667.169060144068,0.20869540458070138,0.6041808049720364,-8.977073447049895,2.895036458449678,3392.5791646041794,-15937.259414687489,-15914.99663850536,0.2183778693858675,0.585370152096483,-8.981309798370862,2.680537884826372,3393.6201262688073,-15933.472425729995,-15911.209649547865,-47.94050996472259,-5.517455766570891,0.08469918833888872,-13.31335243690007,1.3244471110554956,0.18124295731717335,3320.6501052039393,-16197.78971832416,-16160.685091353946,-255.24850375533606,-247.82757836129167,-251.46151479784203,-244.04058940379764,-515.7788073920074,-493.51603120987784
451,12353,-1.1769025935357327,-0.1319908732483026,-8.916545247198503,7.576281415449003,3555.166687036655,-15381.62442053559,-15366.781112080516,0.21912236466360732,0.8322147152165787,-8.894870909436506,3.797945118446397,3482.527814716829,-15634.634027839744,-15612.369065157134,0.23330084096585385,0.8449183438834148,-8.901591040773068,3.6215829329439835,3485.473768105284,-15624.188747670589,-15601.92378498798,-1511.5201058383418,-192.51464210927588,0.14507704887262443,-17.515143647295854,1.148385859589573,0.005194410092882059,3417.6659504265863,-15862.877421947098,-15825.769150809414,-253.00960730415318,-245.58795307661785,-242.56432713499817,-235.14267290746284,-481.2530014115073,-458.98803872889766
452,12065,-1.3651348939211188,-0.15406469830753983,-8.860789713137743,6.49077959445211,3899.5910364220204,-13622.657572652084,-13607.861444695965,0.22361182427711868,0.7571433009378923,-8.971248896192954,3.385971664895396,3858.793783835882,-13747.545681659069,-13725.351489724892,0.2368167916318668,0.7590781469008009,-8.979628039629826,3.2053392061859896,3859.275450836116,-13746.03978369711,-13723.845591762933,16.047447519947017,1.1845397169283955,0.17448649172812794,-10.947250377935712,0.5377429049013485,,3787.7177951965505,-13967.845741254092,-13930.855421363796,-124.88810900698445,-117.49004502892603,-123.38221104502554,-115.98414706696713,-345.18816860200786,-322.9939766678308
453,12477,-1.4390173740962084,-0.1631508376157069,-8.820165407214992,6.129297370543979,3825.508898390474,-14746.2525756157,-14731.389291158877,0.2117767567078962,0.7377868068957099,-8.906621864956492,3.483795003591162,3831.8962092537877,-14723.437561912082,-14701.142635226848,0.22466919028666402,0.740048053086354,-8.910483294860665,3.2939454321355695,3832.8782549904936,-14720.24034201185,-14697.945415326616,-11.839431943295208,-1.5388961135967072,0.1496389997829062,-11.548873567216814,0.9542854859360451,0.6498164438551999,3762.793646156095,-14946.4952799972,-14909.337068855144,22.815013703617296,30.24665593202917,26.01223360384938,33.443875832261256,-200.24270438150052,-177.9477776962667
454,12244,-1.350250396428125,-0.15115556879007988,-8.93285247269527,6.615700685091984,4065.717497099259,-13494.346223463464,-13479.520640863333,0.2257320577644645,0.6481084944797396,-8.931563522046412,2.8711406828887154,4017.985408417456,-13636.942949253107,-13614.704575352911,0.23926040831522127,0.6484552003971911,-8.927111670317752,2.7102486573660904,4018.483760064152,-13635.42441731027,-13613.186043410074,-22.795937696958614,-2.901049402658742,0.16703336026709295,-12.60601009791603,1.1805691097292839,0.34470285100402775,3957.464302125606,-13818.771880915549,-13781.707924415223,-142.59672578964273,-135.18393448957795,-141.07819384680624,-133.66540254674146,-324.4256574520841,-302.1872835518898
455,12202,-1.109532417461753,-0.1253021482435092,-8.85485550738934,7.980709142006281,3192.0958138348983,-16357.93240042317,-16343.113690119746,0.20370906215707493,0.6148056074451126,-8.966338655363165,3.0180572279649076,3101.031885461004,-16709.092124152463,-16686.864058697327,0.21482169681893162,0.6086572575029007,-8.965547272381095,2.8333137039501377,3102.8601630588105,-16701.900302076974,-16679.67223662184,-11.096877503031244,-1.3335115212252173,0.13287482628167757,-11.169242807390242,1.0377942042422053,0.7498997827039467,3041.8206126173554,-16940.330827581747,-16903.28405182319,-351.15972372929355,-343.75036857758096,-343.9679016538048,-336.5585465020922,-582.3984271585778,-560.1703617034436
456,12206,-1.2003146769682265,-0.135528621267969,-8.856540159107412,7.378515258579859,3498.3859923000914,-15248.93394344069,-15234.114577614482,0.2132855757453325,0.6781665221248931,-8.952770383897574,3.179617373350359,3422.960439602949,-15512.974879813499,-15490.745831074186,0.2256607281179208,0.68087890463186,-8.954684756440704,3.017268047970054,3425.312864544482,-15504.589203982383,-15482.36015524307,-9.395032357610976,-1.1282166947961692,0.13425540801682592,-10.837853754789418,0.9647923448394421,0.8863545492744782,3344.250473734337,-15792.925589358647,-15755.877174793124,-264.0409363728086,-256.63125345970366,-255.65526054169277,-248.24557762858785,-543.9916459179567,-521.762597178642
457,12210,-1.1805956042369783,-0.13221589122636795,-8.929301865958537,7.5633873562739256,3612.194282468809,-14867.045763316448,-14852.225742182238,0.20601780163635744,0.6316656225586207,-8.9363576314429,3.0660730167074366,3544.226433890957,-15096.98080957278,-15074.750777871466,0.21594151823425672,0.6140933691621012,-8.937158064112273,2.8437948115930314,3545.684230703761,-15091.959674560721,-15069.729642859407,-18.905032540405468,-2.1979743122583733,0.09609407734305654,-12.078813560473161,1.3223314275039608,0.45496437079490737,3497.220066740817,-15256.003071827834,-15218.95301899231,-229.9350462563325,-222.5250356892284,-224.91391124427355,-217.50390067716944,-388.95730851138615,-366.727276810072
458,12296,-1.3233738845722645,-0.14945945387758577,-8.854400643375621,6.690777826734509,3833.233645484028,-14327.790503349244,-14312.956444778807,0.22428835586194915,0.723153556971724,-8.89577640098721,3.224213553987749,3771.6103662617234,-14525.06781267258,-14502.816724816925,0.23675201145736002,0.7177467725354767,-8.901620254242541,3.031639596712553,3773.3799162487285,-14519.300174485,-14497.049086629346,-1205.7071680162733,-137.87069583368591,0.058322001993048066,-19.58370745836712,1.6521212386728215,0.007253172938260243,3715.8511885787902,-14704.207991341997,-14667.122844915904,-197.27730932333543,-189.8602800381177,-191.50967113575643,-184.0926418505387,-376.4174879927523,-354.1664001370973
459,12106,-1.2587175735823968,-0.1401438680482951,-8.981610049100608,7.135524471576517,3523.0635270653693,-14939.286442368784,-14924.48352941588,0.22579402643827984,0.7691685610563554,-8.924359567305924,3.4065053588413043,3482.6607844057517,-15076.921119263921,-15054.716749834566,0.2419571227990617,0.7936159600790037,-8.92463930040404,3.279985936756565,3483.9384447687216,-15072.480686846691,-15050.276317417336,37.47542358794833,3.0310105921080823,0.1785440071684282,-11.310925758910063,0.5576099138128257,,3414.851434406914,-15310.956634902719,-15273.949352520462,-137.6346768951371,-130.23322041868596,-133.19424447790698,-125.79278800145585,-371.6701925339348,-349.46582310458143
460,12233,-1.3237121395026459,-0.1493851051200722,-8.861071781143625,6.6941078174843724,3638.8374719122503,-14828.181759752137,-14813.357974758042,0.2333605110607666,0.7419336278653827,-8.915261654254607,3.179345230659804,3567.361931418529,-15068.858630736637,-15046.622953245496,0.24684448517911547,0.7394579461917548,-8.919684107066743,2.995642967900169,3569.231477282333,-15062.44936688613,-15040.21368939499,-827.4114031773278,-97.15397859611183,0.10509237425939616,-18.12640960507683,1.4736563835827092,0.010292939254265606,3495.4617756668713,-15313.933229691873,-15276.873767206638,-240.67687098450006,-233.26497848745385,-234.2676071339938,-226.8557146369476,-485.7514699397361,-463.5157924485957
461,12246,-1.3653862557801073,-0.15339086303952426,-8.901353240500955,6.519293132488144,3874.5590607439162,-14088.298651935746,-14073.472742671669,0.21258650363316126,0.6204526861623093,-8.929314154897945,2.918589259236141,3815.012784377781,-14275.962859877414,-14253.723995981301,0.22174775875890143,0.5931487771599446,-8.931034719527139,2.67488059622219,3815.898096378737,-14273.12138237053,-14250.882518474416,-304.03786544088405,-34.54480083026836,0.05306584829819139,-17.04316411974498,1.6092434518519305,0.028947916212149476,3775.644048543221,-14398.991092755545,-14361.926319595355,-187.6642079416688,-180.25125330963238,-184.8227304347838,-177.4097758027474,-310.69244081979923,-288.45357692368634
462,12210,-1.3084114096910124,-0.14670902165940272,-8.918411389373171,6.816213404527935,3510.8354057315496,-15214.559526640938,-15199.739505506728,0.22627835018320877,0.7154356796104098,-8.942628960246841,3.161750468090073,3446.1515359887417,-15439.615525356148,-15417.385493654834,0.23819707656519892,0.7036302673163356,-8.949258286038084,2.9539836401969404,3447.7723389500015,-15433.87423639485,-15411.644204693535,-158.53405689910053,-19.049954392080497,0.12811424356336631,-15.341134494244981,1.336190656598665,0.05249356399591817,3383.226232174672,-15660.62568856314,-15623.575635727615,-225.05599871521008,-217.64598814810597,-219.3147097539113,-211.9046991868072,-446.066161922201,-423.83613022088684
463,12134,-1.2541142861371382,-0.1410578389380744,-8.890780516548997,7.089290517480625,3490.576535803137,-15114.290689727663,-15099.483156310658,0.22175363304067988,0.6858012118993878,-8.936318745215502,3.092626724963645,3397.398932278691,-15440.59790273655,-15418.386602611043,0.23297107475870774,0.6725797225344792,-8.943011413960091,2.886966646958563,3399.2064783513833,-15434.143867747602,-15411.932567622094,-195.53946606373546,-22.222224454534295,0.05587148527595629,-16.372424022328243,1.6149047021581378,0.044999995479568504,3338.104078366311,-15650.242627839161,-15613.22379429665,-326.30721300888763,-318.90344630038453,-319.85317801993915,-312.44941131143605,-535.9519381114987,-513.7406379859913
464,12222,-1.0984374610884768,-0.1247648401777141,-8.804062583047202,8.015078595665313,3341.8122295994544,-15844.565163571848,-15829.743177800938,0.19625486938159234,0.6536635640829124,-8.962096095725066,3.330687111828791,3285.6720084534127,-16049.630822370942,-16027.397843714578,0.20773607806858235,0.6553785311712279,-8.963248489641222,3.154861385969076,3286.927634274034,-16044.961053999059,-16022.728075342695,10.387971893031981,0.8059855382976047,0.14473915029007123,-10.511068587598235,0.4613803971009849,,3199.975395390873,-16368.634803454866,-16331.579839027592,-205.0656587990943,-197.6546659136402,-200.39589042721127,-192.98489754175716,-524.0696398830187,-501.83666122665454
465,12245,-1.3595301648976674,-0.15387813550262058,-8.835109422511259,6.498649055849587,3580.725916851029,-15051.86596013443,-15037.040214195657,0.22252408722263736,0.7065449186623514,-8.91813596005745,3.175139048904161,3526.915145986275,-15235.279228174395,-15213.040609266236,0.23649086283596985,0.7121612348462245,-8.922089423429501,3.0113689226977867,3528.5034819703624,-15229.765969364593,-15207.527350456434,-30.744058943306463,-3.749130976769281,0.13729131973130446,-12.960005629487533,1.259589528966456,0.26672847819835965,3474.823005398426,-15413.485422457816,-15376.421057610884,-183.41326803996526,-176.00039507057954,-177.90000923016305,-170.48713626077733,-361.61946232338596,-339.380843415227
466,12091,-1.5103870310840914,-0.1698195269208721,-8.894071597478073,5.88860432090329,3869.8109054850006,-13770.74103113946,-13755.94059783311,0.23493787689733722,0.7954253154420325,-8.923109264396043,3.3856835940916254,3855.959354523404,-13812.097040053606,-13789.896390094083,0.2502050426236109,0.8041068352758213,-8.928830546096089,3.213791484152689,3855.8427197380142,-13812.462773296413,-13790.26212333689,16.93955398651702,1.2828520906255951,0.18378584641329954,-10.995516491640064,0.5743509710822166,,3793.723629386881,-14004.839508300374,-13967.838425034503,-41.356008914146514,-33.955792260972885,-41.72174215695304,-34.32152550377941,-234.09847716091463,-211.89782720139192
467,12296,-1.4071560888446744,-0.15793300905228155,-8.909828903334924,6.331798564472129,3846.8830754217493,-14284.084509464185,-14269.250450893747,0.21807066435697184,0.7367120920587541,-8.920154757764427,3.3783181897992005,3816.920110984616,-14378.231677903941,-14355.980590048286,0.23115116885762663,0.7361940209312063,-8.928642289793583,3.184902869276217,3816.6828073884517,-14378.996162263575,-14356.74507440792,3.6947900632550295,0.16748904339891793,0.17915451011526626,-10.558773280672305,0.6075957174878199,,3786.342700701286,-14473.131814104252,-14436.04666767816,-94.14716843975657,-86.73013915453885,-94.91165279939014,-87.49462351417242,-189.04730464006752,-166.79621678441254
468,12180,-1.1201383694987521,-0.12377472939238669,-9.049814731953283,8.079193587487733,3761.3406372312993,-14307.74135856985,-14292.926257487323,0.20382687646417483,0.6166764156985743,-8.997993088534685,3.0254911736674877,3671.151521574905,-14601.350778994176,-14579.128127370384,0.21453365877496902,0.6102432482477474,-8.996193512617925,2.8445105151907675,3673.522590219364,-14593.486681376451,-14571.26402975266,-682.4202583485887,-76.7515856797862,0.04875521016785875,-17.802554781793994,1.5181272079774581,0.013029046776597953,3599.771430519447,-14836.505408157205,-14799.467655450886,-293.60942042432544,-286.2018698830616,-285.7453228066006,-278.33777226533675,-528.7640495873547,-506.5413979635632
469,12133,-1.13333290901552,-0.1274601215087865,-8.891666629530032,7.845591139900685,3325.514879332558,-15699.796498779067,-15684.989130194963,0.2041723359585567,0.5880449323122212,-8.974378856119797,2.8801401010153684,3216.1422127176174,-16103.547585133427,-16081.336532257272,0.21324003010524953,0.5707641649005544,-8.975868741516985,2.676627669855611,3218.8666552782365,-16093.273888782376,-16071.062835906221,-19.38670012795519,-2.147557072825243,0.011102202006491308,-11.844829984205507,1.44893807863194,0.46564536638108467,3156.450436928065,-16326.852714507702,-16289.834293047443,-403.75108635435936,-396.3474020623089,-393.47739000330876,-386.0737057112583,-627.0562157286349,-604.8451628524799
470,12162,-1.1611065040472361,-0.13075403841968805,-8.880081396188867,7.64794733750592,3346.5869322748194,-15689.544841342396,-15674.732698111036,0.19841712483057408,0.5920434768860795,-8.977834129177559,2.983832556749414,3264.0981187560105,-15991.077989796924,-15968.859774949884,0.20924538307330373,0.5887457602153698,-8.977984412742641,2.8136618909728486,3265.978133868343,-15984.075087060919,-15961.856872213879,-4.822729320865917,-0.585969244588277,0.1398403230890533,-9.974819590791386,0.7004815924940987,1.706574208860801,3204.1712615029683,-16212.440060949559,-16175.409702871159,-301.5331484545277,-294.12707683884764,-294.53024571852256,-287.1241741028425,-522.8952196071623,-500.67700476012214
471,12164,-1.3141329868842444,-0.14831503208508015,-8.86041669822381,6.742404906242782,3385.989738584286,-15551.74306054173,-15536.930588444136,0.22758570693580682,0.8457617960408168,-8.915397319532577,3.7162342373256934,3346.2558475639594,-15693.329225459545,-15671.110517313153,0.2452598475562292,0.8813890176611919,-8.917321590179759,3.5936947137632114,3346.440683751512,-15692.657344588975,-15670.438636442583,17.834598431131262,0.43224305965783605,0.1831386458257637,-12.181619860153662,0.7185797648639303,,3276.951521113415,-15943.90334644173,-15906.872166197743,-141.58616491781504,-134.1799288690163,-140.91428404724502,-133.50804799844627,-392.1602858999995,-369.9415777536069
472,12151,-1.301028220676714,-0.1475911033400068,-8.81508567409734,6.775476145715179,3503.272669600346,-15108.367487832029,-15093.557154332211,0.21934582862816207,0.7894010509462012,-8.867862997849214,3.598887910854253,3473.1776250945995,-15211.20222145732,-15188.986721207595,0.23380896225563885,0.8015996926285667,-8.87263749457425,3.4284386915507734,3474.4415331958453,-15206.781211278794,-15184.565711029069,-37.580347670284056,-4.685167034799215,0.13394757168447086,-13.296470356691849,1.2101987848095364,0.21343956204175238,3418.364492591073,-15400.496670475555,-15363.470836726012,-102.83473362529185,-95.4295668753839,-98.41372344676529,-91.00855669685734,-292.1291826435263,-269.9136823938006
473,12072,-1.1954434551022755,-0.13443860015099376,-8.89211471824031,7.438339873197557,3333.7905943273527,-15529.993048867824,-15515.195760866929,0.21166727550194508,0.6052883793516137,-8.952259645289944,2.8596219132893386,3231.0205300932666,-15905.990695533932,-15883.794763532589,0.22247448027080519,0.5942926156325068,-8.952573341757043,2.671284431855326,3233.1046710198807,-15898.206270153814,-15876.010338152471,-27.79637927612296,-3.1407872521029354,0.051701249239362916,-12.760387558598474,1.4944256238439375,0.31839151134176413,3171.3647538774044,-16126.964776680052,-16089.971556677814,-375.99764666610827,-368.59900266566,-368.2132212859906,-360.8145772855423,-596.971727812228,-574.775795810885
474,12058,-1.2165820711512103,-0.13641411544059975,-8.918300479549417,7.330619685287925,3605.3220874828735,-14553.831143252868,-14539.03617601477,0.21416096402781054,0.6652843521388264,-8.97721205264654,3.1064687963042315,3513.444252326481,-14863.099810878975,-14840.907360021827,0.22513830038244448,0.6573983248878675,-8.983023162387871,2.9199755162544045,3515.8976947040746,-14854.682633392587,-14832.490182535439,-35.344421344731956,-4.042308798956047,0.07858618661499218,-13.067907200919716,1.4143099351059913,0.24738337661344836,3472.251905416556,-15001.305559536,-14964.318141440754,-309.26866762610734,-301.8711840070573,-300.8514901397193,-293.4540065206693,-447.4744162831321,-425.2819654259838
475,12131,-1.253156300133093,-0.13988843873492315,-8.958254959923593,7.148553583437414,3561.397880037276,-14863.887393586765,-14849.080354709224,0.228636238022384,0.7109348650626394,-8.95718862122513,3.1094583746301723,3463.199036780423,-15201.074905398698,-15178.864347082386,0.24034547325797723,0.7010081203732407,-8.963893176962355,2.916668705554552,3466.7351261867634,-15188.69490198092,-15166.484343664608,-476.84421742346785,-52.701346212331195,0.00640384063408865,-18.042497063918734,1.7137627982827228,0.01897484735913667,3407.3835537292657,-15394.179739513513,-15357.162142319658,-337.1875118119333,-329.7839923731626,-324.80750839415487,-317.4039889553842,-530.2923459267477,-508.0817876104338
476,12345,-1.356822984790928,-0.1529244630025052,-8.872504491114025,6.539176142038295,3765.3943995219784,-14654.434641040889,-14639.592628237331,0.23603922839665248,0.778405994887035,-8.91221367174394,3.2977823227712024,3675.8242109187504,-14949.6433227481,-14927.38030354276,0.2485752512698258,0.7692463253025874,-8.919607768793815,3.0946215336118827,3679.65500513519,-14936.784566033917,-14914.521546828579,-2609.2176049980753,-306.2713585288271,0.10538340919256398,-19.491028859149917,1.4224144019458558,0.0032650784089099777,3604.228397369818,-15188.465418177106,-15151.36038616821,-295.2086817072104,-287.78767530542973,-282.34992499302825,-274.92891859124757,-534.0307771362168,-511.76775793087836
477,12195,-1.321089726368127,-0.14830917790024878,-8.907673449964628,6.742671048130209,3619.996095348536,-14807.47486503588,-14792.65730241458,0.2173630813969971,0.7121715225206992,-8.950762923291272,3.2764143659703286,3584.3884557299043,-14926.023316605251,-14903.7969726733,0.22969504691616943,0.7057233228356157,-8.95741223740904,3.072435963728812,3584.4355371541938,-14925.863134692629,-14903.636790760678,167.81109308086266,14.893157292910391,0.17009222823074954,-11.63238108067372,0.48594623161852346,,3508.8644622703005,-15181.720783164323,-15144.676876611073,-118.54845156937154,-111.1396702587208,-118.38826965674889,-110.97948834609815,-374.245918128443,-352.0195741964926
478,12204,-1.2430454559118957,-0.14003635420867472,-8.876591103332894,7.141002817810104,3606.9646450580785,-14871.421022886234,-14856.60198479456,0.21131387664137943,0.6705721444690695,-8.941942318184385,3.173346469844462,3521.265310850922,-15162.880991530737,-15140.652434393227,0.22377220131245185,0.6731553891052082,-8.941568443026696,3.0082172189265153,3522.921559363189,-15157.142115606917,-15134.913558469407,-61.03340018058895,-7.1432839084166115,0.09994689040059927,-14.036528029924073,1.3899316909149042,0.1399916358947661,3464.832441882039,-15356.050208947538,-15319.002613718354,-291.45996864450353,-284.0504495986661,-285.7210927206834,-278.31157367484593,-484.6291860613037,-462.4006289237932
479,12243,-1.3550581452317598,-0.1512173012038326,-8.960999399170708,6.6129999149505725,3867.0995023726127,-14105.440472923015,-14090.615053674868,0.20841346498935598,0.6338218573752623,-8.982920446966363,3.0411751822639324,3837.6637448354422,-14196.98876801017,-14174.750639137948,0.22065140149995294,0.6364690759317948,-8.98349858063415,2.884500490842931,3837.79662010534,-14196.564873715322,-14174.326744843102,5.232098514200439,0.35115301847527974,0.1693998461635537,-10.349963142850825,0.5033766321508791,,3786.043007600157,-14358.787995393117,-14321.724447272747,-91.54829508715375,-84.13558546308013,-91.12440079230691,-83.7116911682333,-253.34752247010147,-231.1093935978788
480,11981,-1.3004911746107224,-0.1457584939780255,-8.922232517075704,6.860663640986573,3428.38155819252,-14987.031687654902,-14972.249532973623,0.2044468670795894,0.4952173344175803,-9.0529314272762,2.4222299979035458,3344.5087686414754,-15281.782768854671,-15259.609536832751,0.21345777024674548,0.4786468148623088,-9.052898492480779,2.2423489869168,3344.7987820287517,-15280.743901866175,-15258.570669844255,-5.190738438033962,-0.6078673611973463,0.14634577127468412,-9.732745970231267,0.6653995356426738,1.6450957294865294,3285.358850138051,-15491.571042806876,-15454.615656103677,-294.75108119976903,-287.3600038591285,-293.712214211273,-286.3211368706325,-504.5393551519737,-482.3661231300539
481,12164,-1.3343458239337098,-0.15083169796002086,-8.846587567338723,6.6299061372700185,3613.1430974819186,-14761.912590666316,-14747.100118568722,0.22631109739614363,0.7618234023885068,-8.914139976210746,3.3662662200562874,3560.1527635569955,-14939.63085674452,-14917.412148598127,0.23806759919315496,0.7504724252686836,-8.924491391557707,3.152350121613112,3561.483638926957,-14935.084494848532,-14912.86578670214,17.659651574057506,1.4738058813174626,0.16707874890734867,-10.658276302635986,0.4913667739672523,,3492.913856151542,-15167.563686204401,-15130.532505960415,-177.71826607820367,-170.31203002940492,-173.17190418221617,-165.76566813341742,-405.6510955380854,-383.4323873916928
482,12236,-1.416777980187712,-0.16033583782746352,-8.836315070822149,6.236908813088277,3627.42222398576,-14873.264934986375,-14858.440659575834,0.23528018121295208,0.9052693257176226,-8.867300488348306,3.847622528385693,3622.217198452931,-14888.835106315453,-14866.598693199641,0.2554698244303048,0.9581972787609133,-8.870119797209279,3.7507258671261225,3622.651569784343,-14887.367869906473,-14865.131456790661,13.525511772188171,-0.5577423295106425,0.18150958144852694,-12.667513914938842,0.7856303040936237,1.792942631550648,3554.6393039847717,-15115.272361294401,-15078.211672768048,-15.57017132907822,-8.158033623807569,-14.10293492009805,-6.690797214827398,-242.00742630802597,-219.771013192214
483,12157,-1.0959129258400475,-0.1203531972131375,-9.105806502998492,8.308877729513629,3514.2233594014297,-15083.889615155798,-15069.078294326686,0.20077576116146,0.5601116077391182,-9.018995997179914,2.7897371898826333,3410.2603497437444,-15446.96326976261,-15424.746288518942,0.20917590047667614,0.5353145774752429,-9.0227057183847,2.559159904440963,3412.391627548117,-15439.367998833714,-15417.151017590046,-201.48012019120955,-22.341906070342066,0.020022278906007725,-16.201294606319642,1.6119402652482107,0.04475893851006104,3358.7158300935657,-15628.113526139376,-15591.085224066597,-363.07365460681103,-355.6679941922557,-355.4783836779152,-348.0727232633599,-544.2239109835773,-522.0069297399114
484,12306,-1.1650325246620352,-0.1303745015955401,-8.936045855625263,7.670211488917465,3663.192474876361,-14907.819130083411,-14892.98344562881,0.20026416312112233,0.6216040031020469,-8.966416829920755,3.103920309127364,3590.549776642152,-15152.304571628445,-15130.051044946544,0.20973566677285008,0.6051694985921443,-8.96752703665423,2.885391444877903,3592.71014931448,-15144.902487565982,-15122.64896088408,-38.633918822392566,-4.463026117767724,0.08857497761540971,-13.019236851868348,1.2946983277129693,0.22406321935220289,3541.110784452404,-15318.925699452204,-15281.836488315701,-244.4854415450336,-237.06759931773377,-237.08335748257014,-229.6655152552703,-411.1065693687924,-388.85304268689106
485,12319,-1.4639063984218479,-0.16447443255634692,-8.900510405593474,6.079972336474925,3792.9360311509554,-14507.811422576317,-14492.973626446392,0.2315318962527138,0.8426219504319102,-8.899191282575257,3.639334208675077,3788.7731886231313,-14519.339259312623,-14497.082565117737,0.24689998747798225,0.8571388986400232,-8.904033915981277,3.4716036537525548,3789.5735426292185,-14516.737224492286,-14494.4805302974,-949.3014171790188,-128.2502504546704,0.1684159644874686,-17.18117946422486,1.140399296777017,0.007797255728194047,3748.155707346857,-14648.117902400676,-14611.023412075867,-11.527836736306199,-4.108938671344731,-8.925801915969714,-1.5069038510082464,-140.30647982435949,-118.04978562947508
486,12383,-1.3183907399848591,-0.14795390589948235,-8.910820785498924,6.758861781448236,3831.8015704161207,-14521.128826382088,-14506.280666695659,0.22877412046345202,0.8023848766603124,-8.901986122288355,3.5073236213730654,3773.1942236181494,-14709.98998198539,-14687.717742455745,0.24222359044130995,0.8016490719778552,-8.90963842322381,3.3095416945860703,3775.069807635081,-14703.836154492476,-14681.56391496283,-1985.4254589343302,-231.30053667717257,0.09073181688083609,-19.986802325704545,1.55726244265009,0.004323379506013449,3729.7012392119236,-14849.555799019907,-14812.435399803831,-188.8611556033029,-181.43707576008637,-182.7073281103876,-175.28324826717107,-328.42697263781884,-306.1547331081729
487,12177,-1.3757540956555414,-0.1548150439384531,-8.886436748372295,6.459320583841652,3573.0218468962107,-14926.673086992389,-14911.858478581375,0.22010451128732628,0.6695051806763391,-8.962090854316248,3.041760374472114,3499.91388919003,-15176.412206420182,-15154.19029380366,0.2294815147217782,0.640423442424825,-8.972390463710907,2.790740871661362,3501.464037688581,-15171.02007967815,-15148.798167061628,-16.294365608348283,-1.9564415622319913,0.1371694485780473,-11.817552956291363,1.172709498848134,0.5111320569468775,3436.834307231265,-15393.88233085986,-15356.845809832324,-249.7391194277934,-242.3318152222855,-244.3469926857615,-236.9396884802536,-467.20924386747174,-444.98733125094986
488,12216,-1.2669374086919694,-0.14197885235140392,-8.923423366997245,7.043302459756161,3614.877223806268,-14871.284864405643,-14856.463860711847,0.21754271361804997,0.6483241699495043,-8.952107058425094,2.980215513390155,3545.668434621156,-15105.434715929738,-15083.203210389041,0.23038722453829624,0.650194919538586,-8.952854047317754,2.8221830478734162,3548.0988745727896,-15097.063915389826,-15074.83240984913,-11.281372331914477,-1.3084901352661364,0.10669399358804214,-10.955484327159656,1.1347189079526812,0.7642396171344524,3473.4473848266166,-15352.829194357324,-15315.776685122832,-234.14985152409463,-226.7393496771947,-225.7790509841834,-218.36854913728348,-481.544329951681,-459.31282441098483
489,12278,-1.2345841595021543,-0.13974561832225904,-8.834510693960747,7.155859425187555,3515.135042349977,-15352.476440943125,-15337.64531229915,0.22373071216397108,0.7539897894649827,-8.928073443141367,3.370077278046599,3433.925729035705,-15637.460071277437,-15615.213378311475,0.23627637954238562,0.7500909457906659,-8.933137519989932,3.17463365251924,3437.0258275685364,-15626.380670686303,-15604.133977720341,-1205.8944077283109,-142.15341320225122,0.10805646108307344,-17.973577317040686,1.3411897236179304,0.007034653459760638,3347.048334056307,-15948.087148463863,-15911.009326853926,-284.9836303343127,-277.5680660123253,-273.9042297431788,-266.4886654211914,-595.6107075207383,-573.3640145547761
490,12205,-1.2979055585727424,-0.14853038494683338,-8.738316803240826,6.732629154350816,3480.60045333214,-15308.891951159867,-15294.072749194213,0.21996108447643656,0.7368595776984541,-8.920821348826648,3.3499542860154907,3425.295447466324,-15502.380570438034,-15480.151767489553,0.23078179025509898,0.7155350927878514,-8.933509765226274,3.1004833266824097,3426.0974944275813,-15499.523054224943,-15477.294251276462,2.4786757025175397,0.010314849853447768,0.17641590289619966,-10.704899412651564,0.6375893113923415,,3350.3623011569107,-15768.345900002007,-15731.297895087871,-193.48861927816688,-186.07901829534057,-190.63110306507588,-183.22150208224957,-459.45394884213965,-437.2251458936589
491,12337,-1.2646239580984329,-0.14186081799523353,-8.914540152594663,7.049162793024355,3844.307688489102,-14381.057293618798,-14366.216577306655,0.2094037620325416,0.7077452170559752,-8.960346310399041,3.379811375814684,3815.7246451194633,-14471.127568872149,-14448.866494403934,0.2212215389432614,0.7027300832966112,-8.966878902126668,3.1765897961538294,3816.3889781498738,-14468.979834438036,-14446.71875996982,-24.678898946267083,-3.2234379900562455,0.1559816241281282,-12.52659696982572,1.0186415231426422,0.3102277763942812,3758.2750378708797,-14654.286118449088,-14617.18432766873,-90.0702752533507,-82.64991709727838,-87.92254081923784,-80.50218266316551,-273.22882483029025,-250.9677503620751
492,12132,-1.1936418354133174,-0.13529747416911928,-8.822351213454937,7.391120980943214,3447.046312318207,-15262.04581248385,-15247.238608746233,0.20704265727184712,0.7190608459556957,-8.939418629684438,3.473008197588811,3386.692696653778,-15474.34404729266,-15452.133241686233,0.21844953436102332,0.7145933154175229,-8.945001855118461,3.271205486922858,3388.3520464831336,-15468.401287268036,-15446.19048166161,11.965991068235228,0.8893327981354254,0.15528052493847108,-10.74562038806477,0.5174482669008807,,3310.279506542609,-15747.210974102796,-15710.192964758753,-212.29823480880987,-204.89463294000052,-206.3554747841863,-198.95187291537695,-485.1651616189465,-462.9543560125203
493,12114,-1.2849866590097296,-0.14372629161174133,-8.940512167954358,6.9576692530367055,3568.077371520405,-14803.365090447865,-14788.560856272783,0.22499698006961133,0.7194988556643063,-8.949101247036044,3.197815612643788,3506.6037433335496,-15011.893385010384,-14989.687033747761,0.2372240206423714,0.71177299084784,-8.95388178688902,3.0004254582670526,3507.6076864543174,-15008.425634666737,-14986.219283404114,-1224.6742493723102,-144.92962408722616,0.1163526124037671,-18.858143300039107,1.4765518024321476,0.006899900598639159,3463.716714190139,-15156.96544858471,-15119.954863147004,-208.52829456251857,-201.12617747497825,-205.06054421887166,-197.65842713133134,-353.6003581368441,-331.3940068742213
494,12109,-1.3244051862475363,-0.14906291180602257,-8.884873978384384,6.708576854458019,3674.578653631661,-14436.109689951107,-14421.306281437597,0.22378642386442166,0.7494025037148879,-8.93687874621726,3.3487397974101616,3597.450517050433,-14690.978744284434,-14668.77363151417,0.2370589474263279,0.753600491807679,-8.939659354375147,3.1789582295427996,3600.7589208145337,-14679.847791692335,-14657.642678922071,-693.6424252696181,-81.8559321720903,0.11142152242633326,-17.049944830980685,1.3076853143079514,0.012216585572535464,3513.972116643748,-14971.278085271415,-14934.269563987644,-254.86905433332686,-247.46735007657298,-243.7381017412281,-236.33639748447422,-535.1683953203083,-512.9632825500466
495,12435,-1.3207681691091455,-0.1483271215115888,-8.90442796738258,6.741855365418589,3829.7174133419007,-14640.998676178462,-14626.142135465987,0.20967323825707876,0.7863745999232098,-8.909101007411948,3.750476724926821,3823.115570563194,-14660.453197789077,-14638.168386720365,0.22275454293096775,0.7938472932937338,-8.91507266820095,3.563775996881686,3823.392776188767,-14659.55159622162,-14637.266785152908,11.259605129320402,0.6412210327927484,0.1640486614378946,-11.191423695631746,0.6077504727995028,,3761.427281623876,-14858.735867596692,-14821.594515815505,-19.454521610614393,-12.026251254377712,-18.552920043157428,-11.124649686920748,-217.7371914182295,-195.45238034951763
496,12059,-1.3762448642924892,-0.15386815768183063,-8.944312358235258,6.499070470888494,3653.6491989340584,-14395.468849744639,-14380.67371664843,0.2358560420091919,0.8067327742477444,-8.92568076576353,3.4204456556440643,3599.21131709732,-14574.495009984685,-14552.302310340374,0.24908177573717244,0.8016655038156827,-8.934771195030143,3.2184831726171277,3601.5121019219177,-14566.788793947908,-14544.596094303597,-1381.4115066599252,-184.43795284643605,0.17322195371484292,-17.37694432653491,1.1197504700086038,0.005421877572196894,3541.313524205218,-14766.056205125218,-14729.0683723847,-179.026160240046,-171.62859369194302,-171.3199442032692,-163.9223776551662,-370.58735538057954,-348.39465573626876
497,12213,-1.378363983798733,-0.15543537134175373,-8.867762671394415,6.43354206553998,3521.9153172374886,-15182.81655451746,-15167.996042043118,0.22839094548464872,0.8399391906973828,-8.904157655398114,3.6776378718299023,3497.8385187067497,-15264.594732613321,-15242.363963901807,0.24253450378772107,0.8420234939843781,-8.915014624929887,3.4717678550238826,3498.6577445758194,-15261.734670888662,-15239.503902177148,10.981724044148132,0.790267187476527,0.17004482934941484,-10.778579850727283,0.5524520974050687,,3428.8378288935523,-15503.92450835219,-15466.873227166334,-81.77817809586122,-74.36792185868944,-78.9181163712019,-71.50786013403012,-321.1079538347294,-298.8771851232159
498,12210,-1.3997804696942193,-0.15695424724392606,-8.918398159170485,6.371283463555325,3873.262437316929,-14015.010756960135,-14000.190735825925,0.2195498844611976,0.7846634472678823,-8.917852273518301,3.5739642915027843,3867.569915440607,-14030.968956149041,-14008.738924447727,0.2338590608027615,0.7966478413920977,-8.922925146823081,3.4065297220362845,3867.6241935705507,-14030.797600147554,-14008.56756844624,-551.2009463749657,-70.65120519673282,0.15035406269130414,-16.454688296861445,1.1602672137398933,0.014154040220763903,3826.260947796115,-14158.083702663376,-14121.033649827852,-15.958199188906292,-8.548188621802183,-15.786843187419436,-8.376832620315326,-143.0729457032412,-120.84291400192706
499,12253,-1.3102290902172031,-0.14912202179289252,-8.786288399689948,6.705917663783057,3323.7255816611478,-15982.299031983539,-15967.47197981564,0.22723887081930785,0.7793054483824632,-8.887706455609285,3.42945485326821,3282.792722784364,-16132.135964764148,-16109.895386512299,0.24212417890016907,0.791664000204017,-8.893629036667749,3.269661063178784,3284.0462956406436,-16127.457906309697,-16105.217328057848,4.313323135751526,0.23056326802896163,0.17734682343731997,-10.52800836234918,0.593039562814199,,3226.535432184777,-16339.935932060853,-16302.868301641105,-149.83693278060855,-142.42340669665828,-145.15887432615818,-137.7453482422079,-357.63690007731384,-335.39632182546484
