rep,n,ou_a,ou_b,ou_x_star,ou_tau,ou_sse,ou_aic,ou_bic,tanh_A,tanh_Delta,tanh_x_star,tanh_tau_local,tanh_sse,tanh_aic,tanh_bic,rat_A,rat_Delta,rat_x_star,rat_tau_local,rat_sse,rat_aic,rat_bic,hinge_a,hinge_b,hinge_A,hinge_x_c,hinge_Delta,hinge_tau_from_b,hinge_sse,hinge_aic,hinge_bic,delta_aic_tanh,delta_bic_tanh,delta_aic_rat,delta_bic_rat,delta_aic_hinge,delta_bic_hinge
0,74506,-2.087796201154937,-0.21317455674685348,-9.793833903143573,4.690991341839674,24689.43340328964,-82288.19770291909,-82269.76043304302,0.35613960052264537,0.8328287957697382,-10.05067538692555,2.338489722983733,23931.740952926324,-84608.52763133461,-84580.8717265205,0.38185266914770954,0.8491662273001285,-10.054633839981802,2.223805922832639,23952.303108216038,-84544.53955070279,-84516.88364588868,-5.590533114403579,-0.5721274371128722,0.17652737633146312,-10.385253519510147,0.8716926328323966,1.7478623382341214,23142.76556491652,-87102.22371642162,-87056.13054173143,-2320.329928415522,-2311.1112934774865,-2256.3418477836967,-2247.1232128456613,-4814.026013502531,-4786.37010868841
1,73875,-2.1926085606743513,-0.22338553023829882,-9.815356251299551,4.4765656886246825,24586.27460863574,-81272.25044493387,-81253.83018542446,0.36422267960414434,0.8408322994074052,-10.062787199507618,2.3085665624152356,23901.877148504635,-83355.8411942389,-83328.21080497478,0.3944345230137718,0.8769788930021861,-10.064305625862868,2.2233826955648253,23923.05934580544,-83290.40106853764,-83262.77067927351,-5.307794518537152,-0.5475164533543061,0.19966806113939337,-10.421774275765376,0.8141539472401972,1.8264291308025495,23130.8851683387,-85774.07337317927,-85728.02272440573,-2083.5907493050327,-2074.380619550313,-2018.1506236037676,-2008.940493849048,-4501.822928245398,-4474.192538981268
2,74388,-2.0767330295363813,-0.2120981899910016,-9.791375539906719,4.714797424921097,24267.669017994707,-83321.693439189,-83303.25933935402,0.35164080601169506,0.8188056445863537,-10.056621884736165,2.3285285171343895,23527.537991108984,-85623.74322908022,-85596.09207932776,0.3777816113818496,0.8388737592051266,-10.059210374649778,2.2205256527354367,23549.36953569126,-85554.74952749183,-85527.09837773937,-5.662609672929242,-0.5791673181382556,0.17458518114581367,-10.413147308167835,0.8677300206774481,1.726616762863138,22707.906544791884,-88257.42229565582,-88211.33704606838,-2302.049789891229,-2292.8327399737464,-2233.0560883028375,-2223.839038385355,-4935.728856466827,-4908.0777067143645
3,74732,-2.1439177832847767,-0.21889961281106463,-9.794068412241655,4.568304105969864,24642.047082112203,-82907.72871497969,-82889.28538766054,0.36277287112644285,0.8518432529993675,-10.038106545830008,2.3481448608720834,23934.27303021081,-85083.6258386413,-85055.96084766256,0.39162028987288466,0.8819489800367195,-10.039997685174848,2.2520512926513327,23955.651757714728,-85016.90302890504,-84989.2380379263,-5.341900657676198,-0.5461896604014436,0.17894099540067757,-10.266265329476525,0.8565689487242162,1.8308658557633821,23202.79757838529,-87399.20197358337,-87353.09365528547,-2175.8971236616053,-2166.6754600020213,-2109.174313925352,-2099.952650265768,-4491.473258603684,-4463.808267624932
4,74087,-2.11133012149144,-0.21551783974051394,-9.796544564633288,4.639987117558397,24528.67406258424,-81891.56792857696,-81873.14193786237,0.3567073685514475,0.8324297054368712,-10.047289365071421,2.3336487519651863,23769.351501144993,-84219.29323498337,-84191.65424891148,0.3833647287767722,0.8522611285308681,-10.050202634117047,2.2231078254127223,23790.25838917675,-84154.15692638229,-84126.5179403104,-5.578508640735112,-0.5698106859202502,0.1715949039793121,-10.346792874578302,0.9194267110645765,1.7549688426516423,23034.39860847021,-86542.24058245937,-86496.17560567289,-2327.7253064064134,-2318.5123110491113,-2262.588997805331,-2253.376002448029,-4650.672653882415,-4623.033667810523
5,74085,-2.135702551537067,-0.2178362181366312,-9.80416649630555,4.590604852370234,24303.3095611365,-82571.18142496001,-82552.75548823673,0.3567471413348621,0.8200256360811496,-10.058912496711487,2.2986186603004324,23581.917186295195,-84801.53580345819,-84773.89689837326,0.3830269873135912,0.8383025808201275,-10.062823271085778,2.188625367365548,23602.330723561383,-84737.43233377437,-84709.79342868945,-4.880909674339556,-0.5033606315567509,0.20264560415484165,-10.30194704079399,0.7457789304505101,1.9866472213118558,22827.57429718252,-87206.11273385199,-87160.04789204377,-2230.354378498174,-2221.141410136537,-2166.250908814356,-2157.0379404527193,-4634.9313088919735,-4607.292403807049
6,74153,-2.0491315011581115,-0.20937812691238783,-9.786750561655134,4.776048075062014,24306.953110897757,-82703.88928275276,-82685.4615111422,0.35806829952296887,0.8393009628298975,-10.046171953685894,2.343968913048275,23451.708969148174,-85357.98124630791,-85330.33958889208,0.384298846342126,0.8581910021367603,-10.049707811291261,2.233134474134608,23476.86307680127,-85278.48798060165,-85250.84632318582,-6.976128587799437,-0.7007016607078965,0.1051018075159926,-10.488290782094582,1.1544087376187824,1.4271409018636148,22688.956444809926,-87805.85490054,-87759.7854715136,-2654.0919635551545,-2644.878077749876,-2574.5986978488945,-2565.384812043616,-5101.965617787238,-5074.323960371403
7,73967,-2.030874206114307,-0.20749781053695815,-9.787448845165432,4.819327960194966,24667.904259551073,-81220.35148525695,-81201.9287366034,0.3472709177019824,0.7890613863299266,-10.059512092437547,2.2721781355934785,23834.766167774615,-83759.68731913726,-83732.05319615692,0.37148160024973814,0.8010489677292536,-10.062142864041947,2.1563624340767555,23858.57008357585,-83685.85292109931,-83658.21879811898,-6.080792229867079,-0.6126432722794516,0.13297386749382148,-10.258655237539829,0.9711710026509085,1.6322712502486425,23090.795232818273,-86101.27074473552,-86055.21387310163,-2539.335833880308,-2530.1244595535245,-2465.501435842365,-2456.2900615155813,-4880.919259478571,-4853.285136498234
8,74261,-2.110123383545278,-0.2152059613081316,-9.805134442925613,4.6467114290026625,24597.972244108372,-82048.605544025,-82030.17486163732,0.3586734047721425,0.8437364221772282,-10.052778849749883,2.352380775801417,23872.839832504586,-84268.68821684661,-84241.0421932651,0.3865603478141954,0.870336672818697,-10.054854515621056,2.251489780935923,23892.26419426649,-84208.28962093823,-84180.64359735671,-5.4836515773794625,-0.5639027929556125,0.18670309287299305,-10.434990372435596,0.8803127479083542,1.7733552883443775,23137.205664116987,-86589.0164799855,-86542.9397740163,-2220.0826728216052,-2210.867331627771,-2159.684076913225,-2150.4687357193907,-4540.410935960492,-4512.764912378974
9,74219,-2.130469371909852,-0.2175692830264679,-9.792142265094814,4.5962370518927855,24596.24401497262,-81965.42543983684,-81946.99588891471,0.3590026566450596,0.837054188221267,-10.04660693133415,2.331610011033566,23932.84698905338,-83992.71262267388,-83965.06829629067,0.38601770183962575,0.858682455936408,-10.049120893211272,2.2244639347994326,23950.688967426027,-83937.40284541235,-83909.75851902914,-5.572519554472801,-0.5718899372756654,0.1806490241556363,-10.417046826588061,0.8998380657583291,1.7485882069611844,23177.453392662308,-86369.0567296523,-86322.98285234696,-2027.2871828370407,-2018.072407375963,-1971.9774055755115,-1962.7626301144337,-4403.631289815457,-4375.986963432253
10,74440,-2.218188065038872,-0.2258813930906865,-9.820145142049471,4.427102145587183,24691.259288928264,-82143.82471791247,-82125.38922049096,0.3606433394294663,0.8185361404416565,-10.065127961769361,2.2696555043455713,24037.071108594148,-84140.6904194649,-84113.03717333263,0.3879618617389213,0.8407864232482175,-10.067776731657156,2.1671883403168746,24056.697558518455,-84079.93439830214,-84052.28115216987,-5.250549357886974,-0.5395704900701096,0.19728552380677114,-10.34452816185359,0.7936121031665504,1.853325966492467,23271.801984622045,-86545.18588089925,-86499.09713734547,-1996.8657015524223,-1987.6479528416676,-1936.1096803896653,-1926.8919316789106,-4401.361162986781,-4373.707916854502
11,74527,-2.1042764709608437,-0.21504244458095792,-9.78540062200901,4.65024475493035,24690.26886320946,-82329.87339360094,-82311.4355600913,0.355373334035081,0.8339996466436278,-10.038668392034948,2.3468267502628626,23970.232801542836,-84533.60670012295,-84505.94994985849,0.38254342147217624,0.8586439156083359,-10.040087421029037,2.244565890857407,23992.07075120256,-84465.74019387944,-84438.08344361497,-5.979780035676067,-0.6064894129539896,0.1471573637935676,-10.337669488133296,0.9780447742325622,1.6488333986398267,23209.95672718611,-86931.71659990918,-86885.6220161351,-2203.7333065220155,-2194.514389767195,-2135.866800278498,-2126.6478835236776,-4601.843206308244,-4574.186456043797
12,73684,-2.119546255996379,-0.2160696386432226,-9.809551537669785,4.628137512884051,24525.30981965889,-81054.29774904583,-81035.88266712929,0.3493723316771032,0.7555781331991216,-10.08191665487461,2.1626730702230934,23688.2130939452,-83611.19950033845,-83583.57687746364,0.3721686690882419,0.7583779512827801,-10.086139980374721,2.037726477999058,23709.93540423443,-83543.66155321916,-83516.03893034435,-4.982981050987471,-0.508554445221586,0.19500687812080444,-10.201021353095049,0.6753125880865374,1.9663577998306212,22893.490541300584,-86121.66395973047,-86075.62625493911,-2556.901751292622,-2547.6942103343463,-2489.3638041733357,-2480.15626321506,-5067.366210684646,-5039.743587809819
13,73810,-2.093048209044519,-0.21344260818214808,-9.806140521195044,4.685100170564905,24335.41066635381,-81892.74945308566,-81874.33095408014,0.34088068146493666,0.7475089739029405,-10.082209819762358,2.1928757320318546,23545.71567033168,-84325.64094205185,-84298.01319354355,0.36360449619374846,0.7527886181641891,-10.085629121186578,2.0703501360529435,23566.469339420182,-84260.61197282907,-84232.98422432077,-5.212983271494198,-0.5309736573485043,0.1828954878689469,-10.239088991354182,0.7389895448659949,1.8833326025883248,22765.343122673963,-86809.37289439689,-86763.32664688307,-2432.891488966183,-2423.6822394634073,-2367.862519743401,-2358.6532702406257,-4916.623441311225,-4888.995692802928
14,74387,-2.099519540133465,-0.21431532751692753,-9.796404039126115,4.666021845409148,24515.315367037336,-82564.3170343448,-82545.88296139606,0.35577168560028,0.821122367750397,-10.051522181722927,2.3080037028943114,23739.096246576784,-84955.69790243162,-84928.04679300851,0.3821573626363055,0.840991459773437,-10.05418082210226,2.200641782672648,23761.7457043779,-84884.75914530904,-84857.10803588593,-5.434793177916071,-0.552202257490978,0.1679230297328083,-10.215134329185345,0.8392046402074111,1.8109306625142478,22972.408468458,-87393.78262086865,-87347.69743849679,-2391.380868086824,-2382.163831612459,-2320.4421109642426,-2311.2250744898774,-4829.465586523846,-4801.8144771007355
15,74401,-2.061493660033802,-0.2103998111249017,-9.797982464965319,4.752855977643251,24591.000702309222,-82364.51616808001,-82346.08171875683,0.35762389428505315,0.8535980621918381,-10.051502468389149,2.386859703259806,23819.579868396002,-84733.87133279997,-84706.2196588152,0.3843387798729755,0.875571836425247,-10.054987524069144,2.278125139270684,23842.84947927217,-84661.22365285386,-84633.57197886909,-7.892773060198276,-0.7942137119345694,0.10597045562526602,-10.837875167817478,1.2415143677913392,1.2591069443565388,23034.35154142786,-87223.88801359021,-87177.80189028227,-2369.355164719964,-2360.1379400583683,-2296.707484773855,-2287.4902601122594,-4859.371845510206,-4831.720171525434
16,74194,-2.1080232020476384,-0.21501602215389667,-9.804028466952248,4.650816204218748,24694.9717069399,-81615.60529517874,-81597.17641805204,0.3503496549839202,0.8008491245165473,-10.06732564354781,2.2858567523159214,23965.945906066994,-83836.88386470989,-83809.24054901983,0.3753990092113708,0.8150689598638695,-10.07030364576281,2.1712070087136,23986.505482006804,-83773.26262214182,-83745.61930645176,-5.68689136876549,-0.5783419296398852,0.1680250532980606,-10.334868789046551,0.870768309661494,1.7290809273031054,23173.24949772007,-86328.42336260912,-86282.35116979235,-2221.278569531147,-2212.0641309677885,-2157.6573269630753,-2148.442888399717,-4712.818067430373,-4685.174751740313
17,74486,-2.083059197349745,-0.21293152703442775,-9.782765503827653,4.696345411726256,25057.59125909474,-81143.60791518498,-81125.17118225049,0.34601257844501726,0.7668207441627009,-10.06613804380152,2.216164359136301,24287.21012749388,-83467.57823835056,-83439.92313894883,0.3678445740652055,0.7656840228314039,-10.071589905793154,2.0815422513087714,24308.907777618133,-83401.06381933023,-83373.4087199285,-5.060151871649035,-0.5153807525180201,0.18163221539208488,-10.183338271312865,0.6998010940327716,1.940313050330756,23473.325210083854,-86002.44848929909,-85956.35665696286,-2323.970323165573,-2314.751956698339,-2257.455904145245,-2248.237537678011,-4858.840574114103,-4831.1854747123725
18,74239,-2.1754597425130227,-0.22181055087588672,-9.807737882271855,4.5083518166795695,24494.381158402863,-82315.60837848016,-82297.17828868507,0.3522147111357807,0.7933465276032018,-10.064367065476262,2.2524514238627655,23784.918433619732,-84495.64479450938,-84467.99965981676,0.3770974286370472,0.8048445806329867,-10.06819047003807,2.134314687697439,23805.27992431882,-84432.11840242009,-84404.47326772747,-5.266472882003393,-0.5361617357102547,0.1786369728365361,-10.220118226187227,0.7792161325123927,1.8651088531621856,23024.00627215597,-86905.47227858374,-86859.39705409603,-2180.036416029223,-2170.821371131693,-2116.5100239399326,-2107.2949790424027,-4589.863900103577,-4562.218765410958
19,74414,-2.198692608728822,-0.2242360814183667,-9.805257899716096,4.459585601365633,25138.582512313602,-80753.07007431638,-80734.63527556605,0.37671831693176383,0.8916085787987805,-10.040870081309905,2.366777878125529,24457.03339979452,-82796.41168938746,-82768.75949126197,0.40754085700996573,0.9267995882525711,-10.043842988418033,2.2741268079286288,24477.41466478804,-82734.42461889161,-82706.77242076612,-5.561590741871024,-0.5733123336004106,0.19244800569057452,-10.454953582265015,0.8939094861777909,1.7442499339234236,23683.033502813472,-85185.48655580501,-85139.3995589292,-2043.3416150710837,-2034.1242156959197,-1981.3545445752388,-1972.1371452000749,-4432.416481488632,-4404.764283363154
20,74069,-2.105210789531358,-0.21467250160871773,-9.806616002307146,4.658258475147851,24715.726369718042,-81290.97572983967,-81272.55022509933,0.34728267181226014,0.7567760903557218,-10.077100785504713,2.1791357639773987,23909.141034392727,-83746.50221382905,-83718.86395671853,0.3712151134095536,0.7661569053804691,-10.079207228804153,2.0639162515325307,23929.942962212535,-83682.08718076094,-83654.44892365042,-4.948535321059345,-0.5039477351786291,0.19022839747620113,-10.157622839149374,0.6866740188666882,1.984332759518287,23144.927057872697,-86148.65093119898,-86102.58716934812,-2455.526483989379,-2446.3137316192006,-2391.111450921264,-2381.8986985510855,-4857.675201359307,-4830.036944248786
21,74356,-2.137980031082924,-0.2181027279298712,-9.80262856579387,4.584995380349118,24445.59131408042,-82710.6913526103,-82692.25811331425,0.36025122481651595,0.8301116252875393,-10.049911432372815,2.304257607202679,23694.078531417606,-85030.4365869535,-85002.78672800942,0.3877519845140553,0.8536471823090737,-10.052367462258456,2.2015288545302867,23715.45028344637,-84963.39866688898,-84935.74880794491,-5.4856343763448185,-0.5562193718624735,0.16143255708701046,-10.171571399823772,0.8891768126536271,1.797851801981561,23001.895813037307,-87230.98244138405,-87184.89934314392,-2319.745234343194,-2310.5286146951694,-2252.707314278683,-2243.4906946306583,-4520.291088773753,-4492.641229829664
22,74188,-2.1506242222266017,-0.2197318570873753,-9.787493951645875,4.551001449017722,24557.40944713491,-82017.42136382249,-81998.99264844047,0.3584310920288336,0.8258364798932375,-10.051691099680221,2.3040313696525074,23865.659674549057,-84135.19710407683,-84107.5540310038,0.385902336046708,0.8499506200947038,-10.05366655984345,2.2025018785888597,23887.08850292101,-84068.6140450218,-84040.97097194877,-5.862786470319402,-0.5970821253564327,0.16482369943354677,-10.382353135422905,0.9082741835538459,1.6748114832662968,23047.126704088834,-86720.32011571777,-86674.24832726273,-2117.7757402543357,-2108.5613825633336,-2051.1926811993035,-2041.9783235083014,-4702.898751895278,-4675.255678822257
23,74270,-2.145317411755448,-0.2189110447195027,-9.799950543858158,4.56806554133132,24713.422367417174,-81719.78101626996,-81701.35009150863,0.3578825178134402,0.8397102315498446,-10.050267581711616,2.3463292833643674,24076.45331914366,-83657.13333342179,-83629.48694627981,0.3859542540379641,0.8671566098081277,-10.052228117488232,2.2467859875508216,24094.19376466668,-83602.42852755646,-83574.78214041448,-4.886135405946747,-0.5076817379238333,0.20494004288215856,-10.403275076136957,0.7751221256318973,1.9697379781465143,23334.807157341376,-85976.90846057051,-85930.8311486672,-1937.3523171518318,-1928.1368547711754,-1882.647511286501,-1873.4320489058446,-4257.127444300553,-4229.4810571585695
24,74592,-2.0203508150318705,-0.20618931596380205,-9.798523291995192,4.84991181684485,24856.03984060661,-81967.5721379713,-81949.13256088764,0.34287970277127194,0.7777113130132596,-10.075175270086614,2.2681754175809434,24035.329650103402,-84470.0700176194,-84442.41065199388,0.36561508627020367,0.7831105643548899,-10.08012021402505,2.1418989362384817,24056.709823339756,-84403.74760731729,-84376.08824169177,-4.496961717987066,-0.4643621435974081,0.20221120910258553,-10.28617784175069,0.615661887464677,2.153491652555938,23240.639761643506,-86974.0288408544,-86927.92989814522,-2502.4978796480864,-2493.2780911062437,-2436.1754693459807,-2426.955680804138,-5006.456702883093,-4978.79733725758
25,74535,-2.0970983273109796,-0.21429795724571352,-9.785899755014706,4.666400057436864,24542.865590540336,-82793.02653877652,-82774.58849059112,0.3548149364846557,0.8203828331355593,-10.046205877018657,2.312142891343689,23768.712070399713,-85179.95585707651,-85152.29878479839,0.38043303371964776,0.8366172020858392,-10.049907082386076,2.199118183575948,23791.862573297953,-85107.3947964617,-85079.73772418358,-6.463022087783197,-0.6518084216889867,0.12736593856443867,-10.375599359774869,1.0229596976714674,1.534193125962945,22963.84978150375,-87743.60209265903,-87697.50697219551,-2386.9293182999827,-2377.710294207267,-2314.3682576851716,-2305.149233592456,-4950.575553882503,-4922.918481604385
26,74304,-2.1499976705583363,-0.2193486598945371,-9.801736065276422,4.558951946553036,24773.652834232365,-81610.33092943476,-81591.89908930464,0.35253452441317434,0.7976894715531254,-10.071343755006406,2.262727240348876,24085.811724034837,-83700.5651832109,-83672.91742301572,0.37809395980320637,0.8135813242432954,-10.074847907768287,2.1517966715648016,24105.485596597897,-83639.89665634341,-83612.24889614823,-4.979387647412476,-0.5131222878274215,0.19862772849224172,-10.351881460551933,0.7168026625655883,1.9488531753980838,23262.153580417355,-86281.98860743488,-86235.90900710959,-2090.2342537761433,-2081.0183337110793,-2029.5657269086514,-2020.3498068435874,-4671.65767800012,-4644.009917804942
27,74454,-2.156254176435702,-0.220072447685769,-9.797928814398952,4.543958185205685,25056.268898220034,-81080.68214490148,-81062.24627137347,0.3636075248529666,0.8372038301827612,-10.046970768432136,2.302493136029857,24333.19433012356,-83258.88971171418,-83231.23590142217,0.39099397477694015,0.8589662670507048,-10.050067352802598,2.196878526173556,24353.239788239436,-83197.5804517563,-83169.92664146429,-5.540188303372599,-0.5645141872265791,0.17319105300086846,-10.26758211575328,0.8765278897180695,1.7714346647564942,23588.081535806352,-85570.39982032636,-85524.31013650635,-2178.2075668126927,-2168.9896300487017,-2116.8983068548114,-2107.6803700908204,-4489.717675424879,-4462.063865132877
28,74370,-2.1221919377954324,-0.21631318223642917,-9.81073791182956,4.622926766002662,24634.310181029643,-82168.33821435657,-82149.90459852917,0.3477155720067997,0.8063982516177293,-10.061198279215189,2.3191318322722685,23967.847039503915,-84206.0818669576,-84178.4314432165,0.37344061787886995,0.8249814744707287,-10.063783832701525,2.2091369684331488,23985.802978957163,-84150.38711675467,-84122.73669301358,-4.969844219168798,-0.5097847143703937,0.19051017279316854,-10.276430066986023,0.7629483284961192,1.961612366575258,23266.94628093891,-86409.34528673004,-86363.26124716154,-2037.7436526010279,-2028.5268446873233,-1982.0489023981063,-1972.8320944844018,-4241.007072373468,-4213.356648632369
29,74405,-2.062063885263855,-0.21082331266951365,-9.781005047085772,4.743308447902053,24710.596938644612,-82011.95935479135,-81993.52479794563,0.350856753759523,0.8436026017127429,-10.047025455915264,2.4044074759095206,24014.126007480943,-84137.19359042664,-84109.54175515805,0.3761968848110762,0.8595496735895085,-10.051620368612229,2.284839955602421,24035.180045480247,-84071.98866131203,-84044.33682604344,-5.749647847251716,-0.5883537703602837,0.16756971456089406,-10.4654973470092,0.906870307021449,1.6996576726068078,23202.837582093667,-86690.31933864244,-86644.23294652812,-2125.234235635289,-2116.016957212414,-2060.029306520679,-2050.8120280978037,-4678.359983851085,-4650.708148582489
30,74509,-2.0695915242067473,-0.2114197238418092,-9.789018198487856,4.729927661565914,24801.964239626497,-81955.68170449942,-81937.24435409454,0.34636272371940907,0.8005883620425585,-10.057276646534733,2.3114160595732027,24068.021795338573,-84191.84193202479,-84164.18590641746,0.37102973543671475,0.8146452859716216,-10.060634646337933,2.1956334173937733,24088.76139269907,-84127.66460733778,-84100.00858173045,-5.455027752560965,-0.5568229789730939,0.1736596955393803,-10.318647170436456,0.839744089314218,1.7959028951072094,23288.13439658024,-86642.17475796546,-86596.08138195326,-2236.160227525368,-2226.9415523229254,-2171.9829028383538,-2162.764227635911,-4686.493053466038,-4658.8370278587245
31,74299,-2.153863544040841,-0.21944373547367674,-9.815106088089749,4.556976747782142,24519.795123570202,-82365.11495219207,-82346.68324664874,0.35526432864627555,0.7978136481628124,-10.067337411388555,2.245690275752869,23782.27077375661,-84632.2344927916,-84604.5869344766,0.381253458661254,0.8151627785080557,-10.069519798947917,2.13811248131478,23802.273901513356,-84569.76830815604,-84542.12074984104,-5.334855596159224,-0.5453963543364103,0.18777873010494794,-10.2914171719094,0.8027474957919658,1.8335289410152198,23029.84231175575,-87016.9110017141,-86970.83173785578,-2267.119540599524,-2257.9036878278566,-2204.6533559639647,-2195.4375031922973,-4651.796049522032,-4624.148491207045
32,74088,-2.123614401236558,-0.21647538797756766,-9.809957709634032,4.6194627913249215,24841.925375846567,-80953.4994232591,-80935.0734055494,0.35279204994313146,0.7793479880761989,-10.077305120603848,2.209086027312198,24022.283435061767,-83437.2176967655,-83409.57867020095,0.37752875407829434,0.7912016787448137,-10.080164925837273,2.0957388548495284,24044.722385570218,-83368.04521316048,-83340.40618659594,-5.342781843912701,-0.5428681495458155,0.18035951073801806,-10.204201833181138,0.7825944642597306,1.8420679143483343,23244.8899734025,-85870.45760837682,-85824.39256410257,-2483.718273506398,-2474.505264651554,-2414.5457899013854,-2405.3327810465416,-4916.958185117721,-4889.319158553175
33,73796,-2.196752150654375,-0.22395121234339116,-9.809065678492637,4.465258256636137,24483.3969599899,-81415.8143479492,-81397.39622833204,0.36001618807117314,0.8029257983529141,-10.054570141753002,2.2302491525580517,23782.710041967275,-83556.58193037433,-83528.9547509486,0.3866407314064588,0.820849112189827,-10.05660977314638,2.1230280348474295,23800.686220791195,-83500.8242392556,-83473.19705982986,-4.955832493407238,-0.5062924617051635,0.19353557689117867,-10.14290887148956,0.7609802637561597,1.9751429769111282,23091.108886768157,-85730.39052578114,-85684.34522673825,-2140.7675824251346,-2131.5585226165567,-2085.0098913063994,-2075.8008314978215,-4314.576177831943,-4286.948998406209
34,74049,-2.16484928454702,-0.2206960177780138,-9.809190516181062,4.531119365306564,24369.054111683796,-82295.01997714015,-82276.59501250972,0.3647401414410745,0.8371434497441328,-10.054498912910802,2.2951777296477727,23599.54816862984,-84668.9922379205,-84641.35479097484,0.39229258128302386,0.859114002743254,-10.057893694978741,2.1899827927753663,23621.362808089532,-84600.57541499808,-84572.93796805243,-5.545305576624312,-0.5654391458676575,0.1775079914657191,-10.288850850905602,0.8529125368574312,1.7685369103080326,22835.776208810745,-87101.13979138577,-87055.07737980969,-2373.9722607803415,-2364.75977846513,-2305.5554378579254,-2296.3429555427138,-4806.119814245612,-4778.482367299977
35,74273,-2.157922453921036,-0.22008759802828665,-9.804834407996447,4.543645389193967,24621.98417198648,-82001.3974886101,-81982.9664830641,0.35889926726524884,0.8322054075116704,-10.048290317096642,2.318771542368792,23958.18180015992,-84029.26549307548,-84001.61898475645,0.38654757767581593,0.8568481756941324,-10.050369131234381,2.216669370549623,23976.602378161166,-83972.18161627554,-83944.53510795652,-4.755445813401265,-0.4910035203398196,0.2033664877424964,-10.274829418364446,0.7371065944776862,2.036645275593764,23234.778264505225,-86302.45088390597,-86256.37337004094,-2027.8680044653738,-2018.6525016923551,-1970.7841276654362,-1961.5686248924176,-4301.053395295865,-4273.406886976838
36,74599,-2.0908609264661253,-0.21327683097466876,-9.803507098783085,4.688741835810434,24636.90547127995,-82642.85658063652,-82624.41681587396,0.3519569521818004,0.8019804236751974,-10.064016543834963,2.2786321415266184,23850.455634101356,-85061.01373785452,-85033.3540907107,0.3766279795356595,0.8141169508798717,-10.06759097906165,2.1615944515954113,23873.020830243957,-84990.46811472716,-84962.80846758334,-5.479437385338297,-0.5575412975714368,0.17332068203609574,-10.257685187876616,0.8439183692561207,1.7935891105391557,23097.529066735493,-87449.97631280408,-87403.8769008977,-2418.1571572179964,-2408.9372748367314,-2347.61153409064,-2338.391651709375,-4807.119732167557,-4779.460085023733
37,74304,-2.111888108717303,-0.21548287299955518,-9.800723738826624,4.640740055484893,24578.60241457595,-82197.66383934655,-82179.23199921644,0.36283870960974907,0.8309122672626686,-10.054187092531373,2.2900320314675238,23757.25957729776,-84721.11515307392,-84693.46739287874,0.38943912607313586,0.849238101684214,-10.057679588093027,2.180669698618646,23780.169501772805,-84649.49583360441,-84621.84807340923,-5.897795741662142,-0.5986671951193897,0.16065725848630003,-10.310612519929855,0.9443234520380682,1.6703771446848263,23004.215966730884,-87110.49515352052,-87064.41555319523,-2523.4513137273607,-2514.2353936622967,-2451.831994257853,-2442.616074192789,-4912.831314173964,-4885.183553978786
38,74366,-2.1249218432750894,-0.21677720088933294,-9.802330847328749,4.613031240819972,24516.572781560208,-82516.19614545342,-82497.76263719918,0.3511041023607761,0.8015991810049496,-10.055080669271838,2.2830812161268015,23818.25442754715,-84663.1541277539,-84635.50386537254,0.37718618151355754,0.8204366635705088,-10.057031900847537,2.175150373426443,23834.702026864525,-84611.8187097478,-84584.16844736642,-4.754469565512049,-0.4898584513786037,0.20034975682262884,-10.256305893329072,0.7311318769739787,2.0414060371638176,23110.181190802483,-86903.44674413642,-86857.36297350081,-2146.9579823004897,-2137.741228173356,-2095.6225642943755,-2086.4058101672417,-4387.250598683007,-4359.600336301635
39,74138,-2.1296511435501797,-0.21708967982853836,-9.810006377236446,4.606391242503188,25020.498114021007,-80527.12791155906,-80508.70054455836,0.36244181032102724,0.8380322320077763,-10.05950917145623,2.312184213144455,24258.63808307578,-82817.67133038212,-82790.03027988107,0.3900379002064676,0.8618204825795698,-10.062533465216019,2.2095813820230363,24279.69274893888,-82753.35305289278,-82725.71200239174,-5.451868633693644,-0.5570620861005743,0.18301569948063345,-10.317565962669912,0.8563370114884968,1.795132041744187,23517.725212342528,-85113.3106802563,-85067.24226275455,-2290.5434188230574,-2281.32973532271,-2226.2251413337217,-2217.011457833374,-4586.182768697239,-4558.541718196182
40,73845,-2.1567920296624092,-0.22001384863141388,-9.80298305346975,4.545168434716516,24622.94959756763,-81099.17951423732,-81080.7600670756,0.35414540674855133,0.7835437949329496,-10.061997881680705,2.2124917618634474,23867.18678893595,-83399.24869765253,-83371.61952690994,0.379600371505501,0.7974646114773638,-10.064464461180663,2.100800397835773,23887.4417642977,-83336.60644534748,-83308.9772746049,-5.185526279815072,-0.5276185181648577,0.18126991865278785,-10.157150728219364,0.774640456313703,1.89530876110672,23130.347870722184,-85710.95862785864,-85664.91000995433,-2300.0691834152094,-2290.859459834348,-2237.426931110167,-2228.2172075293056,-4611.77911362132,-4584.149942878736
41,73899,-2.115981018730362,-0.21590477845951903,-9.80052888976284,4.631671457829705,24772.057333508892,-80766.35060922662,-80747.92970007652,0.35409473013774384,0.8100441242404376,-10.054769882787742,2.2876480650399067,24036.7902211403,-82990.9803187854,-82963.34895506027,0.3793671172342945,0.8236269441456152,-10.057507739367225,2.1710551777658393,24054.71087412135,-82935.90537349222,-82908.27400976709,-4.902307468012331,-0.5044517423641014,0.197060147371403,-10.275526899232402,0.7486829507614958,1.9823501754866049,23299.025800499712,-85290.71025270037,-85244.65797982515,-2224.6297095587797,-2215.419254983746,-2169.554764265602,-2160.3443096905685,-4524.359643473756,-4496.728279748626
42,74321,-2.1145126951229547,-0.2158262268760973,-9.797292598442477,4.6333571895971915,24632.866491865618,-82069.56934657907,-82051.13704892162,0.34946887623856515,0.7781345018469731,-10.069938128932503,2.226620322308128,23875.839368363253,-84387.46554194404,-84359.81709545787,0.3735755947157852,0.7875225806088972,-10.073844451390757,2.1080675283620742,23896.587262925827,-84322.90929150951,-84295.26084502334,-4.417413335499748,-0.45662870981385956,0.20890669669741613,-10.248381252080954,0.613901214351244,2.189963045485337,23104.35408002987,-86824.6097233548,-86778.52897921117,-2317.8961953649705,-2308.6800465362467,-2253.3399449304416,-2244.1237961017177,-4755.040376775738,-4727.391930289552
43,74584,-2.1016413148883286,-0.21438646012898455,-9.803050592019135,4.664473677107943,24805.488681997253,-82102.62133544912,-82084.18197287717,0.3504664307882966,0.8057394994956679,-10.060575871992011,2.2990490064436,24069.732561875015,-84346.33107792617,-84318.67203406824,0.375741002682882,0.821226707166373,-10.06400189833694,2.1856190868247407,24089.47620173124,-84285.1772610201,-84257.51821716217,-4.922357968393577,-0.5048636117183125,0.19221032236547345,-10.25491589945355,0.7387401570331052,1.9807329678534005,23317.163715174196,-86711.52251902247,-86665.42411259259,-2243.7097424770473,-2234.4900611910707,-2182.5559255709813,-2173.336244285005,-4608.9011835733545,-4581.242139715425
44,74646,-2.143395156155372,-0.21897847934405087,-9.788154354600978,4.566658801337446,24566.26674482953,-82956.27360713354,-82937.83258269726,0.35900404144368714,0.8500041617951826,-10.041012936517257,2.3676729609421763,23905.92305703413,-84988.2260582236,-84960.56452156918,0.38824646490617754,0.8829596518032035,-10.042530771603909,2.274224575403608,23925.73468717682,-84926.39006516188,-84898.72852850745,-4.7189700113044974,-0.4898373253818169,0.2025226772663188,-10.349988782651012,0.7340671935954937,2.0414940801428783,23138.218729338692,-87420.70987178452,-87374.60731069381,-2031.9524510900665,-2022.7319388719188,-1970.1164580283366,-1960.895945810189,-4464.4362646509835,-4436.774727996555
45,73696,-2.162840238287625,-0.2202314607512052,-9.820759626759134,4.5406773246157455,24455.92592466476,-81288.28653604019,-81269.87112843496,0.3554029542575382,0.8081483742382515,-10.071936582022754,2.2738932374001513,23751.733103944935,-83439.46662465349,-83411.84351324564,0.38098000468790755,0.8227757815148206,-10.075577623522856,2.159629826738085,23770.419780795746,-83381.50909013204,-83353.88597872418,-5.848157827122177,-0.5954877375188625,0.17143498391605924,-10.394842051719,0.9164979680359233,1.6792957050074002,23017.819891302082,-85748.54873781567,-85702.51021880256,-2151.1800886132987,-2141.9723848106805,-2093.2225540918444,-2084.014850289226,-4460.262201775477,-4432.639090367607
46,74236,-2.134354333683007,-0.2176360127561154,-9.806990610854376,4.594827792221169,24436.96867095856,-82483.48822887342,-82465.05821990002,0.35403151873322636,0.7948931583185816,-10.065776538635278,2.2452609902158405,23668.351055139894,-84853.94740565446,-84826.30239219437,0.378582205794127,0.8052524380480499,-10.069047843591632,2.1270213594929133,23689.801424846195,-84786.69859331594,-84759.05357985586,-5.2620150543444755,-0.5375719141192257,0.18673971755668897,-10.262190068266486,0.7848340451858726,1.8602162310477672,22898.001175657442,-87306.35245673453,-87260.27743430104,-2370.4591767810343,-2361.2441722943477,-2303.2103644425224,-2293.9953599558357,-4822.864227861108,-4795.219214401019
47,74342,-2.0999775481629968,-0.2141044851273534,-9.808190365156948,4.670616775754049,24928.229559849864,-81227.65892757522,-81209.22606488141,0.3435572488282563,0.7391492038578821,-10.083304044274088,2.151458618261848,24101.006524387227,-83734.49880397254,-83706.84950993182,0.3662153507665754,0.7433536479331433,-10.08646666106058,2.029826566191527,24123.07999968917,-83666.4420906668,-83638.79279662608,-5.008424444380292,-0.5089823753151126,0.1879059049153316,-10.144580919865263,0.6764489654100878,1.9647045722966279,23325.70250606783,-86161.31416745899,-86115.23201072446,-2506.8398763973237,-2497.6234450504126,-2438.7831630915753,-2429.566731744664,-4933.655239883767,-4906.005945843048
48,74109,-2.1073725466910394,-0.21537331093077616,-9.784743232964352,4.6431008358385375,24419.015184138687,-82269.94742484673,-82251.52084032394,0.3520049953397774,0.8415093906987056,-10.047889806175696,2.3906177521328287,23808.55435583988,-84144.17956282565,-84116.53968604146,0.3778872293459585,0.8596804862408264,-10.05280082553302,2.2749657026747063,23826.00919749188,-84089.86770095937,-84062.22782417518,-4.570357143311567,-0.4797241695149565,0.20596576359102176,-10.468284691363767,0.7130157759389785,2.0845312026098,23005.95935911606,-86681.500036428,-86635.433575121,-1874.232137978921,-1865.0188457175245,-1819.9202761126362,-1810.7069838512398,-4411.552611581268,-4383.912734797064
49,74390,-2.1396466962568876,-0.2182504780825142,-9.803628908652145,4.581891452361122,24768.957507162988,-81804.94211277016,-81786.50795916379,0.3508246376621926,0.761423841419143,-10.068195353912172,2.170383033794549,23986.63842333022,-84190.43059915405,-84162.7793687445,0.37553974350355573,0.773163800423058,-10.069811634544218,2.058806860786327,24005.937745844854,-84130.60148415966,-84102.95025375011,-5.292907904797824,-0.5378448013455915,0.17898245417566072,-10.157640633800737,0.7963869512708078,1.8592724099929547,23245.54497578829,-86521.04494067827,-86474.95955666235,-2385.4884863838815,-2376.2714095807023,-2325.659371389498,-2316.442294586319,-4716.102827908107,-4688.451597498555
50,74504,-2.1104825570679617,-0.21541543178639597,-9.797267259667347,4.642192955756258,24995.305375129494,-81366.64573616597,-81348.20851997756,0.35230874963784736,0.8017725513685173,-10.061427498133444,2.2757667874916314,24244.14994151219,-83637.96196143907,-83610.30613715647,0.3775734467407088,0.8167823441193189,-10.065220291804131,2.1632409566137425,24265.83675491385,-83571.34662866518,-83543.69080438258,-5.1691152789895956,-0.5288900418622107,0.1880439171377166,-10.267830137457683,0.7576220325922514,1.8907521806971845,23457.51156303335,-86091.44530629236,-86045.35226582135,-2271.316225273098,-2262.097617178908,-2204.7008924992115,-2195.4822844050213,-4724.799570126386,-4697.143745843787
51,73801,-2.1337785189920218,-0.21756773073674535,-9.807421862453818,4.5962698448603545,24149.587657942913,-82439.46432658576,-82421.0460714645,0.3685683673630137,0.8828646183620857,-10.041753082518069,2.395389014740179,23404.933185465197,-84748.94749258852,-84721.32010990662,0.39828556660865927,0.9155864168647821,-10.044127795441968,2.2988189721783305,23426.487334610894,-84681.01370558157,-84653.38632289968,-6.751888857756697,-0.6841078836141194,0.13626554619064565,-10.580080086338096,1.135685611721994,1.4617577489635596,22675.41362783889,-87081.89915556913,-87035.85351776597,-2309.4831660027558,-2300.2740384421195,-2241.5493789958127,-2232.3402514351765,-4642.434828983372,-4614.807446301464
52,74197,-2.140367162294127,-0.2182821059811136,-9.805509034622002,4.581227561028401,24391.583175320255,-82539.09385030449,-82520.66489231035,0.35580020734872614,0.8079170849852223,-10.06453401972901,2.2707043680651045,23650.188044663675,-84827.3367229831,-84799.69328599189,0.3828977845347573,0.8304926919824862,-10.066855251032784,2.168967086063405,23670.94516032273,-84762.24462966148,-84734.60119267026,-4.83714688404135,-0.4979889524244062,0.20155872162871424,-10.282376365694676,0.7160877132966357,2.008076675459579,22883.181839387526,-87269.52595261116,-87223.4535576258,-2288.2428726786165,-2279.0283936815395,-2223.150779356991,-2213.9363003599137,-4730.432102306673,-4702.7886653154565
53,73689,-2.124280331450788,-0.21658820978109836,-9.807922294559608,4.61705649172077,24292.751539219986,-81766.879322727,-81748.4641051004,0.3566498154716763,0.8190546188202177,-10.061348011176557,2.296523321446282,23575.53811808945,-83973.21789333822,-83945.5950668983,0.3840544381626494,0.844070590026555,-10.06383375946848,2.197788923009623,23595.99462948472,-83909.30561935004,-83881.68279291011,-4.816405235640814,-0.4958818307660389,0.19991195409435078,-10.283452114497573,0.7132491402190022,2.016609478220242,22832.164139077835,-86330.16956060739,-86284.13151654086,-2206.3385706112167,-2197.1309617978986,-2142.426296623031,-2133.2186878097127,-4563.290237880385,-4535.66741144046
54,74611,-2.1353210643638216,-0.2180111911793318,-9.794547944134427,4.586920490597289,24612.829935652546,-82741.09870650395,-82722.65862004714,0.3595605526925331,0.8656982938735137,-10.038962737291175,2.4076564778611527,23951.55742848332,-84771.09191216672,-84743.43178248151,0.38898046119893104,0.8994202549811314,-10.0409206510459,2.3122504719360517,23970.325313236455,-84712.65135679646,-84684.99122711124,-6.180628278470764,-0.631594935662488,0.16016800440516998,-10.554171415007286,1.0123051041942472,1.5832932525829821,23196.7613588037,-87156.18669957569,-87110.08648343367,-2029.993205662773,-2020.7731624343724,-1971.5526502925059,-1962.332607064105,-4415.087993071735,-4387.427863386532
55,74356,-2.1446607072348085,-0.21888608779364838,-9.798067702030728,4.568586382441699,24582.293568168778,-82296.0432734315,-82277.61003413545,0.3653586074531605,0.8476753103542575,-10.046758724933268,2.3201186260896582,23837.472990413946,-84581.7968771828,-84554.14701823873,0.39389876348164354,0.8746825063389405,-10.04926998681586,2.220576928466805,23859.51286112479,-84513.07988326982,-84485.43002432575,-5.385230849681691,-0.5509100874270347,0.18271858908193736,-10.301082833511323,0.8471387902682274,1.8151782347467815,23059.940722323652,-87043.58263781108,-86997.49953957094,-2285.7536037513055,-2276.5369841032807,-2217.036609838324,-2207.819990190299,-4747.539364379583,-4719.889505435494
56,74347,-2.11972436149177,-0.21635210579992947,-9.797567505314575,4.622095062595531,24883.95916422877,-81370.2737404212,-81351.84074321845,0.35968346325428485,0.8115125074700519,-10.053351820454587,2.2561852027551743,24061.773371245403,-83866.25647993764,-83838.60698413351,0.38635803203495667,0.8313602194700802,-10.055428946250567,2.1517870745207155,24084.76144678938,-83795.26094147156,-83767.61144566743,-5.979483826548326,-0.6046304649186595,0.14920129999166615,-10.248456036062946,0.9641695753863777,1.6539027687507102,23318.544117751473,-86194.92967276013,-86148.84717975325,-2495.9827395164466,-2486.7662409150653,-2424.9872010503605,-2415.770702448979,-4824.655932338937,-4797.006436534808
57,74046,-2.1675384434708587,-0.22087472090785493,-9.813429235186755,4.527453372163773,24545.77505057801,-81753.65232143378,-81735.22743783242,0.36416425637354766,0.8299749081641283,-10.058993806411252,2.2791223840287267,23792.517372636936,-84059.56311338332,-84031.92578798128,0.390524920642379,0.8467102673594189,-10.062711382404665,2.1681337671528245,23814.433814320233,-83991.38714684633,-83963.74982144429,-6.54380411527117,-0.6607450107009111,0.1377678190524156,-10.410316672209985,1.0697224356407267,1.5134431343480157,23054.64537542741,-86388.29728481463,-86342.23507581123,-2305.9107919495436,-2296.6983501488576,-2237.7348254125536,-2228.5223836118676,-4634.644963380852,-4607.007637978808
58,74452,-2.099651747000188,-0.21460808272523343,-9.783656423082675,4.659656744058041,24974.60185321973,-81319.56519668421,-81301.12937688138,0.3474919058780194,0.7695176923731604,-10.06202691814838,2.2144909834051942,24199.35865884019,-83665.27883616174,-83637.62510645749,0.37010164476659285,0.7722381761942296,-10.066231934683312,2.0865569962036967,24221.44470156843,-83597.35967525891,-83569.70594555466,-5.061092523335352,-0.5158416020936015,0.1840142618481249,-10.174331400800366,0.715123232238728,1.9385795871084976,23394.629392570932,-86179.21928596988,-86133.1297364628,-2345.71363947753,-2336.4957295761124,-2277.794478574695,-2268.5765686732775,-4859.654089285672,-4832.00035958142
59,73891,-2.139378238735626,-0.21827558179508605,-9.801271498815856,4.581364492427675,24697.731131749224,-80971.64336145675,-80953.2226688301,0.3582451089766858,0.8442937715478532,-10.046314513215627,2.356748914059281,24017.194369579298,-83034.25961255195,-83006.62857361198,0.3867079188671017,0.8737695503181672,-10.0484901485424,2.25950777754425,24038.347469820626,-82969.20889119683,-82941.57785225686,-5.412113964220557,-0.5514409844768964,0.1703270036584453,-10.25703983266053,0.8913422041263361,1.8134306809796015,23306.821018369727,-85248.75860741506,-85202.70687584845,-2062.616251095198,-2053.4059047818737,-1997.5655297400808,-1988.3551834267564,-4277.11524595831,-4249.484207018351
60,74449,-2.0283202061448433,-0.20720133552815592,-9.789127087306932,4.8262237183510495,24931.361654813405,-81442.29861829641,-81423.86287908403,0.341035621301264,0.7533655408113399,-10.067793885683628,2.2090523504165915,24081.885226025443,-84021.1928932072,-83993.53928438864,0.36308103840963096,0.7564381656811291,-10.071055044650091,2.083386587728411,24106.37882811621,-83945.50955516257,-83917.855946344,-5.496963505698944,-0.5548753643141588,0.15495814051361498,-10.109294393615222,0.8415911173706061,1.8022065211635903,23351.625995087536,-86309.72254332631,-86263.63319529536,-2578.8942749107955,-2569.6764053046063,-2503.2109368661622,-2493.993067259973,-4867.4239250299,-4839.770316211332
61,74355,-2.1148929863984516,-0.2160423173038679,-9.789253386982569,4.628722800605216,24612.632598800785,-82202.22540268947,-82183.79219029122,0.35423304492511243,0.7955652630245752,-10.056457075214068,2.2458809939449997,23829.566967606534,-84604.32421799694,-84576.67439939958,0.37942086148769505,0.809475809662115,-10.059248815695316,2.1334509823423797,23852.81425865401,-84531.82144366644,-84504.17162506908,-5.359300083155069,-0.5431632282680225,0.16701933876161917,-10.137197112618784,0.8002112621742751,1.8410671929848543,23046.575496447844,-87084.51951044894,-87038.43647945333,-2402.0988153074723,-2392.8822091083566,-2329.596040976976,-2320.3794347778603,-4882.294107759473,-4854.644289162112
62,73641,-2.0910863861776643,-0.21316119606112344,-9.809882965650326,4.691285367498372,24667.50673043159,-80538.2718567598,-80519.85794233014,0.34952916126629413,0.7747132311187275,-10.080185608870782,2.21644805918926,23856.351220323504,-82998.56032856564,-82970.93945692114,0.37330912197529353,0.7833769791616466,-10.083647881304973,2.0984672836724636,23879.515284112924,-82927.09100873044,-82899.47013708594,-5.540612672994055,-0.5602576784023288,0.16454151197851463,-10.181383406354934,0.8279741943038063,1.784892985048723,23102.43576221211,-85359.35135972183,-85313.31657364767,-2460.288471805834,-2451.081514591002,-2388.8191519706306,-2379.6121947557986,-4821.07950296202,-4793.458631317524
63,74066,-2.132683069766361,-0.21789133023142007,-9.787828948959376,4.589443732974187,24246.724543734013,-82703.65423090511,-82685.22880717195,0.3645811588597272,0.8569974700978696,-10.041371054013087,2.3506356520952303,23520.247268484276,-84954.73467823079,-84927.09654263104,0.3926458952596816,0.8821266776260249,-10.044455117630756,2.246621417098016,23542.776107621095,-84883.82460882759,-84856.18647322785,-5.316256382131272,-0.5448285504677843,0.18298629682869183,-10.314602987725328,0.8327778976413407,1.8354397895290362,22723.62286674507,-87502.79704991591,-87456.73349058302,-2251.080447325672,-2241.867735459091,-2180.170377922477,-2170.957666055896,-4799.142819010798,-4771.504683411069
64,74496,-2.144402474525668,-0.2188480146830854,-9.798592313624527,4.569381181949964,24547.22897150872,-82697.47050909266,-82679.03350766936,0.36308867765582087,0.8562343020888968,-10.043499599545381,2.358196095832376,23837.208981806096,-84882.01844191262,-84854.36293977767,0.3910472596935315,0.8819272730923264,-10.046418391845817,2.2552958785173525,23858.922662769673,-84814.18977602138,-84786.53427388643,-5.708871492877798,-0.5813537225950326,0.1653088579170807,-10.32287014648792,0.9235433823778888,1.7201231558924648,23088.7082116377,-87254.74526418968,-87208.65276063142,-2184.547932819958,-2175.3294321083085,-2116.719266928718,-2107.5007662170683,-4557.274755097023,-4529.61925296206
65,74125,-2.161027986558855,-0.22033508796775672,-9.807915781780041,4.538541769372372,24563.825770997042,-81865.43128564251,-81847.0042693699,0.36675242137966363,0.8816589281145377,-10.043735156116648,2.4039621191807776,23931.361816930308,-83796.98598207289,-83769.34545766399,0.3963801124431531,0.9138544121450239,-10.046338608643048,2.305500158704568,23947.25089308374,-83747.78748836367,-83720.14696395477,-5.040838992077011,-0.5273464514066258,0.2098718090343121,-10.528719402899783,0.8476399848555711,1.8962865822508794,23203.453490307114,-86082.60966288662,-86036.54212220512,-1931.5546964303794,-1922.3411882940854,-1882.3562027211592,-1873.1426945848652,-4217.178377244112,-4189.537852835216
66,74220,-2.185254292673899,-0.22288823125535226,-9.80426054963108,4.486553616437238,25084.082803840047,-80509.86801585375,-80491.43843798451,0.36856716959964664,0.8602369413309692,-10.051158994550452,2.334003167632633,24412.74194621423,-82521.32946455819,-82493.68509775435,0.3984047489361192,0.8933316379266998,-10.052688574172015,2.2422715600459315,24432.79879289443,-82460.3773603643,-82432.73299356046,-5.838617416277771,-0.5993184012009529,0.18379879792013573,-10.485863247537333,0.9165369007578171,1.668562149929212,23606.136134967106,-85011.01183790932,-84964.93789323625,-2011.4614487044455,-2002.2466597698367,-1950.5093445105595,-1941.2945555759507,-4501.143822055572,-4473.499455251731
67,74416,-2.141414168759082,-0.21842640727470025,-9.803824525969375,4.57820101734479,24938.14978630341,-81352.94564091167,-81334.51078840873,0.36554402259448765,0.8429292097417963,-10.04935119413089,2.305958127174441,24166.80130078614,-83689.01499893873,-83661.36272018433,0.39351380900582694,0.8678153610809154,-10.051883814791546,2.2052983687494057,24189.96387358473,-83617.72544336207,-83590.07316460767,-5.708151814977639,-0.5790655658278895,0.16347076085888773,-10.23398919253965,0.8946413502885044,1.7269201607080555,23422.45471184865,-86013.09566653552,-85967.0085352782,-2336.06935802706,-2326.8519317756,-2264.779802450401,-2255.562376198941,-4660.1500256238505,-4632.497746869471
68,73876,-2.118177717463392,-0.2161678024415651,-9.798766021299503,4.6260358328355675,24367.16068912505,-81935.68800550139,-81917.2677189194,0.35710607566543984,0.8294185158887348,-10.053818057446009,2.3226110458725095,23647.75776803497,-84147.60773533276,-84119.97730545978,0.3846135641559372,0.8535902399006009,-10.055928149519122,2.2193451283338574,23668.138024059695,-84083.96688643882,-84056.33645656584,-5.768175142446543,-0.5864891278484077,0.16193479262604982,-10.339258315621564,0.927528468984208,1.7050614453307893,22885.5503863378,-86563.97591612094,-86517.92519966596,-2211.9197298313666,-2202.7095865403826,-2148.2788809374324,-2139.0687376464484,-4628.287910619547,-4600.657480746566
69,74443,-2.0457107686673406,-0.2091435171008168,-9.781373083064363,4.781405677126267,24512.2459310638,-82691.8183716987,-82673.38279367698,0.3438305891464095,0.7799241119548639,-10.05393606338985,2.268338352009622,23729.63809708169,-85105.34536613144,-85077.69199909887,0.368709787226799,0.7966502522736782,-10.055620354619094,2.160643085353323,23753.148878886863,-85031.6254611124,-85003.97209407983,-5.11784320103374,-0.5202605829598778,0.17298039421142133,-10.145213655385213,0.7599226575464276,1.9221137113843574,22969.285307639755,-87525.72439952099,-87479.6354544667,-2413.5269944327447,-2404.309205421887,-2339.8070894137054,-2330.5893004028476,-4833.90602782229,-4806.252660789716
70,74526,-2.171342618348165,-0.2214768917884375,-9.803924015794424,4.51514373316759,24698.69610857663,-82302.33588608561,-82283.89807941206,0.3630706868085692,0.8326217539570755,-10.049598346801876,2.293277271365285,23951.657407175127,-84589.247621319,-84561.59091130868,0.39052895261064624,0.8543642567353622,-10.05231846348166,2.1877104143598682,23972.685804769615,-84523.8461007276,-84496.18939071729,-4.959924301475628,-0.5100748301910827,0.20087417596798698,-10.246605967857587,0.7874825730853962,1.9604966581577512,23234.8522681386,-86849.65454182058,-86803.56002513671,-2286.911735233385,-2277.692831896624,-2221.510214641996,-2212.2913113052346,-4547.318655734969,-4519.661945724656
71,74445,-2.1517734099741093,-0.2195215590688572,-9.802105174094375,4.555361233045591,24486.87783246719,-82773.12428530322,-82754.68865354983,0.3616439805654611,0.8441538094548194,-10.046480857407083,2.3342122496686195,23816.7610677395,-84836.80896118785,-84809.15551355778,0.39021852680588165,0.8727369188771227,-10.048275834068738,2.236533785366052,23835.049541438635,-84779.66588628787,-84752.0124386578,-5.01987256417093,-0.5178554084950353,0.19843187600615467,-10.326291131295745,0.7989487322404825,1.931040950033038,23087.953845891072,-87146.45357966285,-87100.3645002794,-2063.684675884637,-2054.466860007946,-2006.5416009846522,-1997.3237851079612,-4373.329294359632,-4345.6758467295585
72,74223,-2.1389645125138457,-0.21796885526247942,-9.813165784341491,4.587811404504529,24764.69923191582,-81467.23623633006,-81448.80657762173,0.3467432451565321,0.763026666660577,-10.08001258476929,2.2005523606267223,24034.711932298294,-83685.99620082979,-83658.35171276728,0.36985987702399553,0.7676829318920776,-10.08422866503032,2.0756047886812885,24054.286802255756,-83625.5705030057,-83597.9260149432,-4.503888401230013,-0.4636212650919677,0.20548149103599475,-10.238375212796432,0.5992747943256516,2.1569329866731453,23252.741514935453,-86137.00180677162,-86090.92766000077,-2218.7599644997244,-2209.545135145556,-2158.334266675636,-2149.1194373214676,-4669.765570441552,-4642.121082379046
73,74393,-1.9684242740603675,-0.20158460349042215,-9.764755045659491,4.960696316509672,24763.787101908034,-81826.77217989363,-81808.33794563288,0.3373035145391011,0.7504066810457206,-10.06373486390922,2.2247223900737967,23875.771997269956,-84541.46823195787,-84513.81688056675,0.3579330993765347,0.7472600229607295,-10.068243612000547,2.087708636788113,23900.39915004417,-84464.77359969236,-84437.12224830124,-5.5387721650037784,-0.5590633979838507,0.14868251955679684,-10.135818110661798,0.8249482235127344,1.7887059027764973,23067.96363296614,-87098.03226086545,-87051.94667521359,-2714.696052064246,-2705.478934933868,-2638.001419798733,-2628.784302668355,-5271.260080971828,-5243.608729580708
74,74229,-2.131879180901998,-0.2175028128767169,-9.801616598450023,4.597641689198803,24590.958220250697,-82002.42409098471,-81983.99427060796,0.36763998373806733,0.8774919635764384,-10.047262138683358,2.3868240735252173,23857.439324723702,-84248.28109985826,-84220.63636929312,0.39603813821357525,0.9035032092976663,-10.051070295567794,2.281354046792396,23877.622808274547,-84185.5096349085,-84157.86490434337,-5.368838278309104,-0.557752447456001,0.20059351196083944,-10.535660630709842,0.8617203497245909,1.7929101065556259,23060.422934386366,-86766.451490071,-86720.37693912911,-2245.8570088735432,-2236.642098685159,-2183.085543923793,-2173.870633735409,-4764.027399086292,-4736.382668521153
75,74157,-2.219923694064481,-0.22597142213060237,-9.823913453894425,4.425338348413103,24610.896913394132,-81790.81197237446,-81772.38409288177,0.36271368044343805,0.8174179463046412,-10.066485299318385,2.2536176339014875,23961.911249639437,-83770.56661415286,-83742.92479491382,0.391091135648336,0.8432517088684766,-10.068452602485737,2.156151423556471,23979.096145770847,-83717.40209107602,-83689.76027183697,-4.58378961380698,-0.4737484934054918,0.2142322885812584,-10.257398940896346,0.686965035896382,2.110824654684607,23254.03082095998,-85990.31648601845,-85944.24678728671,-1979.7546417784033,-1970.5407020320563,-1926.5901187015552,-1917.3761789552082,-4199.504513643988,-4171.8626944049465
76,74077,-2.106964392734007,-0.21490648256324615,-9.8040988229098,4.6531867632504005,24763.64534013524,-81164.27481974513,-81145.84909900164,0.34998980219161274,0.7775833551304626,-10.067720088005961,2.221731462634876,23954.887136040477,-83621.95013153287,-83594.31155041765,0.3733008572273524,0.7824531998134078,-10.071445361606461,2.0960391187552734,23976.380908571886,-83555.51357103749,-83527.87498992227,-5.405335198049468,-0.5482494287663745,0.17063784061196663,-10.176207484354915,0.8229202225979613,1.8239873085688703,23210.008053368478,-85957.95304394285,-85911.88874208415,-2457.675311787738,-2448.4624514160096,-2391.2387512923597,-2382.0258909206314,-4793.67822419772,-4766.039643082506
77,74268,-2.1924313340326003,-0.22349786461651916,-9.809629894202368,4.474315679551634,24361.26259302819,-82781.49245555687,-82763.06158465381,0.36080890097723384,0.8386904205236175,-10.056706741500928,2.3244726453589815,23720.85744947484,-84757.95854077346,-84730.31223441887,0.3886886313166848,0.8631598434199387,-10.059558496292041,2.2206974268734854,23738.206981516938,-84703.65847740094,-84676.01217104636,-5.116841401455742,-0.5286282959886356,0.1989260329049657,-10.399939297170356,0.7966629978599653,1.8916883708046872,22950.88262297558,-87204.67836386758,-87158.60118660994,-1976.4660852165835,-1967.250649765061,-1922.1660218440666,-1912.9505863925442,-4423.185908310712,-4395.53960195613
78,73799,-2.119787127368131,-0.21596950206070212,-9.815215144462048,4.630283398620477,24454.709278884828,-81508.64678668603,-81490.2285857653,0.348690739468787,0.7567903635362412,-10.08047571095377,2.170377007112875,23666.280363458744,-83925.15369285403,-83897.52639147294,0.3719611087853162,0.7614851394655822,-10.083815099234533,2.0472170920027195,23684.93629339847,-83867.00147873719,-83839.3741773561,-4.760084157765799,-0.48686281536870535,0.19935701044642615,-10.183817778178872,0.6615332900366733,2.053966678976482,22921.148244544616,-86282.07794772173,-86236.03244541993,-2416.506906167997,-2407.29780570764,-2358.354692051158,-2349.145591590801,-4773.431161035696,-4745.803859654625
79,73960,-2.125286417922746,-0.2169609914735179,-9.795707530135235,4.609123479794105,24518.974296224063,-81653.54436011385,-81635.12180074285,0.3583443575566186,0.8291160036913828,-10.054221934236182,2.3137409204507486,23788.4161246792,-83888.72594505167,-83861.09210599517,0.3850111762561285,0.8490518958368717,-10.057514065738289,2.205265582399718,23809.61959663879,-83822.83209602619,-83795.19825696968,-5.454635135568047,-0.5587518405313902,0.18236286946732805,-10.36173976159719,0.8428789231079152,1.789703276948438,23000.110614072764,-86377.15720049148,-86331.10080206397,-2235.181584937818,-2225.970305252311,-2169.2877359123377,-2160.0764562268305,-4723.612840377624,-4695.979001321117
80,74106,-2.148128426273031,-0.21903041526564976,-9.80744351722881,4.565575967096422,24640.66757620577,-81593.9883369986,-81575.56183343928,0.35496563413347176,0.7962941900077979,-10.070111887445533,2.243299388549768,23878.026208904997,-83921.85140489686,-83894.21164955787,0.3798055801955095,0.8075660226524661,-10.073649260223474,2.126261605310701,23898.909054832653,-83857.06933922756,-83829.42958388856,-5.526349505372229,-0.562900969374322,0.17802370527597705,-10.293422235347672,0.8213494499392523,1.7765114192493292,23082.94726855483,-86427.41397581872,-86381.3477169204,-2327.863067898259,-2318.649816118588,-2263.0810022289515,-2253.8677504492807,-4833.4256388201175,-4805.7858834811195
81,73966,-2.1094536034641957,-0.21512931892392598,-9.80551425540533,4.648366875337992,24616.958128198934,-81371.17184669753,-81352.74912508324,0.336507838170108,0.7215399868811196,-10.094697555712127,2.1441996442186113,23926.46559139105,-83473.53169562461,-83445.89761320318,0.3578235226940296,0.7201391651391977,-10.0980095928262,2.01255400907497,23943.066746505152,-83422.22887195258,-83394.59478953115,-4.379932786518722,-0.4511694116160071,0.20343075011339165,-10.256410426300906,0.5551881032914582,2.2164623182635124,23125.16113034763,-85989.1052316826,-85943.04842764688,-2102.3598489270807,-2093.148488119943,-2051.0570252550533,-2041.8456644479156,-4617.933384985066,-4590.299302563639
82,73776,-2.1825060071922686,-0.22221627530809596,-9.821539867709022,4.500120428233851,24812.94112563993,-80387.35660896842,-80368.93903145952,0.3570904443539156,0.7899991737365848,-10.071353413252352,2.212322357619879,24079.276805112666,-82599.6510048694,-82572.02463860606,0.38257732952962176,0.8038437698282083,-10.074135555368018,2.1011275571831005,24098.315651758043,-82541.34132389128,-82513.71495762793,-4.971210460286984,-0.5074935830230405,0.19574177819619273,-10.174103232840324,0.7214794203903314,1.9704682649250354,23359.225782963524,-84835.45881981205,-84789.41487603981,-2212.2943959009863,-2203.0856071465387,-2153.984714922859,-2144.7759261684114,-4448.10221084363,-4420.475844580287
83,74144,-2.0631553630777875,-0.21030358293071902,-9.810367157450948,4.7550307325454995,24867.415640924693,-80994.67289769465,-80976.24536884019,0.3399735490611145,0.7321506871456729,-10.088088172659521,2.153551913575664,24018.374367229375,-83568.37626371157,-83540.73497042988,0.36202578318823203,0.7349140798003447,-10.091077368395986,2.030004806089275,24040.853387658975,-83499.01665515621,-83471.37536187452,-5.090917218847319,-0.51512161540821,0.17805373051528312,-10.093689665801111,0.697337182500339,1.9412891443267166,23261.76274765666,-85937.59278830761,-85891.52396617144,-2573.7033660169254,-2564.4896015896957,-2504.3437574615673,-2495.1299930343375,-4942.91989061296,-4915.278597331257
84,74451,-2.188080156194959,-0.22311994956516246,-9.806743684100411,4.481894164770545,24628.34456783928,-82356.91196383203,-82338.47617089232,0.3742970096210053,0.880767686485402,-10.041314896575217,2.3531250954348364,23880.868678741368,-84649.51658753493,-84621.86289812537,0.40399541446575765,0.9105897259868976,-10.044967395476668,2.2539605485152814,23902.49074100169,-84582.13814086381,-84554.48445145425,-6.518004865372263,-0.6596970376122806,0.13939625939329636,-10.434325819218467,1.0862864701092378,1.5158473404995392,23131.652308111792,-87018.69844437213,-86972.60896202286,-2292.6046237029077,-2283.3867272330535,-2225.2261770317855,-2216.0082805619313,-4661.786480540104,-4634.132791130542
85,73584,-2.1903655452653124,-0.22309942471711441,-9.817889705644252,4.482306493026505,24095.047966254493,-82146.74273118153,-82128.33036540197,0.3605590684643617,0.8249832444712683,-10.064291602989254,2.288066829063297,23389.681465797443,-84331.0248209692,-84303.40627229986,0.38684246972590164,0.8403534143272752,-10.068202372146407,2.1723401128183006,23406.931088204583,-84276.77746401665,-84249.1589153473,-4.675485458434507,-0.48487845006764724,0.2103530406848811,-10.333539079113304,0.7174307345307727,2.0623725386444502,22645.436892572536,-86706.48061953315,-86660.44970508425,-2184.282089787681,-2175.075906897895,-2130.03473283512,-2120.828549945334,-4559.737888351621,-4532.119339682278
86,74347,-2.1214913126919845,-0.21641410850092915,-9.802925176123054,4.62077083110183,24568.893784578348,-82317.61980118412,-82299.18680398137,0.3505426163451949,0.8134158768350067,-10.06156990543734,2.32044789679438,23895.36882847091,-84382.20583079141,-84354.55633498728,0.37649564949420616,0.8319341251151455,-10.065366019399926,2.209677923855925,23914.222266245928,-84323.56920249897,-84295.91970669484,-4.707403482664346,-0.4882852743264487,0.2039027986996709,-10.362468639289427,0.7055848293466085,2.0479831208905934,23120.332786548912,-86829.59219313685,-86783.50970012997,-2064.5860296072933,-2055.369531005912,-2005.9494013148505,-1996.7329027134692,-4511.972391952731,-4484.322896148602
87,74050,-2.0967851535018847,-0.2142151265443722,-9.788221715834618,4.668204417361076,24681.317810301887,-81354.28679184827,-81335.86180020888,0.3511645996174184,0.8114798751295677,-10.05037172183254,2.3108248269149185,23957.382292031725,-83556.76117633765,-83529.12368887856,0.376336632713953,0.8264611451037371,-10.053329770088693,2.1960688204698795,23978.4257113593,-83491.7465091729,-83464.10902171381,-5.389093083365347,-0.5503209286234261,0.1755973685818739,-10.289642766451196,0.8471408716913574,1.8171215158060627,23211.607907819165,-85894.51982970114,-85848.45735060266,-2202.474384489382,-2193.2618886696873,-2137.4597173246293,-2128.2472215049347,-4540.233037852871,-4512.595550393788
88,73890,-2.150377311653368,-0.21954027390869993,-9.794910397841829,4.554972908596577,24550.643021805125,-81410.91729809002,-81392.49663253046,0.3659122055515746,0.8583982741874139,-10.047106112565377,2.345913203123322,23840.664983065035,-83577.24231595895,-83549.61131761961,0.3945196257630215,0.885827697432589,-10.049914267487422,2.2453323981521884,23861.32381634776,-83513.24157615268,-83485.61057781334,-5.157578968649732,-0.5307048222335653,0.19251794735548666,-10.346222828497083,0.7894716530800043,1.8842866280945456,23048.935313503887,-86068.74091038838,-86022.68924648948,-2166.325017868934,-2157.1146850891528,-2102.3242780626606,-2093.1139452828793,-4657.823612298365,-4630.192613959021
89,74351,-2.1258437230174843,-0.21659235628038329,-9.814952658188618,4.6169681016142565,24427.250587641644,-82755.9335048082,-82737.5004000048,0.3558085247804581,0.7969894685452111,-10.069223715788617,2.2399392174118695,23588.522598553107,-85351.68854441152,-85324.03888720642,0.3807787705046318,0.8088928589949836,-10.072734337324249,2.1243118620373407,23611.663268316894,-85278.78492999314,-85251.13527278804,-5.956498350504667,-0.601174277554962,0.14959128517453024,-10.229044954844767,0.9193999914882363,1.663411156024678,22829.47742503124,-87779.53820595147,-87733.45544394298,-2595.7550396033184,-2586.5384872016148,-2522.851425184941,-2513.6348727832374,-5023.604701143267,-4995.955043938171
90,74485,-2.1164219158624644,-0.21607086629903527,-9.79503600885,4.628111217067235,24586.391606938,-82555.52107531852,-82537.0843692349,0.3524481093984312,0.8272538625301764,-10.050082618714876,2.347164988179842,23893.192279474082,-84683.75681895757,-84656.10175983213,0.37854225092223304,0.8461056528938061,-10.052977896927626,2.2351683354565046,23912.662351466362,-84623.08523788345,-84595.43017875802,-5.406634349727714,-0.5534855326533116,0.17876243210795176,-10.346277457777711,0.8551418647979462,1.8067319577553855,23141.158866500537,-87061.84486915605,-87015.75310394698,-2128.235743639045,-2119.0173905972333,-2067.5641625649296,-2058.345809523118,-4506.323793837524,-4478.668734712075
91,74288,-2.119787057516927,-0.21664130674675267,-9.78477784015075,4.615924889933251,24453.550381779507,-82542.89530134256,-82524.46389192205,0.3584593717314963,0.8434023915340617,-10.039980681546826,2.3528535115712126,23727.67314231035,-84779.44570358588,-84751.7985894551,0.38594078690085926,0.8679693126053439,-10.042462578487003,2.248970158285728,23749.391776023713,-84711.47882414128,-84683.83171001049,-5.548150155804067,-0.5656139450483273,0.16687197332646023,-10.306052323036463,0.8761425665520607,1.7679903558858645,22943.312904291968,-87272.67343142549,-87226.59490787418,-2236.550402243316,-2227.3346975330496,-2168.583522798712,-2159.3678180884453,-4729.778130082923,-4702.131015952138
92,73744,-2.1421602380635534,-0.21837223091606842,-9.809673277033538,4.579336831450657,24881.732025281744,-80116.3306637206,-80097.91395389067,0.3662885839982325,0.8119885853120125,-10.056645906133255,2.216800142796508,23971.599544820994,-82862.33469580724,-82834.70963106236,0.3918540314937631,0.8232754221248844,-10.06036593489796,2.1009747404831485,23996.015522476635,-82787.26187806501,-82759.63681332013,-6.503790402078534,-0.6501546532645207,0.09983646017354215,-10.1520010268016,1.0925654619745724,1.5380955823031568,23260.30542518021,-85079.61454838287,-85033.57277380807,-2746.004032086639,-2736.7956771716854,-2670.9312143444113,-2661.7228594294575,-4963.283884662276,-4935.6588199174
93,74151,-2.1478129696665027,-0.2189693287503362,-9.808738885597032,4.566849639203018,24552.179865227354,-81955.31618989841,-81936.8884722311,0.3580264398574107,0.8385681173131911,-10.059973549853817,2.342196061405865,23871.579065429723,-84037.85297975419,-84010.21140325323,0.385287677182938,0.8617411792986094,-10.063555702373051,2.236617546658382,23892.242621522448,-83973.69465283203,-83946.05307633107,-5.479981493452544,-0.5631565161098399,0.18803612886320817,-10.432661079611423,0.8399325785086718,1.775705281557919,23100.47367954358,-86468.63576426526,-86422.566470097,-2082.5367898557743,-2073.3229310221213,-2018.378462933615,-2009.1646040999622,-4513.3195743668475,-4485.677997865889
94,73863,-2.0803328613560064,-0.21244944378218356,-9.792131362268444,4.707002203428984,24424.862694884552,-81733.5676365775,-81715.14770196757,0.3467121465885624,0.7773928581220413,-10.061319617432497,2.242185241478028,23658.078065164635,-84087.5722434732,-84059.9423415583,0.3711945344731075,0.7911159451894543,-10.063280710222651,2.131270457180639,23680.92696799427,-84016.26999960133,-83988.64009768642,-5.238412565874061,-0.5308324721047639,0.16878001263191955,-10.116912385335901,0.7840015692967053,1.883833511606732,22923.01925313933,-86414.91089663841,-86368.86106011357,-2354.0046068957017,-2344.7946395907347,-2282.7023630238255,-2273.4923957188585,-4681.3432600609085,-4653.7133581460075
95,74247,-2.166934278660831,-0.22105331197367353,-9.802767754589913,4.523795599674596,24379.553260953708,-82681.36258291859,-82662.93227761498,0.36232397255976084,0.8417120109934817,-10.047880702085534,2.323092245447965,23717.17934609482,-84724.50714285344,-84696.86168489802,0.38954310625872923,0.8625094183787877,-10.051190545125756,2.2141565452474485,23735.465043559594,-84667.2855374264,-84639.64007947098,-5.217919661273211,-0.5354698048115051,0.18914196485177515,-10.305399181057396,0.83297590145821,1.8675189357353545,22999.219503420707,-87002.81327764355,-86956.73751438451,-2043.1445599348517,-2033.929407283038,-1985.9229545078124,-1976.7078018559987,-4321.450694724961,-4293.8052367695345
96,73948,-2.0967235444604144,-0.21388007991227617,-9.803267070595796,4.675517235687186,24955.04392426625,-80324.69047053196,-80306.26823568702,0.35704575046387677,0.8241662660361949,-10.061273311679411,2.3082931668152646,24187.50907902874,-82632.79766169148,-82605.16430942407,0.38402782683403197,0.8470242764626162,-10.064034677594409,2.205632553884385,24208.974786309504,-82567.20007693696,-82539.56672466955,-5.441258715404714,-0.5559370805732277,0.1817181874414843,-10.3229040267439,0.8270344417832771,1.7987647072738848,23412.872309284034,-85035.83289188088,-84989.77730476852,-2308.107191159521,-2298.8960737370508,-2242.5096064050013,-2233.298488982531,-4711.142421348923,-4683.509069081498
97,74249,-2.2248314849253936,-0.22688424251838898,-9.806020286953471,4.407533942860531,24607.97882096203,-81993.14873216864,-81974.71837299153,0.367946889908095,0.8512666137502084,-10.051131505699018,2.3135583887197306,24013.70110593132,-83806.25358119921,-83778.60804243354,0.3962925302793736,0.8760795667731962,-10.054489145731688,2.2106890739413836,24031.71000196068,-83750.59196636139,-83722.94642759571,-4.851117471046022,-0.5018983053594012,0.20665071307289545,-10.323904852814998,0.7447032374836674,1.9924354980316508,23245.49891048679,-86216.31345869263,-86170.23756074983,-1813.1048490305693,-1803.889669442011,-1757.4432341927459,-1748.2280546041875,-4223.164726523988,-4195.519187758298
98,73942,-2.1477740857907026,-0.2190492158056288,-9.804984135147551,4.565184113178201,24181.910211790524,-82639.21065040845,-82620.78857784628,0.3553393682557853,0.8246496639364583,-10.057324977430806,2.3207382508285646,23516.843048617513,-84699.30158452364,-84671.66847568039,0.38207140312421056,0.8456099787467671,-10.060434356470015,2.2132249936325676,23536.10462062545,-84638.76385808922,-84611.13074924597,-4.986340097855791,-0.5122064791191846,0.19292709151896847,-10.28798816992189,0.7753205554951378,1.9523376621858612,22788.049928823122,-87023.04138659697,-86976.98620519156,-2060.0909341151855,-2050.8798978341074,-1999.5532076807722,-1990.342171399694,-4383.830736188524,-4356.197627345275
99,74466,-2.0530974281539076,-0.20964582046417737,-9.793171281011656,4.769949612092897,24531.459651828653,-82682.02503273592,-82663.58883688721,0.34844782013922193,0.7926469509452123,-10.058248897685399,2.2747938288967084,23696.715290724103,-85258.03185061776,-85230.37755684469,0.37243053952274463,0.8027270903505248,-10.061957088238522,2.155373969543928,23720.486455725324,-85183.36933760242,-85155.71504382935,-6.674610707744212,-0.6691503538095945,0.10629082522455723,-10.341340746160164,1.062287150579847,1.4944324460217622,22915.60151701515,-87750.01865963006,-87703.92817000828,-2576.006817881833,-2566.788719957476,-2501.344304866492,-2492.1262069421355,-5067.993626894138,-5040.339333121068
100,74438,-2.1519084208526773,-0.2194378208512223,-9.806460948733445,4.557099574361864,24954.34340783447,-81350.68015163406,-81332.24470794783,0.35616028591653,0.7928293388086121,-10.060410514784811,2.226046446386839,24193.75977846998,-83652.77088108809,-83625.11771555872,0.38140868243404846,0.8061714792581839,-10.063690311241531,2.113668399244119,24216.152230062708,-83583.90690834442,-83556.25374281505,-5.2735536516143515,-0.5339566564122329,0.1711254915636925,-10.080034851639757,0.7873915935997057,1.872811187932763,23474.47612181639,-85895.38647421155,-85849.29786499596,-2302.090729454023,-2292.8730076108914,-2233.2267567103554,-2224.009034867224,-4544.706322577491,-4517.053157048125
101,74095,-2.085076197145999,-0.21304089810763382,-9.787210886111474,4.69393439890013,24146.460874851717,-83072.07213321587,-83053.64592655063,0.3545401578477659,0.8120406955655141,-10.053702266301942,2.290405409911821,23339.45785921173,-85588.74072386653,-85561.10141386866,0.3813959430488603,0.8349910823784051,-10.056040865297994,2.1893024758038266,23364.340159007734,-85509.78979241975,-85482.15048242187,-5.1859838955389534,-0.5282507846984786,0.1783729875954136,-10.198285471427118,0.7653208552669322,1.8930402546790197,22557.02087024687,-88111.30867282838,-88065.24315616526,-2516.668590650661,-2507.4554873180314,-2437.717659203874,-2428.5045558712445,-5039.23653961251,-5011.597229614636
102,74235,-2.0857119135840847,-0.21316123964051198,-9.784667780603808,4.691284408396482,24838.911580479093,-81270.28177521931,-81251.8517931872,0.3567226878970334,0.8418815674986172,-10.045098267151772,2.3600449202199973,24107.919167620043,-83485.75963272888,-83458.11465968071,0.384558495574481,0.8700343402940199,-10.047021062611385,2.2624239232949472,24130.36815256959,-83416.66511836622,-83389.02014531805,-5.706436718007225,-0.5826512910704483,0.16888665931339017,-10.37983574208863,0.8919669654912681,1.7162924296671473,23308.05723402038,-85986.54339444997,-85940.4684393697,-2215.4778575095697,-2206.2628664935037,-2146.38334314691,-2137.168352130844,-4716.26161923066,-4688.6166461824905
103,74319,-2.104361330242598,-0.2147190514560962,-9.80053384165065,4.657248591676416,24747.016986745413,-81721.75662808739,-81703.32438425125,0.35360025145211055,0.8146751876873837,-10.059022421682535,2.3039440281555295,24007.92801725934,-83973.17159018712,-83945.52322443291,0.37957715427806454,0.8327710889076522,-10.061307097875217,2.1939441811020957,24028.800401766715,-83908.5870569402,-83880.93869118599,-5.719725759253146,-0.5846220568184155,0.17492290888039952,-10.41745883576469,0.894626595798772,1.7105067938115812,23231.66096822362,-86411.89328513938,-86365.81267554904,-2251.414962099734,-2242.1988401816634,-2186.830428852816,-2177.6143069347454,-4690.1366570519895,-4662.488291297792
104,74592,-2.129462931980485,-0.21732294493678803,-9.798610692487507,4.601446940132652,24999.50672121374,-81538.2714147572,-81519.83183767353,0.36321098068053653,0.8582664818225025,-10.046629574576297,2.3629970663728193,24292.28743682065,-83676.85168801312,-83649.19232238761,0.39184480545183886,0.8881343995440178,-10.049787065599851,2.2665463142222957,24313.82754512845,-83610.73984736625,-83583.08048174073,-5.470444168017972,-0.5600916636398608,0.18019013114125518,-10.350351106852173,0.870514764535217,1.7854220387807813,23539.13955161738,-86022.0791368319,-85975.98019412272,-2138.580273255924,-2129.3604847140814,-2072.46843260905,-2063.2486440672074,-4483.807722074707,-4456.148356449194
105,74218,-2.130801926838886,-0.21715244352661645,-9.812470411265314,4.605059854541446,24768.802768201105,-81444.45114986887,-81426.0216258942,0.35480358795619654,0.8190992223959097,-10.071070466735478,2.3085990395819627,24094.476520311237,-83491.03747780221,-83463.3931918402,0.3811062700275136,0.8378186253482475,-10.074521845208375,2.1983858341867792,24110.596612278197,-83441.3995060099,-83413.75522004788,-4.147987223749116,-0.44131941150580645,0.2219175530445116,-10.497047256107379,0.6523054916195055,2.2659325058645035,23303.178422851903,-85965.38875636882,-85919.31494643213,-2046.5863279333425,-2037.3715659459995,-1996.9483561410307,-1987.7335941536876,-4520.937606499952,-4493.293320537938
106,74104,-2.102304428737446,-0.2145666946293923,-9.797906578039177,4.660555552329488,24561.47784458636,-81828.32377140244,-81809.89732182058,0.34758544249402534,0.7927661796929704,-10.064777661093428,2.2807807312200574,23853.583611432183,-83993.4813200179,-83965.84164564511,0.37299104920289056,0.8098624480565215,-10.067579376381259,2.1712651008308574,23873.192262000797,-83932.5897346592,-83904.9500602864,-4.536573854866554,-0.4697756838028498,0.20424576058867847,-10.305363259118034,0.6469282147304964,2.1286755242522704,23056.26813208606,-86508.77970559896,-86462.71358164429,-2165.1575486154616,-2155.9443238245294,-2104.265963256752,-2095.05273846582,-4680.455934196521,-4652.81625982371
107,74532,-2.081629577125244,-0.21273659357700522,-9.785009443482261,4.700648737416327,24428.82017521733,-83133.83539435023,-83115.39742666554,0.34621178657034685,0.7754532929152922,-10.062753435901342,2.239823492426731,23674.07179203646,-85470.88492290047,-85443.22797137343,0.37052065928241307,0.7870570015723479,-10.065398709481782,2.1241919495032753,23695.170905724786,-85404.48912867386,-85376.83217714682,-4.917871205278185,-0.5012195919766085,0.18411054281342773,-10.158283950436072,0.6966056957061948,1.9951335023764778,22896.95694407484,-87954.4958753751,-87908.40095616336,-2337.04952855024,-2327.830544707889,-2270.653734323627,-2261.434750481276,-4820.660481024868,-4793.003529497815
108,74693,-2.1389163887423983,-0.21837122702109607,-9.794863627046274,4.579357883552093,24785.54976822238,-82391.7579658961,-82373.31568257898,0.354740196499451,0.7911353927746383,-10.056825735283121,2.2301825408608935,24037.37450142667,-84679.16733994175,-84651.50391496606,0.3803988726185292,0.8064729981236077,-10.059456270816254,2.120071998563343,24056.574806819226,-84619.52871564474,-84591.86529066905,-4.795357065943113,-0.4924835841594647,0.1987877670384716,-10.21149171417494,0.6907400356939118,2.0305245335369455,23251.80232788815,-87157.00968510608,-87110.90397681326,-2287.4093740456447,-2278.1882323870814,-2227.770749748641,-2218.5496080900775,-4765.251719209977,-4737.588294234287
109,73977,-2.110346152155326,-0.2152990195705334,-9.80193108340636,4.644702990263238,24594.371450399613,-81462.18144898419,-81443.75842995806,0.3575542941876891,0.817577260167082,-10.056515918526431,2.2865821316018526,23812.560570423964,-83849.96533543793,-83822.33080689874,0.3838181867460346,0.8357269160645454,-10.059550117143003,2.1774031166937133,23834.571327186284,-83781.61747045703,-83753.98294191784,-5.541220738118639,-0.5614761756344236,0.16238634028330787,-10.185057035253203,0.8694086744706278,1.7810194686712737,23092.138331436454,-86118.61045133193,-86072.55290376661,-2387.7838864537334,-2378.572376940676,-2319.4360214728367,-2310.224511959779,-4656.429002347737,-4628.79447380855
110,74152,-2.1305619058281278,-0.2173050927313447,-9.804472960337618,4.601824961536012,24411.43737504226,-82383.71213996931,-82365.2843953302,0.35407240305560117,0.8022818586097512,-10.062621436272071,2.2658694992497517,23659.961582437092,-84700.26221266398,-84672.6205957053,0.37947237754961455,0.8173589220482217,-10.066169768424297,2.153935227976785,23682.05869889273,-84631.04059986958,-84603.3989829109,-4.5390983474378235,-0.4676451617576701,0.2044125215621814,-10.22858053925786,0.6339246026910611,2.1383734544402104,22891.25074302198,-87145.46279601783,-87099.39343442005,-2316.550072694663,-2307.3362003750954,-2247.3284599002654,-2238.114587580698,-4761.75065604852,-4734.109039089846
111,73914,-2.1059326626308867,-0.215070038726361,-9.7918458335813,4.649648114269999,24576.22595327533,-81384.38355990818,-81365.9622448398,0.3621903578454958,0.8515813014768906,-10.04253932420105,2.3511981559712325,23817.829579947247,-83699.22592880236,-83671.5939561998,0.3901451711653719,0.878149301084706,-10.045223212337675,2.2508270407696074,23840.022882522782,-83630.3853998911,-83602.75342728854,-5.982788303944267,-0.6083882966041141,0.15656562011619926,-10.381662614234983,0.9698097585669309,1.6436871083513176,23064.89979533898,-86069.52615209912,-86023.47286442817,-2314.842368894184,-2305.6317113599944,-2246.001839982928,-2236.7911824487383,-4685.1425921909395,-4657.510619588371
112,74089,-2.115575428890586,-0.21597050764622386,-9.795668176860794,4.630261839445579,24642.282181600218,-81553.41701667721,-81534.99097197277,0.34997039533936875,0.8086557216231525,-10.056084829043893,2.3106403638484716,23981.217579513126,-83566.10676749595,-83538.46770043929,0.3758731671477855,0.8277385704411768,-10.058171459783635,2.202175209053237,24000.449872169782,-83506.71319146475,-83479.07412440809,-5.14789234654593,-0.5291766619466236,0.1890694280132177,-10.344669011531273,0.7973221414267361,1.8897280849866105,23222.028360246153,-85945.520012367,-85899.45490060588,-2012.6897508187394,-2003.476728466514,-1953.296174787538,-1944.0831524353125,-4392.102995689784,-4364.463928633108
113,74187,-2.1276269657241267,-0.2171734128423715,-9.796903487759794,4.604615210084757,24243.531662971072,-82969.64050362149,-82951.21181519818,0.3569569954715134,0.8296610823798981,-10.055205515075968,2.3242606053538135,23564.62237085963,-85074.79693744722,-85047.15390481226,0.3830333102919114,0.8462962795917837,-10.058805047237847,2.209458699419164,23582.26590263061,-85019.27171402193,-84991.62868138698,-4.847725360867699,-0.5028523585103928,0.20226400594435742,-10.387226495955458,0.7420889591846549,1.9886552843508882,22780.83802170624,-87580.30502916826,-87534.23330811001,-2105.1564338257303,-2095.94208961408,-2049.6312104004464,-2040.4168661887961,-4610.664525546774,-4583.021492911823
114,74566,-2.1820257591056222,-0.2229554895469895,-9.786822309417703,4.485200171710698,24949.240210434105,-81633.93413855185,-81615.4952587154,0.36749725881814554,0.8576145168283577,-10.034365021075903,2.3336623505340066,24295.702642777516,-83611.20513303742,-83583.54681328275,0.39742198122848726,0.8917570665213852,-10.036051252018776,2.2438544132985263,24315.25418391575,-83551.22358195116,-83523.56526219648,-5.500995042802492,-0.5655609339803435,0.18700146584754848,-10.381722874239754,0.888235779160215,1.7681560728781804,23526.315110945612,-86006.73171491145,-85960.63451532033,-1977.2709944855742,-1968.0515545673552,-1917.289443399306,-1908.070003481087,-4372.797576359604,-4345.139256604933
115,74186,-2.1802004690781285,-0.22237410068857041,-9.80420139902644,4.496926561607442,24362.80200044542,-82603.44577307247,-82585.01711160825,0.3618647106181346,0.8279972268891255,-10.06077145918818,2.2881402982754158,23664.666923838948,-84758.35715268573,-84730.7141604894,0.39006846454027155,0.8541550538971208,-10.063559333623154,2.189756751814875,23685.645832886396,-84692.6198277212,-84664.97683552487,-4.625626201541541,-0.4805045054891947,0.20934789233502396,-10.34935265862487,0.660942200114012,2.0811459384380058,22834.521388018034,-87403.50967099553,-87357.43801733498,-2154.9113796132588,-2145.6970488811494,-2089.174054648727,-2079.959723916618,-4800.063897923057,-4772.420905726729
116,73845,-2.1448080307173627,-0.2187230249734678,-9.806045938590776,4.571992363955761,24502.272015167786,-81461.98516499263,-81443.5657178309,0.3515716637266043,0.795091895925704,-10.069684665164374,2.2615357776501526,23821.941569621526,-83539.37011893922,-83511.74094819663,0.37704371803608877,0.8100608846790645,-10.072927787133077,2.148453470855943,23840.335819049047,-83482.37227952272,-83454.74310878014,-4.416683532962919,-0.45879077068504137,0.20899649531674394,-10.320752156138552,0.6283132472993298,2.1796427999343897,23044.856579253796,-85984.40025988722,-85938.35164198291,-2077.384953946588,-2068.1752303657267,-2020.3871145300945,-2011.177390949233,-4522.41509489459,-4494.7859241520055
117,74286,-2.1752073154754235,-0.22179292329740996,-9.807379257807117,4.508710129849656,24726.774560255166,-81713.26403206639,-81694.83267649109,0.3520224984734224,0.7932441180368884,-10.065291238757043,2.2533903982752914,24061.011425062246,-83738.81865437594,-83711.171621013,0.37802534908325913,0.8108365475357443,-10.067992308992,2.1449263905240374,24077.888648295142,-83686.73015818941,-83659.08312482647,-4.525077046255621,-0.4688956206395681,0.20912509603599583,-10.29005455386962,0.6669508876067417,2.1326708034423776,23322.900178727563,-86049.34971741166,-86003.27132847342,-2025.5546223095444,-2016.3389445219073,-1973.4661261230212,-1964.2504483353841,-4336.0856853452715,-4308.438651982331
118,74297,-2.157181479593775,-0.22022227499039385,-9.795473594521134,4.54086672224061,24564.98629796865,-82224.09079506148,-82205.6591433554,0.3610902766388576,0.8232282046328125,-10.050569722233508,2.2798404108127217,23859.54013349692,-84386.95417196768,-84359.30669440856,0.3879517954513056,0.8432606455406676,-10.053450758123828,2.173622226853467,23881.205657790924,-84319.51980150296,-84291.87232394384,-5.667082838456732,-0.576035051139455,0.16665882140011587,-10.260389947617785,0.8966983165170586,1.736005470538468,23092.784059897054,-86809.7878570093,-86763.7087277441,-2162.8633769062,-2153.64755105316,-2095.4290064414818,-2086.213180588442,-4585.697061947823,-4558.049584388704
119,73901,-2.021246922188356,-0.20620064032704777,-9.802330967462204,4.849645463825594,24595.71265054018,-81298.49659921248,-81280.0756359352,0.3438024009105796,0.764480143432667,-10.075099277863925,2.2236032715533667,23698.187694267912,-84043.66049454315,-84016.0290496272,0.3664534978270117,0.7686610578744565,-10.0789973582917,2.097567801733226,23720.326218873284,-83974.65541232018,-83947.02396740424,-5.680685227590797,-0.5744459097284695,0.15770087597704388,-10.216323094306087,0.8661528124248462,1.7408079386842226,22954.757610287623,-86395.13354761778,-86349.08113942455,-2745.1638953306683,-2735.953413692012,-2676.1588131077006,-2666.948331469044,-5096.636948405299,-5069.005503489359
120,74235,-2.0808455590311037,-0.2125824240279366,-9.78841768573327,4.704057753469707,24562.25900222419,-82101.74056865193,-82083.31058661983,0.3543956775889146,0.8322153509816765,-10.046386106814603,2.348266086774948,23813.726347678243,-84397.23410817231,-84369.58913512414,0.37927884576320053,0.8452160745163331,-10.051551776973055,2.2284819835273293,23835.514855058293,-84329.34341706095,-84301.69844401279,-5.455924499346888,-0.5573664797059915,0.1735369657895268,-10.307750426406917,0.8701032732867475,1.7941516693423971,23081.50441218762,-86711.63248092613,-86665.55752584586,-2295.4935395203793,-2286.278548504313,-2227.60284840902,-2218.387857392954,-4609.891912274194,-4582.246939226025
121,74355,-2.101372200390782,-0.21450744814180214,-9.796266836392789,4.661842787570437,24781.687593745217,-81693.25460677361,-81674.82139437537,0.34827456595590256,0.8041759072036014,-10.057870976959984,2.3090285246538036,24052.96079889782,-83910.51920731587,-83882.8693887185,0.373781481081385,0.8222546797752862,-10.06031252800235,2.1998272289906553,24074.648703776897,-83843.5055204486,-83815.85570185124,-5.580200951021843,-0.567478570168989,0.16512143226904422,-10.298405510498833,0.8600190849832479,1.7621810806039968,23278.668749349585,-86339.46404473268,-86293.38101373707,-2217.2646005422575,-2208.047994343142,-2150.250913674987,-2141.034307475871,-4646.209437959071,-4618.559619361709
122,74030,-2.244504031859882,-0.2286632410128547,-9.815762349549235,4.373243358095249,24238.795057831292,-82651.67691299206,-82633.25246160118,0.37705275126711313,0.9146090531236545,-10.043465722538427,2.425679298321109,23671.735588611566,-84402.16733001177,-84374.53065292546,0.4101916180739443,0.9611182746210049,-10.045055199092928,2.3430958417286485,23690.098374223646,-84344.76258136776,-84317.12590428145,-5.717030290464764,-0.5924041750639386,0.19618582388693176,-10.597580803696728,0.9320957665120799,1.6880367190053467,22887.109908731916,-86893.5616302749,-86847.50050179771,-1750.4904170197115,-1741.2781913242798,-1693.085668375701,-1683.8734426802694,-4241.884717282839,-4214.2480401965295
123,74363,-2.0858263318103436,-0.2126713121118958,-9.807746569565047,4.702091645881489,24552.168578731013,-82401.97736025746,-82383.54393268687,0.3529111977146262,0.8222268841036998,-10.065026749446824,2.3298407345197796,23784.775980636005,-84761.33517347074,-84733.68503211487,0.37920396061720657,0.8436087008359654,-10.067634584863859,2.224683253473609,23807.929360485246,-84688.9814415608,-84661.33130020493,-5.981768304081521,-0.6080192636467435,0.1618016484836371,-10.41430514242005,0.9171026531054262,1.6446847325235332,22979.949956157005,-87317.17857620002,-87271.09500727356,-2359.3578132132825,-2350.1410994280013,-2287.004081303341,-2277.78736751806,-4915.201215942565,-4887.551074586692
124,74296,-2.1002150225983165,-0.21441435868108075,-9.795123029620278,4.663866758510315,24516.844466383034,-82367.73031465244,-82349.29868986552,0.36101119946168586,0.8244110357620448,-10.058281488680798,2.2836162340430093,23680.174492688275,-84945.45324721193,-84917.80581003157,0.3879375481195259,0.8453662035255851,-10.060629659044313,2.1791296244031595,23704.29914075705,-84869.8012510898,-84842.15381390943,-6.023281751027216,-0.6100115918484705,0.15391574511228043,-10.32840852964231,0.9237288736779284,1.6393131103784078,22871.658846911698,-87522.46951177498,-87476.3904498077,-2577.7229325594963,-2568.5071201660467,-2502.0709364373615,-2492.855124043912,-5154.739197122544,-5127.091759942181
125,74132,-2.0679748795872364,-0.21120533173828232,-9.791300544201189,4.734728956744152,24543.8014557556,-81940.61966521735,-81922.19246008352,0.34947498497975243,0.8049156516179108,-10.056991622841988,2.3032139243515393,23769.934184291906,-84313.64758364564,-84286.00677594489,0.37478945351665177,0.8218030793903479,-10.060150613736177,2.192705989134338,23792.666322606714,-84242.78606691159,-84215.14525921084,-5.070542322973198,-0.5168123804434911,0.17975172753857988,-10.191168999855945,0.7539127860158507,1.9349381668099208,23013.917847899324,-86705.76846195511,-86659.70044912053,-2373.0279184282845,-2363.8143158613675,-2302.1664016942377,-2292.9527991273208,-4765.148796737762,-4737.507989037011
126,74334,-2.123777018450649,-0.21656699301672766,-9.806559110725651,4.617508818265579,24616.657259251355,-82145.85684526247,-82127.42419780178,0.34683238426230495,0.7713397205158172,-10.064626171872087,2.2239553038174855,23874.12559430356,-84420.56430456159,-84392.91533337056,0.37144479979380385,0.7844551344062733,-10.066722499251483,2.111902319918705,23895.15788672167,-84355.10740792406,-84327.45843673304,-5.1537543388264195,-0.5226219307585347,0.1749626018462296,-10.104772699474545,0.7528196261484774,1.9134290796955222,23153.5683559186,-86694.63023974303,-86648.54862109131,-2274.707459299112,-2265.49113556878,-2209.2505626615894,-2200.0342389312573,-4548.773394480551,-4521.124423289526
127,74558,-2.076793426930237,-0.2122319004986678,-9.78549135191518,4.71182700456606,24380.583973533023,-83336.20689413528,-83317.76822888534,0.34824095704792474,0.7929849015192368,-10.057175571028074,2.277115558840216,23614.19833419295,-85715.5089871495,-85687.85098927461,0.373767979724725,0.8115761711559347,-10.058792278188127,2.1713368056665785,23638.258919713036,-85639.58026748075,-85611.92226960586,-5.33785628056253,-0.5418716003198162,0.16693427409672773,-10.189223468536968,0.8009659043322911,1.8454556382172334,22843.41564769957,-88185.73374608459,-88139.63708295976,-2379.302093014223,-2370.0827603892685,-2303.373373345472,-2294.1540407205175,-4849.526851949311,-4821.868854074419
128,74288,-2.148462294334376,-0.21898260782792703,-9.811109273219554,4.566572706019574,24513.97053115891,-82359.56993582378,-82341.13852640326,0.36338393065140717,0.846185570295275,-10.056998373736091,2.328626829420857,23762.335703936904,-84671.00130031264,-84643.35418618185,0.390823891383612,0.8684456046207408,-10.06112003142718,2.222089344503048,23784.787874129684,-84600.84240035247,-84573.19528622169,-6.2445972831401075,-0.6317547565223754,0.14622354350566308,-10.377955239310976,1.0118721675615088,1.5828927122048222,22996.873286120084,-87099.45273825992,-87053.37421470862,-2311.4313644888607,-2302.2156597785943,-2241.2724645286944,-2232.056759818428,-4739.882802436143,-4712.235688305358
129,74305,-2.126809543143083,-0.21710163541102429,-9.796377347027047,4.606137572878093,24621.492336034124,-82070.22012308246,-82051.78825603607,0.3585947548171427,0.8385788137272636,-10.046615638241018,2.3385138863921138,23892.204918786705,-84302.38437260258,-84274.736572033,0.3851008373894063,0.8575392418875233,-10.050255289206076,2.2267914235159054,23912.293574552776,-84239.9346993874,-84212.28689881782,-4.88297366391777,-0.504049775176961,0.19797359530747555,-10.314347586554094,0.7516646088675928,1.9839310505573016,23133.70104031602,-86695.59577791381,-86649.51611029785,-2232.164249520123,-2222.948315996924,-2169.7145763049484,-2160.4986427817494,-4625.375654831354,-4597.727854261771
130,74426,-2.1283627110331866,-0.21703064279890172,-9.806738272462773,4.607644280566359,24460.38618111319,-82813.56311254093,-82795.12799129664,0.3479050106588419,0.7728657685533956,-10.07483442407084,2.221485017102192,23709.858661147016,-85130.97345047016,-85103.32076860375,0.37183072736578415,0.7811658539733134,-10.078964510235679,2.1008641741564587,23728.362858121254,-85072.91084231382,-85045.25816044741,-4.147435883732013,-0.4329901157879708,0.2138437308491758,-10.316144776524535,0.568105886843274,2.3095215422646875,22907.5635837217,-87688.99884572471,-87642.91104261401,-2317.4103379292355,-2308.1927773071075,-2259.347729772897,-2250.130169150769,-4875.435733183782,-4847.7830513173685
131,73944,-2.1190715634187622,-0.21616902833532933,-9.80284539250267,4.626009598603382,24587.33646564904,-81414.00200165654,-81395.57987499866,0.3550026872029962,0.8241843078663919,-10.055112210258063,2.3216283638864685,23888.54573209751,-83543.98843232279,-83516.35524233595,0.38112861195727366,0.8428554139260324,-10.058658715123403,2.2114724202876705,23909.102495364423,-83480.38490984422,-83452.75171985738,-5.3924616527514235,-0.5519144492004131,0.1815682739293336,-10.330700612156784,0.8387133239572278,1.8118750133263435,23135.591125547933,-85908.186473598,-85862.13115695328,-2129.9864306662494,-2120.7753673372936,-2066.3829081876756,-2057.17184485872,-4494.184471941466,-4466.5512819546275
132,74278,-2.2113086429434996,-0.22538163045791013,-9.811396955691382,4.4369188294906285,24674.503422862785,-81853.65027116035,-81835.21913098045,0.37055215161067084,0.8921832382979673,-10.038619929760142,2.4077130153473245,24078.210285065546,-83668.72534812371,-83641.07863785385,0.4016333816687167,0.9303371861784112,-10.040590165215601,2.3163841170597483,24094.841239588237,-83617.43882796289,-83589.79211769302,-5.878139113754008,-0.6049503777509109,0.18095670154584295,-10.552069627900055,1.0052071507952114,1.6530281437591752,23382.528487094787,-85842.42233545073,-85796.34448500094,-1815.0750769633596,-1805.8595068733994,-1763.7885568025376,-1754.5729867125774,-3988.7720642903732,-3961.1253540204925
133,73960,-2.1317224561935757,-0.21764467476276392,-9.794507761410594,4.594644923382645,24504.41971564351,-81697.46040603693,-81679.03784666593,0.3555289529415509,0.8113508172943333,-10.059140592797645,2.282094919644195,23813.516979545246,-83810.72661700366,-83783.09277794715,0.3807705569174428,0.8251794150186953,-10.062609579957199,2.1671303099141865,23834.56330299741,-83745.38983220469,-83717.75599314818,-5.037889841477499,-0.5173458392530086,0.19340261722692403,-10.29244001955754,0.7396746957881296,1.9329429641183387,23015.221900433167,-86328.58074919497,-86282.52435076746,-2113.266210966729,-2104.054931281222,-2047.929426167757,-2038.7181464822497,-4631.120343158036,-4603.486504101529
134,73941,-2.066267915226303,-0.21097102013605126,-9.794084106403835,4.739987508024177,24310.08142943137,-82246.21895201798,-82227.79690650423,0.34835458145167475,0.802126505309963,-10.06761731351364,2.3026150595388035,23558.825387491674,-84565.27401488289,-84537.64094661226,0.3719595244408641,0.8100879507049025,-10.071964061365978,2.1778927476655974,23581.340216916127,-84494.64341324136,-84467.01034497072,-5.523974382379086,-0.5634009060371218,0.17376548055404084,-10.340350271411639,0.8465695529836593,1.7749350227954928,22763.370182284285,-87100.98678226332,-87054.93166847894,-2319.055062864907,-2309.8440401080297,-2248.4244612233742,-2239.213438466497,-4854.767830245342,-4827.13476197471
135,74225,-2.1605841200115,-0.2205515833029097,-9.796275717704157,4.534086697652862,24572.384501988254,-82050.08892547019,-82031.65921287093,0.35764480824074724,0.8120313332938194,-10.051540681260894,2.270496634043695,23851.755311950703,-84257.42711664413,-84229.78254774524,0.3831191555656537,0.8245991025291136,-10.05572054389564,2.152330653662148,23871.289566145977,-84196.66275836292,-84169.01818946403,-4.5165087229355,-0.4650688125836588,0.2030090247710437,-10.200429412724755,0.6350665587368086,2.15021943622615,23083.5236517287,-86683.45797074882,-86637.38368925065,-2207.3381911739416,-2198.1233348743117,-2146.5738328927255,-2137.3589765930956,-4633.369045278625,-4605.724476379721
136,74101,-2.082890736676291,-0.21232375877845575,-9.809974864139601,4.709788512379467,24663.264540373177,-81515.55911102095,-81497.13274240801,0.3520685788962445,0.7963921536444195,-10.067750206668684,2.2620370046686795,23831.889792512484,-84054.50314437629,-84026.86359145687,0.3762114998628548,0.8059215832451226,-10.071337102039125,2.142203477402779,23855.353904339165,-83981.58157642662,-83953.9420235072,-5.738653874819999,-0.579113528577063,0.1513600968175296,-10.181434863670876,0.9040098143779857,1.7267771354903332,23112.117861856717,-86322.99765927016,-86276.9317377378,-2538.9440333553357,-2529.730849048865,-2466.0224654056656,-2456.809281099195,-4807.438548249207,-4779.798995329795
137,73813,-2.1422781379848637,-0.21817604166216903,-9.819034765063883,4.58345468357352,24380.23802710833,-81763.23507680232,-81744.81649650865,0.35018435596352265,0.7640255871414106,-10.080849305526721,2.1817810365606283,23607.072213899508,-84139.97341176883,-84112.34554132832,0.3742034221115197,0.7728443102425603,-10.084031125692812,2.065305298069236,23627.700017002215,-84075.50395186458,-84047.87608142407,-4.972298514794144,-0.5057948365466326,0.18984858507737692,-10.150374331487795,0.685831447148975,1.9770862170669932,22854.26867297742,-86528.13644977864,-86482.08999904446,-2376.738334966518,-2367.5290448196756,-2312.268875062262,-2303.0595849154197,-4764.901372976325,-4737.273502535812
138,73755,-2.1645138468067486,-0.22103918531060068,-9.792444012880381,4.524084716448878,24378.04274136663,-81647.64914400008,-81629.23213586306,0.3622077659705165,0.826881286676904,-10.048207757142228,2.2828922081814547,23669.152754381754,-83822.17473360524,-83794.54922139969,0.3901023408597649,0.85174579393167,-10.050236635050403,2.1833906252766067,23690.464965480558,-83755.79403581348,-83728.16852360794,-5.212449055035958,-0.5334441182555427,0.1864929165174326,-10.252723713216161,0.8015760340899853,1.8746106026441498,22908.747832975292,-86226.55499734437,-86180.5124770018,-2174.525589605153,-2165.3170855366334,-2108.1448918133974,-2098.9363877448777,-4578.905853344288,-4551.280341138743
139,73923,-2.093248956392481,-0.21370241915185484,-9.79515798042997,4.6794042106252896,24590.101459596885,-81361.5697582477,-81343.14819966789,0.3527759232508848,0.8013698329243772,-10.06158796365804,2.2716114680946196,23825.22450148148,-83695.47075476666,-83667.83841689694,0.37737780894361145,0.8129745240047187,-10.065413539647674,2.154272203446374,23846.722896922336,-83628.79733022091,-83601.16499235119,-4.9719276905437635,-0.5111262502456955,0.19565616805765845,-10.29385019919961,0.7297543543158536,1.9564637885831646,23043.167469005883,-86158.69294943486,-86112.63905298532,-2333.9009965189616,-2324.690217229043,-2267.2275719732133,-2258.0167926832946,-4797.123191187158,-4769.490853317431
140,74515,-2.0983584514562845,-0.21399419366197775,-9.805679376379821,4.673023986714266,24684.560363907858,-82321.84752165938,-82303.41001020661,0.3512026164542005,0.7651598493499616,-10.067327715351249,2.178684934284208,23831.633678157985,-84940.10173111751,-84912.44546393836,0.3737262655084999,0.7660844253775332,-10.072191201262124,2.0498543883052545,23852.503836762753,-84874.87501008272,-84847.21874290357,-5.209079573384073,-0.5287393941439478,0.17914828597567845,-10.098613643146395,0.7867454810641322,1.8912908912698736,23140.45280060408,-87129.1940398444,-87083.10026121249,-2618.2542094581295,-2609.035453731747,-2553.0274884233368,-2543.8087326969544,-4807.346518185019,-4779.690251005872
141,74135,-2.1586291219760603,-0.21972085363850083,-9.824416236465105,4.551229359618572,24522.023300578952,-82012.74640648688,-81994.31912041797,0.3653360621052368,0.840741792044758,-10.065401366110963,2.301283336772208,23729.466010737546,-84446.38188616233,-84418.74095705897,0.39365611041965826,0.8666895408813459,-10.068235416922834,2.2016412750646976,23751.962179835897,-84376.13321486278,-84348.49228575942,-6.910594040720777,-0.6968074982938399,0.13147141883127392,-10.529643587742155,1.1275358586358966,1.4351165887975355,22987.33063617072,-86797.97296993848,-86751.90475476622,-2433.635479675446,-2424.4218366409914,-2363.3868083759007,-2354.1731653414463,-4785.226563451593,-4757.585634348245
142,74449,-2.0434313688004138,-0.20880886551775965,-9.786133188040406,4.789068689781986,24690.13718208866,-82166.14060864568,-82147.7048694333,0.34061386618915557,0.7336019101970129,-10.06896831172117,2.153764080143515,23825.348961735494,-84818.52762634406,-84790.8740175255,0.3625794264391345,0.7358066045775736,-10.071347528329373,2.0293666736799585,23848.034320707317,-84747.67457160863,-84720.02096279006,-5.185376075369479,-0.5243768600433488,0.1697824674728758,-10.06085573726693,0.7307589853519554,1.907025416638966,23059.29153971812,-87247.61805849968,-87201.52871046873,-2652.3870176983764,-2643.1691480921872,-2581.533962962945,-2572.316093356756,-5081.477449853992,-5053.823841035424
143,74398,-2.19901880120964,-0.22417006277952667,-9.809600684157346,4.460898960373265,24697.723422518022,-82036.01298282285,-82017.57861414537,0.3681304939098378,0.858140173539291,-10.049390769424996,2.3310760388936047,24022.207854330074,-84097.24365111347,-84069.59209809726,0.3972941150187124,0.8863455689807758,-10.052464415488476,2.2309556962328254,24039.352139323673,-84044.16586632152,-84016.5143133053,-4.76112122231458,-0.49787920444861894,0.21498945959246776,-10.433875575016122,0.7550981627924606,2.0085193176675444,23249.650193715628,-86525.21333324477,-86479.12741155108,-2061.23066829062,-2052.013483951887,-2008.1528834986675,-1998.9356991599343,-4489.200350421917,-4461.548797405703
144,74267,-2.1616320445128214,-0.22063529416035882,-9.797308507412856,4.532366427617855,24536.24535786093,-82247.83737629342,-82229.40653232005,0.3669723754403848,0.8660635092837085,-10.04028160409859,2.3600237163475586,23826.912999388598,-84424.51081112301,-84396.86454516294,0.3955301508027247,0.8924030330400604,-10.043350621467699,2.2562199903823688,23846.67771304017,-84362.93096991851,-84335.28470395844,-5.541996030027167,-0.5677964139012377,0.1800538876832898,-10.366589372424096,0.8910851692326818,1.7611946386366921,23073.259024488805,-86807.55699056828,-86761.47988063484,-2176.6734348295868,-2167.4580128428934,-2115.09359362509,-2105.8781716383965,-4559.719614274858,-4532.073348314792
145,73970,-2.1085329531944588,-0.21507745513324025,-9.803598205531234,4.6494877828106205,24889.159634960655,-80566.13990069223,-80547.71707092307,0.34682888906545867,0.7689846446612976,-10.068151002633567,2.2171874053898764,24144.940769813722,-82809.68317200325,-82782.0489273495,0.3714233764156816,0.781746226651925,-10.070783643017446,2.1047308174190604,24162.93103594292,-82754.58904355782,-82726.95479890407,-4.528744360220529,-0.4661994515101024,0.20520649884737086,-10.209952380450243,0.6395593096648831,2.1450046686258926,23422.356401953526,-85053.18011950259,-85007.12304507969,-2243.5432713110204,-2234.3318564264337,-2188.4491428655892,-2179.2377279810025,-4487.040218810362,-4459.405974156616
146,74092,-2.1963172434351477,-0.22393548742453903,-9.807812369065688,4.465571810439274,24544.894038851417,-81853.11676104745,-81834.69063536097,0.362225548780508,0.8248736894887743,-10.05442794330256,2.2772377383810927,23861.616636724244,-83942.93256236405,-83915.29337383431,0.39107007079350947,0.8538514270556399,-10.05600806696427,2.1833719602298216,23880.446875184185,-83884.48640408386,-83856.84721555412,-4.735960597311595,-0.48900053640006114,0.20641747421604087,-10.27214188366996,0.706666003522522,2.044987531837552,23101.05648460947,-86338.98121359284,-86292.91589937662,-2089.8158013165958,-2080.602738473346,-2031.369643036407,-2022.1565801931574,-4485.864452545386,-4458.225264015651
147,73921,-2.1735158408175503,-0.22171074768623175,-9.803385101986763,4.510381253213825,24187.598399046405,-82577.35641876396,-82558.93491429523,0.3623284241821653,0.8582394047730896,-10.04611181857458,2.368678103878482,23545.809334772846,-84563.25339695741,-84535.62114025433,0.3912599142218186,0.8882426737959248,-10.049268477470642,2.270211287968411,23564.76265272275,-84503.77425108175,-84476.14199437866,-4.6738858019751035,-0.4866280155709163,0.20592221722517742,-10.380654727312509,0.7017006196477897,2.054957725413304,22746.136646454826,-87113.41198880888,-87067.35822763706,-1985.8969781934575,-1976.6862259590998,-1926.4178323177912,-1917.2070800834335,-4536.055570044919,-4508.423313341831
148,73390,-2.0999983048624955,-0.21429516425062736,-9.799559930369952,4.666460876506094,24396.279406945356,-80824.59384126434,-80806.18675533327,0.35553156019355375,0.8023171416417733,-10.064631294471868,2.2566692566054796,23588.016344193922,-83295.2377080222,-83267.6270791256,0.38128187993768176,0.8188472874189818,-10.06732685846168,2.1476165810785908,23611.2649736502,-83222.93927439595,-83195.32864549934,-5.778728629172645,-0.5845120120760756,0.15617784226464324,-10.237825814839033,0.8925370925155307,1.7108288270213472,22834.835832725315,-85672.85650109703,-85626.83878626933,-2470.6438667578623,-2461.440323792325,-2398.3454331316025,-2389.1418901660654,-4848.26265983269,-4820.652030936064
149,74378,-2.1330295614396846,-0.21777635249374067,-9.794587598765997,4.591866786954024,24888.381305399133,-81421.99374222742,-81403.55991127109,0.3520024576246299,0.7774014794161742,-10.061894378100611,2.208511510579234,24123.989355196383,-83740.16532118703,-83712.51457475252,0.37722107563026813,0.7917566291207141,-10.063779547705558,2.0989193877829653,24144.431159412132,-83677.16675655007,-83649.51601011556,-5.163932732638047,-0.5272406785405237,0.18677254012424885,-10.215429860231437,0.7534753785839999,1.8966670075005225,23341.762111981512,-86187.86002448913,-86141.77544709828,-2318.1715789596055,-2308.9546634814324,-2255.173014322645,-2245.956098844472,-4765.866282261704,-4738.215535827185
150,73926,-2.1266152916136503,-0.21710572856491916,-9.795297920836518,4.606050732102074,24495.679647613993,-81652.28153242749,-81633.85989268377,0.3610051457024355,0.8699366498156426,-10.042906761281843,2.40976246508326,23852.60272280254,-83616.96602352761,-83589.33356391205,0.3890283756291812,0.8968127540609097,-10.046082610780799,2.30526308681335,23871.47579601888,-83558.49613048302,-83530.86367086746,-5.930102344297958,-0.6108568406388861,0.1777440805019568,-10.605270412094681,0.9535369279915328,1.637044776242687,23074.77863515864,-86063.84602343579,-86017.79192407653,-1964.6844911001244,-1955.4736712282756,-1906.214598055536,-1897.0037781836872,-4411.5644910083065,-4383.93203139276
151,74137,-2.0902599972354414,-0.2134574586795061,-9.792396153155016,4.684774222396424,24565.142610943207,-81886.71169555056,-81868.28435552676,0.35925928997563233,0.8529211890843824,-10.05091350539328,2.3741103233328604,23877.533493995707,-83989.4963693613,-83961.8553593256,0.3870582492448891,0.87998827081034,-10.053334165425904,2.273529300892325,23899.458629577864,-83921.45257595736,-83893.81156592166,-6.330896795959542,-0.6438661858028125,0.15289941368844107,-10.524251480873664,1.0142142776966676,1.5531177472119266,23077.61780362228,-86511.69789708026,-86465.62954702077,-2102.784673810733,-2093.571003798832,-2034.7408804067964,-2025.5272103948955,-4624.986201529697,-4597.345191494009
152,74700,-2.070630574852955,-0.2112173598764871,-9.80331624286844,4.734459329407236,24935.319903586562,-81956.45333209466,-81938.01086135242,0.34210545265311376,0.7480733772033492,-10.082592497537993,2.186674814452246,24127.540733883074,-84414.42228934666,-84386.7585832333,0.36461454209917105,0.752858351095868,-10.08636085111636,2.064806156006523,24149.7901453368,-84345.56880788879,-84317.90510177542,-4.951128513935724,-0.5048006800249691,0.19028471489665041,-10.195465247301174,0.6673397275113805,1.980979898740502,23337.890780893347,-86896.1173470569,-86850.0111702013,-2457.968957252,-2448.747721880878,-2389.115475794126,-2379.894240423004,-4939.66401496224,-4912.000308848874
153,73947,-2.149296173088444,-0.21956452371045704,-9.78890458607399,4.554469834656507,24207.036683776656,-82573.00367110693,-82554.58146330819,0.3583917106590538,0.8162219192712344,-10.044599996145825,2.2774575834085766,23479.73221774588,-84826.81404897099,-84799.1807372729,0.3845946301046248,0.8329736617049875,-10.047232232376961,2.165848393354806,23499.88286950684,-84763.3788618423,-84735.7455501442,-4.844076914997595,-0.49652124634017286,0.1933990720454411,-10.18066130777224,0.7330095887725506,2.0140125067576418,22726.079575808464,-87235.29389653789,-87189.23837704107,-2253.8103778640652,-2244.5992739647045,-2190.3751907353726,-2181.164086836012,-4662.290225430959,-4634.656913732877
154,73919,-2.1537068659656198,-0.21968484628147805,-9.803620515573094,4.5519753270497265,24232.142557176783,-82437.11725097387,-82418.6958006177,0.35649759133419234,0.8161563124410993,-10.059903659193413,2.28937398815693,23537.583818265342,-84584.79277452809,-84557.16059899384,0.3840550189129478,0.8407682928399071,-10.061762373450637,2.189187099337141,23557.483880338197,-84522.32369452482,-84494.69151899057,-5.288259259636955,-0.5407924548460215,0.18374101677992025,-10.29383030013154,0.809873867049019,1.849138224912416,22764.452251963387,-87049.55783179229,-87003.50420590186,-2147.6755235542223,-2138.464798376139,-2085.206443550953,-2075.9957183728693,-4612.440580818424,-4584.808405284159
155,74519,-2.1659749112613356,-0.2210713438580031,-9.797628554936404,4.523426612190463,24590.861214237615,-82613.66887175651,-82595.2312529457,0.35729243938023353,0.8194310958017219,-10.048692219440047,2.2934465034388167,23885.12013656975,-84781.60268111307,-84753.94625289684,0.3845886457870331,0.8424746773931435,-10.051038723348466,2.19058645288157,23906.02987202057,-84716.39509873831,-84688.73867052209,-4.940446898305698,-0.5075296076429351,0.19545312044145166,-10.249958612763052,0.7459424270041222,1.9703284004340003,23132.416631992106,-87163.75511871681,-87117.66107168977,-2167.9338093565602,-2158.7149999511457,-2102.726226981802,-2093.5074175763875,-4550.086246960302,-4522.429818744073
156,74014,-2.1131820310704006,-0.21525162064894834,-9.817264207811784,4.645725764968291,24629.63690483297,-81433.88504343362,-81415.46102434666,0.35159213468165446,0.8027336428423071,-10.072956782609232,2.283138795380432,23866.11611887547,-83762.64160993244,-83735.005581302,0.37643943724597984,0.8148514485437481,-10.076607835489789,2.1646282719610306,23885.518312499687,-83702.49564613335,-83674.85961750291,-5.457795734442329,-0.5599469163128447,0.1893611366689091,-10.407684162797755,0.8269764683120739,1.7858835737230774,23100.09923112146,-86173.18583625209,-86127.12578853469,-2328.7565664988215,-2319.5445569553412,-2268.6106026997295,-2259.3985931562493,-4739.300792818467,-4711.664764188026
157,73875,-2.1458644861987537,-0.21874097396482614,-9.810071004547195,4.571617204926597,24468.199221079194,-81627.88920408525,-81609.46894457584,0.35917875043511016,0.8353049348750243,-10.057955382704204,2.325596750540319,23760.53752599995,-83793.98497233585,-83766.35458307172,0.3870464316327376,0.8614489513601722,-10.06051373508604,2.2256992467962804,23781.414101789673,-83729.10513115182,-83701.4747418877,-5.166016049167222,-0.529614850203551,0.18990661208190945,-10.299166525309873,0.8134795316962946,1.8881645777410927,23035.08119452376,-86080.68576680812,-86034.63511803458,-2166.0957682505978,-2156.885638495878,-2101.2159270665725,-2092.005797311853,-4452.79656272287,-4425.16617345874
158,74000,-2.0816228869438658,-0.21247340215901317,-9.79709867584272,4.706471444607495,24712.212349662128,-81156.7983038944,-81138.37466315003,0.3485965487789637,0.8056513349913462,-10.060315829649655,2.31112825933968,24001.577291091806,-83313.97029696347,-83286.33483584691,0.37400427920189316,0.8227168966971022,-10.062900419669461,2.199752629709852,24021.017234949224,-83254.0586683551,-83226.42320723853,-4.96118464542396,-0.5085135973405492,0.18863552376369933,-10.266573450776159,0.7448286608768847,1.966515753423019,23256.473921974408,-85643.63482382876,-85597.57572196783,-2157.1719930690742,-2147.960172696883,-2097.2603644607007,-2088.0485440885095,-4486.836519934368,-4459.201058817809
159,74185,-2.163629802961612,-0.2206178591370494,-9.807138059560037,4.5327246121937605,24633.37704761883,-81781.96984144783,-81763.54120694306,0.3579091899159622,0.8128211404196904,-10.061764477557693,2.2710261801619076,23932.727593302072,-83920.61038259338,-83892.96743083623,0.38445656774713,0.8314290745847441,-10.064887960274191,2.162608586600094,23951.351640063505,-83862.903311651,-83835.26035989384,-4.595325336562615,-0.475745831026273,0.20909160565379978,-10.296748394578684,0.6732339518104293,2.1019627178714577,23177.162076903078,-86296.4263832166,-86250.35479695468,-2138.640541145549,-2129.4262238931697,-2080.933470203163,-2071.7191529507836,-4514.45654176877,-4486.813590011618
160,74184,-2.198100077160713,-0.22370890138467353,-9.825715756303413,4.4700948143340655,24403.436079800485,-82475.5922814986,-82457.16367395363,0.36311821279472917,0.8279766357062994,-10.060133460499129,2.2801848173183066,23671.838341529343,-84731.59443975952,-84703.95152844208,0.3908976697630459,0.8506260939451153,-10.062553697739022,2.176083818715899,23690.02774690424,-84674.61345374203,-84646.97054242459,-5.885875805590726,-0.5994104658108512,0.17089934934309628,-10.364967086994456,0.971508155526188,1.6683058722494144,22964.003593201196,-86979.68397329951,-86933.61245443711,-2256.002158260919,-2246.7878544884443,-2199.0211722434324,-2189.806868470958,-4504.091691800917,-4476.448780483479
161,74311,-2.155769415524538,-0.21999360399788834,-9.799236779380326,4.545586698100545,24771.364239522536,-81631.88512900379,-81613.45310046739,0.3543812954263412,0.8190841671581377,-10.053822176488358,2.3113075597647783,24154.16302880971,-83504.86839263115,-83477.22034982654,0.38138871801498075,0.8418720965467272,-10.055781984054274,2.207385947147128,24171.66123038061,-83451.05414595475,-83423.40610315015,-5.134462062932092,-0.52754227842699,0.19138261338804624,-10.315279361762373,0.8119387659802365,1.8955826687138149,23420.516482990424,-85792.94187392444,-85746.86180258344,-1872.983263627364,-1863.7672493591526,-1819.1690169509675,-1809.953002682756,-4161.056744920657,-4133.408702116052
162,74268,-2.110997676521822,-0.21563185824117706,-9.789822773593785,4.637533656467094,24352.390204319494,-82808.54583932363,-82790.11496842057,0.3588108929383801,0.8444812971564906,-10.037297706171355,2.3535553512348812,23603.9543737318,-85124.87707481298,-85097.2307684584,0.3848241391499861,0.860791292108534,-10.041506909579043,2.2368432864161845,23624.748054746826,-85059.48018173734,-85031.83387538276,-6.18586299842768,-0.6264718460694566,0.13913871343836062,-10.370327424093645,1.0376798973238404,1.5962409265062656,22881.654692422315,-87429.03530142721,-87382.95812416957,-2316.3312354893424,-2307.11580003782,-2250.934342413704,-2241.718906962182,-4620.489462103578,-4592.843155748997
163,74496,-2.104514912005448,-0.21464033399356464,-9.804843632364761,4.658956596806181,24710.915545902342,-82202.36294667328,-82183.92594524998,0.3570231527983409,0.8304815040910649,-10.058747295362691,2.326127864766658,23954.369635878105,-84516.76507205947,-84489.10956992452,0.3837047356110598,0.8516110904574423,-10.061923388625997,2.219443784297396,23975.62531308981,-84450.69108081223,-84423.03557867729,-5.622758131915271,-0.5762006046419951,0.18199932333874108,-10.41716094962407,0.8995318324485833,1.7355066828180785,23196.12993792943,-86908.95153949362,-86862.85903593535,-2314.4021253861865,-2305.183624674537,-2248.328134138952,-2239.1096334273025,-4706.588592820335,-4678.933090685372
164,74339,-2.07082094251694,-0.21147468450216886,-9.792287655573743,4.728698389379765,24627.37483320223,-82124.02414816018,-82105.59136617609,0.352810021827686,0.8060438077666232,-10.059072148998832,2.2846397718268294,23808.655501572775,-84635.38345676102,-84607.73428378486,0.3791483595902553,0.826627464128645,-10.061138084785748,2.180221655243291,23830.901867956196,-84565.95490443597,-84538.30573145981,-5.798754951214678,-0.5883844802228665,0.15817930877296527,-10.302733866098668,0.9234231865258344,1.6995689614743459,23048.512109668816,-87043.53341804833,-86997.45146308807,-2511.359308600833,-2502.1429176087695,-2441.9307562757895,-2432.714365283726,-4919.509269888149,-4891.860096911987
165,74114,-2.0873632354615808,-0.21280586081061978,-9.808767613403125,4.699118699977536,24889.468992416707,-80866.20751195292,-80847.78079249829,0.3477866132574053,0.7572818320169681,-10.084721904244248,2.177432377066467,24047.02735924445,-83416.20419286567,-83388.56411368374,0.3700060934141529,0.7585270213857503,-10.088413048077285,2.0500392693174394,24070.197085225587,-83344.82845480458,-83317.18837562265,-5.67071885470282,-0.5729975801037803,0.16263785207600223,-10.205834829666456,0.8292188077010642,1.7452080684509728,23246.11667784938,-85922.6894237128,-85876.62262507624,-2549.996680912751,-2540.783321185445,-2478.6209428516595,-2469.4075831243536,-5056.481911759882,-5028.841832577949
166,74072,-2.1595591619821572,-0.2201672196844219,-9.808722502276112,4.5420022173753045,24071.49641786899,-83253.60752661189,-83235.18194086762,0.36079133330244884,0.8403474910982945,-10.054994682122993,2.329178706723083,23365.60644737343,-85456.23380182905,-85428.59542321267,0.3888046691765016,0.8657682544738031,-10.057603646916435,2.2267434604309737,23386.167561767958,-85391.08106716166,-85363.44268854528,-5.299334825100968,-0.5434183483433124,0.18793829853121202,-10.337238948692137,0.8260643108702106,1.8402028622122188,22611.503181992186,-87882.26679988095,-87836.20283552031,-2202.6262752171606,-2193.413482345044,-2137.4735405497777,-2128.260747677661,-4628.659273269062,-4601.020894652684
167,74330,-2.143276576466312,-0.21876932117239772,-9.796970457193753,4.571024834016675,24696.476169549143,-81896.81305887933,-81878.38051904389,0.3631501477244463,0.8402999231278362,-10.044339692441435,2.313918714871197,23955.218212877076,-84159.97436939912,-84132.32555964596,0.38994682800775743,0.859098418791458,-10.048234105111499,2.2031168279547266,23974.619051502585,-84099.80039443495,-84072.1515846818,-5.230286156304673,-0.5371886319337129,0.19022247239350104,-10.309070314034651,0.8209599479320755,1.8615434887374838,23207.50699126461,-86513.00662004965,-86466.92527046106,-2263.1613105197903,-2253.945040602077,-2202.987335555619,-2193.771065637906,-4616.193561170323,-4588.544751417168
168,73792,-2.1020136523828423,-0.21457299035918695,-9.796263960641795,4.660418808192207,24710.100356961448,-80727.27004691745,-80708.85203571018,0.34989783396480556,0.7833036858845815,-10.063401149458498,2.23866400374279,23956.03002550318,-83012.23271603603,-82984.60569922514,0.37427520778560086,0.794683514814311,-10.06584163669318,2.1232598320258926,23978.112699336092,-82944.24256579543,-82916.61554898454,-5.390913927541003,-0.5465521441617646,0.16830660300001646,-10.180766197483427,0.7947574399931349,1.8296515907620832,23176.237322639794,-85450.19944445282,-85404.15441643469,-2284.962669118584,-2275.753663514959,-2216.972518877985,-2207.76351327436,-4722.929397535379,-4695.3023807245045
169,74367,-2.0751825559216766,-0.21200867005245916,-9.788196659165854,4.716788232068817,24516.996168581292,-82517.02153774093,-82498.58800259286,0.36047724760081706,0.8404321587050296,-10.04168588531092,2.3314430086741615,23703.80579449739,-85023.49339496263,-84995.84309224051,0.38712537991929935,0.8606521289821826,-10.045021075403108,2.2231870438502255,23726.96101178769,-84950.88296519412,-84923.232662472,-6.131563899298826,-0.62048337944706,0.14120643106008304,-10.329392241611885,1.0267598976292394,1.61164671468097,22971.161116849686,-87354.32363843697,-87308.23980056678,-2506.4718572216952,-2497.255089647646,-2433.8614274531865,-2424.644659879137,-4837.302100696033,-4809.651797973915
170,74027,-2.1828541751348465,-0.22245615823320514,-9.812514036345615,4.4952677774453,24515.540093659616,-81804.91704030901,-81786.492669968,0.3586369907645478,0.8050884411843002,-10.067003528435688,2.244856113330642,23769.057439561013,-84092.02278027461,-84064.38622476309,0.38533019720664513,0.824056642820648,-10.069951461194814,2.1385727067186546,23790.17586144405,-84026.28019314788,-83998.64363763636,-4.586487220070252,-0.47330173534843334,0.20890901899221367,-10.258619965081827,0.6420237944384928,2.1128171002031593,22998.874891180145,-86526.42258180228,-86480.36165594976,-2287.1057399655983,-2277.8935547950823,-2221.363152838865,-2212.150967668349,-4721.505541493272,-4693.868985981753
171,74045,-2.0799927548179653,-0.21234144050299372,-9.795510239974284,4.709396327119205,24662.871402059827,-81399.15418824757,-81380.72933165664,0.35092355659359087,0.8109761644223551,-10.058795679649174,2.310976704711668,23897.171112175864,-83732.44775855815,-83704.81047367174,0.37511890786719115,0.8208469686838861,-10.063570516698263,2.1882313886840983,23918.41674242359,-83666.6477604487,-83639.01047556229,-5.593885374517384,-0.5693603962078406,0.16883759903452825,-10.301971712113872,0.8606773743738966,1.756356793799472,23134.00599583186,-86131.6842936276,-86085.62215215023,-2333.293570310576,-2324.0811420151003,-2267.4935722011287,-2258.281143905653,-4732.530105380021,-4704.892820493595
172,74026,-2.1271195332065513,-0.21703124224615392,-9.800983080555753,4.60763155410507,24742.351303140043,-81121.09190841462,-81102.66756509096,0.35407588028411263,0.7851227281129424,-10.072142656482841,2.2173855148872472,23988.453866703527,-83409.73596648122,-83382.09945149574,0.37840150029493724,0.7949138742008794,-10.075930903205293,2.100715440032083,24009.881723848946,-83343.64123053223,-83316.00471554675,-4.923133524015835,-0.5046121083940823,0.19666254878055955,-10.246504579327482,0.6897276648605978,1.9817201834147014,23194.42358996587,-85897.50578884213,-85851.44493053299,-2288.6440580666094,-2279.431886404782,-2222.549322117615,-2213.337150455787,-4776.4138804275135,-4748.777365442031
173,74144,-2.0686772512720335,-0.21097317034480575,-9.805404392848027,4.7399391987409665,24609.229939191744,-81768.49635351221,-81750.06882465775,0.35270849400857657,0.8214323687725177,-10.062260037279025,2.3289270962455,23809.22704966876,-84216.83519118819,-84189.1938979065,0.3780421483953897,0.8373887404659945,-10.066395113695194,2.215067140053865,23832.995484919407,-84142.8551409018,-84115.2138476201,-6.114738189585729,-0.6180614313264381,0.1439808397092678,-10.343569015923658,0.9793691398750156,1.6179621463417857,23053.42996947828,-86604.61925540953,-86558.55043327337,-2448.338837675983,-2439.1250732487533,-2374.3587873895885,-2365.145022962359,-4836.1229018973245,-4808.481608615621
174,74360,-2.1907314715548476,-0.2232794379304566,-9.811613159995416,4.478692750523062,24520.43664527253,-82491.82012054721,-82473.38677366354,0.36507583424820456,0.8555473339568201,-10.053895966900601,2.3434784055719176,23846.39107853001,-84562.53300665862,-84534.8829863331,0.3941955079127966,0.8848617540580824,-10.056404595411932,2.2447281521377214,23865.637121994467,-84502.54243725233,-84474.89241692681,-5.1385636396495205,-0.530103187782165,0.19878069760815265,-10.377457499159384,0.810002764855372,1.886425177301385,23085.791024397233,-86968.9545925652,-86922.87122535602,-2070.7128861114033,-2061.496212669561,-2010.7223167051125,-2001.50564326327,-4477.134472017991,-4449.484451692479
175,74426,-2.1500798713769824,-0.21941915106345644,-9.798961763165218,4.5574873257567114,24596.251829724548,-82401.30646274865,-82382.87134150436,0.3629684252799118,0.849688949044891,-10.046574889106921,2.340944528135286,23869.71664209247,-84630.85823161533,-84603.20554974892,0.39105875623350606,0.8756331965662947,-10.049322270014661,2.239134612404493,23891.377601770757,-84563.34978269592,-84535.69710082951,-6.51520185146731,-0.6594070827609301,0.13862058567354754,-10.469883643770663,1.067745785213921,1.5165138897401758,23111.786240570782,-87028.42561747471,-86982.33781436401,-2229.551768866688,-2220.3342082445597,-2162.0433199472754,-2152.8257593251474,-4627.119154726068,-4599.4664728596545
176,74571,-2.124525925437525,-0.21687971725586214,-9.795871888430822,4.610850717867074,24719.494887579796,-82334.27752669991,-82315.83851275858,0.3560614371940633,0.8209367572376554,-10.054964152433717,2.305604234221585,23982.244878805705,-84590.1710150532,-84562.5124941412,0.3818851904680788,0.8373804777252362,-10.058161781603879,2.1927545205375845,24003.685249023038,-84523.53356738419,-84495.8750464722,-5.745305822990506,-0.5854350048402579,0.16865210272616696,-10.36484284371205,0.870630863654958,1.7081315461702884,23158.621577685426,-87192.1758837085,-87146.07834885517,-2255.893488353293,-2246.673981382628,-2189.256040684282,-2180.0365337136172,-4857.898357008598,-4830.239836096589
177,74084,-2.12002913464486,-0.21634379771975343,-9.799352498152476,4.622272561265547,24445.726406077418,-82136.20331509235,-82117.77740536527,0.3672027024024173,0.890770924440787,-10.041131128327136,2.425828891271588,23747.233636061337,-84281.85152888522,-84254.2126642946,0.39671529666363026,0.9235802348015524,-10.044702723399753,2.328068119804929,23768.491404047993,-84215.5635542299,-84187.92468963927,-6.692536853477551,-0.6841340947620355,0.15841148941094577,-10.708888950361384,1.0830909999531837,1.4617017448133953,22959.663811398324,-86776.49120777314,-86730.42643345543,-2145.648213792869,-2136.4352589293267,-2079.360239137546,-2070.147284274004,-4640.28789268079,-4612.6490280901635
178,73860,-2.088486996346616,-0.2130778487622861,-9.801520939309714,4.693120405564165,24341.097954500015,-81980.98509298573,-81962.56523960893,0.3503572629901738,0.7816185943380134,-10.069541936896211,2.230918770363653,23487.75021057069,-84614.84005958877,-84587.21027952354,0.37331686079946896,0.7850858414698898,-10.073600184135834,2.1030012943658787,23511.51866898583,-84540.13513204182,-84512.5053519766,-6.054213675682554,-0.6090130765239821,0.1334926970255506,-10.221060947824839,0.9407738970841422,1.6420008675472528,22688.880250756116,-87166.69666492745,-87120.64703148542,-2633.8549666030303,-2624.6450399146124,-2559.150039056083,-2549.9401123676653,-5185.71157194172,-5158.081791876495
179,73800,-2.20348032165008,-0.22460080126264376,-9.810652095908479,4.452343866888612,24751.666123992236,-80619.98539166969,-80601.5671636485,0.3655163079129928,0.8556495950928579,-10.05441129452849,2.340934115849452,24116.312941899057,-82537.10330887069,-82509.47596683893,0.39454729945105277,0.8845948905758897,-10.058009197687026,2.242050298675614,24134.58060742829,-82481.22232175108,-82453.59497971932,-4.706514691978571,-0.49015146614007565,0.2109627823259066,-10.392313807396816,0.7214197430132496,2.0401856754096084,23357.575629873954,-84892.27731559631,-84846.23174554337,-1917.1179172010015,-1907.9088031904248,-1861.236930081388,-1852.0278160708112,-4272.291923926619,-4244.66458189486
180,74694,-2.1543058620202666,-0.21985726561807847,-9.798656669198209,4.548405517501223,24424.850032156883,-83488.85681858749,-83470.41450849427,0.3526281093449711,0.7936455280239967,-10.05995806494526,2.2506587166242737,23717.118021950664,-85683.15853338003,-85655.4950682402,0.37759254359267674,0.8057997361783086,-10.06302777978651,2.1340456792694376,23736.097311649555,-85623.40961519213,-85595.74615005229,-4.793063386477895,-0.49244226878871333,0.1970618371309461,-10.240981516367608,0.6841332257173667,2.030694892336829,22932.49239820609,-88192.0349892799,-88145.92921404685,-2194.301714792542,-2185.0805597459257,-2134.5527966046357,-2125.3316415580193,-4703.1781706924085,-4675.514705552574
181,74264,-2.1263560650403805,-0.2170473932317866,-9.79673624907178,4.6072886898581284,24579.954283491414,-82109.33852016769,-82090.90775698553,0.36585793207095296,0.8546420665640124,-10.038941704326316,2.33599436187232,23807.915408727087,-84477.33584856465,-84449.6897037914,0.3943430437079776,0.8819385775050138,-10.041438011496766,2.2364755549184094,23829.07157404598,-84411.37275290934,-84383.7266081361,-5.903279186653526,-0.601772153743699,0.16476735925763594,-10.372359736225492,0.9810072934570708,1.6617585140470132,23085.485513895004,-86761.70810146596,-86715.63119351056,-2367.9973283969593,-2358.7819468058733,-2302.0342327416583,-2292.8188511505723,-4652.369581298277,-4624.723436525033
182,74008,-2.1344313957612933,-0.21782232373824273,-9.798956136039763,4.590897676776696,24616.7730933829,-81459.94719507395,-81441.52333812506,0.3671993488531128,0.8665964291856091,-10.043377629311516,2.3600162470120973,23893.549479754423,-83664.83003850022,-83637.19425307687,0.396171327819272,0.8961657900001617,-10.045852431288619,2.2620662503092106,23914.390003297623,-83600.30663168702,-83572.67084626367,-5.3195001893084015,-0.5467380502025689,0.18853301094865818,-10.359798877764046,0.8549856250193264,1.8290294586767748,23151.707165471864,-85995.04271389607,-85948.9830715238,-2204.8828434262687,-2195.6709149518138,-2140.359436613071,-2131.147508138616,-4535.095518822112,-4507.459733398748
183,74373,-2.148327823426761,-0.21919982197848475,-9.800773577442172,4.562047500650587,24622.70585057144,-82209.69569055627,-82191.26199405281,0.35437188161370675,0.8012420109289226,-10.064915104534876,2.261020279826658,23908.78183401377,-84395.98638387014,-84368.33583911495,0.38039881605885917,0.8192870121526784,-10.067725021562328,2.153758049619981,23930.21200341072,-84329.35345674011,-84301.70291198492,-4.952210307302617,-0.5095088208691658,0.1985469692891107,-10.304168733921259,0.7053138559907449,1.9626745583994216,23086.669556184894,-86994.33162266598,-86948.24738140733,-2186.290693313873,-2177.073845062143,-2119.6577661838382,-2110.4409179321083,-4784.635932109712,-4756.985387354522
184,73641,-2.1642995440992516,-0.22059055920057477,-9.811387903193694,4.533285574976658,24468.452112707724,-81134.92903569754,-81116.51512126788,0.35811297441977763,0.8202301048564896,-10.059659264865521,2.2904227532818218,23771.474158236833,-83261.03035722036,-83233.40948557586,0.3846307774076171,0.8387115453513273,-10.063064715777099,2.180562749045152,23789.916281047987,-83203.92115913102,-83176.30028748652,-4.495523230569287,-0.4656500099807723,0.20920892585618525,-10.279622543526985,0.6600248401855446,2.1475356567506405,23029.91519491618,-85590.88048774654,-85544.84570167238,-2126.101321522816,-2116.894364307984,-2068.992123433476,-2059.785166218644,-4455.951452049005,-4428.3305804045085
185,74439,-2.045412864545845,-0.20887765682112797,-9.792396638657388,4.787491468541072,24701.616183421196,-82110.50384913402,-82092.06837857996,0.3447999954851959,0.7860061933312299,-10.064447787419468,2.2796003585359017,23902.15750262519,-84557.5430098919,-84529.88980406082,0.3683236652943565,0.7952160310682259,-10.067784361601118,2.1590142203670406,23924.945356039643,-84486.60811953507,-84458.95491370399,-6.0585274760576855,-0.6127791385071033,0.1461657501854405,-10.352639244124545,0.9299031114848911,1.63190934083734,23109.680820046633,-87063.41126516901,-87017.32258878386,-2447.0391607578786,-2437.8214254808554,-2376.104270401047,-2366.886535124024,-4952.907416034985,-4925.254210203901
186,74309,-2.0938375829858935,-0.21355580126653192,-9.804639211709562,4.682616880783927,24734.89149500451,-81737.17937571928,-81718.74740101144,0.35475727939618285,0.8080309308699181,-10.066667542564387,2.277700776838837,23932.359746022168,-84186.13917160078,-84158.49120953902,0.38024074836540483,0.8234678348923813,-10.070583192079658,2.1656485750996968,23955.097771324352,-84115.57204873576,-84087.924086674,-4.970433522003365,-0.5109686181844594,0.19839595918153316,-10.293888195701264,0.7311873294310317,1.9570673509326957,23161.464605533034,-86615.13607373515,-86569.05613696553,-2448.9597958814993,-2439.743808527579,-2378.392673016482,-2369.176685662562,-4877.956698015871,-4850.308735954095
187,74153,-2.1799015556689945,-0.2222586427233858,-9.807949553538904,4.499262605704652,24696.739201926328,-81524.2060285158,-81505.77825690524,0.36133541516400186,0.8094639560418176,-10.065048888826572,2.2402009935129676,23971.677438050654,-83731.83136559544,-83704.1897081796,0.38857838892064356,0.8314143813670305,-10.067538218858274,2.1396310373215943,23993.500403589078,-83664.35581153525,-83636.71415411941,-5.36461219535452,-0.5469564055300704,0.18500323415330627,-10.238021389536703,0.8024015615109801,1.8282992755718304,23203.569185616405,-86142.76586391921,-86096.69643489282,-2207.6253370796476,-2198.411451274369,-2140.1497830194567,-2130.935897214178,-4618.5598354034155,-4590.91817798758
188,73934,-2.203862933590645,-0.22448131710867444,-9.817578415774017,4.454713705710692,24511.907669067736,-81620.15455570666,-81601.73269954202,0.35961409473177147,0.8105605715616041,-10.068834549446848,2.2539733103792385,23811.9286196477,-83760.19769739955,-83732.56491315259,0.38547871672628853,0.8249061732742148,-10.072781702840313,2.1399525770963495,23831.178587759037,-83700.4523405908,-83672.81955634383,-5.347573112638755,-0.549526831715245,0.19500293772579202,-10.378099353577237,0.7907903375147521,1.8197473577016932,23010.23862766348,-86288.24371384177,-86242.18907343016,-2140.0431416928914,-2130.8322136105708,-2080.29778488414,-2071.0868568018195,-4668.089158135117,-4640.456373888141
189,74061,-2.126151062947369,-0.2167309357123671,-9.810094973101004,4.6140159765984805,24902.82435079217,-80715.6655142837,-80697.24022556981,0.3482096328051371,0.7560069168469605,-10.077478145698066,2.171125797861061,24058.572301823617,-83268.01867071957,-83240.38073764874,0.37204998497616004,0.7646735680274215,-10.079737607223944,2.055297940883991,24080.548328517187,-83200.39937877141,-83172.76144570058,-5.458711638825727,-0.5520724780477231,0.1691523625820549,-10.142292996075723,0.7821135034011015,1.8113563703379476,23272.55844238778,-85724.06235808869,-85677.99913630397,-2552.353156435871,-2543.1405120789277,-2484.7338644877163,-2475.521220130773,-5008.396843804992,-4980.758910734163
190,74341,-2.182869335735965,-0.2227398706876992,-9.800083518933791,4.489541979675868,24999.272684668525,-81014.0026811564,-80995.56984536546,0.3650194973120581,0.8574301909052151,-10.034488514933882,2.348998333566251,24321.61372971814,-83054.99170813593,-83027.34245444952,0.39430639694714603,0.8888137785360394,-10.036101841504088,2.254119601958115,24342.396178220646,-82991.49558025939,-82963.84632657298,-5.778301861449578,-0.5872080450708502,0.1595226016421908,-10.269755270085415,0.9491955333351246,1.7029739432118032,23605.616909291497,-85272.35435608237,-85226.27226660502,-2040.9890269795287,-2031.7726090840588,-1977.4928991029883,-1968.2764812075184,-4258.3516749259725,-4230.702421239563
191,74254,-2.130480678818296,-0.2173458149419721,-9.802262258360487,4.600962757286052,24485.837512111757,-82373.14691357478,-82354.71641972024,0.363530642847666,0.8710403864092526,-10.04643388653181,2.3960576736697643,23774.00107515846,-84561.81054157917,-84534.16480079736,0.39135201394247193,0.8957726776380975,-10.050051934827449,2.2889180219467953,23794.596613601523,-84497.51176964068,-84469.86602885887,-5.720515468719656,-0.5884136172768285,0.18352129613991358,-10.498653675132562,0.9137939800776272,1.6994848022518387,22988.520523071005,-87052.5673365315,-87006.49110189517,-2188.6636280043895,-2179.44838107712,-2124.3648560659058,-2115.149609138636,-4679.420422956726,-4651.7746821749315
192,74085,-2.1373472189057936,-0.21814941020345516,-9.797630059656889,4.584014227071981,24626.276251864245,-81593.15006084558,-81574.7241241223,0.3554904935257408,0.8013397071848821,-10.057885413977512,2.254180412075795,23860.11655389633,-83932.65920743917,-83905.02030235424,0.3807176848370022,0.8151087968027046,-10.061141680408216,2.1409796005449016,23882.101381253615,-83864.42835766579,-83836.78945258087,-5.552169974432859,-0.5633314764408109,0.1670515472656494,-10.209081248650786,0.835699314506926,1.7751537803605577,23084.142002468914,-86378.08808801566,-86332.02324620745,-2339.509146593584,-2330.296178231947,-2271.278296820208,-2262.0653284585715,-4784.938027170079,-4757.2991220851545
193,74379,-2.055584617568461,-0.20987263726829142,-9.794438399993503,4.764794558338001,24572.127466772024,-82375.27018502433,-82356.8363271785,0.34785510927810287,0.7960539565367646,-10.058248206594618,2.2884641774812517,23779.59248966067,-84811.78691513269,-84784.13612836394,0.37151435441993447,0.8042617712069491,-10.062754741280013,2.164820178920641,23801.261179766,-84744.0413625219,-84716.39057575315,-5.275600183692476,-0.5357303677153706,0.16793516563973185,-10.160474158014257,0.8411957415237898,1.8666106315094912,23076.83732437001,-87039.03442692282,-86992.94978230825,-2436.5167301083566,-2427.299801185436,-2368.7711774975614,-2359.554248574641,-4663.764241898491,-4636.113455129744
194,74143,-2.1616480016547834,-0.22066241074472845,-9.796176858393288,4.531809457827604,24433.500898203227,-82297.73150483903,-82279.30400295928,0.3546242742833151,0.7919671986913954,-10.062964299700234,2.2332571572883357,23729.146567976455,-84464.49378873665,-84436.85253591703,0.38050116390811795,0.8084828064742554,-10.064843567340327,2.124784056296566,23749.75215198639,-84400.1384665891,-84372.49721376947,-5.204158598406566,-0.5313652417671404,0.18596719130347378,-10.238251912451462,0.7588272883234186,1.881944699044182,22928.733151826335,-87004.58172814095,-86958.51297344158,-2166.762283897624,-2157.5485329577496,-2102.4069617500645,-2093.19321081019,-4706.850223301924,-4679.208970482301
195,73911,-2.203016514045351,-0.2245948359007285,-9.808847586411515,4.452462123581517,24295.719130418012,-82226.53297620107,-82208.11174230976,0.36509066913014765,0.8536326300447562,-10.048639311215014,2.338138720659697,23661.099296287466,-84180.79806437153,-84153.16621353455,0.3941562241098911,0.8829815841147735,-10.05086345714901,2.2401817606934387,23679.076865974024,-84124.66222692038,-84097.0303760834,-5.0066297237794695,-0.5167925157259167,0.20022303632033286,-10.34323147191578,0.7836529224136597,1.9350125428874336,22919.488434722723,-86530.47521179516,-86484.42212706688,-1954.2650881704612,-1945.0544712247938,-1898.1292507193139,-1888.9186337736464,-4303.9422355940915,-4276.310384757118
196,74354,-2.0785183668839844,-0.2121882976954316,-9.795631471945848,4.712795243003309,24785.43532075244,-81679.9121851283,-81661.47899962822,0.33985660903274567,0.7606051125659377,-10.067683310872491,2.2380177179154175,24030.074346025194,-83979.1723195989,-83951.5225413488,0.36260537030207635,0.7664380994940029,-10.070814439096608,2.1136975959719098,24051.241660079217,-83913.70511938122,-83886.05534113111,-5.216926313829626,-0.5289166362421018,0.16937360308461283,-10.14082099389411,0.7629134750449372,1.8906571120638158,23285.652890370773,-86314.99815768174,-86268.91519393155,-2299.2601344706054,-2290.0435417205736,-2233.792934252924,-2224.5763415028923,-4635.085972553439,-4607.436194303329
197,74328,-2.1121478639915536,-0.2155172172147457,-9.800367187773062,4.640000520253469,24721.076496423382,-81818.60760506465,-81800.17511904401,0.35060215295380476,0.7962457123242224,-10.062680474620256,2.2710804985534003,23958.42630327879,-84145.756376577,-84118.10764754604,0.3759438692246794,0.8117075863824247,-10.065315472107573,2.159119094178698,23979.709190542002,-84079.75820905801,-84052.10948002705,-5.192148635749982,-0.5300163557388605,0.18338569515307354,-10.242843551288285,0.7726058186326346,1.8867342284295483,23193.588256586372,-86553.27026423113,-86507.18904917953,-2327.1487715123512,-2317.9325285020313,-2261.1506039933593,-2251.9343609830394,-4734.662659166483,-4707.013930135523
198,74468,-2.0243467691903696,-0.20667543425132756,-9.794810769472795,4.838504409691722,24890.17169562845,-81605.2196964454,-81586.78344688161,0.349067300773732,0.8024592230663216,-10.063520360230134,2.298866783819667,24049.32705305298,-84162.38694978604,-84134.73257544037,0.3718543536235668,0.8060555272688102,-10.068386869873466,2.1676646230281635,24070.652998004487,-84096.38107983608,-84068.72670549041,-6.208525314473916,-0.6285629609523233,0.1454570422933199,-10.400803653107072,0.9938458152003564,1.5909305226717778,23274.938418774007,-86595.71249979796,-86549.6218758885,-2557.167253340638,-2547.9491285587574,-2491.161383390674,-2481.9432586087933,-4990.49280335255,-4962.838429006879
199,74270,-2.152483601905358,-0.21965646530022676,-9.79931821703195,4.552563470568456,24623.008136016106,-81991.9965946992,-81973.56566993787,0.35891107771111685,0.8014636810492468,-10.054740691460216,2.233042474365573,23853.89837708399,-84346.85388643708,-84319.2074992951,0.38467895538189417,0.8160921197898388,-10.057699786571574,2.121488863303308,23873.498039482944,-84285.8546651306,-84258.20827798861,-4.952835132195727,-0.5064208936958223,0.1927628798909166,-10.175260565607818,0.7214235781169984,1.974642066408583,23088.13177751303,-86766.20587731121,-86720.1285654079,-2354.857291737877,-2345.6418293572206,-2293.8580704313936,-2284.642608050737,-4774.209282612006,-4746.562895470022
200,74397,-2.135705300750265,-0.2179624406068692,-9.798501497798686,4.58794642423583,24927.66533903233,-81344.46030977355,-81326.0259679787,0.35541099471784937,0.797707496840634,-10.061330788588766,2.2444648834623453,24181.59810276872,-83603.11058260185,-83575.45906990956,0.3816326338934206,0.8166614388476615,-10.06340143741779,2.1399151076679996,24203.0570130576,-83537.11946828617,-83509.46795559388,-6.004242142903288,-0.6097509850658371,0.16074585570150615,-10.36755069808067,0.930161813034486,1.640013750682217,23389.676212562834,-86076.32217861776,-86030.23632413062,-2258.650272828294,-2249.4331019308593,-2192.6591585126152,-2183.4419876151806,-4731.8618688442075,-4704.210356151918
201,74275,-2.160719537996028,-0.22045826573500804,-9.801036630639306,4.536005926863297,24384.03393978145,-82726.90050563354,-82708.46944623288,0.3612335440905026,0.8177732381015851,-10.054876804031325,2.26383527078178,23626.387913431932,-85069.34275621992,-85041.69616711893,0.387202912502374,0.8324143751698878,-10.058352965194288,2.149814343570528,23647.237779795705,-85003.82529688087,-84976.17870777988,-5.149884717970071,-0.5268365461666865,0.1894148133117723,-10.23551392354063,0.7922066186325716,1.8981219265749432,22876.275249691487,-87461.74103828182,-87415.66338978017,-2342.4422505863768,-2333.2267208860576,-2276.924791247322,-2267.709261547003,-4734.840532648275,-4707.193943547289
202,74483,-2.1186551559336833,-0.21613338780396776,-9.802535265191402,4.6267724304909175,24596.01235637666,-82522.1645098454,-82503.72785746459,0.3457927917330521,0.7428514589872721,-10.070191341148773,2.148256056074022,23768.1698203828,-85070.2425123022,-85042.58753373097,0.36848046934462364,0.7457739545329626,-10.07293280190909,2.023917185785695,23788.724823396027,-85005.8565427708,-84978.20156419957,-4.859726799107992,-0.4937877460483324,0.18905978279416677,-10.060111062004577,0.6847629573814449,2.025161636761474,23042.874075501164,-87374.5237248756,-87328.43209392356,-2548.078002456794,-2538.85967626638,-2483.6920329253917,-2474.473706734978,-4852.359215030199,-4824.704236458972
203,74197,-2.110837815158592,-0.21545696628167005,-9.797027460226385,4.641298061779471,24772.424105785285,-81389.56103962423,-81371.13208163009,0.3551152375307561,0.8262980925132105,-10.054088219915053,2.326844937037223,24056.4714870488,-83563.54078007206,-83535.89734308084,0.38238089608997816,0.8512837475557867,-10.056291731176895,2.2262716476177484,24077.018322577034,-83500.19554355102,-83472.5521065598,-5.901739556980533,-0.6027471162776584,0.16997231569607793,-10.444799901083464,0.923647658573128,1.6590705670657162,23268.202648203893,-86031.51101354444,-85985.43861855908,-2173.9797404478304,-2164.7652614507533,-2110.634503926791,-2101.4200249297137,-4641.949973920215,-4614.306536928998
204,74807,-2.1887007305475747,-0.22319300230926056,-9.80631430153383,4.480427207186274,24717.665001289763,-82836.77008726184,-82818.3247537769,0.35884753369839373,0.808855670094085,-10.055720490142491,2.2540371442929206,24009.88150652758,-85008.11505724896,-84980.44705702155,0.38380708923394125,0.8184518596881342,-10.060449550111871,2.132456337171158,24028.477093473743,-84950.19966701894,-84922.53166679153,-5.029996164275632,-0.5146299385334231,0.19217367342496894,-10.197552225343372,0.7678665889318269,1.9431438498307538,23264.102556595673,-87364.57254139346,-87318.4592076811,-2171.3449699871126,-2162.1223032446433,-2113.429579757096,-2104.2069130146265,-4527.802454131612,-4500.134453904189
205,74216,-2.0589372741651877,-0.2104219727553376,-9.78480168779313,4.75235540711674,24591.71275205812,-81972.78598326581,-81954.35651318714,0.3512858220251213,0.8355914644359386,-10.043832922206132,2.3786654969985763,23865.549876775574,-84195.3003615759,-84167.65615645789,0.3773691166366484,0.8564498176051558,-10.046731816945096,2.2695281088139296,23887.200387300352,-84128.00311103764,-84100.35890591964,-6.009414644590001,-0.6121899748138414,0.15656202116125464,-10.444109256935128,0.9757200465908829,1.6334798692253762,23100.21707572586,-86610.29493114604,-86564.22125594938,-2222.5143783100793,-2213.299643270744,-2155.21712777183,-2146.0023927324946,-4637.508947880226,-4609.8647427622345
206,73993,-2.1468784210524614,-0.21901573135064298,-9.802393681097367,4.565882066247586,24534.49167478453,-81676.1729613914,-81657.74950984518,0.3576888852445797,0.8221999932489913,-10.053932499867635,2.2986456307883016,23808.08950458887,-83897.99801277983,-83870.36283546049,0.38427993104916686,0.8420898456663553,-10.057265994648754,2.191344844283876,23829.7114065498,-83830.82994578019,-83803.19476846085,-5.414361282733644,-0.5516804339510691,0.1752835425968586,-10.2508437431126,0.8285269020418649,1.8126435857768597,23046.53348163396,-86299.51423096351,-86253.45560209792,-2221.825051388427,-2212.6133256153116,-2154.6569843887846,-2145.4452586156694,-4623.341269572105,-4595.706092252745
207,74266,-2.144103014311514,-0.2185765975693418,-9.809389651750404,4.575055203166283,24953.05473548035,-80994.73229361883,-80976.30147657549,0.3586916952699412,0.8246109790848144,-10.064332480930837,2.2989408173061703,24249.362819919144,-83117.17861405897,-83089.53238849397,0.38491307020291693,0.8420291181253622,-10.068061758870963,2.1875825564496023,24268.38283745966,-83058.95081819232,-83031.30459262732,-5.1327624593148,-0.5291297585285183,0.1992186997509893,-10.376639643197887,0.7904459398868647,1.8898955953279717,23478.540695704498,-85512.23030734237,-85466.15326473404,-2122.44632044014,-2113.2309119184793,-2064.2185245734872,-2055.0031160518265,-4517.49801372354,-4489.851788158543
208,73917,-2.1469690963203885,-0.21900540178227929,-9.80327005109565,4.566097419798504,24674.478535260303,-81095.76549234444,-81077.34409610229,0.36973091549284187,0.8681514423366647,-10.040190083906426,2.348062891033716,23926.31905205589,-83369.69824452137,-83342.06615015813,0.3991539173086647,0.8990116870314322,-10.042430212503113,2.252293283486001,23948.248057639983,-83301.98269043988,-83274.35059607665,-6.0926482402267315,-0.6185728871465348,0.15416848402285363,-10.363025951822742,1.0216974213212762,1.6166243635620394,23200.313471603768,-85643.32333836137,-85597.26984775599,-2273.93275217693,-2264.7220540558483,-2206.2171980954445,-2197.0064999743627,-4547.5578460169345,-4519.925751653704
209,74311,-2.080922181597954,-0.21243473747194308,-9.795583370035176,4.707328057079521,24631.399800092917,-82052.95166197265,-82034.51963343626,0.3493614537024181,0.7907868057171925,-10.055934131353585,2.2635204809709064,23853.92477726556,-84434.34909508702,-84406.70105228241,0.3745931535225816,0.8071507403203908,-10.058537899857416,2.154739702875358,23875.261385951577,-84367.90987995928,-84340.26183715467,-5.084316006187144,-0.5172499083038411,0.17867894653991478,-10.138617404806876,0.7590851315408061,1.9333014543766407,23122.00019300313,-86746.19278517574,-86700.11271383474,-2381.397433114369,-2372.1814188461576,-2314.9582179866266,-2305.742203718415,-4693.241123203086,-4665.593080398481
210,74331,-2.1001738883032446,-0.2148983578432007,-9.772870809164694,4.65336268753456,24520.538387980043,-82430.34442896243,-82411.91186222013,0.36034436138669423,0.842041620181627,-10.037143975324987,2.336769241903058,23788.895717679414,-84679.99116755686,-84652.34231744341,0.3877472352930154,0.8664924585450539,-10.039553757177899,2.234683782826348,23813.826564444,-84602.13280772156,-84574.48395760811,-5.79487562672149,-0.586912028987527,0.14826689862779824,-10.237941921033883,0.934751806591877,1.7038328584355047,23014.323865168037,-87136.50384482248,-87090.42242796674,-2249.646738594427,-2240.430455223279,-2171.788378759127,-2162.572095387979,-4706.159415860049,-4678.510565746605
211,74349,-2.0985391189354243,-0.21391526890751555,-9.810141789563932,4.674748114555308,24334.570541985195,-83034.33324519718,-83015.90019419338,0.3400706638482009,0.7387378310791262,-10.083569237979388,2.172306845641,23551.35413297297,-85464.63670829812,-85436.98713179243,0.3627476920491956,0.7437015907967618,-10.086290878772106,2.0501897244211866,23570.670325662722,-85403.6826339675,-85376.03305746181,-4.7001518641015005,-0.4810073957832907,0.19835905093879744,-10.195091576485787,0.640819465468779,2.0789701130718834,22793.262589533962,-87893.21162587122,-87847.12899836173,-2430.303463100936,-2421.086937599044,-2369.3493887703225,-2360.132863268431,-4858.878380674039,-4831.22880416835
212,74410,-2.099298097286631,-0.21456232935319786,-9.784094456911445,4.6606503714539205,24820.5718286207,-81692.04287692702,-81673.60818568624,0.34941751131118143,0.7711358965433421,-10.062056478874764,2.2069182899553943,24027.556253047274,-84106.24493209293,-84078.59289523176,0.37302588284880944,0.7782687344526333,-10.064890072761576,2.0863665773242666,24049.491663923985,-84038.3450044845,-84010.69296762333,-5.4376090897328355,-0.552219877072467,0.17129709485983782,-10.200276087313426,0.7945258038262585,1.8108728814713988,23205.700923438104,-86691.96376542358,-86645.87703732162,-2414.202055165908,-2404.984709545519,-2346.302127557472,-2337.084781937083,-4999.920888496563,-4972.268851635381
213,74770,-2.1017467806809194,-0.21478707219562831,-9.785257367662453,4.655773691487348,24878.19956213937,-82274.76488491795,-82256.32054088997,0.35116917464095426,0.8071217090871999,-10.050277149376845,2.2983842756484107,24177.06637832224,-84410.24380079664,-84382.57728475466,0.3773587021460494,0.8275001258135046,-10.052774013603315,2.192874103889717,24197.74332856357,-84346.32558910492,-84318.65907306294,-4.762145602050117,-0.49030070128645914,0.19640639312267544,-10.256434769353449,0.6969071062923983,2.0395646944338104,23407.343194532048,-86825.40686231416,-86779.2960022442,-2135.478915878688,-2126.2567438646947,-2071.560704186966,-2062.338532172973,-4550.641977396212,-4522.975461354232
214,73895,-2.109019062259718,-0.215549448026181,-9.784386281534587,4.6393067073803795,24393.392543473146,-81896.25731324505,-81877.83651235375,0.3549188150509253,0.8119301680814933,-10.05090632341335,2.287650396795656,23634.303819670364,-84230.30659136354,-84202.67539002659,0.3799042199802482,0.8238772910510027,-10.054571594733973,2.168644747072926,23655.186838243626,-84165.04258719212,-84137.41138585517,-5.2509173461567,-0.5359549688259376,0.17886983509765167,-10.247774233886135,0.7876225157763597,1.865828396349415,22846.83768306308,-86730.34915271614,-86684.2971504879,-2334.0492781184876,-2324.838877672839,-2268.785273947069,-2259.5748735014204,-4834.09183947109,-4806.460638134144
215,74514,-2.108659959745488,-0.21529908755693938,-9.794096127731233,4.64470152357489,24702.432929901777,-82265.81124126982,-82247.37375665747,0.35240308994903186,0.8216941203424326,-10.056491236479681,2.3316881825902107,24003.891867886756,-84401.301932575,-84373.64570565648,0.37857239926088304,0.8413281478763166,-10.059267852549286,2.222370541325539,24024.3621468032,-84337.7842183947,-84310.12799147618,-5.055015406741046,-0.5205405118297588,0.19104868004736855,-10.360273443112753,0.7546493902565277,1.921080064421666,23190.74117085487,-86965.26799010581,-86919.17427857494,-2135.490691305182,-2126.2719489990122,-2071.972977124882,-2062.7542348187126,-4699.45674883599,-4671.8005219174665
216,74007,-2.204113859051428,-0.22469422793814828,-9.809392432003888,4.450492605779222,24645.966192501288,-81370.13335055878,-81351.70952063416,0.3610694554193476,0.8218939999367318,-10.059933849816467,2.2762767318054657,24012.812467887063,-83294.21755718582,-83266.5818122989,0.3886076013022623,0.84390265975154,-10.062861833469102,2.171606157274174,24027.878515563192,-83247.79886486082,-83220.16311997389,-4.278222356656746,-0.4479318261587832,0.2186665952077486,-10.34246044079967,0.6456422113608693,2.2324825823952934,23271.003643599473,-85612.5153276312,-85566.45575281967,-1924.0842066270416,-1914.8722916647384,-1877.6655143020325,-1868.4535993397294,-4242.381977072422,-4214.746232185513
217,73998,-2.170522858697879,-0.2214222440586757,-9.80264140996919,4.516258085321389,24311.95683563605,-82360.93799730818,-82342.51441061859,0.36404964533235956,0.8677997796668717,-10.04189511815829,2.3837402145375335,23696.191938088265,-84257.27696668445,-84229.64158665008,0.3938539964261435,0.9010691323981201,-10.04380732830763,2.2878252869705005,23713.58292690762,-84202.98864947389,-84175.35326943951,-4.7909409151368925,-0.5001578303019839,0.21002361698919442,-10.435839707041271,0.7946849322791311,1.9993688780124121,22962.28641339414,-86581.3434773359,-86535.28451061193,-1896.3389693762729,-1887.1271760314849,-1842.050652165708,-1832.83885882092,-4220.405480027723,-4192.770099993344
218,74052,-2.1693483697873424,-0.22122516665516645,-9.806065026809552,4.520281372682813,24697.326561901104,-81310.46830311388,-81292.04325745767,0.3563687078329359,0.8118424339094285,-10.065529663970237,2.2780968588578117,24034.720386851703,-83322.35196611966,-83294.71439763534,0.38449801711460263,0.8397368561514297,-10.066808079240719,2.183982280202864,24054.250797470006,-83262.20237210652,-83234.5648036222,-5.127111002751809,-0.5257414366244524,0.19239444588646448,-10.305754382720204,0.7563587249352548,1.9020756789127125,23257.735971440077,-85751.82369023918,-85705.76107609863,-2011.8836630057776,-2002.6711401776702,-1951.734068992635,-1942.5215461645275,-4441.355387125295,-4413.717818640958
219,74205,-2.1235976490712307,-0.21682563850179024,-9.794033877841882,4.612000715919688,24729.314911748104,-81535.58210566273,-81517.15293203807,0.36457235787050624,0.8514794954149837,-10.041756375865031,2.3355569258967894,23974.82288881236,-83832.83479156668,-83805.1910311297,0.3919034404153233,0.8734529376857108,-10.045426993152661,2.2287452663341276,23996.50665748552,-83765.75121563936,-83738.10745520238,-5.442463141486804,-0.5553504191968619,0.17563772742349051,-10.264171216139465,0.87412692465599,1.800664887308778,23235.934263920768,-86151.76757922968,-86105.69464516803,-2297.25268590395,-2288.038099091631,-2230.169109976632,-2220.9545231643133,-4616.185473566948,-4588.541713129962
220,73775,-2.119175400699038,-0.2161180452884339,-9.805638385590429,4.627100891391958,24530.660867305276,-81229.36638099924,-81210.94883059962,0.35441635237641267,0.8054542299454276,-10.07130987421605,2.272621521396349,23768.72828718525,-83555.19042431249,-83527.56409871306,0.3790932765525201,0.81609877063165,-10.076052715172844,2.15276508740346,23789.20365717737,-83491.66493223392,-83464.0386066345,-4.558695088046143,-0.47471735473332793,0.21152594407755104,-10.376931064828709,0.6669840440876316,2.1065166251647764,22979.597210378495,-86042.13208860323,-85996.08821260418,-2325.824043313245,-2316.615268113441,-2262.2985512346786,-2253.0897760348744,-4812.76570760399,-4785.139382004563
221,73867,-2.116271486918184,-0.21616632184282097,-9.79001478526784,4.626067518172978,24252.223920726126,-82265.9516658967,-82247.53162298109,0.3522437187235874,0.7967938854402018,-10.05349966125743,2.262052786427291,23526.08739882711,-84509.39129285884,-84481.7612284854,0.37669717081410026,0.806516643743626,-10.057365100115556,2.141021239954152,23545.249312400065,-84449.25137557698,-84421.62131120353,-4.77467044589226,-0.4906861848335144,0.1960522281155281,-10.228024435239481,0.6974230377378906,2.037962410413677,22757.2277688299,-86959.77811318504,-86913.72800589597,-2243.4396269621357,-2234.2296055043116,-2183.299709680272,-2174.089688222448,-4693.826447288331,-4666.196382914888
222,74111,-2.080962384064423,-0.2125142729347925,-9.792106456317603,4.705566295336964,24380.028380189444,-82392.58617332265,-82374.15953482603,0.3592338521853663,0.8366741528142274,-10.047450759916133,2.329051529315505,23561.975476226547,-84920.00083787933,-84892.3608801344,0.3859070095355127,0.8570022110172532,-10.050008534962103,2.220747977728527,23585.668907894717,-84845.5138052772,-84817.87384753226,-6.850036857283077,-0.6899521202397024,0.11977004449837743,-10.492194593083566,1.0995262202261662,1.4493759359020175,22760.597970780767,-87480.48765019499,-87434.42105395344,-2527.41466455668,-2518.2013453083637,-2452.927631954546,-2443.71431270623,-5087.901476872343,-5060.261519127409
223,74123,-2.138315874700748,-0.21828418018388898,-9.796018533726851,4.58118402880855,24692.4156409832,-81474.2058765558,-81455.77891424682,0.3562276070273079,0.8072184508743238,-10.056984066784038,2.2660187895331863,23999.110652465268,-83583.18176677226,-83555.5413233088,0.38286601452612157,0.8277107313232873,-10.060046112636702,2.1618809189626194,24018.022282808823,-83524.79482183217,-83497.15437836871,-4.844875648837565,-0.4987814077428658,0.20023468568861197,-10.265966980035037,0.71863276247644,2.004886277789097,23243.2970779339,-85951.11634136879,-85905.04893559637,-2108.9758902164613,-2099.7624090619793,-2050.588945276366,-2041.3754641218839,-4476.910464812987,-4449.270021349541
224,74024,-2.19533245429605,-0.22376217018534267,-9.811008055908877,4.469030663993372,24699.63425101035,-81244.81117376155,-81226.3868844737,0.3603209848832224,0.7953931128273233,-10.06274192104292,2.207457090197244,23918.719730482386,-83620.98253101522,-83593.34609708344,0.3873414342145039,0.815700778757708,-10.063998625501405,2.105896004675774,23941.06995672116,-83551.84502421958,-83524.2085902878,-5.90578795921763,-0.596074308052122,0.15189293312517085,-10.19290618420617,0.9080531198386028,1.6776431838973973,23153.441941474186,-86024.09164815565,-85978.030924936,-2376.1713572536682,-2366.9592126097414,-2307.0338504580286,-2297.8217058141017,-4779.280474394094,-4751.644040462299
225,74163,-2.0598359317657478,-0.21027734531171569,-9.795805290923003,4.755624047457882,24520.032291671017,-82077.7502826983,-82059.32224139331,0.3448665882069654,0.74758446129835,-10.076526663572768,2.1677497526948035,23653.16485558374,-84745.13633463663,-84717.49427267913,0.36680132747689526,0.7482513927653643,-10.080127393627931,2.0399364361965033,23676.568750763643,-84671.79118403286,-84644.14912207537,-5.190242840642286,-0.525796557813184,0.17619952855389856,-10.116926497038298,0.7183191860618766,1.901876277317321,22872.438521005646,-87230.36543017387,-87184.2953269114,-2667.3860519383306,-2658.1720312858233,-2594.0409013345634,-2584.826880682056,-5152.615147475575,-5124.973085518082
226,74381,-2.1291750237514218,-0.21728523833178173,-9.798986070559922,4.602245452464005,24489.11985962747,-82631.17867840231,-82612.74476677859,0.3567296779063813,0.8194382459869733,-10.052745490891953,2.297084590203407,23697.010692460943,-85074.82763096665,-85047.17676353107,0.38304093986425625,0.837924889990785,-10.055361529650549,2.187559612525315,23721.207374748446,-84998.91699346066,-84971.26612602508,-6.389351843929949,-0.6434138609638035,0.1267159645970993,-10.33045131034644,1.0347608897440994,1.554209600803513,22916.51670879575,-87561.92206086389,-87515.83728180458,-2443.648952564341,-2434.431996752479,-2367.7383150583482,-2358.521359246486,-4930.743382461573,-4903.092515025986
227,74158,-2.1968071543021397,-0.2240652537336537,-9.804318687061956,4.462985596100945,25023.465236353633,-80560.06156283057,-80541.63365636824,0.37058467139479145,0.8742957378725649,-10.04113517791346,2.3592334096872554,24371.214215437463,-82516.67100934018,-82489.0291496467,0.4015745310110246,0.9130176085491984,-10.042797788695543,2.2735944091138913,24391.719913681067,-82454.30143756839,-82426.6595778749,-5.212706026447607,-0.5375983887481671,0.1990168339773518,-10.356539961568958,0.8299662837210051,1.860124622636175,23630.852516715928,-84800.40988456583,-84754.34011841004,-1956.6094465096103,-1947.3954932784545,-1894.2398747378174,-1885.0259215066617,-4240.348321735262,-4212.706462041795
228,73958,-2.1285429829464135,-0.21716726993781538,-9.801398634130777,4.604745458587495,24658.370529778604,-81230.05803522072,-81211.63552993373,0.3534553178153217,0.790480554093042,-10.073167077873249,2.2364370098572497,23902.513155714812,-83530.57852459956,-83502.9447666691,0.37758708828725396,0.7995792060522469,-10.077346244040449,2.1176020866581045,23926.743888620967,-83455.64293879592,-83428.00918086545,-6.037532136664339,-0.6098020412666513,0.15187920462459417,-10.29296316376153,0.8962732229751978,1.6398764391192402,23068.22153870428,-86154.13075760986,-86108.07449439241,-2300.520489378847,-2291.3092367353674,-2225.5849035752035,-2216.373650931724,-4924.0727223891445,-4896.438964458677
229,74441,-2.1368569101331647,-0.217890950230464,-9.807001657815544,4.58945173694592,24507.770275546787,-82701.1899922632,-82682.75446797459,0.3579838648371646,0.8184300895137685,-10.062667041914455,2.2862206090937818,23784.60921346409,-84928.81121019948,-84901.15792376657,0.3854561611386197,0.8421118456891338,-10.065103583331673,2.1847149704432645,23803.2323651968,-84870.54733174159,-84842.89404530868,-4.673978026535682,-0.4834965502376074,0.2069142324359241,-10.305975257151916,0.6985538303254302,2.0682670838262744,23026.3175961431,-87336.76621253314,-87290.67740181163,-2227.6212179362774,-2218.4034557919804,-2169.357339478389,-2160.139577334092,-4635.576220269941,-4607.922933837035
230,73759,-2.126864592422534,-0.21701467309935285,-9.800556626181773,4.607983348398676,24344.594821192608,-81757.34812291141,-81738.9310063101,0.3566968459584838,0.8074301833209457,-10.062147177930783,2.2636314070882566,23597.133876942637,-84055.49211437175,-84027.86643946978,0.3828087849145318,0.8249162551189355,-10.065283930988656,2.1549041914048845,23617.929713904643,-83990.51792516123,-83962.89225025926,-4.983234428493028,-0.5095155430522613,0.1906981314773781,-10.213511941920206,0.7223818321100953,1.962648664277214,22830.190912021946,-86488.59538685124,-86442.55259534797,-2298.1439914603397,-2288.935433159684,-2233.1698022498167,-2223.961243949161,-4731.247263939833,-4703.621589037866
231,74167,-2.0538897185253346,-0.2094167792817904,-9.807665486831066,4.775166552697308,24464.88996994437,-82253.15712874313,-82234.72897957054,0.3456325252637891,0.7748057215086055,-10.07154739958095,2.2417037312019996,23618.63543998955,-84862.05725570755,-84834.41503194868,0.3687666350402762,0.7812521088643143,-10.075357947321852,2.11855421458882,23641.25962691954,-84791.04701762549,-84763.40479386662,-6.223842994083473,-0.625317862514602,0.12559903359823915,-10.259377437916358,0.9947063556602107,1.5991866855980765,22893.365487385658,-87171.24335207029,-87125.17297913884,-2608.9001269644214,-2599.686052378136,-2537.8898888823605,-2528.6758142960753,-4918.086223327162,-4890.4439995682915
232,73902,-2.1538372421399146,-0.21961563884718313,-9.807303584780845,4.553409790164524,24421.584194086758,-81825.6561228478,-81807.23513250746,0.350969779184622,0.7565975740648544,-10.070817157011396,2.155734251030367,23640.620720778075,-84225.53689369427,-84197.90540818375,0.3750618383701069,0.7646626053728518,-10.073200905726999,2.038764084066295,23660.127614826775,-84164.58231616899,-84136.95083065848,-5.206518598744957,-0.5270261401928348,0.17589504784298587,-10.076573408159119,0.7521458469020111,1.8974390902775862,22894.272034685364,-86592.29085607747,-86546.23838022661,-2399.8807708464738,-2390.670275676297,-2338.9261933211965,-2329.7156981510198,-4766.634733229672,-4739.003247719156
233,74808,-2.123300537173687,-0.21689416574233586,-9.789569626764917,4.610543564311323,24796.8814235163,-82599.51238757362,-82581.06702735339,0.35857855556804397,0.8374077588722232,-10.04213827880861,2.335353706653315,24103.72207535062,-84718.44072663282,-84690.77268630247,0.38669406379108073,0.8653339515858913,-10.043722855391241,2.237774076752845,24123.42692136558,-84657.31000531168,-84629.64196498133,-5.248040558053154,-0.5377395292069097,0.18347378384547167,-10.286816172588756,0.8400904423355318,1.8596363958492312,23364.650807155984,-87044.11450106079,-86998.00110051021,-2118.9283390592027,-2109.705658949082,-2057.7976177380624,-2048.574937627942,-4444.60211348717,-4416.934073156823
234,74273,-2.1564079517880743,-0.2198208798048835,-9.809841329459404,4.549158391539584,24493.234405481544,-82390.79424132126,-82372.36323577525,0.35669157464621937,0.8180793270506537,-10.066947257710215,2.2935201871870863,23824.772687719604,-84444.0042157525,-84416.35770743348,0.3827236222729358,0.8349220950855513,-10.071001897836839,2.1815274691618964,23843.52352516394,-84385.572044604,-84357.92553628498,-4.799377745998115,-0.49862675651199423,0.2078954237568751,-10.39983324143394,0.7126237338645385,2.005508101882105,23025.184521192547,-86975.48482866773,-86929.4073148027,-2053.2099744312436,-2043.994471658225,-1994.7778032827482,-1985.5623005097295,-4584.690587346471,-4557.044079027444
235,73958,-2.1618465547670076,-0.22040000822581188,-9.80874080799524,4.537204912331243,24562.147497457783,-81519.22492640698,-81500.80242112,0.3612206816309306,0.8415964696980441,-10.05319124342796,2.329867896539565,23861.187498320396,-83658.55703926149,-83630.92328133102,0.3897153489959917,0.8697386956929626,-10.055147229817303,2.2317281008655065,23881.610631099724,-83595.28240076495,-83567.64864283448,-5.6050116764006015,-0.5713088420578464,0.1731643699464076,-10.31668671169266,0.9019248694004113,1.7503667480412417,23122.518507595934,-85980.25620739146,-85934.199944174,-2139.3321128545067,-2130.1208602110273,-2076.0574743579637,-2066.8462217144843,-4461.031280984476,-4433.397523054009
236,74616,-2.0925370335942133,-0.21390952496764565,-9.782346222828155,4.674873641794364,24283.446107083353,-83756.94243546677,-83738.50221498596,0.35582783160054804,0.8268471842549769,-10.042584785379779,2.32372824951814,23525.20375384485,-86121.9515880249,-86094.29125730367,0.3815681046529273,0.8431791286536183,-10.046318155021162,2.2097736115039552,23547.726189020228,-86050.55028994029,-86022.88995921907,-5.658677202079963,-0.5747914041871759,0.1593055994931801,-10.260717096752963,0.8833793077730454,1.7397615773571287,22735.944059362108,-88664.24017410944,-88618.1396229074,-2365.009152558123,-2355.789042317716,-2293.607854473521,-2284.387744233114,-4907.297738642665,-4879.637407921444
237,74198,-2.1208531922648146,-0.216519905292712,-9.79518806549285,4.618513012224469,24569.82711409881,-82000.96854646794,-81982.5395615187,0.3641038677330279,0.8736919175016545,-10.04068902835888,2.399567801741321,23885.458201930596,-84095.0115709294,-84067.36809350556,0.39296450746427447,0.9038594209037285,-10.04325041188624,2.3001044718673502,23905.77448723242,-84031.92770626186,-84004.28422883802,-6.099094292021823,-0.6234769901762635,0.16521453162530406,-10.51945468697751,0.9958413309842826,1.603908429270645,23131.710158638594,-86470.20160386428,-86424.1291414912,-2094.043024461469,-2084.828531986859,-2030.9591597939288,-2021.744667319319,-4469.233057396341,-4441.589579972497
238,74067,-2.1734448306055842,-0.2214487179866772,-9.814664317615707,4.515718172096901,24139.3861251949,-83034.38784750634,-83015.96239677042,0.3589783674447857,0.7993132947410172,-10.070254037360701,2.226633600321221,23395.682790465846,-85350.18694775984,-85322.54877165596,0.3849324798040589,0.8151667104744571,-10.073746073722713,2.1176875250677707,23417.875598074483,-85279.96136094819,-85252.32318484431,-5.165391772938053,-0.5250402797690732,0.18385745583570873,-10.147011899199832,0.7721172671494381,1.9046157762216394,22664.37076920377,-87698.36136211574,-87652.29773527595,-2315.799100253498,-2306.5863748855336,-2245.57351344185,-2236.3607880738855,-4663.973514609403,-4636.335338505523
239,74026,-2.1591016037623847,-0.22021954472945232,-9.804314173907311,4.5409230194737535,24780.315965113423,-81007.59347334187,-80989.16913001821,0.35684534455440725,0.8441095943982597,-10.053034258831422,2.3654773903588384,24167.572215387827,-82859.0478343015,-82831.41131931602,0.38359929101766105,0.8650078461965219,-10.057350848382049,2.2549776979559035,24186.031074941493,-82802.52937401252,-82774.89285902704,-4.99886302064126,-0.5165635704566708,0.1975056711405043,-10.378231651099934,0.7831588825226022,1.9358701565345475,23412.9197265757,-85203.43003380674,-85157.3691754976,-1851.4543609596294,-1842.2421892978018,-1794.9359006706509,-1785.7237290088233,-4195.836560464872,-4168.200045479389
240,74003,-2.092667075426988,-0.21382862888703705,-9.78665525902295,4.676642249472999,24574.627005601797,-81576.25188888758,-81557.82816706377,0.35778100886508474,0.8457626518952663,-10.036498201122301,2.3639115295082473,23833.63258202925,-83839.98481371246,-83812.34923097675,0.38467143362858747,0.8669213672583611,-10.039891522834397,2.2536671337425105,23853.223819468003,-83779.1793618479,-83751.54377911218,-5.549401788753483,-0.5663683824716277,0.16848549415223846,-10.312267793505196,0.9068354907370562,1.7656352842932492,23095.898867916763,-86162.83548304619,-86116.77617848666,-2263.732924824886,-2254.52106391298,-2202.9274729603203,-2193.715612048414,-4586.583594158612,-4558.948011422894
241,74432,-2.0231996280940567,-0.20659018998189335,-9.793299615395004,4.840500897393266,24871.873593616212,-81584.51521006336,-81566.0799275916,0.3430933993206222,0.7706965294675278,-10.072085648176945,2.246316982470737,24019.975804737107,-84176.60298180218,-84148.95005809455,0.364911720180395,0.7713264072333782,-10.076944928023492,2.113734266611308,24042.36772107917,-84107.24825976849,-84079.59533606085,-5.634721240738956,-0.5722534066935093,0.1658612940105326,-10.293251711315738,0.8318038673532786,1.7474775830134737,23210.32250421923,-86724.77906181964,-86678.69085564025,-2592.087771738821,-2582.870130502939,-2522.73304970513,-2513.5154084692476,-5140.263851756288,-5112.610928048642
242,74226,-2.0630257678469546,-0.21057329458125854,-9.797186162421225,4.74894027748665,24803.505708792352,-81357.30757689037,-81338.87783734618,0.3412633171472941,0.7555466485212223,-10.074589083389808,2.2139697135837126,23984.463675076546,-83847.72228220415,-83820.07767288788,0.3633357631593725,0.7574354562542256,-10.078177002381098,2.084670800550912,24006.709679136067,-83778.90829412334,-83751.26368480707,-5.260043425685568,-0.5351651615144467,0.17791922801397606,-10.235486091188069,0.7367281041850682,1.8685820227350602,23163.110608782332,-86430.15105185709,-86384.07670299664,-2490.414705313786,-2481.1998355417018,-2421.60071723297,-2412.385847460886,-5072.843474966721,-5045.1988656504545
243,74209,-2.089217175640914,-0.21320739001154526,-9.798990436155998,4.690268943988525,24488.441328654008,-82270.34675479877,-82251.91747336756,0.3494881986135959,0.8042251528273232,-10.066593572740672,2.3011511004309972,23745.356769247246,-84555.03896990114,-84527.39504775434,0.3730585698201046,0.811324031037263,-10.07149147036749,2.1747899570528504,23766.946836353836,-84487.59633805194,-84459.95241590514,-5.468562857661533,-0.5578420726447862,0.17585981238273873,-10.325577590039376,0.8282065493096703,1.7926220502854828,22957.430300727327,-87055.2485702218,-87009.17536664379,-2284.6922151023755,-2275.4775743867795,-2217.2495832531713,-2208.0349425375753,-4784.901815423029,-4757.257893276226
244,74483,-2.0831795330141483,-0.21289722585629042,-9.784906894091392,4.697102068746629,24808.248880853003,-81882.2152462472,-81863.77859386639,0.34951091386731076,0.7816695593281192,-10.063226963909326,2.2364668120918085,23998.563932258246,-84351.72665977193,-84324.0716812007,0.37295812518130805,0.7871731040112815,-10.067276374790282,2.1106206055401233,24020.015360165402,-84285.1788012288,-84257.52382265757,-5.555648974370689,-0.5636963219165937,0.1648961331583095,-10.234652838705522,0.8356096144878301,1.7740048340211862,23186.310990581616,-86912.32020498015,-86866.22857402811,-2469.5114135247277,-2460.293087334314,-2402.963554981601,-2393.7452287911874,-5030.104958732947,-5002.44998016172
245,74279,-2.140149353378104,-0.21828068488005262,-9.804575033994132,4.581257386788528,24411.154641643676,-82652.78642872938,-82634.35526162377,0.3558004079545953,0.8165779641874557,-10.058245253992238,2.295045047535925,23691.39261524586,-84873.83685608729,-84846.19010542889,0.38154862472464873,0.8319473927876064,-10.061867886938185,2.180449198022915,23711.2845217357,-84811.49645262785,-84783.84970196945,-4.95525178699561,-0.5094864355907583,0.19653521400979837,-10.284276808059179,0.7529153426241141,1.9627607923270474,22931.414277897267,-87291.63147839197,-87245.55356062796,-2221.0504273579136,-2211.834843805118,-2158.7100238984713,-2149.4944403456757,-4638.845049662588,-4611.198299004187
246,73756,-2.162923226985108,-0.220323521392174,-9.817032758545661,4.538780034384111,24782.197859132768,-80437.00639692738,-80418.58936167373,0.35632757048262953,0.7951224258758708,-10.078526317515738,2.2314367221119418,24099.448685031075,-82495.4984916999,-82467.87293881942,0.3824746301650514,0.8124419829534533,-10.081053974490075,2.1241722166065125,24116.501203191965,-82443.32797199303,-82415.70241911255,-4.451949861216959,-0.46320983473893346,0.21457427529735004,-10.344512855361465,0.6321540375972655,2.158848808906666,23326.28351310222,-84896.54826535244,-84850.50567721832,-2058.4920947725186,-2049.2835771456885,-2006.3215750656527,-1997.1130574388226,-4459.541868425062,-4431.916315544586
247,74056,-2.0018282643935206,-0.20454710428112235,-9.786637026365712,4.888849458487739,24539.468643868837,-81793.72369696075,-81775.29854327525,0.33104987272609104,0.7189091847824624,-10.083693287749618,2.1716038700225813,23674.325051458956,-84449.71622128478,-84422.07849075654,0.35023492493994235,0.7088470005826283,-10.08916672898223,2.0239186617501956,23696.309382048617,-84380.97862794226,-84353.34089741402,-4.801812909767922,-0.4882564103568789,0.18525568768681747,-10.141155717014682,0.6163291221690302,2.0481041903148283,22882.596410949176,-86964.69330596997,-86918.63042175623,-2655.9925243240286,-2646.7799474812928,-2587.2549309815076,-2578.0423541387718,-5170.969609009218,-5143.331878480982
248,74433,-2.1509593625579573,-0.21965605341828015,-9.79239738256606,4.5525720071813796,24640.39116159298,-82282.60285278862,-82264.16754344688,0.3571397217063313,0.8024901256157846,-10.05541647382863,2.2469920785670987,23895.15663246227,-84566.53157966181,-84538.8786156492,0.3839166292480782,0.8226206258168279,-10.057420780924256,2.1427064189117715,23915.854242658654,-84502.08678806307,-84474.43382405046,-4.4681527216535475,-0.46115983616115,0.2091508982749441,-10.206605904832836,0.6440037534615339,2.168445561791194,23142.297997031616,-86945.41190996343,-86899.32363660907,-2283.928726873186,-2274.711072202321,-2219.4839352744457,-2210.2662806035805,-4662.8090571748035,-4635.156093162193
249,74134,-2.162092387382795,-0.2201371984237478,-9.821567653554522,4.542621633964261,24755.345501527594,-81308.60434604845,-81290.17708695754,0.3571701062291496,0.8099597606967028,-10.069597212600467,2.2677143091506573,24046.121938146644,-83461.51010579769,-83433.86921716132,0.38399675964477326,0.8310795939948104,-10.071799054630073,2.1642880392106,24065.66483707687,-83401.28397635692,-83373.64308772056,-5.175180607126745,-0.5309978724672078,0.19581488961129342,-10.318580366842466,0.7811649878294844,1.8832467168910472,23290.822392536054,-85823.44773781611,-85777.37959008884,-2152.9057597492356,-2143.692130203781,-2092.67963030847,-2083.4660007630155,-4514.843391767659,-4487.202503131295
250,74280,-2.156713242883505,-0.22002557752223423,-9.802102406323932,4.54492614568389,24886.960852189583,-81221.01143836824,-81202.58024433731,0.36793812580743507,0.8428812570110363,-10.053379023626658,2.290823369177481,24132.958059482313,-83504.27613409697,-83476.62934305058,0.3958737954526455,0.8663622683562038,-10.05602685816498,2.1884809712287163,24155.63558028594,-83434.50866968515,-83406.86187863875,-6.314038963624527,-0.6378997831345444,0.14146604979517383,-10.346433924910052,1.0313919457932341,1.5676443642701194,23373.821227313176,-85874.3997861743,-85828.32180109696,-2283.264695728736,-2274.0490987132653,-2213.497231316913,-2204.281634301442,-4653.38834780606,-4625.741556759647
251,74802,-2.0768753330730108,-0.21228878180171,-9.7832552217146,4.710564503281468,24735.654762729762,-82771.8114532846,-82753.36625348145,0.3522986301438524,0.8098816336620239,-10.048400453688927,2.298849794934851,23964.974267284255,-85137.4710304491,-85109.80323074438,0.37835908720467626,0.8295310255131583,-10.050133530314065,2.1924437751495502,23987.37187287817,-85067.59391492381,-85039.92611521909,-5.392537945289571,-0.5493545423293863,0.17248275533114635,-10.235541785065633,0.8398363171388405,1.8203180695653776,23202.326643310153,-87552.62746641018,-87506.51446690231,-2365.659577164508,-2356.436977262929,-2295.782461639217,-2286.559861737638,-4780.816013125586,-4753.148213420864
252,74008,-2.065819224057518,-0.21113839463484524,-9.78419499508966,4.736230005582153,24540.609466401118,-81689.2808952277,-81670.8570382788,0.3559338078588003,0.815968315224014,-10.053597552057248,2.292472075447552,23720.181693251434,-84203.77792306402,-84176.14213764067,0.3801639682345125,0.8250411566066475,-10.0586640975005,2.170224496651147,23743.38340492278,-84131.42295307416,-84103.78716765081,-5.451668572023143,-0.5572342680805911,0.17906744431499128,-10.312547424464535,0.8395972455633806,1.7945773569248133,22926.419625781953,-86718.73589570606,-86672.6762533338,-2514.497027836318,-2505.285099361863,-2442.1420578464604,-2432.9301293720055,-5029.455000478367,-5001.819215055002
253,74006,-2.0872957852429277,-0.213116083415397,-9.794172977430604,4.692278423918112,24913.511476460037,-80568.98791427801,-80550.56411137804,0.34939414216782233,0.7639828169801747,-10.070115319362928,2.186593090084537,24066.167261207025,-83127.83823776447,-83100.20253341453,0.371926476446742,0.7652202213945111,-10.074191467047667,2.057450248514606,24087.043824223067,-83063.66843539664,-83036.0327310467,-4.828190206989695,-0.4934390685233456,0.19509490628731732,-10.175002477366494,0.660043987176563,2.0265926712949116,23278.93884916825,-85585.12729561437,-85539.06778836447,-2558.850323486462,-2549.6384220364853,-2494.6805211186293,-2485.4686196686525,-5016.139381336354,-4988.503676986424
254,74554,-2.0945847081533278,-0.21404918619398675,-9.78552988402892,4.67182341489366,24797.478634997788,-82063.67997843363,-82045.24142048559,0.34770403258765775,0.7972279862517072,-10.052638050874851,2.2928350307548486,24117.223228607745,-84135.45451070307,-84107.79667378102,0.3727954489622105,0.8127500989906945,-10.05502606418722,2.1801502707536575,24135.60482755976,-84078.65279151827,-84050.99495459622,-4.731920753037484,-0.487762794672127,0.1965942848657198,-10.272967697487712,0.7032506282155315,2.0501768706491803,23340.89633900777,-86570.80266916043,-86524.70627429034,-2071.774532269439,-2062.5552532954316,-2014.9728130846343,-2005.7535341106268,-4507.122690726799,-4479.464853804748
255,74440,-2.163423683190579,-0.220563389011946,-9.808625506173218,4.533844009559713,24926.59571440565,-81437.68476578424,-81419.24926836274,0.3553480479033622,0.809104295493532,-10.061212075673893,2.2769346849305614,24241.68687812801,-83509.70115133557,-83482.0479052033,0.3819427288299993,0.8287586729919237,-10.063696998668894,2.1698506358025207,24259.444602962834,-83455.19169741544,-83427.53845128318,-4.773949286627205,-0.49422783817513927,0.2068156641382442,-10.330962805522523,0.7230514048250891,2.0233583031104585,23492.140800864192,-85843.69914207641,-85797.61039852262,-2072.0163855513238,-2062.798636840569,-2017.5069316312001,-2008.2891829204455,-4406.014376292165,-4378.361130159887
256,74315,-2.1630579286793257,-0.2207159845313375,-9.80018702892002,4.530709464125915,24182.254734832342,-83428.9843098387,-83410.55217364954,0.35499466718721134,0.8249709524647386,-10.049687807029981,2.3238967475240377,23534.424804926693,-85444.99729943267,-85417.34909514892,0.38172867745405153,0.8455243663044203,-10.053100461840566,2.2149878074229714,23553.155615943127,-85385.87426606956,-85358.22606178581,-4.0944930705864735,-0.42918448108630664,0.2141523289754346,-10.315981525891537,0.6060684169809235,2.330000370630609,22782.629415477943,-87853.69744149367,-87807.61710102076,-2016.0129895939608,-2006.796921499379,-1956.8899562308507,-1947.673888136269,-4424.713131654964,-4397.064927371219
257,74164,-2.110231082306843,-0.2153724262634305,-9.798055948562961,4.643119907916441,24604.945864707934,-81823.4686958223,-81805.04062754987,0.34986268600436876,0.8057399746945704,-10.059396142056615,2.3030177464667068,23912.314147894867,-83939.14099414344,-83911.49889173478,0.374935190907454,0.8205374538859781,-10.062260757178768,2.1884780991083685,23931.68094719867,-83879.09921129643,-83851.45710888777,-5.809392553236636,-0.5928261585167726,0.16864719022671387,-10.4211843730541,0.8978898838368656,1.6868351465832077,23110.489236413858,-86464.65021332841,-86418.58004264731,-2115.6722983211366,-2106.458264184912,-2055.6305154741276,-2046.416481337903,-4641.181517506106,-4613.539415097446
258,74045,-2.0990825802380457,-0.2139820291533259,-9.809620875844564,4.6732896400541355,24215.737243076834,-82753.89702134524,-82735.4721647543,0.3547796590282647,0.842602132020264,-10.05578379152799,2.375001245359265,23501.62228608895,-84968.30591648017,-84940.66863159375,0.3821477813478224,0.8680131526130742,-10.058441823884356,2.271407018383362,23522.55784085926,-84902.37501662385,-84874.73773173743,-6.116663079030962,-0.6208231088120378,0.1513848824016235,-10.437286512164894,1.011106857263303,1.6107647827632054,22770.199846824326,-87305.3715334217,-87259.30939194433,-2214.408895134926,-2205.1964668394503,-2148.477995278605,-2139.2655669831292,-4551.474512076456,-4523.83722719003
259,74290,-2.1066409484739332,-0.2152745576707446,-9.785833362138277,4.645230773296802,24577.38522332653,-82171.85622854534,-82153.42476528104,0.35925743503103247,0.8413641353233478,-10.0355510104814,2.3419532994513284,23831.675517008694,-84458.81436102936,-84431.16716613293,0.3867656288280324,0.8658895341989032,-10.037611079872379,2.238796494979919,23854.070810572604,-84389.0347472322,-84361.38755233577,-5.872742090056985,-0.5947866883950965,0.14479856750038886,-10.266754768052918,0.9698096843076947,1.681275017600485,23082.797817485778,-86826.7412463423,-86780.66258818157,-2286.9581324840256,-2277.7424008518865,-2217.1785186868656,-2207.9627870547265,-4654.885017796958,-4627.237822900526
260,74587,-2.16904953845929,-0.22112455697314767,-9.809175281796897,4.522338059998624,24801.826608965253,-82119.93618714913,-82101.49674413259,0.3783016974860862,0.9022348239061703,-10.033232470290217,2.384961077102632,24055.170683002834,-84397.8618825984,-84370.20271807359,0.41017421241531415,0.9423614512507866,-10.035238294490822,2.29746635143561,24076.167708733476,-84332.78555977633,-84305.12639525151,-6.672361013361579,-0.6769787992494162,0.142348728762239,-10.532998113885775,1.1527408058469326,1.4771511325151183,23348.9103249396,-86616.52872454563,-86570.43011700427,-2277.925695449274,-2268.7059739410033,-2212.849372627199,-2203.6296511189285,-4496.5925373965,-4468.933372871688
261,73967,-2.09329012009988,-0.21345383056984207,-9.806758278882025,4.6848538502699775,24663.5747320048,-81233.33476373892,-81214.91201508537,0.3465360176708661,0.7798835150702389,-10.070211217083264,2.2505121410235596,23908.198971522,-83532.1518712596,-83504.51774827926,0.3694606473118237,0.7844476431955694,-10.074807849277239,2.1232238099055185,23928.57568466685,-83469.13740411898,-83441.50328113865,-5.056789646859197,-0.5158715038727031,0.18588560538862198,-10.205633624440727,0.7485044292926816,1.938467220020668,23194.658010206862,-85769.31197966123,-85723.25510802734,-2298.8171075206774,-2289.6057331938937,-2235.8026403800613,-2226.5912660532776,-4535.977215922307,-4508.34309294197
262,74145,-2.0686754704153394,-0.2112868526386799,-9.790838590193617,4.732902154163338,24436.927367055712,-82291.55450587806,-82273.12695004923,0.3510533317768204,0.8078681260098433,-10.063502623900506,2.3012689323325937,23677.28606675505,-84630.99504175264,-84603.35370800941,0.3764552393342577,0.8241781286675529,-10.067190804440823,2.1893124136751845,23699.26521385776,-84562.19965944666,-84534.55832570343,-4.95528579708544,-0.5095858502891059,0.19313886643168338,-10.31756636170944,0.7263859733985367,1.962377878884716,22872.10145106504,-87192.28630437521,-87146.21741480316,-2339.440535874586,-2330.2267579601757,-2270.6451535686065,-2261.431375654196,-4900.73179849716,-4873.090464753928
263,74223,-2.1211868998036856,-0.21618871459831152,-9.811737415363922,4.625588351630868,24355.419817325335,-82704.14891532934,-82685.719256621,0.34491710612334187,0.757056971314606,-10.07449170335798,2.1948954049379146,23608.98225616842,-85012.50017385288,-84984.85568579037,0.36810108084384036,0.7624838299641218,-10.077437888172616,2.0713979655158647,23627.562420552855,-84954.1099752612,-84926.4654871987,-4.91226774464817,-0.5000058682766023,0.18923271869206393,-10.126794964586038,0.7065023546807042,1.9999765271690808,22895.31774960534,-87286.76173365762,-87240.68758688678,-2308.351258523544,-2299.1364291693753,-2249.9610599318694,-2240.7462305777008,-4582.612818328285,-4554.9683302657795
264,74603,-2.1358816894900845,-0.2179637053688127,-9.799253898147837,4.587919802096945,24816.6299329454,-82109.04010453422,-82090.60023253449,0.35468907915773734,0.8122030665164522,-10.06012220513498,2.28990153416945,24111.176264175447,-84258.47960450657,-84230.819796507,0.37947182627743903,0.8235893706192432,-10.064887973963474,2.170357095277744,24133.122879589006,-84190.60491291834,-84162.94510491876,-4.9700981533352415,-0.5102738575866737,0.19446136327977884,-10.269702282099155,0.7434780508225917,1.9597319853489512,23352.0189575935,-86641.18124472516,-86595.08156472586,-2149.439499972359,-2140.2195639725105,-2081.5648083841224,-2072.344872384274,-4532.141140190943,-4504.481332191368
265,74630,-2.0141121763805185,-0.20579558476707657,-9.786955238423262,4.859190740811176,24792.051215566364,-82239.71415433963,-82221.27355863938,0.34027008861927355,0.7797520318567132,-10.067507487544043,2.291567957150573,23988.389568551505,-84697.00706538331,-84669.34617183293,0.3635793049599423,0.7898293057518688,-10.071402448079075,2.1723714605782884,24012.834308252528,-84620.99604173633,-84593.33514818596,-5.364165507048662,-0.5443463436403418,0.16600080614933668,-10.21637769699333,0.8030578999186339,1.8370657058380384,23211.966136508076,-87148.48465893386,-87102.38316968323,-2457.2929110436817,-2448.0726131935517,-2381.2818873967044,-2372.0615895465744,-4908.7705045942275,-4881.109611043852
266,74103,-2.1753176723517424,-0.22214625696233567,-9.792276953469273,4.50153882254945,24786.8305587118,-81149.42108096062,-81130.99465836803,0.36511926613746665,0.8319404264898109,-10.042828901911609,2.278544310440707,24117.09826127654,-83177.20791482693,-83149.56828093804,0.39340138038860606,0.8571124478464448,-10.044524286210123,2.178722522528467,24134.192252351273,-83124.70295340015,-83097.06331951126,-5.281294231207105,-0.5414626020722512,0.18747292654587436,-10.28435531702578,0.8455464193576061,1.8468496183722822,23380.2191039213,-85472.6783177153,-85426.61226123382,-2027.7868338663102,-2018.5736225700093,-1975.281872439533,-1966.068661143232,-4323.257236754682,-4295.617602865794
267,74384,-2.092518852224401,-0.21350369204888753,-9.8008555830747,4.68375975330217,24669.381271984443,-82091.98546035592,-82073.55146806806,0.3607354258136224,0.8612302612363055,-10.048976725480362,2.387429122864326,23941.839901061736,-84316.69268093343,-84289.04169250163,0.3886243700893828,0.8877094685217765,-10.052099417496889,2.284235207168313,23962.397409347366,-84252.85073808905,-84225.19974965726,-5.777417386974319,-0.5907696599953755,0.17196805289328712,-10.437364029958916,0.9365772349133558,1.692707103489079,23204.92982541988,-86638.14504038579,-86592.06005966614,-2224.707220577504,-2215.490224433568,-2160.86527773313,-2151.648281589194,-4546.159580029867,-4518.508591598074
268,74207,-2.132235196230971,-0.21734618164204822,-9.81031817592541,4.600954994677202,24776.899138427572,-81397.12767256823,-81378.69844503957,0.3546502848504509,0.8022471549725697,-10.066082765489226,2.2620795449547195,24068.5145441396,-83547.66472688894,-83520.02088559595,0.38025733593924804,0.8176532302925101,-10.069494328368778,2.150262869414156,24085.934595043316,-83493.9754085846,-83466.33156729162,-4.907282154999742,-0.5058425079928662,0.2014161896730847,-10.315507945235018,0.7338185670346352,1.9768998931463917,23320.21879064339,-85887.40320611863,-85841.33013729699,-2150.53705432071,-2141.3224405563815,-2096.8477360163815,-2087.633122252053,-4490.275533550404,-4462.631692257419
269,73975,-2.1026463127602386,-0.21458197634203607,-9.798802064385384,4.6602236452796735,24346.094381303606,-82208.54209749309,-82190.11913253856,0.3490719545826161,0.789093974968354,-10.071209021246778,2.2605481895899384,23596.46459277981,-84520.07665461172,-84492.44220717992,0.37335158344650987,0.7992662937433229,-10.07516654801541,2.1407872075031227,23616.588105257713,-84457.0162575126,-84429.3818100808,-4.439888116610605,-0.46165764706620893,0.2093120682840937,-10.338202090343493,0.6335133130472019,2.1661073012759697,22803.294697812686,-87045.41991298157,-86999.36250059522,-2311.5345571186335,-2302.323074641361,-2248.474160019512,-2239.2626775422395,-4836.8778154884785,-4809.243368056661
270,73860,-2.161808846295125,-0.22043488775550418,-9.807017701721062,4.536486987981467,24555.465623848508,-81333.36095171548,-81314.94109833868,0.3605650490588173,0.8086541741678327,-10.06625554195756,2.2427414312026697,23797.39075181104,-83647.50119512332,-83619.87141505809,0.38616370612829976,0.8217693889969077,-10.07036514608991,2.1280337223713133,23817.2955355889,-83585.7485078705,-83558.11872780528,-5.165131684274896,-0.5300882820591931,0.1967525547060333,-10.298809587701513,0.7625954517193846,1.8864782222979481,23026.001172236152,-86077.32699503732,-86031.27736159529,-2314.1402434078336,-2304.9303167194157,-2252.387556155023,-2243.177629466605,-4743.966043321838,-4716.336263256613
271,74084,-2.14271145696364,-0.21863801943727187,-9.800269241728987,4.573769935228049,24569.74422509229,-81761.31124156265,-81742.88533183557,0.35458638798229913,0.8078966298515868,-10.058306353550492,2.278419751104255,23878.833557277187,-83872.43399974231,-83844.79513515168,0.3811654948765914,0.8282826727062857,-10.060287449012879,2.1730263726375756,23898.02286700121,-83812.92314011545,-83785.28427552483,-5.024336413935047,-0.5170090006646243,0.19687518951750474,-10.311614778086014,0.7576635429273707,1.9342023034695375,23115.74562310708,-86274.56580715993,-86228.50103284222,-2111.1227581796556,-2101.9098033161135,-2051.611898552801,-2042.3989436892589,-4513.254565597279,-4485.615701006653
272,74077,-2.191368481356366,-0.2234297216626904,-9.807864705952833,4.475680283528661,24705.848204076974,-81337.36898704404,-81318.94326630056,0.37663147515441303,0.8883265244674041,-10.049783111657012,2.3586093650383417,23991.69575446754,-83508.21220075618,-83480.57361964097,0.4076704702096378,0.9245893445511949,-10.052154121992684,2.2679821378176843,24013.186509343243,-83441.8868321601,-83414.24825104489,-5.890584321382943,-0.6049387941165809,0.18622671570495347,-10.504095726471515,0.9429509083963793,1.6530597966697516,23199.872186198114,-85990.3097162911,-85944.2454144324,-2170.8432137121417,-2161.6303533404134,-2104.517845116061,-2095.3049847443326,-4652.940729247057,-4625.302148131843
273,74235,-2.153166628914082,-0.21968660072770876,-9.801083096473556,4.551938974373103,24703.819698724023,-81675.12706486516,-81656.69708283305,0.36336574219677714,0.8528540935110622,-10.047953537219756,2.3470954866438882,24010.904932822217,-83785.09618606091,-83757.45121301274,0.39167195129136617,0.879743939765837,-10.05077933295623,2.246124433637047,24030.050739232403,-83725.92629677689,-83698.28132372872,-4.825875884791124,-0.500293909498635,0.20380499403324503,-10.359644435417469,0.7392389562501416,1.9988250526618263,23233.47525498174,-86224.46413564942,-86178.38918056915,-2109.9691211957543,-2100.754130179688,-2050.799231911733,-2041.5842408956669,-4549.33707078427,-4521.692097736101
274,74528,-2.150638446715576,-0.21981142917702737,-9.78401557538456,4.549353979199324,24661.89346417086,-82417.67903672236,-82399.24117637699,0.3499408635168743,0.7822093266109157,-10.057354929903969,2.2352614631791843,23971.10440810984,-84533.03111468967,-84505.37432417161,0.3749606456317491,0.7963257705697177,-10.05966982785852,2.1237582659589123,23992.138478984056,-84467.66325212456,-84440.0064616065,-5.085776753193846,-0.517986298653474,0.18054820024523002,-10.175529362735997,0.709987411166371,1.930552994547423,23146.822876949966,-87136.88445385294,-87090.78980298952,-2115.3520779673127,-2106.1331477946223,-2049.9842154022044,-2040.7652852295141,-4719.205417130579,-4691.548626612523
275,74704,-2.0675544375188104,-0.21113703671584233,-9.79247634464728,4.736260466446939,24779.149817674865,-82434.1851900069,-82415.74261217249,0.3477464881681495,0.7924938038851613,-10.06542289408242,2.2789412139281144,24025.53656376066,-84739.43901505994,-84711.7751483083,0.3720552569152611,0.8048462019701098,-10.068928861588537,2.163243730630638,24048.02920180286,-84669.53406300748,-84641.87019625584,-5.068219840514666,-0.5185069181694978,0.1864912190080671,-10.262892210837308,0.7333135862608615,1.928614575732824,23230.777136509136,-87248.42838130133,-87202.32193671528,-2305.2538250530342,-2296.032536135812,-2235.3488730005774,-2226.127584083355,-4814.24319129443,-4786.579324542792
276,74427,-2.112137106501703,-0.21555701148823525,-9.7985080230943,4.639143923437528,24884.169821530704,-81537.2482958294,-81518.81314771296,0.3487321213356762,0.7846159566899036,-10.06301035199404,2.2499101995100195,24141.103924095227,-83791.5702654971,-83763.91754332246,0.37315159954453764,0.7961079150342396,-10.066024070452018,2.1334704608152695,24160.57556353311,-83731.56341677794,-83703.9106946033,-4.858249758859458,-0.4987266487590459,0.19562936141798024,-10.242438596888405,0.7085503845986908,2.005106409469486,23380.2530342212,-86171.03287124755,-86124.94500095648,-2254.321969667697,-2245.1043956094945,-2194.315120948537,-2185.0975468903343,-4633.784575418147,-4606.131853243511
277,73676,-2.203088581803086,-0.22444091857459594,-9.815895407106257,4.4555155376787345,24358.085752559902,-81541.57252730039,-81523.15766253912,0.3640087767500028,0.8342980804934572,-10.054857171698583,2.2919724297374398,23669.71807490039,-83651.66786429622,-83624.0455671543,0.3928991892338257,0.8629788106758951,-10.056457080773354,2.1964382577595787,23690.08764237584,-83588.29140727188,-83560.66911012997,-5.168041429103631,-0.5282592583258998,0.18889487203664346,-10.231306153326521,0.7982672965302082,1.893009889062973,22950.3848336989,-85921.44243680382,-85875.40527490062,-2110.0953369958297,-2100.887904615185,-2046.7188799714932,-2037.5114475908485,-4379.869909503424,-4352.247612361505
278,74216,-2.081080192375489,-0.21241324856094976,-9.797318229791795,4.707804276685974,24947.757217138573,-80905.97396349072,-80887.54449341205,0.3453430603675579,0.7784911733389622,-10.063066005881566,2.2542545737284923,24201.09552762463,-83159.10320868586,-83131.45900356786,0.3686182356606835,0.785280473223747,-10.066269623038067,2.1303353910754566,24221.08730974153,-83097.8209574964,-83070.1767523784,-5.151306049386443,-0.5255019287706165,0.18108501534554958,-10.22621021294139,0.7676690461291196,1.9029425873648955,23430.795050307544,-85555.74715203191,-85509.67347683525,-2253.129245195145,-2243.9145101558097,-2191.846994005682,-2182.632258966347,-4649.773188541192,-4622.128983423201
279,74478,-2.1114175129157764,-0.21551747341036934,-9.796966712278598,4.63999500446949,24610.061627289087,-82469.09496977316,-82450.65845165566,0.35498424734502765,0.8385663703729896,-10.053474348775147,2.3622636121031686,23917.9285108956,-84591.73214825656,-84564.07737108033,0.3830187942814783,0.8672344131974541,-10.055925534840314,2.264208509204717,23938.4102448512,-84527.981401152,-84500.32662397578,-4.743321414920386,-0.4928029723733965,0.20201588827833467,-10.39507714242554,0.7072353874027507,2.0292085398427764,23110.21255282888,-87146.32723535447,-87100.23594006075,-2122.6371784834046,-2113.418919424672,-2058.886431378851,-2049.668172320118,-4677.232265581319,-4649.577488405092
280,74407,-2.150665327148677,-0.2191873833834537,-9.811994166590472,4.56230639083166,24693.909059393987,-82066.43043438584,-82047.995823781,0.35951646398900816,0.8238194097992798,-10.059891564373151,2.2914650435159687,23967.539319110132,-84285.94293648511,-84258.29102057786,0.3867482061127557,0.8458191896516304,-10.06269515110342,2.187002231123558,23986.06969980378,-84228.43777125943,-84200.78585535218,-5.103705961417382,-0.5271114064621552,0.20275886025923734,-10.370916815337315,0.8038458038663917,1.8971321579090068,23236.14613919871,-86587.91237466216,-86541.82584815008,-2219.512502099271,-2210.2951967968547,-2162.0073368735902,-2152.790031571174,-4521.481940276324,-4493.8300243690755
281,74761,-2.039089987815451,-0.2085275681538437,-9.77851516645074,4.795528998171782,24675.33923119228,-82867.97231380866,-82849.52821053342,0.3419959934121807,0.7605661426074461,-10.062429703349043,2.2239036633706877,23842.03308171594,-85434.32773372976,-85406.66157881691,0.36501237942597636,0.7684318377087658,-10.065225814723961,2.105221304869749,23866.214558441592,-85358.54077337279,-85330.87461845994,-4.959733798079227,-0.5052207190938707,0.1824523779346251,-10.158118591550243,0.673315238718402,1.9793329176870094,23028.07726060367,-88027.21812591764,-87981.10786772956,-2566.3554199211067,-2557.1333682834957,-2490.568459564136,-2481.346407926525,-5159.245812108988,-5131.57965719614
282,74487,-2.070222049702796,-0.2114323491395119,-9.791415826992383,4.729645222548978,24963.460990832104,-81426.03890259391,-81407.60214280892,0.35117464756650313,0.7979088134327915,-10.06109580247424,2.272113943765513,24154.254611103068,-83878.58342178131,-83850.92828210382,0.37505660231260285,0.8072165420927525,-10.065295571911927,2.152252585650931,24177.883140377886,-83805.75327264289,-83778.0981329654,-5.809498145054669,-0.5890300135331873,0.15926872452495128,-10.282493649981921,0.8891679438094904,1.69770635964997,23370.3622325278,-86332.05037911114,-86285.95847964866,-2452.5445191874023,-2443.326139294906,-2379.7143700489833,-2370.495990156487,-4906.011476517233,-4878.3563368397445
283,74217,-2.1516225902887958,-0.21924577318630942,-9.81374718891571,4.561091351805564,24493.931659946265,-82270.57900438286,-82252.149507356,0.3592585009603095,0.8061765066609398,-10.064655645210813,2.244001198318214,23701.776843681626,-84708.4912216623,-84680.84697612203,0.385262180061199,0.8222606954057615,-10.067777687974694,2.134288642802014,23723.856547044903,-84639.38557791025,-84611.74133236997,-5.087100483114837,-0.5195655808253938,0.1931902581945152,-10.196710077162379,0.7499728123483794,1.9246848461581636,22949.961706122813,-87096.78342399393,-87050.7096814268,-2437.912217279445,-2428.697468766026,-2368.806573527385,-2359.5918250139657,-4826.2044196110655,-4798.560174070793
284,74525,-2.159209220154129,-0.22018182704483139,-9.806482438328077,4.541700890675184,24531.801410127806,-82805.52295786429,-82787.08517802719,0.35623321635368993,0.7942182738628351,-10.064939922937418,2.2294896640808672,23760.916704310814,-85182.97333080978,-85155.31666105414,0.38162154627778605,0.8077226321304619,-10.068279705810586,2.1165540573081603,23782.188402837928,-85116.28549311207,-85088.62882335643,-5.218452550786739,-0.5321121024722973,0.18517690548746363,-10.219958288670979,0.7651088812681023,1.8793032433462866,22969.855055839773,-87702.34280933488,-87656.24835974215,-2377.450372945488,-2368.231483026946,-2310.762535247777,-2301.543645329235,-4896.819851470587,-4869.163181714961
285,74094,-2.0717861276402925,-0.21172839443784983,-9.78511235179861,4.723032083887725,24316.648072217005,-82549.5591385097,-82531.13295883701,0.3591252207594248,0.8632354534934271,-10.04345639078743,2.4037171537771274,23595.447946095257,-84778.33771094425,-84750.69844143522,0.38694361360686763,0.8904127648609044,-10.046458267054962,2.3011434574691245,23616.74409371233,-84711.49409278618,-84683.85482327714,-5.361540614754518,-0.5530342630848184,0.18688765455541842,-10.456645873531398,0.8431991247487769,1.8082062301565407,22803.363059241543,-87304.33529029299,-87258.26984111127,-2228.778572434545,-2219.5654825982056,-2161.9349542764685,-2152.721864440129,-4754.776151783284,-4727.136882274252
286,74103,-2.031641216977161,-0.2074012765211507,-9.79570256777072,4.821571095286968,24715.11406923611,-81364.13631195674,-81345.70988936415,0.34893096533990126,0.7926342056372088,-10.063646469405493,2.2716075223220344,23854.96744678187,-83987.04892500624,-83959.40929111735,0.37259163585038857,0.8012858163168018,-10.067469011171754,2.1505738165269825,23879.80973224049,-83909.91907736367,-83882.27944347478,-5.897111470499959,-0.5957994617869937,0.14892172096627332,-10.252126776109924,0.9091954150886395,1.678417091886386,23077.999804207557,-86436.79933680294,-86390.73328032147,-2622.9126130494988,-2613.699401753198,-2545.782765406926,-2536.569554110625,-5072.6630248462025,-5045.023390957314
287,73478,-2.058845626054197,-0.21003413101211574,-9.80243361463682,4.761130941819715,24283.49326266654,-81350.04890193818,-81331.63941929684,0.3474252062144697,0.772655334020789,-10.067637638238418,2.2239472559852773,23448.672798779644,-83918.52490426869,-83890.91068030668,0.3712281288543895,0.7816504091782626,-10.070326067851454,2.1055796919011414,23471.74968660198,-83846.24747749737,-83818.63325353536,-5.652325334968221,-0.5683657624863985,0.1401202504007294,-10.083144062070382,0.877954356602846,1.7594303985260389,22722.676910227856,-86225.4438290663,-86179.42012246295,-2568.4760023305134,-2559.271261009839,-2496.1985755591886,-2486.993834238514,-4875.394927128116,-4847.780703166107
288,74083,-2.106534638628385,-0.21498290128342265,-9.79861480170107,4.651532722044951,24733.2759483626,-81267.75835751154,-81249.33247478103,0.34799466017783043,0.787532202956112,-10.066499733227502,2.2630582967959088,24012.578445801595,-83456.52204551158,-83428.8832214158,0.3730934227983369,0.8036065249691766,-10.069132023231994,2.1539016124750585,24033.15675346413,-83393.06155922856,-83365.42273513279,-5.213694720660048,-0.5339316976542445,0.18688109934316954,-10.31079203886824,0.7623504646701617,1.8728987329153943,23222.10374783353,-85932.31875947677,-85886.25405265046,-2188.7636880000355,-2179.550746634777,-2125.303201717019,-2116.0902603517607,-4664.560401965224,-4636.921577869434
289,74302,-2.0944931985771915,-0.21403618949177636,-9.785696538284082,4.672107097283293,24411.6237221399,-82699.9563547231,-82681.52456842661,0.358422928557146,0.8337969605795699,-10.041848604934541,2.3262935882368683,23634.57127474507,-85101.54255875407,-85073.89487930933,0.38510358061948735,0.8543410144066739,-10.045296759203238,2.218470711262563,23657.390212581508,-85029.83934335,-85002.19166390527,-5.711833616536074,-0.5795997677742813,0.15735892823679992,-10.245288383572863,0.9058043170646823,1.7253285035639263,22881.848117126152,-87502.44471037912,-87456.3652446379,-2401.586204030973,-2392.3703108827176,-2329.8829886269086,-2320.667095478653,-4802.4883556560235,-4774.840676211286
290,74563,-2.0907106788422207,-0.21343984308567915,-9.79531585395219,4.68516086567108,24662.12406764504,-82490.69709494038,-82472.25829557117,0.3454716201675688,0.7633500276686853,-10.072931668464907,2.2095882356369163,23888.36331499536,-84865.55514611918,-84837.89694706537,0.3678700764790635,0.7655750968109042,-10.076966660724906,2.08110185024651,23909.503636557467,-84799.59881794178,-84771.94061888797,-4.830021594265364,-0.4954265585446492,0.1967329671090437,-10.245648680193705,0.6564374076382045,2.0184626414408853,23063.864323673177,-87480.53370038247,-87434.43670195946,-2374.8580511788023,-2365.6386514941987,-2308.9017230013997,-2299.682323316796,-4989.836605442091,-4962.178406388295
291,74177,-2.1173487186157254,-0.21594209738823897,-9.805168812494104,4.63087101632673,24739.592455509184,-81445.99813034559,-81427.56971152948,0.35139526537659455,0.777842278080247,-10.068710903708372,2.2135821245247116,23970.214897811664,-83787.46319311671,-83759.82056489254,0.3748261316326477,0.7836746387751377,-10.072739576171564,2.0907684193779374,23991.143852628,-83722.7257786482,-83695.08315042402,-4.970734295229587,-0.5070820256328397,0.19213365686451503,-10.154858368034471,0.7255555937961922,1.9720675343441674,23247.873173739532,-86053.15790879655,-86007.08686175627,-2341.4650627711235,-2332.2508533630607,-2276.727648302607,-2267.5134388945444,-4607.159778450965,-4579.517150226791
292,74377,-2.135560713698479,-0.2178786075503567,-9.80160805004641,4.589711726374409,24545.224606266944,-82452.53156116742,-82434.09775710093,0.36143458245163024,0.8315537444700213,-10.05339059514875,2.300703321828109,23776.575049462932,-84816.94469583302,-84789.2939897333,0.38845235221364877,0.8526812730947635,-10.05659358263007,2.1950730076305183,23799.269803039668,-84745.98566945975,-84718.33496336003,-6.3191806856207355,-0.6420938390883238,0.15546480721148398,-10.459399310722757,1.0002205431277496,1.5574047578775227,22990.670755091756,-87312.92971358015,-87266.84520341393,-2364.413134665607,-2355.19623263237,-2293.454108292339,-2284.237206259102,-4860.39815241273,-4832.747446313006
293,74310,-2.168126087535688,-0.22121451389118912,-9.801011920050348,4.520499050491233,24956.519966761152,-81076.41551806328,-81057.98351644097,0.3617401484279981,0.8334305625348264,-10.059252516446026,2.303948196396328,24288.669112831438,-83090.0861150403,-83062.43811260685,0.38821271087216475,0.8510422924936439,-10.06342249499539,2.1922061505448367,24308.895370520393,-83028.2306162461,-83000.58261381264,-4.720812495458627,-0.4899251109845227,0.2067707155204735,-10.362765429868269,0.6877756429010392,2.0411282818111993,23478.146923989752,-85608.15856557463,-85562.07856151888,-2013.6705969770264,-2004.4545961658732,-1951.815098182822,-1942.599097371669,-4531.743047511351,-4504.0950450779055
294,74420,-2.053437484709886,-0.21010319984474457,-9.7734707811555,4.759565778812262,24788.89089161789,-81808.07296340664,-81789.63800340284,0.34322608075516187,0.7505866580155962,-10.062072249041238,2.1868578761968336,23983.94674952211,-84262.7429347581,-84235.09049475241,0.3655577473249653,0.7533858659611216,-10.064825081097853,2.060921623120173,24006.04617874671,-84194.20199366617,-84166.54955366047,-4.754981021513458,-0.48473368238803427,0.1886476898344732,-10.11630958231441,0.6392220407287788,2.06298847456507,23198.22530665631,-86737.59430642257,-86691.50690641307,-2454.669971351468,-2445.4524913495698,-2386.12903025953,-2376.9115502576315,-4929.521343015935,-4901.868903010225
295,74208,-2.1727677281472677,-0.22186426586768887,-9.793229746348702,4.507260311114547,24523.669761645793,-82161.56109698155,-82143.13184250143,0.3563244833647054,0.7972732081104347,-10.057609535010368,2.2374920762725394,23830.00206062709,-84288.8399076632,-84261.19602594303,0.3828232849214601,0.8162396616672148,-10.059678694042834,2.1321578227266773,23850.247306953974,-84225.8218089897,-84198.17792726953,-4.5784519793704614,-0.4714134304546866,0.20314695044008407,-10.215446013126034,0.6396760287705862,2.1212802508309583,23039.061042082132,-86789.6787027988,-86743.60556659853,-2127.278810681659,-2118.064183441602,-2064.260712008152,-2055.046084768095,-4628.117605817257,-4600.473724097101
296,74449,-2.175975181512075,-0.22199021459511198,-9.802122068672427,4.504703064609854,24518.339560944376,-82685.97840523247,-82667.54266602009,0.36277336852050507,0.8152263165641521,-10.057629588061271,2.2472055208707333,23762.185531630283,-85016.16160841483,-84988.50799959626,0.3902770227766284,0.8371459550981399,-10.060459802524718,2.145004461554666,23782.566679974825,-84952.33306223614,-84924.67945341757,-4.966941687682887,-0.5102770530313617,0.1998590753013207,-10.253132825571702,0.725275280548446,1.959719713162449,22967.239684721993,-87545.41054937973,-87499.32120134878,-2330.183203182358,-2320.9653335761686,-2266.3546570036706,-2257.1367873974814,-4859.432144147257,-4831.778535328689
297,74233,-2.1420841153649017,-0.21864277825298534,-9.797186682682733,4.573670385961381,24432.58891884904,-82490.46054555457,-82472.03061740613,0.3560011437552115,0.8222271378142734,-10.049485492710286,2.309619371278317,23741.62968330523,-84618.04338501938,-84590.39849279671,0.3829134484592694,0.8437429759443115,-10.051897040615582,2.2034822212154834,23761.405626927535,-84556.23564165573,-84528.59074943306,-5.4156261334697025,-0.5533787111804176,0.1774001850623754,-10.295855243952817,0.8587862426041025,1.8070807203025394,22989.33092084488,-87004.33103997668,-86958.25621960557,-2127.5828394648124,-2118.3678753905842,-2065.7750961011625,-2056.5601320269343,-4513.87049442211,-4486.22560219944
298,74071,-2.1083415944211183,-0.2151645534504542,-9.798740362253046,4.647605676509674,24598.197120586254,-81648.23649192562,-81629.8109331823,0.3552979644911289,0.819244152379628,-10.054799493932867,2.305794668857674,23849.92562816484,-83934.4417836162,-83906.80344550122,0.38155806301341255,0.8384066738267615,-10.057975399572463,2.197323959570708,23870.310132826537,-83871.16042246799,-83843.52208435301,-5.9587915717566595,-0.6053954938491221,0.15832375472998242,-10.36333029443382,0.9408606155940209,1.65181275737943,23087.22715278015,-86337.86568774698,-86291.80179088868,-2286.2052916905814,-2276.992512318917,-2222.923930542369,-2213.7111511707044,-4689.629195821355,-4661.990857706376
299,74375,-2.118327603654184,-0.21592002570701324,-9.810704665849709,4.63134439117251,24716.550516141207,-81930.97950351395,-81912.54575322826,0.35833533690026786,0.8192585922673008,-10.062335577568877,2.286290264739694,23929.64093064808,-84335.39629901884,-84307.7456735903,0.38487618634003146,0.8389423985480872,-10.065348752271023,2.1797721665400625,23951.60434981725,-84267.16376222036,-84239.51313679181,-5.320861191292699,-0.5440251981574934,0.18650626232076767,-10.28796420900481,0.8279411810726239,1.8381501507408182,23185.69943809594,-86680.32329666115,-86634.23892094691,-2404.4167955048906,-2395.199920362036,-2336.184258706402,-2326.9673835635476,-4749.3437931472,-4721.693167718651
300,74009,-2.1917994629343363,-0.22369961321209897,-9.797958214868254,4.470280415960568,24494.959515719373,-81829.18301137447,-81810.75912740164,0.3541351205985926,0.7764679756846453,-10.056844340819167,2.1925754620783895,23784.520383201998,-84005.44530510799,-83977.80947914875,0.37875840835092955,0.7856481691308722,-10.060195239079649,2.0742725489619986,23801.648354798657,-83952.1683072636,-83924.53248130436,-4.661367636456398,-0.47742040836793165,0.20005530794478862,-10.139548342163808,0.6512009226615848,2.094589972428104,23045.12197585164,-86338.71212970583,-86292.65241977377,-2176.2622937335254,-2167.050351747108,-2122.985295889128,-2113.7733539027104,-4509.5291183313675,-4481.8932923721295
301,74370,-2.200270051631514,-0.22450114959395415,-9.80070728194956,4.454320175235887,24952.649291670088,-81213.44179949946,-81195.00818367206,0.3738506513399593,0.9037279998895194,-10.037786634618397,2.417350342042653,24365.486977484634,-82982.36535695319,-82954.71493321209,0.40566708317806704,0.9452409699113871,-10.040020332321356,2.330090384721885,24383.244024712312,-82928.18582720627,-82900.53540346517,-5.356137619850023,-0.5593716126252168,0.20501247502635528,-10.589963495696384,0.866096797197124,1.787720323001102,23572.64986933073,-85438.56412894068,-85392.48008937218,-1768.9235574537306,-1759.706749540026,-1714.744027706809,-1705.5272197931045,-4225.122329441219,-4197.47190570012
302,74373,-2.0726450707326163,-0.21194646921562127,-9.77909695029661,4.718172488085478,24639.9891854887,-82157.50960858895,-82139.0759120855,0.3588436129123197,0.8521283224296079,-10.033622413882581,2.3746509392040314,23863.137981613763,-84538.10632716052,-84510.45578240533,0.3850042812988441,0.8700533013993564,-10.037933560080074,2.2598535747814514,23885.328128813235,-84468.979585679,-84441.32904092381,-6.094298624871999,-0.6195177710035714,0.14937511138972503,-10.409578396265658,1.0026384333370595,1.6141587002098043,23089.622410577427,-86984.81970082552,-86938.73545956687,-2380.596718571571,-2371.379870319841,-2311.469977090048,-2302.253128838318,-4827.31009223657,-4799.65954748138
303,74463,-2.0696518857384127,-0.21161681070578245,-9.780186549621122,4.725522498259043,24561.30310177243,-82585.16193072575,-82566.72581545234,0.3511995946956133,0.7967190516223411,-10.056721700390804,2.268564837931724,23789.92624545135,-84959.27147158972,-84931.6172986796,0.37568681912795737,0.8089940256388679,-10.059956555405968,2.153373460151467,23814.521118177436,-84882.32873736303,-84854.67456445291,-5.396246450093164,-0.5467260133403701,0.16306206823921973,-10.157164682475198,0.8059169484542011,1.8290697270653544,22984.161307378625,-87521.0344381301,-87474.94414994658,-2374.1095408639667,-2364.8914832272567,-2297.1668066372804,-2287.9487490005704,-4935.872507404347,-4908.218334494231
304,74149,-2.2180758248042136,-0.2261800563185355,-9.806681724760194,4.421256304718896,24827.108251972833,-81125.42033384037,-81106.99267011778,0.3697250225915638,0.8462093595783027,-10.044941620350908,2.2887532838509346,24160.29054673402,-83142.18113152162,-83114.53963593772,0.39872586206951116,0.8730528545460837,-10.047216478797038,2.1896067890220814,24177.32129634598,-83089.9314213237,-83062.2899257398,-4.920869698515561,-0.5077829315385732,0.2059536769653446,-10.273463664862634,0.7915747458910768,1.9693454385518983,23464.30978956333,-85305.54636079584,-85259.47720148934,-2016.7607976812433,-2007.5469658199436,-1964.511087483319,-1955.2972556220193,-4180.126026955462,-4152.484531371563
305,74292,-2.1305262978647446,-0.21726076997431276,-9.806309248175092,4.602763766869796,24688.458130823477,-81841.07611926454,-81822.64460215793,0.35137885985050366,0.7968410820217146,-10.070137012610141,2.2677547600921,23979.527252350235,-84003.60452741967,-83975.95725175974,0.376625660789839,0.8118303164337413,-10.073309335100749,2.155536387858476,23999.449756138914,-83941.9073913481,-83914.26011568817,-5.152011691502694,-0.5282702905460568,0.1913734673150123,-10.319339628332955,0.7547288110816495,1.8929703560772473,23188.074808366113,-86493.01532898011,-86446.93653621357,-2162.5284081551217,-2153.3126496018085,-2100.831272083553,-2091.6155135302397,-4651.939209715565,-4624.29193405564
306,74057,-2.1571618037007494,-0.2196818526554553,-9.819481116102928,4.552037357261277,24551.13512482852,-81760.62865110692,-81742.20347041501,0.3465567448169907,0.7530706287326511,-10.087271962481704,2.1730081436745134,23817.517426866343,-84005.27765346815,-83977.63988243029,0.36950192926670644,0.7563136318303519,-10.091168175614639,2.0468462325252026,23833.901325016825,-83954.35189197252,-83926.71412093466,-4.585715561190779,-0.4727891928244803,0.20669705266662639,-10.279631353897116,0.6117361360865281,2.115107568398339,23026.174013677763,-86503.64641262102,-86457.58346089127,-2244.6490023612278,-2235.436412015275,-2193.723240865598,-2184.5106505196454,-4743.0177615141,-4715.379990476256
307,73781,-2.1299504069067132,-0.21716254111341202,-9.80809303476679,4.6048457292538085,24964.083039846486,-79949.74957420012,-79931.33186115038,0.3658452686993926,0.8275090002976518,-10.057774193492913,2.2619098047639334,24115.865179804172,-82498.22470817972,-82470.59813860513,0.3927434864343931,0.8470063300980522,-10.060563405163782,2.1566400445944574,24140.08369768547,-82424.16682891756,-82396.54025934296,-6.003608540766181,-0.6072288966173213,0.15469444819943437,-10.253789846425263,0.9533637250044731,1.646825448476977,23370.020922205586,-84812.12021635564,-84766.0759337313,-2548.4751339796057,-2539.26627745475,-2474.4172547174385,-2465.2083981925825,-4862.370642155525,-4834.744072580928
308,74278,-2.125591099902731,-0.21697122288316248,-9.796649858250314,4.6089061337802075,24916.04631885976,-81130.06623326534,-81111.63509308544,0.3567587052442373,0.8058069337433046,-10.064185738185811,2.25868891746215,24130.682545862455,-83507.03168964175,-83479.38497937188,0.38231469000106644,0.820181743627019,-10.068002322536676,2.1453053337415082,24151.586551970304,-83442.71375712905,-83415.06704685919,-4.511535189316308,-0.46881302877684355,0.21109623010988562,-10.325383215153686,0.6396114927944199,2.133046520931915,23305.7574393912,-86086.6979565241,-86040.62010607432,-2376.965456376405,-2367.749886286445,-2312.6475238637067,-2303.4319537737465,-4956.631723258761,-4928.98501298888
309,74408,-2.2058744722706747,-0.22492921114026684,-9.806971985044138,4.4458431829754455,24817.72829912368,-81696.37199175263,-81677.93735426878,0.3609309795466499,0.8179890658062864,-10.055367227627006,2.2663309944569674,24113.143155761623,-83837.41149945189,-83809.75954322613,0.38908112390837957,0.8435091697259853,-10.057358777610593,2.1679519202905717,24132.624142098655,-83777.32161421093,-83749.66965798517,-4.975300669596092,-0.5115277149758973,0.19969452366434595,-10.26848362109916,0.7484426194318116,1.9549282877998486,23354.770902714023,-86211.17616894674,-86165.08957523713,-2141.0395076992572,-2131.822188957347,-2080.949622458298,-2071.732303716388,-4514.804177194106,-4487.152220968346
310,74050,-2.1127058087729664,-0.21584990345659494,-9.787846901667985,4.6328489565485915,24588.481554655253,-81633.34345353392,-81614.91846189453,0.35502560630468594,0.8220280284697197,-10.047700756637786,2.3154049000179677,23845.065787491043,-83904.73718177089,-83877.09969431181,0.3800536743282927,0.8344907938598967,-10.052277069733886,2.1957182635709986,23867.17527753939,-83836.10876194731,-83808.47127448823,-5.940020594768291,-0.6007796489009043,0.14360333672154665,-10.262380930623369,0.9697912129834951,1.6645037857548086,23093.90737689245,-86270.96496942204,-86224.90249032357,-2271.3937282369734,-2262.181232417279,-2202.7653084133926,-2193.552812593698,-4637.621515888124,-4609.98402842904
311,74349,-2.1630274090830706,-0.2207652793470181,-9.79786049455284,4.529697799209236,24611.09045461526,-82194.25070068249,-82175.81764967869,0.36021612248864715,0.8066079717310135,-10.056334989963396,2.2392333973236727,23855.912948777088,-84509.34203253112,-84481.69245602543,0.3856711714097334,0.8194873079763045,-10.059941906739528,2.1248342337355806,23877.328810240542,-84442.62760325262,-84414.97802674693,-5.416805783789073,-0.554036737962515,0.1855907682638138,-10.290856633878823,0.8288035625748454,1.8049344591795968,23082.60133454104,-86955.36197004904,-86909.27934253955,-2315.0913318486273,-2305.8748063467356,-2248.376902570133,-2239.1603770682414,-4761.111269366549,-4733.461692860859
312,74614,-2.129029228998592,-0.2171624300781,-9.803856165327083,4.604848083714855,24617.851709757535,-82732.20382970214,-82713.76366282985,0.3512949915198418,0.7974609367881447,-10.06210602787044,2.270060649991085,23868.52588644075,-85036.61035192324,-85008.95010161481,0.3771857968356873,0.8158245563470794,-10.064297032867337,2.1629249117841924,23890.011932716843,-84969.4742946564,-84941.81404434796,-5.386597242175504,-0.547774231730216,0.17334792788560133,-10.228256860374156,0.8144116474858634,1.825569627182663,23124.517513605282,-87395.4315604111,-87349.33114323037,-2304.4065222211066,-2295.1864387849637,-2237.2704649542575,-2228.0503815181146,-4663.227730708968,-4635.567480400525
313,73841,-2.1188176229782476,-0.2159770610055091,-9.8103827004304,4.630121344111133,24532.567221228517,-81362.33004770742,-81343.91070888366,0.3534686965395906,0.8233514807299013,-10.059944734775533,2.329347658761293,23808.128332020868,-83573.67416758517,-83546.04515934952,0.3801210050530158,0.8454375145856194,-10.062826931817776,2.224127326159483,23829.293971130828,-83508.05802024556,-83480.42901200992,-5.591092833457195,-0.5705316408490048,0.17493491634700253,-10.349950490934559,0.8688473214308596,1.7527511682119958,23051.870985205398,-85953.26992167378,-85907.22157461438,-2211.3441198777437,-2202.1344504658628,-2145.7279725381377,-2136.518303126257,-4590.939873966359,-4563.310865730717
314,74669,-2.0865699793241657,-0.21322244118647096,-9.78588354824895,4.689937862241539,24807.624199640286,-82274.81492550342,-82256.37328492006,0.35338033870491475,0.8208435350113563,-10.046387953634058,2.322833064283155,24055.28503149405,-84572.34452898323,-84544.68206810819,0.3799664469251467,0.8427105035427813,-10.049300204912688,2.21785505105085,24078.07645378479,-84501.63212553995,-84473.96966466491,-4.812821366380766,-0.49295948818103885,0.1893028219248301,-10.194608996107611,0.7046769352924154,2.0285642613146155,23303.347293550723,-86939.66122474629,-86893.55712328789,-2297.5296034798084,-2288.3087831881276,-2226.8172000365303,-2217.5963797448494,-4664.846299242869,-4637.183838367826
315,74298,-2.131210964103288,-0.21739749140422407,-9.80329142869713,4.599869085612502,24673.324767712627,-81899.24301260097,-81880.81133397609,0.36349989556262113,0.8386500411220236,-10.049248608878056,2.307153458253324,23887.19986054158,-84303.00826645044,-84275.36074851312,0.3917424325042995,0.8654013531174255,-10.051338854696874,2.209108029439541,23910.069348126584,-84231.90975616373,-84204.26223822641,-5.611939565838863,-0.5702707643159209,0.16728049392786556,-10.241818078098747,0.9014978908655636,1.7535529832036347,23153.86338429209,-86615.701137975,-86569.62194141278,-2403.765253849473,-2394.549414537032,-2332.6667435627605,-2323.4509042503196,-4716.4581253740325,-4688.810607436695
316,74473,-2.1436820419370206,-0.21896738665746926,-9.78996038935416,4.566890144075658,24884.367906835363,-81633.06668225813,-81614.63029841299,0.3611272877982396,0.82142045118945,-10.047821013035787,2.27460089265914,24167.288054320572,-83808.64424128864,-83780.98966552093,0.3862177739222336,0.8316076083004899,-10.05273552517386,2.1532090557487837,24186.592512947132,-83749.1800987292,-83721.52552296148,-4.406811462067039,-0.45647879643058925,0.21177219924752994,-10.223923428287021,0.6563247694504071,2.1906822569184916,23435.7656777301,-86093.69717566686,-86047.606216054,-2175.577559030513,-2166.3593671079434,-2116.1134164710675,-2106.895224548498,-4460.630493408738,-4432.975917641015
317,74400,-2.096555529796852,-0.21417636261727957,-9.788921168407702,4.6690493188874465,24739.098184974933,-81915.68442648878,-81897.25000404714,0.3527443062320707,0.7896365657159936,-10.053648784390917,2.2385522650973457,23919.112854905747,-84421.49074788037,-84393.8391142179,0.3773602887890825,0.8018440173370512,-10.056521347424058,2.1248765202880815,23943.267030151907,-84346.39749947985,-84318.74586581739,-5.997554735574118,-0.6046422389254533,0.1388411282011337,-10.193567126291006,0.9332253841465449,1.6538705628259798,23137.851759608748,-86888.16294186056,-86842.07688575645,-2505.8063213915884,-2496.5891101707675,-2430.7130729910714,-2421.4958617702505,-4972.478515371782,-4944.826881709319
318,74440,-2.0810647199073786,-0.21281081641520835,-9.778942419200536,4.699009274269838,24744.639991000447,-81983.06457944993,-81964.62908202842,0.3665875259939479,0.8815604370996397,-10.02863496442617,2.4047747798003187,23983.584257987695,-84306.51751096467,-84278.8642648324,0.3967615170824429,0.9188011894895354,-10.030442720389896,2.3157517801773553,24007.53670267022,-84232.21126036969,-84204.55801423742,-5.220911403578466,-0.5377848879210315,0.18877960777812597,-10.354596894088704,0.8408774133718369,1.8594795474186703,23210.45668532047,-86741.67145892208,-86695.58271536829,-2323.4529315147374,-2314.2351828039828,-2249.146680919759,-2239.9289322090044,-4758.6068794721505,-4730.953633339872
319,74188,-2.0588940333290027,-0.21000711624934595,-9.80392507692184,4.761743401174456,24341.67531638931,-82672.03433300371,-82653.6056176217,0.3479849970994358,0.795802464972545,-10.066166546015811,2.2868872842387127,23514.234638047743,-85235.74826004497,-85208.10518697195,0.3720856752760041,0.806460210584826,-10.069953715362006,2.167404617193643,23538.73175990677,-85158.49945811777,-85130.85638504475,-5.881571771563306,-0.5930529683530634,0.1425149397999192,-10.223087574436525,0.9177276035295163,1.686190025786479,22738.521989190544,-87720.42010153139,-87674.34831307635,-2563.713927041259,-2554.499569350257,-2486.4651251140604,-2477.2507674230583,-5048.385768527674,-5020.742695454654
320,74247,-2.2042552479355826,-0.22478413662015598,-9.806097890530284,4.448712507190028,24550.056396947944,-82163.90913633275,-82145.47883102913,0.35983552737756075,0.8133215013016589,-10.055748973136286,2.2602590334229946,23894.259585955948,-84172.21393397386,-84144.56847601844,0.3871104957093452,0.8349925484922962,-10.058442539422602,2.156987624327383,23912.41930170166,-84115.80740203345,-84088.16194407802,-4.3263190038976935,-0.44967063546371105,0.21430740898534012,-10.266917651027377,0.6207362437521489,2.2238499050950398,23142.00070211599,-86543.30616233291,-86497.23039907387,-2008.304797641118,-1999.0896449893044,-1951.8982657007,-1942.6831130488863,-4379.397026000166,-4351.7515680447395
321,74193,-2.0606196300459505,-0.21056369146448953,-9.78620585398249,4.749156861018676,24328.278966695703,-82723.44964314313,-82705.02079297297,0.3491879350274466,0.8044296852250262,-10.057685700901967,2.303715577005251,23567.477950886157,-85078.68801132834,-85051.04473607309,0.37379980722554174,0.8166977638917313,-10.061704061210788,2.184853357612771,23587.29347134931,-85016.3327945849,-84988.68951932965,-4.789995989076068,-0.4946352194296893,0.19697238084183513,-10.323295333651158,0.7039925009235889,2.0216918664889905,22775.87480761807,-87609.55532355382,-87563.48319812841,-2355.238368185208,-2346.0239431001246,-2292.883151441769,-2283.6687263566855,-4886.105680410692,-4858.462405155442
322,74388,-2.115611886834846,-0.21590702950392132,-9.798717029713115,4.631623168072154,24663.732459863262,-82117.43564652049,-82099.00154668551,0.35932956863017324,0.8269280342788788,-10.049379240287845,2.3013080649924587,23865.10342381808,-84564.03263586995,-84536.38148611749,0.3862100222517122,0.8481261277351728,-10.05206234690738,2.1960230933168456,23887.931597505776,-84492.91077679314,-84465.25962704068,-6.149506123270596,-0.6207431542386451,0.1373143652802095,-10.279014582373437,1.004956971875224,1.6109722566759863,23119.161185648307,-86922.26239917964,-86876.1771495922,-2446.596989349462,-2437.3799394319794,-2375.475130272651,-2366.258080355168,-4804.826752659152,-4777.175602906689
323,74593,-2.05729520343766,-0.21024238901372325,-9.785349248972686,4.756414749143317,24567.10798031929,-82841.8348602652,-82823.39525636919,0.3486918001910319,0.8085538756527212,-10.04909658185477,2.318821019621776,23775.256144530515,-85283.73219830696,-85256.07279246293,0.3732044666213126,0.8211812333632013,-10.053078891395739,2.200352104028934,23798.035170931314,-85212.29900547185,-85184.63959962783,-5.46069811693317,-0.5554572061751865,0.1654584865433028,-10.24156325672732,0.8475270866660126,1.8003187084129908,23014.480263502304,-87705.62989796718,-87659.53088822713,-2441.897338041759,-2432.6775360937463,-2370.464145206657,-2361.244343258644,-4863.795037701988,-4836.135631857949
324,74155,-2.084270063221909,-0.21274103467915045,-9.797216913818914,4.700550608434191,24379.77613902648,-82486.28564619148,-82467.85782063912,0.33989567689988703,0.7514748017285521,-10.075672242917493,2.210898380887297,23643.355504113148,-84758.75427965794,-84731.1125413294,0.36235108964524143,0.7550116187676759,-10.079078076438279,2.0836466077882294,23661.79037360401,-84700.95769998642,-84673.31596165789,-4.485965949036221,-0.4626501564529727,0.2024740176112657,-10.255357948667662,0.6177776225140691,2.1614604168012375,22862.47211308668,-87245.27444907816,-87199.20488519728,-2272.4686334664584,-2263.254720690282,-2214.672053794944,-2205.4581410187675,-4758.988802886684,-4731.347064558155
325,74114,-2.0847344680771607,-0.21278184078889864,-9.797520598317554,4.699649163163798,24688.098140466278,-81468.27341627225,-81449.84669681762,0.34993265768126747,0.7871179686201556,-10.064370935282506,2.249341269933982,23870.037096896747,-83963.71335720996,-83936.07327802802,0.37332894697320995,0.7931200629378534,-10.067974314634478,2.1244537005987048,23892.838283943154,-83892.9518173464,-83865.31173816447,-5.7198769441150334,-0.5796530554325154,0.15982296875517601,-10.250972220948027,0.8933319183823422,1.7251698936596433,23118.7587913121,-86329.85221870744,-86283.78542007088,-2495.4399409377074,-2486.2265812104015,-2424.678401074154,-2415.465041346848,-4861.578802435193,-4833.938723253261
326,74160,-2.172441583656111,-0.22138802855062029,-9.812823204030579,4.516956072768634,24777.6250372623,-81296.41339869204,-81277.98543829155,0.359871933714845,0.8069733120561347,-10.071464708552739,2.242390240678128,24045.222761759636,-83519.56125607032,-83491.9193154696,0.3854198019770801,0.8209044528378105,-10.075728789554999,2.129896929599449,24066.970626774928,-83452.51705518109,-83424.87511458037,-4.861320802053096,-0.5014608879238568,0.20685533020500912,-10.309686447228284,0.7063500741050445,1.994173472113029,23261.07131376184,-85974.34605468115,-85928.27615367995,-2223.1478573782806,-2213.933877178046,-2156.103656489053,-2146.889676288818,-4677.93265598912,-4650.290715388401
327,74093,-2.1050638920686118,-0.21483429140019464,-9.79854695611552,4.65475038217802,24711.061430171583,-81355.30690679509,-81336.88075411532,0.3606879681975929,0.8731052946016122,-10.042697812467171,2.42066653613271,24026.18353573705,-83435.82094594293,-83408.18171692328,0.389857697991234,0.9061495645360758,-10.04481121780175,2.3243085084764714,24046.826927754766,-83372.1872802317,-83344.54805121204,-6.943933440628864,-0.7046078924734708,0.13683368907881702,-10.687458499255314,1.120815806881201,1.419229064394352,23255.4191770458,-85847.69941998633,-85801.6340382869,-2080.514039147849,-2071.30096280796,-2016.8803734366084,-2007.6672970967193,-4492.39251319124,-4464.753284171573
328,73821,-2.1186774767970906,-0.21646461884221052,-9.787638682612963,4.619692610037758,24626.19240186865,-81039.10299836627,-81020.68420132036,0.35475329643296394,0.7895560744432663,-10.062331936874825,2.2256483093525388,23842.380976620676,-83424.90952769859,-83397.28133212971,0.37929687971903575,0.7991326688760579,-10.066728558615866,2.1068791007930665,23862.93698414201,-83361.29124822724,-83333.66305265836,-4.47494483631779,-0.46288197309401397,0.20756089165875163,-10.258913935510991,0.619683942040881,2.1603779324473593,23040.07194130997,-85947.78405858348,-85901.7370659687,-2385.806529332316,-2376.5971308093576,-2322.188249860963,-2312.9788513380045,-4908.6810602172045,-4881.0528646483435
329,74243,-2.050219713112437,-0.2094162037777358,-9.790167504365806,4.775179675500906,24899.16576778131,-81107.16035272497,-81088.73015517271,0.3591716526266212,0.8493750730859205,-10.049934650208408,2.3648165629844202,24084.93412927301,-83573.57635655424,-83545.93106022586,0.3858300725229513,0.8711247875819131,-10.053808934848618,2.2577939088200383,24109.289953826457,-83498.53625908762,-83470.89096275924,-6.623525695546054,-0.6725443596278378,0.14640569083230395,-10.563530835217477,1.055737731601933,1.486890768890493,23284.743552515323,-86078.10939771043,-86032.0339038298,-2466.4160038292757,-2457.2009050531487,-2391.3759063626494,-2382.1608075865224,-4970.949044985464,-4943.303748657083
330,74276,-2.081190876119165,-0.21237381639128064,-9.799658505381608,4.7086783907371395,24670.59018101239,-81861.22691263509,-81842.79582630764,0.3501620702735878,0.7803662214865879,-10.071419271890981,2.2285858113555075,23863.537380185026,-84329.66092863481,-84302.01429914364,0.3742135037821385,0.7903556940370606,-10.074315300396096,2.11204482480994,23884.948479029852,-84263.04809868753,-84235.40146919637,-5.6438072671856805,-0.5740109954010382,0.17213711064115564,-10.303156077535776,0.8619528725213369,1.7421269069965126,23077.52410910058,-86813.349841072,-86767.27212525341,-2468.4340159997228,-2459.2184728360007,-2401.821186052446,-2392.605642888724,-4952.122928436918,-4924.476298945767
331,74213,-2.094169851186846,-0.21355690775740085,-9.806144288087408,4.682592618994057,24630.862436193987,-81848.42015442454,-81829.99076519262,0.34886460838092787,0.7982183794279012,-10.07202177379984,2.2880463086594345,23934.607470164403,-83974.46340707228,-83946.81932322438,0.3732099632551008,0.8099851166881625,-10.076260494185078,2.1703201855158194,23955.032907920195,-83911.15814555353,-83883.51406170563,-5.217762691312428,-0.5339683009079207,0.1859507750651484,-10.319930548355273,0.778462930367488,1.8727703466660344,23157.73554701233,-86419.23631790042,-86373.16284482059,-2126.043252647738,-2116.8285580317606,-2062.73799112899,-2053.5232965130126,-4570.816163475873,-4543.17207962797
332,74258,-2.140362479712292,-0.21846974130833607,-9.797066023397278,4.577292919428396,24992.005755907838,-80862.18318353005,-80843.75258194012,0.3607522251832229,0.826476653802793,-10.048643418256473,2.290981444072958,24270.41685510185,-83035.77985757124,-83008.13395518633,0.38827167808643304,0.8501562029739512,-10.05072946890992,2.18959108004962,24289.9787033207,-82975.9523464109,-82948.30644402599,-5.134912569055835,-0.5247794845504333,0.18700046446629193,-10.20246689120315,0.8044326375168876,1.9055622970030495,23562.68262267085,-85229.36959352634,-85183.2930895515,-2173.5966740411823,-2164.381373246215,-2113.769162880839,-2104.5538620858715,-4367.186409996284,-4339.540507611382
333,74011,-2.1261276557033173,-0.21663801415569434,-9.814194724732396,4.615995045455484,24687.26436034825,-81254.61843701683,-81236.19449899725,0.36433402103230034,0.859651825568814,-10.05926278289859,2.3595156530622234,23930.56312071743,-83556.6596204102,-83529.02371338083,0.3919420441621146,0.8823626431302151,-10.063140391924708,2.251257950691438,23951.05478670693,-83493.3113523098,-83465.67544528043,-5.964367434149033,-0.6094487918853313,0.17235700140505836,-10.482938648920754,0.9734655819324564,1.6408269461105955,23191.770293565136,-85873.56661915622,-85827.50677410729,-2302.0411833933613,-2292.8292143835715,-2238.692915292966,-2229.4809462831763,-4618.948182139386,-4591.312275110031
334,74650,-2.0956803981132297,-0.21388951218880584,-9.797957724375555,4.675311050862906,24638.410745114204,-82745.8151183255,-82727.37398671955,0.35385672874502166,0.8080953274971187,-10.053585514835017,2.283679415573322,23870.909752545165,-85106.1953769802,-85078.53367957131,0.37985815050058913,0.8267079199681365,-10.056261451752022,2.1763595670612164,23892.221653725315,-85039.57773773256,-85011.91604032366,-5.138688366070531,-0.5245250381102141,0.18329962339237113,-10.193826873118276,0.8031911713904232,1.9064866828909668,23157.340725832877,-87367.72793470779,-87321.62510569295,-2360.38025865471,-2351.159692851754,-2293.7626194070617,-2284.5420536041056,-4621.91281638229,-4594.251118973392
335,73935,-2.1807785423116304,-0.2223450254107565,-9.808083352811227,4.497514608894966,24877.59386757699,-80527.3901395079,-80508.96825629228,0.36434899615598854,0.8566467961096407,-10.051451691819071,2.351171006775287,24236.310459770764,-82456.24797416246,-82428.61514933904,0.39354468267677406,0.8869347109237383,-10.053876906619513,2.253707774403333,24252.231439167437,-82407.69556949547,-82380.06274467205,-4.909907197378516,-0.5127468700668756,0.21003083154949762,-10.475775865680887,0.7879583732181045,1.9502800667892402,23483.376394817555,-84785.57428258471,-84739.51957454567,-1928.8578346545546,-1919.6468930467527,-1880.3054299875657,-1871.0944883797638,-4258.184143076811,-4230.5513182533905
336,74473,-2.113082377498016,-0.21577656741810847,-9.792918678715996,4.634423524136929,25024.30380325582,-81215.44493571126,-81197.00855186612,0.3540765858145098,0.8020958899423681,-10.059699947662557,2.2653175106093073,24293.028572509054,-83422.17154453282,-83394.5169687651,0.3792657555177706,0.8163664671736517,-10.063011945798454,2.1524919012504955,24313.579168185788,-83359.19802409336,-83331.54344832565,-5.408478947828968,-0.5530529537373914,0.1829365243614959,-10.31295436858917,0.8205473529628797,1.808145121081542,23504.07965781667,-85876.92821980373,-85830.83726019086,-2206.7266088215547,-2197.508416898985,-2143.753088382102,-2134.5348964595323,-4661.483284092465,-4633.8287083247415
337,74460,-2.1679130808978084,-0.22115902688440142,-9.802507776591748,4.521633207052834,24529.56913119489,-82675.101448998,-82656.66541430315,0.3664233518728085,0.8781600479742468,-10.034864932274887,2.396572280358023,23879.824029706786,-84672.00796616862,-84644.35391412633,0.39678626077037893,0.9147052926388304,-10.036775264556772,2.305284691216091,23898.57920777013,-84613.5501469156,-84585.89609487331,-5.328256539728162,-0.5485648320418368,0.18792783080799538,-10.385627548648815,0.8734843312981155,1.8229385873641533,23163.152726516015,-86936.8896483991,-86890.79956166196,-1996.906517170617,-1987.6884998231835,-1938.4486979176,-1929.2306805701664,-4261.788199401097,-4234.134147358811
338,74222,-2.203421561920171,-0.22440599600153185,-9.818906808110109,4.456208915171651,24451.75011185249,-82409.05156671655,-82390.62193495421,0.3588894819513502,0.8262397186983219,-10.065682990174151,2.3022121300571414,23830.834596311088,-84316.15119243793,-84288.50674479443,0.38500526100521143,0.8419105367396553,-10.070282814874366,2.1867507330718245,23848.238868625045,-84261.96473858364,-84234.32029094014,-4.477296269485149,-0.46827437067717137,0.21599540443642407,-10.392619461425667,0.6758302759723275,2.135500173870076,23064.806493955595,-86737.16102944547,-86691.08695003964,-1907.0996257213847,-1897.8848098402232,-1852.9131718670978,-1843.6983559859364,-4328.109462728928,-4300.465015085429
339,74048,-2.123683108127509,-0.21670763511013788,-9.799761356115505,4.61451207979713,24529.35788561509,-81807.40338203075,-81788.97844440964,0.36354375550194207,0.8595803518945611,-10.04255046435164,2.3644481273175635,23803.300084067916,-84030.2829983311,-84002.64559189943,0.39091315359220824,0.8815854041408066,-10.046628795325711,2.255195037669304,23823.53435673302,-83967.36437146686,-83939.7269650352,-5.469657311782644,-0.5614500699048042,0.18398904324373108,-10.376828256251498,0.9027134472746023,1.781102280688207,23072.359347947167,-86335.75822208005,-86289.69587802728,-2222.8796163003426,-2213.6671474897885,-2159.9609894361056,-2150.7485206255515,-4528.354840049302,-4500.7174336176395
340,73498,-2.1860736186940213,-0.2229313952707114,-9.8060374853861,4.48568492914905,24550.245010700088,-80589.22943903989,-80570.819412092,0.3657253850707688,0.8468982815646446,-10.048140092261251,2.3156672086100003,23879.682415166673,-82622.6716604219,-82595.05662000006,0.393769023401598,0.8708774895938725,-10.050935141317206,2.21164550240835,23897.99844842942,-82566.31932793692,-82538.70428751508,-5.4585963301940765,-0.5587191478538146,0.18343924590675564,-10.321722984239383,0.8805888492026467,1.7898079989584388,23152.717196131813,-84890.9242239006,-84844.89915653087,-2033.4422213820071,-2024.237207908067,-1977.089888897026,-1967.8848754230858,-4301.694784860709,-4274.079744438874
341,74484,-2.1333552042188026,-0.21769933919772633,-9.799548368317158,4.593491205279892,25019.50213738417,-81252.73559715945,-81234.29891792705,0.36375467291426067,0.8217852297185965,-10.054497762520157,2.2591743581869985,24148.940977745187,-83888.59233924742,-83860.93732039882,0.3896156056802471,0.8361198670610542,-10.058266819046285,2.1460122614987034,24173.94019392502,-83811.5256685975,-83783.8706497489,-6.324816497482994,-0.6362759752361243,0.12918582944702617,-10.25269998269854,0.9969673531931117,1.5716450705668972,23354.728065228537,-86375.41751353013,-86329.32581544912,-2635.85674208797,-2626.63840247177,-2558.790071438052,-2549.571731821852,-5122.681916370682,-5095.026897522068
342,73957,-2.1438020801834172,-0.2187653110093512,-9.799552178963966,4.571108624974161,24662.464360617774,-81215.68219457513,-81197.25971633071,0.35736279387488606,0.8189779079341958,-10.051373900675005,2.2917268444597028,23935.940305957345,-83425.09399778246,-83397.46028041582,0.3845048339294213,0.8419446796724728,-10.05361445986947,2.1896855523720617,23957.316307779893,-83359.07614125973,-83331.4424238931,-5.8235940383449165,-0.5900857828894742,0.15580804100318277,-10.254616679624732,0.9172996412741459,1.6946688583197143,23184.63806200295,-85779.67155266655,-85733.61535705549,-2209.411803207331,-2200.200564085113,-2143.393946684606,-2134.182707562388,-4563.989358091421,-4536.355640724782
343,73873,-2.121729280802438,-0.21661240806633208,-9.795049599156442,4.61654070940283,24356.873666713032,-81960.55397331528,-81942.13376795211,0.3683696306221777,0.8981548824649379,-10.035296471164415,2.438189274582573,23662.033460074806,-84096.60819725749,-84068.97788921274,0.3996716052912573,0.9400120049705912,-10.036932711268015,2.351960941247166,23683.89388620089,-84028.39133196486,-84000.7610239201,-6.241126802343121,-0.6365341177780236,0.15686326987046684,-10.531063794640719,1.0404268334618292,1.5710076994627438,22906.75760235832,-86489.03657736565,-86442.98606395774,-2136.0542239422066,-2126.8441212606267,-2067.8373586495727,-2058.627255967993,-4528.4826040503685,-4500.852296005629
344,74416,-2.1466123756543514,-0.21932621827108065,-9.787304010326766,4.559418421941831,24420.81647262981,-82912.9169520401,-82894.48209953717,0.36321124582042774,0.8968784939958065,-10.0296691212044,2.469302656006485,23838.912056397974,-84705.58505914694,-84677.93278039254,0.39412480393208843,0.9374608022339895,-10.03142303094963,2.3785886929245974,23855.271256783883,-84654.53538310298,-84626.88310434858,-4.990080287067126,-0.5270920971964702,0.20782153957129595,-10.64004891514146,0.8319117930231921,1.8972016566343175,23053.297369463635,-87195.29452572392,-87149.2073944666,-1792.6681071068306,-1783.4506808553706,-1741.6184310628742,-1732.4010048114142,-4282.377573683814,-4254.725294929434
345,74571,-2.1109455086598583,-0.21560332042676916,-9.790876617676453,4.638147492443909,24800.66757745243,-82089.80603159072,-82071.36701764939,0.357121880411574,0.8152019792103209,-10.052711034667492,2.2826996158029327,24037.0016775517,-84420.10291519956,-84392.44439428757,0.3833235474638161,0.8333576718721596,-10.055390575461335,2.174032034780813,24059.173822884917,-84351.34904237848,-84323.69052146649,-5.752340002698439,-0.5829612987054665,0.15659959584584007,-10.242299562644934,0.910310802767218,1.71537973827871,23273.09578712928,-86824.47578330988,-86778.37824845655,-2330.2968836088403,-2321.0773766381753,-2261.543010787762,-2252.323503817097,-4734.669751719164,-4707.011230807155
346,74342,-2.130670598465402,-0.21754870176044078,-9.79399362636346,4.596671880401177,24205.896870227083,-83413.65590587085,-83395.22304317704,0.35971316151758564,0.8410249321532297,-10.044094855932297,2.338043258147822,23481.44932051874,-85670.57898449434,-85642.92969045362,0.38719444784608736,0.8642925618300502,-10.046704023643215,2.2321925498622153,23502.817595744156,-85602.95803260569,-85575.30873856497,-5.624207876667208,-0.571099698508979,0.1594003166719486,-10.25575999083899,0.9079231793812915,1.7510077533061028,22722.754014482634,-88108.26145228975,-88062.17929555522,-2256.923078623484,-2247.7066472765728,-2189.3021267348377,-2180.0856953879265,-4694.605546418898,-4666.956252378179
347,73594,-2.106438144765695,-0.21488410474802427,-9.802670826842823,4.653671341454559,24711.608186133788,-80308.42572620348,-80290.01308864418,0.34831213650369314,0.7747716777245054,-10.075790142441146,2.2243602692158575,23973.194253142454,-82539.0322045043,-82511.41324816534,0.3718736840065053,0.7811634571462223,-10.079423420928133,2.1006150495246048,23990.391613556778,-82486.25789358918,-82458.63893725022,-4.706644863401811,-0.48640857703783036,0.20325943920112488,-10.328646439877454,0.6599026371665488,2.0558847997497898,23175.54093574239,-85025.36834718323,-84979.33675328497,-2230.6064783008187,-2221.4001595211594,-2177.832167385699,-2168.6258486060397,-4716.942620979753,-4689.3236646407895
348,74332,-2.1368091203189006,-0.2179450609100872,-9.804347533254893,4.588312283032411,24657.67085108203,-82017.90575669226,-81999.47316304347,0.353122634175129,0.7960491897937546,-10.066875310025855,2.2543136937491206,23940.112007319673,-84211.1277375099,-84183.47884703672,0.3776719498943897,0.8059476087716382,-10.070631114405586,2.1339885289257237,23958.03095066717,-84155.51176257692,-84127.86287210374,-4.880320421928649,-0.5033448869727775,0.20234220097644068,-10.318539733493473,0.7268905615653306,1.9867093634629158,23172.025107840876,-86631.0676474843,-86584.98616336234,-2193.221980817645,-2184.0056839932513,-2137.6060058846633,-2128.3897090602695,-4613.161890792049,-4585.513000318868
349,74098,-2.0750389744911284,-0.21212885883112798,-9.781973965847948,4.714115776185277,24511.6424539995,-81966.19630597006,-81947.77001832933,0.3474963178001834,0.7946572184983648,-10.054630761667786,2.28680759418955,23787.489552831164,-84186.27776557326,-84158.63833411217,0.37140986671026727,0.8040111006875449,-10.058247562403377,2.164754285633303,23807.229905606502,-84124.8120920504,-84097.1726605893,-5.01519640649274,-0.5142994086801922,0.18644427864368174,-10.27515351828027,0.7445816298046481,1.9443926691773272,23004.49304162257,-86662.35612393904,-86616.2904048372,-2220.0814596031996,-2210.8683157828345,-2158.615786080336,-2149.402642259971,-4696.159817968975,-4668.520386507866
350,73871,-2.179757459953037,-0.22218739063729334,-9.810446280056238,4.5007054501685735,24316.257126523593,-82079.62205699414,-82061.20190577868,0.3698811920889435,0.8497491072849639,-10.051686702674196,2.297356895834349,23554.655263721335,-84428.32045964948,-84400.6902328263,0.3981353847458628,0.8731782032480603,-10.054589677631329,2.1931690492806264,23575.19168866011,-84363.94315139302,-84336.31292456984,-5.898481067545236,-0.6000970313137403,0.1671511489484839,-10.343581166138613,0.9592466584924029,1.6663971788208767,22793.904588603455,-86849.52895864674,-86803.4785806081,-2348.69840265534,-2339.488327047613,-2284.3210943988815,-2275.1110187911545,-4769.906901652605,-4742.276674829423
351,74710,-2.083796646537328,-0.21274001413737914,-9.7950385825945,4.700573157592437,24903.045957435934,-82074.18621906103,-82055.74348059909,0.34149236736793187,0.7544605920136012,-10.072757104665415,2.209304406504429,24118.858326150494,-84462.6137993932,-84434.9496917003,0.36420543061185007,0.7595686509013486,-10.076568507126547,2.0855500414293786,24140.054417629286,-84396.98612540824,-84369.32201771533,-5.098475576250924,-0.5185325822099924,0.1792520919238865,-10.18065264144464,0.7115401343261585,1.9285191216682804,23333.930406238498,-86930.43118820168,-86884.32434204684,-2388.42758033218,-2379.2062111012056,-2322.799906347209,-2313.5785371162347,-4856.244969140651,-4828.580861447743
352,73810,-2.201419066809221,-0.2244959886977077,-9.806050787720373,4.454422574768308,24598.00603638635,-81100.55664794294,-81082.13814893742,0.36965608858731663,0.8745409893348367,-10.046206632248518,2.365823305324135,23983.785532868715,-82965.0185342986,-82937.3907857903,0.39914914595345063,0.9046648199506054,-10.049036350375943,2.2664831658091753,24000.168866564945,-82914.61610614342,-82886.98835763513,-4.995198060062136,-0.5220285126975102,0.2111784506127,-10.49412086500148,0.8161937098522689,1.9156041780795425,23230.416716612122,-85316.70261383073,-85270.6563663169,-1864.4618863556534,-1855.252636852878,-1814.059458200485,-1804.8502086977096,-4216.145965887787,-4188.518217379489
353,74014,-2.0727016918237893,-0.21148224919091949,-9.800830564992808,4.728529244538304,24312.63057669343,-82392.69777129372,-82374.27375220676,0.35438737038087037,0.8133409125642,-10.067169632155467,2.2950617898433543,23518.329347651576,-84849.13959799844,-84821.503569368,0.37863875890372173,0.822461234966371,-10.071879623294494,2.1721527858047467,23540.515956969288,-84779.3495377842,-84751.71350915376,-5.499502073593868,-0.5615568459509219,0.17838763062818366,-10.346857190735452,0.8422859396370267,1.7807636167388055,22731.32406060413,-87364.29501774847,-87318.23497003107,-2456.441826704715,-2447.2298171612347,-2386.6517664904823,-2377.439756947002,-4971.597246454752,-4943.9612178243115
354,74097,-2.1409415864373402,-0.21863521509072165,-9.792299861433422,4.5738286011476,24814.071068790276,-81055.46322124545,-81037.03696059618,0.35890274683528944,0.8201431191004914,-10.05217472929587,2.2851402680316575,24114.171341312063,-83173.4661173935,-83145.8267264196,0.3860481316774088,0.8429557537263795,-10.05388345465607,2.183550921652365,24134.645934344546,-83110.57935263302,-83082.93996165913,-5.385685820565792,-0.5516197758411872,0.18469962044947932,-10.328028369033703,0.8256561833397416,1.8128429106354278,23331.616918861368,-85613.94838278583,-85567.88273116267,-2118.0028961480566,-2108.7897658234288,-2055.116131387578,-2045.9030010629504,-4558.4851615403895,-4530.845770566491
355,74238,-2.1405857866137983,-0.21841486678733396,-9.80054983481524,4.578442917870052,24789.825811508348,-81423.41793932237,-81404.9878764675,0.360431082234589,0.8384138832327725,-10.051844211121006,2.326142013154918,24091.104018048954,-83543.93246917524,-83516.28737489291,0.38888918080962476,0.8670671404442775,-10.05299466862554,2.2295995446289827,24111.331005322772,-83481.6280993382,-83453.98300505587,-5.85152245198269,-0.5973785510863262,0.17080830880821385,-10.419998680474103,0.9321492765285094,1.6739804236049507,23338.12295813177,-85897.31877296146,-85851.24361582425,-2120.514529852866,-2111.2994984254183,-2058.2101600158203,-2048.9951285883726,-4473.900833639083,-4446.255739356755
356,74233,-2.0925461118547077,-0.21342860103630368,-9.804431560223604,4.685407649886167,24438.848846406356,-82471.44358079345,-82453.01365264501,0.3506923460651898,0.8051172955565237,-10.066741921090317,2.2957937479675175,23695.513094613045,-84762.37643740786,-84734.73154518519,0.37641276330269363,0.8233540749222058,-10.069086051298846,2.1873702360621143,23717.357744030334,-84693.97332465592,-84666.32843243325,-5.6846121151144,-0.5770397686154356,0.16282545731563083,-10.307731742498092,0.8771503725587538,1.7329828105252196,22923.805247948854,-87216.21683059933,-87170.14201022821,-2290.9328566144104,-2281.717892540182,-2222.5297438624693,-2213.314779788241,-4744.773249805876,-4717.128357583206
357,74421,-2.128866743566487,-0.21749254619667338,-9.788228519985246,4.597858719699404,24469.370976126072,-82775.6682078835,-82757.23322100539,0.3593561506974115,0.8540018020383175,-10.043480596890623,2.376477487253063,23807.893961522786,-84813.17321710353,-84785.52073678635,0.3873806273458271,0.8806409120681999,-10.046564336370613,2.2733220246505086,23826.898080542385,-84753.7920145848,-84726.13953426763,-4.191634299312194,-0.4422734125761602,0.21340803413720533,-10.411468705401084,0.6382083620321061,2.2610448007154362,23011.93457758299,-87339.80192210083,-87293.71445490554,-2037.5050092200254,-2028.2875157809613,-1978.1238067013037,-1968.9063132622396,-4564.133714217329,-4536.481233900151
358,74426,-2.0329811491414036,-0.2079267072595744,-9.777393082089462,4.809386986307662,24811.89040018684,-81751.64762415427,-81733.21250290998,0.3545947876603013,0.8225654975010824,-10.04217821231416,2.319733752795862,23970.59080975789,-84316.99436539033,-84289.34168352392,0.3789717452228332,0.8331773150137597,-10.046628846148703,2.1985209333319986,23994.65892993614,-84242.30303896345,-84214.65035709704,-5.785021021063932,-0.5854948106640957,0.1470072522112166,-10.225854554102968,0.9254034897101474,1.707957067741989,23205.55576264691,-86727.07412868894,-86680.98632557824,-2565.3467412360624,-2556.1291806139343,-2490.655414809182,-2481.4378541870537,-4975.426504534669,-4947.773822668256
359,74424,-2.1622510394330914,-0.22044171762881898,-9.808719795378758,4.536346435495507,24402.12565479952,-82986.81453454112,-82968.37946704222,0.3613234505410165,0.8366135971848286,-10.056802499135364,2.3154146123982575,23678.431856460327,-85225.39817136811,-85197.74557011976,0.3888577702424082,0.8602792962506111,-10.059322899539708,2.2123237905579862,23701.23986465495,-85153.74451606258,-85126.09191481423,-5.78298296575344,-0.5893888019993233,0.1715204336807582,-10.362015538951631,0.9300396254720587,1.6966728865696163,22934.8469627194,-87596.05442718386,-87549.96675843661,-2238.5836368269956,-2229.36610307754,-2166.9299815214617,-2157.7124477720063,-4609.239892642741,-4581.5872913943895
360,74289,-2.113351972152561,-0.21599050699596534,-9.784466926558203,4.629833106594263,24407.709831834356,-82684.39910516597,-82665.96766882339,0.35883843249506464,0.8242773733970256,-10.047521483701491,2.2970710457786945,23655.160094491435,-85008.96582338755,-84981.31866887368,0.3845725654969033,0.8398466571269396,-10.050985741904665,2.1838444352934543,23677.48114113607,-84938.89965704583,-84911.25250253195,-5.393024122481182,-0.5498121427801418,0.17461034001077763,-10.245547962334797,0.8281706383872299,1.8188030459703375,22874.666887118336,-87497.45301578245,-87451.37442492598,-2324.566718221584,-2315.3510000502865,-2254.500551879857,-2245.2848337085597,-4813.05391061648,-4785.406756102588
361,74171,-2.139894695410225,-0.21798894095583574,-9.816528701076468,4.587388679513786,24476.566313038988,-82226.20245472752,-82207.77419769316,0.35873636217530835,0.8002648137908095,-10.06511675504481,2.230788116761171,23625.92396064665,-84847.74945435788,-84820.10706880633,0.38400997997669417,0.8123629813465724,-10.068685015259236,2.1154736171072304,23647.420957885428,-84780.29267105435,-84752.65028550281,-5.1768636949240285,-0.5270649022210611,0.1866331726153821,-10.160684977015803,0.7725326880660348,1.8972995465757287,22909.06534919698,-87129.09763262596,-87083.02699004006,-2621.546999630358,-2612.332871113176,-2554.090216326833,-2544.876087809651,-4902.895177898434,-4875.252792346902
362,74067,-2.155889705058125,-0.21996171064228343,-9.801204485830619,4.546245785596146,24387.426142579985,-82277.20891461626,-82258.78346388035,0.35752345469423896,0.8270247172014684,-10.054577852423114,2.313204088690506,23703.504656473076,-84382.02728244031,-84354.38910633643,0.38457991377738293,0.8482947708052331,-10.057459575739559,2.2057698294047543,23721.923531786033,-84324.49566033325,-84296.85748422937,-4.973915065698857,-0.5121950032214919,0.19566111197978692,-10.318141167716139,0.7575439775573838,1.9523814049540098,22933.24622538758,-86824.84951872507,-86778.78589188527,-2104.8183678240457,-2095.605642456081,-2047.2867457169923,-2038.0740203490277,-4547.640604108805,-4520.002428004926
363,74495,-2.095614055169877,-0.2140077972402039,-9.7922322559946,4.6727269421758155,24927.343320322947,-81550.64403168696,-81532.2070571109,0.355078888815907,0.81282932088645,-10.055682566050852,2.2891513590036796,24146.778377161918,-83918.65445344472,-83890.99899158065,0.3798920595708484,0.8243297689926159,-10.060346199765041,2.169905235513041,24168.28115442635,-83852.34595611057,-83824.6904942465,-5.29316080778935,-0.5408946934836765,0.18218916854502973,-10.271362327127434,0.8104576907046375,1.84878870517183,23383.09070963814,-86308.7620073719,-86262.66957093179,-2368.010421757761,-2358.791934469744,-2301.7019244236144,-2292.4834371355973,-4758.117975684945,-4730.462513820879
364,74100,-2.118059395888299,-0.21614325647131555,-9.799331380802933,4.6265611813464576,24459.36228317971,-82128.62333874652,-82110.19699712395,0.35031784196010995,0.7879816815383508,-10.064054050959335,2.2493335684229203,23709.370498974396,-84434.29803061207,-84406.65851817821,0.37493998474193435,0.7993134293450017,-10.066627610221307,2.1318436599797628,23729.633287912853,-84370.9968382685,-84343.35732583464,-5.578383431557039,-0.5652839711526203,0.1621794857580477,-10.22215558875919,0.8470128837814088,1.7690223870331736,22933.75153963024,-86894.91277789566,-86848.84692383924,-2305.6746918655554,-2296.461521054269,-2242.3734995219857,-2233.160328710699,-4766.289439149143,-4738.649926715298
365,74493,-2.0721783438770407,-0.21149515475760913,-9.797757997113115,4.728240706724853,24851.122007438167,-81774.58364328751,-81756.14672240707,0.34655957202692494,0.7664066238151582,-10.069710519157427,2.2114715208489883,24011.615093971854,-84332.55251334245,-84304.89713202178,0.37018987755918337,0.7748428754561097,-10.0730109962962,2.09309579333982,24034.237204257355,-84262.40331604774,-84234.74793472707,-5.2928438432703935,-0.5364419460912905,0.17218032880253775,-10.137214584124717,0.7708386262526375,1.8641346137943924,23232.683866430056,-86785.15293840082,-86739.0606361997,-2557.968870054945,-2548.750409614717,-2487.8196727602335,-2478.6012123200053,-5010.56929511331,-4982.9139137926395
366,73570,-2.134678968273866,-0.21734622806440634,-9.821559763352761,4.600954011972407,24225.1804489168,-81720.84658918189,-81702.43460395603,0.3553171561862069,0.8188551399161561,-10.065681357788836,2.3045752946616185,23501.933327968003,-83948.74737263583,-83921.12939479706,0.3823045737566266,0.8412599280836962,-10.06748609580172,2.200496634966336,23521.264636781616,-83888.25788952567,-83860.6399116869,-5.3033763454747325,-0.5413483587930531,0.18344425305861947,-10.274134113172385,0.8375899571482806,1.8472393676957288,22797.74563768915,-86182.8226607882,-86136.79269772356,-2227.900783453937,-2218.694790841022,-2167.4113003437815,-2158.2053077308665,-4461.976071606303,-4434.358093767529
367,74504,-2.145557470995847,-0.21875039266362098,-9.808245118421958,4.571420365574977,24519.87004701977,-82797.43627716269,-82778.99906097428,0.36127995311152267,0.8305502890442975,-10.057544921071633,2.2989105315453715,23773.72491126402,-85097.82114640187,-85070.16532211927,0.3883967101669725,0.8516145827830436,-10.06073085316029,2.1926410818900415,23794.24178277888,-85033.55146256338,-85005.89563828078,-5.5407439440321244,-0.5667829968810856,0.18290004169117677,-10.344365370162874,0.8881167282369946,1.7643436826842671,23022.988171507768,-87484.48858651987,-87438.39554604887,-2300.3848692391766,-2291.1662611449865,-2236.1151854006894,-2226.8965773064992,-4687.052309357183,-4659.396485074583
368,73796,-2.1518709121968524,-0.2194097327126933,-9.80754538821952,4.5576829598049455,24519.349375897462,-81307.52878606737,-81289.11066645021,0.36449673039375213,0.8446964432840804,-10.054316452695065,2.317432154663189,23797.934428374967,-83509.3568929588,-83481.72971353306,0.39218222751652015,0.8677807774255605,-10.058010565020844,2.212697864767486,23817.764229811575,-83447.89144552642,-83420.26426610068,-4.904860514311349,-0.5063345504333358,0.20401688990125194,-10.308490074084682,0.7692957782865135,1.974978794443656,23075.109218274105,-85781.54098306017,-85735.49568401728,-2201.828106891422,-2192.619047082844,-2140.362659459046,-2131.153599650468,-4474.0121969928,-4446.385017567067
369,74345,-2.102671464518674,-0.21453575523569743,-9.801030425947397,4.6612276769499825,24504.145975136005,-82509.5895511599,-82491.15660775964,0.3483246641971291,0.7822375326208386,-10.076006354426301,2.2457138785272552,23746.95441591389,-84841.13335303124,-84813.48393793084,0.37239158534739897,0.792494784704258,-10.079546851356119,2.1281221592720754,23768.483547072174,-84773.76226548108,-84746.11285038068,-5.273692619439027,-0.5379263822112444,0.1820189395548748,-10.282131468883927,0.7571289338072632,1.8589904363666228,22920.108178432987,-87471.89602630111,-87425.81366780045,-2331.5438018713467,-2322.3273301712034,-2264.17271432119,-2254.956242621047,-4962.306475141217,-4934.657060040816
370,74452,-2.1779048059063744,-0.22188770834560045,-9.81534679025206,4.506784118219173,24767.541070943138,-81939.4089549021,-81920.97313509927,0.35742067647350173,0.8022353616068791,-10.066123130481648,2.244513019006484,24044.965873264406,-84141.8070506092,-84114.15332090495,0.3838361497598754,0.8209675592886657,-10.068636988732292,2.1388489849177987,24065.348624960814,-84078.72133870212,-84051.06760899787,-5.008971926907671,-0.5129780476679094,0.19681406576076188,-10.225863041053872,0.7490441874525712,1.9494011577029076,23305.115403991826,-86464.63856047705,-86418.54901096996,-2202.3980957071035,-2193.180185805686,-2139.3123838000174,-2130.0944738986,-4525.229605574947,-4497.575875870694
371,74303,-2.0644543810664455,-0.21108345377688423,-9.780275735153449,4.737462752798249,24581.043877600485,-82188.17719412802,-82169.74538091454,0.3511670387257386,0.8074611160146995,-10.052973405258381,2.299364766535866,23813.542521536376,-84543.15301880498,-84515.50529898476,0.37558562756910385,0.8188183932163827,-10.05720743239889,2.1801110934835455,23835.65803501728,-84474.18023030178,-84446.53251048156,-4.986401477345827,-0.5125289511053024,0.1917527951825138,-10.289766170338046,0.7383865074834509,1.9511092941060875,23011.186097540252,-87085.81274758167,-87039.73321454796,-2354.9758246769634,-2345.7599180702236,-2286.003036173759,-2276.7871295670193,-4897.635553453656,-4869.987833633422
372,74046,-2.044467438086411,-0.2086948866023016,-9.796442411080443,4.791684244308511,24502.605778709614,-81883.99353458312,-81865.56865098176,0.3531700973252222,0.8266873041285135,-10.054765836408484,2.340762455229174,23720.329336598745,-84284.56497286588,-84256.92764746383,0.37884725536282093,0.8444677239089045,-10.057584199921516,2.229045378988321,23741.66244395842,-84218.00091540972,-84190.36359000768,-6.096597017387932,-0.6199520880803896,0.15579698343433937,-10.448250804123859,0.9992754485033585,1.6130278762289278,22985.753148426484,-86609.89387438959,-86563.83166538618,-2400.5714382827573,-2391.3589964820712,-2334.0073808266025,-2324.7949390259164,-4725.900339806467,-4698.263014404423
373,74634,-2.1094420286177136,-0.21506944622125204,-9.808190171502238,4.649660923808085,24391.034787883316,-83465.21243128128,-83446.77172838841,0.35181818340310245,0.7997913528918279,-10.061757941271463,2.273308744748567,23593.56341365343,-85944.17346406441,-85916.5124097251,0.37603675577635326,0.8087432398906647,-10.066148348695863,2.1507026307068298,23615.845473460857,-85873.72143281226,-85846.06037847295,-5.50059974217304,-0.5573708043323489,0.16327299530840753,-10.188415054982968,0.8531851505029826,1.7941377485637378,22842.20715591383,-88355.62245262739,-88309.5206953952,-2478.9610327831324,-2469.7406813366833,-2408.5090015309834,-2399.2886500845343,-4890.410021346106,-4862.748967006788
374,74329,-2.139952168588264,-0.2183270144228576,-9.801591315876223,4.580285232422917,24710.79573140939,-81851.62610675812,-81833.1935938299,0.36826251568113944,0.8807301208524742,-10.039011174293742,2.391582317911105,23987.40737551323,-84058.031551277,-84030.38278188468,0.39737847637139045,0.9108517683956859,-10.041993336108725,2.292151745894769,24008.875604005214,-83991.53839960198,-83963.88963020965,-6.019549811442804,-0.6132958025265617,0.16090319136270922,-10.417545550999263,1.0038373135461738,1.6305345575175207,23258.624012781114,-86347.30503734628,-86301.22375502573,-2206.4054445188813,-2197.1891880547773,-2139.912292843859,-2130.6960363797552,-4495.678930588154,-4468.0301611958275
375,74137,-2.1897598090090433,-0.2230280941110379,-9.818313776733609,4.483740059681158,24622.807031061406,-81712.88582543792,-81694.45848541411,0.359584701816164,0.8027004055500848,-10.069092874077608,2.232298541889754,23917.16699011867,-83866.54093096282,-83838.89992092711,0.38583399013525377,0.8196591443781712,-10.07219617240596,2.124382934978954,23936.93459827711,-83805.29179240396,-83777.65078236826,-5.111130623882587,-0.52266023470225,0.19463595866129996,-10.22902857824411,0.7687220668535348,1.9132888511590742,23190.86744632135,-86148.77244220868,-86102.70409214919,-2153.6551055249,-2144.4414355129993,-2092.405966966049,-2083.1922969541483,-4435.88661677076,-4408.245606735072
376,74667,-2.1754454015574316,-0.22183730118303693,-9.806490567438349,4.507808175933878,24794.08476190909,-82311.37380139672,-82292.93221438384,0.36350985347457077,0.845385060119649,-10.04656139624584,2.3256180046816466,24098.301101971178,-84434.67757378842,-84407.01519326908,0.3918753285702232,0.8720105066885613,-10.048448723795168,2.2252243076136877,24117.714067821886,-84374.55199126588,-84346.88961074654,-5.197022971630359,-0.5324090605646301,0.18817453771422532,-10.269747549446492,0.8301240111269552,1.8782550374696492,23381.81680124377,-86684.32802488607,-86638.22405735384,-2123.303772391693,-2114.0829788852425,-2063.178189869155,-2053.9573963627045,-4372.954223489345,-4345.291842970008
377,74429,-2.1545407146864575,-0.21983484621188054,-9.800724279215839,4.54886937731511,24593.355881737763,-82416.39189893531,-82397.95669707567,0.3612723577047756,0.8300635263916663,-10.048677353832682,2.2976115074654486,23869.850406816193,-84636.85278109426,-84609.1999783048,0.3888279548280017,0.8535899603104256,-10.051109352560289,2.1952895868508517,23889.505202840322,-84575.59203428589,-84547.93923149642,-5.358222263059148,-0.5490112723201898,0.18563355355525263,-10.305864107969002,0.8649121368273898,1.8214562257963773,23135.424168294023,-86958.84958590913,-86912.76158126003,-2220.46088215895,-2211.2432812291227,-2159.2001353505766,-2149.9825344207493,-4542.457686973823,-4514.804884184356
378,74384,-2.1762467967275465,-0.22208108320995706,-9.799334392970819,4.50285988138212,24784.950897068444,-81744.32950125,-81725.89550896214,0.36951190044048,0.8673776844140021,-10.043489952501945,2.3473606218907612,24079.490117703815,-83890.25710517609,-83862.6061167443,0.3987265111930572,0.8972377003975068,-10.046518475449368,2.2502584483605563,24100.845937403294,-83824.31603765256,-83796.66504922077,-5.1019708743422765,-0.5255269192194305,0.19665725890638214,-10.32309784560088,0.7948875294616232,1.9028520964926179,23318.075033847435,-86276.33651995871,-86230.25153923906,-2145.9276039260876,-2136.710607782152,-2079.986536402561,-2070.769540258625,-4532.007018708711,-4504.356030276918
379,74883,-2.120798787832159,-0.21676305593877235,-9.78394947721722,4.613332265819612,24672.637909663285,-83133.50606178051,-83115.05869743161,0.3544164645576392,0.8261337242911854,-10.042497082222695,2.3309688090318113,23998.79278420243,-85205.115494413,-85177.44444788965,0.3807392815212685,0.8457114914472345,-10.04523936714011,2.221235192933441,24018.344315192473,-85144.13404218652,-85116.46299566317,-5.649307830759408,-0.5760174122561096,0.16481353220217096,-10.339612174873274,0.8772838509134556,1.7360586307335077,23188.450538262754,-87773.28628855349,-87727.16787768123,-2071.609432632482,-2062.3857504580374,-2010.6279804060032,-2001.4042982315586,-4639.780226772971,-4612.109180249623
380,73905,-2.146772616317119,-0.21883697835669233,-9.809917101021185,4.569611623726839,24784.13070732403,-80742.89780060142,-80724.47672907413,0.3556502367877909,0.7859104459537216,-10.067233244846356,2.2097846835475554,23993.796774281218,-83136.0279144868,-83108.39630719586,0.37956473500854937,0.7922746282707008,-10.071216847526486,2.0873241247052507,24014.928672240283,-83070.96669884311,-83043.33509155217,-5.279385052152577,-0.5350965913088046,0.17558010969217658,-10.115262339525392,0.7738276750351946,1.8688214730616726,23259.84010225656,-85428.03872510543,-85381.9860462872,-2393.130113885374,-2383.9195781217277,-2328.0688982416905,-2318.858362478044,-4685.140924504012,-4657.509317213073
381,74192,-2.0995638233761187,-0.21431704251740388,-9.796532271602343,4.665984507129402,24641.54395439086,-81772.09397990539,-81753.66515669212,0.34937304582626544,0.7849445843761786,-10.05980527917188,2.246723362759107,23842.50078833641,-84215.76364211002,-84188.12040729013,0.373862248296763,0.7970608743834617,-10.062814878016754,2.131964053644629,23866.15058307958,-84142.20777059114,-84114.56453577125,-5.784189236154103,-0.5831264535946971,0.14488913380918536,-10.16399553130945,0.8771712705979383,1.7148939030899317,23059.58022640748,-86688.91762506936,-86642.8455670362,-2443.6696622046293,-2434.45525059801,-2370.1137906857475,-2360.8993790791283,-4916.823645163968,-4889.180410344081
382,74379,-2.1641920587286156,-0.22119569632015973,-9.784060425823808,4.520883618606192,24538.22832394935,-82477.95259095936,-82459.51873311354,0.3632115575621162,0.863961815776345,-10.030406966899301,2.378673799851732,23915.964353100535,-84386.4546140559,-84358.80382728715,0.39249984988369546,0.8955072985294754,-10.032140044129335,2.281548130005221,23935.38396412872,-84326.08384588495,-84298.4330591162,-5.282562937041032,-0.5418267121643032,0.1804794313527437,-10.314122668633777,0.8525615908555356,1.8456085267659534,23172.700753818714,-86730.696807721,-86684.61216310643,-1908.502023096531,-1899.2850941736106,-1848.1312549255817,-1838.9143260026613,-4252.744216761639,-4225.093429992892
383,74336,-2.1311387502679735,-0.21734479098942022,-9.805336215173943,4.600984433294642,24685.123153982502,-81943.60467849222,-81925.17197722108,0.35036382701778884,0.7828148439687836,-10.067450780627786,2.234291281243021,23919.08923684441,-84284.96588459174,-84257.31683268503,0.3755198703782697,0.7972973617193598,-10.07010313380129,2.1231828848796312,23940.28247028278,-84219.13049028313,-84191.48143837642,-4.83226959890941,-0.4940739006777843,0.19382145730095887,-10.189913850392339,0.6741580228020558,2.0239887163199115,23145.867690864714,-86723.69069170766,-86677.60893852981,-2341.361206099522,-2332.14485546395,-2275.5258117909107,-2266.309461155339,-4780.086013215434,-4752.436961308733
384,73851,-2.2018011315560773,-0.22423832310054653,-9.819022462849977,4.459541019451919,24489.104468408215,-81514.30289646018,-81495.88328680252,0.3701281878974098,0.871414806634112,-10.052392954690367,2.3543594763326867,23803.427772804036,-83609.57593161908,-83581.9465171326,0.3994587036237498,0.9012007414424188,-10.05591970333773,2.256054839378991,23824.40683275418,-83544.51630128274,-83516.88688679626,-5.678543535725912,-0.5808754994281764,0.1801643627384927,-10.391417923230199,0.9091769370890367,1.7215392988418634,23074.85614970113,-85901.31166522358,-85855.26264107943,-2095.273035158898,-2086.063230330081,-2030.2134048225562,-2021.003599993739,-4387.008768763393,-4359.379354276913
385,74152,-2.0899658361382207,-0.21320444387391355,-9.802637309821744,4.690333755854486,24928.503937652873,-80829.47748041185,-80811.04973577274,0.3460513772423893,0.7476503044298206,-10.075694776065776,2.1605182166523615,24091.04820847783,-83361.36680093278,-83333.72518397411,0.3682813986248205,0.7484482266225944,-10.07902453896281,2.0322726844671877,24110.608898062237,-83301.18362795685,-83273.54201099818,-5.668987307947982,-0.5733685915006774,0.16131761010224402,-10.19885184109582,0.8464778471047848,1.744078791240902,23324.323611969216,-85755.70794248294,-85709.63858088516,-2531.8893205209315,-2522.675448201364,-2471.7061475450028,-2462.492275225435,-4926.230462071093,-4898.588845112419
386,73863,-2.1548138017055267,-0.21977198142759863,-9.804770324716781,4.55017056088853,24734.75816167254,-80802.31098018664,-80783.8910455767,0.35420617062958093,0.7990324190909155,-10.064185161244561,2.255839918516049,24042.52199165188,-82896.94585449486,-82869.31595257996,0.38013317007865677,0.816115936280091,-10.067241374245455,2.146921133220816,24060.501820830108,-82841.72919328806,-82814.09929137316,-5.009919720056459,-0.5142250486473345,0.19482941672351928,-10.279238316550794,0.7455994075309309,1.9446738400443409,23280.70718914297,-85271.26150449885,-85225.21166797401,-2094.63487430822,-2085.424907003253,-2039.418213101424,-2030.208245796457,-4468.950524312211,-4441.32062239731
387,74020,-2.233614677896653,-0.22734897771616447,-9.824608407455544,4.398524286519808,24614.48526859148,-81492.03667350094,-81473.61249228906,0.3745261969060558,0.8828482932707237,-10.05326056153784,2.3572404295451,23980.812910628203,-83420.55622771852,-83392.91995590071,0.4055707839258908,0.9184214416600169,-10.05550094198356,2.264515783828843,23996.75809176187,-83371.35563976422,-83343.71936794641,-4.839701450386838,-0.50709347431425,0.2195773953852629,-10.481351662735564,0.7980221675675692,1.9720230108508392,23262.931335638157,-85666.237549698,-85620.1770966683,-1928.5195542175788,-1919.3074636116507,-1879.3189662632794,-1870.1068756573513,-4174.20087619705,-4146.564604379237
388,74503,-2.0802306965082105,-0.21221539756485788,-9.802449399895426,4.712193419868966,24536.291450954846,-82745.44559835926,-82727.00840901524,0.34458161095241757,0.7699562633574435,-10.065844642770024,2.2344670721960402,23755.86991489378,-85151.65456808533,-85123.99878406929,0.3686721914258722,0.7810369318491129,-10.068080709732648,2.1185132755155296,23775.628509900576,-85089.71355055511,-85062.05776653907,-4.982744763919497,-0.5076967687841372,0.18362085429922087,-10.153642638784564,0.7497071275230622,1.9696796621236339,23036.421466286207,-87438.85641263766,-87392.7634392776,-2406.208969726067,-2396.9903750540543,-2344.267952195849,-2335.049357523836,-4693.410814278395,-4665.755030262357
389,73890,-2.138810313903176,-0.2181111277137555,-9.806057748278237,4.584818805358611,24495.346696169923,-81577.53019573474,-81559.10953017518,0.3662666755804027,0.8378538585583922,-10.055216707790274,2.2875514329298214,23667.930943902113,-84114.5503187008,-84086.91932036146,0.39364151223132327,0.8584122234779017,-10.058686306171762,2.1806953708008727,23691.6262928885,-84040.61172700551,-84012.98072866617,-5.62985414480758,-0.5720394546899935,0.16973892550239777,-10.246761881449919,0.8945225550623487,1.748131167878852,22923.238585900966,-86472.80073872818,-86426.74907482928,-2537.0201229660597,-2527.8097901862784,-2463.081531270771,-2453.8711984909896,-4895.270542993443,-4867.639544654099
390,74169,-2.117374044233925,-0.21617136784065005,-9.794886646573563,4.625959533813685,24555.370348612047,-81983.5764101503,-81965.1482070461,0.36608198165526123,0.883225691348679,-10.034063720617835,2.4126445321212535,23818.169086314323,-84242.38736618351,-84214.74506152721,0.394286621755697,0.9092598459875092,-10.037677243461983,2.3060885046992374,23839.48512036262,-84176.03961738749,-84148.39731273119,-8.365432427491518,-0.838936009552787,0.08487188154570235,-10.921352065017556,1.3237739393205592,1.1919860258866128,23034.149400661736,-86720.88499302832,-86674.81448526782,-2258.8109560332086,-2249.596854481104,-2192.4632072371896,-2183.249105685085,-4737.308582878017,-4709.666278221717
391,74202,-2.0542016286446363,-0.2099877906572101,-9.78248126815131,4.7621816338475975,24625.929552253863,-81840.15074643132,-81821.72165366537,0.35251949473390615,0.8163455805306148,-10.047300934690123,2.3157459168231833,23817.899449269404,-84313.71934574854,-84286.07570659963,0.3780353044335181,0.833182852944828,-10.049416725476481,2.203981594241161,23841.370021620143,-84240.6354076314,-84212.99176848249,-6.051794858352074,-0.613135166454773,0.14605534875738305,-10.349556874711896,0.9490099158138458,1.630961743365871,23018.02825008715,-86844.43220057584,-86798.35946866099,-2473.568599317223,-2464.354052934257,-2400.484661200084,-2391.270114817118,-5004.281454144526,-4976.6378149956145
392,74593,-2.076102336757967,-0.21171846603356137,-9.805957768600427,4.723253567506394,24258.40359206552,-83785.09147094043,-83766.65186704442,0.3466935208890189,0.787316615205082,-10.06624968914213,2.2709297052514352,23445.77981517762,-86324.66771227757,-86297.00830643355,0.37155669788596035,0.8018062748191874,-10.069004894789527,2.157964798861683,23467.627889422143,-86255.19019616087,-86227.53079031684,-5.56262376817506,-0.5634663278577909,0.16087425290175528,-10.217071456139532,0.8591578865599921,1.7747289421922343,22687.79791655467,-88772.03762719562,-88725.93861745557,-2539.5762413371413,-2530.3564393891284,-2470.098725220436,-2460.878923272423,-4986.946156255188,-4959.286750411149
393,74288,-2.067200305584957,-0.21120419688791747,-9.787685737523415,4.734754397568545,24870.235875131213,-81287.7009740636,-81269.26956464308,0.35994369603816206,0.8246325554985977,-10.045337135886058,2.2910043003258163,24003.120678969695,-83922.0254881745,-83894.37837404372,0.38600042512281074,0.841529063738773,-10.048636751922391,2.1801247070415277,24026.894104312865,-83848.48479183747,-83820.83767770669,-6.005189793751083,-0.6066105753002007,0.14169720761621754,-10.237435570305818,0.9717965759719808,1.648504066229175,23250.094442452228,-86285.92994196752,-86239.85141841622,-2634.3245141109073,-2625.108809400641,-2560.783817773874,-2551.5681130636076,-4998.228967903924,-4970.581853773139
394,74144,-2.156086736489639,-0.21999855557827472,-9.800458602204372,4.545484389074561,24470.862715812884,-82186.55288254465,-82168.1253536902,0.36444754504899246,0.8565043411021163,-10.044806497899527,2.350144356129431,23784.955685155808,-84292.45687867369,-84264.815585392,0.3935261777040913,0.8870474035691465,-10.046984531301847,2.25410011792444,23805.130021296573,-84229.5947910679,-84201.9534977862,-5.18262218189614,-0.5328362775234149,0.19196156354007987,-10.326533878677271,0.8217842027880543,1.8767490919498366,23040.76832803946,-86645.35257114668,-86599.28374901052,-2105.90399612904,-2096.6902317018103,-2043.0419085232425,-2033.8281440960127,-4458.799688602026,-4431.158395320323
395,74112,-2.1739549336263404,-0.22179815104232692,-9.801501605896945,4.508603860314258,24596.427236134954,-81739.7769089276,-81721.35024344461,0.3541531721009492,0.8183270215588907,-10.061517973888746,2.3106584552223963,23961.62497219422,-83675.62835382273,-83647.98835559825,0.38039960590203953,0.8368671598482034,-10.06535791885255,2.199968524845721,23980.69891961569,-83616.65714211945,-83589.01714389498,-4.941378476500611,-0.5103137893475239,0.1966422693125499,-10.370658019707223,0.7195967268521601,1.9595786374469288,23125.415741397894,-86304.18515631424,-86258.11849260678,-1935.8514448951319,-1926.6381121536397,-1876.880233191856,-1867.6669004503638,-4564.408247386644,-4536.768249162167
396,74035,-2.1596054921328838,-0.22045592600617228,-9.796087278109365,4.53605406811338,24633.465563674225,-81466.48661042227,-81448.06202395559,0.3640834921181776,0.8512632218254161,-10.036906571212272,2.338098925806571,23935.434054407993,-83592.69300533745,-83565.05612563742,0.39323947650744756,0.8817955713552763,-10.038261933527293,2.242388224058619,23955.422507385156,-83530.8922647228,-83503.25538502277,-5.318992654315317,-0.5418320708597395,0.17231673136311385,-10.200292384006387,0.8626165135746114,1.8455902737785033,23225.910558997897,-85816.5148001467,-85770.45333397998,-2126.206394915178,-2116.994101681834,-2064.405654300528,-2055.193361067184,-4350.028189724428,-4322.391310024395
397,74798,-2.01076041104712,-0.20527389761006004,-9.795499741846267,4.871539984589799,24690.545868344918,-82899.91421097923,-82881.46911812795,0.33459742535359555,0.7195172862210566,-10.079130710752827,2.150396959751516,23806.790686531393,-85624.26758101345,-85596.59994173654,0.3553909115170799,0.717895149020449,-10.082189141664314,2.0200154977400073,23829.887187218064,-85551.73640248287,-85524.06876320596,-4.9703592337089315,-0.502944884565232,0.17728796050644283,-10.056141949977402,0.6662149372715767,1.9882894342676227,23047.59217657927,-88044.43783820776,-87998.32510607957,-2724.353370034223,-2715.1308236085897,-2651.822191503641,-2642.5996450780076,-5144.523627228526,-5116.855987951625
398,74131,-2.150559045082033,-0.21913390924115325,-9.813903528346124,4.563419707442523,24569.92885647663,-81859.64222467966,-81841.21504652491,0.35657006340046477,0.8188240683455281,-10.061937458435638,2.296390393901085,23868.232817681266,-84005.57957187557,-83977.93880464345,0.38285999848502067,0.8369352390355037,-10.06524745965669,2.1860085732311068,23886.958309882535,-83947.44392208586,-83919.80315485374,-5.102886876522375,-0.523505775192935,0.19342545973737177,-10.291120358925335,0.7947154534263368,1.9101986021671984,23143.23081848613,-86288.22969628427,-86242.16175089739,-2145.9373471959116,-2136.7237581185327,-2087.8016974062048,-2078.588108328826,-4428.587471604609,-4400.946704372473
399,74085,-2.156408062636617,-0.21994184897342398,-9.804446369354567,4.546656330605059,24571.651138386045,-81757.66525120851,-81739.23931448522,0.35887070860236825,0.7987173470729365,-10.061600823198603,2.225640956275208,23783.632323876016,-84170.52206173204,-84142.88315664712,0.3856582152058495,0.8183978578754392,-10.06378982343671,2.122080706717501,23804.823859149543,-84104.54072422128,-84076.90181913636,-5.1355682487347,-0.5231795107226755,0.18648607076473375,-10.169149765390046,0.7487055843810333,1.9113898375314533,23019.5209973832,-86585.77008052681,-86539.7052387186,-2412.8568105235317,-2403.643842161895,-2346.8754730127694,-2337.6625046511326,-4828.104829318298,-4800.465924233373
400,74412,-2.166109117273855,-0.22085704881193965,-9.80774274095414,4.5278156408379004,24979.489658303843,-81221.32230984341,-81202.88756484713,0.36101930021464596,0.8303434395113888,-10.059145785193985,2.2999973658408392,24277.16139328484,-83341.48010490274,-83313.82798740834,0.3892868211412921,0.8580712715659113,-10.061293107130938,2.204213512931827,24299.35714293842,-83273.47892705249,-83245.82680955809,-5.2169847995655285,-0.5328187406751759,0.18667808121057877,-10.247880325720727,0.7880831120263643,1.8768108620444217,23525.156915028634,-85678.90521176063,-85632.81834926995,-2120.1577950593346,-2110.940422561209,-2052.1566172090825,-2042.9392447109567,-4457.582901917223,-4429.930784422817
401,73761,-2.2194378548594003,-0.2260952475436842,-9.816384373274273,4.422914726709541,24413.90920125129,-81551.84986581639,-81533.43269498514,0.355073977908505,0.7686625943054708,-10.078185795300815,2.1647956260639827,23747.235801056388,-83592.06202295578,-83564.43626670892,0.38012790487876935,0.7797554652589413,-10.080433582415427,2.0512976165420467,23763.397997887514,-83541.87789569316,-83514.2521394463,-4.608991350614418,-0.4736433751644692,0.20855220649462983,-10.207020746910738,0.639650886123422,2.1112931214392208,23001.154345233652,-85942.64095529729,-85896.59802821917,-2040.2121571393945,-2031.003571723777,-1990.0280298767757,-1980.8194444611581,-4390.791089480903,-4363.165333234036
402,74220,-2.1041363662819843,-0.21481759699924702,-9.794990706880311,4.655112122883979,24601.782023864293,-81950.82062449538,-81932.39104662614,0.3595086509153037,0.8219856391093823,-10.055033546935837,2.286414073810516,23797.335420500312,-84416.28404593062,-84388.63967912678,0.3858150798090615,0.8404763542565016,-10.058838253423062,2.178443503743945,23821.56997176088,-84340.73890120149,-84313.09453439765,-6.242280049035627,-0.6294536625805378,0.1350985099440058,-10.300260636477557,0.9990611829444681,1.588679293564443,23017.907615067343,-86883.89260416242,-86837.81865948935,-2465.463421435241,-2456.248632500632,-2389.918276706114,-2380.703487771505,-4933.0719796670455,-4905.427612863205
403,74299,-2.093270333440632,-0.21339004842445386,-9.809596787179647,4.68625415001032,24316.13120429716,-82984.82729931736,-82966.39559377402,0.34686183305731716,0.765499007110061,-10.073447489448272,2.2069277566885432,23462.093375472698,-85639.30592441319,-85611.65836609819,0.36879629097584077,0.7641867624934917,-10.07874047495765,2.0721107592254833,23485.016882030704,-85566.74794417668,-85539.10038586168,-5.559908469460118,-0.5610030453590529,0.15513169294926032,-10.12425584169297,0.8466212580771636,1.7825215179714051,22723.299318697616,-88012.52257435874,-87966.44331050041,-2654.4786250958277,-2645.2627723241603,-2581.9206448593177,-2572.7047920876503,-5027.695275041377,-5000.047716726389
404,73693,-2.0378320753534123,-0.2078660093178151,-9.803584924929622,4.810791351995688,24278.82566320482,-81817.57492914671,-81799.15960295867,0.3454404768191179,0.7744817596289982,-10.082357942258112,2.242012189076899,23441.160883777786,-84403.01791090895,-84375.3949216269,0.3690980164443536,0.7849377258896126,-10.08599614755318,2.1266376163469642,23466.146341725842,-84324.51186843461,-84296.88887915255,-5.4038215779397385,-0.5473359293020212,0.1703642270011836,-10.207041168540753,0.7561446615120737,1.8270315293849413,22631.112914857473,-86990.64243320488,-86944.60411773478,-2585.442981762244,-2576.2353186682303,-2506.9369392879016,-2497.729276193888,-5173.06750405817,-5145.444514776114
405,74486,-2.097942882451658,-0.2142974812621846,-9.789862531724799,4.666410422139022,24970.013675830913,-81404.396355453,-81385.95962251851,0.3413924839005213,0.7615429170966819,-10.065134067319027,2.2306962016146454,24273.01662490107,-83511.1207559597,-83483.46565655796,0.36498876435140426,0.7708642134292446,-10.067589524422681,2.1120217626399898,24291.28780588727,-83455.07353085879,-83427.41843145706,-4.6528684524095,-0.4793562327606929,0.1990842678036204,-10.263000695034354,0.6541682703944575,2.0861312144432387,23486.266903011434,-85961.39298091702,-85915.3011485808,-2106.7244005066896,-2097.5060340394557,-2050.6771754057845,-2041.4588089385506,-4556.996625464017,-4529.341526062286
406,74292,-2.0378634212496647,-0.20833461355334404,-9.78168431300001,4.799970503912208,24495.35258735764,-82424.4498165107,-82406.0182994041,0.34210076200172396,0.7915015756062936,-10.05646951824187,2.3136504314547683,23743.23519999643,-84739.30178000587,-84711.65450434595,0.36588760245497515,0.8027969576621494,-10.060092174929949,2.1941081148299877,23766.16424377514,-84667.59198478183,-84639.9447091219,-5.4060166954329825,-0.5496583671186109,0.16489816314859312,-10.255235472963989,0.8126843116238553,1.8193118850207728,22940.76618967981,-87289.62012275774,-87243.5413299912,-2314.8519634951663,-2305.636204941853,-2243.1421682711225,-2233.9264097178093,-4865.170306247033,-4837.523030587108
407,73890,-2.0799622090531917,-0.21235462297635502,-9.794758314655521,4.709103978919954,24327.633270469927,-82085.17613531402,-82066.75546975445,0.3499954784150023,0.7969223804201513,-10.06219832771559,2.2769505024153815,23582.93665547273,-84380.37547978875,-84352.74448144941,0.3747796045915384,0.809816559062285,-10.064964024067745,2.1607807605882954,23601.73195618388,-84321.50954371829,-84293.87854537895,-5.240188089000152,-0.535991720233254,0.1830080419365959,-10.29439247987043,0.8098771844987755,1.8657004618743325,22831.19418827099,-86770.0908285926,-86724.03916469369,-2295.199344474735,-2285.9890116949537,-2236.3334084042726,-2227.1230756244913,-4684.914693278581,-4657.283694939237
408,73690,-2.144027022285268,-0.21843605263720606,-9.81535326426274,4.577998860201298,24544.4180978009,-81009.50711856708,-80991.09187379957,0.3550670133853863,0.7869347296740327,-10.07741777744185,2.216299177360926,23760.917945158933,-83398.18255330464,-83370.55968615336,0.3794969858553859,0.7950965430940151,-10.081436448830692,2.095132695986684,23780.67173829357,-83336.945345649,-83309.32247849772,-4.995950118427779,-0.5119655743956498,0.19809133875154109,-10.265112166757987,0.7089547173106544,1.9532563320892247,22969.47180377618,-85890.51283493836,-85844.47472301955,-2388.6754347375536,-2379.4678123537888,-2327.4382270819187,-2318.230604698154,-4881.005716371277,-4853.382849219983
409,74142,-2.1279370245413634,-0.21720010819486907,-9.797126908575047,4.60404927194057,24708.86665151469,-81464.71395148126,-81446.2864765766,0.36367579401849237,0.8439703666968048,-10.049033677855595,2.3206668702671207,23939.595029905144,-83807.70448744505,-83780.06327508806,0.39126776114890144,0.86700542641254,-10.052157592956812,2.215887718085189,23961.590847446114,-83739.61372982078,-83711.97251746379,-5.795476955006145,-0.5895055551222868,0.1652801143793358,-10.319729916657282,0.9180089436142609,1.6963368560497458,23157.383566069922,-86266.70986258578,-86220.64117532411,-2342.9905359637924,-2333.7767985114624,-2274.899778339517,-2265.686040887187,-4801.995911104517,-4774.354698747513
410,74327,-2.0570598015508694,-0.21002819341111248,-9.794207949617261,4.761265541348462,24670.76718411075,-81967.9221262076,-81949.4896670949,0.34686679521713504,0.7894037779832048,-10.062980354885935,2.2758124699974416,23874.723493822516,-84403.75281246555,-84376.1041237965,0.3710720074396302,0.8007500446785855,-10.066797502838792,2.1579370812789205,23896.388174832246,-84336.33671936834,-84308.68803069928,-4.8099417705475656,-0.49247815000144524,0.19215862610330114,-10.202156988925209,0.7032667135834072,2.030546938980065,23134.050388052594,-86742.14814346665,-86696.0669956849,-2435.8306862579484,-2426.6144567016017,-2368.4145931607345,-2359.198363604388,-4774.226017259047,-4746.577328590007
411,74314,-2.1127323384854106,-0.2155534926062624,-9.801429394348075,4.639219656842375,24866.46269044981,-81353.43213774027,-81335.00002846375,0.35353616611602334,0.7929493781508739,-10.06258582711285,2.2429088001442095,24068.724508629253,-83774.57062074155,-83746.92245682677,0.3789349980592502,0.8083437840195025,-10.064837252100224,2.13319906622378,24091.036174550638,-83705.71358173696,-83678.06541782217,-5.796837952544752,-0.5865641881279868,0.15552113891039274,-10.23891188742979,0.9021858650197351,1.7048432554184547,23301.938211735098,-86176.61399084209,-86130.53371765079,-2421.138483001283,-2411.9224283630174,-2352.2814439966896,-2343.065389358424,-4823.181853101822,-4795.533689187039
412,74853,-2.137281155309807,-0.218412974287984,-9.785504557489054,4.578482589049267,24977.915989614146,-82149.72119712936,-82131.27463419095,0.3608967690649346,0.847170284637728,-10.04070359639409,2.347403349807491,24292.627532835842,-84230.06903938905,-84202.39919498144,0.39008207983576515,0.8795417654464484,-10.042146912108606,2.254760756548362,24312.91095998583,-84167.59568727031,-84139.92584286269,-5.240973057451156,-0.539390290056336,0.18884508723345933,-10.360565775213283,0.8066658375558448,1.8539451273688226,23493.771431728233,-86728.97146973357,-86682.85506238755,-2080.3478422596963,-2071.1245607904857,-2017.8744901409518,-2008.6512086717412,-4579.250272604215,-4551.5804281965975
413,73929,-2.1571598171588207,-0.2201616605916375,-9.798072068324311,4.5421169031552235,24587.039016910578,-81383.38174723767,-81364.96002633337,0.3593936122056736,0.8230732762765319,-10.056754231988824,2.2901722465938095,23892.938850258546,-83498.4469810668,-83470.81439971035,0.38667029199377345,0.8452659223571951,-10.059038341587826,2.1860120621079586,23912.110191492357,-83439.15122923868,-83411.51864788223,-4.3519979658976515,-0.4548147202303529,0.21378474933847302,-10.348099902989736,0.6456498380154598,2.198697525650717,23121.200039131123,-85921.75949592916,-85875.7051936684,-2115.0652338291256,-2105.8543733769766,-2055.7694820010074,-2046.5586215488584,-4538.377748691491,-4510.74516733503
414,73846,-2.1345293471721667,-0.21750093670282927,-9.813885767713112,4.597681348684472,24773.282123496247,-80651.79048724665,-80633.37101300135,0.36818609161970484,0.8676686992955607,-10.057272474829054,2.3566036823350887,24045.700236414035,-82851.10596126682,-82823.47674989888,0.39701232749321624,0.8959327911982987,-10.060693599469118,2.2566875866432827,24064.702654171833,-82792.77127561036,-82765.14206424242,-5.0862353429500295,-0.5289756978868,0.20961751091832156,-10.469138327416125,0.8237218766492376,1.8904460148072786,23320.350543879522,-85108.99438999832,-85062.94570438509,-2199.3154740201717,-2190.1057368975307,-2140.9807883637113,-2131.7710512410704,-4457.203902751673,-4429.574691383736
415,74408,-2.0813831360775867,-0.21270745944441308,-9.785191085983119,4.7012925762546205,24854.64717581919,-81585.76482804303,-81567.33019055918,0.3460780056628749,0.7938263190078814,-10.05260385645805,2.293778587539515,24119.793123537835,-83816.89395092188,-83789.24199469612,0.3700990681305115,0.8042200984028137,-10.056000395386913,2.1729860128132343,24139.648281724698,-83755.66727068242,-83728.01531445666,-5.475183084925563,-0.5562468890582454,0.1623216376965644,-10.231481583156912,0.8588871850958526,1.7977628633448206,23375.43501441029,-86145.36968283613,-86099.28308912652,-2231.129122878847,-2221.9118041369366,-2169.902442639388,-2160.6851238974778,-4559.604854793099,-4531.952898567339
416,74039,-2.1723634395745237,-0.22130874193433392,-9.815985670458065,4.518574328603418,24308.529978467028,-82458.02201195623,-82439.59731743546,0.3601484450140418,0.8313757730806727,-10.06060633900478,2.308425274606581,23582.88919740326,-84699.84066141541,-84672.20361963425,0.387658605892542,0.8543167339161404,-10.063215288129646,2.20378632366272,23603.18673524392,-84636.14350215081,-84608.50646036965,-6.0057570843182555,-0.6112769524464982,0.16462242185756562,-10.422932850776805,0.9609005572372419,1.6359196858277176,22813.852116974136,-87150.49372826576,-87104.43199196385,-2241.818649459179,-2232.606302198794,-2178.1214901945787,-2168.9091429341934,-4692.471716309534,-4664.8346745283925
417,74580,-2.0581987456433404,-0.21005469667050675,-9.798394314752434,4.760664797553215,24755.34035361179,-82245.14620851823,-82226.70695321076,0.3381280992347898,0.7311334929523411,-10.087533348426975,2.1622973500485556,23911.90448038456,-84828.44753394666,-84800.78865098546,0.3591777129759583,0.7288958636753814,-10.091482386673444,2.0293460238279604,23934.317863184093,-84758.57408816203,-84730.91520520083,-5.194232025004599,-0.5265093646753913,0.17752538352123456,-10.17052626197826,0.6880469684574089,1.8993014504433927,23068.22423773855,-87503.3860369119,-87457.28789864325,-2583.3013254284306,-2574.0816977747018,-2513.427879643801,-2504.2082519900723,-5258.239828393678,-5230.580945432492
418,74351,-2.1398796656387233,-0.2183515664032532,-9.800157154296656,4.57977021402811,24951.272667601686,-81177.79686403298,-81159.36375922959,0.36045606802036395,0.8281937492190979,-10.055481490442357,2.297627430070921,24217.737427649437,-83394.39452316698,-83366.74486596188,0.3878924264994687,0.8518750438343593,-10.05803580898837,2.1961631257462204,24238.787334253702,-83329.79716658506,-83302.14750937997,-5.6377393945771,-0.5757704624779009,0.17772090430078052,-10.35252371396732,0.873314597595323,1.7368032317885391,23430.235692275226,-85848.29020449893,-85802.20744249044,-2216.5976591340004,-2207.3811067322968,-2152.0003025520855,-2142.783750150382,-4670.493340465953,-4642.843683260857
419,73985,-2.099251272325819,-0.21419553493635007,-9.800630405062497,4.668631399329393,24479.722893662805,-81824.68491527287,-81806.261679975,0.3501674290997134,0.7909909152345233,-10.063390766920666,2.258893459246552,23695.954067581177,-84230.21739101516,-84202.58253806835,0.37517845143115164,0.805365254120353,-10.06646145783086,2.1466191649552777,23718.424790294146,-84160.09113039834,-84132.45627745154,-5.553200328987868,-0.5618799724916631,0.15976818662976838,-10.179167125492604,0.833173549951654,1.7797395332769892,22922.53480137696,-86681.32379044195,-86635.26570219727,-2405.532475742293,-2396.320858093357,-2335.4062151254766,-2326.1945974765404,-4856.638875169083,-4829.004022222274
420,74512,-2.1563195280467085,-0.2200814061776912,-9.797826929121495,4.543773221771454,24816.14624532692,-81919.3872426418,-81900.94981171135,0.36353636867171146,0.857391736255795,-10.04796651233322,2.358475822896431,24134.917012847036,-83991.41899813683,-83963.76285174116,0.3927428898918582,0.8892315430897549,-10.050551197837153,2.2641569484163164,24155.239344150315,-83928.70403700604,-83901.04789061038,-5.53489683824692,-0.5691585396510996,0.18656268792224018,-10.434399943772277,0.8699522426547367,1.7569796995631672,23339.464445954934,-86484.61042674891,-86438.5168494228,-2072.0317554950307,-2062.8130400298105,-2009.3167943642475,-2000.0980788990273,-4565.223184107119,-4537.567037711444
421,74544,-2.091478418038148,-0.21342355790188047,-9.799660537004478,4.685518364658417,24828.2630984951,-81950.18867914239,-81931.75038947427,0.35370331178687586,0.8054512588354478,-10.057061861226728,2.277194563902678,24011.356742229473,-84442.11256581098,-84414.45513130882,0.37832894325680216,0.816166002527254,-10.06131796759339,2.1572919996587645,24032.44851350501,-84376.66125151135,-84349.00381700919,-5.14821258391479,-0.5258872924786471,0.18568801425005826,-10.222579503765072,0.7779270069939742,1.9015481345569947,23265.594005632312,-86790.07259030487,-86743.97686613459,-2491.923886668592,-2482.7047418345464,-2426.4725723689626,-2417.253427534917,-4839.883911162484,-4812.226476660318
422,74651,-2.0766588755003546,-0.21228934743513647,-9.782209520121414,4.710551952238409,24949.26929894507,-81811.95703899262,-81793.51588059518,0.3444323056399606,0.7698633576602948,-10.061196134892889,2.2351659384269333,24162.88208491734,-84200.79547923575,-84173.13374163957,0.36785009607952734,0.7777717545426766,-10.06465160448939,2.1143714867333516,24186.05459176386,-84129.2385408642,-84101.57680326802,-5.096310857107499,-0.5181432747211443,0.17696149655318721,-10.160210176346474,0.7181281509626201,1.9299681165179314,23361.46592326406,-86714.75489649014,-86668.65200049651,-2388.8384402431257,-2379.6178610443894,-2317.2815018715773,-2308.060922672841,-4902.797857497513,-4875.136119901334
423,73880,-2.1593414338196077,-0.22014498425379864,-9.808724196642004,4.542460975840947,24401.507909876847,-81840.05900932211,-81821.63861445348,0.3548325531517109,0.811479856080069,-10.059043640147085,2.2869374550680406,23738.245232563888,-83874.00412400828,-83846.37353170534,0.3803789398346162,0.8265404412789941,-10.062834059309921,2.172939547174623,23756.817661869994,-83816.2241753798,-83788.59358307686,-5.0842142505897305,-0.5212925106749736,0.19167154743541107,-10.266435760580759,0.7925780626018889,1.9183087796622902,23020.150660838026,-86139.41467374402,-86093.36368657245,-2033.9451146861684,-2024.7349172518589,-1976.16516605769,-1966.9549686233804,-4299.355664421906,-4271.725072118978
424,74257,-2.0990358415724546,-0.2142237866299409,-9.798332270162026,4.668015703258209,24884.84242693856,-81179.18571732333,-81160.7551426667,0.3557192970853859,0.8024526890170562,-10.061702878885212,2.255859312643468,24103.774757005514,-83545.27286454012,-83517.62700255518,0.3801822151213511,0.8121912460192715,-10.066025868384902,2.1363209895550392,24125.575540366055,-83478.1410922778,-83450.49523029286,-5.142038882748322,-0.5227697618449961,0.17938759907101673,-10.139409633185481,0.7760184193837519,1.9128879919732333,23377.688210418575,-85812.52605075965,-85766.44961411807,-2366.087147216793,-2356.8718598884734,-2298.955374954472,-2289.7400876261527,-4633.340333436325,-4605.694471451367
425,74526,-2.099652318824396,-0.21439161917633312,-9.79353729819761,4.664361432792383,24464.236364634202,-83013.17547474809,-82994.73766807454,0.35937935596446513,0.8614163303146052,-10.046934660050473,2.3969555179451674,23788.800809407025,-85097.70934700144,-85070.05263699112,0.3874438390754435,0.8896653536655054,-10.049771945901233,2.296243387915297,23809.405119087914,-85033.18771853928,-85005.53100852897,-6.244342994455989,-0.6396745175805714,0.1684834713847172,-10.600347324700756,0.9838429634757362,1.563295039143158,22988.16022136051,-87645.15206771795,-87599.05755103409,-2084.533872253349,-2075.3149689165875,-2020.0122437911923,-2010.793340454431,-4631.976592969862,-4604.319882959549
426,73931,-2.1152645880831633,-0.2156685562713504,-9.80794152218358,4.63674453656479,24731.634918527827,-80954.07025841206,-80935.64848340252,0.3583238190447591,0.808244590388261,-10.065268064496413,2.2556261890234577,23921.938001831873,-83413.02950501737,-83385.39684250306,0.383894317498618,0.8231004806925059,-10.068827643908213,2.144080918039296,23944.873036255725,-83342.1824975408,-83314.54983502648,-5.522838730128506,-0.5609509698229223,0.17285073431975842,-10.22913174062834,0.8277677042265452,1.782686997253386,23137.072649242546,-85875.34831460219,-85829.29387707835,-2458.9592466053145,-2449.748359100544,-2388.1122391287354,-2378.9013516239647,-4921.278056190131,-4893.6453936758335
427,74642,-2.145629155269432,-0.21948817241391014,-9.775602628934424,4.556054155456737,24756.22218999219,-82372.88864793592,-82354.44773067503,0.36229723438664163,0.849808513103586,-10.026710157942443,2.345611372226692,24086.459093913294,-84418.09775009683,-84390.43637420548,0.39076901192939134,0.8771414198668933,-10.02868670095397,2.244654496875472,24104.52719806497,-84362.12713828529,-84334.46576239394,-5.121239950919637,-0.5273688221702036,0.18893072071691205,-10.304673026081124,0.8299355918546065,1.8962061425718086,23317.049707014,-86837.34872841834,-86791.2464352661,-2045.2091021609085,-2035.9886435304506,-1989.2384903493657,-1980.0180317189079,-4464.460080482415,-4436.79870459107
428,74115,-2.104614937300419,-0.21471435662727548,-9.801929271799176,4.6573504245731865,24474.284155502155,-82115.04949649387,-82096.62275005397,0.34972468167723275,0.8023621915385366,-10.067652264618154,2.2942681302632546,23771.750837752636,-84271.64915940649,-84244.00903974664,0.3748626887952808,0.8173941864669617,-10.070631425426871,2.1805162554157405,23792.3708559834,-84207.38842284739,-84179.74830318755,-5.069718895008528,-0.520223202420004,0.19064562850320052,-10.3161474089356,0.758763249746485,1.922251824501758,22988.31585283397,-86751.38034200725,-86705.31347590752,-2156.5996629126166,-2147.386289692673,-2092.338926353521,-2083.1255531335773,-4636.330845513381,-4608.69072585355
429,73875,-2.1131717456169627,-0.2154284473044443,-9.809158317102943,4.64191248886827,24452.3060085355,-81675.88998054746,-81657.46972103805,0.35323549779443264,0.7938213167257593,-10.067651741350883,2.24728636188124,23666.372670764285,-84087.33901090521,-84059.70862164108,0.3783636425315125,0.807654473188101,-10.070670426359627,2.13459852480629,23688.15782580588,-84019.36754437991,-83991.73715511578,-5.153259504987942,-0.5252337419879918,0.1853156032221516,-10.201838738688082,0.7602667389351846,1.9039142386683576,22922.934585876563,-86441.22557764914,-86395.1749288756,-2411.4490303577477,-2402.238900603028,-2343.47756383245,-2334.2674340777303,-4765.335597101672,-4737.705207837542
430,74156,-2.1555531007118955,-0.21969906686192003,-9.811389422362234,4.551680688878373,24524.369785388993,-82049.8864545712,-82031.4586020485,0.3623313094824654,0.8497124559128356,-10.054474127694398,2.34512567276209,23862.453047829218,-84076.87521179568,-84049.23343301161,0.3894625651156615,0.8705896915902713,-10.058504966215343,2.2353616741874176,23879.156070666366,-84024.98632765794,-83997.34454887388,-4.349663280336007,-0.4608462243112384,0.22477685515549684,-10.473965640629112,0.7164987466227825,2.1699212172011575,23136.702004087085,-86363.25990611596,-86317.1902748092,-2026.988757224477,-2017.7748309631133,-1975.0998730867432,-1965.8859468253795,-4313.373451544758,-4285.731672760696
431,73881,-2.0646093519418356,-0.21075685931430396,-9.796166818290178,4.744804051709128,24413.114171982408,-81807.03462422064,-81788.61420228127,0.34173272456994463,0.7547130493064617,-10.073039138239546,2.208489252108455,23589.28450268875,-84341.21358025863,-84313.58294734957,0.3643510350318604,0.7598720003315275,-10.076656108398376,2.0855491744797185,23612.43608334423,-84268.73901592773,-84241.10838301867,-5.140145560540442,-0.5204524844515244,0.1716378195115139,-10.104585829343353,0.7331948305708722,1.9214049886875721,22819.639393151112,-86787.92173430765,-86741.87067945923,-2534.178956037984,-2524.9687450682977,-2461.704391707084,-2452.494180737398,-4980.887110087002,-4953.256477177958
432,74450,-2.154184334577345,-0.21958598858044148,-9.810208513318678,4.554024628186454,24210.541323044952,-83628.635375224,-83610.19960914778,0.35461033659226227,0.8102981130365953,-10.06388032693667,2.2850380528199086,23496.51936390324,-85855.3580806763,-85827.70443156197,0.38120159011246724,0.8312276645958179,-10.06615639737718,2.180546162859861,23517.53295309212,-85788.80513566553,-85761.1514865512,-5.3985908589897855,-0.552079781402995,0.18367645806338284,-10.323015212196937,0.8228038214005886,1.811332408259382,22730.213993673948,-88319.91501515365,-88273.82559996308,-2226.72270545231,-2217.5048224141938,-2160.1697604415385,-2150.9518774034223,-4691.279639929649,-4663.625990815301
433,73814,-2.159558840123196,-0.22058052558322508,-9.79034225443621,4.533491781996411,24447.796505327562,-81561.08458526985,-81542.66597788087,0.3532569846463059,0.7975836387137909,-10.0543601828437,2.257800053160623,23782.105889949802,-83596.84146805287,-83569.21355696938,0.37932404680828347,0.8152286619087086,-10.056686049048693,2.1491615645467856,23801.360444997375,-83537.10408810458,-83509.47617702109,-5.071258562730897,-0.5177214001504561,0.1837905964130544,-10.197767337354488,0.7590483595622637,1.9315407856607587,23014.183428596247,-86015.61977830394,-85969.57325983146,-2035.756882783011,-2026.5475790885102,-1976.0195028347225,-1966.8101991402218,-4454.535193034084,-4426.907281950596
434,74217,-2.1523239463704305,-0.21935101857919417,-9.812235932669529,4.558902924077198,24654.464468010512,-81785.74911268083,-81767.31961565398,0.3628614841846549,0.8381056887862681,-10.052602428007141,2.309712453140296,23884.657206687567,-84138.03878099134,-84110.39453545107,0.3887648650186836,0.8530514567609668,-10.056772091731542,2.1942606791896435,23907.0406641588,-84068.51904184755,-84040.87479630728,-6.706951409737908,-0.6758664914559412,0.1258107039083511,-10.427277454919365,1.1041526295392214,1.4795821551173742,23145.47540192643,-86467.1971617301,-86421.12341916298,-2352.2896683105064,-2343.074919797087,-2282.769929166723,-2273.555180653304,-4681.4480490492715,-4653.803803508999
435,74311,-2.1164906452205554,-0.2157965258101868,-9.807806855436619,4.633994899804797,24509.635511163946,-82421.21596636668,-82402.78393783029,0.3494018780935567,0.799014538883007,-10.071332465724288,2.286806651534543,23792.5680575226,-84625.73702103387,-84598.08897822927,0.37430644847079647,0.8130501170590587,-10.074373191913429,2.172150975172134,23813.316739064416,-84560.96119013515,-84533.31314733054,-5.611976284245155,-0.5710866312154197,0.17064675582608518,-10.334052249451664,0.8432686847030855,1.7510478189127663,23002.97081878478,-87129.72523053852,-87083.64515919752,-2204.521054667188,-2195.3050403989764,-2139.745223768463,-2130.5292095002515,-4708.509264171837,-4680.861221367231
436,74615,-2.155623709440762,-0.22009266442776618,-9.794164267334008,4.543540797236327,24975.048251276734,-81659.45395846806,-81641.01376479134,0.35505530668017615,0.794932791725643,-10.05659060116671,2.2388984948806754,24240.784737004076,-83884.01944541527,-83856.35915490017,0.3816605444148617,0.815156084243545,-10.05835272803635,2.1358143936342486,24261.537520169713,-83820.16811053739,-83792.50782002229,-4.987386021223878,-0.5102577983251793,0.19094833787291776,-10.206780243566156,0.7400905174212435,1.9597936636780526,23467.156940009896,-86300.13217646771,-86254.03169227588,-2224.5654869472055,-2215.345390108836,-2160.714152069326,-2151.4940552309563,-4640.678217999652,-4613.017927484543
437,74647,-2.0448288387958695,-0.20896920282253204,-9.785311955907918,4.785394146568354,25091.771759859035,-81378.4258004549,-81359.98474922567,0.3502545042574182,0.7948977643385728,-10.059911126590018,2.2694862012520067,24289.44962598833,-83802.29577771534,-83774.63420087149,0.3739108364292226,0.8029687799285882,-10.064444451389672,2.1474873196957525,24310.6872384453,-83737.05628415558,-83709.39470731173,-5.155253444709497,-0.5270412948248511,0.18563596544373678,-10.24358044809986,0.7779275840073818,1.8973845310021198,23525.089210258353,-86185.10424295752,-86139.00161488443,-2423.8699772604305,-2414.6494516458188,-2358.6304837006755,-2349.409958086064,-4806.678442502613,-4779.016865658763
438,74002,-2.0820822466591444,-0.21288698903072198,-9.780223094604793,4.6973279323128985,24814.657438590337,-80854.84886462556,-80836.42516982787,0.347110858923691,0.7823954396525074,-10.058730375890532,2.2540217902676147,24090.135404998266,-83045.68108126066,-83018.04553906411,0.3711080054341665,0.792375920436469,-10.062319741087613,2.13516256408819,24109.61259562728,-82985.87366735622,-82958.23812515968,-4.645902211641853,-0.4778995773584589,0.1962021255471213,-10.237469441673165,0.6417141308668816,2.0924898187342995,23297.176658374126,-85518.54708703993,-85472.48785004568,-2190.832216635099,-2181.620369236247,-2131.024802730666,-2121.812955331814,-4663.698222414372,-4636.062680217816
439,73859,-2.1520408332246803,-0.21951884743382089,-9.80344448042651,4.5554175037360904,24507.045358566298,-81477.0440877655,-81458.62426146714,0.362560643718043,0.81904568192504,-10.059166122429689,2.259058439233127,23757.005057634204,-83770.81853182355,-83743.188792376,0.3884081435930256,0.833017872177962,-10.063128963867802,2.1446972364482626,23778.081023213785,-83705.32375850607,-83677.69401905852,-5.184123743715464,-0.5295433119832886,0.187052764222076,-10.233897218406995,0.7746288258351968,1.8884196577891217,22983.350381702305,-86212.0964702341,-86166.04690448816,-2293.7744440580427,-2284.5645309088577,-2228.279670740565,-2219.06975759138,-4735.052382468595,-4707.422643021026
440,74734,-2.184268483834743,-0.2225981155159956,-9.812609953015457,4.49240101463546,24774.150592646653,-82512.37634596703,-82493.932965124,0.3578517683247161,0.7895525891138423,-10.070150675248076,2.2063677170302514,23989.109860066717,-84916.8726693421,-84889.20759807756,0.38274066773780174,0.7995516449524155,-10.073979999127788,2.0890166955034735,24010.354201514394,-84850.7188174831,-84823.05374621855,-5.672469608918982,-0.5745276656996666,0.16674818919529988,-10.210449108099215,0.856835238450009,1.7405602196409256,23207.42239546122,-87388.64666065056,-87342.53820854296,-2404.496323375075,-2395.2746329535585,-2338.3424715160654,-2329.120781094549,-4876.2703146835265,-4848.605243418962
441,74129,-2.0772265727214125,-0.21201253751167184,-9.797659124791409,4.716702190053017,25048.50994266818,-80425.4072776738,-80406.98015347832,0.3573018765130647,0.8288267681471324,-10.060212826969046,2.3196821025282985,24265.83279974303,-82776.63528399996,-82748.99459770673,0.38309248355860853,0.8458248892394321,-10.063610600968078,2.207886934722464,24288.52491612537,-82707.34617806134,-82679.70549176811,-6.15222966554875,-0.6230444204750838,0.14927976917922692,-10.383998585492662,0.9908814521480442,1.6050219970471449,23521.704266743527,-85081.43655240166,-85035.36874191294,-2351.228006326157,-2342.0144442284072,-2281.9389003875403,-2272.7253382897907,-4656.029274727858,-4628.388588434624
442,74189,-2.1037078389136123,-0.21486865352882537,-9.790668877772777,4.654005987270947,24544.379984915344,-82058.8999763662,-82040.47123402583,0.35205990024281275,0.7888342446193678,-10.058786290427896,2.2406250870244393,23712.923879911552,-84613.65292603985,-84586.00981252929,0.3752367612845235,0.7923504786328777,-10.063697067214306,2.1116014217809473,23736.01920022091,-84541.43134458757,-84513.78823107701,-6.115170833487826,-0.6166420321454503,0.13772180073056545,-10.2604863927949,0.9511618320680115,1.621686404542928,22897.61920638428,-87205.32353959515,-87159.25168374421,-2554.7529496736533,-2545.5385785034596,-2482.5313682213746,-2473.316997051181,-5146.423563228949,-5118.780449718382
443,74204,-2.0975324051810493,-0.21398481651942464,-9.802248773060233,4.673228765785932,24521.374074643914,-82160.07891309084,-82141.64976641872,0.3553888826029929,0.8049924902727011,-10.060146747537965,2.2651031860553816,23729.920860204926,-84592.59439129685,-84564.95067128868,0.38089630958095533,0.820724279719689,-10.063151180418611,2.154718381552744,23751.422424783937,-84525.38895452114,-84497.74523451297,-5.196617887397623,-0.5299995307016501,0.1832786428659344,-10.206387580898054,0.8019024160767774,1.886794123527111,22995.834384280086,-86920.35488863863,-86874.28202195834,-2432.5154782060126,-2423.3009048699605,-2365.3100414303044,-2356.0954680942523,-4760.275975547789,-4732.632255539618
444,74293,-2.1381853322417514,-0.2180948190615987,-9.803925381821392,4.5851616480516215,25122.771293182414,-80547.59662197174,-80529.1650779445,0.3585438169809127,0.8115881696121535,-10.056318416213639,2.2635676064534085,24384.51955711409,-82761.47235315319,-82733.82503711234,0.3844405534361042,0.8269712305503117,-10.059726688941668,2.1511030071070745,24403.40104626333,-82703.9678509711,-82676.32053493024,-4.843912949550332,-0.4973191095925417,0.2003279024878999,-10.203575714577955,0.7513419959301681,2.0107813689671197,23689.808283332655,-84904.80462249828,-84858.7257624302,-2213.875731181455,-2204.6599591678387,-2156.3712289993564,-2147.15545698574,-4357.208000526545,-4329.560684485696
445,73951,-2.161634088365907,-0.22064347169408718,-9.796954660697693,4.532198448121128,24506.911802801,-81670.99851838111,-81652.57620239971,0.3715291833263804,0.9274017713032345,-10.031065035794866,2.4961747634465956,23943.972878269255,-83387.512849587,-83359.87937561491,0.40380640176047927,0.9733432514818726,-10.033711350484662,2.410420556084245,23962.308467537907,-83330.90502321749,-83303.2715492454,-4.897058991570713,-0.5161670119121372,0.21047603981969185,-10.584299727934237,0.8080206041291981,1.9373574384296794,23159.96623491579,-85845.44835354952,-85799.39256359603,-1716.5143312058935,-1707.3031732152012,-1659.9065048363846,-1650.6953468456923,-4174.449835168416,-4146.816361196325
446,74720,-2.093137201040064,-0.21388778906509548,-9.786146325553117,4.675348716123556,24848.542257372235,-82258.88722069643,-82240.44421455062,0.3443608690861702,0.7788820779764399,-10.057480060032958,2.261819352597634,24145.05531628342,-84402.806678147,-84375.14216892829,0.36787915155699524,0.7872420382754146,-10.061616513146829,2.1399474119246134,24164.65013463736,-84342.19256783387,-84314.52805861516,-4.846614339067366,-0.497649872567208,0.19293086095839507,-10.237689634264754,0.7069329303199803,2.00944490318331,23376.92449671,-86814.51975495912,-86768.41223959462,-2143.9194574505673,-2134.697954377669,-2083.305347137444,-2074.0838440645457,-4555.632534262695,-4527.968025044
447,74346,-2.1443924141294453,-0.21893556502165976,-9.794627994393219,4.567553928029318,25080.815260074323,-80782.34493900051,-80763.91196869883,0.3620854852203589,0.8290279489392591,-10.058660981534503,2.2895917753641166,24388.191743089497,-82862.3415800476,-82834.69212459508,0.3899221447374779,0.8537104583696735,-10.061555777819468,2.189438250408808,24407.282012721036,-82804.16875584096,-82776.51930038843,-4.083137127792241,-0.43222956200507845,0.21886838023054486,-10.413661039191865,0.5935562153009597,2.313585390506563,23554.431939850834,-85444.47274170755,-85398.39031595332,-2079.996641047095,-2070.780155896253,-2021.8238168404496,-2012.6073316896072,-4662.127802707037,-4634.478347254495
448,74740,-2.1921992861703705,-0.22394222115627405,-9.78912897644515,4.46543753489954,24567.703628735435,-83150.43131908774,-83131.98777768167,0.36818690673194004,0.870024287343212,-10.031066753004646,2.362996270197725,23919.49183667602,-85146.90680923515,-85119.24149712603,0.3986626891248976,0.9060943216676325,-10.032743673928245,2.272834519971245,23939.140041481165,-85085.53828063284,-85057.87296852372,-5.056345784531457,-0.5224977697141551,0.1965630977512889,-10.343543563636112,0.7974544184088418,1.9138837674791875,23136.12751169077,-87631.62378506448,-87585.51493154929,-1996.475490147408,-1987.2537194443576,-1935.1069615450979,-1925.8851908420475,-4481.192465976739,-4453.527153867617
449,74013,-2.184680271172722,-0.2226028108952137,-9.814252849669186,4.4923062560550155,24552.541828384277,-81663.82174490795,-81645.39775284308,0.35757625114990854,0.8010941557262795,-10.066981894019662,2.240344970198909,23870.0787415362,-83748.22205632625,-83720.58606822895,0.382875355992212,0.8134712363177201,-10.070424986744792,2.1246372313768527,23888.903675087087,-83689.87534085798,-83662.23935276068,-5.273160686860482,-0.5387417487362011,0.18854707110256802,-10.259386925825853,0.8026295152727477,1.8561769202884952,23133.650990761056,-86063.59917199031,-86017.53919182815,-2084.4003114182997,-2075.1883153858653,-2026.0535959500266,-2016.8415999175922,-4399.7774270823575,-4372.141438985069
450,74376,-2.180482166503908,-0.2223958088205628,-9.804511056515466,4.496487615046905,24591.62519056479,-82309.95439405939,-82291.52061688312,0.354811408572058,0.8024789435598486,-10.060559409340899,2.261705582662725,23973.30993857621,-84201.92584182713,-84174.27517606273,0.38069573438399895,0.8178767310449301,-10.063602431820177,2.148373772478251,23987.334230399476,-84158.42889651083,-84130.77823074642,-4.19641143917671,-0.44054623338430365,0.21815870967524115,-10.353876330221729,0.628312334235704,2.2699093176167633,23213.655754742278,-86592.86353609568,-86546.77909315501,-1891.971447767748,-1882.754559179608,-1848.4745024514414,-1839.2576138633012,-4282.9091420362965,-4255.258476271891
451,73894,-2.0464520067739174,-0.20896022898053562,-9.793500020353354,4.785599656349672,24619.498507410583,-81212.36946891171,-81193.94869508603,0.3589679163914459,0.8341807718206002,-10.054208430869336,2.3238309991775035,23778.092115442436,-83779.96635802173,-83752.3351972832,0.38522413271718325,0.8532245700164505,-10.0573904796766,2.2148782943535243,23802.087199781792,-83705.43562114742,-83677.8044604089,-7.316502684514493,-0.7351347772653372,0.10679788221469196,-10.604029440557568,1.1900963936592421,1.3602947798496863,23011.960984279758,-86196.03430692831,-86149.9823723641,-2567.59688911002,-2558.3865021971724,-2493.0661522357113,-2483.8557653228636,-4983.664838016601,-4956.033677278072
452,74366,-2.1889128453144067,-0.22298317571960966,-9.816493276904696,4.484643277560324,24721.565557511,-81896.97773593856,-81878.54422768432,0.3665527538202484,0.8592987864464636,-10.053025880511237,2.344270442632795,24049.561881254307,-83944.44392467359,-83916.79366229221,0.39613074223980566,0.8913474257859,-10.055022704026324,2.250134439821651,24068.878421417063,-83884.73733843045,-83857.08707604908,-5.495248970031927,-0.5647852195844788,0.1902613773398658,-10.409849526333653,0.8773117152358219,1.7705845785690273,23304.063238176896,-86282.15832826517,-86236.07455762956,-2047.466188735023,-2038.2494346078893,-1987.7596024918894,-1978.5428483647556,-4385.180592326607,-4357.530329945235
453,74157,-2.1095018238845356,-0.21528154323447612,-9.798804821772157,4.645080042513629,24771.308858489032,-81309.03072070563,-81290.60284121294,0.3508271942565907,0.767129673021708,-10.072902164951115,2.1866311551111934,23968.737597292235,-83749.4435340991,-83721.80171486006,0.37506607604170866,0.7771437831198127,-10.075556326923952,2.072018326267907,23989.55927520423,-83685.05120298514,-83657.4093837461,-4.726333467449705,-0.4852686243634718,0.203101182830348,-10.220357961023726,0.6428821318387727,2.0607143132562977,23170.06374544881,-86258.57172144619,-86212.50202271446,-2440.412813393472,-2431.198873647125,-2376.020482279506,-2366.806542533159,-4949.541000740559,-4921.899181501518
454,74302,-2.1738033762468607,-0.2219646886073154,-9.793464851936893,4.505221106448742,24838.97885348429,-81410.46399200795,-81392.03220571147,0.3584830264972038,0.8327252994828687,-10.042115045183984,2.3229141631043553,24216.91355395621,-83292.97454948408,-83265.32687003934,0.38701266590652333,0.8606894383802447,-10.043461080353008,2.223930930953382,24231.711020341525,-83247.5870326573,-83219.93935321257,-4.416175129279342,-0.45959052534828715,0.20818103270604874,-10.303226499826078,0.6695085715965591,2.1758499030026335,23464.206016421995,-85635.07390714709,-85588.99444140587,-1882.5105574761255,-1873.2946643278701,-1837.123040649356,-1827.9071475011006,-4224.609915139139,-4196.962235694402
455,74356,-2.129159250960801,-0.21779220659129353,-9.776103949193912,4.591532523827122,24564.228406196777,-82350.70648010918,-82332.27324081313,0.3555580317882472,0.8512760218957224,-10.042242534610049,2.3941971374245328,23933.941343239185,-84281.49132027422,-84253.84146133014,0.384538072128828,0.8845994847195663,-10.043797727806027,2.3004210735815196,23955.59986453325,-84214.23483468153,-84186.58497573745,-5.467149203747872,-0.5641484558645785,0.18295122700801172,-10.500919480355053,0.8135046952188174,1.7725830667522837,23035.44134729541,-87122.62203912812,-87076.53894088799,-1930.7848401650408,-1921.568220517016,-1863.5283545723505,-1854.3117349243257,-4771.9155590189475,-4744.265700074859
456,74087,-2.1016976114915025,-0.21445970818438986,-9.799964894498915,4.662880540433321,24513.423423676762,-81937.64565278015,-81919.21966206556,0.3524237859754826,0.7887652254014672,-10.064204286228533,2.238115748113381,23685.884407772428,-84479.91075399892,-84452.27176792703,0.3752176165713947,0.7904045337080452,-10.06927388515511,2.1065229850625915,23707.02912558531,-84413.80176445791,-84386.16277838602,-5.846074160323607,-0.5937595800299886,0.16422026464483463,-10.32163083821745,0.8937776723849082,1.6841833523755416,22880.438797979677,-87039.09362058256,-86993.02864379607,-2542.2651012187707,-2533.0521058614686,-2476.1561116777593,-2466.943116320457,-5101.447967802407,-5073.808981730515
457,74343,-2.195104701705591,-0.223639028948067,-9.81539184833133,4.471491423942008,24517.686478612486,-82464.3007133113,-82445.86782371497,0.3695212746172326,0.8510094095474071,-10.049479920172173,2.3030051799559375,23787.18409195915,-84711.0130635352,-84683.3637291407,0.39823944513167747,0.8771263439760812,-10.052303086145473,2.2025099590173953,23807.271851994148,-84648.25850931923,-84620.60917492474,-5.626458572376317,-0.5733411793907989,0.17413981537128576,-10.28550070264751,0.9273299229910817,1.7441621776802174,23069.53044649285,-86984.45388894636,-86938.37166495554,-2246.7123502238974,-2237.4959054257342,-2183.957796007933,-2174.74135120977,-4520.15317563506,-4492.50384124057
458,74603,-2.046366510101057,-0.20919836009728657,-9.78194336298528,4.780152193998822,24647.576238842168,-82618.98306421161,-82600.54319221189,0.3500471754562354,0.7970466219627993,-10.055901428150152,2.276969156868543,23825.906489366578,-85146.40314994457,-85118.743341945,0.3743176952703178,0.808664912326443,-10.05942894857364,2.1603705155922603,23851.501825752322,-85066.30277824632,-85038.64297024674,-5.5801190664368425,-0.5641818003023752,0.15332277940084407,-10.164094980589638,0.8571324630897881,1.7724783030293543,23044.00312790516,-87631.75075955188,-87585.65107955258,-2527.420085732956,-2518.2001497331075,-2447.319714034704,-2438.0997780348553,-5012.76769534027,-4985.107887340695
459,74581,-2.1088024794292126,-0.21524719457052374,-9.797119463679156,4.645821293955863,24535.627418917415,-82912.13836184994,-82893.69907972582,0.365348745817801,0.8571978622894633,-10.040455770354718,2.3462455314324435,23739.13373956488,-85371.41149356312,-85343.75257037694,0.3940872721223571,0.8861972705016335,-10.042596896191709,2.248733550132228,23761.438370073203,-85301.37015737189,-85273.7112341857,-5.799513114006738,-0.5918024301834848,0.16901560485912545,-10.359058601606149,0.9675991009343995,1.6897531152245455,22992.259991262865,-87751.56184991993,-87705.46364460961,-2459.273131713184,-2450.0534906511166,-2389.231795521948,-2380.0121544598805,-4839.423488069995,-4811.764564883793
460,74458,-2.076271480868895,-0.21222502124063555,-9.783349148612752,4.711979738082486,24588.63672151747,-82491.80019692286,-82473.36421594885,0.3468994744962957,0.777428707638958,-10.0564996643099,2.2410777899499514,23795.608658972753,-84930.78367565636,-84903.12970419534,0.3706589039114329,0.7868742749663385,-10.059051186906714,2.122906711973546,23819.216759879822,-84856.94901991973,-84829.2950484587,-5.66064312755644,-0.5714159770943551,0.14719210429147644,-10.160901562737333,0.8673698361715348,1.7500385709986457,23003.833971964443,-87446.45408971213,-87400.3641372771,-2438.9834787334985,-2429.765488246485,-2365.1488229968672,-2355.9308325098536,-4954.653892789269,-4926.999921328243
461,74601,-2.066284678577576,-0.2109418088111748,-9.795519865041154,4.74064390381308,24647.041269089186,-82616.38730116819,-82597.94748278633,0.34791861273057917,0.8117146209658033,-10.058437328488095,2.3330589145409646,23908.597812484433,-84883.65484948955,-84855.99512191677,0.37314400891415567,0.8283577488218328,-10.062142847905166,2.219941172933054,23929.78299140511,-84817.58088923339,-84789.9211616606,-4.693997540028113,-0.48549328369596645,0.19926720771954876,-10.331285906000256,0.6892687517964001,2.0597607291025604,23136.517789768215,-87328.50051404382,-87282.40096808918,-2267.267548321368,-2258.04763913044,-2201.1935880652018,-2191.973678874274,-4712.113212875629,-4684.453485302845
462,74806,-2.1175808361173694,-0.21624563829706886,-9.792478834686731,4.624370728931159,24605.250585235077,-83175.65176296492,-83157.20645621562,0.35321074989075874,0.8121866749158546,-10.054827961646327,2.2994392870744966,23875.811125171895,-85424.86344983107,-85397.19548970713,0.379948589180678,0.8344948324763686,-10.056993928007453,2.196336178733747,23898.2315485187,-85354.65032914265,-85326.9823690187,-5.264741767226433,-0.5376376541354749,0.18026708609115114,-10.262270804228244,0.7795916440016704,1.859988771820692,23077.832055949017,-87963.77029729601,-87917.65703042276,-2249.211686866154,-2239.989033491511,-2178.998566177732,-2169.7759128030884,-4788.1185343310935,-4760.450574207149
463,74264,-2.0276547820002206,-0.20713690456009992,-9.788959559410163,4.827724939328009,24644.056647985108,-81915.91662716262,-81897.48586398046,0.35058737432412096,0.7894939525916626,-10.063925237299836,2.2519178111125266,23769.515852518718,-84597.21223473623,-84569.56608996299,0.3738335437654904,0.7960158386138573,-10.067739623404103,2.129332297460193,23795.87714193395,-84514.89629559129,-84487.25015081804,-6.143101313920488,-0.6180381027671575,0.13267258608426158,-10.23818628003444,0.9590377591507799,1.6180232181845664,22985.83111276465,-87082.98157613834,-87036.90466818293,-2681.2956075736147,-2672.0802259825286,-2598.9796684286703,-2589.764286837584,-5167.06494897572,-5139.418804202476
464,74314,-2.167626691452266,-0.22122786428082858,-9.798163077236337,4.5202262529217,24629.554130362194,-82064.83310751706,-82046.40099824054,0.36517353999473945,0.843080158984013,-10.04922896292223,2.3087109734077615,23917.034484580447,-84244.40709859125,-84216.75893467647,0.39319144134603445,0.867432110021059,-10.051696048599041,2.2061317180545172,23937.47379641172,-84180.92605296546,-84153.27788905067,-5.757910243132443,-0.5880799654953526,0.17392889514840132,-10.37413843055715,0.9284411106639011,1.700449018285597,23157.87590307832,-86637.4802651334,-86591.3999919421,-2179.5739910741977,-2170.357936435932,-2116.0929454483994,-2106.876890810134,-4572.647157616346,-4544.998993701563
465,74205,-2.0746957356305695,-0.2116730677868667,-9.801415727198595,4.72426657985086,24533.399750246415,-82125.80378970606,-82107.37461608139,0.34421822269324415,0.7718074379643955,-10.07707039130713,2.242203890095048,23742.33902430034,-84555.91223285055,-84528.26847241356,0.36661353169939925,0.7739639031559155,-10.082054772161676,2.111116574361796,23763.58138324066,-84489.55042629251,-84461.90666585552,-4.522309621316986,-0.46603283383378996,0.20165284319135582,-10.263275554220446,0.6153142609941588,2.1457715581401478,22942.031031522813,-87096.34725949274,-87050.27432543109,-2430.1084431444906,-2420.8938563321717,-2363.746636586453,-2354.532049774134,-4970.543469786688,-4942.899709349702
466,74153,-2.1760277647186896,-0.22183737176176663,-9.809112628036125,4.507806741750935,24834.880023134425,-81110.58809983764,-81092.16032822708,0.3486330523188794,0.7542025848199814,-10.077181612379158,2.1633134890783254,24144.00663944712,-83200.6622818929,-83173.02062447707,0.372555781236973,0.762360946930646,-10.080046850711083,2.0463001390004685,24161.86852054158,-83145.8237296557,-83118.18207223987,-4.777785430918538,-0.4885934705657425,0.20003305018999948,-10.174913400050478,0.6528810422659728,2.0466912888584035,23379.37207977942,-85583.05994802488,-85536.99051899849,-2090.074182055265,-2080.8602962499863,-2035.2356298180675,-2026.021744012789,-4472.4718481872405,-4444.830190771405
467,74274,-2.0803721167951026,-0.21253431744996773,-9.788405664345659,4.705122504441703,24449.01337029791,-82527.1219563844,-82508.6909239109,0.35384687670510395,0.8081468077060576,-10.059571002373456,2.2838884865431983,23634.26131584923,-85042.44995269955,-85014.80340398927,0.37876682693172115,0.8203475442433101,-10.06332066939205,2.1658378873585757,23656.571983103157,-84972.36860682501,-84944.72205811473,-6.066243028005442,-0.6155308233569408,0.1545953994221421,-10.391105718237535,0.9278707512039511,1.624614011279349,22795.628462531397,-87721.8675539705,-87675.7899727867,-2515.3279963151435,-2506.1124800783728,-2445.246650440604,-2436.031134203833,-5194.745597586094,-5167.099048875811
468,74240,-2.1158638596779027,-0.21574763747371675,-9.807124121744627,4.635044961369851,24575.401589501125,-82072.55770789216,-82054.12759115724,0.3437649892230275,0.7620673645154493,-10.074703744049714,2.216826577476265,23855.798716292975,-84276.87301163982,-84249.22783653744,0.3670748655675108,0.7689111234009025,-10.07759843389183,2.094698372257492,23874.943793104678,-84217.31682189713,-84189.67164679474,-4.985152190394685,-0.5088751430889147,0.18773635760238747,-10.217228518754682,0.7067393730129673,1.9651185827822446,23089.09106678802,-86698.07575009063,-86652.00045825333,-2204.3153037476586,-2195.100245380192,-2144.7591140049626,-2135.544055637496,-4625.51804219847,-4597.8728670960845
469,74707,-2.110185437136283,-0.2157189941449795,-9.782103080445845,4.635660406092587,24947.045420174614,-81936.01226574113,-81917.56960759133,0.3486094315399448,0.7706680911995486,-10.060599480770849,2.2106920280246145,24201.829517140744,-84199.66377880213,-84171.99979157744,0.3715926462618691,0.7744404140144567,-10.06424227654472,2.084111248715865,24221.946434774978,-84137.59201250075,-84109.92802527607,-4.93416319266369,-0.5040266903577564,0.1888210676076058,-10.17982267801486,0.6881524302137568,1.9840219161612325,23384.09241879588,-86763.51147167418,-86717.4048262997,-2263.651513061006,-2254.4301839861146,-2201.5797467596276,-2192.358417684736,-4827.499205933054,-4799.835218708366
470,74484,-2.1447444225318395,-0.21874898839086795,-9.804591272895575,4.571449712092687,24741.04452533715,-82086.36202075124,-82067.92534151884,0.34765005699461693,0.798862126566482,-10.060393922568004,2.2978915449418484,24119.74006753966,-83978.71292319486,-83951.05790434626,0.37431490191855665,0.8216810816881888,-10.062299917539391,2.195159950823892,24134.995425305035,-83931.6178518388,-83903.9628329902,-4.392900169816352,-0.45893141557190864,0.2101893885361744,-10.366402350639081,0.666917321839713,2.178974822967448,23370.8181455472,-86324.11993920452,-86278.02824112351,-1892.3509024436207,-1883.1325628274208,-1845.255831087561,-1836.0374914713611,-4237.757918453281,-4210.102899604666
471,74864,-2.095313026746722,-0.21402099068337152,-9.79022207147235,4.672438889321035,24680.866436719913,-83068.45046826935,-83050.00361144314,0.35249229706908647,0.8200452829406427,-10.050727248829665,2.3264204346000743,23956.532264267516,-85296.44485095592,-85268.7745657166,0.37853373842992055,0.8389879126083782,-10.053645131695642,2.216415149910616,23977.47043882196,-85231.04177542933,-85203.37149019001,-5.627472904910547,-0.5750566612098086,0.1730396769468542,-10.374036627608744,0.9085380955580495,1.7389590756086406,23187.55279398246,-87734.91394740007,-87688.79680533454,-2227.9943826865638,-2218.770954273452,-2162.591307159979,-2153.367878746867,-4666.463479130718,-4638.793193891397
472,74568,-2.080978944455378,-0.21254827163572446,-9.79061804850552,4.7048136044778035,24662.143469362803,-82501.17047877003,-82482.73154529055,0.3533864138556423,0.8224755910929056,-10.05016157612526,2.3274114647454596,23890.745824361908,-84868.8098991277,-84841.15149890847,0.3791410361113505,0.8400792520333211,-10.053493357633133,2.2157434094962936,23914.071235897994,-84796.0419425738,-84768.38354235457,-5.746924684341124,-0.5842273847981946,0.16044531159749403,-10.315935425942316,0.9148277129123913,1.7116623185087818,23123.239981981118,-87299.67942489714,-87253.58209119843,-2367.6394203576638,-2358.419953617922,-2294.8714638037636,-2285.651997064022,-4798.508946127113,-4770.850545907888
473,74459,-2.2256719064000428,-0.22686758946338126,-9.810444549018708,4.4078574747734525,24570.331453101022,-82549.36058130836,-82530.92457347375,0.37445304124038753,0.8850948109032603,-10.04442346855861,2.3637004201417504,23909.409267598494,-84577.6789535044,-84550.02494175248,0.4050853601675957,0.9185419517201271,-10.047485983817863,2.267526901836441,23927.992475218987,-84519.82935986403,-84492.17534811211,-5.999893029316327,-0.6156953275740654,0.17910538817387373,-10.522866391702898,0.9761162449591296,1.6241799396791823,23137.231760659546,-87018.09272777628,-86972.00270818974,-2028.3183721960377,-2019.1003682787268,-1970.4687785556744,-1961.2507746383635,-4468.732146467926,-4441.078134715994
474,73846,-2.170334109901866,-0.22116664443640244,-9.81311678093464,4.521477470295277,24406.098791951128,-81754.50970202986,-81736.09022778456,0.3644987594768807,0.8431937728449842,-10.053139713876933,2.3132966873607863,23690.24376209108,-83950.88620097535,-83923.25698960741,0.3925490289465689,0.8677579977993429,-10.056313274025076,2.2105722694768306,23710.511167151886,-83887.73670525268,-83860.10749388475,-4.793171748483942,-0.49400771004416083,0.20497362380048156,-10.254658872708282,0.7497551390218863,2.024259904588548,22985.525343045323,-86176.93370577953,-86130.8850201663,-2196.376498945494,-2187.166761822853,-2133.227003222826,-2124.017266100185,-4422.424003749678,-4394.794792381741
475,74209,-2.150328816889766,-0.21963178622535942,-9.790608426247374,4.553075022455637,24612.578910448563,-81895.11441176108,-81876.68513032988,0.35694358579408864,0.8359895729961897,-10.044283912207217,2.342077589477823,23998.511653683912,-83768.0668412481,-83740.4229191013,0.38519755679779466,0.8644807141592364,-10.046017004755063,2.244252848709101,24016.295928734573,-83713.09407788458,-83685.45015573778,-5.278475347722702,-0.5430785583152846,0.18641042998159588,-10.374096179916798,0.8159830930498878,1.8413542289391018,23213.165183910784,-86233.16586465455,-86187.09266107655,-1872.9524294870207,-1863.7377887714247,-1817.9796661235014,-1808.7650254079053,-4338.051452893473,-4310.40753074667
476,74061,-2.135933808484394,-0.2178405513096128,-9.805033064980773,4.590513538403226,24731.15203815952,-81227.98690263934,-81209.56161392546,0.3642392019527784,0.8448990985263284,-10.056174377071182,2.3196270307990208,23992.16028471164,-83472.74160693615,-83445.10367386532,0.39280272930563204,0.8730692153566468,-10.058012256641348,2.222665857999497,24013.131446988686,-83408.03435104107,-83380.39641797025,-5.8122686027599215,-0.5930713495561782,0.17365634053587203,-10.39717268693706,0.9225092246842591,1.6861377652930707,23225.426936604697,-85874.20252510057,-85828.13930331585,-2244.754704296807,-2235.542059939864,-2180.0474484017323,-2170.834804044789,-4646.215622461226,-4618.577689390397
477,74061,-2.1244508688873625,-0.2167954952470571,-9.799331238254595,4.612641968692265,24558.529930400207,-81746.74124154798,-81728.31595283409,0.35102171717238306,0.7822260462084516,-10.063366930729316,2.2284263563792797,23829.930512649215,-83975.22675713747,-83947.58882406664,0.3757076137118116,0.7932141344134575,-10.066143271006506,2.1112538193646944,23847.397476929666,-83920.96109444206,-83893.32316137123,-4.731784130079179,-0.4851704379998863,0.19825959655405181,-10.19220619090131,0.6829947865518127,2.0611313502992825,23086.988206710248,-86316.9754308775,-86270.91220909278,-2228.485515589491,-2219.272871232548,-2174.219852894079,-2165.0072085371357,-4570.234189329523,-4542.596256258694
478,74699,-2.110189342958379,-0.21567225099734166,-9.784241288344456,4.636665103534,24961.015512117792,-81877.41917392988,-81858.97672996158,0.35511058290204506,0.8170347830183776,-10.047213676929646,2.300789732430338,24267.46712798269,-83980.33063909879,-83952.66697314633,0.38217708732103123,0.8410075982424899,-10.049001993194269,2.2005704322510526,24288.101246565442,-83916.84263274255,-83889.1789667901,-5.468208965532356,-0.5588726420627135,0.17649037239296467,-10.311628225032873,0.8596390350114664,1.7893164287111154,23487.93834100525,-86415.22495699837,-86369.11884707761,-2102.9114651689015,-2093.6902431847557,-2039.423458812671,-2030.2022368285252,-4537.805783068485,-4510.142117116033
479,73615,-2.164575897563049,-0.2203579206976301,-9.823000193095979,4.538071501283479,24388.565822302815,-81321.02290694484,-81302.60969876824,0.35577870017084295,0.8152315670317692,-10.068956768752122,2.2914007124099887,23703.258793375775,-83417.18792760858,-83389.56811534369,0.382754622212853,0.8368602735573127,-10.071353378612393,2.1864145460062603,23720.856355790584,-83362.55561185325,-83334.93579958836,-4.918239900193813,-0.5069904529899965,0.20152801197532774,-10.330839540483959,0.7437030190829348,1.972423729288116,22976.303233696697,-85706.232597101,-85660.1995766595,-2096.1650206637423,-2086.9584165754495,-2041.5327049084153,-2032.3261008201225,-4385.20969015616,-4357.589877891267
480,74761,-2.0905729171420973,-0.21352036848927303,-9.790976532747623,4.683393940706123,24798.821366656222,-82494.78085437314,-82476.3367510979,0.3484844117232516,0.7782470029174624,-10.063008934311995,2.233233329057789,23985.95767213522,-84984.38289543263,-84956.71674051978,0.3719122570394468,0.7849615778201053,-10.067171066121881,2.11060959396358,24009.395250658454,-84911.36678697413,-84883.70063206129,-5.203139941579628,-0.528767026924797,0.1776187099553087,-10.161229895015436,0.7353170157964132,1.8911920544966645,23182.18606229664,-87528.56825863301,-87482.45800044492,-2489.602041059494,-2480.379989421883,-2416.585932600996,-2407.363880963385,-5033.7874042598705,-5006.121249347023
481,74096,-2.096447961991022,-0.2143148255281674,-9.782094900921754,4.666032774613485,24445.53541966934,-82162.08810688848,-82143.66187323103,0.34763728545043493,0.7861143799453971,-10.054046714510344,2.2613062891882434,23679.357815375643,-84519.59434813507,-84491.9549976489,0.371611079284273,0.7959427865486407,-10.057961400817401,2.141870441757644,23702.892117587515,-84445.98881853033,-84418.34946804417,-5.2520572448145435,-0.5325408823776188,0.1666526939313513,-10.137142176684076,0.7615824523584505,1.8777901060578317,22875.302296672246,-87075.30469712727,-87029.23911298366,-2357.5062412465923,-2348.2931244178762,-2283.9007116418506,-2274.6875948131346,-4913.216590238793,-4885.577239752631
482,74259,-2.0794925494674965,-0.21203147698550917,-9.80747094267336,4.716280875920809,24753.44963225492,-81576.50105969144,-81558.07043116855,0.3500752356184127,0.7696013714367524,-10.072523507535479,2.1983884980531143,23849.114815786757,-84338.25443070082,-84310.6084879165,0.37328567898394244,0.7751985736120753,-10.07638430655759,2.0766898310219446,23872.82748507776,-84264.45696274779,-84236.81101996347,-5.3067332630275645,-0.5374629696215423,0.17435839145532242,-10.123150054101897,0.7590108183914995,1.8605932994865784,23070.55235687823,-86798.91713516728,-86752.84056386008,-2761.753371009385,-2752.538056747944,-2687.955903056354,-2678.7405887949135,-5222.416075475849,-5194.770132691527
483,73932,-2.1535717559600664,-0.21944165664397772,-9.813869385127832,4.557019917245706,24784.86623425255,-80797.20823692999,-80778.78643486838,0.3608454172611074,0.7945202214365398,-10.073177412598982,2.2018298790299604,23976.843653778968,-83245.66349779203,-83218.03079469962,0.38558333636164777,0.8033329722003869,-10.07769395614581,2.083422431530915,23997.183562434442,-83182.97248333773,-83155.33978024531,-5.133932018404062,-0.5256607210314018,0.197734932593742,-10.262607058229007,0.737096082831679,1.902367744042002,23175.75957164475,-85753.99339897947,-85707.93889382546,-2448.4552608620434,-2439.2443598312384,-2385.764246407736,-2376.5533453769312,-4956.785162049477,-4929.152458957076
484,74638,-2.075387610243031,-0.21168154915029266,-9.804291486781958,4.724077294474096,24963.66151968584,-81741.66722017925,-81723.2264100995,0.3510160568486011,0.774284664451617,-10.067060311316789,2.2058383066663487,24050.15034678277,-84522.17038869251,-84494.50917357288,0.37377431642947356,0.7764076500460512,-10.071733924194255,2.077209738386477,24072.93014069406,-84451.50831271062,-84423.84709759099,-5.45087050677285,-0.5509365351550056,0.1623847952525642,-10.109545530984791,0.8094383916761064,1.8150910970510437,23297.09411138343,-86892.60007936665,-86846.49805416726,-2780.5031685132562,-2771.282763473384,-2709.8410925313656,-2700.6206874914933,-5150.932859187393,-5123.271644067761
485,74424,-2.131516918215973,-0.21755469317219142,-9.797614048844757,4.596545288997808,24666.1782652261,-82185.80697532435,-82167.37190782545,0.35489448355890024,0.8113332962801959,-10.053080659735526,2.286125408724598,23919.00045436656,-84473.07902646407,-84445.42642521572,0.3803408537348077,0.826316410199272,-10.057155677725062,2.1725681111696207,23941.581501951492,-84402.85121303317,-84375.19861178481,-5.467612276592104,-0.5557931999319564,0.16905135752071576,-10.22985489664942,0.8138075158405503,1.799230361440957,23130.134852441643,-86965.02441677735,-86918.9367480301,-2287.27205113972,-2278.0545173902647,-2217.0442377088184,-2207.826703959363,-4779.217441453002,-4751.56484020465
486,73837,-2.1179240786441498,-0.21608363277109416,-9.801409072420352,4.627837782879831,24469.857132025063,-81542.9061097487,-81524.48687926876,0.3507480165362782,0.7648692521800778,-10.067140106293875,2.1806801923881065,23660.072072072537,-84025.75258262237,-83998.12373690247,0.37361357235144854,0.766774284304498,-10.071192714348225,2.0523191367984177,23679.87476146086,-83963.97932939962,-83936.35048367972,-5.0941029455248215,-0.517444634074498,0.18107550564285363,-10.111294581857777,0.7328294683713023,1.932573910614806,22911.63927741161,-86395.1586166324,-86349.11054043256,-2482.8464728736726,-2473.6368576337118,-2421.07321965092,-2411.863604410959,-4852.2525068836985,-4824.623661163801
487,74074,-2.116544212984278,-0.21591366814743346,-9.802733801636991,4.631480760713883,24613.170131782834,-81609.46821224937,-81591.04257250433,0.34822654907330447,0.7743351498619158,-10.069767366762918,2.2236534001286388,23857.208532896006,-83918.22550559576,-83890.5870459782,0.3726363843794744,0.7849943526831799,-10.072884242393341,2.106596096326924,23875.583875443306,-83861.19405520656,-83833.555595589,-4.522494640841483,-0.4662564059941241,0.2055864614940454,-10.239567590866244,0.6290926091193328,2.1447426504904734,23099.25460604501,-86305.78365944207,-86259.71956007947,-2308.757293346396,-2299.5444734738703,-2251.7258429571957,-2242.51302308467,-4696.315447192697,-4668.676987575134
488,74460,-2.12488942801974,-0.21697024104979967,-9.79346023555382,4.608926989994342,24723.925084163704,-82087.45504529148,-82069.01901059663,0.35264158660450606,0.7912102108073297,-10.061695167326445,2.243666773467323,24011.620675147173,-84262.18098958669,-84234.5269375444,0.37712678167315566,0.8014684414245553,-10.065364926390906,2.125196301012543,24031.263767022963,-84201.29269282611,-84173.63864078383,-4.864188307376919,-0.49985350243723425,0.19714888020528293,-10.256991483408687,0.6981662955788238,2.00058616199367,23225.621204793242,-86736.34950430962,-86690.25941757248,-2174.7259442952054,-2165.507926947772,-2113.8376475346304,-2104.619630187197,-4648.8944590181345,-4621.240406975849
489,74388,-2.1644808372018915,-0.2206412982520553,-9.809953324011177,4.532243092848484,24327.609576536994,-83138.18340862257,-83119.74930878759,0.35302325897510706,0.8079242517477025,-10.063333954504449,2.288586463377112,23656.540771179592,-85216.98387439187,-85189.3327246394,0.3800480854986419,0.8306250353070473,-10.065633028778809,2.1855787912132913,23674.788437784522,-85159.6261997461,-85131.97504999363,-4.613134033493553,-0.4764998532030292,0.20342467027886035,-10.287239638510274,0.6758545913041623,2.0986365332077352,22914.92751382751,-87582.32256281053,-87536.23731322309,-2078.8004657692945,-2069.583415851812,-2021.4427911235252,-2012.2257412060426,-4444.139154187957,-4416.488004435494
490,73938,-2.1062986996614614,-0.2145860910442714,-9.815634785140428,4.660134285188546,24241.536198636,-82448.65353305817,-82430.23156869183,0.3490382067131958,0.7896745681273216,-10.069546300279722,2.2624301664952,23452.71519439318,-84892.61566051144,-84864.98271396194,0.3735980624529848,0.8015222801223969,-10.072681460888878,2.145413375165092,23474.35249090567,-84824.43247235054,-84796.79952580105,-5.302250720598213,-0.5380556503700133,0.17277021959510927,-10.176941088551983,0.8009479506038484,1.8585438129165894,22730.238845643602,-87202.14521660752,-87156.09030569169,-2443.962127453269,-2434.7511452701146,-2375.7789392923733,-2366.5679571092187,-4753.49168354935,-4725.858736999857
491,74518,-2.0943930814941063,-0.21362638216015475,-9.804000144157987,4.681069771851982,24269.87121167394,-83590.66452042412,-83572.22692845228,0.34928936040131586,0.784424828493108,-10.067920535853109,2.2457736118610754,23489.44671743262,-86024.24576725853,-85996.58937930076,0.3739733249302744,0.7967035955228577,-10.070656905891777,2.130375463735012,23508.94349106004,-85962.41979177021,-85934.76340381244,-4.99284056037094,-0.5094718677335957,0.1871495236884172,-10.199315404759872,0.7184420696005377,1.9628169155807107,22703.12523390281,-88557.48335993057,-88511.38938000095,-2433.5812468344084,-2424.362450848479,-2371.75527134609,-2362.5364753601607,-4966.81883950645,-4939.1624515486765
492,74818,-2.0020555656728694,-0.20457249150214943,-9.786533619315254,4.888242757650987,25054.56311714164,-81847.08102284856,-81828.63539529512,0.3464448953360576,0.7783484286343868,-10.069800487459254,2.246673104764252,24139.859538135483,-84627.68022806392,-84600.01178673375,0.36871159620515737,0.7815485235511992,-10.074600636318696,2.1196743785523156,24167.569269410276,-84541.84718113618,-84514.17873980601,-6.172430360969308,-0.6212411040216043,0.134839874237383,-10.263708772055487,0.9356145524129303,1.6096809974847126,23324.789714937415,-87193.50388495611,-87147.3898160725,-2780.5992052153597,-2771.3763914386363,-2694.766158287617,-2685.543344510894,-5346.422862107545,-5318.754420777375
493,74193,-2.076595585147361,-0.21201621054764402,-9.794513258129905,4.716620476410606,24773.55595547311,-81377.78338335396,-81359.3545331838,0.3501323887121051,0.7972306504491461,-10.062465878881687,2.276940597759625,24034.395252242637,-83623.15258504801,-83595.50930979276,0.37406915342920993,0.8057353026498993,-10.066784679901852,2.1539741923745104,24053.53722647884,-83564.08576739489,-83536.44249213964,-4.922732763302334,-0.5060212576687553,0.1945098444600931,-10.287798447381547,0.7303179997638573,1.9762015623750857,23280.34004802455,-85984.18135003623,-85938.10922461082,-2245.3692016940477,-2236.1547766089643,-2186.3023840409296,-2177.0879589558463,-4606.397966682271,-4578.754691427021
494,74225,-2.1094555161441684,-0.2151428819832683,-9.804904985460876,4.648073832522938,24801.97193213603,-81359.80145418287,-81341.37174158361,0.3495338931036305,0.7813326095956107,-10.075001560470353,2.235355783835131,24057.346531099265,-83620.38315937539,-83592.7385904765,0.37398714039729275,0.7929570034845014,-10.078302010026201,2.1202787952605266,24078.38037339713,-83555.51503981733,-83527.87047091844,-4.899224776489007,-0.5022928080366716,0.19658956672817043,-10.2550588916731,0.7078906772045797,1.990870631631643,23284.4389990395,-86040.21060187563,-85994.13632037747,-2260.5817051925114,-2251.3668488928815,-2195.713585634454,-2186.498729334824,-4680.409147692757,-4652.764578793853
495,74157,-2.0856893385173816,-0.2128149072762313,-9.80048515027277,4.698918946979647,24967.86682742191,-80722.92429742539,-80704.49641793269,0.35444106018332056,0.8057535885855157,-10.060666888927605,2.2733076923107376,24203.716536304815,-83025.98147680546,-82998.33965756642,0.377981655646137,0.8108554929878934,-10.065699608502461,2.1452244596415255,24223.024019040025,-82966.84947425316,-82939.20765501412,-4.949883465896953,-0.5078431038699585,0.19531367995856755,-10.24252773746733,0.751092119847227,1.9691120985588226,23473.839261385863,-85292.64057143881,-85246.57087270707,-2303.0571793800773,-2293.8432396337303,-2243.9251768277754,-2234.7112370814284,-4569.716274013423,-4542.074454774382
496,74353,-2.136509886474242,-0.21790317232239054,-9.804859028455299,4.589194316641188,24389.12714372525,-82876.29259635016,-82857.85943774862,0.3552874965223801,0.8290138864168294,-10.059210237276167,2.3333607135949648,23692.61327662375,-85028.60390228669,-85000.95416438437,0.38180727774426715,0.8486936003901395,-10.062977659516319,2.2228324336933953,23712.77125461751,-84965.37031635855,-84937.72057845622,-5.321733529389366,-0.5450995348821228,0.1836438607538778,-10.341086163984794,0.8179336886299208,1.8345273404356306,22910.03738695784,-87521.98697244373,-87475.90407593988,-2152.311305936528,-2143.0947266357543,-2089.077720008383,-2079.8611407076096,-4645.694376093568,-4618.0446381912625
497,74386,-2.102577609059479,-0.21453400908132644,-9.800672714144941,4.661265616030677,24939.89822258703,-81284.93843510086,-81266.50438903872,0.3478477800825303,0.8005405037724952,-10.057795380708463,2.301410414585826,24240.212496413722,-83399.66138069196,-83372.01031159874,0.37307523412662996,0.8164569335377292,-10.060745890012944,2.188451172453344,24257.726941162928,-83345.93416840782,-83318.2830993146,-4.881868815498669,-0.5028463506264791,0.1950403009008344,-10.304252457170326,0.7315859834028936,1.9886790443127094,23502.92178959136,-85693.30973327318,-85647.22461811782,-2114.7229455911,-2105.505922560027,-2060.9957333069615,-2051.7787102758884,-4408.371298172322,-4380.720229079103
498,74011,-2.108276327295544,-0.21526201099247916,-9.794000890241628,4.645501523419932,24458.980424542504,-81942.18445394389,-81923.76051592431,0.3488577185906711,0.7666218530640003,-10.063478518557863,2.197520112672378,23648.795389832936,-84433.2647691997,-84405.62886217033,0.3721310895387493,0.771756863418254,-10.067038337095566,2.073884405559435,23668.933314436683,-84370.26816861694,-84342.63226158757,-4.748537650437335,-0.48508027988003377,0.19496246362509742,-10.134170141232469,0.6610975398459249,2.061514436841902,22900.300371607656,-86809.61777213102,-86763.55792708209,-2491.0803152558074,-2481.8683462460176,-2428.0837146730482,-2418.8717456632585,-4867.433318187133,-4839.797411157779
499,74570,-2.1509423749881944,-0.2196194418612745,-9.793952469594498,4.553330941582408,24777.357864712325,-82157.82515052342,-82139.38616340235,0.35913520009477856,0.8106542094643607,-10.053673978031675,2.257239639139864,24054.94070321682,-84362.33927458953,-84334.68079390792,0.3849758462941624,0.8254587159927811,-10.057877050252108,2.1441831323673304,24074.067037726327,-84303.0714481207,-84275.41296743909,-4.106979018399053,-0.4290821290741815,0.21815653278770214,-10.268643818851313,0.5927294179785754,2.3305561621913085,23306.187826647594,-86716.35548597696,-86670.25801817428,-2204.5141240661032,-2195.2946305055666,-2145.246297597274,-2136.0268040367373,-4558.530335453543,-4530.871854771933
