rep,n,ou_a,ou_b,ou_x_star,ou_tau,ou_sse,ou_aic,ou_bic,tanh_A,tanh_Delta,tanh_x_star,tanh_tau_local,tanh_sse,tanh_aic,tanh_bic,rat_A,rat_Delta,rat_x_star,rat_tau_local,rat_sse,rat_aic,rat_bic,hinge_a,hinge_b,hinge_A,hinge_x_c,hinge_Delta,hinge_tau_from_b,hinge_sse,hinge_aic,hinge_bic,delta_aic_tanh,delta_bic_tanh,delta_aic_rat,delta_bic_rat,delta_aic_hinge,delta_bic_hinge
0,22533,-1.8513474809346897,-0.19927494531128764,-9.290417709274477,5.0181923193500255,7896.721878305897,-23622.5981478386,-23606.55267547789,0.24180426440127764,0.5398019905962765,-9.39523720089771,2.2323923522724454,7891.76278197773,-23634.753188508006,-23610.684979966944,0.25470033778999573,0.5287933157001663,-9.396016510178221,2.0761390435852674,7883.621370588506,-23658.010997933885,-23633.942789392822,-2.466068051021317,-0.3039272281497525,0.19264524425745583,-9.855930437861701,0.509583545346357,3.290261310537387,7815.895519347219,-23848.4215754448,-23808.30789454303,-12.155040669407754,-4.132304489052331,-35.41285009528656,-27.390113914931135,-225.82342760620304,-201.7552190651404
1,22418,-1.7747929332058672,-0.1902626305745678,-9.328121491047554,5.255892851791932,7581.310910870603,-24301.104186477238,-24285.068947504074,0.25152680852141146,0.5565255431738281,-9.420554532685818,2.212589371468343,7444.988853946803,-24705.87787896161,-24681.82502050187,0.2641614016295696,0.5404585514366783,-9.423447017308183,2.045940656366432,7443.188716527711,-24711.299023445794,-24687.246164986052,-3.0232980686776534,-0.35697691351621874,0.19861024853123785,-9.815519635816901,0.5197477562480453,2.80130160281238,7341.436343697683,-25015.879146548814,-24975.79104911591,-404.7736924843739,-396.75607299779585,-410.19483696855605,-402.177217481978,-714.7749600715761,-690.7221016118347
2,22664,-1.977620310052882,-0.21234851613520422,-9.313087494304472,4.709239406049303,7891.055552517842,-23907.60454106237,-23891.54747497935,0.2583751058549674,0.6158374342893591,-9.39001001710161,2.3835014300295807,7968.691769222505,-23683.714338852176,-23659.628739727646,0.2742415474588711,0.6162529126352737,-9.389980651027596,2.247117252456779,7958.563811976808,-23712.53789263829,-23688.45229351376,0.4549193212486064,-0.059141222510009306,0.21899530376917228,-10.32861153981649,0.5550642647780532,16.908679894649723,7896.368259667946,-23886.35098217557,-23846.208316968015,223.89020221019382,231.91873525170377,195.06664842407918,203.09518146558912,21.25355888680133,45.3391580113348
3,22380,-1.91995391259544,-0.2056761063489931,-9.334841789243347,4.862013472304803,7942.687276819377,-23179.800906340966,-23163.769060377235,0.2572783606924521,0.5541628112259285,-9.417584198291678,2.1539425614125745,7912.849490100103,-23262.03273839668,-23237.98496945108,0.27089398022141914,0.5423556997467173,-9.417609685902173,2.002095798893039,7907.447523422075,-23277.31639822298,-23253.268629277383,-2.2708217167537548,-0.28973421809844097,0.2094047524077254,-9.91895467745585,0.504740465928864,3.451439069099657,7809.064754149588,-23553.51026029085,-23513.43064538152,-82.23183205571331,-74.21590907384598,-97.51549188201534,-89.499568900148,-373.7093539498819,-349.66158500428355
4,22691,-1.6439087120495042,-0.17505168244800115,-9.390990643793582,5.712598622392838,7593.334343010904,-24835.782510479276,-24819.723063181114,0.24034721446259666,0.5243854144249938,-9.429872919374128,2.1817827828689054,7428.134791749926,-25332.894031362852,-25308.804860415607,0.2516459881870577,0.506369291375816,-9.431295720692464,2.0122287465175606,7427.15793163068,-25335.878278581742,-25311.789107634497,-3.613016305552717,-0.41003861545561326,0.18501832110638614,-9.728932775225626,0.5203317696072548,2.4387946947115036,7326.508669434421,-25641.47831234632,-25601.329694100914,-497.1115208835763,-489.0817972344921,-500.09576810246654,-492.06604445338235,-805.6958018670448,-781.6066309197995
5,22551,-1.7738789569813793,-0.18882422936897658,-9.394339714291052,5.295930524074459,7596.454384467375,-24533.693505591058,-24517.646436211366,0.23432117308250108,0.46377969861205165,-9.459769095368284,1.9792479378240462,7500.602016028073,-24818.053408984717,-24793.98280491518,0.24620898124992455,0.45321926159985204,-9.458629219960734,1.8407909382468595,7495.686040992972,-24832.838421991415,-24808.76781792188,-3.1656282884872593,-0.359316316962711,0.18226491523535537,-9.664228000942503,0.38996823406301195,2.7830631474044014,7406.356648378095,-25099.20286855623,-25059.085195107,-284.3599033936589,-276.3363687038145,-299.14491640035703,-291.12138171051265,-565.509362965171,-541.4387588956342
6,22479,-1.9141198799691934,-0.2048792678732393,-9.342672393545827,4.8809233378299135,7550.653891946327,-24519.405982714252,-24503.365309076187,0.25058753410858947,0.5366616684649246,-9.435484772659262,2.141613589734148,7532.475624948295,-24571.589626929275,-24547.528616472177,0.2647026749078393,0.5310505994992236,-9.436619684114087,2.00621546300625,7524.622618046309,-24595.03740621674,-24570.97639575964,-1.2011749674890577,-0.19631958864139218,0.21421667111308815,-10.076679658123743,0.5022942781520958,5.093735204522322,7432.937292522871,-24866.61982180636,-24826.518137711195,-52.18364421502338,-44.16330739598925,-75.63142350248745,-67.61108668345332,-347.21383909210635,-323.1528286350076
7,22376,-2.0154510615529526,-0.2155760971098859,-9.3491397635129,4.638733205612627,8062.4201304821445,-22836.865430446207,-22820.833941976445,0.2665354560032988,0.6071178188717814,-9.40392871890786,2.2778125956505666,8083.946160201476,-22775.202876321593,-22751.15564361695,0.2821656616472239,0.6024563004333262,-9.406261483195273,2.1351155803874673,8075.693928098369,-22798.05635085216,-22774.009118147515,-2.072865547393586,-0.27124255620578325,0.22133439134012373,-9.916480724897317,0.5319564613884624,3.6867371182025406,8023.1262788731465,-22940.186052839403,-22900.107331664993,61.66255412461396,69.6782983594967,38.809079594047944,46.824823828930676,-103.32062239319566,-79.27338968854747
8,22621,-1.916103318004035,-0.20521163722393265,-9.337205939803159,4.87301799024571,7803.111950313161,-24072.798348608856,-24056.74508069414,0.25081721535123985,0.4910323218481552,-9.427664178878597,1.9577297402035283,7748.806241648744,-24228.779430240396,-24204.699528368325,0.26390365125325027,0.4814628126103742,-9.42744598626908,1.8243885991116784,7742.001036778066,-24248.654514413312,-24224.57461254124,-3.240918505702411,-0.36432475018854454,0.19386426040138954,-9.535371377953068,0.40153189396774436,2.744803913218858,7666.628568561131,-24465.960918189034,-24425.827748402244,-155.9810816315403,-147.95444767418303,-175.8561658044564,-167.82953184709913,-393.16256958017766,-369.08266770810224
9,22443,-1.8612609608152135,-0.19933411153203268,-9.337393116060378,5.0167028227845565,7636.238849193865,-24191.20528465984,-24175.16781657876,0.24552334400544987,0.520356897449262,-9.417987852965066,2.1193785037308372,7592.54563731362,-24317.9889634684,-24293.93276134678,0.25848977204094503,0.510009279145388,-9.417805066491237,1.9730346586579912,7587.403773261101,-24333.193079927943,-24309.136877806322,-2.8803895939859516,-0.3401226945141487,0.1974162656251225,-9.768660489381093,0.4928024254710045,2.94011548223343,7518.852385245511,-24532.8847618338,-24492.791091631098,-126.78367880855876,-118.76494476801963,-141.98779526810176,-133.96906122756263,-341.67947717395873,-317.6232750523377
10,22571,-1.6423178010334438,-0.17563933506139037,-9.350512517366411,5.693485457858713,7471.2431617415905,-24950.5989566568,-24934.550114305934,0.24145466464830034,0.5112439722482379,-9.423769378708611,2.1173497434514634,7299.734629229681,-25472.77455609708,-25448.701292570786,0.2521849831130538,0.4877331181773624,-9.426018885112901,1.934029188243588,7297.74977625896,-25478.912615975583,-25454.83935244929,-3.013351231907373,-0.3497389254014475,0.193021532651928,-9.7142122426013,0.4823334365998412,2.8592756692785937,7210.792722560244,-25745.474757037726,-25705.352651160567,-522.1755994402811,-514.1511782648522,-528.3136593187846,-520.2892381433558,-794.8758003809271,-770.8025368546332
11,22375,-1.793612908021091,-0.19156417987859725,-9.362986906830825,5.220182607383825,7889.570236305426,-23319.758179540884,-23303.7267804546,0.24581283170296692,0.5753112064186707,-9.418345765105903,2.3404441600260317,7856.2801306818465,-23412.369420699215,-23388.322322069787,0.2571220116551488,0.5507188979403725,-9.422749790463778,2.141858234521729,7851.474238315146,-23426.060982527106,-23402.013883897678,-2.2991547824182,-0.2942154817459626,0.2039405403308969,-9.995868642772361,0.5611133148188553,3.3988694070947627,7765.933274326026,-23667.171857458863,-23627.093359743147,-92.61124115833081,-84.59554161518827,-106.30280298622165,-98.2871034430791,-347.41367791797893,-323.36657928854765
12,22491,-1.8319553424235588,-0.19619781419804513,-9.337287216535218,5.096896742134876,7779.897727993841,-23871.816674883037,-23855.774933866694,0.23332525990578132,0.44610133854530637,-9.468288471173269,1.9119290329964522,7758.265478945442,-23932.440708522478,-23908.378096997963,0.2433100091926186,0.42395847172991263,-9.467477841577,1.7424621088821792,7751.944357383541,-23950.772936702495,-23926.71032517798,-3.0034556411978977,-0.35214781119699917,0.1880262072693922,-9.80569901481296,0.4328843943195624,2.839716642283993,7642.961866702406,-24265.211530444984,-24225.107177904127,-60.62403363944031,-52.60316313126896,-78.95626181945772,-70.93539131128637,-393.3948555619463,-369.33224403743225
13,22606,-1.806431236478154,-0.19210715970740647,-9.40324784994731,5.205428061729061,7898.425858021604,-23767.381723062736,-23751.329781789234,0.24293445535513905,0.4863625406723386,-9.450338754543079,2.0020319471000474,7762.9546284821245,-24156.47610988676,-24132.39819797651,0.2535574413292788,0.46484524374560854,-9.452826689115374,1.8332936367737824,7761.084517690631,-24161.922595090633,-24137.84468318038,-3.5185325346811633,-0.39476751909315483,0.18931976335107165,-9.615990179078826,0.44797519029848726,2.533136470541352,7686.900347892829,-24375.040911608303,-24334.91105842455,-389.0943868240247,-381.0684161872741,-394.5408720278974,-386.51490139114685,-607.6591885455673,-583.5812766353156
14,22745,-1.8731675739921838,-0.20092074071790647,-9.322917919271056,4.977086966865228,7449.740554439766,-25383.19872111243,-25367.13451987242,0.2603461726692137,0.641659137582874,-9.387820339627948,2.464638258378173,7392.762716413838,-25555.82792864308,-25531.73162678307,0.2770960970153961,0.6454343292850822,-9.390720647256776,2.3292797561461875,7389.328075180456,-25566.397599383236,-25542.301297523223,0.8085613957133552,-0.03635793807357645,0.21865372147036585,-10.404166438346964,0.556607373103647,27.504310007248776,7278.469444274824,-25906.2157587958,-25866.055255695777,-172.6292075306519,-164.59710691064902,-183.19887827080674,-175.16677765080385,-523.0170376833703,-498.920735823358
15,22513,-1.8834374298827485,-0.20054841300060497,-9.391435223559046,4.986327166782334,7717.398115787463,-24098.770005615148,-24082.726309216905,0.24284159277032857,0.47442385717651536,-9.45844288538004,1.9536350909426357,7690.2877716103785,-24175.994856482168,-24151.929311884804,0.2554554401053052,0.46336207167136545,-9.458075132230768,1.8138665259207472,7681.465595591271,-24201.83623784973,-24177.770693252365,-2.3324976588628994,-0.28850363944889096,0.20635813907372183,-9.84276425060247,0.46445070934103055,3.4661607801906156,7611.0829717963825,-24405.065947215488,-24364.956706219884,-77.22485086702,-69.20300266789855,-103.06623223458155,-95.0443840354601,-306.2959416003396,-282.23039700297886
16,22646,-1.787772748519246,-0.1917606258584542,-9.322939683347034,5.214834878241053,7646.576224128527,-24583.33379945126,-24567.27832242151,0.23268201511302342,0.47416461214756345,-9.425108201115586,2.0378223556179957,7588.791360349914,-24753.118601206304,-24729.035385661682,0.24292133033407007,0.4541089045366445,-9.425036099662991,1.8693661191141395,7587.191589017815,-24757.89304274881,-24733.809827204186,-3.8239814945167,-0.4222382976567352,0.17079307398791807,-9.527967162811088,0.446804749896364,2.3683308822284155,7497.684254808905,-25022.639951936642,-24982.501259362274,-169.78480175504592,-161.757063240173,-174.55924329754998,-166.53150478267708,-439.3061524853838,-415.22293694076507
17,22843,-1.6680546934025342,-0.1794559793718,-9.295063331083718,5.572397216858307,7738.728607974278,-24721.43025314987,-24705.35745314256,0.24174091256314242,0.5374562576922812,-9.397303401666031,2.2232738843984396,7611.537273882726,-25097.990228886127,-25073.88102887516,0.2525533559860562,0.5146428854134494,-9.400785757064545,2.037759044634764,7611.227154338978,-25098.920948240317,-25074.81174822935,-2.9152781791548965,-0.34642258049891517,0.18581471350931103,-9.808989021725202,0.4893939390582802,2.8866478581153907,7499.177333121706,-25433.707508838204,-25393.525508819926,-376.5599757362579,-368.5235757326009,-377.49069509044784,-369.4542950867908,-712.2772556883356,-688.1680556773681
18,22520,-1.6335859121835348,-0.17415453754143387,-9.380093882393854,5.742026674223665,7273.769167190532,-25446.509385105262,-25430.465066940757,0.23927052917293895,0.5038370322606087,-9.446347120782935,2.1057212269399357,7094.576313476982,-26006.248703937297,-25982.182226690536,0.25083440396802975,0.49017323701843957,-9.446323061972027,1.9541706770053557,7094.174921795078,-26007.522859855464,-25983.456382608703,-3.8459692805346486,-0.4311649632735825,0.18427982814749122,-9.689400881503833,0.5245211486461184,2.319297914208026,7009.842441981797,-26272.834791357236,-26232.72399594597,-559.7393188320348,-551.71715974978,-561.0134747502016,-552.9913156679468,-826.3254062519736,-802.2589290052128
19,22506,-1.9885486329325475,-0.2137737174048614,-9.30211934878074,4.67784352604077,7975.872186962938,-23342.845146854204,-23326.802072415583,0.25921640787470235,0.5551755862562352,-9.398648923665016,2.141745543069908,7958.543446161926,-23389.79589637572,-23365.73128471779,0.2735095678227712,0.5469858633699638,-9.397313235406502,1.9998783505972262,7952.221474976396,-23407.680931029237,-23383.616319371307,-3.148814049774461,-0.3723831442852534,0.20716563908802194,-9.811105942437942,0.5545480856347471,2.6854061880791757,7866.456989737659,-23647.72589627277,-23607.618210176217,-46.95074952151481,-38.929212302206,-64.83578417503304,-56.81424695572423,-304.88074941856394,-280.81613776063386
20,22439,-1.6115618439655202,-0.1735156141529689,-9.287705039298597,5.763170103633522,7216.611459565584,-25451.138197908265,-25435.101086317536,0.25176565142333734,0.5872798186480074,-9.389646905557298,2.332644724678951,6998.379837634599,-26138.16909974467,-26114.11343235858,0.26424229117509995,0.5692782435634528,-9.39345259747672,2.154379758939575,6998.488055048935,-26137.822123466984,-26113.76645608089,-4.956924626526287,-0.5625548426833259,0.1792883353563763,-10.033958367269086,0.7886729930802546,1.7776044647133564,6875.967201897049,-26530.135613137674,-26490.042834160857,-687.030901836406,-679.0123460410432,-686.6839255587183,-678.6653697633556,-1078.997415229409,-1054.9417478433206
21,22539,-1.9972305693145378,-0.21393848564122428,-9.335536630206413,4.674240808065755,7681.623403525136,-24257.345555960226,-24241.29955111815,0.2500276700683054,0.5736605780604395,-9.413947046907165,2.2943883687102327,7722.190757108548,-24136.628245195217,-24112.559237932106,0.26470951272865306,0.5692038732614169,-9.416234871422139,2.1502962526507052,7713.520265063709,-24161.949299790198,-24137.880292527087,-1.8263596089091692,-0.2479113353143497,0.2070006456190562,-9.973295158622701,0.518620481367971,4.033700188545262,7641.775300606037,-24368.569995992402,-24328.454983887215,120.71731076500873,128.74031318604466,95.39625617002821,103.41925859106414,-111.22444003217606,-87.15543276906465
22,22471,-1.9376760111803233,-0.207482717213133,-9.338975492546107,4.819678542057879,8023.248526789452,-23138.482824240542,-23122.4428625046,0.2534933775564883,0.5365109960931572,-9.416777372012499,2.1164694764998404,8008.374332689079,-23178.180176338374,-23154.12023373446,0.26662021673638053,0.524830799621054,-9.416626030780764,1.9684583789082202,8001.35059337549,-23197.89699932822,-23173.837056724304,-2.9018762730853056,-0.34113148061778475,0.20118938706550132,-9.741033461631414,0.48762711156770644,2.931421040910715,7944.383535765737,-23354.45557722702,-23314.355672887163,-39.697352097831754,-31.67737122986,-59.414175087676995,-51.39419421970524,-215.97275298647946,-191.9128103825642
23,22247,-1.9645459132550966,-0.21020944691823076,-9.345659493691947,4.757160130814622,7473.554007625776,-24263.839866730777,-24247.81994183669,0.2590144404035695,0.6073743072277052,-9.407577405490265,2.3449438042193993,7471.864594114762,-24266.869419069342,-24242.839531728212,0.27501317973577066,0.6090987896766843,-9.408558057246792,2.2147985426076637,7466.288101262919,-24283.47926966703,-24259.4493823259,-1.893676808324186,-0.25646823178093425,0.20875882204031654,-9.994945916807408,0.5299450122417381,3.899118393946597,7399.491079501724,-24479.407349619658,-24439.357537384443,-3.0295523385648266,4.980410108477372,-19.639402936252736,-11.629440489210538,-215.56748288888048,-191.53759554775388
24,22490,-1.9300853220408598,-0.2070850035779168,-9.320256361850246,4.8289348949584605,7755.468222170541,-23940.486647025264,-23924.44499493536,0.26368930037899396,0.6259323554068306,-9.410339881260677,2.3737495397317745,7745.0433838155095,-23968.737861425656,-23944.675383290796,0.2792469041901247,0.6225961874405032,-9.413425785760566,2.22955448421591,7738.961026094401,-23986.406705810132,-23962.344227675272,0.9931073588723724,-0.011693406726731616,0.22112400796410117,-10.358192876253097,0.5339699728258955,85.51827738224125,7635.257292154512,-24285.814957398157,-24245.71082717339,-28.2512144003922,-20.230388355437753,-45.92005878486816,-37.899232739913714,-345.3283103728936,-321.26583223803027
25,22357,-1.8707941279489586,-0.20089708156542507,-9.312201617720898,4.977673106089076,7443.042738174579,-24585.564111131604,-24569.53432163138,0.26234649956047457,0.6344359941792175,-9.39752947695234,2.4183131669076112,7421.246588137753,-24649.130229353854,-24625.085545103524,0.2789039519078698,0.6359971339656787,-9.399357790731944,2.280344647736534,7414.519382817284,-24669.405574752564,-24645.360890502234,0.8389573698576832,-0.03993194083542941,0.22899150223117087,-10.469087667660071,0.5897255506301585,25.04260947699179,7303.258125039617,-25003.43423774914,-24963.35976399859,-63.566118222250225,-55.55122347214274,-83.84146362095998,-75.8265688708525,-417.8701266175376,-393.82544236720787
26,22490,-1.7815939921435497,-0.19206932785098985,-9.275786051199887,5.2064533738349645,7322.896054837816,-25231.23915872172,-25215.197506631815,0.26244346563963905,0.6672532760980356,-9.357874935834968,2.5424648103612557,7184.093372482256,-25659.620335506334,-25635.557857371474,0.27702833185130893,0.6556435869868124,-9.364242368351483,2.366702288554081,7183.680071596286,-25660.91422240735,-25636.85174427249,-1.3385419628159447,-0.21500318935814314,0.2082536106346896,-10.131047610249242,0.5625743534042088,4.6510937953308344,7051.598219086645,-26074.272569896035,-26034.168439671266,-428.38117678461276,-420.3603507396583,-429.67506368563045,-421.654237640676,-843.0334111743141,-818.9709330394508
27,22542,-1.9884256798873898,-0.21286082737628118,-9.34143545525351,4.6979052572799915,7954.36929218478,-23477.0740587566,-23461.027787726995,0.25527475099506086,0.6079307297692244,-9.421069365921726,2.381476144426782,7990.427749020317,-23373.118402934364,-23349.048996389956,0.270801178128356,0.6055511656042785,-9.42372666858123,2.2361467176381913,7981.246862670163,-23399.033727148126,-23374.964320603718,1.2684822357538066,-0.0028312408126989824,0.22126984805556724,-10.50679018781095,0.567169050444758,353.20202912966414,7883.185427277836,-23673.71108406215,-23633.59540648814,103.95565582223571,111.97879133703827,78.04033160847393,86.0634671232765,-196.6370253055502,-172.56761876114615
28,22668,-1.6480099334517149,-0.17558292397119096,-9.38593512500176,5.695314654653299,7850.9249407079615,-24031.39919372794,-24015.34177469336,0.2392371789698446,0.4877608660654263,-9.426178855725981,2.03881716113576,7720.521434647844,-24409.075649056278,-24384.98952050441,0.25138236443501627,0.47655434190140505,-9.42621050955094,1.8957349811410378,7716.011455060216,-24422.321138951138,-24398.23501039927,-3.241770857194878,-0.36140816952785826,0.18130678439858333,-9.50736494707973,0.36651523127165897,2.766954607878385,7634.4992317454735,-24659.0605492131,-24618.91700162665,-377.6764553283392,-369.6477458110494,-390.92194522319915,-382.8932357059093,-627.661355485161,-603.5752269332916
29,22504,-1.8389484062889578,-0.19548893569444614,-9.40691809363205,5.115379018498642,7483.769164057738,-24771.92523752036,-24755.882340820022,0.24742636164956827,0.48330752459342813,-9.434293010298658,1.9533388494712622,7314.236549873658,-25285.579704771233,-25261.515359720725,0.2592674710216156,0.4675042409237335,-9.432521678590046,1.8031735299518419,7312.368329414728,-25291.32846653562,-25267.26412148511,-3.7944391624992844,-0.41459945861249153,0.18584399086743753,-9.378779001475039,0.4309685684412191,2.4119664877195546,7267.97518463357,-25424.36589865231,-25384.258656901464,-513.6544672508717,-505.63301890070215,-519.4032290152572,-511.3817806650877,-652.44066113195,-628.3763160814415
30,22642,-1.5545760888657483,-0.1655416634474886,-9.390844917774277,6.040775350292463,7201.558167045581,-25932.618716756184,-25916.563593020906,0.23479388445080313,0.4980227841700203,-9.443886180326228,2.1211062857745433,7002.778023155164,-26564.379253676998,-26540.296568074085,0.24613003455857987,0.4833859247558307,-9.444268856179656,1.963945300794987,7000.17334447481,-26572.802497293633,-26548.71981169072,-2.911488878115561,-0.339617818317927,0.18551468798117,-9.753526973222401,0.4368117963685297,2.9444862609177602,6909.002372829179,-26865.631403123123,-26825.493593784933,-631.760536920814,-623.732975053179,-640.1837805374489,-632.1562186698138,-933.0126863669393,-908.9300007640268
31,22557,-1.6323565068592816,-0.1755667067658179,-9.29764268482078,5.6958407343931325,7069.944376712287,-26166.46959176673,-26150.421990330637,0.24094206240684815,0.517432846153273,-9.405300825444986,2.1475405372746836,6922.333637520021,-26640.41481938003,-26616.34341722589,0.25302352059554606,0.5037066760408828,-9.405595550796535,1.9907504047659255,6921.234873798073,-26643.995516554718,-26619.92411440058,-3.2855636355367914,-0.37289556717677846,0.18232152759245793,-9.623454195204227,0.4693901687630362,2.6817159763283813,6813.62533936262,-26993.46077196343,-26953.3417683732,-473.9452276132979,-465.9214268952528,-477.5259247879876,-469.5021240699425,-826.9911801966991,-802.9197780425638
32,22728,-2.040022509566057,-0.21815553986039685,-9.35122945248843,4.583885427066967,8387.593364046303,-22652.270681647544,-22636.207975800477,0.25827529399720417,0.5500095460893281,-9.411307104902496,2.129547652727798,8435.123369039087,-22521.84138630166,-22497.74732753106,0.27212881791936705,0.5383364816620181,-9.412195864669162,1.9782413556124347,8426.98841757798,-22543.771165144564,-22519.67710637396,-2.6946398027256286,-0.33022759267326207,0.21201300154209793,-9.87466540534472,0.5374483725759129,3.0282145471394104,8361.790712815242,-22716.296315832147,-22676.139551214477,130.42929534588257,138.46064826941802,108.49951650297953,116.53086942651498,-64.0256341846034,-39.93157541400069
33,22368,-1.7092367777015045,-0.18265452190899556,-9.357757803297648,5.4748165528485115,7187.57633297736,-25389.88353539372,-25373.852762103656,0.24631190411359385,0.5183286403845639,-9.430695490879879,2.1043588707167062,6983.793169232842,-26031.227995666253,-26007.181835731153,0.2582897324605783,0.5025346738586293,-9.432147808518799,1.9456238893868114,6982.985825669328,-26033.813940622545,-26009.767780687445,-3.276615707846399,-0.37485721587033705,0.19295577830433577,-9.689350941971693,0.4805531598913663,2.667682407228622,6896.406244118021,-26308.8805150828,-26268.80358185763,-641.3444602725322,-633.3290736274976,-643.9304052288244,-635.9150185837898,-918.99697968908,-894.9508197539762
34,22475,-1.9079764687497538,-0.20429932166868203,-9.339122876991109,4.894778856004859,8002.036547621497,-23206.101121434203,-23190.060803715525,0.2482596975110318,0.5869517925222109,-9.407774066072871,2.3642653173543353,8036.414758364139,-23107.751236395237,-23083.69075981722,0.2630834600110238,0.5839823805728017,-9.409542902136682,2.219760909896546,8027.628516809336,-23132.336677962223,-23108.276201384204,-1.3747062115846818,-0.2099920170945593,0.20052779649942556,-10.056911527852645,0.5025681106986294,4.762085787050183,7928.778712209175,-23406.805101074595,-23366.704306777894,98.34988503896602,106.3700438983069,73.76444347198048,81.78460233132137,-200.70397964039148,-176.64350306236884
35,22869,-1.8523788482126986,-0.19913828659798719,-9.30197241252864,5.021636055445039,7699.550655464299,-24891.657891129704,-24875.58281600839,0.2393557912769325,0.552156508864427,-9.421236574799348,2.3068441583081936,7676.235973951712,-24959.01159289489,-24934.89898021292,0.25323921295010055,0.5505928466241422,-9.420560915313938,2.1742005916462617,7670.363017151862,-24976.514970117445,-24952.402357435476,-0.33417203100082077,-0.1302967098606164,0.1951975900866318,-10.28272331285303,0.5079183138324145,7.674790875914979,7543.03343437705,-25355.33129035071,-25315.14360254743,-67.353701765187,-59.31616420453065,-84.85707898774126,-76.81954142708491,-463.67339922100655,-439.5607865390375
36,22732,-1.7791939134525028,-0.19012251040812345,-9.358144438726507,5.259766441403314,7557.259321256782,-25029.95649406822,-25013.893436263388,0.2502876728715874,0.5715670484825317,-9.401510513049587,2.2836404283313625,7445.713955896282,-25365.98228689369,-25341.88770018644,0.26243917094025837,0.5519128675986672,-9.404706961483248,2.1030125404728723,7442.878493315713,-25374.64069249927,-25350.54610579202,-3.457128935915117,-0.39439750447088745,0.1956117812788851,-9.684711986942956,0.5997109827182362,2.5355130006250213,7391.877885148062,-25526.942604422104,-25486.78495991002,-336.02579282546867,-327.9942639230503,-344.68419843104857,-336.6526695286302,-496.9861103538824,-472.89152364663096
37,22673,-1.7640467841249279,-0.18842860179441387,-9.361884381276688,5.307049940810238,7929.936743125023,-23814.660580462583,-23798.60272032613,0.23194659042408886,0.5443811458829166,-9.414142924821252,2.3470107704000975,7930.080275255129,-23812.250202090072,-23788.16341188539,0.24379817834447726,0.5292270547514595,-9.415714204830312,2.170758856137483,7923.342983257844,-23831.521072256033,-23807.434282051352,-2.0786368865674554,-0.2788687650896063,0.19657154096830437,-10.098586698837327,0.5763009982092933,3.585916119643874,7861.581808520578,-24004.945834062706,-23964.801183721574,2.4103783725113317,10.439308440738387,-16.86049179344991,-8.831561725222855,-190.28525360012281,-166.1984633954453
38,22601,-1.8054184554475663,-0.19341441828540012,-9.334456404297178,5.170245366735852,8007.300407036318,-23447.712412743807,-23431.66091387967,0.24760722521916823,0.5503596291963913,-9.392482152354289,2.2227123166912572,7940.8987393766,-23633.91582669739,-23609.838578401184,0.2608002114894279,0.5413085401361974,-9.393650210612721,2.075567872605581,7937.007176140583,-23644.994519684533,-23620.917271388327,-3.1166553432442186,-0.35687292974733337,0.19337802204104243,-9.612837422134902,0.502614959488191,2.802117831430929,7873.948035988038,-23821.275491235658,-23781.14674407531,-186.20341395358264,-178.1776645215141,-197.2821069407255,-189.25635750865695,-373.5630784918503,-349.48583019564103
39,22513,-1.8795242500250628,-0.20177043609160658,-9.315161757254332,4.956127465304115,7376.574016941507,-25115.63651681988,-25099.592820421636,0.2528610410806222,0.6271236488241406,-9.378060759973803,2.4801117884513832,7365.111937189782,-25148.645518402747,-25124.579973805383,0.2681059920774773,0.6241078581148475,-9.379935640153064,2.327840020578476,7360.455596822417,-25162.883094501896,-25138.817549904532,-2.4850635620841244,-0.3084228686743935,0.20325916008195194,-9.901128867362942,0.5822910854847178,3.242301727812909,7308.053025833201,-25319.73708857113,-25279.627847575528,-33.00900158286822,-24.987153383746772,-47.24657768201723,-39.22472948289578,-204.10057175125257,-180.03502715389186
40,22567,-1.8829780625078427,-0.20183510758167755,-9.329289067046224,4.95453943559014,7863.805499120823,-23786.53789311765,-23770.489405235305,0.24262211669270817,0.527988573783143,-9.42429366592238,2.1761766032725873,7874.910016162842,-23752.69340397536,-23728.620672151847,0.25398079285914943,0.5069791368564744,-9.426853448249599,1.9961317985869536,7867.672366564472,-23773.44375433382,-23749.371022510306,-2.4832601531734,-0.3060295593834385,0.19457834716670205,-9.878377406865162,0.49228213626118317,3.267658202739344,7802.218449968528,-23957.971823084918,-23917.850603379058,33.844489142287784,41.86873308345821,13.094138783828384,21.11838272499881,-171.43392996726834,-147.36119814375343
41,22376,-1.6647258127822948,-0.17769719520280777,-9.368329144882253,5.627550839272893,7399.393561138624,-24757.078207646613,-24741.04671917685,0.2530670540044011,0.571071553264846,-9.414253612384242,2.256601735502538,7248.050035376734,-25217.491082564196,-25193.443849859552,0.2662883681817121,0.5589967177274522,-9.416209493879066,2.0992156793946,7246.34613496814,-25222.751939970076,-25198.70470726543,-3.142518620824681,-0.3679745078331283,0.2015313439212129,-9.795483976918307,0.5537101478153235,2.71757955704227,7171.088432901051,-25452.355446665322,-25412.276725490912,-460.4128749175834,-452.39713068270066,-465.6737323234629,-457.65798808858017,-695.2772390187092,-671.230006314061
42,22589,-1.7114065361780886,-0.18382773989008713,-9.309838314942889,5.4398753996426885,7398.954470334718,-25208.133161030186,-25192.082724347973,0.24431419021855738,0.49773084611705326,-9.405305215270532,2.037257212410772,7218.673442400652,-25763.34732194917,-25739.271666925848,0.2556747410656374,0.47856239692146635,-9.406196929526242,1.8717625171999634,7217.31110543562,-25767.610810828988,-25743.535155805665,-3.0363730015844332,-0.34865214033750763,0.19142391458144356,-9.615963372898888,0.43718944438666246,2.8681883295825017,7131.453332804714,-26033.942710320203,-25993.816618614666,-555.2141609189857,-547.1889425778754,-559.4776497988023,-551.452431457692,-825.8095492900175,-801.7338942666938
43,22529,-1.9601172233767055,-0.20959230604663995,-9.35204760302855,4.771167505440171,8107.0533108386635,-23022.190390233547,-23006.145272939193,0.2662668579085549,0.6450272279008933,-9.408036787508076,2.422484093466929,8116.211060872103,-22994.755931706623,-22970.68825576509,0.2811943298007439,0.6353045534475832,-9.413494421257099,2.2593078384537986,8108.920444551869,-23015.002338471102,-22990.93466252957,-0.001230321408417178,-0.09814499805559174,0.2240942174335687,-10.277112425466035,0.5500461365573543,10.189006264318998,8022.131261006131,-23253.428240842866,-23213.31544760698,27.434458526924573,35.457017174103385,7.188051762444957,15.210610409623769,-231.23785060931914,-207.17017466778634
44,22528,-1.7049504815842274,-0.18273429357779872,-9.330216283996789,5.472426551255155,7337.645617999331,-25266.580105704506,-25250.535077186592,0.2527157545515171,0.5598296424889921,-9.421551497824831,2.2152542230004446,7181.360143761141,-25749.590610350333,-25725.52306757346,0.2648508968065216,0.5394056700688492,-9.42374705897244,2.0366390167932673,7180.431554567753,-25752.503792468167,-25728.436249691295,-2.6642783954620786,-0.3207351071556236,0.20205386321680766,-9.822633490684824,0.5023913699322187,3.1178376725526054,7067.492848202346,-26105.655668732856,-26065.543097438065,-483.0105046458266,-474.98799038686775,-485.92368676366095,-477.9011725047021,-839.0755630283493,-815.0080202514728
45,22412,-1.9207957278093162,-0.20566523960643232,-9.339428147824169,4.8622703667067535,7860.5769144007445,-23477.871047085562,-23461.836343468192,0.24963482467813744,0.5430682033853217,-9.424975945989866,2.175450496882868,7887.351215917115,-23399.66213645232,-23375.610081026265,0.26264178496501595,0.5292616312869464,-9.427205896607907,2.015146338414675,7878.346511708322,-23425.26372493376,-23401.211669507706,-1.7788580367707831,-0.24666968974573308,0.21313033149525148,-10.002452484682623,0.5254042082793109,4.054004369287524,7799.840315615821,-23645.715135280483,-23605.62837623706,78.20891063324234,86.22626244192725,52.60732215180178,60.62467396048669,-167.84408819492091,-143.7920327688662
46,22672,-1.6700506936612698,-0.1787585673230524,-9.342493166457052,5.594137472543067,7395.108532425418,-25395.711633331463,-25379.6538614076,0.2382336402928944,0.46623862690896634,-9.433862543136588,1.9570646124357294,7207.050125866699,-25977.720620711443,-25953.63396282565,0.24868017453239266,0.44493203603073106,-9.43409663213672,1.7891737323546673,7204.8841650770255,-25984.53534278856,-25960.448684902767,-3.312830422817972,-0.3696987282796133,0.1862947178650885,-9.51504967639361,0.39740829537059424,2.7049051660347407,7130.854053541903,-26214.694976962455,-26174.5505471528,-582.0089873799807,-573.9801014180484,-588.8237094570977,-580.7948234951655,-818.9833436309927,-794.8966857451996
47,22181,-1.9119929002644818,-0.20524048998572988,-9.315865989198429,4.872332940101287,7957.699854277064,-22733.65596195794,-22717.64197926684,0.24408305942540698,0.4985560922005223,-9.438883284528107,2.042567367740175,7957.112935090561,-22733.291979252524,-22709.271005215873,0.25558792531414565,0.4779096290231271,-9.440506175850759,1.8698443145767691,7949.808333459179,-22753.663410963167,-22729.642436926515,-2.636900050127962,-0.3192490960945006,0.19899499966454512,-9.847856904214805,0.4948663353306492,3.1323502939660353,7844.089161074281,-23046.61253153942,-23006.577574811665,0.36398270541394595,8.370974050965742,-20.00744900522841,-12.000457659676613,-312.95656958148174,-288.93559554482636
48,22714,-1.7698819353910245,-0.18870005527359088,-9.379339782518466,5.299415511829757,7813.427562022553,-24234.96659264452,-24218.905119137617,0.24110076670088418,0.5700748704604595,-9.417447715497495,2.3644672651236696,7768.132757504338,-24365.02385349969,-24340.931643239335,0.25511913600003333,0.5694972598142691,-9.417299028998448,2.232279666446482,7764.607381618743,-24375.33438319672,-24351.242172936367,-2.86020264997412,-0.3377553139811393,0.19182684705920833,-9.813279638790679,0.5296002850889479,2.960723217683679,7700.698663255055,-24559.061789010164,-24518.908105242906,-130.05726085517017,-122.02652410171868,-140.36779055220177,-132.33705379875028,-324.09519636564437,-300.0029861052899
49,22349,-1.7657026822684934,-0.18860881259732415,-9.361718882342107,5.301979192960506,7865.0927895171635,-23336.11653629898,-23320.087462586358,0.2540103047724645,0.6462444081455875,-9.408637265021571,2.5441661066643557,7822.921648895873,-23454.270058029237,-23430.226447460303,0.2679211233547154,0.6368149244016982,-9.412804278711876,2.376874642909675,7819.508651255861,-23464.02264557521,-23439.979035006276,3.8272973278138585,0.22593366616819446,0.20925449215821884,-10.624281499803656,0.5343651361908155,,7702.083898800452,-23798.180711755846,-23758.10802747429,-118.1535217302553,-110.13898487394545,-127.90610927622765,-119.8915724199178,-462.0641754568642,-438.02056488793096
50,22554,-1.810879336362361,-0.19406929918003468,-9.33109638677285,5.15279853240629,7528.232134557789,-24743.426025194287,-24727.378689768702,0.2444579058756611,0.4877813106065233,-9.43144225908923,1.995359114524298,7390.092353154885,-25159.12624129422,-25135.055238155845,0.25595156982316963,0.47166859657838384,-9.43227899617544,1.8428040777567707,7387.068427438782,-25168.356921336974,-25144.2859181986,-3.450415020773371,-0.38775073401171894,0.18745691871933554,-9.590567211302497,0.4411986355439336,2.5789764203767493,7297.4197553008125,-25439.744288823702,-25399.625950259742,-415.70021609993273,-407.67654838714225,-424.93089614268683,-416.90722842989635,-696.318263629415,-672.2472604910399
51,22482,-1.869489407692408,-0.1988639785406378,-9.400844845867239,5.028562776117095,7892.7470308460215,-23529.499970866218,-23513.459030330174,0.25134569867303785,0.5420072554902935,-9.444225507378777,2.156421448036641,7849.466838483602,-23651.12016106053,-23627.058750256467,0.2641520184347675,0.5293774559306511,-9.444390090074657,2.0040636413360633,7845.881129595649,-23661.392492554598,-23637.331081750533,-3.727175732940368,-0.42301103035342086,0.19945668173682884,-9.757258880938947,0.5892052657762349,2.3640045489227823,7788.460566504293,-23822.533427677205,-23782.431076337096,-121.62019019431318,-113.59971992629289,-131.89252168837993,-123.87205142035964,-293.03345681098654,-268.972046006922
52,22371,-1.6164138659475449,-0.17292741122281263,-9.347354791918074,5.782773204830581,7266.996612884917,-25150.453324513794,-25134.42228300137,0.2398264599929202,0.5325545223231597,-9.433281721893966,2.220582842855959,7115.013950769485,-25621.284392285423,-25597.237830016787,0.25095827252971215,0.5122386596965767,-9.437481921199923,2.041130800483695,7112.838507807477,-25628.125457727176,-25604.07889545854,-2.861444184811831,-0.33940645865040325,0.19334874361188223,-9.8275236803345,0.50236382068744,2.9463198902470618,7020.548296198174,-25916.29232453634,-25876.21472075528,-470.831067771629,-462.8155470154161,-477.67213321338204,-469.6566124571691,-765.8390000225481,-741.7924377539093
53,22399,-1.9017039931120687,-0.20316591832573377,-9.360349456167578,4.922085398185293,7764.495425790703,-23726.72898577043,-23710.69544258245,0.2536942808354757,0.5581392585434597,-9.432417797272922,2.200046673127097,7718.487933824785,-23857.84607589505,-23833.79576111308,0.2675792700257521,0.5501895564397128,-9.433881017795477,2.056174069040408,7712.057667221749,-23876.514443651147,-23852.46412886918,-2.3414310599701413,-0.29304586086156176,0.21087377971167776,-9.885751198030489,0.5102585897803333,3.4124351630832677,7644.8853061927875,-24068.46533217736,-24028.38147420741,-131.1170901246187,-123.10031853062901,-149.78545788071642,-141.76868628672673,-341.7363464069276,-317.68603162495856
54,22700,-1.9646597087141395,-0.21017967496510645,-9.347524726357618,4.757833982596165,8081.14092152834,-23441.28319392311,-23425.22295351617,0.2524814826082622,0.6064365642424029,-9.405977249351945,2.401905113902234,8135.335874507224,-23287.557263790124,-23263.466903179717,0.2668749525712006,0.5975972265100505,-9.408498480324868,2.239240590967844,8127.3148353520755,-23309.949382619292,-23285.859022008884,-0.17484021670302438,-0.11369836135137679,0.2144039027383143,-10.281747046810912,0.5502321663545711,8.795201514906362,8053.333608943099,-23513.528893153347,-23473.378292136,153.72593013298683,161.7560503364548,131.33381130381895,139.3639315072869,-72.24569923023591,-48.1553386198284
55,22491,-1.9271364149796844,-0.20641590258570955,-9.33618190671857,4.844587977347204,8033.783854345694,-23149.57580690514,-23133.534065888798,0.2759057891272419,0.7781193202169926,-9.364033695992024,2.820235569099061,8094.248649994648,-22978.935262561798,-22954.872651037284,0.2952678955654695,0.7915575066350139,-9.368610688174211,2.6808112853552766,8084.526315900696,-23005.966362615953,-22981.90375109144,31.6731783775791,2.5341550034251323,0.24004349897923888,-11.613582716317765,0.6189474435204818,,8010.566478035957,-23208.668174530194,-23168.563821989337,170.6405443433432,178.66141485151456,143.6094442891881,151.63031479735946,-59.09236762505316,-35.02975610053909
56,22369,-1.95460619740874,-0.20926733698806094,-9.340235440183642,4.778576601550827,7915.550046675613,-23233.96600741061,-23217.935144709096,0.2618376658499551,0.5821036733010578,-9.415946340700891,2.223147198518909,7872.519391604112,-23353.900498576993,-23329.85420452472,0.2764784633210932,0.5735590316347084,-9.418594295152053,2.0745161295568812,7866.150611966788,-23372.004091758758,-23347.957797706484,-1.8166730587240003,-0.25043343416201663,0.21719948819354515,-9.984854153805566,0.5177536081963855,3.993077055969512,7765.159142676007,-23657.053396777555,-23616.976240023763,-119.93449116638294,-111.91905981562377,-138.0380843481471,-130.02265299738792,-423.087389366945,-399.0410953146675
57,22377,-1.7667365329275913,-0.18971754955207118,-9.312457055759518,5.270993655363091,7295.808968058682,-25074.655237265226,-25058.62365941598,0.2425458159563062,0.5702884947344399,-9.412426629777462,2.351260905020829,7212.514823783973,-25329.596503765297,-25305.549136991427,0.25667517596651157,0.5660211964919943,-9.412784512026892,2.20520427953595,7208.128869761913,-25343.20817024337,-25319.160803469502,-0.8610225714352174,-0.16768180949083392,0.19899853761080813,-10.163793287539711,0.5160830490144956,5.963676101996404,7104.530004650553,-25663.155287577727,-25623.07634295461,-254.94126650007092,-246.9254775754489,-268.5529329781457,-260.53714405352366,-588.5000503125011,-564.4526835386314
58,22520,-1.7107843821345583,-0.1835818732933948,-9.318917774634734,5.4471608882748,7216.936766165303,-25623.156711927655,-25607.11239376315,0.2471926232349739,0.5310533585651541,-9.409347442544748,2.1483382133954327,7111.902238114488,-25951.318833052337,-25927.252355805576,0.2610389106625666,0.5254667915351203,-9.407529501498018,2.012982624702904,7107.582773491682,-25965.000671208672,-25940.93419396191,-2.9126493735182226,-0.34323295028033773,0.19874480620741944,-9.762582691952863,0.5175255763380078,2.9134731941768512,7027.268873967887,-26216.91966165483,-26176.808866243562,-328.162121124682,-320.1399620424272,-341.8439592810173,-333.8218001987625,-593.7629497271737,-569.6964724804129
59,22641,-1.8592230649880386,-0.19885907058689634,-9.349450641104177,5.028686883875511,7529.243381414011,-24923.013448750415,-24906.958413348508,0.24649171657006075,0.476538601764748,-9.420168147622748,1.9332844462109973,7458.126927626099,-25135.882325920295,-25111.799772817434,0.2585050482930751,0.46210635589370974,-9.418775826315912,1.7876105667762652,7452.415806627987,-25153.226496303123,-25129.143943200263,-3.500223424643436,-0.3833904675584606,0.1872743688562618,-9.364529871133064,0.34330227302351113,2.6083068949738997,7427.156674958766,-25226.0959830012,-25185.958394496436,-212.86887716987985,-204.84135946892638,-230.2130475527083,-222.18552985175484,-303.0825342507851,-278.99998114792834
60,22853,-1.4800566158724568,-0.15841507687043485,-9.342902488271186,6.312530472196683,7123.182465337695,-26636.377384190746,-26620.30370883328,0.22876253058388052,0.4937409761590032,-9.447185559875674,2.1583122677424784,6912.120659608544,-27321.75250375414,-27297.641990717944,0.2388719488410753,0.47468997188198586,-9.450007070851308,1.9872152179651845,6912.717609726305,-27319.77893982755,-27295.66842679135,-3.4590432615043514,-0.3883583756954911,0.17492928764833457,-9.649302516067271,0.4502404284220897,2.5749412464946877,6781.5239584950505,-27753.66521867148,-27713.481030277813,-685.3751195633959,-677.3382818846658,-683.4015556368031,-675.364717958073,-1117.2878344807323,-1093.1773214445348
61,22715,-1.6733053196816703,-0.1795310896470122,-9.320420897414845,5.570065897590023,7482.608340476472,-25219.736809040485,-25203.675247484098,0.2493850734313108,0.5634400822349406,-9.404799154124571,2.2593175865841517,7306.513937882093,-25758.69837947182,-25734.60603713724,0.26402185082637486,0.562443347963589,-9.403734958572135,2.130290906616896,7305.7944831797595,-25760.935180544697,-25736.842838210116,-2.7195361742160507,-0.3273245085735775,0.19498077223930782,-9.832679385369678,0.5002646444376906,3.055072180075436,7191.753964473353,-26114.30371400462,-26074.149810113653,-538.9615704313364,-530.9307896531427,-541.1983715042115,-533.1675907260178,-894.5669049641365,-870.4745626295553
62,22528,-1.7728257276642985,-0.19029176585148927,-9.316355438352899,5.25508813019496,7742.839394997627,-24055.690271163287,-24039.645242645372,0.24061193554928945,0.4981546405207952,-9.438033029791182,2.0703654595669385,7644.975108279301,-24340.243813426056,-24316.176270649183,0.25407159377332583,0.4939113443061227,-9.434468734594155,1.943984909807642,7641.042998297424,-24351.833826601232,-24327.76628382436,-2.5005797897667588,-0.3055972023654344,0.19478463425214107,-9.854709152358923,0.47085520790364294,3.2722812652067272,7535.8578776054455,-24660.10421164061,-24619.99164034582,-284.55354226276904,-276.5310280038102,-296.1435554379459,-288.12104117898707,-604.4139404773232,-580.3463977004467
63,22331,-1.804404362068649,-0.19184591445442034,-9.405487561202914,5.212516528401676,7689.125750054127,-23804.614516965135,-23788.587054711865,0.2643629784157881,0.6440070481318622,-9.415580375459513,2.4360712380799883,7581.315556373347,-24117.936044125687,-24093.894850745783,0.28115595626643725,0.6482917815925026,-9.418194201174897,2.3058084566351824,7577.1505708081295,-24130.207509354033,-24106.16631597413,1.7863289712422024,0.04458172598003863,0.22787238401870147,-10.509046950155396,0.5611164750785103,,7479.014417852335,-24417.318754300508,-24377.250098667333,-313.32152716055134,-305.30779603391784,-325.592992388898,-317.5792612622645,-612.7042373353725,-588.6630439554683
64,22520,-1.6877764940449962,-0.17986822959657187,-9.383405273018619,5.559625522766913,7478.186354103313,-24822.352171192808,-24806.307853028302,0.23426075832821897,0.4815398347590056,-9.449911629867195,2.0555719113840136,7340.266115636209,-25239.56645385062,-25215.49997660386,0.24511587857208578,0.4643056145906941,-9.450023023529763,1.8942290368763162,7337.000442288236,-25249.587797364373,-25225.521320117612,-3.19845866838153,-0.36677603797884195,0.1854423214361033,-9.728263370826477,0.4594256572528217,2.7264594642294666,7246.255206681419,-25525.855678791282,-25485.744883380015,-417.2142826578129,-409.19212357555807,-427.23562617156495,-419.21346708931014,-703.5035075984742,-679.4370303517135
65,22539,-1.7948277651329259,-0.19192865529501826,-9.351536186058574,5.2102694017361575,7570.322755286312,-24586.30683293949,-24570.260828097413,0.2522439492787255,0.530031591509813,-9.41578241406381,2.1012658302623413,7436.409450646517,-24986.573235831456,-24962.504228568345,0.26428763509668507,0.5111202742488085,-9.416012610746694,1.9339545494128922,7434.489200202575,-24992.39407100931,-24968.325063746197,-3.1977778231089387,-0.36817319797278875,0.19898898370311893,-9.683202191270363,0.4875107561791903,2.71611297483395,7339.057125082166,-25279.58664077463,-25239.471628669442,-400.266402891968,-392.2434004709321,-406.08723806982016,-398.06423564878423,-693.2798078351407,-669.2108005720293
66,22447,-1.7961865169989693,-0.19010100139637715,-9.448590506126603,5.26036155861648,7984.31195001142,-23198.97825530117,-23182.940430793264,0.24330504009379922,0.4652282105114006,-9.478314100695679,1.9121190844712683,7868.156737371227,-23525.93430279475,-23501.877566032897,0.2544035653454037,0.4495645257289449,-9.477837486352877,1.767131388738877,7864.502225198921,-23536.362652688098,-23512.305915926245,-3.825467388689762,-0.4215979258831286,0.19148542689049508,-9.550824867476065,0.4335454452079581,2.371928177552777,7802.229192679507,-23710.810866994616,-23670.716305724858,-326.95604749358245,-318.9371352396338,-337.3843973869298,-329.3654851329811,-511.8326116934477,-487.77587493159444
67,22317,-1.9929313560201327,-0.21441574287906384,-9.294706299360671,4.663836650110279,7932.039181158374,-23081.56555776986,-23065.53934977214,0.2508269483780024,0.5529612061936366,-9.415628410740622,2.2045526199214867,8012.361502937203,-22854.713152885462,-22830.673840888885,0.26565281097633486,0.5513034108111693,-9.416157354920644,2.0752779117412805,8004.196695472791,-22877.46635887516,-22853.427046878583,-1.764828192179541,-0.24386008442515147,0.19737950837528376,-9.974278012443415,0.46521239942013853,4.100712104472892,7894.070238160727,-23182.648670135077,-23142.58315014078,226.8524048843974,234.86550888325655,204.09919889469893,212.11230289355808,-101.08311236521695,-77.0438003686395
68,22432,-1.8660449950529232,-0.19943821767675735,-9.356506575271071,5.014084119126886,7819.826583059631,-23635.427806935964,-23619.391319356295,0.264570870497324,0.5943980794119548,-9.405599696389421,2.2466497475502196,7697.42106321683,-23987.338196114084,-23963.28346474458,0.2776926772938651,0.5755800333934031,-9.409150442536703,2.0727231232831613,7694.709970958522,-23995.240314674826,-23971.185583305323,-3.8856620874303673,-0.44422316383849103,0.20389674803267477,-9.794098703620604,0.6617597903062318,2.2511207910886344,7625.01658871143,-24195.33961495819,-24155.248396009018,-351.91038917811966,-343.89214538828674,-359.8125077388613,-351.7942639490284,-559.9118080222252,-535.8570766527228
69,22698,-1.8410741640961434,-0.19644284717312283,-9.372060070345173,5.090539128251952,7857.880669427695,-24073.127750082705,-24057.067685894985,0.25008061864262066,0.5564234835401705,-9.413491872604661,2.2249764358402,7780.813941396898,-24294.838845755792,-24270.74874947421,0.26381549181280756,0.5467338748123649,-9.415162502249038,2.0724100433052066,7776.038918608572,-24308.772701353508,-24284.682605071925,-2.298678928132066,-0.2962526718548855,0.21102838477290636,-9.971908624228554,0.5452793805237997,3.3754969828249632,7695.387152190928,-24541.421911120888,-24501.271750651584,-221.71109567308667,-213.68106357922443,-235.64495127080227,-227.61491917694002,-468.2941610381822,-444.2040647565991
70,22853,-1.891551208481774,-0.2036019455709777,-9.290437786226164,4.911544421619438,7972.823131755376,-24061.20881591613,-24045.13514055866,0.2537334641525925,0.5262036125969136,-9.392752061838362,2.0738439620264693,7905.049452472935,-24254.303126046798,-24230.1926130106,0.2641836429376002,0.4969294397861661,-9.3954157527264,1.8810000280885675,7902.2370145402965,-24262.43515362622,-24238.32464059002,-3.421143750644513,-0.3869752247327911,0.19103934178101492,-9.573755509527903,0.47040475591459724,2.584144761956031,7813.637057288544,-24516.110452515015,-24475.92626412135,-193.09431013066933,-185.05747245193925,-201.22633771008987,-193.18950003135978,-454.9016365988864,-430.7911235626889
71,22537,-1.6330915845207996,-0.1737888989165825,-9.396984471975236,5.7541074616048595,6975.77339517366,-26425.482472484506,-26409.43664512047,0.23304184082987114,0.4433653686393912,-9.469059123714933,1.902514016627013,6829.910608780741,-26899.725727478737,-26875.65698643268,0.24359543542979983,0.4255254366070371,-9.470310305970491,1.7468530798052104,6824.1546893493405,-26918.72683243572,-26894.658091389665,-2.8510105177925205,-0.32786620904156416,0.1907230043627529,-9.663636859315817,0.39692940503640334,3.0500245905891092,6754.376473784831,-27146.357996139548,-27106.243427729456,-474.2432549942314,-466.22034131221153,-493.2443599512153,-485.22144626919544,-720.8755236550423,-696.8067826089864
72,22359,-1.943916798118003,-0.20767669798589133,-9.360302898546973,4.815176713123279,7825.238542071076,-23470.148506654918,-23454.118538247818,0.2529439178552175,0.5185821370461754,-9.4196479925207,2.050186228802728,7759.0319289542895,-23658.125005215872,-23634.080052605223,0.2663934352928528,0.5084844922512042,-9.419617917486464,1.9087726080494993,7753.584250198348,-23673.828952622887,-23649.784000012238,-3.2328343038568663,-0.36699812248229347,0.2000954569453969,-9.593163468581817,0.47864020122833567,2.7248095800496825,7698.295083306353,-23829.837419127285,-23789.762498109536,-187.9764985609545,-179.96151435740467,-203.68044596796972,-195.6654617644199,-359.6889124723675,-335.64395986171803
73,22283,-1.8804384992507992,-0.2002733771367982,-9.389358316788917,4.993174900710556,7636.462076402986,-23858.633825512603,-23842.61066684283,0.2577517112083899,0.554114574799241,-9.43784650653803,2.1497997906646074,7554.822910176562,-24096.13733767424,-24072.10259966958,0.27110421897200504,0.5399172204333932,-9.438613211254923,1.9915485730199813,7549.509129973245,-24111.815881927738,-24087.781143923075,-2.7464755101610843,-0.3352631158530243,0.2167756568391206,-9.903291807270332,0.5453347826714191,2.982731928192152,7476.017032558986,-24325.796596653625,-24285.73869997919,-237.50351216163835,-229.4919328267497,-253.18205641513487,-245.1704770802462,-467.16277114102195,-443.1280331363596
74,22593,-1.8152773318998332,-0.19441612071851436,-9.337072076075856,5.14360638564459,7877.43171601316,-23800.847793999128,-23784.797003193587,0.24333457688197566,0.4792748206934315,-9.449602337833278,1.9696124851417798,7810.643768691916,-23991.21673198237,-23967.140545774062,0.25611508887027584,0.47248671889679594,-9.448119290845337,1.8448218766841726,7804.563977716158,-24008.809930444673,-23984.733744236364,-2.7847622581835796,-0.33188253263116646,0.19543110364052477,-9.804153633433549,0.44299090339165925,3.0131142849609915,7690.7453422786375,-24336.723366537986,-24296.59638952414,-190.3689379832431,-182.3435425804746,-207.96213644554518,-199.9367410427767,-535.8755725388583,-511.7993863305528
75,22479,-1.809191559845042,-0.19393071908335685,-9.329061266809417,5.156480647968783,6976.943992611938,-26295.767826131763,-26279.7271524937,0.24695439228992372,0.49858894890331285,-9.432465099858936,2.018951533034371,6857.624746762204,-26681.527486185125,-26657.466475728026,0.26007092037307256,0.4891035946607107,-9.433074840198076,1.8806546843418328,6853.897556438915,-26693.748377708056,-26669.687367250957,-2.7935831611228035,-0.3213413744231594,0.19630646271876856,-9.601430691915551,0.39548073980640525,3.111955321019903,6778.896171992527,-26937.089189056664,-26896.9875049615,-385.7596600533616,-377.73932323432746,-397.9805515762928,-389.96021475725865,-641.3213629249003,-617.2603524678016
76,22628,-1.782524429211128,-0.18998962987469037,-9.382219600021383,5.263445171505205,7482.1454307191325,-25037.694916013596,-25021.64102930067,0.2387962862713712,0.49150302743790136,-9.44218496546035,2.0582523920801306,7424.7641568935205,-25209.90002130881,-25185.81919123942,0.2510820052473845,0.48124971309649106,-9.4423868742059,1.9167033201854844,7418.349099409503,-25229.45925086933,-25205.37842079994,-2.9823792105444022,-0.3434549151310787,0.18997393111537625,-9.684339360369387,0.4387501142326755,2.911590301796533,7355.962573734047,-25416.559956568235,-25376.42523978592,-172.20510529521562,-164.17816193875115,-191.7643348557358,-183.73739149927133,-378.86504055463956,-354.7842104852498
77,22569,-1.6945764408216861,-0.18154073959918898,-9.334414107615856,5.508405453276381,7245.9449692860235,-25637.437256996003,-25621.388591871546,0.23182937509993068,0.46483232311703154,-9.441163863241224,2.005062226979063,7151.731615739384,-25930.80873771562,-25906.735740028933,0.24364102447009287,0.4544217857438601,-9.439444305655401,1.865128365521385,7147.724615977964,-25943.45732777626,-25919.384330089575,-3.393540112127496,-0.3818428642728757,0.1771168863407201,-9.638837157585424,0.43237283000222415,2.6188783229045014,7040.078662201648,-26281.935737263382,-26241.81407445224,-293.37148071961565,-285.347148157387,-306.0200707802578,-297.99573821802915,-644.4984802673789,-620.4254825806929
78,22637,-1.7563484933679698,-0.18899204060482003,-9.293240539375265,5.291228121564058,7133.8313644014515,-26135.787973944796,-26119.73329191539,0.2374216860544602,0.5025046622041697,-9.402139410646088,2.116507007236501,7008.697870943104,-26534.38404387312,-26510.30202082901,0.24792882471902045,0.4782081518069223,-9.405983447813913,1.928812240161583,7005.000740592253,-26546.32834837315,-26522.24632532904,-3.2390538713407064,-0.36600391349678096,0.1770334646059791,-9.578383781324668,0.4410355948478753,2.732211222678074,6910.123551367406,-26851.023861299345,-26810.88715622583,-398.59606992832414,-390.5687289136222,-410.54037442835397,-402.513033413652,-715.235887354549,-691.1538643104395
79,22604,-2.052418755177693,-0.22064381232479707,-9.30195473669774,4.532191451296887,8465.842988528007,-22195.101011912564,-22179.049247591065,0.2827527486219593,0.7286947663551289,-9.366997181432057,2.5771447666080673,8565.811847327965,-21927.74546577702,-21903.667819294773,0.2986563166057487,0.7186051596838844,-9.374438158438887,2.4061274439157545,8560.153339190634,-21942.682425089686,-21918.604778607438,1.3037628588875099,0.009501403863137789,0.23753873296131375,-10.435360555542161,0.5946460051923645,,8496.78635399106,-22106.632121664552,-22066.502710860805,267.3555461355427,275.38142829629214,252.41858682287784,260.4444689836273,88.46889024801203,112.54653673026041
80,22224,-1.7214140864937517,-0.183357371778558,-9.388300398266592,5.453830354896814,7442.535404431374,-24308.194043356816,-24292.17618722683,0.24276475542009923,0.5057084724657438,-9.436624096171137,2.0831214629595887,7333.916842534779,-24632.92773544677,-24608.900951251788,0.25487084872184573,0.49249540132801517,-9.437546621945511,1.9323331946271418,7328.8873216419615,-24648.17394285079,-24624.147158655807,-2.7834501226728112,-0.3229488657084023,0.1952222433648645,-9.664197393677377,0.43091735416803173,3.0964654351903564,7267.013064336708,-24832.596951377764,-24792.552311052794,-324.7336920899543,-316.72476402495886,-339.9798994939738,-331.9709714289784,-524.4029080209475,-500.3761238259649
81,22562,-1.9741227064048519,-0.21076535548401115,-9.36644782948975,4.744612783745007,7458.910747800615,-24968.92306611623,-24952.8750214079,0.25307739840075344,0.5627614761836102,-9.424114717236192,2.2236733890098925,7457.525185493761,-24971.11455756861,-24947.042490506115,0.26759542005386316,0.5582445109181263,-9.425212541443772,2.0861512159130364,7452.536018878529,-24986.21383581183,-24962.141768749338,-2.6930611821759847,-0.32311379904777554,0.2069236227319815,-9.810633031230894,0.5191233321801995,3.094884845361062,7409.644565247425,-25112.43963383173,-25072.319522060905,-2.1914914523804327,5.832530901785503,-17.29076969560265,-9.266747341436712,-143.51656771550188,-119.44450065300407
82,22969,-1.6605499116963347,-0.1776855754914767,-9.345440152377416,5.627918851792043,7152.785008288223,-26792.63887410428,-26776.5550725849,0.24245896975044737,0.5219693270529104,-9.410641847013027,2.1528150828577353,6963.658368832383,-27406.135229215615,-27382.009526936545,0.2538091513158779,0.5022106392086899,-9.411082458904852,1.9786939777583679,6964.071406170901,-27404.77290315322,-27380.64720087415,-3.326855089000175,-0.37555161032952994,0.18522996675836056,-9.588852826845429,0.477597015265703,2.662749865784211,6862.732119764969,-27737.467316263203,-27697.257812464755,-613.496355111336,-605.4544543516458,-612.1340290489425,-604.0921282892523,-944.8284421589233,-920.7027398798564
83,22735,-1.795250916466444,-0.1922413830849202,-9.338524763283745,5.201793619838153,7562.953401776771,-25019.137060436973,-25003.073738704454,0.2616044599768495,0.602217314195574,-9.396963857474939,2.3020147066638956,7413.538922303498,-25470.78813253398,-25446.693149935203,0.2744737149632277,0.5813914050913677,-9.401855499963029,2.1182043066282645,7412.337289804739,-25474.47346141819,-25450.378478819413,-2.4586814767016265,-0.30984411246471993,0.2141764045697483,-9.9282238132573,0.5624965127084183,3.227429406501516,7327.5992922830355,-25731.877516564648,-25691.71921223335,-451.6510720970073,-443.6194112307494,-455.3364009812176,-447.3047401149597,-712.7404561276744,-688.6454735288971
84,22403,-1.9815068393423034,-0.21234809425312956,-9.331408630304203,4.709248762119569,7541.030492664768,-24389.193707086924,-24373.15980677203,0.26845597348761663,0.6205402952442807,-9.40228563929397,2.3115160641895907,7561.656734204494,-24326.000626733185,-24301.949776260844,0.28667709557605786,0.6321835392728457,-9.400692548519016,2.205211190669127,7552.587426167458,-24352.88648753886,-24328.83563706652,-1.5481702552097432,-0.23432709935143994,0.23146929844619477,-10.119061708280665,0.5939041976005265,4.2675388496155815,7498.827532948869,-24508.923004063636,-24468.8382532764,63.19308035373979,71.21003051118532,36.307219548063586,44.32416970550912,-119.72929697671134,-95.6784465043711
85,22467,-1.9972477587936979,-0.21408583166923098,-9.329191676166154,4.6710237300758415,8015.92246715564,-23150.88772886546,-23134.848123175623,0.2589517802055649,0.5630348479685798,-9.397683750700644,2.174284523248395,8069.620433508415,-22998.885121051248,-22974.825712516496,0.2748148247975295,0.5653014937434464,-9.395493181515347,2.0570269240749064,8061.661960434854,-23021.053603963395,-22996.994195428644,-2.578566163142338,-0.3147927993962114,0.20292435281569565,-9.817496695729673,0.4857988046713023,3.1766927385824926,7968.6014769529265,-23277.911871030326,-23237.81285680574,152.00260781421093,160.02241065912676,129.8341249020632,137.85392774697902,-127.02414216486795,-102.96473363011683
86,22535,-2.0034500786937284,-0.21386076862273704,-9.368011214005932,4.675939427506963,8157.474133894424,-22894.603971454322,-22878.558321584074,0.25220350828992916,0.5761966643117976,-9.411195635061457,2.2846496792162427,8208.618400178388,-22751.759137525896,-22727.69066272052,0.2667477703244323,0.5712074998443558,-9.411991874230155,2.141376848809735,8200.4484373262,-22774.19918605647,-22750.130711251095,-2.4781572096373896,-0.31264131491556707,0.20679416471684944,-9.969237848576089,0.5579307009287662,3.198553589342673,8150.678284686523,-22907.385310607144,-22867.27118593152,142.84483392842594,150.86765886355352,120.40478539785181,128.42761033297938,-12.781339152821602,11.287135652553843
87,22592,-1.7882629973927933,-0.19150713583244916,-9.337840021571605,5.22173753815057,7558.718510821073,-24731.84964526941,-24715.798942988822,0.2504644731027195,0.5743742666274304,-9.422948854862415,2.2932364798574456,7485.435300004977,-24949.95207375282,-24925.87602033194,0.26224263371022877,0.552213534592277,-9.427754046797187,2.105735161287537,7480.340235934949,-24965.334863858254,-24941.258810437375,-0.16497371264542368,-0.11154196219280142,0.20783126516076572,-10.25311724600415,0.5133055093762091,8.965235865866244,7366.542299467244,-25307.666603527727,-25267.53984782626,-218.1024284834093,-210.0770773431177,-233.48521858884487,-225.45986744855327,-575.8169582583178,-551.7409048374393
88,22533,-1.6821389567433362,-0.17955497180837654,-9.368378607407971,5.569325036943078,7363.0390069401865,-25199.344038108466,-25183.29856574776,0.23228101107839771,0.4907485759125132,-9.432593795934467,2.1127365238946694,7260.09200362041,-25514.614415861306,-25490.546207320243,0.24292705293006092,0.47099936321872155,-9.431977235284714,1.9388510153059115,7256.322707886795,-25526.316140338364,-25502.2479317973,-3.1492830210040172,-0.36423091738212166,0.18423281694634375,-9.759998324107071,0.4973123454949445,2.745511026871123,7164.641889844512,-25808.825644141907,-25768.711963240137,-315.27037775284043,-307.247641572485,-326.97210222989816,-318.94936604954273,-609.4816060334415,-585.4133974923789
89,22791,-1.7456921115123043,-0.1868046745126178,-9.345012998560648,5.353185098868896,7368.837873599795,-25729.448254530533,-25713.38001253019,0.2521477342324792,0.5636486801431593,-9.389639646858551,2.235390620736165,7201.681503995931,-26250.398448217773,-26226.29608521726,0.2649463198567831,0.5492749919430225,-9.39007285842611,2.0731557707234187,7201.148046308641,-26252.086732330856,-26227.98436933034,-3.565170631170622,-0.40340547066516713,0.1921716597433603,-9.622970518555315,0.5762363366269457,2.478895485356508,7136.316567710616,-26454.20187740367,-26414.03127240281,-520.9501936872402,-512.9160726870687,-522.638477800323,-514.6043568001514,-724.7536228731369,-700.6512598726222
90,22510,-1.8927565744539174,-0.20287978305401155,-9.329448927644108,4.929027352783474,7760.248571996061,-23967.918450051147,-23951.875020183346,0.2544915659545315,0.5772853386966899,-9.403758500834094,2.268386916994452,7772.887595115125,-23929.286507842266,-23905.221363040564,0.27006119958738567,0.5776798576773916,-9.40228748280358,2.1390701757971993,7764.35332453392,-23954.01502316829,-23929.949878366588,-1.4263015810186952,-0.21588289828448284,0.21636425621885896,-10.0503232726855,0.5415624834456702,4.632140887242654,7694.053191414107,-24154.75370748716,-24114.64513281766,38.63194220888181,46.65365714278232,13.903426882858184,21.925141816758696,-186.83525743601422,-162.77011263431268
91,22584,-1.7686152172377194,-0.18995732780842833,-9.310592213749,5.26434021544301,7421.959820772325,-25127.44226933271,-25111.392275392845,0.24555087005312803,0.5711899272203618,-9.415492585208682,2.326157211728786,7331.122308880344,-25403.55368708162,-25379.47869617182,0.2572387274861075,0.548152960205587,-9.41950700803679,2.130911490514937,7328.143280190566,-25412.732644164742,-25388.65765325494,20.719249592530478,1.6467740617986102,0.21789813798651855,-11.230609431363446,0.551031288324454,,7190.441412325997,-25837.14247957448,-25797.017494724812,-276.11141774891075,-268.08642077897457,-285.2903748320314,-277.2653778620952,-709.7002102417682,-685.625219331967
92,22523,-1.7766106962155932,-0.1904949406965027,-9.326288087861066,5.249483247921025,7565.794694999139,-24566.332111683572,-24550.287527106968,0.25911661108962614,0.6160710062404805,-9.379695940914893,2.377582061025748,7477.237982082805,-24829.516124663944,-24805.44924779904,0.27265207232838573,0.60191205517095,-9.383780922645778,2.2076195864962993,7475.2142216528355,-24835.612938192786,-24811.54606132788,-6.813299423539802,-0.7585117149049829,0.1529828355508902,-10.395233974302336,1.1309518284105138,1.3183712002724544,7408.162824330233,-25034.551939792404,-24994.440478350898,-263.18401298037134,-255.16172069207096,-269.2808265092135,-261.25853422091313,-468.2198281088313,-444.15295124393015
93,22547,-1.7799339000984478,-0.19022072723202202,-9.3572026876302,5.257050661888431,7745.244826377751,-24087.986618616833,-24071.93990402006,0.2449590141758293,0.47733655903965405,-9.436224685749188,1.948638471809926,7655.408339131446,-24349.03601414824,-24324.965942253082,0.2560330352874798,0.45768538803015485,-9.437379039042533,1.7876028674044158,7649.246954327301,-24367.190065712348,-24343.11999381719,-2.757765894400583,-0.31683871605308017,0.19573258032833216,-9.587205859166435,0.374216578690567,3.1561799405615236,7596.840882316681,-24518.19433592068,-24478.077549428748,-261.04939553140866,-253.02603823302343,-279.203447095515,-271.18008979712977,-430.20771730384877,-406.1376454086894
94,22543,-2.0514378870007444,-0.21989032097495048,-9.32936874122095,4.547721771318521,8073.502712441979,-23143.99025937753,-23127.94389962662,0.26007676474714014,0.6343029101512854,-9.386415529101498,2.4389064927348927,8175.016075855692,-22860.309749833068,-22836.240210206706,0.2762918982244258,0.6361129671881709,-9.389226905968908,2.302322186340297,8165.408806190075,-22886.817837179726,-22862.748297553364,-0.628865322476301,-0.14978286956254114,0.21774719547208055,-10.175939102858958,0.5451129473494263,6.676330897656188,8104.103896985005,-23052.70652828226,-23012.59062890499,283.68050954446153,291.70368941991546,257.1724221978038,265.19560207325776,91.28373109527092,115.35327072163273
95,22404,-1.7298135498404341,-0.1847114444626705,-9.364950584802681,5.413849709794762,7799.2896443489635,-23636.85440264374,-23620.82041305708,0.23643367785565525,0.5224408827260688,-9.44137753003021,2.2096720207728757,7742.700688556852,-23798.00269202096,-23773.951707640972,0.24737822127383655,0.5007306891161979,-9.443804477045392,2.0241502527496613,7737.12426965377,-23814.144230422873,-23790.093246042885,-2.2043199114523024,-0.2822236927042151,0.19250402852481305,-9.96700545993141,0.49361977875345187,3.5432886247720217,7645.813364533489,-24076.121197130757,-24036.03622316411,-161.14828937721904,-153.13129458389085,-177.28982777913188,-169.2728329858037,-439.26679448701543,-415.2158101070272
96,22530,-1.9245886481473942,-0.20550416313737208,-9.365205155775246,4.866081468780447,7878.911258993174,-23667.325308261385,-23651.28010219453,0.2599620673155957,0.5784776433333616,-9.432707813520077,2.225238663882011,7824.151091896683,-23822.460462953077,-23798.3926538528,0.27442484253879074,0.571532422986702,-9.434199562259412,2.082655555886542,7818.4086748206255,-23839.00208586708,-23814.934276766802,6.461235404236374,0.4523853777892067,0.2229411379376755,-10.690366828199481,0.5158337228639694,,7683.658314874135,-24226.692055718984,-24186.579040551853,-155.13515469169215,-147.11255165826879,-171.67677760569495,-163.6541745722716,-559.3667474575996,-535.2989383573222
97,22650,-1.9221029972455044,-0.20667764795044516,-9.300004215774532,4.8384525850602325,8078.364203068195,-23347.480692662,-23331.424862400178,0.237306763818511,0.5105060129855054,-9.418473160826888,2.151249314477751,8154.501059973036,-23133.008966102985,-23108.92522071025,0.24921031941432173,0.49597970605003877,-9.42009259501358,1.9902053302433815,8145.56882532625,-23157.83280261712,-23133.749057224384,-2.5069449043002767,-0.3045550952190724,0.18804995552346998,-9.819262646937798,0.4688435093188718,3.2834781479544137,8062.629410988133,-23385.64069445975,-23345.501118805194,214.47172655901522,222.49964168992665,189.64789004488193,197.67580517579336,-38.16000179775074,-14.076256405016466
98,22295,-1.6867889758391363,-0.17895919338164507,-9.42555084187221,5.587866044229528,7494.470115405419,-24301.942280778512,-24285.918045344388,0.22656890628984935,0.4122969911937954,-9.4881211799143,1.819742161205229,7366.986733325186,-24682.450099515096,-24658.413746363913,0.23696277477678193,0.3994887180361844,-9.485868947561995,1.6858712023966689,7362.798705516469,-24695.12809579672,-24671.091742645538,-3.641296275362044,-0.39631241588879207,0.17211998528623246,-9.48810098655378,0.2767766042652572,2.523261850773322,7289.88553215058,-24913.014078115033,-24872.953489529726,-380.50781873658343,-372.49570101952486,-393.1858150182088,-385.17369730115024,-611.0717973365208,-587.0354441853378
99,22847,-1.5959621367061871,-0.17085217909434922,-9.341186897153085,5.85301285181603,7255.078066990785,-26204.208852249438,-26188.13570205609,0.2350976736830745,0.5013568686200663,-9.41400398621574,2.132547127182232,7069.414442462532,-26794.49432232826,-26770.38459703824,0.24676777982043982,0.4872973469823947,-9.41448275816191,1.9747203112860836,7067.598403874558,-26800.364166870197,-26776.254441580175,-3.070502178237746,-0.3499428739704784,0.184036869001807,-9.613766425856213,0.4565470436841559,2.8576092682040475,6988.171377449322,-27054.57678940653,-27014.393913923155,-590.285470078823,-582.2488949821491,-596.1553146207589,-588.118739524085,-850.3679371570906,-826.2582118670653
100,22530,-1.83709270811605,-0.1966997791719976,-9.339576871154822,5.083889794942694,7673.876199861941,-24261.393418013646,-24245.34821194679,0.23352515735956067,0.5298586717976072,-9.442105128349485,2.268957562382794,7678.217182596626,-24246.65217925454,-24222.58437015426,0.24781102701688232,0.5345143969243666,-9.439969175465418,2.1569435523462497,7671.462306849371,-24266.48156533578,-24242.413756235503,-1.905781558968763,-0.25816415961970546,0.19024826849572013,-10.040957892845597,0.4898152062127083,3.8735043682015062,7586.379516257594,-24513.75368674846,-24473.64067158133,14.741238759106636,22.763841792530002,-5.0881473221343185,2.934455711289047,-252.36026873481387,-228.2924596345365
101,22450,-1.8054242917449854,-0.192001848458857,-9.403160991608159,5.2082831911604455,7736.777199774606,-23912.106134720747,-23896.068042934407,0.2538027143171523,0.517030923685143,-9.456415766720381,2.0371370931796275,7586.544043024065,-24350.32955459658,-24326.27241691707,0.26695660599057575,0.5061598353777194,-9.458176364645885,1.8960378728952978,7581.955882896654,-24363.910884128814,-24339.853746449302,-2.8511992951730365,-0.3358506534729373,0.20456585732564042,-9.76969219006477,0.4551178192719894,2.977513932634285,7488.289490320307,-24638.982331105133,-24598.88710163928,-438.2234198758342,-430.2043739826622,-451.80474940806744,-443.78570351489543,-726.8761963843863,-702.8190587048739
102,22510,-1.7740635757090157,-0.18950316149392119,-9.361656880673854,5.276956817588912,7522.718531044209,-24667.68201943598,-24651.638589568178,0.251670711068356,0.5821064751400056,-9.413624326831762,2.3129686909888387,7405.108890032341,-25020.381698428067,-24996.316553626366,0.26556350068849416,0.5747249840027143,-9.414702053486616,2.164171591776335,7401.93415731675,-25030.034298787836,-25005.969153986134,-1.8070831316999947,-0.2509462128347422,0.20533643862854126,-10.0299352030437,0.5184362392284381,3.984917678987005,7307.506735127392,-25315.04466810948,-25274.936093439977,-352.6996789920886,-344.6779640581881,-362.35227935185685,-354.33056441795634,-647.3626486735011,-623.2975038717996
103,22707,-2.106776494508965,-0.22604455483558672,-9.320182457132518,4.423906608709725,8260.423456979284,-22957.259243682434,-22941.19838663048,0.25994836938512816,0.5798955426211203,-9.393061354432513,2.2308104643733015,8437.70665491304,-22473.082998524587,-22448.991712946656,0.2755677125682072,0.5783478035408599,-9.393766850004878,2.0987502423663296,8423.769140674158,-22510.62173021535,-22486.530444637418,-1.9471957207185195,-0.2535607594759948,0.2134344280815486,-9.841004231087357,0.496519533580959,3.9438279095968407,8396.023116498187,-22581.536988716718,-22541.384846086832,484.176245157847,492.2066736838242,446.6375134670852,454.6679419930624,375.7222549657163,399.81354054364783
104,22351,-1.6901043240458544,-0.17965673379891411,-9.407408719439102,5.5661704343310525,7402.191320176032,-24695.977944154547,-24679.948691471007,0.23819163771648016,0.4478395886366823,-9.460252960747065,1.880165034046016,7219.673627637955,-25252.00044783714,-25227.95656881183,0.24863538044018443,0.4288147729650897,-9.460526107246578,1.7246731828990525,7217.4039624811885,-25259.028087055693,-25234.984208030382,-3.6044382580042007,-0.39421655477757983,0.1812540354839649,-9.453373481742544,0.3244928395873429,2.536676828714634,7143.457260945696,-25485.208896949807,-25445.135765240957,-556.0225036825941,-548.007877340824,-563.0501429011456,-555.0355165593755,-789.2309527952602,-765.1870737699501
105,22391,-1.7152925083169759,-0.18342426557937125,-9.351502664595571,5.451841373557418,7451.47732248936,-24631.62568133161,-24615.592852588827,0.24775982548647085,0.5437490744000247,-9.411834394669187,2.1946620011230054,7322.043538107556,-25021.979819466884,-24997.930576352708,0.26074374332843075,0.5320235898684142,-9.41273249800156,2.040407885063925,7318.559367013587,-25032.637041296253,-25008.587798182078,-2.979805481167149,-0.3501327126010136,0.20262529018439454,-9.76375753081382,0.5417682114089317,2.856059899605922,7223.952996632212,-25319.970625302354,-25279.8885534454,-390.3541381352734,-382.3377237638815,-401.0113599646429,-392.99494559325103,-688.3449439707438,-664.2957008565718
106,22456,-2.049564061171287,-0.21962908484779858,-9.331933712657504,4.553131024030779,7858.951474834795,-23572.658633236024,-23556.62000699994,0.25516956631073373,0.572099163213298,-9.41113412558191,2.2420352532034404,7978.903407259133,-23230.499928631933,-23206.441989277806,0.27137029679747937,0.5757766452057717,-9.409428867947504,2.1217379057350088,7966.1040791009345,-23266.55156110689,-23242.493621752765,-0.7611219095138465,-0.16417007003340384,0.22095207324695254,-10.204023437228598,0.5583785282525026,6.091244279767494,7900.988070563266,-23446.864260978316,-23406.76769538811,342.1587046040913,350.1780177221335,306.1070721291326,314.12638524717477,125.79437225770744,149.85231161183037
107,22566,-1.6632732140080835,-0.17772845379595123,-9.358508322576618,5.626561074728602,7439.786071230092,-25035.284467184498,-25019.2360679291,0.22254692223511827,0.4220161958776084,-9.462228179214614,1.896302099526468,7343.5034293515855,-25327.230522737755,-25303.15792385466,0.2332343895725112,0.41226789356434007,-9.45894519158561,1.7676119474489778,7340.205108403389,-25337.368276640656,-25313.29567775756,-3.526035099792985,-0.3859168661735913,0.16794357944244356,-9.485290798098882,0.30291717063664225,2.5912316554472246,7261.399831475985,-25576.949328589162,-25536.82833045067,-291.9460555532569,-283.9218559255569,-302.08380945615863,-294.05960982845863,-541.6648614046644,-517.592262521568
108,22410,-1.8992923395430183,-0.20310157877718746,-9.35144054998527,4.9236446413695765,7979.892204617618,-23136.171239684594,-23120.136714551005,0.253996613365932,0.5542838290707159,-9.409586258188593,2.1822488958628803,7959.835895804666,-23190.566444780343,-23166.51465707996,0.2674347804907685,0.5446988617742489,-9.410401667402647,2.0367540107336604,7955.80384171025,-23201.921104181933,-23177.86931648155,-3.5226996464963247,-0.39672434524899525,0.19469710629944267,-9.586397671675135,0.5274445658384663,2.520641881385858,7893.730885006585,-23373.454594070543,-23333.36828123657,-54.39520509574868,-46.37794252895401,-65.74986449733842,-57.73260193054375,-237.28335438594877,-213.23156668556476
109,22545,-1.7010719559183323,-0.18174679025014293,-9.35957082695712,5.5021604432390445,7361.49215305994,-25229.506163368245,-25213.459626186534,0.2487937938696676,0.5146691533143849,-9.420748178433708,2.0686575227997768,7181.983349439343,-25784.07622307712,-25760.006417304558,0.2588729313623439,0.48643295483134497,-9.426619464105407,1.8790413979223102,7180.364761857121,-25789.157712108423,-25765.08790633586,-3.1745609541943027,-0.3596529612897413,0.19339391781922918,-9.568577562552864,0.4285859933065285,2.7804581294532604,7102.3115189670425,-26031.572017746363,-25991.455674792087,-554.5700597088762,-546.546791118024,-559.6515487401775,-551.6282801493253,-802.0658543781174,-777.9960486055534
110,22467,-1.8092131318081277,-0.19331937584125014,-9.358674597076167,5.172787236915037,7268.285111214873,-25350.62033010873,-25334.580724418895,0.2497703578722272,0.5201876243177794,-9.433794175894144,2.0826635664424487,7135.067147649649,-25764.230985791393,-25740.171577256642,0.2622388250819518,0.5047245586566685,-9.435447170452608,1.9246751830089919,7132.910555553648,-25771.022719840566,-25746.963311305815,-2.9716606873607017,-0.34993141951508205,0.20366294941656332,-9.781071855067639,0.5072954562450267,2.8577028075551243,7047.86807135578,-26036.49627249938,-25996.397258274792,-413.6106556826635,-405.59085283774766,-420.4023897318366,-412.38258688692076,-685.8759423906486,-661.8165338558974
111,22341,-1.992934656063669,-0.21350021014736575,-9.334579364994871,4.683836139129619,7869.109440428869,-23308.35670165662,-23292.32834398786,0.26943970512974663,0.6956435188450586,-9.385639073893495,2.5818151727492307,7961.273026824963,-23046.21769970991,-23022.17516320677,0.28868680888872456,0.7120552279270093,-9.386510167829552,2.466531916259027,7952.678831808889,-23070.347837996775,-23046.305301493638,14.363593858079495,1.1041690657946055,0.23615988926522116,-11.130906252354878,0.5887208434807434,,7863.5356596919155,-23318.1866958962,-23278.115801724303,262.1390019467108,270.15318078108976,238.0088636598448,246.02304249422377,-9.82999423957881,14.212542263558134
112,22301,-1.7335491438832213,-0.18506133746872785,-9.367430105038341,5.403613816251505,7823.155525593351,-23357.268205621684,-23341.2434320227,0.24679900337729443,0.4958853417321653,-9.438511565579864,2.0092680073512277,7698.475067876421,-23713.54998229425,-23689.512821895776,0.2587400294234969,0.48096477687701533,-9.439060554037777,1.8588726991670412,7694.459466773922,-23725.185440369736,-23701.14827997126,-3.7787960332671275,-0.4280862538645051,0.1922795522546861,-9.723266604255489,0.531368229739122,2.335977833842133,7595.899562042938,-24008.68881078725,-23968.62687678979,-356.2817766725675,-348.26938987307585,-367.9172347480526,-359.9048479485609,-651.4206051655674,-627.3834447670888
113,22358,-1.9803511261997575,-0.21149584594933307,-9.363546207305555,4.7282252543133385,8481.499737711163,-21667.54028738216,-21651.510408426497,0.24722898233289795,0.5194542151180533,-9.42366583478381,2.1011056641352814,8530.252908076503,-21537.39048531302,-21513.34566687953,0.2601413238677266,0.5090218323398195,-9.42452203312218,1.9567127005113594,8521.37229054475,-21560.678924088097,-21536.634105654608,-2.849843611249859,-0.34190282750400375,0.20087025580678874,-9.852168253230188,0.5256232000180971,2.9248076340880504,8444.264532101015,-21759.911747218874,-21719.837049829723,130.1498020691397,138.16474154696698,106.86136329406145,114.87630277188873,-92.37145983671508,-68.32664140322595
114,22483,-2.164332007811886,-0.23221575534363117,-9.32034953704637,4.306340017800288,8199.634397989736,-22673.925370999725,-22657.884341505604,0.2783193936270241,0.707116443608296,-9.348855035070645,2.5406653643256454,8384.66051810484,-22170.232065204087,-22146.170520962904,0.2980913419801194,0.7203583913777141,-9.35008313730627,2.4165693192986364,8372.202848848248,-22203.6614515234,-22179.599907282216,0.5392152199927711,-0.06518876881900082,0.2522348739416651,-10.446989840707623,0.664628402215523,15.340065752377367,8334.860924514465,-22300.165034228296,-22260.06246049299,503.69330579563757,511.7138205427,470.2639194763251,478.2844342233875,373.76033677142914,397.8218810126127
115,22384,-1.8349346243474183,-0.1968537978836143,-9.321306696009417,5.079912151815477,7656.7037843230555,-24008.76822658209,-23992.73602318828,0.25254906116885817,0.5264836714143183,-9.410421268465512,2.0846787906382405,7555.922571941467,-24303.353393203906,-24279.30508811319,0.2655322194657628,0.5147805351243651,-9.410935127992785,1.938674471068246,7551.178861157587,-24317.41078550335,-24293.362480412634,-3.2806369970179365,-0.3805679132099601,0.20232341710691712,-9.737827663528906,0.5327954985107943,2.6276518994082876,7464.84807440864,-24570.79572902612,-24530.71522054159,-294.585166621815,-286.56906492490816,-308.6425589212595,-300.62645722435263,-562.027502444027,-537.9791973533102
116,22660,-1.8281087109147223,-0.19520071047609128,-9.365276931912776,5.122932173561339,7327.53565515119,-25578.27883099346,-25562.222117924295,0.2524205024996272,0.5602989340357274,-9.432244899750966,2.2197045346447437,7222.624149340147,-25903.05681179386,-25878.971742190115,0.26620921418896865,0.5530752690475392,-9.43345474474589,2.077596264774437,7220.463101717968,-25909.837819016593,-25885.752749412848,-2.4407029291831748,-0.3038220554537185,0.2036357616649236,-9.901250834995563,0.4899821719703051,3.291400285297362,7132.401493388423,-26183.90092918393,-26143.75914651102,-324.77798080040156,-316.7496242658199,-331.5589880231346,-323.5306314885529,-605.6220981904698,-581.5370285867248
117,22594,-1.8244071583108605,-0.19537116455033782,-9.338159817544609,5.11846260578719,7444.0159226879805,-25081.52864415654,-25065.477764829968,0.2503739762324163,0.5716638331605789,-9.402337894010877,2.2832398229355784,7409.423029075947,-25184.769356954614,-25160.693037964753,0.26494786581469204,0.5669210723810821,-9.402461688472782,2.139745759558577,7402.492518182606,-25205.912871316672,-25181.83655232681,-1.546413078142158,-0.22651907513153058,0.20742784062490507,-10.038948787854979,0.5226595400272892,4.414639250223584,7308.928184795366,-25489.31149788376,-25449.184299567325,-103.24071279807322,-95.2152731347851,-124.38422716013156,-116.35878749684343,-407.782853727218,-383.7065347373573
118,22453,-1.8701168783579973,-0.20034567881842572,-9.334450782204758,4.9913729404980325,7671.462108954636,-24108.658655966436,-24092.62029693737,0.2487612750151506,0.5093421059740049,-9.423792041081775,2.047513649152119,7654.323994715251,-24156.874969415054,-24132.81743087146,0.26350195177835106,0.509982901769875,-9.421314839311243,1.935404646258011,7647.365711347393,-24177.29550469303,-24153.237966149434,-3.0890982134978016,-0.36030758201819646,0.2039958086220755,-9.748915878018295,0.5247210337177913,2.7754064857549885,7570.460636835356,-24400.235186955728,-24360.139289383067,-48.216313448618166,-40.197133934088924,-68.6368487265936,-60.61766921206436,-291.5765309892922,-267.5189924456972
119,22509,-1.664999861533739,-0.17840596893894264,-9.332646611748544,5.605193626353602,6895.832365497965,-26624.10209709499,-26608.058756078564,0.239451930160378,0.5215284556103561,-9.419411629790883,2.1780089860250924,6749.50674453132,-27104.87055500337,-27080.805543478727,0.25274708212470265,0.5150237393868786,-9.41768632243021,2.0377039966489963,6746.783767122612,-27113.95327284667,-27089.888261322027,-2.614139390744394,-0.3143272889665517,0.18862142861658446,-9.810638118132335,0.46593054821031804,3.1813973367944275,6629.1962167555375,-27505.71438481802,-27465.60603227695,-480.7684579083798,-472.74678740016316,-489.85117575167897,-481.82950524346234,-881.61228772303,-857.5472761983874
120,22652,-1.9505803851029846,-0.20860654372666426,-9.350523479545382,4.793713476746412,7893.825941250578,-23874.995884509273,-23858.939877654804,0.2473169545464996,0.5292161328635004,-9.41801756044695,2.1398295714659517,7927.2282885435225,-23777.347252743297,-23753.263242461595,0.26106142896859597,0.522942920749484,-9.417299013270624,2.0031412637842823,7919.547263389825,-23799.306369263515,-23775.222358981813,-2.675152361559747,-0.32468936152452144,0.2033753775188492,-9.846719995572618,0.5251199949571878,3.079866846590467,7871.4414728444735,-23933.321253151236,-23893.18123601507,97.64863176597646,105.67663519320922,75.68951524575823,83.71751867299099,-58.325368641962996,-34.24135836026471
121,22651,-1.6909817522149504,-0.1816070162061839,-9.311213782044234,5.506395187202844,7799.617609709244,-24144.894615001645,-24128.83869644155,0.24682140386994697,0.5397434649027977,-9.410418658033361,2.1867773881846757,7631.565673238179,-24636.271544126834,-24612.187666286693,0.25853697216670124,0.5193925486559359,-9.412023512643469,2.008968173113122,7629.336030175879,-24642.89024154655,-24618.806363706408,-1.9825861125189197,-0.26788379852691996,0.20204428136429367,-10.009555488063594,0.5126582316189093,3.7329618494994903,7487.9436686436,-25062.61353554946,-25022.473739149224,-491.3769291251883,-483.34896984514126,-497.99562654490364,-489.9676672648566,-917.7189205478135,-893.6350427076723
122,22560,-1.8748171266499132,-0.2011699077995988,-9.3195704425016,4.970922395590988,7688.948818133182,-24279.45647073285,-24263.408603321626,0.25363300003721057,0.6294950777365316,-9.380756020107748,2.481913148699807,7723.037017491861,-24177.659982495497,-24153.588181378662,0.27091535403866956,0.6403807124901333,-9.380549719459834,2.3637667741737793,7715.427961049811,-24199.897987047225,-24175.82618593039,-1.651635458813975,-0.23386868216134635,0.21189637242760404,-10.014998777257189,0.5663680929383307,4.275903856635659,7644.148060660054,-24405.289977396948,-24365.17030886889,101.7964882373526,109.82042194296446,79.5584836856251,87.58241739123696,-125.83350666409751,-101.76170554726195
123,22620,-1.9723311072731802,-0.21105740556681615,-9.344998352350084,4.7380474393419085,7950.260240688682,-23648.146254238367,-23632.093074739027,0.2603800927530451,0.5858935688795917,-9.40492989609966,2.2501473238020413,7911.63346014762,-23756.314626245043,-23732.234856996034,0.2744365333054833,0.572841154601625,-9.409464021782263,2.0873356316740046,7904.381763463796,-23777.05732131249,-23752.977552063483,-1.856577212788204,-0.2517823840048287,0.21448231205108628,-9.953598828893233,0.5236297381604522,3.971683737734495,7822.832194318451,-24007.640228566986,-23967.507279818637,-108.16837200667578,-100.14178225700743,-128.91106707412473,-120.88447732445638,-359.4939743286195,-335.41420507961084
124,22691,-1.984339094093096,-0.2136650175734455,-9.287150122321716,4.680223329756163,8208.788137002117,-23067.37072358255,-23051.31127628439,0.2603434624820145,0.6144241724625465,-9.368495644345316,2.3600522425447625,8254.678667027758,-22938.871885144308,-22914.782714197063,0.27510249981887763,0.6063508147802841,-9.371808015295017,2.2040905305458662,8247.191497972248,-22959.462444032204,-22935.37327308496,-2.1898994495287654,-0.27893929732703,0.206171051210816,-9.858296974185633,0.5277837431216749,3.5850093894357036,8190.632731286855,-23111.612068407754,-23071.463450162348,128.49883843824136,136.52856208732555,107.90827955034547,115.93800319942966,-44.24134482520458,-20.152173877959285
125,22687,-1.9415575305773967,-0.20813940249206722,-9.328159432241067,4.804472329731574,8046.757784003197,-23511.593277798594,-23495.5341830942,0.23821910853667502,0.5601219430799833,-9.419941936728177,2.351288889126834,8166.342842882819,-23174.91634047061,-23150.827698414018,0.25254646699309774,0.5614511514915964,-9.419585623163266,2.2231597938249568,8156.273669772027,-23202.90687240092,-23178.81823034433,-2.17303402635518,-0.29478791123433673,0.20072681932537684,-10.15362314162199,0.573833294416737,3.3922693634647274,8103.275568790805,-23346.804228900142,-23306.65649213916,336.6769373279858,344.7064846801841,308.6864053976751,316.7159527498734,164.78904889845217,188.87769095504336
126,22787,-1.8430786057541604,-0.1976081661512573,-9.326935428080404,5.0605196104828964,7441.069938027001,-25498.653269924293,-25482.585378970507,0.24157047105058163,0.5903930234649789,-9.39555009408661,2.443978441973392,7470.001447109574,-25408.227279901785,-25384.125443471108,0.2560315822200504,0.5888850018608073,-9.397416007276354,2.300048286053557,7462.5573803278385,-25430.946489083188,-25406.84465265251,-1.545955402734271,-0.2296722464334104,0.20129141888868596,-10.098972399712437,0.5439610545713138,4.3540306481477,7402.72329207251,-25610.38691814445,-25570.217190759988,90.4259900225079,98.45993549939885,67.70678084110477,75.74072631799572,-111.73364822015719,-87.63181178948071
127,22484,-1.781540809381642,-0.19087513916142088,-9.333540330126564,5.239026959683375,7642.891993652413,-24256.8628626087,-24240.821744160457,0.2360337159800664,0.47926829922927017,-9.435310438303441,2.030507790970615,7604.999271311233,-24366.613623182973,-24342.551945510608,0.2487037907461448,0.47272374748408663,-9.434786043957024,1.9007500692524704,7597.8485990914805,-24387.764361178335,-24363.70268350597,-2.767242922815191,-0.32739446623628854,0.18984340752691234,-9.768981040129,0.45571758598671874,3.054419372129142,7503.4994692503005,-24664.715893189372,-24624.613097068763,-109.75076057427214,-101.73020135015031,-130.901498569634,-122.88093934551216,-407.85303058067075,-383.79135290830527
128,22207,-1.678808965145274,-0.17904372298500695,-9.376530699631713,5.585227917114635,7040.648598196727,-25505.342081520466,-25489.32575585352,0.2312573589624986,0.4711777105714634,-9.453725908808345,2.037460397737531,6884.967468698369,-25999.88813955146,-25975.86365105104,0.24218374951136712,0.4558896324134035,-9.45235702559357,1.8824121491768626,6883.555112995114,-26004.444065290936,-25980.419576790515,-3.2764021902136866,-0.37697602047172807,0.18310795879624858,-9.770817795464017,0.4593683635056156,2.6526886212779592,6790.407125973144,-26303.000019282536,-26262.959205115163,-494.5460580309955,-486.5378951975217,-499.1019837704698,-491.09382093699605,-797.6579377620692,-773.6334492616443
129,22608,-1.5666199759173345,-0.1677691283489271,-9.337951453494293,5.960572185367709,7287.244620176451,-25592.287422910358,-25576.23530470051,0.23904199502899037,0.570924150904037,-9.403957370915784,2.388384312282856,7109.52255278584,-26148.488380971718,-26124.410203656946,0.2512197713426401,0.5585890585085984,-9.406060517658627,2.2235075508716053,7109.797599737451,-26147.613759482636,-26123.535582167864,-2.396910607231633,-0.30078948125103716,0.18197338274276428,-9.951640683195322,0.49364958717363056,3.324584343311546,6967.258761209835,-26601.469168797892,-26561.33887327327,-556.2009580613594,-548.1748989564367,-555.3263365722778,-547.300277467355,-1009.1817458875339,-985.103568572762
130,22415,-1.7413905002452006,-0.18587280434586365,-9.368721295047017,5.380023201991646,7823.017569159038,-23591.37432752186,-23575.33935620868,0.25363795211528545,0.5663668254203512,-9.4229603273318,2.2329734990247907,7702.232803572403,-23938.153906692325,-23914.101449722555,0.2665843031738038,0.5532536120617922,-9.425815390519116,2.0753420418046513,7698.71724144952,-23948.387213874383,-23924.334756904613,-3.7028011314835476,-0.43134744898491356,0.1987037358581063,-9.91207382558637,0.5997147235903539,2.3183167127875492,7604.730233882582,-24219.716712824942,-24179.629284541996,-346.7795791704666,-338.7620935138766,-357.0128863525242,-348.9954006959342,-628.3423853030836,-604.2899283333172
131,22393,-1.8736849186058906,-0.20183923184736868,-9.283056130647463,4.954438197407541,7694.86753545178,-23916.087438315528,-23900.05443093752,0.2428974505636619,0.4807047084664609,-9.410219240494605,1.9790438613124561,7651.849539144885,-24039.62627630818,-24015.576765241163,0.25537383651263657,0.47003667594255194,-9.407988851019761,1.840582740821585,7646.8855440700445,-24054.15803269291,-24030.108521625894,-3.3379898401301378,-0.37282016704413423,0.18239800035748366,-9.504007926081687,0.37804455635295636,2.6822583336314545,7566.308545285778,-24287.37023101482,-24247.287712569792,-123.53883799265168,-115.52233430364504,-138.0705943773828,-130.05409068837616,-371.28279269929044,-347.23328163227416
132,22646,-1.8493707675292619,-0.19869092071785174,-9.307776927338491,5.0329426044586905,7778.276618550782,-24196.612494441062,-24180.557017411313,0.2603746806538385,0.661742836130918,-9.39128429025901,2.5415022477192712,7714.858603755616,-24380.007169378565,-24355.923953833943,0.2751891058697657,0.6534995769957554,-9.396076956799034,2.3747290973975788,7712.51804266159,-24386.87863536489,-24362.795419820268,12.370328659952238,0.9449440449966242,0.22023507844654566,-11.006495187422587,0.5547884191288294,,7588.024609786267,-24751.40680623077,-24711.268113656402,-183.3946749375027,-175.3669364226298,-190.26614092382806,-182.23840240895515,-554.7943117897084,-530.7110962450897
133,22463,-1.8616011828515129,-0.20087537274921258,-9.267443576449121,4.9782110485413895,7273.451801449862,-25326.144334660905,-25310.105085080573,0.26220932470227,0.7065162905353308,-9.337691381898575,2.6944743148915724,7261.08836183717,-25362.35951145803,-25338.300637087537,0.2802007806549706,0.7165262880077792,-9.339436275590426,2.5571887641886497,7254.386230025115,-25383.102890758502,-25359.04401638801,241.14428889530004,19.98692546411756,0.23330422125444517,-12.796196930883239,0.6204781435310386,,7159.281878568864,-25675.538195652836,-25635.44007170201,-36.21517679712633,-28.195552006964135,-56.958556097597466,-48.93893130743527,-349.39386099193143,-325.33498662143757
134,22239,-1.9070052065782603,-0.20406985211352607,-9.34486494123284,4.90028286708264,7261.84277809335,-24886.19751136227,-24870.17830579562,0.2526562605741888,0.5416412479292909,-9.437922250421975,2.1437871624409874,7241.953671113726,-24945.190387113427,-24921.161578763455,0.26725244028999456,0.5384346657547261,-9.438105597510145,2.014704393982232,7234.657348545898,-24967.60764086227,-24943.578832512296,-2.299242426537429,-0.2876401022132225,0.20942683848124904,-9.868594317943034,0.4888147917431761,3.476566696735206,7147.938011774291,-25231.7893776241,-25191.741363707475,-58.99287575115886,-50.98327296783464,-81.41012950000004,-73.40052671667581,-345.59186626183146,-321.56305791185514
135,22699,-1.9219785889655339,-0.20643379396618433,-9.310387374270565,4.844168102456174,8089.784206524351,-23414.985359888207,-23398.925207588934,0.2615359205351142,0.6373623452714747,-9.370951447233642,2.436997349990788,8109.424284486935,-23357.944356081403,-23333.854127632498,0.2774940711951378,0.636361131676464,-9.373427248914759,2.293242262566993,8103.33469656295,-23374.996057515862,-23350.905829066956,-2.045001302532795,-0.27093957534470015,0.21385937637704175,-9.965657085231364,0.5773145186460704,3.690859848465327,8044.999287553806,-23534.995787828953,-23494.845407080775,57.04100380680393,65.07107995643673,39.989302372345264,48.01937852197807,-120.01042794074601,-95.92019949184032
136,22720,-1.7803504709374929,-0.19019733417533133,-9.360543767118715,5.257697245525854,7736.245119132141,-24472.918303687497,-24456.856301941825,0.2506574186433598,0.5619921386504456,-9.398368152460478,2.242072633206436,7618.4664573699265,-24819.473685524248,-24795.380682905743,0.26544372151157286,0.5589702425774701,-9.397182520931525,2.105795682016536,7614.560131019885,-24831.12622694186,-24807.033224323353,-2.5191067177769666,-0.31110192395868047,0.20450102072679563,-9.878002868839937,0.5431479567842176,3.2143806353727875,7518.4121730742845,-25115.835008712635,-25075.680004348458,-346.5553818367516,-338.5243809639178,-358.20792325436196,-350.17692238152813,-642.9167050251381,-618.823702406633
137,22641,-1.588228050845747,-0.17080113421065693,-9.29869733117177,5.854762057766278,7231.647691656721,-25836.07176122634,-25820.016725824433,0.23730181176709356,0.4991764832882973,-9.39912455755042,2.10355108362269,7022.93562955169,-26497.12692279754,-26473.04436969468,0.24864545268990304,0.48346356892206227,-9.398317084150264,1.9443893451170873,7023.472281348797,-26495.39689567298,-26471.31434257012,-3.7643830648193686,-0.42123399397515343,0.17512489452183425,-9.601119596219753,0.5082189829686643,2.373977443185616,6904.694809112119,-26877.564856674577,-26837.427268169813,-661.0551615711993,-653.0276438702458,-659.3251344466407,-651.2976167456873,-1041.493095448237,-1017.4105423453802
138,22476,-1.8280225301457984,-0.19697897284409333,-9.28029273252764,5.076684001147112,7106.603473248924,-25875.398065102865,-25859.3576583984,0.24581241106558457,0.5346908621417297,-9.400889686861358,2.1751988023056743,7052.980660829016,-26043.633586459888,-26019.572976403193,0.2589080421832142,0.5229326791927804,-9.4004412088931,2.0197622089418577,7049.606354772035,-26054.389188151992,-26030.328578095297,-2.9800612421427606,-0.34679652168291886,0.19022774565423428,-9.711305597801424,0.4905055816828619,2.883535264849959,6930.437240954006,-26433.579678344195,-26393.478661583034,-168.23552135702266,-160.21531800479352,-178.99112304912705,-170.9709196968979,-558.1816132413296,-534.1210031846349
139,22473,-1.8225069146284167,-0.19397531945315438,-9.395560836122543,5.155295028352836,7819.4897765168,-23720.640076318,-23704.599936582767,0.2401929225415442,0.4980561968281405,-9.420810301520396,2.0735673289540655,7765.369298416613,-23874.721615139788,-23850.66140553694,0.2538186742737411,0.4945983128509574,-9.417842388882677,1.9486285406941244,7758.761483114413,-23893.852791544345,-23869.792581941496,-2.8331140393040335,-0.3295103674461903,0.19056614544439557,-9.681737725412336,0.4455663474800054,3.034805878037516,7701.585135389651,-24056.075445174247,-24015.975095836166,-154.08153882178885,-146.0614689541726,-173.2127152263456,-165.19264535872935,-335.4353688562478,-311.37515925339903
140,22528,-1.8587018492698502,-0.19919206748737917,-9.331204162473075,5.020280238134283,7417.363014193311,-25023.152125402215,-25007.1070968843,0.25204965458591416,0.5235019282838987,-9.434835623186817,2.0769793521199085,7336.732702375671,-25267.383108700247,-25243.315565923374,0.2649908941864361,0.5120310846841898,-9.436163406945672,1.932259167833695,7332.847690937146,-25279.315493592887,-25255.247950816014,-3.7583341136967974,-0.4239123505587049,0.19212583746461293,-9.692085899499602,0.5241540757012287,2.3589782149117084,7243.06150871128,-25552.85957945135,-25512.74700815656,-244.2309832980318,-236.20846903907295,-256.16336819067146,-248.14085393171263,-529.707454049134,-505.63991127225745
141,22596,-1.9566307000252228,-0.2096543750737086,-9.332649029324221,4.769754981971771,7865.284109957991,-23841.880573351813,-23825.829516994923,0.24436682590176004,0.553556861832552,-9.427367769172863,2.2652700905281313,7961.959892804749,-23563.835905419965,-23539.75932088463,0.2596989834200504,0.5573919226992937,-9.42716893197236,2.146299979148319,7951.908916859277,-23592.3785414538,-23568.301956918465,-1.299794865833906,-0.20405939219573083,0.21003545018790087,-10.084009748710098,0.5263332861946677,4.900534051580505,7880.689925812476,-23791.664836004027,-23751.537195111803,278.0446679318484,286.0701961102932,249.50203189801323,257.52756007645803,50.21573734778576,74.29232188312017
142,22206,-1.682715928807705,-0.17856618708051367,-9.42348580276839,5.600164377979971,7494.639137306199,-24115.591821040278,-24099.57558543705,0.2547455695261555,0.5534020986691371,-9.417959066984654,2.1723718284816633,7339.934511832178,-24576.7659631022,-24552.741609697357,0.26843058916800183,0.5458607175553184,-9.41763634382584,2.0335265039919954,7337.901157393876,-24582.918459963905,-24558.894106559062,-3.7343995041651743,-0.41336625114707837,0.1935638763048236,-9.465483646574244,0.5601696930951451,2.419162176943646,7287.327552461534,-24732.49444427173,-24692.45385526366,-461.1741420619219,-453.1660242603066,-467.3266389236269,-459.3185211220116,-616.9026232314536,-592.8782698266077
143,22646,-2.1260219397544042,-0.2276670758857677,-9.338293345591783,4.392378634940396,8183.014892023726,-23047.874848018506,-23031.819370988756,0.26220351809156517,0.6500047629144662,-9.385951693266577,2.4790085489527085,8366.893648099787,-22542.63464477541,-22518.55142923079,0.27831220744538776,0.6483362890859278,-9.389803107360152,2.329528751314829,8355.819423650653,-22572.628213696848,-22548.544998152225,-0.6519421136676179,-0.1556267794707251,0.2245320702549683,-10.234595079413511,0.5905527504078962,6.425629338349893,8314.310678243264,-22681.405856760364,-22641.267164185996,505.2402032430946,513.2679417579675,475.24663432165835,483.27437283653126,366.4689912581416,390.55220680276034
144,22427,-1.7910099379602586,-0.19172450727072868,-9.341580601541068,5.215817290316092,7487.499037363899,-24599.108748403258,-24583.072706665007,0.24191313268745548,0.5190739055790562,-9.427065034539245,2.1457037069983467,7392.980837437075,-24882.01732608319,-24857.963263475813,0.25353170018014365,0.5010809583652381,-9.429031547367106,1.9764035740272383,7390.477444966835,-24889.612786143243,-24865.558723535865,-2.7779840019865496,-0.33419438095181936,0.18967355054211268,-9.85288565056829,0.47778696530456943,2.9922705377388423,7290.127617979424,-25192.218762273897,-25152.128657928264,-282.90857767993293,-274.8905568108057,-290.5040377399855,-282.4860168708583,-593.1100138706388,-569.0559512632572
145,22538,-2.0755559910507424,-0.22206508824156734,-9.346610975575352,4.503184214675734,8021.892965142984,-23278.392928322035,-23262.34701221701,0.26838634912677684,0.5857239343053773,-9.396491237282458,2.1823909308766694,8017.143060057291,-23289.742030323272,-23265.673156165736,0.2825206084381228,0.5709941250395232,-9.399091675807137,2.0210707041733604,8009.445338460388,-23311.39246001901,-23287.323585861475,-2.160115403231904,-0.2778941888222906,0.22014131585262908,-9.866151242578326,0.5152979598135347,3.598491944858501,7951.1275566794975,-23472.09482048057,-23431.980030218012,-11.349102001237043,-3.3261439487250755,-32.99953169697619,-24.976573644464224,-193.7018921585368,-169.6330180010009
146,22417,-1.9188848226027748,-0.20447966977168727,-9.38423279314425,4.890461732046783,8181.541999734098,-22590.9676263651,-22574.932476607955,0.2543832693003319,0.5364026892060425,-9.43178986514053,2.1086398122069525,8135.73927576918,-22714.81731204622,-22690.764587410496,0.2657086760782469,0.5117896586504126,-9.43651277836921,1.9261307767748572,8130.325427572765,-22729.739451077847,-22705.686726442123,-2.82669386281304,-0.3381179459493169,0.21121372149303413,-9.815164964883412,0.5239400541194511,2.957547837907124,8070.537271266592,-22891.19695903745,-22851.10908464458,-123.84968568111799,-115.83211080254114,-138.771824712745,-130.75424983416815,-300.2293326723484,-276.1766080366251
147,22364,-1.6363224501332936,-0.17463368161433312,-9.37002779192964,5.726272221692225,7046.8322227207755,-25823.609682279457,-25807.579266675162,0.242644109840566,0.4865352865781373,-9.432331687609834,2.005139489674094,6808.287024302157,-26591.77296250944,-26567.727339103,0.25380737563926303,0.46825588542101265,-9.430891334429926,1.8449262329024896,6811.007386433155,-26582.83884629579,-26558.793222889348,-4.196789262020271,-0.4594498701722709,0.17437847334846868,-9.487003874019596,0.5461861789773497,2.1765160138690423,6718.420353784324,-26884.934382993535,-26844.858343982803,-768.1632802299828,-760.1480724278372,-759.2291640163312,-751.2139562141856,-1061.324700714078,-1037.2790773076413
148,22743,-1.7299930908085621,-0.18422961484547487,-9.390417996909008,5.4280089595734315,7741.388139225161,-24505.594093833206,-24489.53006846376,0.2406713392976677,0.5333671623619253,-9.432442681051603,2.2161640181934783,7639.222301419201,-24805.739685926965,-24781.643647872792,0.25254366086344293,0.5180651451663644,-9.434259472333498,2.051388434756618,7634.619495129324,-24819.44699388705,-24795.350955832877,-2.6051346915995164,-0.316189813764057,0.1950819639927675,-9.86168413009919,0.49399603946229714,3.1626572282502647,7536.842819113442,-25108.59813318377,-25068.438069760145,-300.14559209375875,-292.11357940903326,-313.85290005384377,-305.8208873691183,-603.0040393505624,-578.9080012963859
149,22483,-1.758387314624982,-0.1883038737508621,-9.338030490819532,5.310565205488354,7337.293978286703,-25172.224208657204,-25156.183179163083,0.2505124700607096,0.6226031330653828,-9.37736879947247,2.4853179281434583,7247.340690977437,-25447.563401506446,-25423.501857265263,0.26545699387606075,0.6189780425568154,-9.378021049605765,2.33174509180877,7244.010317160177,-25457.89739946283,-25433.835855221645,-2.4236041672496347,-0.31401681972871553,0.20833715279773515,-10.080241395405334,0.6385394758748741,3.1845427925291294,7181.030761748659,-25650.219660685245,-25610.11708694994,-275.33919284924195,-267.31867810217955,-285.6731908056245,-277.65267605856207,-477.99545202804075,-453.93390778685716
150,22664,-1.7002808015551205,-0.18235225687309758,-9.324155514775878,5.48389154676555,7375.0427707368835,-25440.3302441741,-25424.27317809108,0.24236203769011416,0.5770273533649022,-9.417892406934776,2.380848745390949,7282.216914950026,-25725.400729094985,-25701.315129970455,0.25448095328147996,0.560304279184341,-9.421990065508036,2.201753302002887,7278.330187905277,-25737.500382111066,-25713.414782986536,-2.694359893342397,-0.3380067214365333,0.19724793568249407,-10.050032241875137,0.5793122979348265,2.958521048782657,7183.267248143916,-26031.46711912809,-25991.324453920537,-285.07048492088506,-277.0419518793751,-297.17013793696606,-289.1416048954561,-591.1368749539906,-567.0512758294572
151,22369,-1.8043936688006426,-0.1924616405986945,-9.375341824935488,5.195840567966057,7731.380461463886,-23760.571492563504,-23744.54062986199,0.24334553156317024,0.45711840600100473,-9.442275719148329,1.8784746243936723,7607.545697119111,-24119.759752923055,-24095.71345887078,0.2545074184326667,0.4388013325216346,-9.441367786833448,1.7241200088543795,7602.18305528659,-24135.533464877437,-24111.487170825163,-3.472489960466441,-0.3840511525283406,0.19018227269228194,-9.475354214639117,0.3853828227202731,2.60381981258657,7522.808092839372,-24366.31771272118,-24326.240555967386,-359.18826035955135,-351.1728290087922,-374.9619723139331,-366.9465409631739,-605.7462201576745,-581.699926105397
152,22407,-1.7488802806541952,-0.18622407764312696,-9.39126831926474,5.3698748983273985,7712.0950672733015,-23894.93705863111,-23878.902801253058,0.24012760432477975,0.4681475420332589,-9.461685458485109,1.9495781975989541,7577.852509162013,-24286.404763833987,-24262.35337776691,0.25044023984122843,0.44640947188403,-9.46283609236573,1.7824989792656332,7574.437821947822,-24296.503949637805,-24272.45256357073,-3.276347931042139,-0.3649774261250074,0.18508699727376474,-9.550415476809532,0.3521595413528958,2.7398954796110946,7513.752868551619,-24472.74757339101,-24432.661929945883,-391.4677052028783,-383.45057651385287,-401.5668910066961,-393.5497623176707,-577.8105147599017,-553.7591286928255
153,22539,-1.7770289983653527,-0.19012737248122202,-9.346518469037704,5.259631934895462,7634.293126420407,-24396.64907193543,-24380.603067093354,0.250543661256887,0.5466290756711065,-9.416098657554153,2.1817717236543364,7492.568060631169,-24817.001692177757,-24792.932684914646,0.2638941848014639,0.534645947724865,-9.418683732120787,2.0259860903228932,7488.261634085703,-24829.95992647583,-24805.890919212718,-2.1396411320960795,-0.27037054816519634,0.20540741510900049,-9.83242406095604,0.48054948059656466,3.698627704778703,7407.343237066211,-25070.842589140004,-25030.727577034817,-420.35262024232725,-412.3296178212913,-433.3108545403993,-425.2878521193634,-674.1935172045742,-650.1245099414627
154,22595,-2.0776457781453024,-0.2224774750936569,-9.33867924054186,4.494837059702459,8369.565473645916,-22435.69720913268,-22419.64624128899,0.2575884451729701,0.5822445128051665,-9.407882624396604,2.2603673562072655,8501.946346015447,-22079.110467891966,-22055.03401612643,0.27170337186432986,0.5704601332849653,-9.40945372561167,2.099569576080985,8489.674763442594,-22111.74731338845,-22087.67086162291,2.0514305943708693,0.0767937958108706,0.2227433855794179,-10.45078269568582,0.5412748449226893,,8395.045162689443,-22361.015146695765,-22320.887727086538,356.5867412407133,364.6122251625602,323.94989574423016,331.97537966607706,74.68206243691384,98.7585142024509
155,22464,-1.7906910465866541,-0.19102962638725424,-9.373891790776865,5.234790115606494,7699.049508516555,-24050.836391456047,-24034.797052842398,0.262720067193851,0.593133920081233,-9.423945531423318,2.2576650745281,7585.759336954121,-24381.846381331863,-24357.787373411385,0.2787450487970186,0.5926735027194862,-9.424804361818657,2.126220735676885,7579.063156655016,-24401.684794089906,-24377.62578616943,-0.22902138270643027,-0.11440158994131955,0.22398532083647052,-10.210153012647758,0.5255758671880527,8.741137256159936,7465.3379048523675,-24737.31582484473,-24697.217478310602,-331.00998987581625,-322.99032056898795,-350.8484026338592,-342.82873332703093,-686.4794333886821,-662.4204254682045
156,22569,-1.7169456328746764,-0.1833260289866502,-9.365531137968981,5.454762782609664,7280.879576480256,-25528.887633202336,-25512.83896807788,0.24743816685150938,0.5323914233830599,-9.420678940719078,2.1516139977813302,7122.296314839261,-26023.890557497445,-25999.81755981076,0.26039802400468687,0.5212056114169915,-9.422212615211286,2.0015728360811615,7118.87184364709,-26034.744567641228,-26010.671569954542,-2.9283742238584174,-0.3419482567359511,0.19426891647048544,-9.72356745154728,0.4649152726359568,2.9244190613674914,7012.7052600341685,-26369.860108448614,-26329.73844563747,-495.00292429510955,-486.9785917328809,-505.8569344388925,-497.83260187666383,-840.9724752462789,-816.8994775595929
157,22578,-1.658538548350419,-0.17725590932122245,-9.356746157019916,5.6415608587006485,7151.713206470837,-25952.211655013183,-25936.16219249354,0.24538633253935907,0.5913967186316532,-9.41463353776035,2.410063806372734,7002.653606913678,-26425.766952358746,-26401.692758579284,0.25895490924447423,0.5834900250961703,-9.417350161343752,2.2532495205383762,7001.079048369403,-26430.84422480283,-26406.770031023367,-2.2145917142336895,-0.28724014205020865,0.1968278489462891,-10.011204830663178,0.5324089038322258,3.481407552796723,6905.369340679535,-26737.63068012279,-26697.507023823684,-473.5552973455633,-465.5305660857448,-478.63256978964637,-470.60783852982786,-785.4190251096079,-761.3448313301451
158,22936,-1.805854261882699,-0.19463253713339548,-9.27827530011089,5.137887090865126,7547.441970380684,-25489.341857584513,-25473.260931569388,0.25759309859035523,0.6509632563735801,-9.373876767200334,2.527098978722225,7499.256122410348,-25634.243773253627,-25610.122384230937,0.27328382032450255,0.6517689550086083,-9.375570277318467,2.3849525897094277,7496.3503991920015,-25643.132465881583,-25619.011076858893,-1.0598400926090996,-0.188920006874742,0.20287713585322467,-10.168526540902295,0.5433366341300078,5.293245625716186,7400.675787546949,-25933.744697446302,-25893.542382408486,-144.9019156691138,-136.86145266154927,-153.7906082970694,-145.75014528950487,-444.4028398617884,-420.2814508390984
159,22563,-1.8018599862928009,-0.19292610508562227,-9.339638020956883,5.183331719448705,7613.810245598334,-24507.26226698688,-24491.21413363589,0.24137838798275263,0.49398501212405266,-9.421994541467171,2.0465171561231474,7537.544055492803,-24732.411411126683,-24708.3392111002,0.2529613174537905,0.47837194196497823,-9.421010579564575,1.8910873282131937,7533.6606294542225,-24744.039113819254,-24719.96691379277,-3.7741246431156923,-0.419843251216388,0.18203928752772291,-9.564783649578455,0.5051103333285841,2.381841311257849,7449.47593527676,-24993.588059983776,-24953.467726606304,-225.14914413980296,-217.12507746430856,-236.77684683237385,-228.75278015687945,-486.3257929968968,-462.2535929704136
160,22440,-1.8339213639624157,-0.1960416652590965,-9.354753039557341,5.100956465955133,7398.727193159659,-24894.012437888687,-24877.975237169412,0.2501329806975511,0.5749036095961693,-9.432619578829383,2.2983918713674765,7348.6809372149755,-25044.316121975982,-25020.260320897072,0.26660298930882986,0.585661198091149,-9.432722208422133,2.1967540559446834,7343.915935134762,-25058.871295762863,-25034.815494683953,-1.8452548606023866,-0.25306431754757,0.2047048805384119,-10.013204775374355,0.49395773904174883,3.9515646049626265,7260.887803843331,-25310.016297592454,-25269.92329579427,-150.30368408729555,-142.2850837276601,-164.85885787417646,-156.840257514541,-416.0038597037674,-391.94805862485737
161,22583,-1.6175318816466966,-0.1742649965950374,-9.28202400511658,5.738387051553629,7252.339144352719,-25647.427939956284,-25631.37803457665,0.2218772466840198,0.4704545887367139,-9.43512171824141,2.1203372394768287,7144.481217877015,-25983.808369010676,-25959.733510941223,0.23296761701179677,0.4594632115066063,-9.432708683023455,1.972219218275905,7140.7312988015965,-25995.664604866663,-25971.58974679721,-3.0130166349596226,-0.34505386005356864,0.16729335617944008,-9.699113759348553,0.4088471216960813,2.8980982848438583,7030.699765092339,-26342.354954908416,-26302.23019145933,-336.38042905439215,-328.3554763645734,-348.23666491037875,-340.21171222056,-694.9270149521326,-670.85215688268
162,22425,-2.000277978735325,-0.21481793791522338,-9.311503490573132,4.655104735223015,8120.197439449695,-22775.80697901889,-22759.771115645035,0.25001712185330904,0.5928697930760357,-9.407752450281729,2.371316766952811,8218.120421867508,-22504.997277365685,-22480.943482304905,0.2638540161950656,0.5826767920669437,-9.410658883102148,2.208330198908833,8209.123337112414,-22529.561306336946,-22505.507511276166,-1.3972175712338115,-0.24964450543292127,0.21570836551297803,-10.435019069465483,0.6326698352805078,4.005696012679506,8127.619292146406,-22749.319911611725,-22709.23025317709,270.8097016532047,278.82763334013,246.2456726819437,254.26360436886898,26.48706740716443,50.54086246794395
163,22431,-1.8581879138641366,-0.19935172542633717,-9.321152901436808,5.016259567663044,7688.142492105538,-24014.32354281198,-23998.287144392645,0.25193235340169434,0.5862545106657081,-9.406393801370102,2.327031454078281,7682.277803946606,-24029.4409441508,-24005.386346521795,0.2664951902519956,0.5821300900732712,-9.408951812280456,2.184392481991191,7676.36618006607,-24046.708567770544,-24022.65397014154,-2.106117284899429,-0.2705878099033598,0.20431057454798873,-9.904210100619881,0.5161859917852605,3.6956579838432084,7597.542897324092,-24274.227655979495,-24234.136659931155,-15.117401338819036,-7.099202129149489,-32.38502495856301,-24.36682574889346,-259.9041131675149,-235.84951553850988
164,22403,-1.877290588642487,-0.2014032468080779,-9.32105424512547,4.965163252571219,7482.600715077851,-24563.45369645243,-24547.419796137536,0.2638757126480295,0.6452194017986597,-9.378365406695465,2.445164033187417,7419.636435158243,-24750.767172385702,-24726.71632191336,0.2789336967414253,0.63576345894105,-9.381970746092755,2.27926373316742,7416.030055731399,-24761.65899446065,-24737.60814398831,-1.9171725930085288,-0.2655217563647943,0.21878343504734832,-10.06109831695115,0.5919750561423658,3.766169724435397,7340.797508096113,-24986.08876498436,-24946.004014197126,-187.31347593327155,-179.296525775826,-198.20529800821896,-190.18834785077343,-422.6350685319303,-398.58421805959006
165,22733,-1.7900851139129275,-0.1910806164390988,-9.368219274525227,5.233393206676826,7846.045663835626,-24179.546025780037,-24163.482879995438,0.25640608680295207,0.6014002537409746,-9.403339889161787,2.3454991308500035,7750.509533575235,-24456.04983454285,-24431.955115865952,0.27037159460248683,0.5919994775187717,-9.406761522652548,2.1895771942653868,7747.6934195215,-24464.31127255368,-24440.216553876784,-2.601195665037525,-0.318373171111451,0.20639706228394283,-9.868550034856293,0.538584698435419,3.140968180544132,7676.186460002202,-24671.098619192668,-24630.94075473117,-276.5038087628127,-268.47223587051485,-284.7652467736443,-276.7336738813465,-491.5525934126308,-467.45787473573364
166,22281,-1.80526891640794,-0.1934744891752473,-9.330785283907613,5.168640084089897,7477.298024233844,-24323.794987391528,-24307.77200823885,0.24947160232917223,0.5209349536682975,-9.4188813856374,2.088153316067355,7335.528049565012,-24748.300131315234,-24724.265662586222,0.26307564622473717,0.5141483367577326,-9.41825518704334,1.9543745083819428,7331.513271960992,-24760.497991820073,-24736.46352309106,-3.2308616830446932,-0.37337182416539977,0.1957791498024303,-9.729135266930687,0.5081510697725843,2.678295295139921,7235.0145570128625,-25051.711696432623,-25011.654248550938,-424.5051439237068,-416.49365434737047,-436.7030044285457,-428.69151485220937,-727.9167090410956,-703.8822403120867
167,22429,-1.9381766419449298,-0.20852289763534235,-9.294790471089398,4.795636408950951,7440.971591747058,-24743.111923425065,-24727.07570333832,0.2507512589413825,0.560041688668033,-9.40130072183017,2.2334551420894466,7425.265888534457,-24788.502979686513,-24764.448649556394,0.2635846642329698,0.5422505801140214,-9.404380489241987,2.057215967749748,7419.802265527845,-24805.012652080957,-24780.95832195084,-2.1657362916446288,-0.2888468777499544,0.20516027461413586,-10.045511992030736,0.5550432808787497,3.462041922660727,7312.67391320092,-25127.206855450946,-25087.11630523408,-45.391056261447375,-37.3729462180745,-61.900728655891726,-53.882618612518854,-384.09493202588055,-360.04060189576194
168,22463,-1.7297099986693862,-0.1850712445888815,-9.346184505927843,5.4033245533167875,7368.7684420437035,-25033.684870618756,-25017.645621038424,0.24311935064825668,0.5366316751794228,-9.412603676577994,2.207276688377708,7277.983320565614,-25310.153753479848,-25286.094879109354,0.25601600488144577,0.5253730362933308,-9.412277476372445,2.0521101270079467,7274.384405016757,-25321.264308565667,-25297.205434195173,-2.8277768562367034,-0.334705550100629,0.19154006947563554,-9.780620630055017,0.4875427146682705,2.9877006810892457,7190.663788093791,-25577.289327841925,-25537.1912038911,-276.4688828610924,-268.4492580709302,-287.57943794691164,-279.55981315674944,-543.6044572231694,-519.5455828526756
169,22714,-1.7108994690071835,-0.18368332613658683,-9.314397256368057,5.44415228661746,7245.412366535314,-25949.311294053143,-25933.24982054624,0.24514064718370457,0.5422296475173465,-9.397574602983536,2.211912441884875,7120.244871007564,-26343.133969469414,-26319.04175920906,0.2585439358149549,0.5347613787881467,-9.396092867497565,2.0683578483576817,7117.741919843543,-26351.119934642775,-26327.02772438242,-3.180774015857429,-0.36959874228930834,0.19261574792316447,-9.740766683784395,0.5269855384269828,2.7056369126311495,7028.9140188359415,-26632.369462045353,-26592.215778278096,-393.8226754162715,-385.79193866282003,-401.808640589632,-393.7779038361805,-683.0581679922107,-658.9659577318562
170,22577,-1.721104948554403,-0.1840173779206682,-9.35294790091178,5.434269367924101,7136.92885315988,-25996.782582949476,-25980.7332090136,0.25368653366839283,0.5883373850126064,-9.395016736604296,2.3191510266826123,6987.435591403589,-26472.713525871455,-26448.63946496764,0.26762962532214374,0.5781573790578064,-9.397188660734287,2.1602891621653724,6985.438273123607,-26479.167954008637,-26455.093893104822,-4.405373589744034,-0.5022950989300289,0.1914304505324211,-9.946325449497051,0.7969204861858213,1.990861551566329,6913.868391040509,-26707.675595974273,-26667.552161134583,-475.9309429219793,-467.9062559540398,-482.3853710591611,-474.36068409122163,-710.8930130247973,-686.8189521209824
171,22347,-1.6567874031993606,-0.17692553497209523,-9.364320438317,5.652095386670559,7552.494600801265,-24238.342133472695,-24222.313238747007,0.2384471697732305,0.5453003967822708,-9.42345922960743,2.2868813972540156,7438.569248951637,-24576.002997580883,-24551.95965549235,0.25072141076077015,0.5338609987796785,-9.42607780902049,2.1292995965512915,7436.482628747986,-24582.27251547974,-24558.229173391206,-2.964974085230809,-0.3443413171857265,0.18408989194072634,-9.743942234446246,0.47887857119674115,2.9040952975754357,7345.359275734382,-24853.79425062071,-24813.722013806488,-337.6608641081875,-329.6464167453414,-343.9303820070454,-335.9159346441993,-615.4521171480155,-591.4087750594808
172,22837,-1.5972909335173266,-0.17099060173753344,-9.341396060873162,5.848274641052942,7041.262284542751,-26865.89023552305,-26849.817960909786,0.2442097791175256,0.5697917609040644,-9.406561638023184,2.333206159733075,6844.7079511210995,-27510.443707767834,-27486.33529584794,0.2562996761930277,0.5540179549226856,-9.410258296845786,2.1616022429362594,6845.899509825696,-27506.468482229706,-27482.360070309813,-3.6223915576198977,-0.408291393135172,0.18528017751753234,-9.650723416703899,0.5691923848955909,2.449231154057006,6741.504102549485,-27853.400109520928,-27813.21942298777,-644.5534722447846,-636.5173349381548,-640.5782467066565,-632.5421094000267,-987.5098739978785,-963.4014620779853
173,22346,-1.7844108984375406,-0.19087278452126655,-9.348692129750567,5.239091589239023,7744.761563455218,-23674.506428875273,-23658.477623649058,0.25005719473856003,0.5134289727765804,-9.451269312668137,2.053246151598961,7609.09292170086,-24067.420992667943,-24043.377784828623,0.26254024862475456,0.5007144373381802,-9.4531338282519,1.907191144828407,7606.665295452713,-24074.55146041423,-24050.50825257491,-2.9537495096745423,-0.3502997596220325,0.19569266329572788,-9.835511588454732,0.4609805727286296,2.854697933789572,7465.617545164422,-24488.795341942012,-24448.723328876476,-392.9145637926704,-384.90016117956475,-400.0450315389571,-392.0306289258515,-814.288913066739,-790.2457052274185
174,22506,-1.8851050481990883,-0.20198983428354528,-9.332672878739299,4.950744197335396,7584.516392324705,-24475.17051825392,-24459.127443815298,0.2570174493884071,0.5878284150771047,-9.404754328509442,2.2871148105931636,7557.18047774679,-24554.43258117318,-24530.36796951525,0.2719777832388767,0.5823198123901315,-9.404010633534416,2.1410565431319917,7550.964560772132,-24572.95178852372,-24548.88717686579,-1.8624496783637778,-0.26050682109859175,0.2179766245408127,-10.073460991621898,0.5743489591424494,3.8386710788718226,7483.92747875368,-24769.651143365543,-24729.543457268992,-79.26206291926064,-71.24052569995183,-97.78127026979928,-89.75973305049047,-294.48062511162425,-270.4160134536942
175,22399,-1.7882137906182052,-0.19203006036563747,-9.312155540717596,5.207518021376114,7481.530044400291,-24558.27285408967,-24542.239310901692,0.2501915947181583,0.4905476346742973,-9.418367768380499,1.9606879089079745,7314.342592402467,-25062.49390947382,-25038.44359469185,0.2633726063434831,0.48168482310206245,-9.416040060753812,1.828910112518926,7312.0196852247755,-25069.608569609118,-25045.55825482715,-3.461208992528711,-0.38486154771293674,0.18983840899013746,-9.482968004785235,0.4034031132373064,2.5983370018193845,7224.62687101723,-25334.93275270109,-25294.84889473114,-504.2210553841469,-496.2042837901572,-511.33571551944624,-503.31894392545655,-776.6598986114186,-752.6095838294495
176,22472,-1.9064795656291464,-0.2028793624869059,-9.39710940659227,4.929037570613134,7907.122477629919,-23468.142361469727,-23452.10231073216,0.2495581994438669,0.5680528363181487,-9.427913578024397,2.2762339109034997,7950.730916412447,-23342.547914952276,-23318.487838845926,0.2638593191182169,0.5639082482699995,-9.429051757357849,2.1371549436059585,7944.009003600344,-23361.55481087872,-23337.49473477237,-2.4804090284605533,-0.30898070907164643,0.20568516002337112,-9.9278091126184,0.5269258687736622,3.23644800675281,7856.64088871489,-23606.07070112903,-23565.970574285107,125.5944465174507,133.61447188623424,106.58755059100804,114.60757595979157,-137.92833965930186,-113.86826355294761
177,22752,-1.9048725932155088,-0.20347418305242754,-9.361740957203873,4.914628406407402,7962.917633980372,-23882.35975095373,-23866.294934288522,0.25237703423020275,0.6143798316451263,-9.41308867141263,2.4343729750177148,8014.645960721793,-23733.037289032698,-23708.94006403489,0.26771893567973193,0.613286774354714,-9.413759132523987,2.2907859423450705,8004.968024759303,-23760.527642546367,-23736.43041754856,12.812178558389828,0.9772775226159479,0.22421759143665257,-11.057425117866932,0.564629693082883,,7924.446325121603,-23986.548065672105,-23946.38602400909,149.32246192103048,157.35487025363182,121.83210840736137,129.8645167399627,-104.1883147183762,-80.09108972056856
178,22367,-1.7024845783814382,-0.18057037137856122,-9.42837169455792,5.538007106955134,7294.981334710206,-25055.987582803944,-25039.956898929322,0.23718278147122338,0.48113639801486224,-9.466324938252122,2.028546908128898,7178.973942874902,-25412.534068049456,-25388.488042237524,0.24862819899548644,0.4678421770582401,-9.465585988590883,1.8816939468186924,7175.424008090206,-25423.59707371772,-25399.55104790579,-3.332522249254185,-0.3796538071302911,0.18972004174506113,-9.72291813557283,0.45902215182576245,2.6339785910715654,7097.452793327138,-25663.976610353187,-25623.899900666634,-356.5464852455116,-348.53114330820245,-367.6094909137755,-359.5941489764664,-607.9890275492435,-583.9430017373124
179,22489,-1.8614476210292963,-0.1984710358803025,-9.378938406669736,5.038518570554033,7653.50496590915,-24236.05184015388,-24220.010276994362,0.25217837990834374,0.5489345226231384,-9.429937877584372,2.1767707557747538,7601.392716534219,-24387.701764186502,-24363.639419447227,0.2659869193910444,0.5423850887448177,-9.43069553120381,2.039141962268538,7595.747352670133,-24404.40998602313,-24380.347641283854,-2.2691659003917977,-0.2860947340520985,0.2055221524736069,-9.885528222076932,0.4817573495312208,3.495345705377079,7525.25774067316,-24610.085514569524,-24569.98160667073,-151.64992403262295,-143.62914245286447,-168.3581458692497,-160.33736428949123,-374.0336744156448,-349.97132967636935
180,22677,-1.8577780433355662,-0.2008060055845456,-9.251605986223273,4.979930740064289,7393.062588863486,-25412.588470391744,-25396.530257443825,0.2607885574284527,0.6771673947294132,-9.351056126699502,2.596614672847347,7340.065599238905,-25573.733445711514,-25549.646126289634,0.27710216078735156,0.6781186130975518,-9.354851937529963,2.44717908792469,7337.263953493084,-25582.390731918975,-25558.303412497095,-1.6232246091540248,-0.2397679834731944,0.2050006848814697,-10.104778301369949,0.5754352140050389,4.170698629209592,7267.706514345667,-25794.394725511745,-25754.249193141943,-161.1449753197703,-153.11586884580902,-169.80226152723117,-161.77315505326987,-381.8062551200019,-357.718935698118
181,22420,-1.7602282995990544,-0.18801375793835626,-9.362231354240455,5.318759706552263,7642.487561018246,-24125.082663911955,-24109.0472465187,0.24949599396140765,0.5347328988027902,-9.421484911706388,2.1432524439069884,7529.022227245419,-24458.440218900323,-24434.387092810444,0.2633297078482835,0.5282307997295277,-9.422903044653335,2.0059673632944826,7522.630249876655,-24477.482399344022,-24453.429273254143,-2.227987763220153,-0.2789036439760604,0.19975541164037208,-9.834676146703634,0.4598606588185537,3.5854676753016346,7445.7531336896145,-24703.78116387741,-24663.69262039428,-333.35755498836807,-325.339846291743,-352.39973543206725,-344.3820267354422,-578.698499965456,-554.6453738755772
182,22412,-1.763287511241474,-0.1893983582652404,-9.30994084316244,5.279876811812504,7083.374338069776,-25811.175557751973,-25795.140854134603,0.2410379027830973,0.4994514613377334,-9.424999699206639,2.072086819420988,6989.443685664983,-26108.36297581697,-26084.310920390915,0.2540329260715629,0.4939486256969253,-9.42315080644579,1.944427572187144,6986.051729805597,-26119.24209157685,-26095.190036150794,-3.7305383728219135,-0.4189196280278312,0.18350876872308317,-9.652562441372417,0.5206621046203919,2.387092733533995,6914.257425190131,-26346.757555783857,-26306.670796740433,-297.1874180649975,-289.17006625631257,-308.0665338248764,-300.0491820161915,-535.5819980318847,-511.52994260583
183,22439,-2.031896512197934,-0.21827033947705313,-9.309082109214149,4.58147452556251,7869.737582864682,-23507.041142314705,-23491.004030723976,0.2585764527863077,0.5880935844892102,-9.411430622482381,2.274350885984276,7956.255963443185,-23259.697268406784,-23235.641601020692,0.2741738772547725,0.5856379915096619,-9.413300924033791,2.136009445442045,7945.321912439813,-23290.555741829623,-23266.50007444353,-1.1786786507958222,-0.19323340247321324,0.21641102940461013,-10.072902657360412,0.5322561646591074,5.1750887124115295,7871.638409225557,-23495.62196638747,-23455.52918741065,247.34387390792108,255.36242970328385,216.4854004850822,224.50395628044498,11.41917592723621,35.47484331332453
184,22305,-1.7217807048483311,-0.18321149602433542,-9.397776570852477,5.458172776817308,7713.442098401448,-23680.48249472232,-23664.457362427194,0.2495014772901513,0.5354361959885553,-9.426450942255487,2.14602415105496,7576.596527946142,-24077.751852664773,-24053.714154222085,0.26186727030306184,0.5213323474034821,-9.426973297252658,1.9908266764309206,7575.267723507137,-24081.66410829169,-24057.626409849003,-4.278144586692504,-0.47685057125349284,0.18652477307750379,-9.695244438086139,0.6520095221666271,2.097093010439956,7519.836763414338,-24241.47789617408,-24201.41506543627,-397.2693579424522,-389.2567917948909,-401.1816135693698,-393.1690474218085,-560.9954014517607,-536.9577030090768
185,22664,-1.852831585794029,-0.19882690494579194,-9.318817220934882,5.029500410282197,7753.53628419834,-24306.057502689462,-24290.000436606442,0.256585791399777,0.6105574530922293,-9.390959874202597,2.3795450627308585,7704.570735242386,-24447.640272802124,-24423.554673677594,0.27127900224160256,0.6031778935132198,-9.3952794590263,2.2234595694067996,7698.621767908236,-24465.146695881285,-24441.061096756755,-0.37510018967471,-0.13353765044103216,0.2156907836785243,-10.258127418481173,0.5548861114999287,7.488524747120529,7581.271120006256,-24809.27575632939,-24769.133091121836,-141.58277011266182,-133.55423707115187,-159.08919319182314,-151.0606601503132,-503.21825363992684,-479.13265451539337
186,22495,-1.7571199298197835,-0.1881223262022699,-9.340305137044291,5.315690169197652,7791.735074031265,-23845.862518598595,-23829.820421916043,0.238068790899735,0.4979015724096416,-9.433543656693914,2.0914189152131986,7736.678395022544,-24003.377228390273,-23979.314083366447,0.24980729860559223,0.4841342746277387,-9.435069701734012,1.9380309435718817,7732.26050708173,-24016.226253466855,-23992.16310844303,-2.757047987472071,-0.3207838972684523,0.18484027956702076,-9.68456539920896,0.4040112622316814,3.11736346030841,7664.296665352438,-24210.823450585678,-24170.7182088793,-157.5147097916779,-149.49366145040403,-170.3637348682605,-162.34268652698665,-364.9609319870833,-340.8977869632581
187,22550,-1.9333147863017748,-0.20757023836146138,-9.314026912351055,4.817646344167158,7859.956143346226,-23762.66358508935,-23746.61660439949,0.2490898777525753,0.5883570983916342,-9.398346277684649,2.362027328047662,7881.151575424032,-23699.936310903817,-23675.865839869024,0.26213805055640915,0.5739120238021119,-9.40174612258438,2.189350315926808,7875.067552889496,-23717.35098556086,-23693.280514526068,-1.3460563611852325,-0.2178483616950756,0.2061828006109869,-10.174963453463691,0.5556591617223299,4.590348957499664,7788.673390743665,-23962.104858500392,-23921.987406775737,62.72727418553404,70.75076453046495,45.312599528489955,53.33608987342086,-199.44127341104104,-175.37080237624832
188,22722,-1.7484102353092659,-0.18737145314965117,-9.331251937897035,5.336992285592794,7604.510846693831,-24867.31975270639,-24851.257574912128,0.240119134710714,0.5479545599407646,-9.40244164050471,2.2820112216417843,7557.22691375379,-25007.04348179029,-24982.9502150989,0.25286946927215714,0.5369061066727796,-9.402607751852464,2.123253978497977,7553.127043444645,-25019.373736358026,-24995.280469666635,-3.0444298771349376,-0.36011233880358234,0.19292911324103726,-9.84424526147866,0.5654499673161328,2.7769112364279036,7480.01683575296,-25236.381830119455,-25196.226385633807,-139.72372908390025,-131.6926401867713,-152.05398365163637,-144.02289475450743,-369.0620774130657,-344.9688107216789
189,22458,-1.8743607436116307,-0.200370713137079,-9.354464603463931,4.990749318319155,7806.974255586972,-23725.783708038078,-23709.74490368381,0.23303793608565795,0.4950053085990585,-9.443725597913563,2.1241404593332347,7832.709789960954,-23649.873116116192,-23625.814909584795,0.2448708508073758,0.4828242592936376,-9.444838435877285,1.971750650196599,7825.153228355675,-23671.54980002996,-23647.491593498562,-2.8950205880971738,-0.3465587678257884,0.18943786579509692,-9.9014302408692,0.5222781290704829,2.8855134910414093,7739.66682732343,-23914.24367661884,-23874.146665733177,75.9105919218855,83.92999409901677,54.233908008118306,62.253310185249575,-188.4599685807625,-164.40176204936506
190,22514,-1.744656391957078,-0.18787246727336032,-9.286386756280516,5.3227597130822195,7252.20403127524,-25500.577643176726,-25484.533857942897,0.23413726552531766,0.4789608190482203,-9.424823435249232,2.045641124122676,7142.326078557274,-25842.29713349673,-25818.231455645986,0.24427890667877114,0.45576794188907127,-9.423391733417429,1.8657687153005398,7140.744312267428,-25847.283720472886,-25823.218042622142,-3.655868320852904,-0.40312644401818876,0.17058967440695175,-9.494801174648638,0.41773232929252896,2.48061126933881,7023.970010898546,-26214.504222893785,-26174.394759809213,-341.7194903200034,-333.69759770308883,-346.7060772961595,-338.68418467924494,-713.9265797170592,-689.8609018663155
191,22607,-1.6772621560019805,-0.17933607889067874,-9.352619764952152,5.576122809117449,7792.592146725938,-24074.399997567165,-24058.347967823534,0.24749034166199774,0.5285051024506446,-9.408285000653594,2.1354574845285645,7597.826591866421,-24644.613144521645,-24620.5350999062,0.26026434149384975,0.5162236744857921,-9.407494412663572,1.9834590921015236,7595.314539928779,-24652.088880865984,-24628.010836250538,-3.0241174146214433,-0.3514848051792963,0.19874134455921685,-9.699245471194871,0.5106654400728531,2.845073201642071,7518.086284663534,-24879.130773179433,-24839.000698820353,-570.2131469544802,-562.1871320826649,-577.6888832988188,-569.6628684270036,-804.7307756122682,-780.6527309968187
192,22707,-1.7065087317472758,-0.18330006416643888,-9.309918899961449,5.455535460653122,7233.33500067783,-25972.19592392309,-25956.135066871135,0.24872355008281377,0.561513227294244,-9.401622269269618,2.257579658650278,7087.965446634766,-26431.190349913715,-26407.099064335784,0.2614862912874624,0.5480998010556091,-9.404565839368969,2.0960938271638145,7086.8691157199155,-26434.702826341378,-26410.611540763446,-2.6071633124715445,-0.3156924966858657,0.19912371727799646,-9.805216006078236,0.49961394445132257,3.16763942918499,6996.061688890071,-26723.538578691423,-26683.386436061537,-458.99442599062604,-450.96399746464886,-462.5069024182885,-454.47647389231133,-751.3426547683339,-727.2513691904023
193,22427,-1.8307928785009544,-0.1964062263959219,-9.321460485730142,5.091488280947715,7510.634156208218,-24529.919908012875,-24513.883866274624,0.2671757857626617,0.6513386735726998,-9.386042511392324,2.4378656610419727,7404.313702240077,-24847.66480198502,-24823.610739377644,0.2850446198197303,0.6608100242541749,-9.38717669226199,2.318268714112508,7399.69309528541,-24861.664573392132,-24837.610510784754,-1.56769689216698,-0.24748000192298744,0.224392291163108,-10.226673500181539,0.6048784046310802,4.040730532688403,7310.864562152474,-25128.515179130256,-25088.425074784624,-317.7448939721471,-309.7268731030199,-331.74466537925764,-323.7266445101304,-598.5952711173813,-574.5412085099997
194,22541,-2.023744733877296,-0.21709897817969737,-9.3217607509981,4.606193950725457,8255.209301541718,-22638.241585819742,-22622.19540351538,0.2659994321264914,0.6659414972072158,-9.391062547299175,2.503544807909736,8369.925328366553,-22325.163804121014,-22301.094530664468,0.2833628641812867,0.6709442567539324,-9.393296688610551,2.3677917665480797,8359.009092075506,-22354.581447944238,-22330.512174487692,4.447601025866546,0.26979130745528707,0.22670955231972445,-10.689346107840125,0.5687614144018639,,8264.345152024602,-22607.309772155168,-22567.194316394256,313.07778169872836,321.1008728509114,283.660137875504,291.68322902768705,30.931813664574292,55.00108712112342
195,22948,-1.8177021671874343,-0.1954442283733778,-9.300362473303052,5.116549147154114,7635.189395437286,-25249.42589156944,-25233.343919437997,0.2488208985413579,0.5156937015072739,-9.388413819467178,2.072549791960331,7522.275083489085,-25589.330775053266,-25565.207816856102,0.2621887864668843,0.5046836814292929,-9.386399462522178,1.9248865988135493,7518.269846673713,-25601.552696139042,-25577.42973794188,-2.9350329344026576,-0.342962295864022,0.20018479328759772,-9.673354370452707,0.4969619154103243,2.9157724101441196,7440.253450704955,-25836.9261225864,-25796.72119225779,-339.90488348382496,-331.8638974181049,-352.1268045696015,-344.08581850388146,-587.5002310169584,-563.3772728197946
196,22645,-1.8341159340173863,-0.19575493134161262,-9.369449451143911,5.108428140974372,7980.151583669906,-23614.3199234796,-23598.26453476762,0.2494763926560773,0.5356119835009537,-9.431332357369579,2.1469445577535535,7910.730259302319,-23810.176267354076,-23786.093184286106,0.26389370609297813,0.5333143390106139,-9.429077521677879,2.020943761435183,7904.623205311267,-23827.66487357593,-23803.58179050796,-3.0843401413466522,-0.3581782498487633,0.20088811054030795,-9.752284154056545,0.5242091298898587,2.7919059865366997,7837.798129199905,-24015.917755861323,-23975.77928408137,-195.856343874475,-187.8286495184875,-213.34495009632883,-205.31725574034135,-401.5978323817217,-377.51474931375196
197,22298,-1.8492451326699897,-0.1974727539636995,-9.364558378569672,5.063989739991297,7013.346461498265,-25787.695620843355,-25771.6711163087,0.2571153704434412,0.5266603616264744,-9.426595916935478,2.048342581457324,6876.803117415637,-26224.09861228017,-26200.061855478187,0.2708969340597015,0.5188255008425494,-9.42513453107838,1.9152136314994554,6874.840647690954,-26230.46281876566,-26206.426061963677,-3.4547417148058335,-0.3903424071120005,0.19799328462757304,-9.614432711114528,0.4703340951962292,2.561853341528099,6815.329968613603,-26420.32124720042,-26380.25998586378,-436.4029914368148,-428.39073916948837,-442.76719792230506,-434.75494565497866,-632.6256263570649,-608.588869555082
198,22799,-1.8462128506147368,-0.1980732252872048,-9.320860242154087,5.048637939580208,7906.265064993005,-24141.535933326802,-24125.46698941814,0.2414729851122889,0.544617301474321,-9.4103443903148,2.255396400641111,7936.486183714898,-24052.55456113282,-24028.451145269824,0.2538884444782804,0.5295172485670389,-9.41160742016084,2.085629575048808,7929.142528375267,-24073.660312828313,-24049.556896965318,-1.9877198554854258,-0.27040634570152794,0.20489998899346032,-10.064759754892359,0.5640337803724743,3.6981380647915376,7869.234891984793,-24242.56930371842,-24202.396943946762,88.98137219398268,97.0158441483145,67.8756204984893,75.91009245282112,-101.03337039161852,-76.92995452862306
199,22382,-2.013175238155177,-0.21643181345064855,-9.301660444730448,4.620392834383487,7964.101633375858,-23123.609701045265,-23107.57767635851,0.25872039672794844,0.6201407627560855,-9.395834916340139,2.396953508880788,8082.5587378028395,-22791.154015923974,-22767.10597889384,0.2755345782827108,0.626608044365864,-9.39550481142557,2.2741539311372243,8072.4255644242385,-22819.232126315295,-22795.18408928516,42.19229484308336,3.4473281427596647,0.22838484866047468,-11.605076146005308,0.5684132603604749,,7952.862259461864,-23149.21870769339,-23109.1386459765,332.455685121291,340.471697464669,304.37757472996964,312.3935870733476,-25.609006648126524,-1.5609696179926686
200,22713,-1.5197159981296682,-0.16254365640681523,-9.349586638595811,6.15219333750678,6904.235418885256,-27042.69481303372,-27026.633427580175,0.23490958238372997,0.47613399626658137,-9.430531735659585,2.026881966393376,6663.53836311897,-27846.65251008253,-27822.560431902217,0.24386516360324828,0.4448275346153691,-9.433559051985387,1.8240716633847411,6662.400329700051,-27850.531884542008,-27826.439806361694,-3.5255119358432774,-0.3928480293632065,0.17841770083874783,-9.556950530014436,0.4614578877230881,2.545513596239662,6564.574473143602,-28182.505790488158,-28142.3523268543,-803.9576970488124,-795.9270043220422,-807.8370715082892,-799.806378781519,-1139.8109774544391,-1115.7188992741249
201,22766,-1.8068235402762851,-0.19418594214311272,-9.304605268205655,5.149703366595982,7531.729320294116,-25178.46342296461,-25162.39737601684,0.24500062349017238,0.5519915878901255,-9.410613821470122,2.2530211557288844,7497.507206782746,-25280.14160798995,-25256.042537568293,0.25803851861017857,0.541762719249351,-9.412487131136743,2.0995420457664213,7493.052823063612,-25293.671256319634,-25269.572185897978,-2.5694626496165354,-0.31540788992701,0.2001758990203754,-9.870837529612999,0.5209134420106588,3.170497733051049,7412.6275314082295,-25535.346718914527,-25495.1816015451,-101.67818502533919,-93.64516155145247,-115.20783335502347,-107.17480988113675,-356.8832959499159,-332.7842255282594
202,22539,-1.566639718958775,-0.16858686857130065,-9.292774296333729,5.931660089985412,6947.86285341591,-26520.18894792075,-26504.142943078674,0.23441233429929348,0.5427824633235996,-9.414591714168234,2.3155030000707413,6793.092637232801,-27025.943075066505,-27001.874067803394,0.24643329373037304,0.5292041452432699,-9.417984410742251,2.1474539305645988,6791.863115886095,-27030.022908996434,-27005.953901733323,-2.4683542024843863,-0.30256444098690066,0.18170254556240986,-9.870463345247181,0.471437473126439,3.305081048976586,6675.24699666327,-27416.37783865288,-27376.262826547692,-505.7541271457558,-497.73112472471985,-509.8339610756848,-501.81095865464886,-896.18889073213,-872.1198834690185
203,22478,-1.8281204458967557,-0.19678703535507533,-9.289841897349396,5.0816355772403226,7693.722649953221,-24095.389771770802,-24079.349187106647,0.2488680536807325,0.5374278162668565,-9.41522527625204,2.159488967420106,7633.671256891274,-24269.524361667718,-24245.463484671483,0.2617770983250687,0.5268229417142137,-9.41744598020437,2.0124867495475764,7629.23307761724,-24282.59676182788,-24258.535884831646,-3.0021645367690857,-0.3515573677179519,0.19474464713561657,-9.749677714069248,0.4811066375326806,2.8444859696477245,7528.658499346023,-24576.890035102275,-24536.788573441885,-174.1345898969157,-166.1142975648363,-187.20699005707866,-179.18669772499925,-481.5002633314725,-457.43938633523794
204,22645,-1.941696037455286,-0.20768212548239035,-9.34936520389149,4.8150508748755625,8327.252935376473,-22650.181525879612,-22634.12613716763,0.243948497900329,0.5533501937183437,-9.432092879614878,2.268307443911494,8400.25443611272,-22450.527512927638,-22426.444429859668,0.2574761871042325,0.5467491167444365,-9.432979917366792,2.1234939156649055,8393.105019712064,-22469.80877045087,-22445.7256873829,-2.225434846046246,-0.28095993883271164,0.20164001450859054,-9.903746225370215,0.5002760918447153,3.559226287401127,8349.778341902214,-22583.00899073382,-22542.870518953867,199.65401295197444,207.68170730796191,180.3727554287434,188.40044978473088,67.17253514579352,91.25561821376323
205,22430,-1.9151995703377211,-0.2053077002398378,-9.328435163904762,4.870737915975937,8146.394282241728,-22713.640941284142,-22697.604632029113,0.24059170381605952,0.5181753949241767,-9.414743080498024,2.153754209747562,8194.225681608536,-22580.32874452073,-22556.27428063819,0.253786704114488,0.5106440170104505,-9.413577721023291,2.0120991712004317,8185.969348604696,-22602.94014378889,-22578.885679906347,-2.4350985181060705,-0.2978767546347084,0.19755659086300778,-9.818868180392434,0.4996885073646583,3.35709310794096,8126.873598953102,-22761.453013865063,-22721.362240727492,133.3121967634106,141.33035139092317,110.70079749525394,118.7189521227665,-47.81207258092036,-23.757608698379045
206,22611,-2.0039675116746865,-0.2164223751547116,-9.2595209263466,4.6205943321948135,7950.434751668141,-23629.241062782985,-23613.188679197963,0.2647930169143618,0.6654136207161038,-9.356632319420632,2.5129575865337452,8020.709022428326,-23428.259472825837,-23404.180897448303,0.28066575124122634,0.6604262869440441,-9.359309193186865,2.3530704548857533,8013.88456681122,-23447.50633111592,-23423.427755738387,-0.2928272312661375,-0.12382797208201594,0.21678514406373556,-10.242954009864546,0.567233329380411,8.075719752057816,7940.674605563567,-23651.01592561468,-23610.884966652124,200.98158995714766,209.00778174966035,181.7347316670639,189.7609234595766,-21.774862831694918,2.3037125458395167
207,22474,-2.017911552013827,-0.21527501166389246,-9.373645071098078,4.645220976976621,7975.770285093071,-23277.959492944025,-23261.91926421509,0.2537438375221037,0.5394796726234548,-9.416755285452826,2.1260798996801666,8044.27401795645,-23083.754996245123,-23059.69465315172,0.26806843502134625,0.5328596067089906,-9.416082803939831,1.9877745273014298,8034.63622431124,-23110.697095810254,-23086.63675271685,-2.3680712418853855,-0.29463925646934436,0.21347327579713685,-9.844156708138552,0.5159195614493725,3.3939808699729213,7990.918483533188,-23229.31562121577,-23189.21504939343,194.2044966989015,202.22461106336777,167.26239713377072,175.282511498237,48.64387172825445,72.70421482165693
208,22523,-1.8557088048487218,-0.19929444403831884,-9.311392566929362,5.0177013454912345,7830.532639008755,-23791.695363767132,-23775.650779190528,0.25688865849798226,0.564488591439524,-9.389291525807081,2.197405657143707,7725.617912649646,-24093.5019130655,-24069.435036200593,0.2696277326305048,0.5468753111290275,-9.391594166658795,2.0282606161972963,7722.23543493773,-24103.365231289565,-24079.29835442466,-2.686505386752657,-0.3198538214065698,0.1997213695191847,-9.716146478849772,0.4674008080564299,3.126428177729628,7625.471163166289,-24383.375165620684,-24343.26370417918,-301.806549298366,-293.78425701006563,-311.66986752243247,-303.6475752341321,-591.6798018535519,-567.6129249886508
209,22476,-1.6150746100739193,-0.17226932112756468,-9.375288643983009,5.804864113091294,7300.344705953347,-25270.85775372938,-25254.817347024913,0.24061046017175902,0.49156924140404606,-9.44935919233172,2.0430086084085493,7083.296970469152,-25947.23049678346,-25923.169886726766,0.2516698794606776,0.4738298170109413,-9.448934186717947,1.8827434495790558,7082.257220704898,-25950.5299675176,-25926.469357460905,-4.204877648094919,-0.464787056153912,0.1790377057910042,-9.61925636558345,0.5682651277896615,2.1515229108894434,6985.497758334848,-26255.71931226554,-26215.61829550438,-676.3727430540821,-668.352539701853,-679.6722137882207,-671.6520104359915,-984.8615585361622,-960.8009484794675
210,22633,-1.9110662527389168,-0.2046393485312799,-9.338703755924062,4.8866457363997435,8215.49473825386,-22931.988985043667,-22915.934656449208,0.2498388378775818,0.5406832843947847,-9.415481313525737,2.1641282395802426,8216.527023869317,-22927.14530327357,-22903.063810381882,0.2629693139776091,0.5291677953215187,-9.417368630132437,2.0122796356634045,8210.150417101735,-22944.716933171156,-22920.635440279468,-2.910651942297284,-0.3386144035167493,0.2004786059959659,-9.684720499748732,0.4912645555799916,2.9532116460915274,8134.088071880179,-23151.376057939033,-23111.240236452883,4.843681770096737,12.870846067326056,-12.727948127489071,-4.700783830259752,-219.38707289536615,-195.30558000367455
211,22618,-1.6232763170271562,-0.17485438531639128,-9.283589394054427,5.7190444391231265,7108.779136316003,-26174.424483852486,-26158.371481195623,0.23491991852676444,0.4906278810787021,-9.409831665222264,2.0884899167151927,6941.461387005518,-26711.144337804057,-26687.064833818764,0.24628762163534595,0.473775570151469,-9.409164857911373,1.9236678116651036,6939.593463852985,-26717.23158211984,-26693.152078134546,-2.934506982753245,-0.3409079656916019,0.1826868663655019,-9.696904241424964,0.45049794291344863,2.9333430152366615,6841.38688437756,-27035.59965175865,-26995.467145116494,-536.7198539515703,-528.6933526231405,-542.8070982673526,-534.7805969389228,-861.1751679061636,-837.0956639208707
212,22368,-2.023101128323494,-0.2177587103557704,-9.290563509575284,4.592238805815011,7643.785906036259,-24013.379371906834,-23997.34859861677,0.2488674560670871,0.5361556854020176,-9.428752623086242,2.1543824728030585,7689.065009258093,-23879.270094828084,-23855.223934892983,0.2635949128832703,0.5346586057324705,-9.426745050810625,2.0283343099615787,7681.262485096366,-23901.979679318734,-23877.933519383634,-2.201355829310739,-0.2819480658441274,0.2002506062905555,-9.938625615904815,0.49378037955916987,3.5467524737440175,7577.162794843871,-24203.19308857896,-24163.11615535379,134.1092770787509,142.1246637237855,111.39969258810015,119.41507923313475,-189.81371667212443,-165.76755673702064
213,22355,-1.785540338537754,-0.19084437230623688,-9.356002050050504,5.239871566112298,7486.468349471118,-24451.31571091765,-24435.286100340312,0.2418023864318817,0.533805301648269,-9.428757110817672,2.2076097325807313,7397.249437412322,-24717.328407386845,-24693.283991520842,0.25413696998428864,0.5208595619116126,-9.428735253089116,2.0495229873237784,7394.715287376522,-24724.988096367793,-24700.94368050179,-2.8428119301711083,-0.33675114613819557,0.19015783236155506,-9.81813316103588,0.4869367515779353,2.9695518826523046,7303.206822218339,-24999.353725970075,-24959.279699526734,-266.01269646919536,-257.99789118053013,-273.67238545014334,-265.6575801614781,-548.0380150524252,-523.9935991864222
214,22643,-1.8947914986917518,-0.20379650588644693,-9.297468032879365,4.906855471590806,7004.510932822062,-26562.95022464386,-26546.895012579116,0.2684040676587375,0.639414600730632,-9.394091572318215,2.382283570842213,6904.281531582753,-26887.295394235858,-26863.21257613874,0.28418227957292386,0.6339598978336838,-9.396858067374438,2.230821354471554,6901.091577680292,-26897.75945441406,-26873.67663631694,-0.7156053853124981,-0.16676023358613243,0.2199783644197278,-10.24952435252328,0.5571212920224016,5.996633480868179,6793.164159045398,-27250.675695321217,-27210.537665159354,-324.34516959199755,-316.3175635596235,-334.8092297701987,-326.7816237378247,-687.7254706773565,-663.6426525802381
215,22190,-1.7844440195332762,-0.19217385634231152,-9.285571167155632,5.20362144483764,7002.330345536564,-25589.917969260066,-25573.903175228214,0.2487116286838618,0.5573428877646358,-9.411825525477475,2.240920099771757,6925.9219951172145,-25831.382585367614,-25807.360394319832,0.26124116022611527,0.5423284574288567,-9.413199170077327,2.075968645061324,6922.76851416689,-25841.488341352302,-25817.46615030452,-3.41898807805742,-0.3954130670101547,0.19271519662664074,-9.80257440899819,0.5765101649266956,2.529000894081021,6835.9491031135485,-26117.53599629649,-26077.499011216856,-241.46461610754704,-233.45721909161875,-251.57037209223563,-243.56297507630734,-527.6180270364239,-503.59583598864265
216,22664,-1.7584407899630878,-0.18877400513863377,-9.31505791102809,5.297339531815357,7332.353191482705,-25571.899332793077,-25555.842266710057,0.2557172603724842,0.5895508017978814,-9.391532358635509,2.3054791097758787,7191.723819520408,-26008.801397405634,-25984.715798281104,0.2699929166645244,0.5828318095898352,-9.39387821223669,2.1586929642084796,7189.671144633994,-26015.271120830595,-25991.185521706066,-2.5076610362971294,-0.3112541375788442,0.20309549945106467,-9.879194419850574,0.5222167835944996,3.212808696387815,7096.2716991829875,-26307.62330640931,-26267.480641201757,-436.9020646125573,-428.87353157104735,-443.37178803751885,-435.3432549960089,-735.7239736162337,-711.6383744917002
217,22442,-1.8526682121788602,-0.19775135044440104,-9.368675399765468,5.0568554791293625,7970.494165564196,-23227.682568859145,-23211.645189894694,0.24598188207620872,0.55217877397723,-9.438931118396127,2.244794491840489,7936.823461673985,-23320.687783807138,-23296.631715360465,0.2597717745562193,0.5468611926387626,-9.439158224830456,2.1051601682784518,7931.09589018748,-23336.888794416293,-23312.83272596962,-1.9812402243147318,-0.264319312455957,0.1992875948746618,-10.001946950223127,0.4889283052656986,3.783302819261941,7852.525608036256,-23556.321526526048,-23516.228079114924,-93.0052149479925,-84.98652546577068,-109.20622555714726,-101.18753607492545,-328.63895766690257,-304.58288922022984
218,22666,-1.9252413676174678,-0.2059921569755528,-9.34618771842831,4.854553759144725,7595.672790438489,-24776.44968907605,-24760.392446509464,0.2623057889581478,0.6314481318731299,-9.395777000654961,2.407297735902735,7586.001199594077,-24803.328758390682,-24779.242894540803,0.27960546327300806,0.6381172284837757,-9.396224523050462,2.2822058661304307,7579.784469002107,-24821.911168371826,-24797.825304521946,-1.096219042625926,-0.19100406013836324,0.22183195709939452,-10.132369746900734,0.5572446047244388,5.235490802004945,7489.295740337084,-25090.129797327434,-25049.98669091097,-26.879069314632943,-18.8504480313386,-45.46147929577637,-37.43285801248203,-313.6801082513848,-289.5942444015054
219,22612,-1.7678552313141092,-0.1881786350207785,-9.39455869216452,5.3140995516817355,7831.236289753115,-23972.868231084813,-23956.815759049223,0.24368263277084487,0.536786376113303,-9.451402227474665,2.2028093262521837,7721.6006063883515,-24289.66835139256,-24265.589643339175,0.25587914975718473,0.522413142407404,-9.454009576566142,2.041640137162975,7716.833537679634,-24303.6325863741,-24279.553878320716,-2.0002223476099106,-0.26099597085406046,0.19771390891422824,-9.939756511164411,0.45543241952547636,3.8314767723336387,7609.715976797039,-24615.709172717186,-24575.577992628212,-316.8001203077474,-308.77388428995255,-330.7643552892878,-322.7381192714929,-642.8409416323739,-618.7622335789893
220,22735,-1.9155955688084554,-0.20413060325465363,-9.384166500594443,4.8988244979244815,7756.292585531621,-24445.24461874756,-24429.181297015042,0.25244029092578296,0.5150089782241122,-9.438072583935876,2.0401219485819877,7692.795542487773,-24630.13117031105,-24606.036187712274,0.2668793416391413,0.5122226373519336,-9.436972214219521,1.9193041852019077,7684.755117986773,-24653.905966665137,-24629.81098406636,-2.285749994432797,-0.2931068084815717,0.21119610891294396,-9.935920578917802,0.49654471880365453,3.4117255930712105,7607.443157928019,-24879.788205398345,-24839.62990106705,-184.88655156348977,-176.8548906972319,-208.66134791757577,-200.6296870513179,-434.54358665078325,-410.448604052006
221,22448,-1.919084653145309,-0.2051631494145639,-9.353944207921577,4.874169668644271,7884.156209212721,-23484.382209752763,-23468.34429614808,0.25941750850121886,0.6105646413457237,-9.396821427909273,2.353598432400545,7834.111836594635,-23625.32415083209,-23601.26728042506,0.27460590329857903,0.6048951924237487,-9.399299656738508,2.2027756328531876,7828.853316962321,-23640.397063525692,-23616.340193118664,-2.0383308047268542,-0.28626289090803514,0.22060205088717888,-10.173411916096045,0.6218782222493868,3.4932924656352338,7735.611489482763,-23905.358137230916,-23865.263353219205,-140.94194107932708,-132.92298427698188,-156.0148537729292,-147.995896970584,-420.9759274781536,-396.9190570711253
222,22334,-1.696877566949662,-0.18206546132778392,-9.320150865378395,5.4925299543752395,7305.736600005606,-24953.135131059178,-24937.107400139168,0.245256461543707,0.5458741215130541,-9.392476930803777,2.2257277874645283,7134.729814467948,-25480.126922374067,-25456.08532599405,0.2579397161029089,0.5340961967792827,-9.392108217948076,2.07062411655209,7134.623669565255,-25480.459192544462,-25456.417596164443,-3.6997428411384203,-0.4109224612361588,0.17649860080877552,-9.50411471694965,0.5093293191285008,2.4335491347728886,7037.897686512996,-25781.31837652376,-25741.24904922373,-526.9917913148893,-518.9779258548806,-527.3240614852839,-519.3101960252752,-828.183245464581,-804.1416490845622
223,22550,-1.9768043646928875,-0.21056580145130452,-9.388059936931608,4.749109271817153,8331.526529827932,-22448.772736223622,-22432.72575553376,0.2576210108045857,0.5382305716687331,-9.436183556712294,2.0892339875065518,8332.25949354383,-22444.788993539823,-22420.71852250503,0.27189356774401663,0.53203341563857,-9.438120501541082,1.956770879329778,8324.573071299585,-22465.600733495306,-22441.530262460514,-2.4469158633972845,-0.29973061494277353,0.20707962397501242,-9.81255463012236,0.4541611559718374,3.3363291907666035,8242.637807632746,-22684.65037937318,-22644.532927648524,3.983742683798482,12.007233028729388,-16.82799727168458,-8.804506926753675,-235.87764314955712,-211.8071721147644
224,22555,-1.8722613703712838,-0.20070779665271166,-9.328294174893921,4.98236748485819,7622.4773656884445,-24464.91220254999,-24448.864778450305,0.2540451412669924,0.5884387985394834,-9.387784391066038,2.316276531032157,7581.813598967981,-24583.55886043578,-24559.487724286253,0.2677743163693148,0.5754122170735559,-9.391264291023024,2.148870081624805,7576.738264651054,-24598.6624364008,-24574.59130025127,-1.9612357564877136,-0.2593339001049092,0.21363976937497808,-9.922111861848807,0.5538128712552323,3.8560327037671,7517.16544481189,-24772.704108629245,-24732.585548380033,-118.64665788579077,-110.62294583594849,-133.7502338508093,-125.72652180096702,-307.79190607925557,-283.7207699297287
225,22508,-1.61160192056042,-0.1724022974007241,-9.34791441215244,5.800386741225641,7064.100822719722,-26079.28473695889,-26063.24148479778,0.22956504097969932,0.47207218058060113,-9.440786879110277,2.0563766092867204,6891.021621140474,-26635.62687283235,-26611.561994590687,0.23916304935107544,0.4479364915247308,-9.441875843637062,1.872933518535256,6890.045804608701,-26638.814387682298,-26614.749509440637,-3.5810077204874697,-0.3978209451804714,0.1706082612878756,-9.582749579965387,0.430527026582403,2.5136936908798257,6797.390613169592,-26939.548574765697,-26899.440444362932,-556.3421358734595,-548.3205097929058,-559.5296507234088,-551.5080246428552,-860.2638378068077,-836.1989595651503
226,22440,-1.7817556785177113,-0.19126758981910627,-9.315512786054496,5.228277310054268,7068.48333126125,-25918.668825116973,-25902.631624397698,0.2368433999174567,0.5038022424138978,-9.452618391208343,2.1271533958281297,7023.139234998451,-26061.084420591826,-26037.028619512916,0.25012727851663713,0.4989951802582989,-9.451384309641703,1.9949650562607806,7017.218389258839,-26080.01040379373,-26055.95460271482,-1.560125597748591,-0.23331310499409172,0.19667111035382542,-10.134204587987412,0.5069463683209169,4.286085858851878,6896.163761995269,-26466.502716173014,-26426.40971437483,-142.41559547485303,-134.39699511521758,-161.34157867675822,-153.32297831712276,-547.8338910560415,-523.7780899771315
227,22582,-1.782074170463286,-0.1894022930342357,-9.408936618001581,5.27976712414587,7513.549383211123,-24846.25246082656,-24830.20264401108,0.2397326823991405,0.5077099056460147,-9.441798362797503,2.1178168139824516,7438.81121508,-25070.002951184193,-25045.92822596097,0.25269726480165716,0.5002236194697317,-9.440523303967124,1.979537134532733,7433.299102299183,-25086.742275175173,-25062.66754995195,-2.3664584699326725,-0.29258754265453,0.19702474472988132,-9.863252959079936,0.4672711077497983,3.4177805074248857,7358.6045704649505,-25310.80842439487,-25270.683882356167,-223.75049035763368,-215.72558194989324,-240.48981434861344,-232.464905940873,-464.5559635683094,-440.48123834508806
228,22621,-1.827476099880206,-0.19568438361457952,-9.33889596156844,5.110269820864207,8476.413475575224,-22200.57582995663,-22184.522562041915,0.23147883385921633,0.5318384346358446,-9.434705057138844,2.297568316588741,8550.327106017541,-22002.177613980337,-21978.097712108265,0.24326190771568754,0.5202827699217295,-9.43649394385,2.1387761643709964,8543.554960671669,-22020.10130238371,-21996.02140051164,-2.223053205154417,-0.28532049192830966,0.1800769946835109,-9.987133375265119,0.4721989402440293,3.5048306318330003,8436.409751961968,-22301.586458193924,-22261.453288407134,198.3982159762927,206.42484993364997,180.4745275729183,188.50116153027557,-101.01062823729444,-76.93072636521902
229,22527,-1.7709920361230447,-0.19025699713369248,-9.308419994028283,5.256048476878387,7275.452563406725,-25456.20847068842,-25440.163530950882,0.2431631163352806,0.5221845063680313,-9.40466604424637,2.147465924264713,7163.000832827032,-25805.11189324582,-25781.044483639515,0.25594146556063835,0.5133283681989232,-9.405508236886849,2.0056475298931353,7160.983909511468,-25811.455830725125,-25787.38842111882,-3.141123452171907,-0.35703832677329567,0.18350086614532435,-9.599577804740278,0.4356496087954604,2.8008197580282688,7073.042814024903,-26085.81336130708,-26045.70101196324,-348.9034225573996,-340.88095268863253,-355.2473600367048,-347.2248901679377,-629.6048906186588,-605.5374810123576
230,22516,-2.0197532075632822,-0.21716388924917268,-9.30059419430377,4.604817142746073,8080.432352169301,-23069.96421289198,-23053.920249998813,0.2575913014748864,0.6406069271560265,-9.395985151077847,2.4869121103395715,8199.462081691232,-22738.708865578858,-22714.642921239105,0.27355963328183186,0.6411214460629128,-9.397937582940894,2.3436259157519936,8189.1771933062255,-22766.96924441711,-22742.903300077356,28.167752160808785,2.2639619517847764,0.2294609202086036,-11.440384793603249,0.5804233868697213,,8095.188764088076,-23022.883198376945,-22982.773291144025,331.2553473131229,339.2773287597083,302.9949684748717,311.0169499214571,47.08101451503535,71.14695885478795
231,22257,-1.9889486378192662,-0.2134595826170802,-9.31768259561901,4.684727608569698,8240.55355202051,-22110.31138718998,-22094.290563500264,0.27557607344056323,0.6940365505426284,-9.371548052867423,2.5184935030011575,8223.549791014664,-22154.28447608263,-22130.253240548056,0.29146643241346404,0.6867240561575119,-9.378081750208018,2.3560999819812842,8218.380210669538,-22168.280321280985,-22144.24908574641,-1.4337858523147504,-0.24247613378040192,0.22837992697927123,-10.3069735989291,0.6351315744194166,4.124117225102443,8139.553803592871,-22378.788207311904,-22338.736148087617,-43.973088892649685,-35.96267704779166,-57.968934091004485,-49.95852224614646,-268.4768201219231,-244.44558458735264
232,22416,-1.7841863533959206,-0.19077637693022592,-9.352239423481999,5.241739129817616,7359.477886026965,-24962.626948399058,-24946.591887861905,0.237818129395356,0.5036601827218494,-9.444735692330937,2.117837626603099,7308.59468363524,-25116.148736919127,-25092.096146113396,0.25046678808851974,0.4956677053593073,-9.444566758468449,1.9789757721655652,7303.17944386529,-25132.763833646124,-25108.711242840393,-2.733140169226707,-0.32971591212737905,0.1925059577826467,-9.879772813721866,0.48687503281297956,3.032913982063657,7199.7271235512535,-25448.56545888737,-25408.477807544485,-153.5217885200691,-145.50425825149068,-170.13688524706595,-162.11935497848754,-485.9385104883113,-461.8859196825797
233,22373,-1.7894523701182672,-0.19079409240570733,-9.378971579021167,5.2412524276358905,7626.044463369377,-24075.737343439887,-24059.706123132542,0.252861583867217,0.5858969044303713,-9.426738870637243,2.3170657063432705,7545.014610065198,-24312.731620407143,-24288.684789946125,0.2642208871957415,0.5583932156453904,-9.432074013081227,2.1133575833908944,7539.695265654655,-24328.510471761998,-24304.46364130098,-1.4952870942306438,-0.2226589901305168,0.20995769287330454,-10.082868216608428,0.5320457611801532,4.4911727993279165,7448.4457901785,-24596.93247938646,-24556.854428618095,-236.99427696725616,-228.9786668135821,-252.773128322111,-244.75751816843695,-521.1951359465747,-497.14830548555256
234,22714,-1.7251452406266712,-0.18469336904038888,-9.340591108332726,5.414379548089348,7275.635640065433,-25854.759933029593,-25838.69845952269,0.24730664941719582,0.6058343410382301,-9.40886820687566,2.449729283324741,7195.083834934951,-26105.639218449734,-26081.54700818938,0.26111949619449776,0.5972314851210537,-9.410430007498839,2.287196068562415,7191.618579626863,-26116.581240926043,-26092.48903066569,-0.4083964868344698,-0.12933403142521033,0.200282676696325,-10.226564557648706,0.5130894994499358,7.731917028955118,7063.370692020612,-26521.294437599103,-26481.140753831845,-250.87928542014197,-242.84854866669048,-261.8213078964509,-253.7905711429994,-666.5345045695103,-642.4422943091558
235,22554,-1.6652268488710968,-0.17788746057673813,-9.361125531120512,5.621531707506804,7487.985727066138,-24864.32459718564,-24848.277261760057,0.250727738531971,0.49831391836088185,-9.428174488423748,1.9874702387479972,7257.204143077999,-25568.38168690077,-25544.310683762396,0.26221826548871,0.4802765447918052,-9.428234329893263,1.8315907318534368,7258.227237981084,-25565.202328068553,-25541.13132493018,-3.875997763196597,-0.42541874837029625,0.18330311870090094,-9.435746590053943,0.4486588503983778,2.3506251283725095,7147.300383992092,-25908.554230878253,-25868.435892314294,-704.0570897151301,-696.0334220023396,-700.8777308829121,-692.8540631701217,-1044.229633692612,-1020.1586305542369
236,22697,-1.9288196005649088,-0.20732640770129104,-9.303299188706765,4.823312240285215,7451.897098070455,-25275.10407620757,-25259.04410013528,0.2631784017454054,0.6022067105708994,-9.394141543938595,2.2882071878887102,7434.621266898644,-25325.783917997287,-25301.69395388885,0.28019922090972366,0.6078907479367995,-9.39462190411904,2.1694947829018183,7427.432996796817,-25347.739453393482,-25323.649489285046,-1.515635689551194,-0.22603785195342846,0.22208428254748228,-10.048897452289202,0.5573022679017684,4.4240377943692115,7353.735777168582,-25570.070629272446,-25529.92068909172,-50.67984178971528,-42.649853753569914,-72.63537718591033,-64.60538914976496,-294.96655306487446,-270.87658895643835
237,22530,-1.5941854012019483,-0.16946721396004805,-9.407043191125913,5.900846403456838,7359.1322217292745,-25204.946171497213,-25188.90096543036,0.23449962591446952,0.4852637859684524,-9.440145978292104,2.0693584651834183,7160.795555965509,-25818.486840755726,-25794.41903165545,0.24646220851984638,0.47588056797219663,-9.438072076415319,1.9308459939158433,7159.0671882668485,-25823.925457750236,-25799.85764864996,-3.5839468698418586,-0.405555896396251,0.1834853839655751,-9.710138950774791,0.5117008236708702,2.4657513523683146,7071.176579549714,-26098.23419602992,-26058.12118086279,-613.5406692585129,-605.5180662250896,-618.979286253023,-610.9566832195997,-893.2880245327069,-869.2202154324295
238,22871,-1.7983544405366245,-0.19268441955033902,-9.333159602283269,5.18983321191026,7840.7601186605225,-24480.181945517208,-24464.106695494276,0.24395073339906645,0.560322879646756,-9.396836854813518,2.29686901055613,7791.441101032467,-24622.496745318575,-24598.38387028418,0.25710372133240694,0.5501811304244214,-9.397949450400333,2.1399189695628618,7786.388795613739,-24637.332095563106,-24613.21922052871,-2.491970933674302,-0.30765647688954834,0.20081712544337996,-9.867801008379114,0.5341368967316866,3.250378506931319,7719.366062999387,-24831.050488277753,-24790.862363220425,-142.31479980136646,-134.27717478990235,-157.15015004589804,-149.11252503443393,-350.8685427605451,-326.7556677261491
239,22650,-1.8315693732256657,-0.19633301490770957,-9.328891394484177,5.093386868581786,7558.074555285261,-24855.357616581827,-24839.301786320004,0.24349601906354493,0.4818623846754384,-9.42852249590566,1.978933316974218,7468.768938681615,-25122.581959303392,-25098.498213910658,0.2552276929805594,0.46757423966656764,-9.427311591043539,1.8319886615994392,7464.865477311098,-25134.42280120335,-25110.339055810615,-3.472893799996386,-0.3908711883354469,0.18681904414655698,-9.611436668995104,0.4394318324427357,2.558387596329553,7374.3211851588,-25406.833323662257,-25366.6937480077,-267.22434272156534,-259.1964275906539,-279.06518462152235,-271.0372694906109,-551.4757070804299,-527.3919616876956
240,22486,-1.8476671142563215,-0.19767523256886008,-9.346983384034656,5.058802698773356,7194.047915126997,-25621.92002763514,-25605.878731290522,0.2467322104714381,0.47394204445188476,-9.433838420495393,1.9208762550552703,7077.685278618087,-25986.601241658103,-25962.539297141175,0.2595979927216232,0.4633965321965067,-9.430715743323693,1.7850543732571325,7073.578097399648,-25999.6536564167,-25975.59171189977,-3.137463376889879,-0.3552030426243587,0.1958819169458352,-9.575364262414842,0.405358538011827,2.815291199680234,7005.6931708464,-26212.49332924204,-26172.39008838049,-364.6812140229631,-356.66056585065235,-377.7336287815597,-369.7129806092489,-590.5733016068989,-566.5113570899666
241,22514,-1.8606603463336153,-0.20056095642614574,-9.277280979754313,4.986015313345589,7306.215188278748,-25333.52478538406,-25317.48100015023,0.26638289983689206,0.651054131779505,-9.357019133556486,2.4440537743907345,7216.28654222254,-25610.358205987737,-25586.292528136993,0.28300252275000076,0.6527724983921681,-9.357883083759928,2.3065960403781114,7214.599146698784,-25615.623305277404,-25591.55762742666,-6.753190589470967,-0.763232120363151,0.16841852495305926,-10.527475398238575,1.1041379434563443,1.3102173943153665,7142.628765328061,-25837.34302618131,-25797.233563096735,-276.83342060367795,-268.8115279867634,-282.0985198933449,-274.0766272764304,-503.818240797249,-479.75256294650535
242,22550,-1.7657027335802797,-0.18927074897084956,-9.328978424723324,5.283436587203522,7361.564539072862,-25239.881236610687,-25223.834255920825,0.2453855778962334,0.5376769447010644,-9.408108360150827,2.1911513680255195,7253.312889598406,-25571.940738717953,-25547.87026768316,0.2583131311222881,0.5267205376793541,-9.408701383242056,2.039077670542421,7251.2034519749295,-25578.4997742107,-25554.429303175908,-3.4420793586196283,-0.39387451427225556,0.19284960399579962,-9.711849066790561,0.5637616685148441,2.5388796780813694,7175.779095949438,-25810.285007693106,-25770.16755596845,-332.05950210726587,-324.03601176233497,-338.61853760001395,-330.59504725508305,-570.4037710824196,-546.3333000476268
243,22468,-1.805279493063835,-0.19499485068285397,-9.258088030232146,5.1283405510355395,7362.106320889944,-25064.581082366694,-25048.54138765939,0.2446978549346578,0.5520292699425898,-9.393991387221678,2.2559628489183097,7309.162824191888,-25224.740147899018,-25200.68060583806,0.2587037976892395,0.5483350053703091,-9.392718343072659,2.11954756856326,7304.783354751165,-25238.206452090217,-25214.14691002926,-2.545472737639487,-0.30618556688327164,0.1900233960880559,-9.759513848648586,0.4618828790561692,3.26599326734834,7212.360004482795,-25520.295228530384,-25480.19599176212,-160.15906553232344,-152.1392181786723,-173.62536972352245,-165.60552236987132,-455.7141461636893,-431.65460410273226
244,22376,-1.7801899198098032,-0.19164684038831026,-9.28890826586457,5.217931054714097,7275.34434859004,-25135.387014969983,-25119.35552650022,0.25065196262003864,0.5443216982189026,-9.409297243291968,2.171623523427326,7207.036372532737,-25344.46703505284,-25320.419802348195,0.26368747898944284,0.5329317002648655,-9.410737727094663,2.0210732125289965,7202.065525912465,-25359.905564000943,-25335.8583312963,-2.823427642540499,-0.33240246309725596,0.19996156866639747,-9.721043926661707,0.48426729074362856,3.008401293667355,7126.324208759602,-25592.471365183403,-25552.392644008993,-209.0800200828562,-201.06427584797348,-224.51854903095955,-216.50280479607682,-457.0843502134194,-433.0371175087712
245,22470,-1.924742315395998,-0.20586223139719198,-9.349662161595766,4.857617607722289,7946.861043829636,-23351.40951477977,-23335.369642049413,0.25366208397886875,0.6213033837227201,-9.413347354606172,2.449334855162972,7919.351140987008,-23427.329579016787,-23403.269769921248,0.26979130509695354,0.6261720233446306,-9.413678768515467,2.320949606287743,7913.236154161038,-23444.686661374883,-23420.626852279343,11.527457613875862,0.8757996072264927,0.21646685456014386,-10.96661153663297,0.5418551328008738,,7785.841271642153,-23805.373804228762,-23765.274122402865,-75.92006423701605,-67.90012787183514,-93.27714659511184,-85.25721022993093,-453.9642894489916,-429.9044803534525
246,22362,-1.8358517483770975,-0.1961987832366724,-9.357100579785605,5.096871568228388,7472.2495570321535,-24508.486239234495,-24492.45600249708,0.247384730614459,0.5099372041046312,-9.426069322738503,2.061312364906432,7367.110277245321,-24823.368361350193,-24799.32300624407,0.26010630796077816,0.4968334991721873,-9.424844348569392,1.9101170712365252,7361.748187049469,-24839.6502838831,-24815.60492877698,-3.2409755717193542,-0.3667160720037585,0.19243655848004096,-9.596994342539238,0.4583198108282049,2.7269052990667695,7276.945393233288,-25094.74188642072,-25054.666294577186,-314.8821221156977,-306.8670037469892,-331.16404464860534,-323.14892627989684,-586.2556471862263,-562.2102920801044
247,22601,-1.9624194952343745,-0.2100896643476641,-9.340866440658836,4.759872424495682,7830.943345276222,-23951.05239876196,-23935.000899897823,0.25599293992565564,0.5541452541150204,-9.420851605632567,2.1646895975957494,7793.924700877649,-24056.14577644959,-24032.068528153384,0.2714600767063628,0.5546987293568443,-9.421078282851386,2.043389717143783,7787.079372867298,-24076.00473644776,-24051.927488151556,-2.2253060624934005,-0.28590793361378586,0.2092786771013384,-9.9151308520151,0.49204708973093525,3.4976294199335998,7710.473018153746,-24295.44573941432,-24255.316992253975,-105.09337768762998,-97.06762825556143,-124.95233768580147,-116.92658825373292,-344.3933406523611,-320.3160923561518
248,22691,-1.843322236444092,-0.1987937861609641,-9.272534479279683,5.030338318473879,7769.768943110473,-24314.578759449603,-24298.519312151442,0.2556931975570673,0.6426712448979364,-9.371301984353261,2.5134467832469447,7730.461817577303,-24427.663484467186,-24403.57431351994,0.26942745412424274,0.6286901606595776,-9.375591013981438,2.3334302092676342,7727.143205677351,-24437.4066010322,-24413.317430084953,0.21454942205632332,-0.08533204783750709,0.207601348247884,-10.35458593507893,0.5543806113773829,11.71892653864633,7623.211876379837,-24740.675301637657,-24700.52668339225,-113.08472501758297,-105.05500136849878,-122.82784158259528,-114.7981179335111,-426.0965421880537,-402.0073712408084
249,22878,-1.9381077161559823,-0.20746431035744367,-9.341884938266176,4.820106158389766,7961.083185096495,-24146.26115935344,-24130.185297295266,0.25646334497619877,0.6090497169448627,-9.38319505135369,2.3748022041956363,7925.929376950855,-24245.50739834392,-24221.393605256664,0.27149822793002115,0.6036498658796642,-9.384850935853708,2.2234026000171734,7920.528746378955,-24261.10149893675,-24236.987705849493,-0.8345776073415224,-0.16988097963222676,0.21466166399845074,-10.174437161906555,0.5479484158299134,5.886474178362332,7836.029308626918,-24502.48461662374,-24462.294961478314,-99.2462389904831,-91.20830796139853,-114.84033958331202,-106.80240855422744,-356.2234572703019,-332.10966418304815
250,22577,-1.711048248634754,-0.18231972148006606,-9.384877481955959,5.484870160408484,7393.243846366284,-25200.17485169661,-25184.125477760736,0.24214541122530775,0.4788692746978072,-9.454429754060705,1.9776103634366884,7179.762428676204,-25859.68760871916,-25835.613547815345,0.25310769947937267,0.4616881121581113,-9.454381458024793,1.8240777072676018,7179.755689994349,-25859.708798736683,-25835.63473783287,-3.579046268561035,-0.3979815220455844,0.186289854866549,-9.566355431393106,0.4076214710108209,2.512679470293249,7098.026563394757,-26114.182924837398,-26074.059489997708,-659.5127570225486,-651.4880700546091,-659.5339470400722,-651.5092600721327,-914.008073140787,-889.9340122369722
251,22783,-1.7220991891528281,-0.18495533395245572,-9.310892269781784,5.406710791358189,7697.74086744373,-24717.554250265133,-24701.486710419536,0.24599697061001244,0.518765537865423,-9.420748954175618,2.108828968824336,7566.787534195786,-25106.47140271444,-25082.370092946043,0.2576325315852695,0.4999417603576138,-9.422297743287812,1.9405226400616506,7562.400937602799,-25119.68292865516,-25095.58161888676,-2.7191963225608498,-0.3296243654959269,0.19429280690643297,-9.855378430171971,0.4838332210803152,3.03375631378305,7456.107385810159,-25438.181857909363,-25398.01300829537,-388.91715244930674,-380.88338252650647,-402.128678390025,-394.09490846722474,-720.62760764423,-696.5262978758328
252,22462,-1.902253282475628,-0.20349919676061184,-9.347718874356842,4.914024310259855,7376.42710804441,-25008.236711426784,-24992.19755088374,0.2576502716590609,0.5999126571553783,-9.397018673612092,2.3283990864532083,7373.390868064211,-25015.484286347233,-24991.425545532664,0.2725543934212245,0.5954197134226725,-9.398309204664887,2.1845904076199187,7367.6696229898225,-25032.920021502323,-25008.861280687754,-2.7515861264257357,-0.3370313919847098,0.21229989068074864,-9.90999109921608,0.5863860069054125,2.9670826628676985,7308.221928402426,-25210.89484934658,-25170.796947988965,-7.247574920449551,0.7720053510747675,-24.68331007553934,-16.66372980401502,-202.658137919796,-178.59939710522667
253,22550,-1.8065041632802132,-0.1938059953021872,-9.321198554582722,5.159799099304306,7851.940532332875,-23785.67188863962,-23769.624907949757,0.25479607838756846,0.6276549622574361,-9.388763788307964,2.4633619411626686,7809.4781273219005,-23905.95066811423,-23881.880197079437,0.2693454360984252,0.6222992120526043,-9.392267765462183,2.310413055691062,7805.884659804316,-23916.329254261298,-23892.258783226505,-2.1280570405229,-0.27808340251566943,0.20363175442386747,-9.97467349771098,0.5483646458997519,3.5960434565800887,7723.2829866173715,-24152.224313673156,-24112.1068619485,-120.27877947461093,-112.25528912968002,-130.65736562167876,-122.63387527674786,-366.55242503353657,-342.48195399874385
254,22351,-2.0235947995012253,-0.21635188126178664,-9.353257238621685,4.622099859580126,8204.006710550255,-22397.254091602987,-22381.224838919446,0.24488861918916438,0.522229214603792,-9.437730062471903,2.1325172902395915,8331.298802874613,-22051.122347836044,-22027.078468810734,0.25791826541683627,0.5122001239651403,-9.437466216702498,1.9859009331399804,8321.24394132012,-22078.11356970145,-22054.06969067614,-2.3280138157804973,-0.29403849273064886,0.20553354909086166,-9.929977407566776,0.5136665441543173,3.4009152703555734,8271.597300998163,-22207.86466789961,-22167.791536190758,346.13174376694224,354.1463701087123,319.140521901536,327.15514824330603,189.38942370337827,213.43330272868843
255,22646,-1.8509716813247403,-0.19904796702657748,-9.299123768883272,5.023914662069756,7693.6555333604465,-24444.331807688002,-24428.276330658253,0.23746284081783092,0.5074053350274987,-9.421228441632909,2.1367778355551366,7729.152141098107,-24338.089102313425,-24314.005886768802,0.2507553236290168,0.5031271518608407,-9.419816058292964,2.0064465415107144,7720.021920640012,-24364.855969686305,-24340.772754141683,-2.539033104876866,-0.31402827092867325,0.1904426442816836,-9.916486601388002,0.5022020093884495,3.1844266665631986,7632.678303870544,-24618.531148233524,-24578.392455659156,106.24270537457778,114.27044388945069,79.47583800169741,87.50357651657032,-174.1993405455214,-150.11612500090268
256,22730,-1.8646407193547674,-0.20111768537698993,-9.271391105459205,4.972213150352868,7645.227645261539,-24762.69941810806,-24746.636536274367,0.2656448933354955,0.6697896949129521,-9.382440187751515,2.521372372353656,7587.075586976123,-24934.251990731766,-24910.157667981224,0.28100583822822967,0.6622204851358313,-9.3864807487126,2.35660756840925,7582.072985841311,-24949.244147657486,-24925.149824906945,70.76713744003801,5.8351238495560125,0.2334368063269571,-11.924081202698043,0.583498043718911,,7439.435965326917,-25376.923406308935,-25336.766201724702,-171.5525726237065,-163.52113170685698,-186.54472954942685,-178.51328863257731,-614.2239882008762,-590.1296654503349
257,22562,-2.021635686734198,-0.21617499627431402,-9.351847908297659,4.625881888444932,8028.0729119110465,-23309.82364584532,-23293.775601136993,0.24611976386258136,0.5380140015830686,-9.425464337012246,2.1859845513400686,8153.629408364242,-22957.692062862297,-22933.619995799803,0.2609082839788996,0.5365818594894775,-9.424449701115176,2.056591884728629,8139.7265197829165,-22996.195738800427,-22972.123671737932,-1.1022145070744476,-0.19083592906100763,0.21477327753955433,-10.152758760659307,0.5525400549629175,5.240103396254663,8075.207390160724,-23171.74482521637,-23131.624713445544,352.1315829830237,360.1556053371896,313.6279070448945,321.65192939906046,138.07882062895078,162.1508876914486
258,22635,-1.7864065417479964,-0.1904112937443793,-9.381830807505498,5.251789325807881,8250.748186696801,-22839.094767400627,-22823.04026208089,0.23514351427324523,0.4586490804333529,-9.439724257256113,1.950507041841631,8205.58827645179,-22961.32620088763,-22937.24444290802,0.24653178704078452,0.44512775111653824,-9.43866104146656,1.8055592605707247,8198.818187719979,-22980.00910385999,-22955.92734588038,-3.194233954443977,-0.35756260494297476,0.18147503298070944,-9.544713086672031,0.3618422864960552,2.7967130403904603,8132.803261457546,-23158.998404567898,-23118.862141268546,-122.2314334870025,-114.2041808271315,-140.91433645936195,-132.88708379949094,-319.90363716727006,-295.82187918765703
259,22722,-1.7408090458227403,-0.186182551005484,-9.350011783711487,5.371072609111178,7507.609631419125,-25158.71758710548,-25142.655409311217,0.24132657617494718,0.41404001288506903,-9.430852458804104,1.7156834504000713,7282.276548041336,-25849.138674524984,-25825.045407833593,0.2514511424695609,0.3957372689612913,-9.42998267768876,1.5738137638773972,7281.251796337859,-25852.336307364258,-25828.243040672867,-4.257316267527179,-0.4543925940140569,0.17798582495466816,-9.145038004226329,0.22653832811907462,2.200740093860474,7200.00754424849,-26103.293589901838,-26063.13814541619,-690.421087419505,-682.3899985223761,-693.6187202587789,-685.58763136165,-944.5760027963588,-920.482736104972
260,22354,-2.084906133958188,-0.223200819886719,-9.340942990336412,4.480270280850803,8530.17851521066,-21531.731533867565,-21515.702012757672,0.25531929822932425,0.5506502118365406,-9.425197918742786,2.156712068595591,8697.676762990703,-21095.043204361118,-21070.998922696283,0.26982180312963655,0.5438987961732901,-9.424598340290542,2.015770370906507,8684.764006764206,-21128.25508865372,-21104.210806988885,-1.5675680235542666,-0.2488142019169047,0.22450284671685722,-10.25031814196931,0.5940333053994906,4.019063189704763,8607.586921257953,-21323.791638844923,-21283.717836070195,436.6883295064472,444.70309006138996,403.4764452138443,411.49120576878704,207.9398950226423,231.98417668747788
261,22506,-1.942602254278863,-0.20832216241397042,-9.32499083039755,4.800257391783576,7650.02622443451,-24281.613887639873,-24265.57081320125,0.26699971083352503,0.6751462057215264,-9.391917074342592,2.5286402131816605,7676.793076484006,-24201.00457244649,-24176.93996078856,0.28362209393326465,0.6745062965167951,-9.396552190071878,2.3781867172714133,7670.337918255753,-24219.93707516666,-24195.87246350873,0.024275055507629296,-0.11355307539442386,0.22795103266059993,-10.433742844297068,0.6037410812515562,8.806454572247596,7582.52406948209,-24475.083236462415,-24434.975550365863,80.60931519338192,88.63085241269073,61.67681247321161,69.69834969252042,-193.4693488225421,-169.40473716461202
262,22320,-1.6731816805322723,-0.17789993735588386,-9.405184202988892,5.6211374487419175,7164.1653085141215,-25360.260036373395,-25344.233559540404,0.23986928534190705,0.449161558329401,-9.479122726093362,1.8725263540480852,6955.064668111931,-26019.410474843397,-25995.370759593912,0.24990195079711905,0.42665501310171894,-9.482252194835462,1.7072896459623699,6953.268660259579,-26025.174917575805,-26001.13520232632,-3.334246275983944,-0.3714098812109355,0.1886346129924115,-9.569309476120479,0.350842737515777,2.692443175554794,6866.436296356632,-26301.661928507652,-26261.595736425177,-659.150438470002,-651.1372000535084,-664.9148812024105,-656.9016427859169,-941.4018921342577,-917.3621768847734
263,22453,-2.103550983313594,-0.22656397578424523,-9.284578344956243,4.413764353042121,7825.156200737152,-23663.27031000383,-23647.231950974765,0.2819235975689316,0.723345988549758,-9.377428460671188,2.5657518376867925,7915.60571349086,-23403.228764928648,-23379.171226385053,0.2986447352457223,0.7153031253626029,-9.3846667432924,2.3951640224765978,7909.309997173041,-23421.09397552771,-23397.036436984115,6.441565543953068,0.4445616843120889,0.23989389949969897,-10.759774734148207,0.5768062439006444,,7803.868187678533,-23718.436002873717,-23678.340105301057,260.0415450751825,268.06072458971175,242.17633447612025,250.1955139906495,-55.1656928698867,-31.108154326291697
264,22533,-1.7567875139805307,-0.18803139103552383,-9.343054392703129,5.318260927033588,7709.999037199039,-24161.80514383363,-24145.759671472922,0.2527395241090495,0.5779423105074737,-9.402415459772131,2.2867112397430525,7622.215550154249,-24417.830090758787,-24393.761882217725,0.26776782680135064,0.5778183049955458,-9.40324306744925,2.1579078857155336,7617.400731653087,-24432.06828506635,-24408.000076525288,-2.406413338581211,-0.294406699157332,0.20407121323930585,-9.794229289499313,0.5004286553671708,3.3966618384101257,7552.544674556205,-24620.740097581333,-24580.626416679563,-256.02494692515756,-248.00221074480214,-270.26314123272095,-262.24040505236553,-458.9349537477028,-434.8667452066402
265,22387,-1.7814955370877235,-0.19006667598324636,-9.3730030678537,5.261311562517914,7835.473976891786,-23498.299395851605,-23482.26692442715,0.23603505614047418,0.47218884222386126,-9.446807198152925,2.000503018258619,7758.025550357419,-23718.680802784816,-23694.632095648132,0.24724373187607104,0.4578129502834123,-9.446251781915688,1.8516665591865737,7754.681323776861,-23728.333173866948,-23704.284466730263,-3.1613549977818463,-0.35510434774913724,0.18284818144387835,-9.574015586988361,0.3758672551195287,2.8160736593021047,7687.114707564952,-23920.246069940786,-23880.164891379645,-220.3814069332111,-212.36517122098303,-230.03377801534225,-222.01754230311417,-421.9466740891803,-397.89796695249606
266,22692,-1.752234115024524,-0.18743538293583428,-9.348470323900239,5.335171963461857,7875.651938924082,-24009.502029070016,-23993.442493633123,0.23897182404859563,0.5217886630040929,-9.420949575025825,2.1834735751022496,7828.166375063391,-24144.735621279407,-24120.64631812407,0.25112317527083383,0.509785861312087,-9.421636455381142,2.0300231580071735,7824.179497247458,-24156.29557965162,-24132.206276496283,-2.8636194026630095,-0.3359308314443726,0.1883428251816791,-9.748230917074899,0.4693400076050749,2.9768032773305952,7749.560859994762,-24369.74611304554,-24329.59727445331,-135.23359220939165,-127.20382449094541,-146.7935505816058,-138.76378286315958,-360.2440839755254,-336.1547808201867
267,22420,-1.9845487576951477,-0.21153130033760764,-9.381820820501614,4.727432764815338,8242.123849357768,-22431.589931419254,-22415.554514026,0.26246764704483183,0.5570356354038545,-9.41876515569996,2.1223020881834924,8215.184169988026,-22502.990532567248,-22478.93740647737,0.2767869103329069,0.5482708141339966,-9.420045378932528,1.9808408333853684,8207.381832926878,-22524.293952512882,-22500.240826423003,-2.636275222231126,-0.31842594964729093,0.21841835819616762,-9.77967331760717,0.511477983822873,3.1404475706444916,8160.496380048706,-22648.73756810011,-22608.649024616978,-71.40060114799417,-63.382892451369116,-92.7040210936284,-84.68631239700335,-217.14763668085652,-193.09451059097773
268,22422,-2.107017731447105,-0.22581173541966418,-9.330860185504873,4.428467803684033,8214.416556675273,-22511.09373299689,-22495.058137199463,0.2684195519629092,0.5940222616106035,-9.417736170215568,2.2130364843641748,8360.495509788403,-22113.86182093841,-22089.80842724227,0.2857197793279319,0.5992938664039451,-9.417288611428287,2.0974882026494632,8346.940069702796,-22150.245638532142,-22126.192244836002,-1.3466205134700038,-0.2387410386390949,0.23766157546755842,-10.353790746728956,0.6340457977772385,4.188638893842215,8260.65960291025,-22379.223078975432,-22339.134089481864,397.2319120584798,405.24970995719195,360.848094464749,368.86589236346117,131.8706540214589,155.92404771759902
269,22543,-1.5099638126548045,-0.16061778810587218,-9.400975013175394,6.225960472951128,7360.845206326409,-25227.24897423866,-25211.202614487753,0.23237594286910807,0.4991053209347336,-9.443586391668566,2.147835592498781,7113.886190721205,-25994.55338720155,-25970.48384757519,0.24256662675097126,0.4785151693065684,-9.447926704807436,1.9727164273007411,7114.751518736913,-25991.81143960538,-25967.741899979017,-3.386712160661267,-0.3780551976425702,0.17331936970022696,-9.59307113648174,0.4041731535056475,2.6451163910341036,7016.130238614922,-26302.477665452738,-26262.361766075468,-767.3044129628906,-759.2812330874367,-764.5624653667182,-756.5392854912643,-1075.2286912140771,-1051.1591515877153
270,22673,-1.6154934900331808,-0.17314396835946577,-9.330348064330142,5.775540490812195,7140.830212403654,-26191.154040234283,-26175.09618009783,0.23376123684100425,0.5094161097786866,-9.4299696302689,2.1792154963877635,7006.44400458066,-26619.912657431298,-26595.825867226617,0.2448844942106488,0.4926588949056182,-9.431346509167057,2.011801100325424,7004.692611510571,-26625.580910674842,-26601.49412047016,-3.134806217031638,-0.36271116345265736,0.17977718801450898,-9.7667771609895,0.4729973652436398,2.7570146738274417,6881.841273284952,-27022.758207403098,-26982.613557061966,-428.75861719701425,-420.7296871287872,-434.42687044055856,-426.3979403723315,-831.6041671688145,-807.5173769641369
271,22637,-1.7045960733077616,-0.18337195745268056,-9.29583834402616,5.453396549240915,7522.05791723282,-24936.223658499188,-24920.16897646978,0.2425562607825735,0.5281955909218413,-9.414360210944343,2.177620933047421,7400.716170636295,-25302.368836077087,-25278.286813032977,0.25442293518461045,0.5144102027548828,-9.41584670977606,2.021870404024796,7400.364189303835,-25303.44548740667,-25279.36346436256,-3.713716888091223,-0.4167887993194492,0.18054714362041732,-9.637815123084655,0.5098809063705454,2.399296722063653,7302.893493446979,-25599.579853838895,-25559.44314876538,-366.1451775778987,-358.11783656319676,-367.2218289074808,-359.19448789277885,-663.3561953397075,-639.274172295598
272,22577,-1.703749305636811,-0.18256251370803464,-9.332415899802701,5.477575761249993,7250.552326442441,-25640.17666183516,-25624.127287899286,0.2480337367008793,0.562202060289062,-9.407951640211765,2.2666354495439447,7111.701773213131,-26074.72744137229,-26050.653380468477,0.25996030337020015,0.5437383094610563,-9.411874759514179,2.0916205374892876,7110.884639252795,-26077.32168589404,-26053.247624990225,-3.0980573977105013,-0.36507334477811715,0.19531735182154794,-9.820478822005262,0.5376515612549146,2.7391756048576377,7012.137126566247,-26389.041503110704,-26348.918068271014,-434.55077953713044,-426.52609256919095,-437.14502405887833,-429.12033709093885,-748.8648412755429,-724.790780371728
273,22793,-1.7821268933422534,-0.19061857336647095,-9.349177584684004,5.24607850294559,7724.788237678113,-24658.460468022487,-24642.39205052197,0.2427884948689057,0.5295267078385052,-9.426399642826885,2.1810205962371674,7641.379041247004,-24903.908572950502,-24879.805946699726,0.25472079606973064,0.5140418844435787,-9.428848658331846,2.0180601363339727,7637.0206520229185,-24916.912653256506,-24892.81002700573,-2.476512077352294,-0.3060200500271523,0.19511814261370503,-9.879944262279759,0.47785594833871947,3.267759742903358,7546.360510895327,-25185.1104111921,-25144.939367440806,-245.4481049280148,-237.41389617775712,-258.45218523401854,-250.41797648376087,-526.6499431696138,-502.54731691883717
274,22683,-1.7667524290195253,-0.19053313826415721,-9.272677945240584,5.248430845733455,7549.813846930357,-24949.405851680352,-24933.3471096319,0.25881944684075375,0.6010898478810106,-9.389120623168306,2.322429227085277,7433.436495719638,-25299.77806520623,-25275.68995213355,0.27239726528413294,0.5884341492469594,-9.392349831672567,2.160205788531591,7431.918299136102,-25304.4112883885,-25280.32317531582,-2.637813611004936,-0.3204384791338781,0.20297396813915192,-9.825046346495439,0.5264071637224089,3.1207238366095336,7313.893919421949,-25663.52511841728,-25623.37826329615,-350.37221352587585,-342.34284250165,-355.0054367081466,-346.97606568392075,-714.1192667369287,-690.0311536642475
275,22604,-1.8395293321990984,-0.1971147707025443,-9.332275433458191,5.073186532068915,7506.451685437972,-24913.835997987248,-24897.78423366575,0.25778653130181284,0.6310309609574662,-9.38929405066661,2.447881810468461,7470.012683772199,-25021.831094118836,-24997.753447636587,0.27356749321222434,0.6310957075177053,-9.39055078035967,2.3069104450510234,7465.05375385412,-25036.841627410482,-25012.763980928234,-1.7736750556587884,-0.2495592272122549,0.21570274982728194,-10.05648640296427,0.5765567265416703,4.007064820526475,7391.387837840314,-25257.008094515917,-25216.87868371217,-107.99509613158807,-99.96921397083861,-123.0056294232345,-114.97974726248503,-343.1720965286695,-319.0944500464211
276,22431,-1.9212343901892803,-0.2054275640549527,-9.3523690407746,4.867895915528142,7763.862454500802,-23794.48306542985,-23778.446667010514,0.24995865725546093,0.5322339715642492,-9.432836295616479,2.1292880086977717,7773.270783083819,-23765.317404813715,-23741.26280718471,0.26164344766145603,0.508354845728553,-9.436949402012063,1.9429297781854649,7765.410833086193,-23788.01000612813,-23763.955408499125,-2.3030744502641056,-0.28213229097293163,0.2094699373404498,-9.778900006270861,0.48907093177952454,3.5444365356106724,7715.941701339038,-23927.362580585133,-23887.271584536793,29.16566061613412,37.183859825803665,6.473059301719331,14.491258511388878,-132.87951515528403,-108.82491752627902
277,22463,-1.7499965818848806,-0.1878873304018926,-9.31407444100474,5.322338647640538,7478.609437939751,-24701.315973499637,-24685.276723919305,0.24515677874700256,0.5002434103026308,-9.416242497861084,2.0405040923582742,7351.697940928489,-25083.783062138213,-25059.72418776772,0.2572572286656021,0.48503795933644334,-9.415468182613962,1.8854201370835877,7347.400786575913,-25096.916789962102,-25072.85791559161,-3.283907161099346,-0.37068610130554225,0.18458882535159893,-9.587660530196644,0.43472684282062446,2.6977002819313656,7257.26817167509,-25370.180812773116,-25330.08268882229,-382.46708863857566,-374.44746384841346,-395.60081646246545,-387.58119167230325,-668.8648392734794,-644.8059649029856
278,22614,-1.7610903730671945,-0.18883818753051038,-9.32592287660385,5.295539070128128,7229.5540663479715,-25784.820786663382,-25768.768137738392,0.2390727160444919,0.486160308641015,-9.44034109293497,2.0335248483584367,7083.6002315768355,-26244.034906138608,-26219.955932751123,0.24993456270401623,0.46618190246969726,-9.440967858157919,1.8652158285997877,7082.6085162524105,-26247.201123830637,-26223.122150443152,-3.792343046653416,-0.43081506791780294,0.1848275666627027,-9.777718176876117,0.5359968846997878,2.321181579913529,6975.415114737731,-26588.07443276601,-26547.942810453533,-459.21411947522574,-451.18779501273093,-462.38033716725477,-454.35401270475995,-803.2536461026284,-779.1746727151403
279,22518,-1.6587224250681325,-0.17754060450282338,-9.34277783785373,5.632514335525411,7192.455224316761,-25695.39704461232,-25679.352904075593,0.250451874423322,0.5792402167586826,-9.403072099525668,2.312780521576899,7039.298260776364,-26178.076835595457,-26154.010624790368,0.2637883503699793,0.5675601550789192,-9.406876019302704,2.1515739959057383,7037.0547503710495,-26185.254741363326,-26161.188530558236,-2.6752012432516166,-0.31991503553818157,0.2014588504532031,-9.776050159623992,0.5241772615307508,3.125829951436124,6956.066456657175,-26441.91349425778,-26401.803142915964,-482.6797909831366,-474.65772071477477,-489.8576967510053,-481.8356264826434,-746.5164496454599,-722.4502388403707
280,22227,-1.7380485289457694,-0.1857267715599963,-9.35809368970977,5.3842533933077315,7216.9768275779015,-24998.521560609624,-24982.503434519454,0.24281007556179368,0.5046037042540487,-9.43668478276566,2.078182724034572,7076.949671735643,-25432.018855312937,-25407.991666177684,0.2548791172010226,0.49152082559211013,-9.437100148557933,1.9284468299709654,7074.470763030013,-25439.805876356884,-25415.77868722163,-3.631788558024874,-0.4109459169552695,0.19000911478933052,-9.706210832619208,0.5236625234789045,2.433410234147302,6986.649207908931,-25713.455891739268,-25673.410576513845,-433.49729470331295,-425.4882316582298,-441.2843157472598,-433.27525270217666,-714.9343311296434,-690.9071419943903
281,22872,-1.7733127219798903,-0.1899233889124852,-9.336989678490916,5.26528094157371,7839.989211106893,-24484.501398648717,-24468.426061180715,0.235182021473651,0.45581282534584494,-9.426488211511382,1.938127848760381,7726.150409796827,-24817.04387957975,-24792.930873377743,0.24599068575713462,0.4387626150298395,-9.424427198817785,1.7836554001196112,7723.581293859807,-24824.650590347323,-24800.537584145317,-3.624784130287339,-0.39995240945009797,0.17528775681724704,-9.484462624539491,0.38155062644513477,2.500297476329543,7611.997944720371,-25153.494803325357,-25113.306459655345,-332.5424809310316,-324.5048121970285,-340.14919169860514,-332.11152296460205,-668.9934046766393,-644.88039847463
282,22451,-1.8277844351671688,-0.19567987406839166,-9.340686894188943,5.110387589734916,7695.056126989597,-24035.567548961753,-24019.529368090538,0.25035226651540154,0.5629064810849259,-9.420812688596275,2.248457698905219,7651.781979630497,-24160.18000822306,-24136.122736916233,0.26472955063305315,0.5581059452838184,-9.420731196500684,2.1082117351433127,7645.342045677286,-24179.08329559733,-24155.026024290506,-2.34047369403814,-0.3005384018255093,0.20600801928599724,-9.993799172989796,0.5431156422332091,3.327361807761904,7554.870106500489,-24442.343972300725,-24402.248520122685,-124.61245926130505,-116.5933688256955,-143.51574663557767,-135.49665619996813,-406.77642333897165,-382.71915203214667
283,22565,-1.8014648094721188,-0.19296112059489692,-9.335895251427974,5.18239113100614,7691.346151693948,-24282.804562856058,-24266.756252231535,0.23091873926068768,0.41763360137635036,-9.432562432839669,1.808573884966856,7634.181015130407,-24449.14295343614,-24425.070487499357,0.2421573272426259,0.40849327064085605,-9.42669159808726,1.6868920519244597,7630.763785563264,-24459.24581164853,-24435.173345711744,-4.453762234864652,-0.4711176588376272,0.1721754150803792,-8.956531216706608,9.827840875067684e-05,2.122612008361704,7568.926294649614,-24638.8509606449,-24598.730184083593,-166.3383905800838,-158.31423526782237,-176.44124879247101,-168.4170934802096,-356.046397788843,-331.97393185205874
284,22490,-1.8583468298996637,-0.1984918853129534,-9.362331497681582,5.0379893284974555,7499.745562964412,-24694.555579496864,-24678.51392740696,0.2466788391277579,0.48505379209456106,-9.438142206306235,1.966337257827559,7397.2533459271,-25002.025472902777,-24977.962994767917,0.2594928840831656,0.47478142283638364,-9.436837872740968,1.829651030755123,7391.741544896364,-25018.78934520591,-24994.72686707105,-3.2785234186778114,-0.37229067790901527,0.1967189780002111,-9.630309196006726,0.4454846055690438,2.6860731663133173,7299.004571858017,-25298.73438264819,-25258.63025242342,-307.46989340591244,-299.449067360958,-324.23376570904657,-316.2129396640921,-604.1788031513242,-580.1163250164609
285,22569,-1.8426589286625366,-0.19612676394655032,-9.395244644757966,5.098743179551599,7383.291336334624,-25213.647364892488,-25197.59869976803,0.25476724963305086,0.5260325108111606,-9.433935768426513,2.06475719139262,7275.232291331806,-25544.3996702171,-25520.326672530413,0.2684540120889878,0.5170005719064378,-9.434120964150997,1.9258440873480454,7270.266615123355,-25559.809296442098,-25535.73629875541,-3.0802171003927716,-0.35661201349843946,0.20775250268732348,-9.698903811687062,0.49819299262434696,2.804168009343791,7200.465385138403,-25773.539287937896,-25733.417625126753,-330.75230532461137,-322.7279727623827,-346.16193154961,-338.13759898738135,-559.8919230454085,-535.8189253587225
286,22465,-1.7417744418124321,-0.18594551022482972,-9.36712287221361,5.377919578649056,7573.42671152994,-24422.484468016057,-24406.445040373048,0.2341458200643382,0.48329314576846416,-9.426310546903055,2.0640690730061535,7484.794392424517,-24684.944397169227,-24660.885255704714,0.24638629309820725,0.4740631576996553,-9.424458980138454,1.9240646536725083,7477.938382812456,-24705.531581212083,-24681.47243974757,-2.8125033762702847,-0.3247652010669333,0.184752660157874,-9.656431541948436,0.4300701654754011,3.079147632550393,7432.126750984222,-24839.580816862624,-24799.482247755102,-262.4599291531704,-254.44021533166597,-283.04711319602575,-275.02739937452134,-417.0963488465677,-393.0372073820545
287,22740,-1.9016104001731207,-0.20281090837530322,-9.37627278239973,4.93070125276246,7737.779231822109,-24509.96474706487,-24493.90098553026,0.24234027108964915,0.4968140212031216,-9.44942116715502,2.0500679435954527,7700.887610640149,-24616.642144016125,-24592.546501714212,0.25444020657959715,0.48364496082685526,-9.447073500393415,1.900819714495694,7697.348312897846,-24627.095761232664,-24603.00011893075,-3.477690404407424,-0.39651284864197806,0.19274461359502781,-9.738795065872788,0.49119738352633757,2.5219863704919345,7623.3263939495955,-24842.83432587908,-24802.67492204256,-106.6773969512542,-98.64551618395126,-117.13101416779318,-109.09913340049025,-332.8695788142104,-308.77393651229795
288,22265,-1.6586971000199455,-0.17753229781479138,-9.343072333521887,5.63277787934249,7151.440932660853,-25282.40666265957,-25266.38512022406,0.23797788935586395,0.44331021666409043,-9.44601872405571,1.8628210287266629,6970.699339745449,-25850.353035210017,-25826.32072155675,0.24784182785473655,0.42159554626529905,-9.444788589241703,1.7010669664379732,6969.705454375155,-25853.527815015037,-25829.49550136177,-3.9967534568812164,-0.4314967629388228,0.17279177120711728,-9.330300238529652,0.33822555682935596,2.317514488843985,6885.334524143471,-26120.698736954488,-26080.644880865708,-567.9463725504465,-559.9356013326906,-571.1211523554666,-563.1103811377106,-838.2920742949173,-814.2597606416493
289,22543,-1.7547859339243892,-0.18667006766971497,-9.400467658420862,5.357045253604086,8058.821358798827,-23185.021154254708,-23168.9747945038,0.23728804403325787,0.486317469882332,-9.437562337215434,2.049481556745314,7951.55706016321,-23485.087126779705,-23461.017587153343,0.24785232300985058,0.4647462233821374,-9.438349920892739,1.8750932722291518,7946.1448641637335,-23500.436155175186,-23476.366615548824,-2.805124993881347,-0.32898042001101635,0.19189444481458373,-9.732551764749848,0.44452583405531504,3.039694581113714,7887.245576255207,-23664.154216180363,-23624.038316803093,-300.06597252499705,-292.0427926495431,-315.41500092047863,-307.3918210450247,-479.13306192565506,-455.06352229929325
290,22508,-1.7310099167982507,-0.18485241277331446,-9.364280892135271,5.409721112086893,7466.118195760011,-24833.478739746224,-24817.435487585117,0.24763780687030723,0.526037282429112,-9.417880481337235,2.1242204051040074,7322.136030015035,-25269.779697359827,-25245.714819118166,0.2602022319616994,0.5125154592554814,-9.418229802596732,1.9696812567346516,7321.200353352758,-25272.65611975317,-25248.59124151151,-3.3672796705110133,-0.3789436617611636,0.19386969981301014,-9.565612265535409,0.48866682436731146,2.638914701336973,7245.140464278635,-25503.714678930402,-25463.606548527638,-436.3009576136028,-428.2793315330491,-439.1773800069459,-431.1557539263922,-670.2359391841783,-646.1710609425209
291,22190,-2.0186976202270044,-0.21592352288225544,-9.349132476538065,4.631269380248611,7684.63430592992,-23526.696423310754,-23510.6816292789,0.26087842968861613,0.564342983555916,-9.417912682212437,2.163241262336309,7681.117103712136,-23534.854952691458,-23510.832761643676,0.2767655667542595,0.5630120566772185,-9.417750692480299,2.034256151442125,7673.127322286655,-23557.948666835226,-23533.926475787444,-1.9872397317344674,-0.26963296621853905,0.22184139940851083,-10.019082244491102,0.5573668291361916,3.708745314137494,7594.234784917902,-23783.279834053814,-23743.24284897418,-8.15852938070384,-0.15113236477554892,-31.25224352447185,-23.24484650854356,-256.5834107430601,-232.56121969527885
292,22702,-1.9547488283236845,-0.21023918196424154,-9.297737986138841,4.7564873048739535,7753.5615071387365,-24384.775381774994,-24368.714965164363,0.2528511155851957,0.5334383679116956,-9.402607522801803,2.109693550993881,7759.728106915994,-24364.72709427445,-24340.636469358506,0.2672966663436157,0.5281551277424796,-9.401605899630182,1.9759136354642175,7749.954588804727,-24393.33869670166,-24369.248071785714,-2.0154089654550065,-0.26756733400148264,0.21172264797844578,-9.945300955017869,0.5273576029040796,3.7373769998188897,7672.750946760756,-24616.625889296887,-24576.47484777031,20.048287500543665,28.07849580585753,-8.563314926665043,-0.5331066213511804,-231.85050752189272,-207.7598826059475
293,22615,-2.0765264361074034,-0.2225108374379648,-9.33224853232747,4.494163122633505,7986.390134741934,-23535.37779328493,-23519.325055921105,0.26082760179038567,0.581153369042022,-9.406841055007272,2.228112995146374,8051.453577274913,-23349.884569179176,-23325.80546313344,0.2769288765759699,0.5851273925614562,-9.406924681832052,2.1129157774954472,8043.743420195013,-23371.5513081109,-23347.472202065164,-2.3301215852435155,-0.29906814743429333,0.21132458964214815,-9.951545513656624,0.5274971497144639,3.3437195120209338,7980.573510101451,-23545.854685822473,-23505.722842412913,185.49322410575405,193.519592787663,163.8264851740314,171.85285385594034,-10.47689253754288,13.602213508191198
294,22406,-1.9181130148713441,-0.20649179551257246,-9.289051945671893,4.842807422530809,7515.115981148898,-24472.59052625781,-24456.556358139573,0.27758246305304274,0.6874996552502772,-9.366406942875576,2.476740236716266,7486.203772147647,-24556.95729500033,-24532.906042822975,0.29655142576589005,0.6990375123866817,-9.367854208661429,2.3572218902044018,7481.745394590029,-24570.3050702229,-24546.253818045545,-2.5867100218083237,-0.3322771425667734,0.22643887549096336,-10.045041398304193,0.6530263162766958,3.0095359321896273,7402.625126981644,-24804.512713739117,-24764.427293443525,-84.36676874252225,-76.3496846834023,-97.71454396509216,-89.69745990597221,-331.92218748130836,-307.87093530395214
295,22604,-1.867496845391253,-0.2004370775355563,-9.317122701811348,4.989096889135226,7373.183578103382,-25318.748188016554,-25302.696423695055,0.2421163003875829,0.48878892256707157,-9.415431078283582,2.0188187320911974,7314.918068696311,-25496.08252469423,-25472.00487821198,0.2547323059888134,0.4792905618477012,-9.413917591652133,1.881546040998621,7308.776386045052,-25515.06905415722,-25490.99140767497,-3.366022570739574,-0.37957602226787085,0.1844079640459605,-9.586912212425153,0.43428521373327983,2.6345183608417955,7225.799170861483,-25769.162225417782,-25729.032814614035,-177.3343366776753,-169.30845451692585,-196.3208661406643,-188.29498397991483,-450.4140374012277,-426.3363909189793
296,22450,-1.7265615476931568,-0.18442018629099766,-9.362107166342438,5.422399901614319,7357.652804563861,-25040.08952428387,-25024.05143249753,0.24573676413375314,0.5416760180067032,-9.423682648797284,2.2042937690506577,7237.165652483328,-25408.76875190188,-25384.711614222368,0.2589413616800399,0.5326244693090004,-9.42459200632872,2.0569308273242815,7233.243372839699,-25420.939130776704,-25396.88199309719,-2.5948802987684383,-0.313440347187569,0.19600814486057944,-9.818655482416426,0.4806306756104346,3.190399733068123,7150.428076296808,-25675.457821012085,-25635.362591546233,-368.67922761800946,-360.66018172483746,-380.8496064928331,-372.8305605996611,-635.3682967282148,-611.3111590487024
297,22547,-1.7819758960949126,-0.18927868730927364,-9.41456178414444,5.283215000144422,7468.729879837612,-24907.663166273334,-24891.61645167656,0.2477054202269985,0.4697342271142453,-9.439136641643532,1.8963421417415027,7307.297931528523,-25398.346452026268,-25374.27638013111,0.2604564156769482,0.4619529097184398,-9.435546284109426,1.7736284534123883,7304.9419830152965,-25405.617010393587,-25381.546938498428,-3.5035644490609914,-0.3859672460118376,0.19472300971199202,-9.433823198554649,0.35544529347996023,2.590893425110301,7275.149152333641,-25493.76182376722,-25453.645037275288,-490.68328575293344,-482.6599284545482,-497.95384412025305,-489.9304868218678,-586.098657493887,-562.0285855987277
298,22757,-2.0600359389924705,-0.22070724515653353,-9.33379390210511,4.53088886724477,8200.365948048355,-23223.93356945555,-23207.86831331683,0.2564911537400956,0.580758178203007,-9.414256107380025,2.264242527410881,8320.618069757566,-22890.642665660238,-22866.54478145216,0.2723874887821255,0.5822969496628747,-9.414469849611953,2.137752186293095,8309.261182360417,-22921.72511944805,-22897.627235239972,0.15895708469747605,-0.08698943762124019,0.22424081939988655,-10.311591440571654,0.553617888731751,11.495648521767547,8213.577303531836,-23181.299973609115,-23141.13683326232,333.29090379531044,341.32353186466935,302.2084500074998,310.2410780768587,42.63359584643331,66.73148005451003
299,22472,-1.7613911103787097,-0.18952762805818754,-9.29358494286616,5.276275602905696,7255.836520768182,-25399.78492836883,-25383.744877631263,0.23883037809399338,0.5557709208468561,-9.411802302221995,2.327052886999695,7215.123021524392,-25524.233512011855,-25500.173435905504,0.25041300514153914,0.5361005029111412,-9.416088001696462,2.1408652582086343,7210.969261992551,-25537.174408956733,-25513.114332850382,-1.872465135143115,-0.25610471092326187,0.19432450007898494,-10.033089150073518,0.5168191150621262,3.9046528913700294,7120.933253308413,-25815.52573011119,-25775.425603267267,-124.4485836430249,-116.42855827424137,-137.38948058790265,-129.36945521911912,-415.7408017423586,-391.68072563600435
300,22600,-1.9506317066855856,-0.20862563155833477,-9.349913968457708,4.793274884444798,7933.309698784343,-23655.478811251076,-23639.427400880555,0.2500360927366155,0.5562109696039723,-9.412405114318945,2.224522721965093,7936.290189996866,-23644.98973746635,-23620.912621910567,0.2653158857896644,0.5602762229771576,-9.411693213704858,2.111732666551788,7931.005885523407,-23660.042747752017,-23635.965632196236,-2.9141104358297145,-0.3386518171667175,0.19489409535379043,-9.687816835711923,0.4627271929523631,2.9528853805255157,7860.944253333959,-23856.57571071945,-23816.44718479315,10.489073784727225,18.514778969987674,-4.563936500941054,3.461768684319395,-201.09689946837534,-177.019783912594
301,22735,-1.8311644620449565,-0.1962557857986234,-9.3304992491987,5.095391180090316,7567.116515998565,-25006.6257627714,-24990.56244103888,0.25863623946778375,0.611636358983622,-9.363650077249085,2.364851732465004,7441.4218266740245,-25385.440404452656,-25361.34542185388,0.2719879036973815,0.5946120885304707,-9.366383446041132,2.1861710776375056,7439.994505242748,-25389.801569024065,-25365.706586425287,-3.953373398652583,-0.4458367679553519,0.18771774420714996,-9.652057524355957,0.7119699976137406,2.2429733747310507,7392.081595047005,-25532.6864413755,-25492.528137044203,-378.81464168125603,-370.78298081499815,-383.1758062526642,-375.1441453864063,-526.0606786040989,-501.96569600532166
302,22660,-1.8492997151468187,-0.19737615242556458,-9.369418201848044,5.066468201507397,8015.593758450608,-23544.55278861571,-23528.496075546547,0.23948435366435866,0.47230970855714993,-9.451646780055801,1.9721944307856534,7962.498855034155,-23693.15085672746,-23669.065787123716,0.250952933516655,0.45688013418533113,-9.449544445336503,1.820580966251225,7957.485763930861,-23707.421806213177,-23683.33673660943,-3.3722518484192587,-0.3825536901029487,0.18815581108808688,-9.684980595488314,0.45917232495957233,2.6140121657979325,7877.891368021807,-23931.218616545433,-23891.076833872525,-148.59806811175076,-140.56971157716907,-162.86901759746615,-154.84066106288446,-386.6658279297226,-362.5807583259775
303,22511,-1.597505969862675,-0.17100304489202647,-9.341973827842427,5.84784908731545,7034.190807948024,-26181.27735021585,-26165.23383150062,0.23198349467908647,0.49251610262574164,-9.416320738440579,2.1230652780149812,6850.014438812489,-26776.53695284976,-26752.47167477692,0.24299144079994037,0.4755442172165417,-9.417558781815096,1.9570410202557984,6849.595696608575,-26777.913095040974,-26753.847816968133,-3.37560444351737,-0.38020871299894254,0.18251167495351456,-9.59328039635488,0.5001804261578385,2.6301343599213656,6773.013368271253,-27027.016292275595,-26986.907495487525,-595.2596026339124,-587.2378432762998,-596.6357448251256,-588.613985467513,-845.7389420597465,-821.673663986905
304,22423,-1.8710713763274114,-0.19981747832779564,-9.363902457311392,5.004567209879031,7522.104717270122,-24487.32524320905,-24471.2895582155,0.2700180272173563,0.6886636757114425,-9.383500472312965,2.550435920180578,7453.227078119172,-24691.591683857576,-24667.538156367256,0.2872462978760068,0.6934410313104887,-9.38595427627252,2.4140991074141556,7451.000164843144,-24698.292343468565,-24674.238815978246,-0.8958717335456035,-0.1793969468871596,0.22173290227343093,-10.2330656506854,0.5829326353617418,5.574230873778462,7377.864050824282,-24915.475079778917,-24875.38586729505,-204.26644064852735,-196.2485981517566,-210.96710025951688,-202.94925776274613,-428.14983656986806,-404.0963090795485
305,22477,-1.676787578648883,-0.180053125692803,-9.312737961071159,5.553916357476329,7299.0947336151075,-25276.831166464188,-25260.790670777897,0.24210761777311118,0.5646957834291678,-9.397773335176527,2.3324164213550977,7178.313827326012,-25649.878317460687,-25625.817573931254,0.2554161986624991,0.5566547421528235,-9.398872327920042,2.1794026575752694,7176.153025215944,-25656.645318965348,-25632.584575435914,-3.185113187927043,-0.38176452049740595,0.19136398834466703,-9.955876797113865,0.5896066778945341,2.6194157558095945,7068.193285998663,-25993.364011289923,-25953.2627720742,-373.0471509964991,-365.0269031533571,-379.8141525011597,-371.7939046580177,-716.5328448257351,-692.4721012963018
306,22703,-1.8345148023844104,-0.19661900420410208,-9.330302580924865,5.0859783572189246,7864.011331559661,-24065.726288479735,-24049.665783773078,0.24385134294590605,0.554554861336121,-9.41491761277602,2.274151352363636,7814.302319428031,-24207.68915452637,-24183.59839746639,0.25596389285896065,0.5391257928274308,-9.417920882417445,2.106257202161306,7811.059605381612,-24217.112211529085,-24193.021454469104,-2.891558826775224,-0.34385787151752417,0.1904707743338441,-9.830942520347488,0.4957533027667985,2.9081782993268965,7690.892014860044,-24565.096209612067,-24524.94494784543,-141.96286604663692,-133.9326136933123,-151.38592304935082,-143.3556706960262,-499.3699211323328,-475.2791640723517
307,22387,-1.757504188681636,-0.18776115116176276,-9.360318563276623,5.325915365412652,7311.343687550837,-25048.247601427352,-25032.215130002896,0.2556813047220139,0.5653518156544988,-9.41820511757423,2.2111582083374066,7190.104820035326,-25420.587829054835,-25396.53912191815,0.26886060295594494,0.5501685848472417,-9.421705270815794,2.046296775349386,7186.233111152835,-25432.64596921023,-25408.597262073545,-2.1704234952156347,-0.27849203694724756,0.2125633010859263,-9.906484785961748,0.5190647326325868,3.590766942429387,7087.588910565132,-25738.07716051382,-25697.99598195268,-372.3402276274828,-364.32399191525474,-384.39836778287645,-376.38213207064837,-689.8295590864691,-665.7808519497848
308,22915,-1.7952972114739376,-0.19321745238263285,-9.291589291420065,5.175515915713854,7673.2494653360045,-25066.190883163807,-25050.11178916992,0.24285570193145412,0.5637051017487335,-9.371002808297783,2.321152426175437,7651.279119664901,-25129.896110335332,-25105.777469344503,0.255193342480249,0.5476248028731113,-9.372170539186168,2.145921196653065,7646.32685659314,-25144.732564147755,-25120.613923156925,-3.2458692497054784,-0.37782583290322214,0.19005715893906844,-9.768811707940667,0.604558983241574,2.6467221479166145,7590.402331303869,-25308.9466520846,-25268.748917099885,-63.70522717152562,-55.66568017458121,-78.54168098394803,-70.50213398700362,-242.75576892079334,-218.63712792996375
309,22283,-2.0139819910983743,-0.2160263736631144,-9.322852376530234,4.629064419511412,7448.935547798819,-24412.66216509634,-24396.639006426565,0.2543779626205443,0.5300093107236789,-9.431059547342961,2.0835504194767607,7508.065838401828,-24234.476164198943,-24210.44142619428,0.27010595571106893,0.5324494178380037,-9.429036508886945,1.9712613016484624,7497.179439348433,-24266.809080879513,-24242.77434287485,-1.9654118999723122,-0.2600302577438654,0.215831448825176,-9.93154491356672,0.5091066730865815,3.8457062984763044,7417.401477986916,-24501.194494111427,-24461.13659743699,178.1860008973963,186.19758023228496,145.85308421682566,153.86466355171433,-88.53232901508818,-64.49759101042582
310,22499,-1.7857845910569474,-0.19185916311617757,-9.307788911679925,5.212156582766205,7248.808000860188,-25479.128363507316,-25463.085911221795,0.25297430310497737,0.5720706318818388,-9.40215286875689,2.2613784280075486,7150.941906079814,-25782.956337452433,-25758.892659024154,0.26629955860695725,0.5581284500804219,-9.405322988755074,2.095866974019988,7147.354493031233,-25794.246242993722,-25770.182564565443,-2.291564166855066,-0.28847163169913825,0.20286533387293706,-9.868723031844898,0.49376156538495614,3.4665453726241995,7040.300667365234,-26129.787866987448,-26089.681736273647,-303.82797394511726,-295.8067478023586,-315.1178794864063,-307.09665334364763,-650.6595034801321,-626.5958250518524
311,22548,-1.8871868977823243,-0.20351872213290673,-9.272792586373983,4.913552863932369,7507.258169249433,-24793.750640361133,-24777.70383706273,0.2593746393027145,0.626663354297754,-9.389332138967855,2.416054846312014,7486.354294220362,-24854.622864209003,-24830.552659261397,0.27677332438737756,0.6356537525884633,-9.3893224086657,2.2966582996950584,7481.686023146414,-24868.68752161992,-24844.617316672313,-1.4110519045516363,-0.21598483628419604,0.21056081981305153,-10.074621365141454,0.5405381128156136,4.629954663503253,7396.3393257438565,-25123.380244178446,-25083.263235932438,-60.87222384786946,-52.84882219866631,-74.93688125878543,-66.91347960958228,-329.6296038173132,-305.55939886970737
312,22576,-1.9284469058746352,-0.20700857068551282,-9.315782914149624,4.830717862011611,7726.218909673353,-24203.517787641864,-24187.46850229368,0.23912102535545077,0.4343515356600705,-9.434804458141228,1.8164506237559483,7694.1537208304335,-24295.40718500392,-24271.333256981645,0.24961936019213174,0.4161282857586947,-9.434138580800038,1.6670513274226857,7688.918215478273,-24310.774307238473,-24286.700379216196,-3.9363523947574945,-0.42331817233034746,0.17305075001375092,-9.298913737086956,0.23844633080202,2.362289326005177,7636.61167928819,-24460.880162554895,-24420.756949184433,-91.88939736205793,-83.86475468796561,-107.256519596609,-99.23187692251668,-257.3623749130311,-233.28844689075413
313,22565,-1.9280850113821386,-0.20691537985088046,-9.318229571777936,4.832893527395976,7499.021918118107,-24854.223006657194,-24838.17469603267,0.25354962906693934,0.5515686745629262,-9.405412661584183,2.1753874245160394,7471.166172769172,-24936.19865418121,-24912.126188244427,0.26803290893161413,0.5455435451734173,-9.406743166866283,2.035360312089913,7464.999937305845,-24954.830090134645,-24930.75762419786,-2.3571639128312403,-0.2931920207988491,0.20568208233909413,-9.836847211371868,0.5024129361433841,3.410734020916866,7389.42005586191,-25180.455311834812,-25140.334535273505,-81.9756475240174,-73.95149221175598,-100.60708347745094,-92.58292816518951,-326.2323051776184,-302.1598392408341
314,22509,-1.91171383308888,-0.2048634264601443,-9.331650193114385,4.881300763533542,8258.648864056135,-22564.74408240345,-22548.700741387023,0.2664326099121265,0.6168735936055947,-9.37854915905615,2.315308151690024,8227.55571154168,-22647.648597153082,-22623.58358562844,0.28130008225732894,0.606791848398654,-9.380525769825967,2.1570980126609784,8222.071459484854,-22662.657452106134,-22638.59244058149,-2.3297159504971368,-0.3092901296756575,0.21846869410153952,-10.061908103577275,0.5908742558173121,3.233210193447387,8144.654172852583,-22871.601536413433,-22831.493183872364,-82.90451474963265,-74.88284424141602,-97.91336970268458,-89.89169919446795,-306.8574540099835,-282.79244248534087
315,22448,-2.1810762742095755,-0.23288123416345816,-9.365616263776278,4.294034268549543,8138.980437806574,-22770.317698516978,-22754.279784912294,0.259514408382893,0.5444428144906646,-9.427006747986571,2.097929043259063,8335.268217675279,-22233.364426719665,-22209.307556312637,0.27491937090183066,0.5423794333783167,-9.425786704303848,1.972867286867144,8322.924700656804,-22266.631819179573,-22242.574948772544,-2.256187370065591,-0.2885880637402075,0.2205839389062066,-9.917891754683886,0.5281736205457441,3.4651467806382286,8289.05331411524,-22354.17370998884,-22314.07892597713,536.9532717973125,544.9722285996577,503.6858793374049,511.7048361397501,416.1439885281361,440.20085893516443
316,22741,-1.8694388476424315,-0.20001750520820577,-9.346376186906552,4.999562408095542,7899.766589225547,-24040.883646706006,-24024.819797222583,0.25623601543640334,0.5462357542115204,-9.409726552563587,2.131768062663672,7789.495066850038,-24358.557833962084,-24334.46205973695,0.2685038174328025,0.5259561224609702,-9.410756190071336,1.9588403900164266,7786.502260736477,-24367.29684479197,-24343.201070566836,-3.0092733694992257,-0.3544512707581275,0.20455583547970788,-9.766804502727119,0.5256035584232953,2.8212622791875552,7698.089581405112,-24622.989138995537,-24582.82951528698,-317.67418725607786,-309.64226251436776,-326.4131980859638,-318.3812733442537,-582.105492289531,-558.009718064397
317,22587,-1.8365499462721344,-0.1971603567032163,-9.31500620602283,5.072013546340307,7807.687173273522,-23989.396181884596,-23973.34592228756,0.24941034488756192,0.5570748618949418,-9.420940456654547,2.2335675857634527,7799.942767036388,-24009.81123384353,-23985.735844447976,0.26254879785852864,0.5462800728403762,-9.423535186318574,2.0806801527795713,7794.236120083275,-24026.342535865504,-24002.26714646995,-2.2739348040839067,-0.28852302596258944,0.20044223330891311,-9.914937169200556,0.49483301870227714,3.4659278810200136,7701.044506333631,-24294.030982139644,-24253.905333147053,-20.415051958934782,-12.389922160415153,-36.94635398090759,-28.92122418238796,-304.6348002550476,-280.55941085949235
318,22624,-2.0015934403355575,-0.21485824331710662,-9.315879202183694,4.65423148100542,7888.242949343308,-23833.503239251902,-23817.44970611451,0.2520060397142758,0.5958056715267316,-9.402510469904737,2.364251556043083,7948.247542398602,-23660.05737369084,-23635.97707398475,0.266660897055995,0.5910589250951055,-9.405275139598524,2.2165189257988267,7941.659286051747,-23678.818052622642,-23654.737752916553,-1.9247093349845195,-0.2590821907886735,0.20316347331020684,-9.987753439178675,0.5201635684760691,3.859779002778595,7857.68906253739,-23915.303948941233,-23875.17011609775,173.4458655610615,181.47263212975668,154.68518662926,162.71195319795515,-81.80070968933069,-57.72040998324155
319,22439,-1.7094434759514752,-0.1830448276905173,-9.338933514372302,5.463142622586136,7288.093507453917,-25229.968768843035,-25213.931657252306,0.23342054408696614,0.48554556905747653,-9.450206926538979,2.0801321107219057,7214.208895514507,-25456.609863955477,-25432.554196569385,0.24610998012944058,0.48004731099911263,-9.447496097548143,1.9505397982911283,7209.570686864228,-25471.04113932218,-25446.98547193609,-2.7861891312203593,-0.3285355078855424,0.1846165585810674,-9.792644663260818,0.44531961385546215,3.043811021937961,7109.189200502691,-25781.662949000816,-25741.570170024,-226.6410951124417,-218.62253931707892,-241.07237047914532,-233.05381468378255,-551.6941801577814,-527.6385127716931
320,22574,-1.9244818143767906,-0.205399196299387,-9.369471005970698,4.868568222352798,7822.434733986553,-23919.991756674768,-23903.942648513737,0.24884870463712513,0.5376032286140526,-9.436961547904563,2.1603617724190833,7843.986351856146,-23855.88356667834,-23831.809904436795,0.26347911682323943,0.535356809370823,-9.436556763855263,2.0318756788985994,7834.288297947522,-23883.810606068215,-23859.73694382667,-1.7368453622170164,-0.24111151555601015,0.20492911357070293,-9.991268739545884,0.48003279208355193,4.14745848075307,7760.221159043667,-24094.245586644553,-24054.122816241976,64.10818999642652,72.13274407694189,36.181150606553274,44.205704687068646,-174.25382996978442,-150.1801677282383
321,22818,-1.8172127226856787,-0.19461226499549958,-9.337606356555698,5.138422288148822,7681.020676988108,-24840.175860325486,-24824.105250371173,0.2570409727804047,0.6306510109587503,-9.388270937703872,2.453503829125048,7602.8111753233425,-25071.70368279747,-25047.597767866002,0.27160571660037863,0.6229374285172651,-9.393599576481725,2.2935357779446557,7600.650208781147,-25078.190223414258,-25054.08430848279,-1.5895589645645576,-0.23351098386165398,0.20520036276860126,-10.075956276358566,0.5361468488229116,4.282453799228821,7489.31200229614,-25410.912246013297,-25370.735721127516,-231.5278224719841,-223.49251749482937,-238.01436308877237,-229.97905811161763,-570.736385687811,-546.6304707563431
322,22807,-1.8809893533163482,-0.20258395524099937,-9.28498681486731,4.936225076711396,7670.353581385829,-24848.897209374816,-24832.827563804083,0.2544298404810004,0.6181320091363337,-9.404044265329558,2.4294792150470763,7677.393508250971,-24825.974317912478,-24801.86984955638,0.26966224378221104,0.6151751178764222,-9.40683925893446,2.2812801274963053,7670.436168047009,-24846.65164783433,-24822.54717947823,1.443557551972572,0.023778871706566274,0.21458970402193187,-10.427508111362274,0.5403468652530603,,7554.542857105007,-25189.874431074284,-25149.700317147453,22.922891462338157,30.957714247702825,2.2455615404869604,10.280384325851628,-340.9772216994679,-316.8727533433703
323,22528,-1.7750320706015918,-0.18873108913285583,-9.4050857161751,5.298544106297492,7568.340836390844,-24569.20701933768,-24553.161990819764,0.24627679039436307,0.521474727981579,-9.435221676951278,2.117433507016806,7431.778098142686,-24977.413149421503,-24953.34560664463,0.25846516662694863,0.5060289043677244,-9.436828496002251,1.9578224445930572,7426.250146820545,-24994.17630144654,-24970.108758669667,-3.036612817848036,-0.3504504466760981,0.1997658818949889,-9.686877272058798,0.4822264273496324,2.85347046774988,7366.960329912147,-25170.757541645406,-25130.644970350615,-408.206130083825,-400.18361582486614,-424.9692821088611,-416.94676784990224,-601.5505223077271,-577.4829795308506
324,22112,-1.905047054255121,-0.20309115415379755,-9.380256181972655,4.923897370944657,7515.994424689237,-23856.77412826164,-23840.766376808508,0.2601981105336711,0.5682795718829284,-9.43812773873371,2.1840265124038627,7449.466179325417,-24051.371117955925,-24027.359490776224,0.27602199336145317,0.5685733077806702,-9.43960095673185,2.0598840724844654,7442.382189670096,-24072.408290399857,-24048.396663220155,-1.164899470798987,-0.19671899718493854,0.22183158396677696,-10.122449190819351,0.526863838278942,5.0833931359455065,7363.515418544541,-24303.97908567456,-24263.959707041722,-194.59698969428428,-186.5931139677159,-215.6341621382162,-207.63028641164783,-447.2049574129196,-423.1933302332145
325,22369,-1.8691850244131427,-0.1997420275623978,-9.3579956468061,5.006457640406238,7777.784824890487,-23626.71228300093,-23610.681420299414,0.24846985915072792,0.5402650271225727,-9.430598259816682,2.174368468550685,7799.1292385088655,-23563.409577585677,-23539.363283533403,0.2615707613384137,0.5311418163166052,-9.433395515568964,2.0305855807386175,7792.237486805498,-23583.18482969909,-23559.138535646816,-2.3753956535380567,-0.2873429232228329,0.20012078016072482,-9.751208832807723,0.4356820014157927,3.480162270168406,7734.2935561476515,-23746.144699695942,-23706.06754294215,63.302705415251694,71.31813676601087,43.52745330183825,51.54288465259742,-119.43241669501367,-95.38612264273615
326,22416,-2.0921161727828763,-0.22427180470231303,-9.328485029849583,4.458875253299669,7774.926970325028,-23731.65064264397,-23715.615582106817,0.24784706006474605,0.5139940885633996,-9.430378632514877,2.073835729296635,7885.367507933661,-23413.47828239454,-23389.425691588807,0.2604722544022952,0.4999389325344261,-9.43164734805703,1.9193558011836396,7877.197559620185,-23436.715309745083,-23412.66271893935,-2.787118832811192,-0.32567820512688433,0.19784963747123074,-9.692089287611447,0.44766688819686035,3.0705155710693,7820.290140763203,-23595.243519842832,-23555.155868499947,318.1723602494312,326.18989051800963,294.9353328988873,302.9528631674657,136.40712280113803,160.45971360686963
327,22792,-1.7898688903762212,-0.19200625673478186,-9.321930028814458,5.208163614070657,7793.280858505883,-24455.181538273177,-24439.113208520823,0.24016018583443735,0.5433916757581791,-9.417324351715198,2.2626218158108222,7740.501638158552,-24608.063148021098,-24583.960653392565,0.2544164276406043,0.5419472273513481,-9.417766455462298,2.130158152039293,7733.98832408263,-24627.249753013868,-24603.147258385336,-1.8057514960832843,-0.2498653756578315,0.19329412265373475,-10.020279984282462,0.49131149317709955,4.002155150017309,7631.592931826511,-24927.023530117796,-24886.852705736907,-152.88160974792117,-144.84744487174248,-172.06821474069147,-164.03404986451278,-471.84199184461977,-447.7394972160837
328,22346,-1.8111199918656071,-0.1943047675041088,-9.321027039788454,5.1465541110763215,7193.661597808799,-25324.00732035844,-25307.978515132225,0.2644926910994703,0.6056264376169914,-9.398815363055455,2.289766250626667,7055.1034882781005,-25756.6158068747,-25732.57259903538,0.28065258366376217,0.6051781181171502,-9.400559819861847,2.1563247707072177,7051.778562631911,-25767.149500939395,-25743.106293100074,-1.9923829174972165,-0.2603996436266688,0.2118993072867281,-9.887305149604265,0.50459799893524,3.840251031348129,6951.69155829011,-26082.582079389715,-26042.51006632418,-432.6084865162593,-424.59408390315366,-443.142180580955,-435.1277779678494,-758.5747590312749,-734.5315511919543
329,22485,-1.927454318878451,-0.20696139018948587,-9.313110610214533,4.831819109276559,7864.81242730501,-23615.362247319776,-23599.321039921368,0.2556061299018695,0.546588070195734,-9.397719097558358,2.1383996948961133,7874.546694898349,-23585.54980171211,-23561.487990614496,0.26936421892318907,0.535708080502462,-9.39847587909417,1.9887870877728664,7867.971847528127,-23604.33147902972,-23580.269667932105,-2.9673982517825386,-0.36492618008024424,0.21260505578807062,-9.9735818917981,0.6055189210459352,2.7402802390886514,7786.186765986015,-23835.279180229623,-23795.176161733598,29.812445607665722,37.833049306871544,11.030768290056585,19.051371989262407,-219.91693290984767,-195.8551218122302
330,22635,-1.7322013341259308,-0.18464621046473426,-9.381190817651605,5.415762378676008,7248.080580303978,-25771.848322665643,-25755.793817345904,0.24037717138968895,0.5337284096087467,-9.428161417818647,2.22037894248905,7120.677171570664,-26171.254175916103,-26147.172417936494,0.2541902304425728,0.5332827359686316,-9.426933007704031,2.0979670817408227,7119.744152573301,-26174.220223697248,-26150.13846571764,-3.831677927090082,-0.43000097747658794,0.18182675277710886,-9.694279589887921,0.5558454299398937,2.3255761088460467,7056.147312816542,-26373.31491146821,-26333.178648168858,-399.4058532504605,-391.3786005905895,-402.3719010316054,-394.34464837173437,-601.4665888025665,-577.3848308229535
331,22510,-1.7532918386394576,-0.18767471694877436,-9.342184536865544,5.328368233388353,7353.734294744386,-25179.09409062925,-25163.050660761448,0.24877016805553567,0.5490424427127053,-9.423263280917025,2.207026859386679,7241.929795541302,-25521.95931746263,-25497.89417266093,0.2627484187501418,0.5446866555702459,-9.423392093924173,2.073034951689702,7239.3236416438285,-25530.061451041052,-25505.99630623935,-2.7993938980188373,-0.33595720839887877,0.19769133039944667,-9.844445825556413,0.49591327712708605,2.9765695600515576,7127.772515039507,-25875.61939834562,-25835.51082367612,-342.8652268333826,-334.8435118994821,-350.9673604118034,-342.9456454779029,-696.5253077163725,-672.460162914671
332,22323,-1.8434216374804493,-0.19687445969889417,-9.36343718885545,5.07937901914464,8049.957107444767,-22764.361126544034,-22748.334380911903,0.244555904974529,0.4908927827279043,-9.451862614749054,2.007282477104905,8006.983356591094,-22881.849061731562,-22857.808943283366,0.2570297105582337,0.48121605089208486,-9.449765018420466,1.8722195572136342,8001.601913000193,-22896.85725487064,-22872.817136422444,-3.116122828062383,-0.3569274875647892,0.19731028536433118,-9.6847132240275,0.4603867476101018,2.8016895163292257,7924.278309394513,-23109.624974146533,-23069.558110066206,-117.48793518752791,-109.47456237146253,-132.49612832660569,-124.4827555105403,-345.2638476024986,-321.2237291543024
333,22430,-2.035559912962629,-0.21574674006817854,-9.434950962964113,4.635064240989172,8837.331907243451,-20887.623598807575,-20871.587289552546,0.2615145593707518,0.5329909118835522,-9.44739975368895,2.03809269038794,8884.319187533069,-20766.681276678617,-20742.626812796076,0.275017146512662,0.5235178343933181,-9.449296857063445,1.9035825257870418,8877.084392247556,-20784.954209501757,-20760.899745619216,-3.442435752889235,-0.3847076906037781,0.2077330954893285,-9.532020487650653,0.45824471984739545,2.5993761612369997,8868.240453202488,-20803.311598947424,-20763.220825809854,120.94232212895804,128.9604767564706,102.66938930581819,110.68754393333074,84.31199986015054,108.36646374269185
334,22541,-1.857115209848807,-0.19973298783698454,-9.297989430591821,5.006684227926169,7563.463533244627,-24610.921866184668,-24594.875683880306,0.25573546305608724,0.5902340428417954,-9.386606546349295,2.307986681973578,7506.555136271871,-24779.164292802518,-24755.095019345972,0.2696988238349642,0.5806409381609156,-9.386895809494659,2.1529235089146144,7504.747190113574,-24784.593923578737,-24760.52465012219,-3.6642774528938244,-0.4223642840096122,0.19131301431347342,-9.81520430280442,0.6045859891585803,2.367624436675242,7409.474527863033,-25068.58351267487,-25028.46805691396,-168.24242661784956,-160.21933546566652,-173.67205739406927,-165.64896624188623,-457.66164649020357,-433.59237303365444
335,22492,-1.8884014440697656,-0.20238700624823094,-9.330645672744478,4.941028668478271,7873.913466056424,-23603.704139633857,-23587.66230969503,0.23917631112301352,0.5219503029747553,-9.434570452103728,2.182282603674346,7967.396880261475,-23336.239564466247,-23312.17681955801,0.25378110747422694,0.525505302816432,-9.434097564083958,2.0707030087722367,7955.247966510398,-23370.56218156219,-23346.499436653954,-2.1538548583700714,-0.2734122637982794,0.19543336128561756,-9.90587366007135,0.49057521594462034,3.6574804147695046,7869.651279415022,-23609.88246212058,-23569.777887273518,267.46457516761075,275.48549013701995,233.14195807166834,241.16287304107755,-6.178322486721299,17.88442242151359
336,22482,-1.5784316682502801,-0.16947848491506895,-9.313463411248232,5.900453975034836,7287.489465000597,-25323.229361381844,-25307.1884208458,0.2350606043545412,0.5217531996354156,-9.422069612418856,2.2196539529374166,7161.978298612865,-25711.80610222928,-25687.744691425214,0.2468890223803179,0.5076120054453082,-9.421352296526981,2.0560331137905434,7158.593746387909,-25722.432982817438,-25698.371572013373,-2.8887722983097452,-0.34194570524291423,0.1860921303747457,-9.826207306269945,0.4995435260416733,2.924440882477561,7052.020614246164,-26055.648815523004,-26015.546464182895,-388.57674084743485,-380.55627057941456,-399.20362143559396,-391.18315116757367,-732.4194541411598,-708.3580433370953
337,22343,-1.78162756189353,-0.1906899091313522,-9.343061570532809,5.24411598157076,7621.9523125025835,-24025.46141531672,-24009.432878612963,0.24704768076308542,0.5854653285630386,-9.421263023831742,2.369847499699825,7601.742058336578,-24082.784463074528,-24058.741658018887,0.26116213562900575,0.5828249893267003,-9.422946028735574,2.2316596083998688,7597.071645974381,-24096.515933006747,-24072.473127951107,-2.4347219567917957,-0.30572777639012994,0.1999899031628354,-9.96219787765704,0.5299143197513458,3.2708836985878915,7529.559526099327,-24291.95667999428,-24251.885338234883,-57.32304775780722,-49.308779405924724,-71.05451769002684,-63.04024933814435,-266.49526467756004,-242.45245962191984
338,22567,-1.7128372646068613,-0.18181435344883085,-9.420803320068543,5.500115810611379,6981.227569899235,-26473.04623419234,-26456.997746309997,0.24372275211266511,0.5257396826039057,-9.460721473575566,2.157121885612359,6822.5293781946075,-26989.962918418943,-26965.89018659543,0.2565297634196597,0.5153936027368526,-9.461438672154687,2.009098655323339,6820.4998875664505,-26996.67689878962,-26972.604166966106,-2.66787336343784,-0.32147639790726873,0.20399894545598096,-9.857070203566012,0.4871964911131493,3.1106482669015545,6742.469133018123,-27252.345628277726,-27212.224408571867,-516.9166842266022,-508.8924402854318,-523.63066459728,-515.6064206561095,-779.2993940853848,-755.2266622618699
339,22481,-1.7166860631560814,-0.1840881331247969,-9.325348864243773,5.4321806790342135,7290.664261602666,-25311.311107212998,-25295.27025563899,0.2508868245129393,0.5025640182060389,-9.426931747964897,2.003150301661694,7110.506753527594,-25871.81150851903,-25847.750231158017,0.2616859647295107,0.47609853510679107,-9.427078300388136,1.8193506694136459,7108.138025195293,-25879.301868248782,-25855.24059088777,-2.9673424731906377,-0.3416801245228487,0.19747498897102914,-9.641158431102195,0.43870852992871906,2.9267139884021214,7007.988447902375,-26194.298786856903,-26154.196657921882,-560.5004013060316,-552.4799755190288,-567.9907610357841,-559.9703352487813,-882.9876796439057,-858.9264022828938
340,22640,-1.7824304166405742,-0.19070086592423896,-9.346734782781178,5.243814678834635,7875.211765103551,-23903.79875395075,-23887.743806886116,0.24813835613226434,0.5403149932377614,-9.415287611932653,2.1774747026604753,7770.851459832364,-24203.823910982577,-24179.741490385626,0.2594029185540471,0.5187469930933064,-9.420033293430276,1.9997731559262484,7767.842356248698,-24212.592486616042,-24188.51006601909,-3.14794476858676,-0.3650676275808051,0.19135417093161133,-9.733930430990288,0.48285855374279196,2.7392185021353535,7681.179304109664,-24462.598484460435,-24422.46111679885,-300.0251570318287,-291.99768349951046,-308.79373266529365,-300.7662591329754,-558.7997305096869,-534.7173099127358
341,22227,-1.8208524208282304,-0.19419190448420903,-9.37656194095514,5.149545253475365,7394.6358043158225,-24457.989754216316,-24441.971628126146,0.24830626685221785,0.4914680148837314,-9.44209137287412,1.9792815586738044,7271.717555924669,-24828.566060107303,-24804.53887097205,0.2603202490482588,0.47477763764708963,-9.442003045326983,1.8238213868605904,7267.343962067303,-24841.938570221468,-24817.911381086215,-3.3057432664562096,-0.37351663222555515,0.1960390828750491,-9.608087715702867,0.44541784219472863,2.677256951160694,7195.83380882438,-25057.73385358897,-25017.688538363545,-370.576305890987,-362.5672428459038,-383.94881600515146,-375.9397529600683,-599.7440993726523,-575.7169102373991
342,22501,-1.9099185238667078,-0.20312380087045478,-9.402731317955135,4.923105986175224,7729.556172159877,-24038.505438210967,-24022.46280814767,0.24564035209340002,0.5023299407764777,-9.43707343003577,2.044981357889751,7698.258688613637,-24127.798424247212,-24103.734479152263,0.259351568608988,0.49889876408410305,-9.435637010045374,1.9236388920256309,7693.773193679977,-24140.912758356077,-24116.848813261127,-3.539808346255214,-0.3952864890523755,0.19112123137320833,-9.563961588438188,0.4573308567348231,2.5298107263855907,7648.644862202569,-24269.282442373253,-24229.175867215006,-89.29298603624557,-81.27167100459337,-102.40732014511013,-94.38600511345794,-230.77700416228618,-206.71305906733687
343,22600,-1.892470225469338,-0.20201768674973541,-9.367844251250029,4.950061631181953,7800.103008016446,-24038.173043215043,-24022.121632844523,0.25355739456064336,0.5685603023868746,-9.431009974554877,2.2423337460619472,7769.966266316683,-24123.660285687343,-24099.583170131562,0.2670151890556662,0.5564767252915492,-9.434163630595481,2.084063933814407,7763.062808841529,-24143.74885288902,-24119.67173733324,-1.8681244396876675,-0.2529407132175353,0.21185360338216674,-9.983840344754636,0.5137889949080527,3.953495612784072,7683.295181877337,-24373.171436562996,-24333.042910636694,-85.48724247229984,-77.46153728703939,-105.57580967397735,-97.5501044887169,-334.9983933479525,-310.92127779217117
344,22603,-1.8234446767875556,-0.1951255079670641,-9.344983625079614,5.124906581505445,7361.3613758416195,-25352.898790995943,-25336.847115156317,0.24002730592082358,0.5520628989188718,-9.429163644878535,2.300000397042233,7351.85319810644,-25380.112443822843,-25356.034930063404,0.2541271624761527,0.5507135936196235,-9.42919943573601,2.1670788287784957,7346.44949806865,-25396.73202772742,-25372.65451396798,-2.5570969807707407,-0.31150239910999694,0.19396654206884134,-9.886242881995118,0.5150338942658348,3.2102481485122767,7268.9985876392675,-25632.292156910094,-25592.162967311026,-27.213652826900216,-19.18781490708716,-43.83323673147606,-35.807398811663006,-279.3933659141512,-255.3158521547084
345,22614,-2.03284605104283,-0.21788220691976296,-9.330023225767324,4.58963590527729,8168.654134290684,-23023.045181637885,-23006.992532712895,0.24663882779787033,0.5443869408912797,-9.436656452061802,2.2072231925194883,8322.8918349713,-22598.03655997205,-22573.957586584565,0.26191552245293287,0.5464160706786705,-9.435414192127846,2.0862301919385606,8311.34201313032,-22629.440196048185,-22605.3612226607,-1.6031385088486645,-0.23223835002719237,0.20442947165497136,-10.065744156183227,0.507857447042662,4.305921050002774,8220.18271056562,-22874.84215958122,-22834.710537268744,425.00862166583465,433.03494612832947,393.60498558969994,401.63131005219475,148.20302205666303,172.2819954441511
346,22657,-1.93457214725293,-0.20603069494762646,-9.389727815773778,4.853645716499683,8129.602848472904,-23218.445825976887,-23202.389377709012,0.25027111683840214,0.5609532457785992,-9.426305387891844,2.241382277207808,8164.83950160081,-23118.454366404952,-23094.36969400314,0.2635209233447409,0.5487015351700391,-9.428133278326923,2.082193429673976,8156.005883212201,-23142.980462529955,-23118.895790128143,-2.1247770718346146,-0.27868891534258183,0.21137173168588103,-9.995432615986102,0.545256447107851,3.58823026301831,8092.08921608946,-23317.237345959602,-23277.096225289915,99.99145957193468,108.01968370587201,75.46536344693232,83.49358758086964,-98.79151998271482,-74.70684758090283
347,22462,-1.7816854368572275,-0.19072984511101235,-9.341408712518042,5.24301794204237,7527.58456721983,-24552.59894834281,-24536.559787799764,0.256228290615268,0.6699072041168306,-9.382363028045946,2.6144935147801847,7484.815177048216,-24678.584967571067,-24654.526226756498,0.2714404976305209,0.6657011391581688,-9.386753271113331,2.4524753858368884,7481.474141201514,-24688.613685690758,-24664.55494487619,1.2120558583708818,0.001315607162735375,0.21314881636415228,-10.446421585016726,0.5600285002489889,,7381.878567741565,-24985.64257169601,-24945.544670338397,-125.98601922825765,-117.96643895673333,-136.01473734794854,-127.99515707642422,-433.04362335320184,-408.9848825386325
348,22328,-2.0743789619010204,-0.2218809626687022,-9.349062384402687,4.5069211345235285,7963.330859019428,-23016.037030154763,-23000.00983660433,0.28077177614745724,0.7361435736518835,-9.402439665771434,2.621857452172371,8082.064129083385,-22683.58398161797,-22659.54319129232,0.3000793818882685,0.7493266001903439,-9.405862109243856,2.4970945870228034,8073.729145278603,-22706.622594670785,-22682.581804345136,88.47109736972567,7.308156074918922,0.2460942858496001,-12.075122834886203,0.5910724570338989,,7971.417040389129,-22987.376078847567,-22947.308094971486,332.4530485367941,340.4666453120117,309.4144354839773,317.4280322591949,28.66095130719623,52.70174163284537
349,22790,-1.8346067257278365,-0.1962361045089858,-9.348976480746582,5.095902216883893,7775.721539480456,-24502.44222756264,-24486.37407331816,0.2463579415277084,0.5108261057593972,-9.41634155945738,2.0735118283245746,7694.495940664441,-24739.759924273443,-24715.657692906723,0.26002237749466967,0.5076174729115744,-9.414603927058259,1.9522068746640098,7690.57071438073,-24751.388851330117,-24727.286619963397,-3.2443670367334003,-0.3698823487884926,0.19182553781450531,-9.638467187753157,0.45875646598847875,2.7035623713199235,7629.0447936496075,-24930.44609210633,-24890.27570649513,-237.31769671080474,-229.28361958856476,-248.94662376747874,-240.91254664523876,-428.0038645436907,-403.9016331769708
350,22605,-1.7850961145341593,-0.1911344871065134,-9.339476834127689,5.231918190895245,7444.739788411711,-25102.546301865215,-25086.494449065758,0.24377907469720808,0.5354257278250377,-9.405439009600904,2.1963563873973873,7350.088985717572,-25389.783929205078,-25365.70615000589,0.25692446045924466,0.52689630937289,-9.404822998944633,2.0507829750078246,7347.078748362319,-25399.04372913364,-25374.965949934453,-3.023634293937771,-0.34801678733125935,0.1910963112489045,-9.65364058187156,0.47228995254928413,2.873424605946239,7281.587614514441,-25597.44590778705,-25557.316275788406,-287.23762733986223,-279.2117009401336,-296.49742726842305,-288.4715008686944,-494.8996059218334,-470.82182672264753
351,22645,-1.8174121487558847,-0.19511216886677604,-9.314704250952316,5.125256952490785,7536.388378869692,-24909.93852389204,-24893.883135180058,0.2441316420464123,0.5575358125490634,-9.398433889001144,2.283750716931111,7526.730454508137,-24936.976829910287,-24912.893746842317,0.25896833251470647,0.5581544679322007,-9.396295395022019,2.155300080562954,7519.9876682282575,-24957.272339440435,-24933.189256372465,-2.664156732599164,-0.3307983172587642,0.20046268750472124,-9.968109155816261,0.5791313405163407,3.0229899846127646,7445.068341634851,-25180.008854594882,-25139.87038281493,-27.038306018246658,-19.01061166225918,-47.33381554839434,-39.30612119240686,-270.0703307028416,-245.9872476348719
352,22526,-1.8707599293144948,-0.19977633805347494,-9.36427180286857,5.00559780874713,8005.059826855247,-23301.317999990795,-23285.27314903758,0.2438825540221148,0.4843964203177721,-9.447444546710086,1.9861872541889483,7924.817412395225,-23526.257089248724,-23502.189812818902,0.2546738793066445,0.46174353624685155,-9.449394489774471,1.813077719253969,7917.32251719988,-23547.57113173498,-23523.50385530516,-2.764356860197427,-0.3275104575880054,0.19447332003817225,-9.777544023182559,0.44711089905081564,3.0533376166508814,7821.971636679192,-23816.505888608233,-23776.393761225194,-224.93908925792857,-216.9166637813214,-246.25313174418625,-238.23070626757908,-515.1878886174381,-491.120612187613
353,22292,-1.7088522589715063,-0.1816441321262231,-9.407693157872218,5.505270048058077,7252.097718355737,-25028.51388288275,-25012.48991658537,0.24341350187630442,0.4823149063149908,-9.438393841203794,1.9814632409343054,7051.51020079866,-25651.781315151504,-25627.745365705436,0.25494919107278685,0.4668069410961976,-9.43836450288853,1.8309802793723173,7049.8052667919255,-25657.171789416214,-25633.135839970146,-3.411434870333858,-0.3772776284774345,0.18848858147142836,-9.462172254675021,0.3871701463068856,2.65056797572563,6993.4959376071765,-25831.940908602715,-25791.880992859267,-623.2674322687526,-615.2554491200644,-628.6579065334627,-620.6459233847745,-803.4270257199641,-779.391076273896
354,22895,-1.831603829428846,-0.1965672016621804,-9.317952404779271,5.087318695814758,7744.147188875981,-24813.749333314412,-24797.67198566423,0.24497531959515767,0.5625221147411519,-9.405715988783399,2.296239946418958,7739.416330654007,-24825.740040586155,-24801.62401911088,0.25815074082176176,0.5529440867721626,-9.407355987314979,2.141942668891811,7733.845865059379,-24842.224711198676,-24818.1086897234,-2.609598521431477,-0.3187320970670264,0.1969374758174849,-9.879221006133072,0.5351594369169801,3.137431119118541,7632.3198047316,-25140.76901870269,-25100.575649577233,-11.990707271743304,-3.952033446650603,-28.475377884264162,-20.43670405917146,-327.01968538827714,-302.9036639130027
355,22567,-1.6889272733859255,-0.18110077032414318,-9.325897788082289,5.521787666668398,7313.246416466616,-25424.52676038458,-25408.478272502234,0.2354104513629909,0.49131906837412587,-9.43037812264042,2.087074152950571,7189.367885417565,-25808.062050153596,-25783.98931833008,0.24685686686517172,0.4773050178184598,-9.430637063490657,1.9335294329857724,7187.372310600817,-25814.326910833388,-25790.254179009873,-3.552740452109168,-0.39772679882919204,0.17855347790224613,-9.60846359464654,0.4752393410855254,2.514288710098865,7088.218696196005,-26123.818043864805,-26083.696824158946,-383.53528976901725,-375.51104582784683,-389.8001504488093,-381.77590650763887,-699.2912834802264,-675.2185516567115
356,22718,-1.8047452345765311,-0.19404473122243904,-9.300666002148237,5.153450927011624,7810.350711889148,-24252.183380348884,-24236.1215546673,0.24079745067817646,0.5416815713301121,-9.413933629125987,2.2495320021226655,7822.775230713707,-24214.072844411112,-24189.98010588874,0.2527674033591787,0.5257115956103735,-9.415740421205111,2.079823539838898,7816.524465086413,-24232.23285206422,-24208.140113541845,-1.4164483276394138,-0.21597214411725052,0.1993802271081462,-10.08038061447002,0.5095365125332305,4.630226754877719,7710.531112393338,-24538.4004016705,-24498.245837466544,38.11053593777251,46.141448778562335,19.95052828466578,27.981441125455603,-286.2170213216159,-262.1242827992428
357,22518,-1.9198788045239443,-0.20555105229450152,-9.340155562780843,4.86497144547457,7816.323661961056,-23822.310781643784,-23806.266641107057,0.254012564309718,0.5259351455936125,-9.421589644619987,2.0705083900981323,7754.015481084563,-24000.53333088555,-23976.467120080462,0.26823983103911114,0.5193092451232693,-9.421566459553766,1.935988563337376,7747.110877711664,-24020.593533664975,-23996.527322859885,-2.356480655252191,-0.28813895973853426,0.20623967504869778,-9.76350791885077,0.4508124224329549,3.470547686114468,7672.511656100247,-24234.476737298435,-24194.36638595662,-178.2225492417674,-170.20047897340555,-198.2827520211904,-190.26068175282853,-412.16595565465104,-388.09974484956183
358,22512,-1.835217365104047,-0.19664324127106192,-9.332725362140978,5.085351490019201,7489.515307733974,-24771.455912236142,-24755.412304677433,0.24749515840948616,0.5406748211295027,-9.419932025534955,2.1845874666968004,7449.030363851571,-24891.4757270188,-24867.410315680736,0.26126745192598344,0.5350473490616805,-9.420448879846004,2.0478913278997277,7442.884672701997,-24910.056521587372,-24885.99111024931,-2.8754599943811647,-0.34087164514703283,0.19886168584699043,-9.805529729775019,0.5227828280903238,2.933655568707266,7371.56402162932,-25122.81557005681,-25082.706551160038,-120.01981478265589,-111.99801100330296,-138.60060935122965,-130.57880557187673,-351.35965782066705,-327.29424648260465
359,22373,-1.839171562432841,-0.19721750212873215,-9.325600124639731,5.070543887870854,7232.132186787879,-25262.298145210854,-25246.26692490351,0.24623000572666062,0.5251068792866074,-9.408875320718723,2.1325868784226376,7153.533414311209,-25504.778711320654,-25480.731880859636,0.2592329947152248,0.5143603063000776,-9.408584796488933,1.984162189173171,7150.611767841684,-25513.91815957699,-25489.871329115973,-3.0236300541963295,-0.3461478696187356,0.19329862486015625,-9.613430419637737,0.4583080184868582,2.8889387679937175,7089.472177389889,-25702.035631311217,-25661.95758054285,-242.48056610979984,-234.46495595612578,-251.62001436613718,-243.60440421246312,-439.73748610036273,-415.69065563934055
360,22428,-1.9685982768020887,-0.21041678727903795,-9.3557092200609,4.752472523372766,7549.776967862693,-24415.430477398026,-24399.39434648354,0.25807898204606977,0.5765169115826919,-9.419211293336787,2.233877811404951,7529.505158503028,-24473.732607221536,-24449.678410849807,0.2723491408462114,0.5666310890954316,-9.421181624128003,2.0805319500361255,7524.027885322985,-24490.05359817369,-24465.99940180196,-2.399097998395633,-0.30089241920797344,0.21264651128686957,-9.910070049081241,0.5444923620963235,3.3234469736135535,7463.0374277597075,-24668.59787952954,-24628.507552243325,-58.30212982351077,-50.28406436626756,-74.62312077566457,-66.60505531842136,-253.1674021315157,-229.11320575978607
361,22368,-1.7574382469607315,-0.18760589924250518,-9.367713137255949,5.330322788556713,7273.026314754618,-25125.52837865539,-25109.497605365323,0.25320377181748716,0.5810908366909937,-9.422236189447142,2.294953319691668,7192.490521542245,-25372.595626761537,-25348.549466826436,0.26706162889141377,0.5724402032787496,-9.4225746301031,2.14347604204684,7189.820342222625,-25380.901186594478,-25356.855026659377,-2.6888247028573455,-0.3277329158962442,0.20792018239497398,-9.900863792056686,0.5565272900062433,3.0512650743832714,7119.787926206247,-25595.844648790346,-25555.767715565176,-247.06724810614833,-239.05186146111373,-255.3728079390894,-247.3574212940548,-470.31627013495745,-446.27011019985366
362,22626,-1.6452427333641237,-0.1769906179370093,-9.29564941091772,5.650016998956965,7406.942805914538,-25262.04489858241,-25245.991188649437,0.24035881234103354,0.5690930016156853,-9.415005668116429,2.3676810351693147,7281.476904407282,-25646.58893647575,-25622.50837157629,0.2519743909984897,0.5506272719382338,-9.419727319323966,2.185250928700664,7280.417575149062,-25649.880868562253,-25625.800303662792,-1.9962314068354063,-0.2668390073328745,0.18823329916232012,-10.022056409278552,0.4936405339776362,3.747578024649622,7154.012876828681,-26042.170258308724,-26002.035983476293,-384.5440378933381,-376.5171829268511,-387.83596997984205,-379.80911501335504,-780.125359726313,-756.0447948268557
363,22794,-1.8755389178208333,-0.20057933635294536,-9.350608850956508,4.9855584238267205,7888.908605608811,-24181.335375715662,-24165.26687047083,0.25173161222510027,0.5462172825666024,-9.41139949269126,2.169839845454813,7843.060266250684,-24312.19477997424,-24288.092022106994,0.2660952832691572,0.5420432329208692,-9.411176567988027,2.0370268358819,7837.335206491546,-24328.839387972203,-24304.736630104955,-3.0030385209902914,-0.35102296944350053,0.20497467579887624,-9.730722292983145,0.5307628972381335,2.848816422427754,7775.704874327469,-24504.792693738593,-24464.621430626514,-130.85940425857916,-122.82515163616335,-147.5040122565406,-139.46975963412478,-323.45731802293085,-299.35456015568343
364,22688,-1.7777776462960453,-0.1900760618900589,-9.352980215490376,5.261051760312699,7624.371372561885,-24736.952588994045,-24720.893406135383,0.2586739781660069,0.5580741188362103,-9.403022083918097,2.1574420542527863,7443.066329466743,-25280.984030595086,-25256.89525630709,0.2700439537189474,0.5323398123379367,-9.406983719495997,1.9713080222932076,7441.100189822877,-25286.97802111403,-25262.889246826035,-3.358179435160252,-0.38717328995815337,0.20181763292015115,-9.70727369762111,0.5343750292593985,2.5828227977918683,7355.656636083895,-25545.00366864226,-25504.855711495602,-544.0314416010406,-536.0018501717059,-550.0254321199864,-541.9958406906517,-808.0510796482158,-783.962305360219
365,22591,-1.871696068729452,-0.1999815987775851,-9.359341460266597,5.000460072889891,7957.625143089468,-23567.923593940595,-23551.87298018888,0.24636901133246028,0.5939430140318519,-9.420406719190153,2.4107862056984155,8001.150580998105,-23442.695393624275,-23418.619472996703,0.2577342091260397,0.5674388349544583,-9.42736742369028,2.201643456173735,7992.645944305134,-23466.720741869176,-23442.644821241603,1.127519488516922,-0.003954861939100205,0.21470734317754014,-10.425433328219745,0.5485189467443653,252.85332722070095,7905.692627781245,-23709.83863435739,-23669.712099978104,125.22820031632,133.2535071921775,101.20285207141933,109.22815894727682,-141.91504041679582,-117.83911978922333
366,22636,-1.997114565888404,-0.2140872245561199,-9.328508835728725,4.670993339622955,7622.623740733627,-24633.4960790422,-24617.441485365674,0.2564414684476854,0.5283246518586817,-9.43282037035941,2.0602153585252188,7632.254555332729,-24602.91464509068,-24578.832754575895,0.2712212840925821,0.5246051744662753,-9.432239755855571,1.9342330607327998,7625.0900073359435,-24624.173484688803,-24600.091594174017,-2.8848691684829557,-0.35551236742765674,0.21239796216084794,-9.966619307193922,0.5464755744666137,2.812841666340877,7525.91082027177,-24916.530427927948,-24876.393943736635,30.58143395152001,38.608730789779656,9.322594353398017,17.34989119165766,-283.034348885747,-258.9524583709608
367,22350,-1.8816311405142663,-0.20009345743689713,-9.403761445361953,4.997664655354196,7559.888427682197,-24222.727024070035,-24206.69786086995,0.24091364926169853,0.519980356344368,-9.459264775070304,2.1583681868499123,7555.480436325587,-24233.762578875132,-24209.718834075007,0.2537465985846346,0.5114723959780301,-9.46057038258921,2.015681781868038,7548.087241805628,-24255.643225122432,-24231.599480322307,-2.3069655788951207,-0.2888850944819225,0.2017929605182785,-9.913268960177598,0.4858419198938309,3.4615839276628955,7489.2456922941,-24426.556602333607,-24386.483694333398,-11.03555480509749,-3.020973205057089,-32.91620105239781,-24.90161945235741,-203.82957826357233,-179.7858334634475
368,22683,-1.8399532359472095,-0.19705072045483282,-9.337460079822222,5.07483554331493,7466.8481379081295,-25200.051478280697,-25183.992736232245,0.2475959205640785,0.5885785780146623,-9.405194375898423,2.3771739723083867,7424.73932575114,-25326.332863224085,-25302.244750151407,0.26147829684800983,0.5812806153243533,-9.408357723576698,2.223054923989488,7420.000985651812,-25340.813382231983,-25316.725269159306,-2.4470831462089944,-0.3039520625766449,0.19982706377015708,-9.907016328458454,0.5420597887029784,3.2899924794813287,7348.886124344462,-25555.26056166742,-25515.113706546286,-126.28138494338782,-118.25201391916198,-140.7619039512865,-132.73253292706067,-355.20908338672234,-331.1209703140412
369,22624,-1.8296692805339156,-0.19526627564463853,-9.37012433147287,5.1212120305908915,7700.760477043532,-24377.70838888232,-24361.654855744928,0.25383212109190983,0.5825280220734217,-9.402724642430277,2.294934224902508,7678.551257196554,-24441.05094097849,-24416.9706412724,0.26833728042142824,0.5772591535619568,-9.40344236789116,2.151244704632027,7672.763009580711,-24458.111802086656,-24434.031502380567,-2.560926357343621,-0.31275663926155256,0.2090425332597443,-9.833205931332511,0.5353580452478034,3.1973741704127936,7605.303157593254,-24653.90431421678,-24613.770481373296,-63.34255209616822,-55.315785527473054,-80.40341320433436,-72.37664663563919,-276.19592533445757,-252.11562562836843
370,22111,-1.881239230874324,-0.2013885627075194,-9.341340965854576,4.9655252838380886,7356.443034205049,-24329.126528495035,-24313.118867492572,0.25244840062076224,0.4966978446749297,-9.430000170019195,1.9675222479269674,7236.81322404024,-24689.649318453925,-24665.637826950227,0.2659319466106311,0.487677657802939,-9.428107431978098,1.8338438236492918,7232.253452138243,-24703.585410134066,-24679.57391863037,-3.217067248744556,-0.3629676112225988,0.19761097524044985,-9.56081661241598,0.41631156118439777,2.755066758247819,7176.618373648849,-24870.334841272466,-24830.315688766306,-360.5227899588899,-352.518959457655,-374.45888163903146,-366.45505113779654,-541.2083127774313,-517.1968212737338
371,22147,-1.953871612661159,-0.20978584034070735,-9.313648668985145,4.766765947482098,7451.648177149573,-24119.991983094376,-24103.981068442135,0.2617202104626712,0.5783864754551821,-9.400819248289014,2.2099419621920124,7417.089477919788,-24220.942604434123,-24196.926232455764,0.27716926750118126,0.5754475079778397,-9.40023932783929,2.0761591397407986,7413.051877759704,-24233.00192751273,-24208.98555553437,-2.6076664489107984,-0.31851795534515387,0.21564015241626777,-9.833813604795893,0.5498998260029244,3.139540434749983,7330.36328959847,-24477.427864521014,-24437.400577890414,-100.95062133974716,-92.94516401362853,-113.00994441835428,-105.00448709223565,-357.43588142663793,-333.4195094482784
372,22459,-1.7871574930348566,-0.19218692014542663,-9.299058914532404,5.203267731452829,7493.207093586106,-24649.12157161478,-24633.082678207375,0.2522805498422522,0.5698105466662773,-9.416722086267386,2.2586384365444445,7419.4660693655715,-24869.236432387836,-24845.178092276725,0.2661994836306622,0.5607654602344637,-9.418765961441137,2.1065610368068795,7414.930673715471,-24882.96944166938,-24858.911101558268,-2.3502710181641864,-0.2943123802729124,0.1978692388117604,-9.895230946220723,0.4912446818501576,3.3977503735069243,7300.240799845204,-25229.066895975917,-25188.9696624574,-220.1148607730538,-212.09541406935023,-233.84787005459657,-225.828423350893,-579.9453243611351,-555.8869842500244
373,22684,-2.0034972456451534,-0.21411190913711467,-9.357243386037617,4.670454829112808,8347.102757808923,-22674.222988855574,-22658.164158637304,0.24878010548500115,0.4882489621938467,-9.43792905117334,1.9625723738720862,8411.579497553932,-22497.6749475867,-22473.586702259297,0.2624143745178922,0.48118629961298054,-9.436620445506055,1.833688800383044,8400.19832453258,-22528.38800732233,-22504.299761994927,-2.4040170638257727,-0.28901184144173175,0.20323370591636034,-9.715817758000005,0.4109311566973671,3.4600658402490128,8351.487360079469,-22656.31056756867,-22616.163492023003,176.54804126887393,184.5774563780069,145.834981533244,153.86439664237696,17.912421286902827,42.000666614301736
374,22644,-1.8736351102255653,-0.2004635627689711,-9.346512076036879,4.988437729965287,7135.935104246577,-26144.195571733544,-26128.140271343233,0.2614943898006891,0.5776099205081976,-9.41655965004351,2.2088807371678283,7014.583056583886,-26530.586032509225,-26506.503081923755,0.27714012387105513,0.5752272510287297,-9.41857581454709,2.0755827160428257,7010.1406418304805,-26544.93127669423,-26520.84832610876,-2.1893045705765664,-0.2815779192083505,0.21410415707952815,-9.913347224779674,0.5120219868285767,3.5514148368290943,6905.898947367996,-26880.17910150547,-26840.040850529687,-386.3904607756813,-378.3628105805219,-400.73570496068714,-392.7080547655278,-735.9835297719255,-711.9005791864547
375,22345,-1.8178471079458185,-0.1942621841659779,-9.357699316263464,5.147682264014897,7913.341564059308,-23191.281811215544,-23175.253095492808,0.25168586081991073,0.5605000327429077,-9.432385033832402,2.22698260012295,7844.563843245014,-23384.33919872821,-23360.296125144105,0.26507108860478373,0.5514230654592311,-9.434724399197794,2.0802837018615525,7841.0271659460695,-23394.41558737532,-23370.372513791215,-2.885821203976957,-0.34902127194836313,0.20692109562260255,-9.910436426212328,0.5457238542207576,2.865154878433735,7763.311613010714,-23612.99065615527,-23572.91886684843,-193.05738751266472,-185.04302965129682,-203.13377615977515,-195.11941829840725,-421.708844939727,-397.6657713556233
376,22454,-1.6856576034177377,-0.17944351671281455,-9.393806108445267,5.572784229370752,7445.7138787855565,-24781.403838199636,-24765.3653900976,0.24242760868637658,0.4848666274842886,-9.439255125784438,2.000047066056532,7284.055435930608,-25272.28656403551,-25248.228891882452,0.25375910127242773,0.46788305825323045,-9.439672126487878,1.8438079891799666,7281.260714379466,-25280.903291311715,-25256.84561915866,-3.464053576327988,-0.38495602476702595,0.18801875435836837,-9.516315442204734,0.4207932480109068,2.5976993102139305,7199.533113790331,-25530.36053274304,-25490.264412487948,-490.8827258358724,-482.8635017848537,-499.4994531120792,-491.4802290610605,-748.9566945434053,-724.8990223903493
377,22702,-1.7663516651633309,-0.18831324998525165,-9.379858641394954,5.310300789128318,7501.117738666557,-25136.217163123027,-25120.156746512395,0.25129452544948216,0.5345242023676139,-9.424590763626464,2.1270825594450504,7334.296073385801,-25644.798820000226,-25620.70819508428,0.264226329609029,0.5225403917019024,-9.425431079903206,1.977624230238887,7332.055430697177,-25651.735387789253,-25627.644762873308,-3.6653254983227477,-0.4104880249177069,0.19176525788924648,-9.597663035928282,0.5266206585289793,2.436124659666932,7264.24028058568,-25858.68625447827,-25818.535212951694,-508.58165687719884,-500.551448571885,-515.5182246662262,-507.4880163609123,-722.469091355244,-698.3784664392988
378,22459,-1.6881603108829715,-0.18133828610605873,-9.309453326892164,5.514555262836957,7546.9968033573405,-24488.476376817267,-24472.43748340986,0.23946783717938636,0.5367063009596814,-9.402881375470978,2.2412458695137105,7446.532348615559,-24787.454876884894,-24763.396536773784,0.2510384850805076,0.5184615649120945,-9.403436543754804,2.0652672626901203,7443.290300020235,-24797.23513717023,-24773.17679705912,-3.17721735806735,-0.36618185341659903,0.185690122046982,-9.721137711347176,0.5231132540387341,2.730883550535522,7348.0125868297455,-25082.57702590911,-25042.479792390594,-298.97850006762746,-290.9590533639239,-308.7587603529646,-300.739313649261,-594.1006490918444,-570.0423089807337
379,22512,-1.8890827852328442,-0.20189196523154776,-9.356899285547472,4.953144117712216,8110.731724325997,-22977.60958069433,-22961.56597313562,0.2547653449937508,0.6752089778079229,-9.38131666840478,2.6503172078780386,8142.915900407797,-22886.456532023072,-22862.39112068501,0.27100068491126733,0.6795536557841705,-9.38456187192391,2.5075717281182297,8138.093810810533,-22899.791685814303,-22875.72627447624,-1.7586837895545995,-0.2954663751976239,0.20958989614097975,-10.551009215883164,0.6671863032213892,3.384479872984348,8036.8201013171665,-23177.69779711204,-23137.588778215268,91.15304867125815,99.17485245061107,77.81789488002687,85.83969865937979,-200.0882164177092,-176.0228050796468
380,22279,-1.8718982987384531,-0.2000389005152722,-9.35767140249574,4.999027676237672,7876.053928703495,-23162.094589906563,-23146.0717902871,0.24731704478275846,0.5036408794620293,-9.437680542530645,2.0364179909412385,7847.408049565422,-23241.272926878144,-23217.238727448952,0.25943254421599554,0.4893194460370592,-9.438550303877454,1.886114355913909,7842.166269573782,-23256.15945195566,-23232.125252526468,-3.168597029694671,-0.3616545889641141,0.19681976029369927,-9.640822387628639,0.4462277831718663,2.7650692968235138,7768.423597678108,-23462.648001318015,-23422.591002269364,-79.1783369715813,-71.16693716185182,-94.06486204909743,-86.05346223936795,-300.55341141145254,-276.5192119822641
381,22509,-2.0082018861643496,-0.21489045485888,-9.345235401372989,4.6535338233459775,8042.9717553891805,-23160.385392217297,-23144.34205120087,0.2611304290254356,0.6378669772775014,-9.399630517599164,2.4427140860530256,8155.168648632256,-22846.561911781468,-22822.496900256825,0.27612064599954,0.6295907914151643,-9.401821330784209,2.280129358440705,8144.41427531531,-22876.26453978702,-22852.199528262376,0.6918339149503643,-0.03995011931055192,0.2273304343367467,-10.368881018552438,0.5726509498308628,25.031214355744684,8078.741761201333,-23054.501669410267,-23014.3933168692,313.82348043582897,321.8451509440456,284.1208524302783,292.14252293849495,105.8837228070297,129.9487343316723
382,22585,-1.740097961469903,-0.1867343276636935,-9.318575664372759,5.355201759159083,7706.108298191101,-24281.033235060597,-24264.98315256442,0.2524386513939719,0.5699048311998165,-9.397212553737711,2.2575973530708913,7551.748464432236,-24736.022161271874,-24711.947037527607,0.26562964047237153,0.557446738809442,-9.399413034966319,2.098586354362147,7550.929122352198,-24738.472699037706,-24714.39757529344,-3.314113349028297,-0.3785223328392411,0.1892432863623657,-9.662152933294768,0.49942137085880683,2.6418520474053544,7442.549363183254,-25060.987923214805,-25020.862716974363,-454.98892621127743,-446.9638849631883,-457.43946397710897,-449.41442272901986,-779.9546881542083,-755.8795644099446
383,22454,-1.816198335743792,-0.19381322255072786,-9.37086908643928,5.159606691634592,7688.119728918706,-24062.029401466396,-24045.99095336436,0.246536797054381,0.5315149607391135,-9.415451700227411,2.1559254727474704,7593.896851105151,-24336.91789938604,-24312.860227232984,0.2600209708475739,0.5226434901788842,-9.416199055102245,2.010005148720337,7587.660031376847,-24355.36680540294,-24331.309133249884,-1.9939075455074522,-0.2654503136941675,0.20571151299538734,-9.968817159083526,0.5147689459073164,3.767183342462074,7491.111668775084,-24638.913643282383,-24598.81752302729,-274.8884979196446,-266.8692738686259,-293.33740393654443,-285.31817988552575,-576.8842418159875,-552.8265696629314
384,22538,-1.8282254927981125,-0.1952301880989343,-9.364461052875932,5.122158666841231,7729.694203707383,-24114.668178164407,-24098.622262059384,0.24474065218917682,0.5483740146519014,-9.435149695084021,2.240633134490569,7654.81695244271,-24332.057250374168,-24307.988376216632,0.2569929122820258,0.5315419456210003,-9.43876031868129,2.068313639084655,7649.294071221742,-24348.32408249126,-24324.255208333725,-1.6142521700497579,-0.23305546182762252,0.2037786634804612,-10.055845410483247,0.5037197747613812,4.290824133268507,7554.273561563309,-24626.04744940983,-24585.93265914727,-217.38907220976034,-209.36611415724838,-233.6559043268535,-225.63294627434152,-511.3792712454233,-487.3103970878874
385,22380,-2.0264805399257346,-0.21852194373325592,-9.273579144067137,4.576199455834395,7616.438026681202,-24118.482026259175,-24102.450180295444,0.284032741886819,0.7879206893578675,-9.356796715021806,2.7740488090342668,7663.8223484214195,-23977.680134960305,-23953.632366014706,0.3026014686160755,0.7938248474618875,-9.364176924842246,2.6233344176827176,7658.664111612771,-23992.74836092215,-23968.70059197655,7.050549263718971,0.49338902686573594,0.23601851250486525,-10.830764913102207,0.591244115918414,,7576.3151871666105,-24230.68986170218,-24190.61024679285,140.80189129887003,148.81781428073737,125.73366533702574,133.74958831889307,-112.20783544300502,-88.16006649740666
386,22507,-1.9282304990909522,-0.2061779550628413,-9.352263186931133,4.850179058644793,7869.441316908316,-23647.240147246757,-23631.19698394492,0.2487040292956413,0.5737919014827592,-9.401846110056397,2.307127484455336,7855.296327593558,-23685.73193382837,-23661.667188875614,0.26418680532737154,0.5761910541739034,-9.399969850412754,2.180998606118525,7848.802738614104,-23704.345063416262,-23680.280318463505,-2.4673107261439324,-0.32029889019200486,0.21008584455610288,-10.094918471173113,0.6180042578503341,3.122083874223057,7784.8849788026455,-23884.38417968859,-23844.276271434,-38.49178658161327,-30.470204930694308,-57.10491616950458,-49.083334518585616,-237.14403244183268,-213.07928748907943
387,22837,-1.7510283603911814,-0.1864724832577209,-9.390277481161178,5.362721526145574,7511.05149222898,-25390.893796866916,-25374.821522253653,0.2403908980138489,0.5144543678699981,-9.430816807222184,2.1400742379204405,7382.007361452289,-25784.655956579994,-25760.5475446601,0.252033949836359,0.4989150162221018,-9.432472359696568,1.9795548042080764,7378.886911296788,-25794.311431369795,-25770.203019449902,-3.3808204562069344,-0.3802699585408779,0.18539701632997257,-9.60501260808086,0.4722956905893044,2.6297107555828734,7306.715821557866,-26014.774053042125,-25974.59336650897,-393.7621597130783,-385.72602240644846,-403.4176345028791,-395.38149719624926,-623.8802561752091,-599.771844255316
388,22572,-1.8882938122905824,-0.20249942198444829,-9.324934332087135,4.938285700770043,7295.789712505934,-25489.10504555304,-25473.05611459486,0.27323723681852713,0.7213833694826136,-9.372848303622952,2.640135648720993,7260.254193538553,-25597.314843326047,-25573.24144688878,0.29279718455752834,0.7381834472315799,-9.376194244724637,2.521142572962626,7256.1991590896405,-25609.9253946416,-25585.851998204333,7.299490426523017,0.5144039978317091,0.22828283681226366,-10.844913473147912,0.5792048464693982,,7139.4201665608525,-25972.146976716987,-25932.02464932154,-108.20979777300818,-100.18533229392051,-120.82034908856076,-112.7958836094731,-483.0419311639489,-458.96853472668226
389,22648,-1.652004069654976,-0.1769283903924327,-9.337133887844566,5.652004168364211,7462.886483000196,-25138.207942842502,-25122.152289188918,0.24182941314894824,0.5316063941247832,-9.422858955521123,2.1982702070957543,7323.292949352472,-25563.851648506647,-25539.768168026272,0.253478445867,0.5151729610269746,-9.424335579345637,2.032413285732727,7321.156732135343,-25570.45907301613,-25546.375592535755,-3.2976826102016163,-0.37235299510485265,0.18601597731783992,-9.608461718175478,0.47242154289129673,2.6856236236757147,7229.211340380727,-25852.69333733443,-25812.55420320047,-425.64370566414436,-417.6158788373541,-432.25113017362673,-424.2233033468365,-714.4853944919269,-690.4019140115524
390,22533,-1.6576474531991077,-0.17851783987151815,-9.285612319710681,5.601681046105613,7275.417906845182,-25469.09785710786,-25453.052384747152,0.23740128614104575,0.53290836017509,-9.38749927718608,2.2447576794444006,7196.877927179612,-25711.669797348044,-25687.60158880698,0.24888251311507514,0.5143224528324012,-9.38848481214281,2.0665270789619328,7193.6603978419225,-25721.74594434641,-25697.677735805348,-2.9124124157877054,-0.3414998542726721,0.18387022070599923,-9.739070684717825,0.5010696123916111,2.9282589362440707,7097.689788173156,-26020.381906181134,-25980.268225279364,-242.57194024018463,-234.5492040598292,-252.64808723855094,-244.62535105819552,-551.2840490732742,-527.2158405322116
391,22753,-1.7175938810893974,-0.18399941433304698,-9.334779066092446,5.434799907514686,7178.02200588291,-26245.52509945008,-26229.460194882446,0.24643971354462343,0.541544216260381,-9.409161310249752,2.197471375336274,7021.5781377552685,-26744.907016118595,-26720.809659267143,0.2613747630031855,0.5444795590590775,-9.406544219102308,2.083137456742301,7019.7921953401665,-26750.694990799977,-26726.597633948524,-2.9340111686883596,-0.34062955433476005,0.19195926116094128,-9.684431255404515,0.4557592850945654,2.9357405641238965,6931.447033488043,-27034.86212829869,-26994.699866879604,-499.3819166685171,-491.34946438469706,-505.16989134989853,-497.1374390660785,-789.3370288486112,-765.2396719971584
392,22477,-1.8262783701252188,-0.19607353797715962,-9.314252137062779,5.100127280390528,7396.220737319804,-24979.711587287653,-24963.67109160136,0.2580497939397828,0.5935598258223432,-9.402840152871383,2.3001755465879326,7296.288166056407,-25283.4754370843,-25259.414693554867,0.27278514941660725,0.5863404814218552,-9.405527922494004,2.1494589521307668,7292.66518137978,-25294.639202751547,-25270.578459222113,-1.9802259840938423,-0.27116994153032825,0.2139383628457763,-10.051944810227637,0.5588287984920425,3.6877243633884023,7184.894121965078,-25625.283295307934,-25585.18205609221,-303.76384979664726,-295.7436019535053,-314.92761546389374,-306.90736762075176,-645.5717080202812,-621.510964490848
393,22800,-2.0336107350503267,-0.21766229818233163,-9.342962708896922,4.594272909690216,8242.269829148525,-23194.652648155065,-23178.58361652518,0.27015530619825157,0.6911185160293953,-9.388742200020209,2.5582266946932477,8311.914013296906,-23000.810297977132,-22976.706750532303,0.288966857442581,0.7049552860143602,-9.390997034492662,2.4395714174745384,8303.291021298342,-23024.475878366804,-23000.372330921975,5.070822470726012,0.3276525671659677,0.2315698154877367,-10.709809182514373,0.5730876125255758,,8216.970931042504,-23258.742798663963,-23218.57021958925,193.84235017793253,201.87686599287554,170.17676978826057,178.21128560320358,-64.09015050889866,-39.98660306407328
394,22279,-1.8956196753132053,-0.20292991506294497,-9.34125298739331,4.927809680942404,7561.054644287889,-24071.441478960078,-24055.418679340615,0.25649988290777836,0.5583395361320982,-9.422149328596243,2.176763317793961,7514.35730557239,-24207.464020589978,-24183.429821160786,0.27071794202552074,0.5513665770408279,-9.423297322835769,2.036682803199096,7509.413860162022,-24222.125455865764,-24198.09125643657,-2.8528305429226557,-0.33510728154353414,0.2041326298714943,-9.731475325649894,0.488828917418265,2.9841189824163488,7430.711384534252,-24452.852895606287,-24412.795896557636,-136.02254162989993,-128.01114182017045,-150.683976905686,-142.6725770959565,-381.41141664620955,-357.3772172170211
395,22396,-1.794603831879682,-0.19261848546866792,-9.316882683991404,5.191609712675598,6854.833703566563,-26511.258607930704,-26495.225332629765,0.26630373652205047,0.6234480144283923,-9.400273765163483,2.3411162853765273,6708.0040004930515,-26994.190534022822,-26970.140621071416,0.28367907494654776,0.62865868430696,-9.400716229768701,2.21609113899365,6705.992357388895,-27000.907810231412,-26976.857897280006,-0.7571882280596303,-0.16975584417665432,0.22353480379978358,-10.246140802736802,0.5649323155420195,5.890813390550268,6578.619669439484,-27426.386086639508,-27386.302898387163,-482.9319260921184,-474.9152884416508,-489.64920230070857,-481.63256465024097,-915.1274787088041,-891.0775657573977
396,22577,-1.7659549424600782,-0.1891828901577297,-9.334644063148245,5.285890278799832,7485.046492139847,-24921.56022729724,-24905.510853361364,0.2472106089372072,0.5433803038772541,-9.416088822415752,2.1980460556014227,7419.5132805086805,-25118.097168478318,-25094.023107574503,0.261743090240414,0.5423053691017274,-9.416528171153578,2.071899466777189,7413.48719503516,-25136.441526984203,-25112.367466080388,-2.301583047089942,-0.2847988335090621,0.20068865223168353,-9.822089041739973,0.48490391219161816,3.5112503365228167,7333.432953853317,-25377.564215544706,-25337.440780705016,-196.53694118107887,-188.51225421313939,-214.88129968696376,-206.85661271902427,-456.0039882474666,-431.9299273436518
397,22121,-1.8478337138858256,-0.19666306231767045,-9.395936848074776,5.084838953563618,7803.750484659126,-23044.37722498595,-23028.36865966081,0.2508708528568499,0.5608993028742241,-9.423655529394312,2.235808968984852,7782.2373915396765,-23103.443798230575,-23079.430950242862,0.2638921524577219,0.5445043691772724,-9.42512955566983,2.063359459938875,7774.837819233626,-23124.487079066876,-23100.474231079163,-1.811825602647712,-0.2510089483018949,0.21627279929676566,-10.042871751488452,0.5622889839827281,3.983921715799846,7711.685626569489,-23300.90167017305,-23260.880256860197,-59.06657324462503,-51.06229058205281,-80.10985408092529,-72.10557141835307,-256.52444518710035,-232.51159719938732
398,22418,-1.7804468249713614,-0.19065436891434162,-9.33861015150034,5.245093546475645,7796.689160758527,-23673.10765563686,-23657.072416663697,0.24861936467545256,0.5483943335866515,-9.410227180259678,2.2057587280159163,7684.453599965475,-23996.166460934506,-23972.113602474765,0.2620740097414842,0.5413343222110456,-9.411731603319586,2.0655780508148447,7682.869065695105,-24000.78952900848,-23976.73667054874,-3.0986850455282933,-0.35657860154865145,0.19498512575329216,-9.665496289994401,0.4935112415972658,2.804430764092164,7590.403241276283,-24268.23419863106,-24228.146101198156,-323.05880529764545,-315.0411858110674,-327.6818733716209,-319.66425388504285,-595.1265429941996,-571.0736845344582
399,22533,-1.8117887399555204,-0.19456924509059198,-9.31179405620835,5.139558410345876,7177.34802784555,-25774.89987594278,-25758.854403582074,0.25093886486146555,0.6036997809946459,-9.412251299623886,2.405764373437838,7153.131301158612,-25849.055880125838,-25824.987671584775,0.26645888051603694,0.6051777369566828,-9.415040513920534,2.271186217493171,7147.218237258508,-25867.69026050886,-25843.6220519678,-1.5351852481247295,-0.22066553081324894,0.19861237539331117,-9.99491815840915,0.47985334755938913,4.531745380959876,7052.8938113697395,-26163.04614473558,-26122.93246383381,-74.15600418305621,-66.13326800270079,-92.79038456608032,-84.7676483857249,-388.1462687927997,-364.07806025173704
400,22481,-1.7351514308915967,-0.18465162574800725,-9.396892249730557,5.41560355046477,7407.729874984103,-24953.202911283366,-24937.162059709357,0.23821695450556,0.45837103770738036,-9.457892810614322,1.9241747030926883,7261.298238478521,-25400.04504938948,-25375.983772028467,0.24837563688587094,0.43581207615602197,-9.46014825363327,1.7546490534265984,7257.969403356867,-25410.35349545263,-25386.292218091618,-3.390886242231671,-0.3782522888998134,0.18855411315727108,-9.558059071010561,0.39989720332894213,2.6437381328441005,7199.759574114234,-25587.380853808823,-25547.278724873802,-446.84213810611254,-438.8217123191098,-457.1505841692633,-449.13015838226056,-634.1779425254572,-610.1166651644453
401,22685,-1.8222813621575356,-0.19483880783717383,-9.352763868686829,5.1324477453983235,7598.563755851234,-24807.597684142456,-24791.53876575826,0.2538072460055882,0.5427235537733583,-9.419605370135473,2.138329627363787,7516.345735414069,-25052.391644813793,-25028.303267237497,0.2680288699101561,0.5374142322044205,-9.419373231589155,2.0050609935585038,7511.795641850066,-25066.128390172024,-25042.040012595728,-2.0494956499218735,-0.2697765572483045,0.2154138726212595,-9.939092846602122,0.5219235544214688,3.706771300664171,7426.7218434834895,-25320.510118062048,-25280.362822101557,-244.79396067133712,-236.76450147923606,-258.5307060295672,-250.50124683746617,-512.9124339195914,-488.8240563432955
402,22367,-1.914312631256513,-0.20450303305797857,-9.360803126640118,4.889903025137483,7916.162065939639,-23228.159084730865,-23212.128400856243,0.24991391006378355,0.5376216377687943,-9.43727365317066,2.151227347175599,7952.591209599534,-23123.465183899018,-23099.419158087087,0.2624572040932021,0.5213802521635271,-9.43884777104794,1.986534353152592,7944.317698955907,-23146.746896128574,-23122.700870316643,-2.32253242209836,-0.29361858901029475,0.20879704124953838,-9.928576296025193,0.5194617781544978,3.4057789166916077,7868.784176739378,-23356.42681218041,-23316.350102493856,104.69390083184771,112.70924276915684,81.41218860229128,89.42753053960041,-128.2677274495436,-104.22170163761257
403,22517,-1.8884984310001047,-0.20316864825378345,-9.295225652341449,4.922019261312764,7645.7752503675,-24317.002123205973,-24300.958071489054,0.24984462821478728,0.6103179976364954,-9.387785855698528,2.442790153214001,7709.476806138878,-24128.176644249077,-24104.1105666737,0.26561918974425297,0.6131626454297034,-9.388829287325786,2.308427512410067,7701.497786659751,-24151.492962965123,-24127.426885389745,-1.8220421117977428,-0.2514771210817738,0.2043711020368147,-10.034980736524393,0.5578838904160356,3.9765048832208723,7611.221305143787,-24412.995003922537,-24372.88487463024,188.8254789568964,196.84750481535593,165.50916024085018,173.5311860993097,-95.99288071656338,-71.92680314118479
404,22509,-1.8959476641888768,-0.2024762450259253,-9.3638029683241,4.938850974206672,8025.259748526865,-23210.00874047944,-23193.965399463013,0.25278771787067267,0.57017789523273,-9.399677041964933,2.2555601199122957,7981.350727652524,-23331.501547587104,-23307.43653606246,0.2680276186233759,0.5696457308430362,-9.398466698677218,2.125324747385398,7975.872120915693,-23346.957615983843,-23322.8926044592,-2.4764285862367945,-0.31087830947139794,0.20547139463163586,-9.94098184348568,0.5540474962410779,3.216692736461255,7879.704347921523,-23616.005644322573,-23575.897291781504,-121.4928071076647,-113.47113659944807,-136.948875504404,-128.92720499618736,-405.9969038431336,-381.931892318491
405,22588,-1.853932628470874,-0.19861566420827217,-9.33427197628685,5.034849612623609,7678.702049477663,-24367.7351225671,-24351.684774425514,0.24192023053221326,0.5078819841189052,-9.4232408962929,2.0993778941165377,7657.590964593775,-24427.921921699697,-24403.84639948732,0.25411652817860947,0.4947937634143161,-9.422429831600448,1.947113660653128,7652.301760799624,-24443.529155819277,-24419.4536336069,-3.7723199297524213,-0.4360208291835712,0.19486985738072168,-9.882186223536634,0.6160265846634242,2.2934684149664446,7576.968837003959,-24662.998027923168,-24622.872157569203,-60.18679913259621,-52.16162506180626,-75.79403325217572,-67.76885918138578,-295.26290535606677,-271.18738314368966
406,22672,-1.8754549835308119,-0.2001802131444468,-9.368832983395386,4.995498727331338,8223.271429809623,-22989.093761945987,-22973.035990022126,0.23580757142267905,0.43681782390114926,-9.461782194924037,1.8524334111315046,8237.060934457886,-22949.107199390164,-22925.02054150437,0.24563205097877852,0.412816302050751,-9.46148800452233,1.6806288121024417,8228.008195820184,-22974.038004047154,-22949.95134616136,-3.0001302146720943,-0.34126490382468844,0.18522762177538682,-9.624874234892848,0.3586466531147389,2.930274952954761,8155.784899852762,-23169.925437100366,-23129.781007290712,39.986562555823184,48.01544851775543,15.05575789883369,23.084643860765937,-180.8316751543789,-156.7450172685858
407,22558,-1.8586524200285663,-0.19976415093369645,-9.304234074738815,5.005903187964437,7682.049116871921,-24295.55534735301,-24279.50765725461,0.2549122423388404,0.5841649822408542,-9.386140416371639,2.2916317273783844,7633.07880021096,-24437.814823865083,-24413.743288717484,0.26957495456769986,0.5769143988533332,-9.385576099557579,2.140089014495037,7627.9472436807055,-24452.985187409355,-24428.913652261755,-2.356914072225889,-0.29600134675629963,0.20652064399431141,-9.88518089988468,0.5390810835006871,3.3783630073254645,7553.082490786156,-24671.47507323544,-24631.355847989442,-142.2594765120739,-134.23563146287415,-157.4298400563457,-149.40599500714598,-375.9197258824315,-351.8481907348323
408,22422,-1.702608224630467,-0.18257028646120116,-9.325768489673132,5.4773425587657965,7471.08039880274,-24637.845251298597,-24621.80965550117,0.23732903247903347,0.49977890074989645,-9.427862686546675,2.1058481363591652,7404.970008967354,-24835.1369824987,-24811.08358880256,0.24928897214051998,0.4872954597754441,-9.427811408131957,1.9547413413087678,7399.675670069853,-24851.173796130563,-24827.120402434422,-3.01570980027418,-0.34864328420926133,0.188055837024102,-9.712141602768773,0.4853314794330572,2.8682611864101872,7325.425909965726,-25073.296817699837,-25033.20782820627,-197.29173120010455,-189.2739333013924,-213.3285448319657,-205.31074693325354,-435.4515664012397,-411.39817270509957
409,22386,-1.9091323696258378,-0.20354662818539296,-9.379336747779357,4.912879220427011,7818.897352303181,-23543.659290502743,-23527.626908417846,0.25337550897580585,0.5877892779391385,-9.423975019354167,2.319834621408752,7846.295472860071,-23463.353844918252,-23439.305271790905,0.26730994510772355,0.5801831949637287,-9.4263260934184,2.170451214338172,7841.236347924991,-23477.79251838413,-23453.74394525678,-2.5853934107423817,-0.31915052326172516,0.20939412282856565,-9.920337545423296,0.545230689612029,3.133317751699037,7790.65581931076,-23618.662973368522,-23578.582018156278,80.30544558449037,88.32163662694074,65.86677211861388,73.88296316106425,-75.00368286577941,-50.95510973843193
410,22560,-1.8087739458786873,-0.19514910600640867,-9.268676566826228,5.124286861796642,7604.746664574583,-24527.875145035534,-24511.82727762431,0.2634298532155469,0.7249349973775756,-9.339140380154948,2.7519090510383806,7581.916291199189,-24593.704873376744,-24569.63307225991,0.27794867940687723,0.7100389103236276,-9.346055570355897,2.5545683895271614,7577.8243634726605,-24605.88369541008,-24581.811894293245,145.79326110688393,12.063370447651211,0.2288130572861423,-12.450542342529037,0.60998337674593,,7470.99009985267,-24922.20414113043,-24882.08447260237,-65.82972834121028,-57.80579463559843,-78.00855037454676,-69.9846166689349,-394.32899609489687,-370.2571949780613
411,22393,-1.823286460829628,-0.19554991440683794,-9.32389291174178,5.113783879851354,7357.506864390047,-24920.019789655038,-24903.98678227703,0.26019637919137817,0.6576930805699113,-9.376941040501508,2.527679603435867,7276.145501061773,-25167.027178533823,-25142.977667466806,0.27667584724966926,0.6634936629471294,-9.378764098612974,2.398090290651211,7275.16822371729,-25170.035040507228,-25145.98552944021,-4.175458936766803,-0.4749598445677911,0.1890723060706538,-9.85689995748801,0.7601832016405065,2.1054411471563252,7210.163074241344,-25367.0204448801,-25326.937926435075,-247.0073888787847,-238.99088518977806,-250.01525085218964,-241.998747163183,-447.0006552250634,-422.9511441580471
412,22304,-2.0534942413205357,-0.2191237094447703,-9.371392290335953,4.563632126043613,7994.441433661383,-22880.34015896766,-22864.315116340542,0.26208361943812253,0.5802651854680804,-9.416610105215492,2.2140459854458014,8062.681248147531,-22688.763232192076,-22664.725668251394,0.2782254914414727,0.5807991949711143,-9.417927407352984,2.087512513544399,8052.069009011408,-22718.139475960226,-22694.101912019545,-1.7698060693090711,-0.2516224990493796,0.22799998710983846,-10.06271286537183,0.5739523889076249,3.9742074090272634,7987.828200715563,-22892.7983078309,-22852.7357012631,191.5769267755859,199.58944808914748,162.20068300743515,170.21320432099674,-12.45814886323933,11.579415077441809
413,22423,-1.838331814944818,-0.1979999999839638,-9.28450411663488,5.050505050914095,7682.0851833186625,-24015.432375533597,-23999.39669054005,0.2604478912271023,0.7206051188799947,-9.355604740504305,2.7667919117519357,7714.987720416125,-23917.599262712236,-23893.545735221916,0.27477773904822433,0.7087932934846006,-9.363870289355445,2.5795149779589868,7710.378078356371,-23931.0008258688,-23906.94729837848,-2.8200097869114638,-0.3777717688856791,0.21172440363590653,-10.385732071531105,0.740939933648985,2.6471009280278404,7646.645727681463,-24113.114843995492,-24073.025631511624,97.83311282136128,105.85095531813204,84.43154966479779,92.44939216156854,-97.68246846189504,-73.6289409715755
414,22580,-1.9214646699732743,-0.2063584219942509,-9.311297554052851,4.845937424486895,8104.80627060917,-23131.63297565987,-23115.583335984466,0.24070650231131113,0.5580166550118797,-9.406460370279927,2.318245039721379,8186.242570716807,-22903.88360973007,-22879.80915021696,0.2547107247203071,0.5564368708442234,-9.405840310763976,2.1845835955876454,8177.863399882751,-22927.00759759822,-22902.93313808511,-2.648723618208173,-0.32638914861216023,0.19167852335121865,-9.944361895890829,0.5425352614781208,3.063827349199878,8113.282881098592,-23102.029469662386,-23061.90537047387,227.74936592980157,235.77418576750642,204.62537806164983,212.65019789935468,29.603505997485627,53.67796551059655
415,22589,-1.732294229947842,-0.18511774866361774,-9.357796550862547,5.401967165326356,7602.337478916971,-24595.585879488946,-24579.535442806733,0.24111621663107866,0.5248980743109077,-9.415854487544808,2.176950524709133,7495.239657230542,-24914.070849050935,-24889.99519402761,0.25265333241577553,0.5070546776137755,-9.417403459066836,2.0069186215179142,7491.460983830015,-24925.461809249264,-24901.38615422594,-2.74606125709637,-0.32081635548304965,0.1920345708268699,-9.687496664764854,0.46951156150259715,3.1170480647544014,7424.578734987707,-25124.037462418237,-25083.9113707127,-318.4849695619887,-310.4597512208784,-329.8759297603174,-321.8507114192071,-528.4515829292905,-504.3759279059668
416,22611,-1.718593578795106,-0.18482470498885165,-9.298505732222157,5.410532104246121,7494.878535521231,-24963.44127520418,-24947.388891619157,0.24489953339558226,0.5634995342852159,-9.383357230054633,2.3009416411382224,7425.495326716715,-25171.735609292482,-25147.657033914948,0.25665812031551716,0.5432965360593717,-9.38380105177627,2.116810235310232,7422.662108544269,-25180.36454485623,-25156.285969478697,-4.101066970444133,-0.4571409444799333,0.17503330577969348,-9.616389845307157,0.6865183839159242,2.1875091524292376,7346.947975401418,-25408.19019922999,-25368.059240267434,-208.294334088303,-200.2681422957903,-216.9232696520521,-208.89707785953942,-444.748924025811,-420.67034864827656
417,22588,-1.9049616041160073,-0.20433117235127982,-9.322912320206612,4.894015868909277,7475.0426022708725,-24974.91660776264,-24958.866259621052,0.2538406797530291,0.5245017718457095,-9.416475421970107,2.066263659378853,7390.846794725485,-25228.782259057254,-25204.706736844877,0.26912898813291003,0.5263356902470352,-9.414451605361139,1.9557004761861736,7385.570245966327,-25244.91427375468,-25220.838751542302,-3.0606249798614327,-0.34830861799624185,0.1922844340694562,-9.584354864214122,0.40550818647406733,2.8710171047527444,7301.890921442117,-25498.299673770198,-25458.173803416234,-253.8656512946145,-245.84047722382456,-269.9976659920394,-261.97249192124946,-523.3830660075582,-499.3075437951811
418,22438,-1.8487291106999046,-0.19786259804993142,-9.343499625095241,5.054012278498668,7654.308712001332,-24127.78247822882,-24111.745455770608,0.24462705000842075,0.5124259168862829,-9.419268732294157,2.0947230360201123,7564.612355027142,-24390.27299668589,-24366.217462998575,0.2559068761613654,0.4914017452700769,-9.421494335615693,1.9202365823113605,7560.390656209236,-24402.798809800213,-24378.7432761129,-3.055141509092326,-0.34651439976702386,0.1889791064923454,-9.569539552458203,0.4225515081139529,2.8858829551451306,7498.548638060398,-24583.0905420045,-24542.997985858972,-262.4905184570707,-254.47200722796697,-275.0163315713944,-266.99782034229065,-455.30806377567933,-431.25253008836444
419,22295,-1.809914316977741,-0.19317944390775327,-9.369083378467579,5.176534209703587,7496.709813908113,-24295.2804864802,-24279.256251046074,0.24557104031407806,0.4992638891633597,-9.445737299500141,2.03307315278225,7375.736325592706,-24655.986578260865,-24631.950225109682,0.2580126003542473,0.4857195030947068,-9.445682856201872,1.8825417922528647,7370.0689042535005,-24673.12435581994,-24649.088002668756,-2.8539227245456886,-0.3343425122872898,0.19555318105803726,-9.742462504513263,0.44343810545736484,2.9909448043530045,7274.278925923617,-24960.79566146811,-24920.735072882802,-360.7060917806666,-352.69397406360804,-377.8438693397402,-369.8317516226816,-665.5151749879115,-641.4788218367285
420,22430,-1.8495535373768321,-0.19757038106040772,-9.36149197794646,5.061487428595115,7299.5925463603235,-25175.487736583258,-25159.45142732823,0.2662171933932706,0.6315455991795821,-9.401703696006841,2.372294558175393,7203.459022171883,-25470.846746625197,-25446.792282742656,0.28200479725815364,0.627617017010218,-9.405164457486103,2.2255543987632347,7198.472143341837,-25486.380176877417,-25462.325712994876,-2.000364408109479,-0.2767183894244087,0.22130140322126415,-10.095124559726639,0.5869311704917478,3.613782235723696,7123.330997382357,-25717.74598276487,-25677.6552096273,-295.35901004193875,-287.3408554144262,-310.8924402941593,-302.87428566664676,-542.2582461816128,-518.2037822990715
421,22572,-1.7947862548188005,-0.19303219570388883,-9.2978596045812,5.180482957019247,7512.887230989208,-24827.23953106108,-24811.190600102902,0.2442952434460221,0.5353380801047724,-9.403706962840724,2.191356952158822,7437.379764265153,-25053.24469396553,-25029.171297528264,0.25798407119626565,0.5294151632213896,-9.400913273949207,2.0521234538493203,7433.701851073205,-25064.40970003687,-25040.336303599604,-3.17672041356419,-0.3736571336014144,0.19166069461637636,-9.840439558970774,0.5484803325036224,2.676250257453173,7344.354885481928,-25333.35008950155,-25293.227762106104,-226.00516290445012,-217.98069742536245,-237.17016897579015,-229.14570349670248,-506.1105584404686,-482.03716200320196
422,22465,-1.810603099139316,-0.1928913610532864,-9.38664691488768,5.18426535299188,7609.677791722445,-24315.209692446675,-24299.170264803666,0.23991161281960233,0.5077762313099677,-9.45305264090797,2.1165137666419755,7542.445472006266,-24512.572375617514,-24488.513234153,0.252399583751766,0.49928498435615765,-9.454714474349215,1.978152962594433,7537.5696756455245,-24527.0995187256,-24503.040377261088,-2.8128460206060377,-0.3393252197818508,0.1979679553558811,-9.89764144673749,0.502999296361181,2.947025277528417,7458.411186219442,-24760.271331425265,-24720.172762317743,-197.36268317083886,-189.34296934933445,-211.8898262789262,-203.87011245742178,-445.06163897859005,-421.0024975140768
423,22550,-1.809151154451342,-0.1927673740707056,-9.385152249818784,5.187599845776846,7724.177341666608,-24155.613178126696,-24139.566197436834,0.2531963855826154,0.5410251112048441,-9.434171955222205,2.13678054668878,7619.557116406822,-24461.129271735288,-24437.058800700495,0.2662596329339858,0.5277526890100405,-9.436158523535132,1.982098011608418,7614.818491487301,-24475.15754544097,-24451.087074406176,-2.5871086324375216,-0.312455598262991,0.20556104877139803,-9.805160026206082,0.4797495588604067,3.200454738398731,7538.048403476374,-24699.65295938599,-24659.535507661334,-305.5160936085922,-297.4926032636613,-319.5443673142727,-311.52087696934177,-544.0397812592928,-519.9693102245001
424,22442,-1.8257025372780402,-0.19546182626172257,-9.340455741129892,5.116088492189796,7393.442717819149,-24914.266327867837,-24898.228948903386,0.2427761473650478,0.49484923153727006,-9.439762175599084,2.0382942760566802,7321.8866198373125,-25130.525066291775,-25106.468997845102,0.25384348482322694,0.47498022885648084,-9.44180442713468,1.8711539088239764,7317.278957873692,-25144.652258535534,-25120.59619008886,-3.302576229730874,-0.3756628086353894,0.1938830483066973,-9.662811882560002,0.477669144823531,2.661961676836046,7232.264299239022,-25402.917629890217,-25362.824182479093,-216.25873842393776,-208.24004894171594,-230.3859306676968,-222.367241185475,-488.65130202237924,-464.5952335757065
425,22433,-1.8467054493301032,-0.19720038859142305,-9.364613642604267,5.070983922206599,7492.331840909436,-24597.2170345739,-24581.180457837872,0.2559194460813918,0.5424479311570145,-9.431212884257823,2.119604193674662,7373.3485386234115,-24954.327327754494,-24930.272462650453,0.27014550781056484,0.5352597299123342,-9.431567856167298,1.9813756454824205,7368.569382715701,-24968.87235626511,-24944.81749116107,-2.5589933988442213,-0.3148144310516489,0.2116346163695044,-9.871248794597825,0.5158974586789277,3.1764744603970794,7292.899537630875,-25196.433970801274,-25156.342528961206,-357.11029318059445,-349.09200481258085,-371.6553216912107,-363.6370333231971,-599.2169362273744,-575.1620711233336
426,22744,-1.581867980540025,-0.1702318473980991,-9.292432671782713,5.874341465973931,7130.65468588941,-26376.727454558088,-26360.663341251427,0.23642870649530004,0.535892173121972,-9.412586728534192,2.266612126191305,6966.226810659271,-26905.329518424245,-26881.23334846425,0.24724099098396968,0.5155083349051055,-9.414759976046259,2.0850439599577943,6967.153071278191,-26902.305575672915,-26878.20940571292,-3.3248578472058194,-0.37910176036214577,0.18033532892610454,-9.691169457360557,0.5069675023153031,2.6378141822520864,6865.44623604529,-27232.770833622155,-27192.6105503555,-528.6020638661576,-520.5700072128238,-525.5781211148278,-517.5460644614941,-856.0433790640673,-831.9472091040734
427,22413,-1.899893920945418,-0.20264952658908592,-9.375269475945277,4.934627861370276,7780.533335802957,-23709.318427788774,-23693.283634935487,0.26453482392692895,0.5811110481430396,-9.419591789841746,2.196727975230803,7691.535718555806,-23965.167017852,-23941.114828572066,0.28084907696671196,0.5840137999267454,-9.418353734349475,2.0794577864892414,7687.451276006698,-23977.072172988406,-23953.019983708473,-3.334672810340318,-0.3899975254402515,0.2092591769906829,-9.835752505849685,0.5758973518746545,2.5641188335006557,7612.250071610576,-24193.403031661655,-24153.316049528436,-255.84859006322586,-247.83119363657897,-267.75374519963225,-259.73634877298537,-484.0846038728814,-460.03241459294804
428,22679,-1.785456980403259,-0.1918537107854763,-9.306345825125533,5.212304708133391,7599.585177983193,-24791.98763419108,-24775.92924486076,0.2461053514200129,0.5740869495789709,-9.391659158133372,2.332687795151646,7535.044896154182,-24983.41395741683,-24959.326373421354,0.26120555548486857,0.5757697592141409,-9.391740884385959,2.204278382002081,7530.231716623497,-24997.905307970308,-24973.817723974833,-2.3342584622015075,-0.29433866692681365,0.19439652502409832,-9.906069305685016,0.5136490133693121,3.3974469288761395,7424.598536435252,-25314.296070835117,-25274.150097509322,-191.42632322575082,-183.39712856059487,-205.91767377922952,-197.88847911407356,-522.308436644038,-498.22085264856287
429,22424,-1.7927614025590506,-0.19126277684365667,-9.373289628773412,5.228408875488757,7540.210056533964,-24435.50888389431,-24419.47310970862,0.2526954549144045,0.5655648517656857,-9.412774534588163,2.2381283112403407,7433.175884502771,-24754.101055245625,-24730.047393967092,0.26657313157961315,0.5554666624795574,-9.414169134333637,2.083730866603355,7427.338526430642,-24771.717797240177,-24747.664135961644,-1.819123673105201,-0.25660658596360164,0.2151334139703815,-10.075951052297722,0.559707077578234,3.8970161122125098,7338.458083142302,-25037.676700869022,-24997.5872654048,-318.5921713513162,-310.5742842584732,-336.2089133458685,-328.1910262530255,-602.1678169747138,-578.1141556961811
430,22770,-1.84093820684673,-0.19604715376565582,-9.390282753338456,5.10081366034697,7880.114258995789,-24157.280618502835,-24141.21422018472,0.23883954124702117,0.46976966440141055,-9.457203909298164,1.9668839671549552,7828.397233883286,-24305.212191218205,-24281.112593741032,0.2517275397256054,0.4641653640110071,-9.454467684415453,1.843919678065295,7821.511463586048,-24325.24924099486,-24301.14964351769,-3.128640541042384,-0.3530592830525959,0.18825102620215528,-9.60640441551664,0.3816756958323799,2.8323855171116636,7754.041477593852,-24518.52007897284,-24478.35408317755,-147.93157271536984,-139.89837355631244,-167.96862249202604,-159.93542333296864,-361.2394604700057,-337.1398629928299
431,22508,-1.8485873281191256,-0.19795821731423316,-9.338270232979172,5.051571051544826,7669.2132629171465,-24229.390460681476,-24213.34720852037,0.25084373298284873,0.5031468524846882,-9.409143499520527,2.00581791102228,7580.560826053945,-24489.087652508257,-24465.022774266596,0.2632580348157147,0.4884330339419465,-9.40844252555676,1.8553395123680017,7574.587340542175,-24506.830958925802,-24482.76608068414,-3.0033992468797766,-0.3431311354867281,0.1970400261998074,-9.569226489427898,0.4233097355254601,2.914337687780825,7517.298477414246,-24673.71270828903,-24633.604577886264,-259.6971918267809,-251.67556574622722,-277.4404982443266,-269.4188721637729,-444.32224760755344,-420.257369365896
432,22743,-1.8233450600624532,-0.1948363332909511,-9.3583420980297,5.13251293077195,7815.736664846891,-24288.21184449866,-24272.14781912921,0.25112427481964444,0.5371765113059916,-9.413857680001252,2.1390863614908904,7718.7165266871525,-24570.29750428342,-24546.201466229246,0.26334565543125615,0.5195075106779445,-9.416703662846638,1.9727210225936571,7715.291609487168,-24580.39117437489,-24556.295136320718,-3.0120719715702444,-0.34772941870073065,0.19677187606067512,-9.664053437326054,0.48078568759034646,2.87579924567912,7648.489202249162,-24774.167586422256,-24734.007522998632,-282.0856597847596,-274.05364710003414,-292.17932987623135,-284.14731719150586,-485.9557419235971,-461.8597038694206
433,22595,-1.7833155924210529,-0.190836481925791,-9.34473102011237,5.2400882153594806,7112.1581449874775,-26114.07811845101,-26098.02715060732,0.2488246037600601,0.5294716629777471,-9.42405775336204,2.1278911127627596,6956.0096179352995,-26613.681586081464,-26589.605134315927,0.2619943691655731,0.5186053705942713,-9.422640407419374,1.979452353292857,6954.017671477762,-26620.15289337358,-26596.076441608042,-3.1207014751403315,-0.36209779050602653,0.19519035293931422,-9.74445218792812,0.49430607560352935,2.761684898995142,6844.75834876487,-26973.976802883568,-26933.84938327434,-499.60346763045527,-491.5779837086084,-506.0747749225702,-498.0492910007233,-859.8986844325591,-835.822232667022
434,22476,-1.8786895913499237,-0.20166051006793123,-9.316100562857198,4.958829072003937,7924.034491546312,-23428.299669437238,-23412.259262732772,0.24016504713479592,0.4725990898071862,-9.425502226621358,1.967809618615874,7907.4287548281245,-23473.450165831237,-23449.38955577454,0.25240094768969457,0.4608579571222055,-9.42503594861444,1.825896302452838,7899.393058372775,-23496.302366131047,-23472.241756074352,-3.0642913647053875,-0.3503378290086942,0.18329492079891876,-9.633689104630886,0.3966026353601136,2.8543877286377297,7815.296829760269,-23732.862617888964,-23692.761601127804,-45.150496393998765,-37.13029304176962,-68.00269669380941,-59.982493341580266,-304.5629484517267,-280.502338395032
435,22583,-1.6831697725213621,-0.17984800018473235,-9.358846196746589,5.560250872808382,7307.630661430299,-25475.909132000925,-25459.85922662129,0.2399053258696801,0.49349579894322715,-9.42969739249403,2.057043949125585,7191.896494701995,-25834.428501617323,-25810.35364354787,0.2511027812373531,0.474869486214811,-9.42861562120511,1.8911359080724164,7187.800154361378,-25847.29492831215,-25823.220070242696,-3.121426747650312,-0.35682195135856715,0.19145604860324597,-9.6485418099995,0.457343164358617,2.8025181640103445,7104.611652889115,-26106.185078600283,-26066.060315151197,-358.51936961639876,-350.49441692658,-371.3857963112241,-363.36084362140537,-630.2759465993586,-606.201088529906
436,22647,-1.6571005308244016,-0.1779843450904538,-9.310372381246468,5.618471666661401,7075.0992318808,-26344.559833742253,-26328.504268398636,0.24908124206637527,0.5901773893621496,-9.406147188268275,2.369417241001548,6948.392205007249,-26751.817705283232,-26727.73435726781,0.2620463091046403,0.5764433636733303,-9.408846551897435,2.199776694596164,6947.200403815632,-26755.7024941386,-26731.61914612318,-2.220387335357989,-0.2856706390238566,0.19406116740840748,-9.962492158640803,0.5016968701889242,3.500534753648551,6826.356321524581,-27149.105461504987,-27108.96654814595,-407.25787154098,-399.23008886917523,-411.1426603963482,-403.1148777245435,-804.5456277627345,-780.462279747313
437,22855,-1.796252604578227,-0.19363609609424481,-9.276434718576288,5.164326384236176,7886.660312479776,-24313.654808150375,-24297.580957768845,0.23961894572690087,0.5654921957610503,-9.388853179452111,2.359964459594754,7901.600427012406,-24268.400338871474,-24244.289563299175,0.25280344538388777,0.5593689354010238,-9.387324480851923,2.212663417429337,7896.360412277496,-24283.56185780124,-24259.45108222894,-2.7395840928449915,-0.3295664307951452,0.18479205686654387,-9.848237515780301,0.511495903352833,3.034289619811396,7805.8539946803485,-24543.033878811057,-24502.849252857228,45.254469278901524,53.291394469670195,30.092950349135208,38.12987553990388,-229.37907066068146,-205.26829508838273
438,22396,-1.886148089259368,-0.20299510235204185,-9.291594070030015,4.92622722623998,7743.228907984694,-23781.97636998169,-23765.94309468075,0.23772327565405274,0.5154917692735462,-9.418750216679848,2.168453079974031,7795.437408772386,-23629.47877131247,-23605.428858361065,0.2496397266888992,0.5015527829314778,-9.419567016520784,2.0091064414459656,7788.580749184888,-23649.186366166905,-23625.1364532155,-3.1241215717501523,-0.37398308308314077,0.191429174164699,-9.943379271139518,0.5658901705220639,2.6739177391552986,7713.345117553972,-23862.577476192266,-23822.49428793992,152.49759866921886,160.51423631968646,132.79000381478545,140.80664146525305,-80.60110621057538,-56.55119325916894
439,22366,-1.802740825262676,-0.1928025623139681,-9.350191219590817,5.186653061029118,7175.570467356519,-25423.003658244106,-25406.97306378893,0.2526616545363778,0.5205317008008892,-9.429542975736917,2.060192718028544,7053.58270794545,-25804.504354258363,-25780.4584625756,0.2669175922713514,0.5161144078309525,-9.427644294583448,1.9336095588119377,7049.773944046263,-25816.584714635286,-25792.538822952523,-3.0746755181929135,-0.35609827908153324,0.1991352476391274,-9.709538334525227,0.47032450605284765,2.8082135150421137,6946.162875715444,-26143.73903731749,-26103.66255117955,-381.5006960142564,-373.48539878667,-393.58105639118,-385.5657591635936,-720.7353790733832,-696.6894873906203
440,22515,-1.689023769343187,-0.18086495072027847,-9.338590824904445,5.528987214037819,7049.298150989976,-26141.626941487615,-26125.583067422143,0.24364134704356033,0.4982044195520199,-9.438715590278038,2.0448270607490384,6898.698847718743,-26625.8437203437,-26601.77790924549,0.25604650190153444,0.48711439053669126,-9.438478305831856,1.902445012601721,6895.41471404025,-26636.564564541095,-26612.498753442887,-3.2748499518411736,-0.37839019692526443,0.19471672212828445,-9.748499630171533,0.4849835002531219,2.6427745965033793,6793.360966405854,-26968.282345810858,-26928.17266064718,-484.2167788560837,-476.1948418233478,-494.9376230534799,-486.91568602074403,-826.6554043232427,-802.5895932250351
441,22856,-1.9442522413513113,-0.20876474191628897,-9.313125499567942,4.79008088636434,7521.951308602596,-25397.885913043334,-25381.811975155513,0.25416024504616763,0.5367014583250961,-9.411727335840995,2.1116656471101742,7429.455037331418,-25678.684961947394,-25654.574055115663,0.26777304094021603,0.5263613547340034,-9.4120987013282,1.965699582324722,7425.675397715479,-25690.3156164615,-25666.20470962977,-2.9499244981796098,-0.34385499258344104,0.20081744938711238,-9.690302449713926,0.46704885116167866,2.9082026481187024,7322.1551610646275,-26007.18957554618,-25967.00473082663,-280.7990489040603,-272.76207996015,-292.42970341816545,-284.3927344742551,-609.3036625028471,-585.1927556711162
442,22376,-1.931841116908486,-0.20772037605462182,-9.300200363591157,4.8141642095672,7599.033495234688,-24161.361470257143,-24145.32998178738,0.24744550069609536,0.5369640152613407,-9.418458910858007,2.1700294155714825,7628.169080271253,-24073.733313260815,-24049.68608055617,0.2623480946564421,0.5382685556467275,-9.417803663902221,2.051734190605108,7620.63191308912,-24095.853303767002,-24071.806071062358,-2.252346221641546,-0.2924197367650986,0.2082837111046925,-9.990130397260783,0.5433365370477684,3.419741810393948,7544.406397027411,-24316.7965550443,-24276.71783386989,87.62815699632847,95.6439012312112,65.50816649014087,73.5239107250236,-155.4350847871574,-131.3878520825092
443,22653,-1.8314735076588549,-0.1953933489131424,-9.373264329856971,5.1178814712087615,8013.561719087436,-23536.022890761207,-23519.966795616263,0.25233083724078603,0.5583987402755347,-9.40475086308054,2.212962737260227,7935.666463499133,-23755.296953036468,-23731.21281031905,0.2668983782230773,0.5540041137793343,-9.404988593177492,2.07571180262583,7930.864669605329,-23769.00820970432,-23744.924066986903,-2.696219709888006,-0.32130670135751244,0.19902010859237515,-9.751970041025688,0.4812988623467268,3.112291140443153,7850.332425926538,-23996.209016695037,-23956.06877883268,-219.2740622752608,-211.24601470278867,-232.98531894311236,-224.95727137064023,-460.1861259338293,-436.10198321641656
444,22473,-1.8273617636201398,-0.19560460023292664,-9.34212059145905,5.112354202351051,7493.792170317066,-24676.739013015773,-24660.69887328054,0.2522185066973156,0.6105110364871128,-9.404129097915257,2.420563996201039,7438.236717445073,-24841.9639042368,-24817.90369463395,0.26821780882303886,0.6139061746897679,-9.405220365380247,2.2888345012720714,7432.734544177889,-24858.5936647683,-24834.533455165452,-1.354913130186275,-0.2091226896094036,0.2064003854729529,-10.078925929356311,0.5297086272829367,4.781881879330195,7338.225132326174,-25142.17673899678,-25102.076389658698,-165.22489122102706,-157.2048213534108,-181.8546517525283,-173.83458188491204,-465.4377259810062,-441.37751637815745
445,22611,-1.8304294912962829,-0.1957518078140014,-9.350766727199334,5.108509653970479,7962.577993257168,-23594.732086605185,-23578.679703020163,0.24740841026988197,0.5354513735049882,-9.41976416439057,2.1642407908482117,7906.063162544037,-23753.787116760966,-23729.708541383432,0.2608528214469017,0.5265299866762514,-9.420178279216096,2.0184945048924074,7900.787768199769,-23768.87955313169,-23744.800977754156,-2.9616749420713404,-0.34405400273006415,0.20272508175308662,-9.69459552874036,0.5173485598004289,2.906520464999717,7848.1204986432695,-23916.110870395183,-23875.979911432627,-159.05503015578142,-151.02883836326873,-174.147466526505,-166.12127473399232,-321.3787837899981,-297.3002084124637
446,22440,-1.7060257920951625,-0.18278596292525295,-9.333461742862669,5.470879623338101,6982.8608861700295,-26192.150339706506,-26176.11313898723,0.23905869859469048,0.5243064132513897,-9.418956032216755,2.1932120283994325,6852.938716383208,-26611.598939832635,-26587.543138753725,0.2524077353690873,0.5191440171487118,-9.418137089558547,2.0567674615422744,6849.6094039718455,-26622.5034477132,-26598.44764663429,-2.665548457544689,-0.32504582866938403,0.19600186344195175,-9.883502019755223,0.5186155198296971,3.076489257202979,6762.1826232251115,-26906.76585054381,-26866.672848745624,-419.44860012612844,-411.429999766493,-430.3531080066932,-422.33450764705776,-714.6155108373023,-690.5597097583923
447,22571,-1.7692573710436303,-0.1887609507456227,-9.373005190188461,5.2977058869957485,7299.6865710541715,-25474.923153916752,-25458.874311565887,0.2542255111291535,0.5852030072535874,-9.41900620484808,2.301905126099986,7200.7619034723875,-25780.894775220073,-25756.82151169378,0.26692826358611765,0.5674708007254908,-9.422760644532213,2.125929989959309,7198.080887001923,-25789.3000650527,-25765.226801526405,-3.387398644151575,-0.39291553021293846,0.20388520097232016,-9.812731164102129,0.612282455067407,2.5450762902093875,7140.228914271982,-25967.43924051235,-25927.317134635192,-305.9716213033207,-297.94720012789185,-314.376911135947,-306.35248996051814,-492.5160865955986,-468.4428230693047
448,22643,-1.7862457630663078,-0.19083783906898114,-9.360018808537458,5.2400509504749495,7723.483417364585,-24350.477297069807,-24334.422085005062,0.23624716619345426,0.4980203537778331,-9.445563886333938,2.1080479474197045,7646.742912542007,-24574.583231003613,-24550.500412906495,0.24683200345404527,0.4768451017063782,-9.446404091502426,1.931860921734796,7642.623243108519,-24586.785395081606,-24562.702576984488,-2.631034139305883,-0.31910664849579884,0.18290554008192703,-9.882863167528756,0.4473617679509948,3.133748559341487,7552.227815327423,-24852.198739202926,-24812.060709041063,-224.10593393380623,-216.0783279014322,-236.3080980117993,-228.28049197942528,-501.7214421331191,-477.6386240360007
449,22932,-1.6919626137650243,-0.18183283053502725,-9.305044687400905,5.499556912014113,7336.108655506095,-26132.168401048966,-26116.08782386091,0.24110717071017196,0.6266007091092904,-9.37694400631889,2.598847256444767,7268.752114252469,-26341.69128782013,-26317.570422038043,0.25581845881513654,0.6264100008989038,-9.37826444629006,2.448650514901154,7266.05408163267,-26350.204822010273,-26326.083956228187,-1.9703954870887943,-0.27186608015105596,0.1978538497782303,-10.131942839937746,0.6000747036936361,3.678281598956272,7182.374397277144,-26611.83426128375,-26571.63281831361,-209.52288677116303,-201.48259817713188,-218.03642096130716,-209.996132367276,-479.6658602347852,-455.54499445269903
450,22861,-1.862323625457017,-0.1997152081789116,-9.324896398418916,5.007129948281987,8370.460900782327,-22964.982862511886,-22948.908487150038,0.23891260787458685,0.5272514268134598,-9.417569792262203,2.2068798775585403,8327.449460861893,-23080.756485850998,-23056.644922808227,0.2495449250088408,0.5022571875279888,-9.4217823580698,2.0126924541150055,8323.531936850584,-23091.51363174359,-23067.40206870082,-2.700310228490905,-0.3252508403840857,0.18833442984720616,-9.846023921792208,0.4945150289769881,3.0745500882307,8220.866828476104,-23371.241943962883,-23331.056005558265,-115.77362333911151,-107.7364356581893,-126.53076923170374,-118.49358155078153,-406.25908145099675,-382.14751840822646
451,22608,-1.927840066160645,-0.20578826124346428,-9.368075975333953,4.859363668061311,7771.269942055089,-24138.410232452927,-24122.358114243078,0.2566396188442037,0.549782724246237,-9.421456749219251,2.14223636522773,7772.856566397193,-24131.79493248977,-24107.716755175,0.2714600876887295,0.5464930016048303,-9.42053094762932,2.013161515778585,7765.603548783873,-24152.9007863383,-24128.82260902353,-2.6097434124542698,-0.3184286519744444,0.21130933670095947,-9.8427421255677,0.5143828179240448,3.1404209194097747,7681.6833377326075,-24394.54739225262,-24354.417096728,6.615299963155849,14.6413590680786,-14.490553885374538,-6.464494780451787,-256.1371597996949,-232.05898248492304
452,22667,-1.936600280285532,-0.20710505307433222,-9.350811346889085,4.8284674137868056,7916.872974562995,-23839.730577534126,-23823.673246731596,0.25549094559204416,0.5367873603472273,-9.410334133352052,2.10100345866794,7854.657534096055,-24016.56480081357,-23992.478804609775,0.26896365893179847,0.5252610995404775,-9.409197566621183,1.952907324456308,7848.774728125583,-24033.54778478088,-24009.461788577086,-3.4373570285946347,-0.39533893210811605,0.2050788455558468,-9.72101228297963,0.5743347139187305,2.5294751383770198,7792.548519120499,-24192.51161450729,-24152.36828750097,-176.83422327944209,-168.80555787817866,-193.81720724675324,-185.78854184548982,-352.7810369731633,-328.695040769373
453,22404,-1.8401984420279545,-0.1973751230800227,-9.323355513662552,5.0664946240188815,7790.542741853899,-23661.994586220797,-23645.960596634137,0.26172590009564545,0.6039725603600612,-9.400367441963063,2.307653006979228,7694.687748896318,-23937.363746897805,-23913.312762517817,0.27613405733700025,0.5949700903960484,-9.403169930962566,2.1546421913104816,7691.504913377294,-23946.632868837278,-23922.58188445729,-1.6974835801599413,-0.2410897954794475,0.209787849922303,-10.020713159056399,0.5187359974735446,4.147832130394952,7567.708948454776,-24306.162166674454,-24266.077192707806,-275.36916067700804,-267.35216588367985,-284.63828261648086,-276.62128782315267,-644.1675804536571,-620.1165960736689
454,22590,-1.7681152184329887,-0.1901859583047417,-9.296770561788138,5.258011731852804,7382.690432055102,-25259.96025314987,-25243.909727930946,0.2596111423259372,0.6387267543889553,-9.39848054277183,2.46032103501569,7308.119870628154,-25487.295928454037,-25463.22014062565,0.273982160826859,0.6280405905445412,-9.403798297222824,2.2922681850860602,7304.717025816488,-25497.81685142467,-25473.741063596284,16.09693242071264,1.2565527612367158,0.2234878115456917,-11.11691560796082,0.5561088598415436,,7167.809646986196,-25921.223898859782,-25881.097585812473,-227.33567530416622,-219.3104126947037,-237.8565982748005,-229.83133566533797,-661.2636457099106,-637.1878578815267
455,22677,-1.8202107606390194,-0.19559661878234283,-9.305941850991424,5.112562815376609,7789.069191828628,-24229.31865048432,-24213.260437536403,0.24906343330513026,0.5012020577230201,-9.418520375252129,2.0123470196806936,7667.399681687222,-24584.341524843865,-24560.254205421985,0.26138704943195346,0.48773377099745036,-9.41861530848552,1.86594466733296,7664.292969644689,-24593.53175733221,-24569.44443791033,-3.332877756086664,-0.3790826422550453,0.19247267695577674,-9.628752758761935,0.4567812719114467,2.637947213967143,7584.860815537399,-24825.780833951376,-24785.635301581573,-355.0228743595435,-346.9937678855822,-364.2131068478884,-356.1840003739271,-596.4621834670543,-572.3748640451704
456,22731,-1.710676101513783,-0.18230193302353115,-9.383751851347471,5.48540535700695,7613.5601894567535,-24859.139130014002,-24843.076160192802,0.24778220404883772,0.5028635209865028,-9.424105574557256,2.029457776908743,7425.983930026055,-25424.179862903293,-25400.085408171493,0.26020640750672425,0.490184678523862,-9.423123125971292,1.8838301609125234,7423.227534605748,-25432.61877902593,-25408.52432429413,-3.7320345974982443,-0.41817596028095594,0.1880590553954039,-9.608625428511425,0.49074411181777894,2.3913378457435464,7333.041721476974,-25706.4721046624,-25666.3146801094,-565.0407328892907,-557.0092479786908,-573.4796490119261,-565.4481641013263,-847.3329746483978,-823.2385199165983
457,22562,-1.8282580273936482,-0.19513078158371128,-9.369398372492675,5.124768075461222,7730.76405881272,-24161.241599677407,-24145.19355496908,0.26100562410664396,0.60892584521801,-9.395187588753169,2.3329989432304714,7635.714122168543,-24438.361381881557,-24414.289314819063,0.2756333919070449,0.6005861177808359,-9.399396409225988,2.1789309111842976,7631.956758751792,-24449.46636780657,-24425.394300744076,-2.395475037084404,-0.3025948853410352,0.21379285304918969,-9.920913182856486,0.5662967986998315,3.304748521684246,7555.927406851224,-24671.355444619978,-24631.23533284915,-277.1197822041504,-269.09575984998446,-288.22476812916284,-280.2007457749969,-510.1138449425707,-486.0417778800729
458,22345,-1.8848185414450518,-0.20179943858558133,-9.340058399843947,4.955415173644841,7468.804826145195,-24483.161355339107,-24467.13263961637,0.24810475341606306,0.5247655293285296,-9.434854798760412,2.1150966360105,7428.5134524076775,-24602.030484207233,-24577.98741062313,0.26061595860952236,0.5107757977192046,-9.43422724847127,1.959879204805311,7424.511340461009,-24614.072097933677,-24590.029024349573,-3.1504387950402606,-0.37070846699127286,0.20073650969928997,-9.837618987427511,0.5241680630144309,2.6975375235320476,7339.250667814224,-24868.15955679863,-24828.08776749179,-118.8691288681257,-110.8547710067578,-130.91074259456946,-122.89638473320156,-384.99820145952253,-360.95512787541884
459,22629,-1.6978812334678466,-0.1820793070421051,-9.324954389656252,5.49211229021623,7086.027983443117,-26270.697408214386,-26254.643433117344,0.24986945388975268,0.5466104962466083,-9.416645986645323,2.187584307475149,6894.29354105098,-26889.43145154142,-26865.350488895852,0.26217379965849164,0.5292186642643659,-9.418956029761585,2.0185795260767008,6893.771470986079,-26891.145096421093,-26867.064133775526,-2.9654673030359184,-0.3504849229156297,0.1920623071146944,-9.801382878428658,0.4865009022516016,2.853189779694816,6767.6653415511955,-27304.92496797879,-27264.79003023618,-618.7340433270329,-610.7070557785082,-620.4476882067065,-612.4207006581819,-1034.2275597644038,-1010.1465971188372
460,22366,-1.7633787820776972,-0.1879697982341621,-9.38118143788706,5.320003582459863,7332.863857299775,-24938.022064118664,-24921.991469663488,0.23672257261106025,0.48079785410919984,-9.448176094976947,2.0310604468597084,7271.332597342638,-25124.490674197743,-25100.44478251498,0.24986544300506836,0.47490615971246475,-9.444328535508163,1.9006476205788554,7264.558629842955,-25145.33653300304,-25121.290641320276,-2.3540303934373474,-0.3101314552309908,0.2043260314594931,-10.10941180631065,0.5540091920323362,3.2244391309974807,7171.237261719129,-25430.514187145458,-25390.43770100752,-186.46861007907864,-178.45331285149223,-207.31446888437495,-199.29917165678853,-492.4921230267937,-468.4462313440308
461,22585,-1.691548619540241,-0.1812026817784313,-9.335119121518362,5.51868211985277,7297.027683596429,-25512.959190190293,-25496.909107694115,0.23949427183913102,0.5134990389511603,-9.431109202316666,2.144097372383416,7196.793971260673,-25823.3425680205,-25799.267444276233,0.2524823097518702,0.5051660965165493,-9.430893995080792,2.000797984670716,7192.699567146357,-25836.195295487334,-25812.120171743067,-2.6974728698690282,-0.3236493858011927,0.19153176709817518,-9.82695018716997,0.473623652100693,3.08976331756201,7072.61209952697,-26212.45190516299,-26172.32669892255,-310.3833778302069,-302.3583365821178,-323.2361052970409,-315.2110640489518,-699.4927149726973,-675.4175912284336
462,22537,-1.912331691735756,-0.20536130595751037,-9.312035112064494,4.8694665011864595,7677.243284276357,-24266.0472437649,-24250.001416400864,0.26376984123637315,0.5959280557756494,-9.396759426479747,2.259272906191038,7617.914010495082,-24438.888276604546,-24414.81953555849,0.27952603927120856,0.5941342163650244,-9.397327825068567,2.125505795145507,7612.909709599016,-24453.69797244578,-24429.629231399726,-2.3976661970610103,-0.2970998109348368,0.20564144349987373,-9.83439042376645,0.49439110051913665,3.3658722193509947,7513.28971441923,-24746.556189072624,-24706.441620662532,-172.84103283964578,-164.81811915762592,-187.650728680881,-179.62781499886114,-480.5089453077235,-456.44020426166753
463,22610,-1.795568207282601,-0.19253391429742955,-9.325984016035624,5.193890144752283,7323.769080435863,-25483.511146323424,-25467.45885119288,0.2584494797502127,0.5842519859542042,-9.400415781716585,2.2606042253165857,7231.2383917534335,-25768.992559216895,-25744.91411652108,0.27387101378943474,0.5812725250968578,-9.402064069021641,2.1224317135794744,7224.790860171417,-25789.16112642096,-25765.082683725144,-1.860189742177033,-0.2527216653657349,0.21755392312204627,-9.964946561944823,0.5475730398448383,3.956922326199518,7146.944746653826,-26030.10271019163,-25989.97197236527,-285.4814128934704,-277.45526532819713,-305.6499800975362,-297.6238325322629,-546.5915638682054,-522.5131211723892
464,22519,-2.0367548554123616,-0.218705526095722,-9.312772712112105,4.572358174261791,7698.621945309702,-24166.049226744188,-24150.0049973916,0.25941584448491833,0.6140651529758638,-9.407620227589714,2.3671073530420528,7812.295101538761,-23833.978267507075,-23809.91192347819,0.2764982577012812,0.6213767915315516,-9.408457917254525,2.247308162798135,7801.484736400304,-23865.160806774074,-23841.09446274519,-0.4539470403064173,-0.14141185696882755,0.22199059915107658,-10.271080391906654,0.5649615860106633,7.071542807194996,7722.771039915083,-24089.522017373165,-24049.411443991692,332.07095923711313,340.09307391340917,300.8884199701133,308.91053464640936,76.52720937102276,100.59355339990725
465,22568,-1.6299057407859274,-0.1749085765451123,-9.318615318817962,5.717272530327183,7235.814317799783,-25666.87584076538,-25650.827264260017,0.23112832188139504,0.5218164981580505,-9.408067046187705,2.257691718221465,7114.544879796723,-26046.312122582673,-26022.239257824625,0.24209673276514812,0.5026926624394198,-9.407505631243206,2.076412418696576,7110.773367608942,-26058.278883194682,-26034.206018436635,-3.383250051305458,-0.4016949475947756,0.18361592662547846,-10.009160972376465,0.6276874275169353,2.489451276367027,7037.764743148677,-26287.18962610295,-26247.06818483954,-379.4362818172922,-371.41199356460857,-391.4030424293014,-383.3787541766178,-620.3137853375702,-596.2409205795229
466,22671,-1.7269147857509448,-0.18545887080574192,-9.311578239683096,5.3920311045538805,7901.590112498466,-23891.745354034145,-23875.687670326766,0.24523169119350383,0.5594113699479794,-9.394637392124315,2.2811544756936297,7797.487204415576,-24190.419282257735,-24166.33275669667,0.25861795295612283,0.5520464526326951,-9.394895178835691,2.1346022049998803,7793.807330678619,-24201.12094899258,-24177.034423431513,-2.707364300701958,-0.32335293553472044,0.18849710970054526,-9.775660538158764,0.4669141174862707,3.0925960153920538,7704.638588854895,-24457.994440731913,-24417.850231463468,-298.67392822359034,-290.64508636990286,-309.3755949584338,-301.3467531047463,-566.2490866977678,-542.1625611367017
467,22632,-1.8337059549624863,-0.19589614352236764,-9.360602623364619,5.104745718926411,7598.809063279294,-24695.96055244486,-24679.906312218896,0.25746454099927246,0.5815370243657287,-9.406251214699612,2.25870724608781,7517.863024326281,-24936.340390131867,-24912.259029792924,0.2708845884585378,0.5670434281838665,-9.410180073261749,2.0933026548708935,7512.657031253102,-24952.018096493066,-24927.936736154123,-2.04455929067495,-0.27590829996193095,0.21517491822764112,-10.024250670569744,0.5521527667779873,3.624392597605716,7424.908587803755,-25213.91759667149,-25173.781996106583,-240.37983768700724,-232.35271757402734,-256.0575440482062,-248.03042393522628,-517.9570442266304,-493.87568388768705
468,22502,-1.9885033030305719,-0.21305397301033435,-9.333331244351486,4.693646336984733,7300.059682019992,-25326.98902753832,-25310.946308592058,0.26042146888612544,0.6009084629046992,-9.427198317801002,2.3074459470446294,7298.665457247742,-25329.287052964683,-25305.22297454529,0.276022835677383,0.5979875295901131,-9.43037665048446,2.166442237007681,7290.932880466396,-25353.139451776307,-25329.075373356914,-0.6633137524416397,-0.15250028106926886,0.21839578999250303,-10.183236916768186,0.5244294586302758,6.55736496345065,7189.762032790832,-25663.56959073074,-25623.462793365088,-2.2980254263638926,5.7233340467682865,-26.150424237988773,-18.129064764856594,-336.58056319242314,-312.51648477303024
469,22966,-1.8861587139190439,-0.2020650161106652,-9.3344149829778,4.948902186276167,7660.76840828525,-25210.430382087266,-25194.346841806593,0.25736087108562755,0.6021801952467992,-9.380917702400088,2.339828089276421,7614.352610132847,-25348.002238833324,-25323.876928412315,0.2719609238072585,0.5940377775547431,-9.384052457626337,2.1842762160042657,7609.928537170393,-25361.349767236483,-25337.224456815475,-2.504323294460571,-0.3087639179182872,0.2148201976922525,-9.836615367344328,0.575669632865448,3.238720400823016,7542.943213077034,-25560.399723660725,-25520.190872959043,-137.57185674605716,-129.53008660572232,-150.9193851492164,-142.87761500888155,-349.9693415734582,-325.84403115245004
470,22597,-1.8394095823425294,-0.1970820257156708,-9.333218367646758,5.074029437076595,7467.610389842459,-25016.349742768587,-25000.298597902416,0.25856452348534,0.6179979019983574,-9.398169530191183,2.390110962122754,7378.4906687499715,-25285.648249974125,-25261.571532674865,0.2715906302577823,0.6005186012319309,-9.402876425238343,2.2111167850744486,7376.778565457886,-25290.892261133904,-25266.815543834644,-2.784275273109815,-0.34998300591256537,0.2114964163198713,-10.050406995428615,0.6094234885993685,2.8572815911233853,7289.094271207354,-25557.10128705915,-25516.97342489372,-269.29850720553804,-261.27293477244893,-274.54251836531694,-266.5169459322278,-540.7515442905642,-516.6748269913041
471,22277,-1.8600287979292216,-0.19890826374543732,-9.351189150741797,5.0274432101011115,7357.621335496384,-24674.863004830804,-24658.840384760675,0.2564084699579368,0.6027521968102472,-9.412730043283215,2.3507499456204672,7298.2706504793505,-24853.29043141958,-24829.256501314387,0.2722192110615005,0.6033962534210009,-9.4131514989907,2.2165821841452624,7293.342495140375,-24868.338050838356,-24844.304120733163,-2.1279404998864684,-0.27936593517761477,0.21080620047757267,-10.00205900601272,0.5535001582386303,3.5795344889283722,7208.2098776852135,-25125.899166171326,-25085.842615996004,-178.42742658877614,-170.41611655371162,-193.475046007552,-185.46373597248748,-451.0361613405221,-427.0022312353285
472,22807,-1.8297113643435474,-0.19639733530090464,-9.316375711209151,5.091718777486864,7672.839834092583,-24841.50579294099,-24825.436147370256,0.248837869776885,0.5868159936879802,-9.383790059319507,2.358226238691626,7599.785375575444,-25057.69562215356,-25033.59115379746,0.26307736281388683,0.5806781197489566,-9.385254675412943,2.2072523212867816,7595.307858091869,-25071.136637964803,-25047.032169608705,-2.2475915792896846,-0.29175846600394073,0.20140870409562844,-9.980710487530711,0.5506037294820719,3.427492657527522,7499.054198455606,-25358.01172940028,-25317.83761547345,-216.18982921256975,-208.15500642720508,-229.6308450238139,-221.59602223844922,-516.5059364592926,-492.40146810319493
473,22477,-1.70831787234251,-0.18325407295218157,-9.322127714936407,5.456904634588616,7298.86609853992,-25277.535241594203,-25261.494745907912,0.25128880734130954,0.6075206096932358,-9.40016492855706,2.417619058011125,7206.46877224453,-25561.890959894117,-25537.830216364684,0.267261363377682,0.6135519634435411,-9.40003981957427,2.2957001928351928,7202.896525928616,-25573.035570420154,-25548.97482689072,-2.165380175909198,-0.28641120923283353,0.2062423785383612,-10.04431631034786,0.5680937792120943,3.491483460715623,7119.018102531614,-25832.31836855511,-25792.217129339384,-284.35571829991386,-276.3354704567719,-295.5003288259504,-287.48008098280843,-554.7831269609051,-530.7223834314718
474,22516,-1.8150954625846392,-0.19493872778396093,-9.311107562968207,5.129817001310488,7624.306219132632,-24378.234987700504,-24362.191024807336,0.24620131513864343,0.5591718927853723,-9.420488258272984,2.2711978304034877,7550.720282614914,-24594.60349377559,-24570.537549435838,0.258596059274895,0.5451546570068374,-9.422928422311928,2.1081321135962185,7548.528841609577,-24601.139247390445,-24577.073303050693,-1.9875213342706517,-0.26661255914592763,0.1969305617558254,-10.006057902427196,0.49330896269415137,3.750761041428136,7429.602103574184,-24954.701979035875,-24914.592071802956,-216.36850607508677,-208.34652462850136,-222.90425968994168,-214.88227824335627,-576.4669913353719,-552.4010469956193
475,22517,-1.9234164340212445,-0.20587213168789972,-9.342772225903438,4.857384007253546,7661.43391832154,-24270.93411101338,-24254.89005929646,0.2533254429690806,0.5159141167659386,-9.436248036849472,2.0365665237538257,7620.811638278725,-24388.640868852548,-24364.57479127717,0.2671111133019561,0.5093160787633676,-9.436515431594389,1.9067573507793762,7614.9533002794815,-24405.95699361057,-24381.89091603519,-2.742877951259581,-0.32309858146748166,0.19893577616361277,-9.720112383833596,0.4205415265545349,3.09503061096121,7534.517974367474,-24641.064909661658,-24600.95478036936,-117.70675783916886,-109.68473198070933,-135.0228825971899,-127.00085673873036,-370.13079864827887,-346.0647210729003
476,22588,-1.6613321566785388,-0.17738014579900582,-9.365941995340552,5.637609527805478,7682.610767658505,-24356.239994614778,-24340.18964647319,0.24194168099145558,0.5857982177765699,-9.405579285270031,2.4212372807199682,7576.137161023638,-24669.477506000447,-24645.40198378807,0.2532825984946881,0.5636718236598547,-9.40995405345005,2.22546604863451,7573.30069142259,-24677.93592890976,-24653.860406697382,-2.157148606879736,-0.2859347775341376,0.1926291748788485,-10.066747001600394,0.5440146436772006,3.4973010580380017,7474.854092089064,-24969.486252901195,-24929.36038254723,-313.23751138566877,-305.2123373148788,-321.69593429498127,-313.6707602241913,-613.2462582864173,-589.1707360740402
477,22642,-1.6128045572114063,-0.1728698717369268,-9.329587284392566,5.7846979924980735,7194.784434745769,-25953.925636477772,-25937.870512742495,0.24362446669171495,0.5587261336754408,-9.3977924415352,2.293390894858105,7014.621781906659,-26526.11731448765,-26502.034628884736,0.25595851116903456,0.5454451342171404,-9.399735426675603,2.1309904160871187,7014.1419171639545,-26527.666288829452,-26503.58360322654,-3.4730725451181517,-0.3974297494088581,0.18934412586748423,-9.722378419296982,0.582289748855973,2.516167955437187,6927.889108009069,-26803.820739346433,-26763.682930008243,-572.1916780098763,-564.1641161422413,-573.7406523516802,-565.7130904840451,-849.8951028686606,-825.8124172657481
478,22413,-1.8429764967009623,-0.19743046447291607,-9.3348131536903,5.0650744436514366,7126.020100493068,-25678.793565914926,-25662.75877306164,0.2570624718349685,0.6118615028051831,-9.39690866299522,2.380205474714302,7040.9610934870325,-25945.93353388758,-25921.881344607646,0.2711632319449463,0.6001211536042467,-9.401054433034368,2.2131361589837075,7037.939431797536,-25955.55424317023,-25931.502053890297,-2.0518768754683854,-0.27499406936265,0.21221193311698489,-10.028975320938294,0.5774404293595243,3.63644205970582,6953.551257426281,-26221.92072941902,-26181.8337472858,-267.1399679726528,-259.12257154600593,-276.7606772553045,-268.7432808286576,-543.1271635040939,-519.0749742241605
479,22534,-1.82394176355148,-0.19609415427641277,-9.301357147956926,5.099591080060489,7394.216049943637,-25106.249125352035,-25090.203564234587,0.26118662847527996,0.6114564516448049,-9.37550704402837,2.34107103879813,7315.622174779024,-25345.047318888723,-25320.97897721255,0.2753616866196401,0.6008742457855392,-9.37794061486646,2.1821272710881265,7312.555615903334,-25354.495090129385,-25330.426748453214,-4.396158988893244,-0.5091655301988479,0.19990279716606588,-10.027174847361591,0.7825900333926571,1.9639978370284867,7227.584656443134,-25613.87045815079,-25573.75655535717,-238.7981935366879,-230.77541297796415,-248.2459647773503,-240.22318421862656,-507.62133279875343,-483.55299112258217
480,22489,-1.7240196919377326,-0.18459806285552632,-9.339316270545147,5.417174939601827,7807.903031868262,-23786.88530480179,-23770.843741642275,0.2363203404612627,0.531272590375332,-9.42382101188566,2.248103524810288,7741.773045543712,-23976.16983332872,-23952.107488589445,0.2483206093246524,0.5212151885491589,-9.425851384462163,2.098960653997616,7739.332481045945,-23983.26052273081,-23959.198177991533,-3.3708278320266842,-0.3816810366106698,0.18105833530357812,-9.662567116715406,0.49863356732901803,2.619988692338521,7659.773041594706,-24211.641312780714,-24171.53740488192,-189.28452852692863,-181.26374694717015,-196.3752179290168,-188.35443634925832,-424.75600797892184,-400.6936632396464
481,22427,-1.9147421146338535,-0.20692355645054455,-9.253379110036143,4.832702555250172,7490.648292844853,-24589.677895287045,-24573.641853548794,0.2650456842196104,0.6573650659641349,-9.352810646124999,2.4801953214203567,7447.378000983817,-24717.60477192221,-24693.550709314834,0.27922621622014027,0.641955166199717,-9.356996697734294,2.2990504791770823,7444.741756877881,-24725.544950774212,-24701.490888166834,-2.144055296864837,-0.2807871603374452,0.20967908116680237,-9.957828715280964,0.5839852234180597,3.5614164080658712,7361.195175435757,-24974.648699319885,-24934.558594974253,-127.92687663516699,-119.90885576603978,-135.86705548716782,-127.8490346180406,-384.97080403284053,-360.9167414254589
482,22516,-1.9707669392715963,-0.21078657350171792,-9.349584779201008,4.744135185592596,7963.778492140841,-23397.387558711536,-23381.34359581837,0.24720738094710662,0.5433629547536237,-9.425092256888593,2.198004576853163,8014.459506621045,-23252.551089626948,-23228.485145287195,0.2607584733015633,0.5346012945098627,-9.425766392938483,2.0501780354098185,8006.232215661375,-23275.67689502209,-23251.610950682338,-1.8280286564260053,-0.25659511185844236,0.2051452321685166,-10.06870372878616,0.5195177420770322,3.897190374194178,7908.756670862568,-23547.49069882195,-23507.380791589032,144.83646908458832,152.85845053117373,121.71066368944594,129.73264513603135,-150.10314011041555,-126.03719577066295
483,22659,-1.731226124195905,-0.18453599558433215,-9.381509112701767,5.418996964974264,7709.027004896221,-24426.143986419404,-24410.08736161344,0.24589973753200906,0.5379339751766403,-9.423332597183384,2.1876150848132436,7566.39544245111,-24847.305115249103,-24823.22017804016,0.2583728661230451,0.5234365573100819,-9.423713269437028,2.025896005120001,7563.6801363977465,-24855.438071387107,-24831.353134178164,-3.041099285702791,-0.35721289939989265,0.19436928900360598,-9.80606782796219,0.5192475040648638,2.7994509763784317,7475.258672259137,-25117.88839323402,-25077.746831219112,-421.161128829699,-413.1328164267179,-429.2940849677034,-421.2657725647223,-691.7444068146178,-667.6594696056709
484,22690,-1.8759660873339299,-0.20058938075244964,-9.352270196442191,4.985308774815527,8097.832285089689,-23374.13987071604,-23358.080511560493,0.2566435222003671,0.5630772641507481,-9.402482975786013,2.1940053632491123,8032.913245876573,-23554.775068798517,-23530.686030065197,0.270564091006522,0.5521277142853821,-9.401976020865394,2.040654072872046,8027.696867876044,-23569.514187693207,-23545.425148959886,-2.1652502442538895,-0.27872369049937307,0.20836345475356352,-9.90490608997481,0.508717304692818,3.5877825749521257,7932.27393265612,-23836.83952118171,-23796.691123292843,-180.63519808247656,-172.60551850470438,-195.37431697716602,-187.34463739939383,-462.69965046567086,-438.61061173235066
485,22904,-1.6178064471458493,-0.17374180351865598,-9.31155550582352,5.755667201259496,7035.1071762938,-27031.850510568984,-27015.77237687543,0.22848621339201372,0.508126459196634,-9.401431613922133,2.223882358822419,6924.1877989135555,-27393.844665431552,-27369.727464891217,0.24122403663778277,0.5031835975433752,-9.399490096613324,2.085959610645873,6921.2001939818965,-27403.72927169205,-27379.612071151714,-2.9828144009717046,-0.34225209105895743,0.17351049471599383,-9.654205625879124,0.4518219135758727,2.921822908096526,6827.756433569542,-27711.06472802868,-27670.86939379479,-361.9941548625684,-353.9550880157876,-371.8787611230655,-363.8396942762847,-679.2142174596956,-655.0970169193606
486,22579,-1.9342554727952115,-0.20731211283648457,-9.330161399304425,4.8236448238253224,7762.236528114819,-24104.72195986097,-24088.672408761482,0.25153933581229865,0.5510684302651864,-9.41748899055311,2.1907843100786413,7791.630018451128,-24017.382869882476,-23993.30854323325,0.2654076935275774,0.5419214057909988,-9.418038394911385,2.0418451273519316,7782.855147126333,-24042.82548817777,-24018.75116152854,-0.173986321648082,-0.12064302483116635,0.2197485918605837,-10.316787868156057,0.5517517653403204,8.288916838743459,7682.876482146845,-24330.75473891199,-24290.630861163274,87.33908997849358,95.36386552823387,61.896471683201526,69.92124723294182,-226.03277905102004,-201.95845240179187
487,22474,-1.813833638245888,-0.1952116342287861,-9.291626728149271,5.122645501896725,7499.410837873715,-24661.99311683497,-24645.952888106032,0.24483894992602423,0.5385237621711104,-9.406321112601026,2.1995020087033548,7444.163313989694,-24826.17002956407,-24802.109686470667,0.2577332098186117,0.5277377795952679,-9.407041893579922,2.0476126455208505,7441.420815802924,-24834.451183250676,-24810.390840157273,-3.0224700264962654,-0.35968097544462385,0.19284400227591997,-9.84860894784044,0.5245904211371016,2.7802415703633985,7331.9867639873155,-25163.409690271394,-25123.309118449055,-164.17691272910088,-156.1567983646346,-172.45806641570744,-164.43795205124115,-501.4165734364251,-477.3562303430226
488,22797,-1.7629584384866428,-0.18861853208496182,-9.34668730054866,5.301705982684445,7206.233063348633,-26250.908086203683,-26234.839317749007,0.25412160758630653,0.5389223795285539,-9.413523070437085,2.1207263114984087,7039.7125566351915,-26781.879501348365,-26757.77634866635,0.26790489936164696,0.5307154703002206,-9.414632207093742,1.980984564167315,7037.716470558171,-26788.3444282203,-26764.241275538287,-2.7016846413945665,-0.3193048488296338,0.20075777883735224,-9.703067779631212,0.44749165774431376,3.1318033649202537,6932.994315743336,-27126.115969336173,-27085.944048199482,-530.9714151446824,-522.9370309173428,-537.4363420166192,-529.4019577892795,-875.2078831324907,-851.1047304504755
489,22742,-2.0141898213052825,-0.21649354996663486,-9.303694366948584,4.619075257226444,7604.701017516079,-24908.65167596032,-24892.587738531947,0.25641407276877193,0.5615291485270079,-9.414044435560855,2.18993108476297,7678.8512671983135,-24685.978081475638,-24661.882175333085,0.27299769775940746,0.567539851811091,-9.41282702268823,2.078918087841397,7668.387806538897,-24716.988227084654,-24692.8923209421,-1.5679494206955056,-0.2268010835059892,0.20828840916055505,-10.009693128054316,0.5017642039415936,4.409150011726433,7576.191542842924,-24988.07000464696,-24947.910161076037,222.6735944846805,230.70556319886236,191.66344887566447,199.69541758984633,-79.41832868664278,-55.32242254408993
490,22491,-2.0920090326876397,-0.22392640213920736,-9.342395593830465,4.4657529904773545,8305.180488969356,-22402.338338555543,-22386.2965975392,0.26078619156722493,0.6036097094159564,-9.413932212826886,2.3145769558905465,8404.738094257154,-22132.332652611294,-22108.27004108678,0.27711574917714576,0.6065737284783594,-9.415445566134876,2.1888821919342023,8395.844750617269,-22156.14375634906,-22132.081144824548,-0.17553659669689828,-0.116293432806562,0.22403527668236434,-10.28838221467454,0.5555938891600471,8.598937840826844,8316.456086541177,-22365.823954158248,-22325.71960161739,270.0056859442484,278.02655645241975,246.19458220648085,254.2154527146522,36.514384397294634,60.5769959218087
491,22444,-1.9620167032715268,-0.21074524118040885,-9.309898018489246,4.745065627099727,7829.7220437505,-23631.693523253132,-23615.655966059392,0.24904259297955886,0.5434935839545955,-9.410289469017293,2.1823318551746884,7843.381721906513,-23590.57199394528,-23566.515658154665,0.26220834505905494,0.5325444589787999,-9.411409271859359,2.0309973691297256,7839.2856293300065,-23602.296109724648,-23578.239773934034,-3.5989861380218606,-0.40946783291459826,0.1912734795281009,-9.706738329324022,0.5567782873872448,2.4421942814945554,7749.725278184204,-23856.18477868474,-23816.090885700385,41.12152930785305,49.1403079047268,29.39741352848432,37.416192125358066,-224.491255431607,-200.43491964099303
492,22731,-1.8694179935748034,-0.20004961024416662,-9.344771985774539,4.998760051466582,7829.7832009565545,-24222.581831879786,-24206.518862058587,0.23860680473797669,0.5206137268930472,-9.427694542830416,2.181889688622892,7849.459479931567,-24163.53038605779,-24139.435931325992,0.2503299078261606,0.5043739033277908,-9.428213690392218,2.0148367716335707,7842.1776439417645,-24184.627410473964,-24160.532955742165,-2.4531394476970907,-0.30310518147192744,0.19577756825107495,-9.890248852506934,0.5040673796906406,3.299184775211824,7773.814394344119,-24379.650943541328,-24339.49351898833,59.051445821995,67.08293073259483,37.95442140582236,45.98590631642219,-157.06911166154168,-132.9746569297422
493,22441,-1.7898323206368445,-0.18946310972169658,-9.446864475442945,5.278072345951175,7962.6585242525225,-23247.719575118037,-23231.68228527419,0.24814261017085223,0.540928377662802,-9.445657427395735,2.1799092759214536,7880.368289290085,-23478.84318107186,-23454.787246306092,0.25999527977715453,0.5211030181573437,-9.44890039909239,2.0042787646144506,7872.778963300927,-23500.465790823197,-23476.409856057428,-2.2376533610840363,-0.286807194486131,0.20933762808265563,-9.955369528651513,0.5124283171409181,3.4866628844220173,7805.961403740304,-23687.739055981463,-23647.645831371847,-231.12360595382415,-223.10496103190235,-252.74621570515956,-244.72757078323775,-440.019480863426,-415.96354609765694
494,22614,-1.9709755059418232,-0.21075500253519044,-9.351974957807814,4.744845854052867,8122.8016824455,-23150.34013865646,-23134.28748973147,0.25540588700541256,0.6073101694085526,-9.400522816056078,2.377823692825383,8187.501771806876,-22968.927720066647,-22944.848746679163,0.2704733616678202,0.6039155434046927,-9.40327992122735,2.232809692166236,8178.977348911021,-22992.48456639587,-22968.405593008385,-0.3558202984065045,-0.1260449965630333,0.21506681738479633,-10.211778634154438,0.5349730554327611,7.933674697669687,8101.406320302298,-23203.9837280256,-23163.852105713122,181.41241858981084,189.43874305230565,157.85557226058881,165.88189672308363,-53.64358936914141,-29.564615981653333
495,22615,-1.7998185619577824,-0.19368093375236511,-9.292698703420022,5.163130828760726,8007.273450732002,-23476.319847369185,-23460.26711000536,0.24261100215155423,0.5259640081804691,-9.412080074166708,2.1679313943557674,7976.926471551431,-23560.19186625043,-23536.112760204694,0.2556350096367921,0.5177080719147418,-9.412368802818907,2.025184549840434,7969.330089072318,-23581.738265194545,-23557.65915914881,-2.494547689161595,-0.30578120908848144,0.19294033164777416,-9.848246846610602,0.48789447595248703,3.270312139130296,7879.91879957678,-23832.899601474892,-23792.767758065333,-83.872018881244,-75.84565019933507,-105.41841782535994,-97.392049143451,-356.57975410570725,-332.5006480599732
496,22433,-1.8861840054843186,-0.20266321737730875,-9.30698737488565,4.934294505639114,7857.958285224389,-23528.357800346126,-23512.3212236101,0.23785065034446068,0.4964633893467924,-9.44346069714143,2.0872904430902457,7903.526888603991,-23396.643713564958,-23372.588848460917,0.2499724395989819,0.4843495855263513,-9.442823162783291,1.9376119475545734,7895.67688739541,-23418.935861207337,-23394.880996103297,-2.615392921225269,-0.3111096753954004,0.1887514944133493,-9.77542897231468,0.4405208352201426,3.2143005476414843,7819.057041145336,-23633.689374807913,-23593.597932967845,131.7140867811686,139.7323751491822,109.42193913878873,117.44022750680233,-105.33157446178666,-81.27670935774586
497,22394,-1.6657924897780645,-0.17683909707949788,-9.419820148873576,5.65485809707822,7514.8995543171495,-24448.129723503956,-24432.096626814317,0.24312151012931982,0.5192495218321876,-9.441179664544403,2.1357613382542393,7327.7147087011745,-25010.995131865362,-24986.9454868309,0.25471179930844484,0.5015028932698161,-9.443435701982146,1.96890326491125,7325.893580922008,-25016.561315277737,-24992.511670243275,-3.0699357165362366,-0.35090279010818304,0.19396493034987322,-9.654618438208791,0.45618092265336413,2.849792102512781,7242.0681610168285,-25270.27851753985,-25230.195775815748,-562.8654083614056,-554.8488600165838,-568.4315917737804,-560.4150434289586,-822.1487940358929,-798.0991490014312
498,22498,-1.8277858275816863,-0.19463408395880835,-9.390882575163516,5.137846258272196,7870.026387719158,-23627.111792421634,-23611.06942903093,0.2513039723757072,0.5373963074442297,-9.436829314906133,2.138431407844225,7756.061760145112,-23953.283709622443,-23929.220164536386,0.264814695354046,0.5300891457311336,-9.438296451446321,2.0017361386324386,7751.419261555144,-23966.754232172338,-23942.69068708628,-2.7186821263932757,-0.3298636316943444,0.2023852229006288,-9.861786781301682,0.47925121542119714,3.031555782198542,7670.557545748105,-24198.682943077325,-24158.577034600563,-326.1719172008088,-318.1507355054564,-339.6424397507035,-331.62125805535106,-571.5711506556909,-547.5076055696336
499,22594,-1.723529172206068,-0.18489685948626616,-9.321570831407707,5.408420688044615,7432.225976720829,-25117.341734150064,-25101.290854823492,0.24226966975434366,0.47493014402968065,-9.422971127261832,1.9603367788929162,7271.121070447787,-25610.487488335777,-25586.411169345916,0.25319709742935365,0.45607042014352905,-9.420573734569434,1.801246636607991,7269.692684030997,-25614.92643698744,-25590.85011799758,-3.8147210167531007,-0.4172652710846825,0.17938008083786378,-9.393721267578561,0.4150063883293809,2.3965569849618604,7186.245301673647,-25871.778565881756,-25831.651367565322,-493.1457541857126,-485.12031452242445,-497.5847028373755,-489.5592631740874,-754.4368317316912,-730.3605127418305
