rep,n,ou_a,ou_b,ou_x_star,ou_tau,ou_sse,ou_aic,ou_bic,tanh_A,tanh_Delta,tanh_x_star,tanh_tau_local,tanh_sse,tanh_aic,tanh_bic,rat_A,rat_Delta,rat_x_star,rat_tau_local,rat_sse,rat_aic,rat_bic,hinge_a,hinge_b,hinge_A,hinge_x_c,hinge_Delta,hinge_tau_from_b,hinge_sse,hinge_aic,hinge_bic,delta_aic_tanh,delta_bic_tanh,delta_aic_rat,delta_bic_rat,delta_aic_hinge,delta_bic_hinge
0,644325,-4.545780896525124,-0.39807652013920464,-11.419364535580987,2.5120798374400652,410269.2460185811,-290837.6139549116,-290814.86203783925,0.628952965330924,0.7506981611321343,-11.674104260812118,1.1935680448491945,389398.192700751,-324476.5890075958,-324442.4611319873,0.6719240302529988,0.7553403402022794,-11.673913144773005,1.1241454482850863,389877.64539918955,-323683.7416388017,-323649.6137631932,-8.507792201572022,-0.7352854450611449,0.36496641373969907,-11.129654861456357,0.57338396678894,1.3600160410041056,374908.60541268723,-348905.5053261279,-348848.6255334471,-33638.975052684196,-33627.59909414803,-32846.12768389011,-32834.75172535394,-58067.891371216334,-58033.763495607825
1,644954,-4.537794698932055,-0.39738697593572936,-11.419082591337787,2.5164387877717793,410143.2724444526,-291948.9091102294,-291926.1552416786,0.626963841926485,0.7482546448276008,-11.67267596403816,1.193457412995976,389243.31597324775,-325679.23170820484,-325645.10090537864,0.669842256180019,0.7530421057215756,-11.672286220214305,1.1242081232916377,389719.5970695178,-324890.54348877945,-324856.41268595326,-8.522388728910336,-0.7361045495761895,0.3584630237742839,-11.102664452567627,0.5764898044523663,1.358502675436183,374891.15352008713,-349905.4520726608,-349848.56740128377,-33730.322597975435,-33718.945663700055,-32941.63437855005,-32930.25744427467,-57956.542962431384,-57922.412159605185
2,644396,-4.580740998548694,-0.4009473107828444,-11.424795416646782,2.4940932963174465,407073.04542423785,-295980.48741785187,-295957.73528040596,0.6329559443702845,0.7634649230320544,-11.672762520428739,1.2061896721605336,387138.919338089,-328332.99763535743,-328298.8694291886,0.677498717272311,0.7715791988109238,-11.672641359865956,1.138864442308307,387599.17453173175,-327567.354012046,-327533.2258058772,-8.320601973114798,-0.7205796384052395,0.3846501315170336,-11.185257969261654,0.5545577161220837,1.3877716586790647,373004.36308328237,-352296.3250959195,-352239.44475230476,-32352.510217505565,-32341.134148782643,-31586.866594194144,-31575.49052547122,-56315.83767806762,-56281.709471898794
3,645301,-4.556344320339471,-0.3989352767657212,-11.42126200841153,2.506672280544546,409688.08754592173,-293169.6449551562,-293146.890010849,0.6277393211849438,0.741089461048599,-11.676522063930044,1.1805688062517596,388509.327569681,-327419.53116368246,-327385.3987472217,0.6703380503647507,0.7449852404856973,-11.676173227462964,1.1113575308463077,388981.86387538566,-326635.14108567755,-326601.00866921677,-8.440200888577108,-0.7298455124782961,0.3789682947370588,-11.164647979131935,0.5420131029493891,1.3701529747087917,374093.5074582097,-351815.260620734,-351758.3732599661,-34249.886208526266,-34238.50873637269,-33465.49613052135,-33454.11865836778,-58645.61566557782,-58611.4832491171
4,645234,-4.546425241461103,-0.3981150137375316,-11.41987889072292,2.5118369453388105,411253.7954871238,-290611.01347015117,-290588.2587335098,0.6318345463721029,0.7511577775097389,-11.673835216140178,1.1888520211861977,389634.0971661873,-325453.2269720713,-325419.0948671092,0.6748677726700126,0.7554817236183469,-11.673416143960559,1.1194514751080753,390120.8418097752,-324647.6809769,-324613.5488719379,-8.69532889299348,-0.7505241222650941,0.3475496389432599,-11.082858741989266,0.6013985870536462,1.3324022111134597,374795.2088305102,-350502.57876001764,-350445.6919184142,-34842.21350192011,-34830.8361335994,-34036.66750674881,-34025.2901384281,-59891.56528986647,-59857.433184904396
5,645113,-4.562170236616505,-0.39945786301170727,-11.420904828910071,2.5033929547925613,409931.81678797124,-292512.587299542,-292489.8329379935,0.6331762771545304,0.7575504109835794,-11.673610790647297,1.1964289224289666,388960.5310347939,-326387.3866032219,-326353.2550608992,0.6768274829681605,0.7633629132028897,-11.673764146020075,1.1278544864272304,389455.6655894563,-325566.7002340903,-325532.56869176764,-8.588381060791901,-0.7423720278505479,0.3621313397276872,-11.126274456198393,0.5930924287634373,1.347033512153447,374325.08228443173,-351125.5680546895,-351068.68215081835,-33874.7993036799,-33863.42212290567,-33054.11293454835,-33042.73575377412,-58612.980755147524,-58578.84921282483
6,644778,-4.53280428195377,-0.39704204595880876,-11.416433922023531,2.5186249420640587,410470.6393495482,-291178.8211196421,-291156.06779694115,0.6305265964303465,0.7582787980830166,-11.670867893674197,1.2026119157794841,389710.24974779,-324641.3722571741,-324607.24227312265,0.6742985363922478,0.7650110583091868,-11.670554107637347,1.134528724327781,390202.41178407625,-323827.60089223046,-323793.470908179,-8.628809393976205,-0.7452686583056354,0.3482033285716153,-11.09319894836762,0.6058224840730259,1.3417980064712436,374935.3101787476,-349558.0475898898,-349501.16428313736,-33462.55113753199,-33451.174476181506,-32648.779772588343,-32637.403111237858,-58379.22647024767,-58345.09648619621
7,644619,-4.524505718886394,-0.39636658576189554,-11.41495242387648,2.522917006431813,409381.26290910563,-292661.10927020846,-292638.3564407613,0.6253843059146492,0.743777981899575,-11.674133349946795,1.189313474714992,388317.1671167125,-326710.75872865366,-326676.6294844829,0.6676073495784511,0.747059726589437,-11.673859836057327,1.1190106386053937,388799.454936653,-325910.6421868274,-325876.51294265664,-8.545870557176483,-0.7383710715858426,0.36163746517980944,-11.140537748424531,0.5630564567257169,1.354332582196431,373221.61514711,-352265.94141728804,-352209.05934367015,-34049.6494584452,-34038.27304372162,-33249.53291661892,-33238.15650189534,-59604.83214707958,-59570.702902908844
8,643993,-4.580821904146102,-0.4010189993457105,-11.422954801692741,2.4936474372325685,409085.08816154895,-292217.2792156622,-292194.52832939127,0.6309565675971769,0.746124684235208,-11.676488619291623,1.182529388792349,388020.06209281593,-326260.6963633839,-326226.5700339775,0.6741781735258551,0.7512959435953137,-11.676063150995384,1.1143878177873126,388520.1192722268,-325431.29081456165,-325397.16448515526,-8.66101787643369,-0.7475013718015809,0.35436349322702215,-11.098343170753456,0.5807879063759929,1.3377901870465638,373203.131136251,-351330.0394823837,-351273.1622667064,-34043.41714772169,-34032.04170458624,-33214.01159889944,-33202.63615576399,-59112.76026672148,-59078.63393731514
9,645358,-4.54103499837149,-0.39765765033830996,-11.419458407271113,2.5147259185111697,410329.4912459528,-292242.96761011385,-292220.21248915273,0.6326080288763042,0.7557776319213624,-11.672730926361103,1.1947012959412533,388566.0336764397,-327411.26707082614,-327377.1343893845,0.6758189996082157,0.7605141694368347,-11.67247967944999,1.1253222680595223,389078.1951953279,-326561.1930420473,-326527.06036060565,-8.824780358869495,-0.7607826883386888,0.32263793368128846,-11.0300634576312,0.6366994884891712,1.3144357979328984,373667.22168907186,-352639.1556535598,-352582.267851157,-35168.2994607123,-35156.92190023174,-34318.225431933475,-34306.84787145292,-60396.18804344593,-60362.05536200426
10,645757,-4.506345311820883,-0.3947616030435174,-11.415358730631452,2.5331744331014963,409823.0932521778,-293620.21317544626,-293597.45681834425,0.624701963855152,0.7448068219083737,-11.673077521442996,1.1922594533111954,388533.77685678226,-328066.4296364818,-328032.29510082875,0.6666722947255522,0.7474910142485033,-11.672950656176212,1.1212270558749131,389014.61110115354,-327267.7600654772,-327233.6255298242,-8.52871432331454,-0.7372413347443876,0.36171747395769566,-11.138256499557956,0.5759892321058973,1.3564079398053757,373866.0487042244,-352912.7947178204,-352855.90382506535,-34446.21646103554,-34434.8382824845,-33647.546890030964,-33636.16871147993,-59292.58154237416,-59258.44700672111
11,644063,-4.509204171362576,-0.394826541992473,-11.420721992516247,2.5327577901767913,408477.74082342914,-293275.9638798436,-293253.21277619083,0.6245875856069482,0.7439142194814711,-11.677893901164422,1.191048680159991,386979.1956759335,-328096.18907845794,-328062.06242297875,0.6670817416994831,0.748188842846786,-11.677521522677399,1.1215849514044132,387469.0819862782,-327281.3698119341,-327247.24315645493,-8.630571430347926,-0.744879378365265,0.3496919209283207,-11.108143937218095,0.586237209478394,1.3424992408765974,372253.94197309326,-353078.4022638639,-353021.52450473193,-34820.22519861435,-34808.849646787916,-34005.405932090536,-33994.0303802641,-59802.43838402029,-59768.3117285411
12,644531,-4.551841232497178,-0.39865366571633315,-11.418034308848162,2.508443007047531,406882.01458658796,-296480.0457312764,-296457.29317487736,0.6303224597031255,0.756534440501278,-11.671373769160503,1.2002339895322736,386389.6870708172,-329785.3715823384,-329751.2427477399,0.674027269440298,0.7627629430207473,-11.671147065559278,1.1316499756072689,386847.3338442799,-329022.4294080498,-328988.30057345127,-8.335074017142952,-0.7216891014204272,0.38244956055759716,-11.189839416570894,0.5436986074289477,1.3856382173872404,371797.0526711549,-354594.69626667676,-354537.8148756792,-33305.32585106202,-33293.94957286253,-32542.383676773403,-32531.007398573915,-58114.650535400375,-58080.52170080185
13,644610,-4.494836084651944,-0.39377153378380075,-11.414832457441737,2.5395436546437797,409291.4152269485,-292789.51252640603,-292766.75972488255,0.6267048723055932,0.7504885070369504,-11.671671490638133,1.1975150349094428,387732.0324151148,-327669.25869919633,-327635.12949691113,0.6691022438238721,0.7541176766470783,-11.671666511007906,1.1270589563970808,388229.9257988609,-326842.0349036353,-326807.90570135013,-8.55928560110577,-0.7392871865293328,0.35201169430155865,-11.097077882899246,0.588942984330452,1.3526543111001463,373242.3814904627,-352216.1574884595,-352159.2754846508,-34879.7461727903,-34868.369772028585,-34052.522377229296,-34041.14597646758,-59426.644962053455,-59392.515759768256
14,644906,-4.550760745557572,-0.3984970873347252,-11.419809303988899,2.5094286301772413,409608.0045105387,-292721.3833226413,-292698.62960294384,0.6330640389837583,0.7601776503770868,-11.671024617888978,1.2007910788889238,388632.2803560537,-326620.16603094136,-326586.0354513952,0.6767763293665423,0.7661005914925163,-11.670740096823192,1.1319849088244278,389105.57694183,-325835.24385501194,-325801.1132754658,-8.511318980366587,-0.7357710292609495,0.3645053416144555,-11.119397352818142,0.5843808691214801,1.3591184760352106,374244.957072835,-350943.98949237814,-350887.1051931345,-33898.782708300045,-33887.405848451366,-33113.86053237063,-33102.48367252195,-58222.60616973683,-58188.475590190676
15,645593,-4.547329025571029,-0.398110888607468,-11.422267402624685,2.511862972394072,409103.8462969134,-294515.6864027291,-294492.93055362254,0.6298205382278353,0.7611550622781549,-11.67333037059538,1.2085268994559364,388813.50183885684,-327354.5037898415,-327320.3700161817,0.673731436014804,0.7682006441077143,-11.672988483885062,1.1402179014411233,389283.74040620023,-326574.1829047799,-326540.04913112015,-8.530859009678112,-0.7374830623086142,0.3596833507196794,-11.137163781649738,0.5936639433568087,1.3559633449337858,374310.0454797159,-351892.9452803409,-351836.0556575747,-32838.817387112416,-32827.43946255918,-32058.49650205084,-32047.118577497604,-57377.258877611835,-57343.12510395213
16,644305,-4.534848923801452,-0.39725805280524623,-11.415373185712712,2.517255453825237,409802.21857967577,-291542.44482449285,-291519.69296950195,0.6288398250714189,0.7530003875945808,-11.67164951768361,1.1974438602215765,389004.9620228758,-325097.49234464037,-325063.364562154,0.6724805470161035,0.759472439381374,-11.671194739757937,1.1293597156843667,389478.83415934537,-324313.1003609018,-324278.9725784154,-8.466797428461005,-0.7321484558806783,0.36837650434184627,-11.152617572045095,0.563130781629301,1.3658432138563092,374278.0526396616,-349959.23377384065,-349902.35413636337,-33555.04752014752,-33543.67159265204,-32770.65553640894,-32759.279608913464,-58416.7889493478,-58382.66116686142
17,644076,-4.527864190101713,-0.3964888994681602,-11.419901531102816,2.5221387063833913,410382.6778742693,-290298.2155754592,-290275.4644314381,0.6291586065944501,0.7548567885127221,-11.67459677775147,1.1997877492269542,388990.79641188553,-324776.43864524097,-324742.31192920933,0.6727460654193081,0.7616084723422104,-11.674074766261402,1.1320890771282568,389500.8997249419,-323932.382504089,-323898.25578805734,-8.758835253223388,-0.7555861069025072,0.3344131736245443,-11.07276441324197,0.6219543657814902,1.3234758962144726,374138.3780159782,-349846.29159472807,-349789.4137346753,-34478.22306978179,-34466.84749777126,-33634.1669286298,-33622.79135661927,-59548.07601926889,-59513.949303237256
18,644083,-4.559626264109389,-0.399209807649046,-11.421628869694143,2.5049484778167614,409753.1494791694,-291297.15476093447,-291274.40359517693,0.6332132605676027,0.760497369282402,-11.67156350718718,1.2010130182692378,388773.7958203857,-325146.37390653405,-325112.24715789774,0.6767434961717942,0.765747375819568,-11.671590302282432,1.1315178943739412,389253.4363451052,-324352.2414277537,-324318.1146791174,-8.661806193875373,-0.7480336512397842,0.3477543377447304,-11.087505361286777,0.61216712566699,1.3368382536569166,374183.36897282716,-349779.6462393194,-349722.76832492556,-33849.21914559958,-33837.84356272081,-33055.08666681923,-33043.71108394046,-58482.49147838494,-58448.36472974863
19,643094,-4.548037049154308,-0.3982589031027644,-11.419800069053972,2.5109294285932533,409954.8131760421,-289545.19013168174,-289522.4420393172,0.631392950622097,0.7516582129291095,-11.675502880954967,1.1904760928808564,388728.9628668259,-323733.0219581772,-323698.8998196304,0.674692599264811,0.7567430079131091,-11.675281067157384,1.1216115438908114,389215.13244521455,-322929.22954833513,-322895.1074097883,-8.512567259643465,-0.7360432576374238,0.37108436954558244,-11.157756270469187,0.5643809541968593,1.3586158009378868,374086.5534954265,-348420.71262896084,-348363.8423980495,-34187.83182649547,-34176.457780313154,-33384.039416653395,-33372.66537047108,-58875.522497279104,-58841.400358732266
20,644567,-4.533158011940093,-0.39692366450811284,-11.420730022629925,2.5193761154030683,410351.1208268755,-291060.27640371263,-291037.5237356076,0.6278815918269863,0.7514243617187135,-11.674102844434016,1.1967612548287123,389372.1337729148,-324883.64237328386,-324849.5133711263,0.6707333155442959,0.7557562285850649,-11.673946277553013,1.1267611300502844,389837.47466846864,-324113.7765568651,-324079.64755470754,-8.467926551254479,-0.7322696149502326,0.36883049701529397,-11.150836975571103,0.5714324773611044,1.3656172256552845,374901.9268598187,-349290.0811436988,-349233.1994734362,-33823.36596957123,-33811.989635518694,-33053.50015315245,-33042.123819099914,-58229.80473998614,-58195.6757378286
21,645441,-4.538572839060693,-0.39742787212009956,-11.41986548363969,2.5161798407984026,410130.3943951572,-292676.8108717846,-292654.0554936184,0.6311378741286735,0.7582770100562017,-11.67331696584927,1.2014443137373938,389052.19327304134,-326729.3344183407,-326695.2013510915,0.6749873822775857,0.7652914209803988,-11.672935388663541,1.1337862618973757,389552.8773680621,-325899.229144938,-325865.0960776888,-8.632195158360842,-0.7452534943209281,0.3489969113422605,-11.093050285670497,0.5989306995026885,1.3418253085967693,374334.4812453426,-351615.9758797147,-351559.08743429935,-34052.52354655613,-34041.14585747308,-33222.418273153424,-33211.040584070375,-58939.16500793013,-58905.03194068093
22,644617,-4.542062955620945,-0.39770458040767015,-11.420695610206621,2.514429174979434,409697.1533278828,-292160.98794083646,-292138.23511759454,0.629357232016615,0.744878359234379,-11.674839011875838,1.1835541427681795,388090.76848868857,-327083.6825046736,-327049.55326981074,0.6725764481151754,0.7503722083678893,-11.674137441210018,1.1156682790049048,388584.501303906,-326264.11576578574,-326229.9865309229,-8.596480890875165,-0.7417421393891888,0.35570824562993514,-11.08212064362783,0.5676880614768999,1.3481774148944563,373560.2605180514,-351678.215676901,-351621.3336187962,-34922.69456383714,-34911.318152216205,-34103.127824949275,-34091.75141332834,-59517.227736064524,-59483.09850120166
23,644924,-4.533477394679746,-0.3971284361878533,-11.415645372056106,2.518077047313154,408746.1488468856,-294105.96720490727,-294083.21342938853,0.6261525760475598,0.7538255029584522,-11.671161648693005,1.2039006654205555,388469.6074795367,-326917.2901945948,-326883.15953131666,0.669324836116815,0.7593789902876863,-11.67084364941902,1.1345447670720445,388927.943664306,-326156.8246144276,-326122.6939511494,-8.463188067775356,-0.7323654970394415,0.36831308979732735,-11.169841561200021,0.5753931325538026,1.3654384375594704,373673.22996348294,-351957.777052932,-351900.8926141351,-32811.32298968756,-32799.94610192813,-32050.857409520308,-32039.48052176088,-57851.80984802474,-57817.67918474658
24,645485,-4.532590987118614,-0.39695489872418777,-11.418402951283262,2.5191778794366764,408917.39362319966,-294652.6783313907,-294629.9228168883,0.6261069104392176,0.7486641291642374,-11.67407480910191,1.1957448746876875,388054.1781453791,-328453.5657739817,-328419.43250222807,0.6689445031073837,0.7536130130681704,-11.673644513233734,1.1265703052607268,388541.0252083052,-327644.25735635776,-327610.12408460415,-8.558791782388875,-0.7391947627052038,0.35597320846026154,-11.116949336133338,0.5770843415977286,1.3528234376828332,373353.2914904222,-353378.08721217414,-353321.1984259181,-33800.88744259096,-33789.509685339755,-32991.57902496704,-32980.201267715835,-58725.40888078342,-58691.275609029806
25,645027,-4.536112661266089,-0.39729123526959736,-11.417600637949977,2.5170452082120844,409675.2289951605,-292791.46450645896,-292768.7104115482,0.6281088956364981,0.7519814550264363,-11.671727593672845,1.1972151011560046,388738.8819698136,-326625.55409042514,-326591.42294805904,0.6711241856249122,0.7566789606737877,-11.671675121956177,1.1274797971543997,389202.93463443243,-325856.0195899901,-325821.888447624,-8.42769431823587,-0.7289135266337307,0.3717517586192701,-11.155571490126443,0.556995966542614,1.371904846680787,374190.7042352987,-351224.36215619143,-351167.4769189146,-33834.08958396618,-33822.71253651084,-33064.55508353113,-33053.178036075784,-58432.89764973248,-58398.76650736638
26,644600,-4.5411576811104934,-0.39770362682163324,-11.418446739856272,2.514435203902457,409506.31041955017,-292436.6171523534,-292413.8643818567,0.6301431175591552,0.7543530803539436,-11.670969409366732,1.1971138925961975,388478.47122985765,-326414.4225746841,-326380.293418939,0.673308962204425,0.7593170411593073,-11.670732187503674,1.1277393942199883,388965.3103564734,-325607.11907707195,-325572.98992132687,-8.650455347511695,-0.746644371923123,0.34277455887130026,-11.066203082106604,0.6055600007039778,1.3393257052541785,373973.61043277214,-350939.0760498142,-350882.1941235724,-33977.80542233068,-33966.4290370823,-33170.501924718556,-33159.12553947017,-58502.458897460776,-58468.32974171569
27,644816,-4.56219999736282,-0.3995414043525408,-11.418591284064517,2.5028695126616625,409739.3368182802,-292383.8245133335,-292361.071072766,0.6289188767827864,0.74418026607876,-11.672820897070235,1.1832690885120025,388670.41775750834,-326421.3157151381,-326387.1855542868,0.6716929184420155,0.7480653288628214,-11.672396136491285,1.1137013780016483,389138.0254425287,-325646.00668889686,-325611.87652804557,-8.440328837905609,-0.729590372578276,0.37395636411836863,-11.138743951411815,0.5459341140493827,1.3706321212355532,374189.68085759523,-350900.26507315383,-350843.381471735,-34037.4912018046,-34026.11448152084,-33262.18217556336,-33250.805455279595,-58516.44055982033,-58482.31039896904
28,644474,-4.552084598717101,-0.3987453764514868,-11.416018510927934,2.507866069568495,408888.9603454486,-293225.7741140318,-293203.0217345134,0.6311223051630257,0.7600233049702299,-11.6719181637574,1.2042409193158015,388486.88269903563,-326210.67524970695,-326176.54668042937,0.6749642427819192,0.7666534444202008,-11.671556262481884,1.135843050382013,388963.6704117421,-325420.20099600236,-325386.0724267248,-8.557339303379827,-0.7398728196072816,0.3601481358326524,-11.140726895723633,0.5917848405146675,1.3515836418085905,373625.43376681197,-351344.7855777732,-351287.9046289772,-32984.90113567514,-32973.52494591597,-32194.426881970547,-32183.05069221137,-58119.011463741364,-58084.88289446378
29,644921,-4.54719975494562,-0.39833286131050727,-11.415577765754556,2.5104632259312467,411818.69785097655,-289271.8512833183,-289249.097517103,0.6307703316764239,0.7564603388108234,-11.670824843492966,1.1992642976728916,390819.9669161261,-323022.5576351484,-322988.4269858254,0.6743267626971108,0.7625344740406061,-11.670562876455215,1.1308085578432185,391318.30289520934,-322200.7403328612,-322166.6096835382,-8.645809230191025,-0.7469997837728013,0.3514383277550366,-11.113664540302075,0.600249840518117,1.33868847317384,375858.9468393742,-348191.8104007597,-348134.9259852214,-33750.7063518301,-33739.3294687224,-32928.88904954289,-32917.51216643519,-58919.95911744138,-58885.82846811839
30,643979,-4.55896506667168,-0.3992355922493891,-11.41923504611745,2.5047866959099516,408273.6065785523,-293475.62418736226,-293452.8733445706,0.6337272939328847,0.7677339083174802,-11.67032950307493,1.2114578552439428,387746.07339297544,-326694.4907131599,-326660.36444897234,0.6781549003205841,0.7754269640243969,-11.670262146137349,1.1434363500991136,388231.4495802799,-325888.86915007257,-325854.742885885,-8.627033730559608,-0.7455510526837442,0.3489402139211273,-11.10587294289507,0.6210992073721947,1.3412897700302633,373194.96494999167,-351322.49300507543,-351265.6158980961,-33218.86652579764,-33207.491104401764,-32413.244962710305,-32401.86954131443,-57846.86881771317,-57812.742553525546
31,645175,-4.467359933887946,-0.39148637816539256,-11.41127810071748,2.5543672928960164,411187.80950613006,-290628.96953961416,-290606.21498586057,0.6236439617970568,0.7395329199307988,-11.674421927565232,1.1858255114020555,388807.295444497,-326734.98271874554,-326700.8508881151,0.6650614144436134,0.7414567959770902,-11.674242971110653,1.114869664476609,389338.1275714993,-325854.7367890394,-325820.604958409,-8.747379971758964,-0.7543931811035385,0.3335595440443495,-11.065024500283233,0.602685909367842,1.3255687154239437,373633.95095790044,-352413.6310652372,-352356.7446808532,-36106.013179131376,-36094.63590225455,-35225.76724942523,-35214.38997254841,-61784.66152562306,-61750.52969499264
32,644530,-4.539947408717072,-0.3975638547348788,-11.419416917930333,2.515319207443706,409530.43340225506,-292296.89700081095,-292274.14444751496,0.6296219012789785,0.7532448114284775,-11.673600987883479,1.1963446790818082,388418.4194183713,-326408.6194123017,-326374.49058235774,0.6725967726089551,0.757806839415715,-11.673395769742747,1.1266881886397344,388903.16318507824,-325604.7514959898,-325570.62266604585,-8.637115333869543,-0.7458895059849113,0.34961691800953987,-11.102030165780308,0.601616995082673,1.3406811491194637,373611.1412339289,-351455.9742200808,-351399.0928368409,-34111.722411490744,-34100.34613484278,-33307.85449517885,-33296.47821853089,-59159.07721926988,-59124.94838932593
33,645717,-4.54153559816463,-0.3977631953463862,-11.41768683301556,2.514058645192562,410315.717462343,-292786.31424646627,-292763.55801325367,0.6325648503190995,0.7609086057981963,-11.671529169789936,1.2028942256503081,389467.4282325174,-326456.30472470436,-326422.1703748855,0.6764822847390422,0.7676239531641801,-11.671369782385204,1.1347288324930733,389962.0981270205,-325636.68783221475,-325602.5534823959,-8.635053168772371,-0.7458648729853574,0.3494518730530946,-11.096916289971883,0.6085053915343165,1.3407254265741935,374817.3555416018,-351209.9867677712,-351153.0961847398,-33669.99047823809,-33658.61236163182,-32850.373585748486,-32838.99546914222,-58423.67252130492,-58389.538171486114
34,644013,-4.539129815472252,-0.39763861438522247,-11.415213843077261,2.514846304718346,409702.221782442,-291275.5480058778,-291252.7970574954,0.6315377475113501,0.7519962236987912,-11.673623839306055,1.1907383630861688,388374.9548395652,-325702.06827691564,-325667.941854342,0.6746325150050211,0.756592202179382,-11.673358160626057,1.1214878994881397,388859.5541257618,-324898.99461782817,-324864.86819525453,-8.615498203328883,-0.7443943518444807,0.3577219482627654,-11.124966139708505,0.5874143865621864,1.343373975799484,373402.6211346529,-351016.7958141346,-350959.9184431785,-34426.52027103782,-34415.14479684661,-33623.44661195035,-33612.071137759136,-59741.24780825677,-59707.12138568313
35,644934,-4.535676320016222,-0.39721779460821893,-11.418613117495953,2.5175105787652665,408301.78527344746,-294822.0414755066,-294799.2876689767,0.6293523886483795,0.7574502957392996,-11.671179431130094,1.2035392403388312,387591.6620054606,-328391.5667297474,-328357.4360199525,0.6726343166195605,0.762780681713657,-11.670799779385758,1.134019872115866,388062.74316665635,-327608.1861598869,-327574.055450092,-8.509540678371815,-0.7354385961140038,0.3596026348675668,-11.125712665814014,0.5804383856333104,1.359732825124921,373040.6350822206,-353065.974612322,-353009.0900959972,-33569.52525424078,-33558.148350975825,-32786.14468438027,-32774.76778111531,-58243.93313681538,-58209.802427020506
36,644192,-4.527080118629395,-0.3964480362047824,-11.419100878812182,2.5223986718992273,408487.499199073,-293448.3288102854,-293425.57730609085,0.6284519138738004,0.7487426294236708,-11.674011818862306,1.1914079866642366,387110.10227743495,-328073.03868050216,-328038.91142421024,0.6707826739776944,0.7516030075982483,-11.673851368114107,1.1204866147500425,387594.5330755413,-327267.3987730409,-327233.271516749,-8.669192469614355,-0.7481294378549588,0.34204872307008805,-11.073907922965484,0.6064581014901352,1.3366670918166328,372510.36544111226,-352834.54303769313,-352777.66427720664,-34624.70987021673,-34613.33411811938,-33819.069962755486,-33807.69421065814,-59386.214227407705,-59352.08697111579
37,644851,-4.55202248235346,-0.39869040980887027,-11.417436613375456,2.5082118240049813,410910.58403836767,-290594.0074526691,-290571.2539035464,0.6309655254918439,0.756527525886209,-11.671288285119546,1.198999779419784,390199.69797448855,-323941.7534529308,-323907.62312924676,0.6743006228295845,0.7616629186414215,-11.67110989665674,1.1295598622543703,390667.2978979836,-323169.4521112135,-323135.3217875295,-8.506007128742574,-0.7355197586766961,0.36593820973711166,-11.139035433625398,0.57773266781354,1.359582782383904,375552.21432423353,-348610.4877333068,-348553.60386050015,-33347.746000261686,-33336.36922570033,-32575.44465854444,-32564.06788398308,-58016.48028063774,-57982.34995695372
38,645194,-4.54138877030476,-0.39777746760936344,-11.416908045592521,2.5139684407213534,410964.2906454942,-291007.34715207666,-290984.5925394252,0.6348848337117009,0.7666960404236264,-11.670569617652887,1.2076143573021316,389722.46788118896,-325246.7357885479,-325212.60386957065,0.6787757585200255,0.7728463338100963,-11.670688442142684,1.1385885899861514,390229.145666035,-324408.4645239612,-324374.33260498394,-8.663757422192914,-0.7486158620831508,0.34849275710615696,-11.10791573996067,0.6172396698803005,1.3357985726048205,374833.16462194355,-350375.51469769026,-350318.62816606154,-34239.38863647124,-34228.01133014547,-33401.117371884524,-33389.740065558755,-59368.1675456136,-59334.03562663635
39,644761,-4.561786613271905,-0.3995235712980257,-11.418066269409241,2.502981230246481,408914.3148674587,-293603.4410690032,-293580.68779903423,0.6325939028483141,0.7570655727715291,-11.671033363748327,1.1967639418634444,388018.2129003392,-327421.31934132654,-327387.1894363731,0.6763785548786327,0.7633242726019953,-11.670617904108331,1.1285459408732494,388509.59457917314,-326605.318209459,-326571.1883045056,-8.651149006980008,-0.7468190477168036,0.3457945457560584,-11.072505697196249,0.6046387295511795,1.33901244626423,373393.64965239173,-352188.4275629681,-352131.54438804573,-33817.878272323345,-33806.50163733889,-33001.87714045582,-32990.50050547137,-58584.98649396491,-58550.8565890115
40,643970,-4.536826638068648,-0.3970482047317793,-11.426387486460092,2.5185858746686356,410158.40048896696,-290496.4781843602,-290473.7273695199,0.6308031109585812,0.747968425883912,-11.679851108366623,1.1857399129615642,388323.32512032276,-325722.9362207919,-325688.8099985314,0.6738291580219907,0.7529025336605324,-11.679387962258879,1.1173492935073628,388835.5003603396,-324874.1379410826,-324840.0117188221,-8.74382450174313,-0.7537113364789415,0.33877173467949906,-11.05603977469022,0.6057487540600573,1.3267678905715117,373754.9740848227,-350342.9783774924,-350286.1013403917,-35226.45803643169,-35215.08262901154,-34377.659756722394,-34366.28434930224,-59846.500193132204,-59812.37397087179
41,643971,-4.565905724329833,-0.3998334111234666,-11.419520223436015,2.501041614281716,408186.16144369007,-293601.9206155355,-293579.1697975895,0.6310657606250004,0.7526872383576879,-11.674152062096669,1.1927239367450944,387532.76504701737,-327036.793497515,-327002.66727059596,0.674909811171661,0.759550685657007,-11.673669381296444,1.1254106446288092,388015.97697871504,-326234.3306882256,-326200.2044613065,-8.513997751364725,-0.7359820358816023,0.36886599052555813,-11.146667739855328,0.5650233207614547,1.3587288157137445,372830.63832284394,-351939.1037324453,-351882.2266875802,-33434.87288197951,-33423.497473006486,-32632.41007269005,-32621.03466371703,-58337.18311690976,-58303.056889990694
42,644711,-4.514866142046147,-0.3954350142689704,-11.417466787539423,2.5288605305948235,410176.01906432764,-291544.4825885457,-291521.729473679,0.6307828144637662,0.758415252590837,-11.672973805762352,1.2023397518138985,388758.9349537649,-326116.3576901201,-326082.22801782005,0.6742125971323449,0.7641747450554162,-11.672667485910535,1.1334329087081891,389254.6077436066,-325294.8662231705,-325260.7365508704,-8.713155903564514,-0.7522745748667643,0.3410919128353769,-11.094876220546833,0.6198323881639338,1.3293018711646747,373898.2866455578,-351240.3863316425,-351183.50354447577,-34571.875101574406,-34560.49854414107,-33750.38363462477,-33739.00707719143,-59695.9037430968,-59661.77407079679
43,645239,-4.570639436091331,-0.4003444316937962,-11.416767848508977,2.4978491539626333,410977.5995723693,-291051.75024521333,-291028.9954930738,0.6336259508419051,0.7538195069191794,-11.671647258138961,1.1896916562801318,389844.21927401767,-325112.87793588726,-325078.7458076779,0.6772738830660037,0.7595776810092907,-11.671220770818834,1.121522178842479,390343.8153647034,-324286.5157982811,-324252.3836700718,-8.657535291984196,-0.7472882836645177,0.3489790435422718,-11.076306108830117,0.5924624968937976,1.3381716559187122,375146.06885668414,-349906.5447704322,-349849.6578900833,-34061.12769067392,-34049.75031460414,-33234.76555306779,-33223.38817699801,-58854.794525218895,-58820.66239700955
44,644718,-4.560523241044979,-0.39945251307725954,-11.41693465867096,2.5034264831539224,408280.8930628804,-294540.3252346567,-294517.57209807495,0.628977092732933,0.7525183718334868,-11.672028687119782,1.1964161819689831,387921.30513882777,-327517.52298062993,-327483.3932757573,0.6725269333553779,0.7587053056717815,-11.67178620470829,1.1281411465358593,388387.2402801766,-326743.61211669934,-326709.4824118267,-8.361594079094145,-0.7236919067437331,0.3793558645253542,-11.177792403285814,0.5457726180392565,1.3818034866515518,373373.7008797773,-352156.3857519338,-352099.50291047944,-32977.197745973244,-32965.821177682374,-32203.286882042652,-32191.91031375178,-57616.0605172771,-57581.93081240449
45,645732,-4.513750689792426,-0.3954874468801073,-11.413132642768247,2.5285252613925615,411035.31894342985,-291676.63913384,-291653.88285416795,0.6268217567669859,0.7489079900900901,-11.671375677633877,1.1947702548692616,389605.583330575,-326249.8698522359,-326215.7354327279,0.6694398876585694,0.7531889546606816,-11.670975310382788,1.1251031923045884,390105.0511415633,-325422.5824500101,-325388.4480305021,-8.611977385531024,-0.7436340216219024,0.34982293193904745,-11.102675972212756,0.582954095764192,1.3447475114424576,374620.61074934364,-351572.1849439598,-351515.2942447798,-34573.230718395906,-34561.85257855995,-33745.94331617013,-33734.565176334174,-59895.54581011983,-59861.411390611844
46,644975,-4.521224863223351,-0.3960140293566139,-11.416830031422828,2.5251630646132783,410406.3361167108,-291565.8647143963,-291543.1107807256,0.6303918835962026,0.7520226718928322,-11.672089263672856,1.1929447244827476,388883.9987734634,-326306.4990028347,-326272.36810232874,0.6736261931405724,0.7572320639403348,-11.671752205713755,1.1241131530381503,389374.725253559,-325493.1284779068,-325458.9975774008,-8.52877465836217,-0.7367572049552299,0.36049857197176194,-11.103808325519184,0.5762924958496225,1.357299247668391,374424.6592687443,-350740.917541425,-350684.0327072483,-34740.63428843842,-34729.25732160313,-33927.263763510506,-33915.886796675215,-59175.052827028674,-59140.921926522686
47,645293,-4.504382349037234,-0.3945938374621186,-11.41523744518605,2.5342514379637286,411595.56318404444,-290160.54935657873,-290137.79443706636,0.6305294207940849,0.7542291300257569,-11.671831050217097,1.1961838815956998,389721.5744045603,-325397.1302841501,-325362.9979048815,0.6736698310021987,0.7593960473278273,-11.671440136400289,1.1272525685143064,390233.59957796626,-324549.8859329133,-324515.7535536447,-8.790006612461394,-0.7580032955135079,0.32691589517760483,-11.044489224518017,0.6274293556801216,1.319255478068274,374754.65964543953,-350663.4504045867,-350606.5631058057,-35236.58092757134,-35225.203467815125,-34389.33657633455,-34377.959116578335,-60502.901048007945,-60468.76866873936
48,645320,-4.5521462717584615,-0.3986506385390615,-11.418886191781235,2.5084620550583057,409598.0070296102,-293339.1832140922,-293316.42821089865,0.6305152211800374,0.7547049524039982,-11.673244558648356,1.1969654768865596,388962.88473827165,-326695.2459764537,-326661.1134716634,0.6738591053036415,0.7599709655375075,-11.673072845829717,1.1277891172740984,389432.9839783744,-325915.78531717276,-325881.65281238244,-8.48064350457026,-0.733423908991158,0.3702153807947312,-11.152127918422494,0.5688283905311187,1.3634679586264427,374336.40931815543,-351425.7445288098,-351368.8570208259,-33356.062762361486,-33344.68526076473,-32576.602103080542,-32565.224601483787,-58086.561314717575,-58052.42880992725
49,645177,-4.553567849161107,-0.3989393736004833,-11.414185087985986,2.5066465387330936,411051.80581245484,-290845.30329596717,-290822.5487360137,0.6321528225174315,0.753578062357906,-11.669205574539872,1.1920820971057615,389665.7980394647,-325314.988539345,-325280.8566994148,0.6759063517871121,0.7599353695604618,-11.66894742925749,1.124320503204586,390182.3048360589,-324460.36479145347,-324426.23295152327,-8.705149862059548,-0.7508759238397078,0.33659409951342784,-11.040025859425045,0.6031309180229952,1.3317779519236173,374940.72575801617,-350164.1709998539,-350107.2845999702,-34469.68524337781,-34458.30796340108,-33615.0614954863,-33603.684215509566,-59318.8677038867,-59284.73586395651
50,644525,-4.550282530099708,-0.39839643241599176,-11.42149416977826,2.5100626376991113,408881.58102183236,-293311.61267777346,-293288.8601399927,0.6354400475034928,0.7597798073076815,-11.670964787979559,1.1956750448648819,387023.177957758,-328720.4597785292,-328686.33097185806,0.6790689027854706,0.7647718381252062,-11.670829441588129,1.1262065380820576,387511.7897843821,-327907.26839932246,-327873.13959265134,-8.714728163194463,-0.7516598813219004,0.33398213360653684,-11.026413671994867,0.6257250083575563,1.3303889496421684,372761.7142644372,-352915.28164603846,-352858.4003015866,-35408.847100755724,-35397.47083186533,-34595.655721549,-34584.27945265861,-59603.668968265,-59569.540161593875
51,644841,-4.54697054132389,-0.39819390164406726,-11.418985882381193,2.51133931451785,408361.9066911101,-294591.58979353786,-294568.83627543034,0.6314042804730827,0.7566013219514536,-11.673114630477793,1.1982834854786957,387345.6520713371,-328660.63793243794,-328626.5076552766,0.6748375155590693,0.7620895544710372,-11.672978926137743,1.129293403078938,387832.7140593959,-327850.301642118,-327816.1713649567,-8.592564930411344,-0.7425268981372958,0.3573567241122099,-11.118980677254573,0.5957807430778397,1.346752558740433,372694.4674438138,-353520.7334168251,-353463.8496215563,-34069.04813890008,-34057.67137984629,-33258.71184858016,-33247.33508952637,-58929.143623287266,-58895.013346125954
52,644891,-4.544769386916632,-0.39816957482714804,-11.414155360538512,2.511492748872428,410473.49201598205,-291338.3801968698,-291315.6265236913,0.6308060990638887,0.7532836348146035,-11.669197952632079,1.1941603543980797,389405.05366930633,-325316.5130865101,-325282.3825767424,0.6740491290794872,0.7583163189544052,-11.669013262825422,1.125016391594478,389899.6351044776,-324497.9599230932,-324463.82941332547,-8.58526033914399,-0.7414338753419396,0.3516454827353437,-11.084763728602836,0.5879396216391436,1.3487379431359445,374837.69686032704,-349900.2380882999,-349843.3539053537,-33978.13288964034,-33966.7560530511,-33159.57972622343,-33148.20288963418,-58561.85789143015,-58527.72738166241
53,645180,-4.523805780637303,-0.39611705428135846,-11.420376203807885,2.5245063023459444,410484.89301368245,-291740.0866838074,-291717.3321145542,0.6306807576435031,0.75230904033337,-11.67445087348086,1.1928523761281744,388780.772344712,-326786.52839430084,-326752.396540421,0.6736348148179769,0.7566741401586232,-11.674288691885545,1.1232705369645783,389269.9818732315,-325975.19765914517,-325941.06580526533,-8.627710092403824,-0.7450481882697775,0.35264197074783615,-11.10020158777459,0.5966287710709701,1.3421950630096775,374223.96203220065,-351403.35229128064,-351346.46586814756,-35046.44171049341,-35035.06442586682,-34235.11097533774,-34223.733690711146,-59663.26560747321,-59629.13375359337
54,644828,-4.530631647911655,-0.39686143970522486,-11.416154845572432,2.5197711340833866,409814.6872612044,-292282.69396128005,-292259.940483493,0.6291563051970178,0.7483040100915928,-11.674560803404297,1.1893769543599573,388491.9231737966,-326735.5920794858,-326701.4618628052,0.6716182295465731,0.7516779671152827,-11.674524237937057,1.119204235451977,388986.65469137445,-325914.9475314374,-325880.81731475674,-8.592835113622332,-0.7424647917536825,0.3601670564494908,-11.129795553888705,0.5789497755921629,1.3468652131477186,373544.47852104914,-352031.6099187151,-351974.7262242473,-34452.898118205776,-34441.52137931221,-33632.253570157336,-33620.87683126377,-59748.915957435034,-59714.785740754334
55,646412,-4.537890339277209,-0.3974636588753866,-11.417120126446417,2.5159532894893455,410754.48833683634,-293105.9540855366,-293083.19570083584,0.6334313786315495,0.7642165925395814,-11.670802470853054,1.206471005889505,389895.8666497245,-326792.3548651664,-326758.2172881153,0.6776084533832121,0.7715283307001886,-11.670783231060016,1.1386049374798184,390381.08705721743,-325988.4035681593,-325954.2659911082,-8.590126466033738,-0.7428553380219949,0.3596083193566799,-11.137339930706421,0.600832661187308,1.3461571167580295,375025.8790846978,-351923.8659625559,-351866.97000080405,-33686.400779629825,-33675.02158727945,-32882.44948262273,-32871.07029027236,-58817.91187701933,-58783.77429996821
56,644956,-4.528278874430138,-0.39654211859232225,-11.419414640000902,2.521800215195001,409232.3443149425,-293385.85470235377,-293363.100827601,0.6291475623507642,0.7618542473477944,-11.671850794610652,1.2109309372529098,388699.0621114705,-326584.67315323604,-326550.54234110686,0.673127905400717,0.7692563467326354,-11.671701596763901,1.1428085814904563,389165.0016144303,-325812.01754919003,-325777.88673706085,-8.423760421242799,-0.728778413905684,0.3686814168425441,-11.157997067578682,0.5747001625990638,1.3721591925874694,374298.85038365185,-350928.33064396045,-350871.4459570785,-33198.818450882274,-33187.44151350588,-32426.16284683626,-32414.785909459868,-57542.47594160668,-57508.3451294775
57,645210,-4.504970716989115,-0.3946689279279466,-11.414556348888892,2.533769266433274,410985.32697187806,-290997.5380803104,-290974.783418062,0.6276638280628323,0.7533716164208403,-11.670832432886469,1.200278847908094,389623.22643952374,-325435.1232025663,-325400.9912091937,0.6705244840695692,0.7581452691924775,-11.670444932916824,1.130674997266494,390118.1883281653,-324615.9942015516,-324581.862208179,-8.61203299434465,-0.7438364401766941,0.34969050463635937,-11.10274018654602,0.5959852415298528,1.3443815682953844,374867.48829622736,-350341.1244948612,-350284.23783924023,-34437.5851222559,-34426.20779113169,-33618.45612124121,-33607.078790117,-59343.58641455078,-59309.454421178205
58,643936,-4.512019209765869,-0.3950718849286115,-11.420755011663712,2.531184926461415,408587.44903181284,-292918.22185468505,-292895.4711454425,0.6261668712983746,0.7439887468978299,-11.67624777610676,1.1881637004448165,387058.96849098534,-327771.77572366333,-327737.6496597995,0.668487359418715,0.7474464533734266,-11.67575442447963,1.1181160613468755,387542.0627438945,-326968.57043828315,-326934.44437441934,-8.632903844300436,-0.744884347324602,0.3471747243622068,-11.078029610933452,0.5921482174109062,1.342490285359997,372727.94626573136,-352062.36560158996,-352005.4888284836,-34853.553868978284,-34842.178514357016,-34050.3485835981,-34038.97322897683,-59144.14374690491,-59110.01768304111
59,644461,-4.577026425082207,-0.40070970415993307,-11.42229992826778,2.4955722050616362,408329.7660715955,-294088.8238749656,-294066.0715357906,0.634057082603594,0.7658328040842676,-11.672335183436312,1.2078294290784832,387976.8990349378,-327037.66293490224,-327003.5344261397,0.6787730811684696,0.7741566016259513,-11.672175215801218,1.1405234283794585,388442.95478459547,-326263.97125487454,-326229.84274611203,-8.5365263238683,-0.7384656770669706,0.36466629147985735,-11.145434149510075,0.5999465076881476,1.3541590774696373,373479.6435474542,-351576.21883424313,-351519.3379863056,-32948.83905993664,-32937.462890349154,-32175.147379908944,-32163.771210321458,-57487.39495927753,-57453.26645051502
60,644206,-4.541660524479092,-0.3978022281862137,-11.416880556921146,2.513811962691908,408841.4852662651,-292910.6937938677,-292887.9422462083,0.6326966048270054,0.7581427357515154,-11.669011541291642,1.1982721733725914,387685.0118792901,-327138.14764559723,-327104.0203241081,0.6765139843161379,0.7645301717878477,-11.668735998360015,1.130102539655085,388181.4277224862,-326313.79414350656,-326279.6668220174,-8.622516090342415,-0.7444220333326387,0.3464571665595851,-11.065754696707964,0.6015280180558953,1.3433240221587563,373207.33927287045,-351652.0161977153,-351595.13732856675,-34227.453851729515,-34216.07807789976,-33403.100349638844,-33391.72457580909,-58741.32240384759,-58707.195082358434
61,645084,-4.520737852650443,-0.3959733575116277,-11.41677278759264,2.5254224331762907,412070.0272022268,-289114.4156125843,-289091.6613409446,0.6343190329931766,0.7585684004594397,-11.669810418442562,1.1958783530110466,389910.4892713227,-324770.14701527386,-324736.0156078143,0.6775901846674067,0.7633390419421265,-11.669677595524742,1.1265497334746803,390437.9077829702,-323898.15369470464,-323864.0222872451,-8.776117136496767,-0.7565352973463321,0.32368836082057534,-11.006653031191133,0.6297582500402995,1.321815391175612,375313.48345748725,-349379.6917991321,-349322.8061200328,-35655.73140268959,-35644.35426686972,-34783.73808212037,-34772.3609463005,-60265.276186547824,-60231.14477908821
62,643606,-4.554287603779332,-0.3988386491793303,-11.41887230124376,2.5072795779888644,409196.6096151591,-291479.35786000866,-291456.60817597545,0.6326914056997128,0.7572559608277437,-11.671522516179122,1.1968804286036905,388185.83729838877,-325402.8351612453,-325368.7106351955,0.67662777644689,0.764062450395696,-11.671251324199961,1.1292212306268938,388677.7591816697,-324587.7527726234,-324553.62824657356,-8.578924842378877,-0.7411094038519896,0.35689747184421616,-11.103324081859132,0.5880760198508734,1.3493284457090962,373574.7342333695,-350091.4943035253,-350034.6200934422,-33923.47730123665,-33912.10245922004,-33108.39491261472,-33097.02007059811,-58612.13644351665,-58578.01191746676
63,645779,-4.562862798232737,-0.39958389202958255,-11.419035875187213,2.5026033830361873,411008.8289778625,-291786.49081557523,-291763.7343903373,0.6325951475553171,0.7637719673717854,-11.67011841213501,1.207362987723515,390462.93803827505,-324901.0971298694,-324866.9624920125,0.6772387680068064,0.7725742785351856,-11.669676097695971,1.140770899470157,390951.8635524867,-324092.97864989634,-324058.8440120394,-8.545221154289052,-0.7390061500660382,0.36204972002491664,-11.138375150322435,0.5919529107104109,1.3531687116685553,375840.4688927075,-349545.3755257284,-349488.48446263355,-33114.60631429416,-33103.228101675166,-32306.487834321102,-32295.10962170211,-57758.88471015316,-57724.75007229624
64,644539,-4.533833580562364,-0.3970067006295466,-11.420042969987446,2.5188491741178853,409232.3796508024,-292779.24099161255,-292756.48841038946,0.626995321001912,0.753212840138713,-11.67334370632223,1.2013053605170623,388385.6942334073,-326476.4836659513,-326442.35479411663,0.6703000912238144,0.7592361767866057,-11.672853871640593,1.1326809987455237,388860.95291357505,-325688.25821973564,-325654.129347901,-8.614536259617115,-0.7441711857858424,0.3507161203436707,-11.11522726009991,0.6012221068543628,1.3437768340143448,373801.341351822,-351141.8398919934,-351084.95843893563,-33697.24267433875,-33685.866383727174,-32909.01722812309,-32897.64093751152,-58362.598900380835,-58328.47002854617
65,643658,-4.560721182954521,-0.3992368661247848,-11.423597292563231,2.5047787036967715,408346.7990186306,-292893.0351675417,-292870.2853219255,0.6306703068455833,0.7556956339821831,-11.674048878094242,1.1982419748948345,387664.99273813626,-326345.3303336469,-326311.20556522254,0.6741292878533979,0.7613088387908478,-11.673847097736198,1.1293217080288147,388130.5359452291,-325572.83130657003,-325538.70653814566,-8.49285424548341,-0.7344373259716125,0.36911507443630204,-11.147974630314186,0.5763451144731289,1.3615865706131771,373282.3153674666,-350675.80895224767,-350618.93433820707,-33452.29516610521,-33440.92024329706,-32679.79613902833,-32668.421216220187,-57782.77378470596,-57748.64901628159
66,643812,-4.544865254662363,-0.39812851340482036,-11.415573367992124,2.511751774440711,408267.55508669466,-293242.08192041947,-293219.33159634547,0.6309894203010875,0.7540400059361239,-11.67101650976462,1.195012121718809,387140.1851495816,-327449.59187387186,-327415.4663877609,0.6744602684512224,0.7599141826921099,-11.670558899821009,1.1266997008394832,387646.15565947985,-326608.715066762,-326574.589580651,-8.621048990644521,-0.7439575857865964,0.3458211266120506,-11.06650920633815,0.5905752719024089,1.3441626500019976,372554.3850935511,-352170.4420490537,-352113.5662388687,-34207.50995345239,-34196.13479141542,-33366.63314634253,-33355.25798430556,-58928.3601286342,-58894.234642523224
67,644824,-4.493055966856116,-0.3936596828081847,-11.413553795513803,2.5402652180849867,409964.7218152514,-292040.85179783806,-292018.0983324574,0.626009577341705,0.7548436412045321,-11.670622830673107,1.205802065217452,388866.7271360169,-326107.7606043567,-326073.63040628575,0.6689855048358002,0.7601404695171008,-11.670273079547194,1.1362585048889426,389351.334537922,-325304.67843727063,-325270.5482391997,-8.517969738433717,-0.7364101656919647,0.3579079285191683,-11.141259750785832,0.581233098309857,1.357938885947282,374017.2179695986,-351209.88467400684,-351153.0010105552,-34066.90880651865,-34055.53207382833,-33263.82663943258,-33252.44990674226,-59169.032876168785,-59134.90267809777
68,645248,-4.560040752935221,-0.39922134248397956,-11.422337103929285,2.504876101507848,410056.38391115604,-292512.7715790244,-292490.0167989884,0.6360827479461673,0.7700746440155418,-11.671537975383092,1.2106516746477056,389191.17068749125,-326208.2081129345,-326174.0759428805,0.6809336816625309,0.7787734217295241,-11.671250900651867,1.1436846828139167,389679.65689718764,-325398.84466010536,-325364.71249005134,-8.65194128039306,-0.7477639473938791,0.3530012979723268,-11.112453479725113,0.62040729300295,1.3373204250956718,374509.8826077025,-351015.58930928976,-350958.70235919976,-33695.436533910106,-33684.05914389208,-32886.07308108098,-32874.69569106295,-58502.81773026538,-58468.685560211365
69,644712,-4.549468616987813,-0.3984881513056307,-11.416822814133013,2.5094849036879503,411292.9133544286,-289792.79340959573,-289770.0402916269,0.6321180332519117,0.7599980590118485,-11.671854146193937,1.202304030312285,390583.4821191782,-323099.1401190201,-323065.0104420668,0.6758110993872105,0.7658543915562886,-11.671532017410518,1.1332373680318726,391048.41826154484,-322332.1551855138,-322298.0255085605,-8.599811351968212,-0.7432772102611671,0.3561939713366397,-11.123755037067468,0.6019805738730681,1.3453930595405013,375688.33966810856,-348162.7117048087,-348105.82890988654,-33306.3467094244,-33294.97015043994,-32539.36177591805,-32527.985216933594,-58369.91829521296,-58335.788618259656
70,645224,-4.483419654152909,-0.3927523945370096,-11.41538464568274,2.546133426325345,410167.8756812373,-292302.4833325924,-292279.7286269478,0.6250330437240504,0.74337224917604,-11.6739150769995,1.1893327187102058,388140.94192358194,-327915.55944798805,-327881.42738952115,0.66685663323719,0.7457010383909308,-11.67392310291932,1.1182329172778838,388639.50642159506,-327087.30527520535,-327053.17321673845,-8.506601311093956,-0.7349339903044833,0.36017852865958416,-11.116274658852912,0.571271713878401,1.3606664179264587,373644.663169759,-352470.9004066008,-352414.01364248927,-35613.07611539564,-35601.69876257336,-34784.821942612936,-34773.444589790655,-60168.41707400838,-60134.28501554148
71,644824,-4.5421944773419245,-0.39789872375280383,-11.415453747883296,2.513202330905826,409358.9350725651,-292994.384381607,-292971.63091622636,0.6340446418640513,0.7681067021761786,-11.66845407618471,1.211439465710164,388587.50684017956,-326570.9337351104,-326536.80353703944,0.6785899623332006,0.7761966936085921,-11.668464205907368,1.143837570098723,389075.634101231,-325761.4413013147,-325727.31110324373,-8.525477353033471,-0.7375004333359851,0.3615581460700896,-11.133243407495195,0.5990217337245368,1.3559314066794956,374003.7976191756,-351233.0224304649,-351176.13876701327,-33576.54935350339,-33565.17262081307,-32767.056919707684,-32755.680187017366,-58238.638048857916,-58204.507850786904
72,645468,-4.534423099450728,-0.3970105251998697,-11.42141785074321,2.518824908978328,411247.6819738684,-290960.04539080063,-290937.2899289725,0.6258664316654627,0.7395248836594247,-11.676860766526074,1.1816017703514006,389603.0571909418,-325856.72304124193,-325822.58984849975,0.668204044565946,0.7431274379638144,-11.676659382124372,1.1121265188488008,390086.56668312394,-325056.1738602611,-325022.0406675189,-8.493099340690561,-0.7338599814282212,0.370552432367294,-11.139916288886383,0.5523696858742395,1.3626577621167233,375208.7168946495,-350151.99149727577,-350095.10284270544,-34896.6776504413,-34885.29991952726,-34096.12846946047,-34084.75073854643,-59191.94610647514,-59157.81291373295
73,645758,-4.538787041872256,-0.39750706124288143,-11.418129347641964,2.5156785815912546,410500.24519357627,-292555.56049355963,-292532.8041333605,0.6275668539577587,0.7524912726674859,-11.67458578321777,1.1990615309299555,389953.35559922643,-325712.8432738001,-325678.7087335014,0.6703950596946215,0.7567793774398961,-11.674742922967155,1.128855838801414,390421.6426948662,-324937.83081116393,-324903.6962708652,-8.499261450393437,-0.7352576757162137,0.3678838470122877,-11.168915259485626,0.5777248220005431,1.3600674063360183,375167.6962568446,-350669.9826368208,-350613.0917363229,-33157.282780240464,-33145.90460014087,-32382.2703176043,-32370.892137504707,-58114.42214326118,-58080.2876029624
74,644290,-4.552392137337103,-0.39874813359339006,-11.416710835264375,2.5078487289415534,408366.57564579643,-293781.734569387,-293758.98276095843,0.6260459394087086,0.752090705784269,-11.672682368537632,1.2013346919790069,388401.8363988149,-326074.62664251955,-326040.4989298767,0.6689441357325636,0.7570102545620675,-11.672658585028783,1.1316494369639136,388878.0803418897,-325285.1060544489,-325250.97834180604,-8.520842660500868,-0.7366522784429942,0.360702467754044,-11.14247754664845,0.5805293827143767,1.3574925772490976,373785.8549779775,-350783.9232097325,-350727.04368866107,-32292.892073132563,-32281.516168918286,-31503.371485061885,-31491.995580847608,-57002.18864034553,-56968.06092770264
75,643848,-4.524554541287253,-0.39630561504924244,-11.416831782020198,2.523305151444161,407197.72330952925,-294983.84583066596,-294961.0953947612,0.6263130103057793,0.7487588738002297,-11.6735436525762,1.1955026663659272,386310.68236831535,-328884.9189376034,-328850.7932837463,0.6689360068352097,0.7531043379952784,-11.673113346285554,1.1258241899076056,386804.05346404883,-328063.16242037585,-328029.0367665187,-8.601344868594065,-0.7423398881367926,0.3477415657279199,-11.089266944766305,0.5845492295741364,1.3470918321658714,371531.23637853074,-353996.77264850616,-353939.89655874425,-33901.07310693746,-33889.6978889851,-33079.316589709895,-33067.94137175754,-59012.9268178402,-58978.801163983066
76,644777,-4.5150781811107805,-0.3954135657427825,-11.418622354620604,2.5289977042682,410008.45468531875,-291903.7891799815,-291881.03586038237,0.6276894720032418,0.7476139029125872,-11.674272562523909,1.191056941781439,388366.9354711524,-326866.2263105352,-326832.09633113653,0.6702372908787415,0.7513783375977711,-11.674025061215499,1.1210631634844523,388851.39454800094,-326062.41585320706,-326028.2858738084,-8.612179187063333,-0.7437630922922114,0.3531492663318179,-11.106413548117622,0.5908443360117458,1.3445141475333084,373795.5390217575,-351519.5574366589,-351462.67413766106,-34962.437130553706,-34951.060470754164,-34158.626673225546,-34147.250013426004,-59615.76825667737,-59581.63827727869
77,644276,-4.528710848341997,-0.39669050974054487,-11.416231891466213,2.5208568782097895,408539.61934488144,-293488.3994049708,-293465.6476400014,0.6318960988035769,0.7677022669773619,-11.669839733980913,1.2149185102280555,387995.8502739851,-326727.338081181,-326693.2104337269,0.6762417942786851,0.7758738692585812,-11.669732283506782,1.1473320280154657,388494.363554872,-325900.0766914967,-325865.9490440426,-8.614133723817911,-0.7444985325401198,0.3487492236148612,-11.114651779391256,0.6160575356083208,1.3431859920370115,373276.5782729044,-351640.7141946817,-351583.8347822582,-33238.93867621018,-33227.56279372552,-32411.677286525897,-32400.301404041238,-58152.314789710916,-58118.18714225682
78,644790,-4.49963044977619,-0.39406544134506744,-11.418485301369127,2.5376495756306117,410682.2746384792,-290863.8776997817,-290841.12433985894,0.6261779325317217,0.7411319220668399,-11.677341394229044,1.1835803907530622,388436.96568998264,-326769.55896880326,-326735.42892891914,0.6679218571071369,0.7431004465746891,-11.677022393011576,1.1125559654435644,388945.63936617645,-325925.7331760715,-325891.60313618736,-8.822382693667711,-0.7603295378504376,0.32534294181814605,-11.043430124868392,0.6210528940853317,1.3152191914405242,373498.743751319,-352051.81451071694,-351994.9311109101,-35905.68126902159,-35894.30458906019,-35061.85547628981,-35050.47879632842,-61187.936810935265,-61153.80677105114
79,645359,-4.522248970501233,-0.39604994347637384,-11.418380547682128,2.524934080844414,411613.87282334623,-290227.5226466177,-290204.7675225576,0.6320968636431736,0.7613599505694848,-11.671054027607024,1.2044988582624605,390059.0285364084,-324937.8506089929,-324903.71792290267,0.6756530287797692,0.7670237015311114,-11.670968825169762,1.1352331283356456,390557.085514912,-324114.33289927617,-324080.2002131859,-8.678862023388268,-0.7495064571153082,0.34250914055209336,-11.084758881825232,0.6236513700856302,1.3342113206719906,375378.95126394235,-349691.1322287861,-349634.2444186357,-34710.32796237519,-34698.950400345086,-33886.81025265844,-33875.43269062834,-59463.6095821684,-59429.47689607809
80,643428,-4.568159124928103,-0.4000129450444917,-11.42002823038641,2.4999190960901885,407817.5503743392,-293392.88732571964,-293370.13819489634,0.6308092192431886,0.7561654695425473,-11.673038347493334,1.1987229204572414,387236.448959465,-326710.42555895273,-326676.3018627178,0.6744652407395867,0.7622534024759199,-11.672725463062473,1.1301596530609477,387713.9914146552,-325917.4349114415,-325883.3112152066,-8.625690521332844,-0.7451198593546542,0.3523569900204442,-11.112462703508038,0.6002993638629893,1.3420659608590981,372522.40128556365,-351631.7401664459,-351574.86733938765,-33317.53823323309,-33306.16366782144,-32524.547585721884,-32513.173020310234,-58238.852840726264,-58204.72914449131
81,644421,-4.5434278826604375,-0.39796761844076745,-11.416576807081782,2.5127672545771147,409530.52263026184,-292138.3332061001,-292115.5809910637,0.6352271991642344,0.7733318847685138,-11.666789452026496,1.2174099059139518,389019.74790607614,-325247.54042684654,-325213.4121042919,0.6799394398180088,0.7815485724723723,-11.666798974019628,1.1494385039372919,389491.69764810277,-324466.2176506686,-324432.08932811394,-8.460883330477738,-0.7324216662753396,0.3673083420725203,-11.152372811311189,0.593163847537676,1.3653337224244122,374492.06858257856,-349769.8712345602,-349712.99069696915,-33109.20722074644,-33097.831113228225,-32327.88444456848,-32316.50833705027,-57631.53802846011,-57597.40970590548
82,643928,-4.552451861853237,-0.39863165533747213,-11.420196567177383,2.508581510300339,409019.10954344587,-292226.65103997063,-292203.90035557543,0.6305300342178162,0.7555752647276635,-11.672507339178601,1.1983176434489249,388212.11668622313,-325844.12858429865,-325810.00255770585,0.6740146993416648,0.7611791848482286,-11.672490356919333,1.129321342088979,388681.8671946926,-325065.4237711399,-325031.2977445471,-8.516952215772507,-0.7362579147198832,0.36368888696581014,-11.127878082624488,0.5816473543290099,1.3582196944945035,373844.58009982115,-350123.76933809655,-350066.89262710855,-33617.47754432802,-33606.10220213042,-32838.77273116924,-32827.39738897164,-57897.11829812592,-57862.99227153312
83,645856,-4.517674441143379,-0.3958396883269329,-11.412889041616591,2.526275230830511,410238.15910208516,-293110.448592123,-293087.6919284276,0.6267552681159562,0.7454764032935665,-11.67127189863172,1.1894218385024338,389054.1921112928,-327351.231015539,-327317.09601999586,0.6695392134836501,0.7502472559487973,-11.67084042461671,1.1205426670160492,389537.1710998856,-326549.95082568156,-326515.81583013845,-8.467942379689282,-0.7320836365215061,0.36857420331259577,-11.147181230258418,0.5524130889891056,1.3659641468719312,374228.32173640036,-352440.3823764962,-352383.4907172577,-34240.78242341598,-34229.404091568256,-33439.50223355857,-33428.123901710846,-59329.93378437322,-59295.798788830114
84,644760,-4.5578002323231095,-0.399196331806183,-11.417440164595508,2.5050330384436448,408650.8720099627,-294017.5058900715,-293994.7526232045,0.6323300788865555,0.7635748966018172,-11.667309272886166,1.207557448392089,388025.2801046384,-327408.06822790054,-327373.9383276,0.6759887177688484,0.7693885152897488,-11.667408496582155,1.1381676869240858,388517.1289045908,-326591.3080072468,-326557.1781069463,-8.654100683269284,-0.7471800703233509,0.33739135702216877,-11.052437354269594,0.6255147796638418,1.33836546197925,373800.50969211693,-351484.71548296313,-351427.8323157956,-33390.56233782903,-33379.185704395524,-32573.802117175306,-32562.425483741798,-57467.209592891624,-57433.0796925911
85,645124,-4.5568916854664385,-0.3991043750108425,-11.417794368559957,2.5056102178103985,409064.2933252262,-293895.2737675059,-293872.5193718552,0.6263778427084655,0.7488576256556871,-11.67286298114502,1.1955365828676467,388738.3151795711,-326772.6212682228,-326738.4896747467,0.6694949959936838,0.7544160682210455,-11.672544229589686,1.1268434756578267,389214.450090616,-325982.9432558313,-325948.8116623552,-8.49413682236805,-0.7344760913048302,0.36727838130179524,-11.154456026033644,0.5651458291067785,1.3615147066577138,373993.6077613619,-351714.08250141825,-351657.19651229144,-32877.34750071692,-32865.97030289151,-32087.669488325424,-32076.292290500016,-57818.80873391236,-57784.67714043625
86,645110,-4.5485251733101695,-0.398358463437726,-11.418171297422992,2.5103018807991924,409714.0522996057,-292851.01419321453,-292828.2598409668,0.629609099471065,0.748608659648524,-11.674134946224546,1.189005464307029,388725.36683572177,-326773.0180075475,-326738.8864791759,0.6729465692006121,0.7541891467180294,-11.673716588663716,1.120726638986992,389207.6073557284,-325973.21074385877,-325939.0792154872,-8.516722293441747,-0.7362149496936117,0.3685569557494614,-11.151458586042585,0.5608095394769607,1.3582989593136718,373918.0678663212,-351822.7634273399,-351765.87754672056,-33922.003814332944,-33910.6266382091,-33122.196550644236,-33110.81937452039,-58971.74923412537,-58937.61770575377
87,644452,-4.536292733318321,-0.3971822829222741,-11.421186010469766,2.5177356669650175,408235.83304267394,-294223.98501839367,-294201.2327071492,0.6282551846473391,0.7493996026681468,-11.675284338860063,1.1928267700469677,387194.6250169016,-328324.8097805004,-328290.6813136337,0.6713620218843032,0.7548806510957978,-11.67499393421652,1.124401778011041,387685.07705729007,-327509.01130315237,-327474.88283628563,-8.627611744441964,-0.7451174453242351,0.35470911199538185,-11.111018153023318,0.5910272001786084,1.3420703088824524,372597.4241181793,-353086.4097740834,-353029.5289959722,-34100.82476210676,-34089.44860648451,-33285.0262847587,-33273.650129136455,-58862.424755689746,-58828.29628882301
88,644368,-4.532891567132618,-0.39712414649315897,-11.4142935078633,2.518104247325657,408870.6022987762,-293100.4848915885,-293077.7328410476,0.6270117429178892,0.754163336150724,-11.670754557515602,1.2027898116247657,388586.6141864714,-325885.62992094527,-325851.5018451339,0.6706600330903159,0.7610643953909252,-11.67027168236574,1.134799090209741,389058.25217353454,-325104.0174475465,-325069.8893717351,-8.472899994335096,-0.7328016407054742,0.3647642843279288,-11.154735759313574,0.5721153656520855,1.364625765626414,373804.0158931244,-350873.0894984808,-350816.20937212853,-32785.14502935676,-32773.76900408632,-32003.532555957965,-31992.156530687527,-57772.60460689227,-57738.47653108096
89,644655,-4.579869310656938,-0.40097091979203286,-11.421948786291853,2.493946445090479,407857.0586885818,-295118.1070421444,-295095.35410100647,0.631731998277033,0.7539895350657004,-11.674143625936049,1.193527535603878,387203.44494142197,-328616.5802825774,-328582.4508708705,0.675579034223762,0.7605542803316516,-11.673730826347544,1.1257813546649296,387681.31841971976,-327821.45930260024,-327787.32989089336,-8.529018252983843,-0.7370498764049269,0.3663823441852856,-11.136200483271285,0.566452239978845,1.3567602844975055,372537.63545545423,-353504.1183564433,-353447.23600359855,-33498.47324043297,-33487.09676986403,-32703.35226045584,-32691.9757898869,-58386.0113142989,-58351.88190259208
90,644734,-4.5287131233703795,-0.39664585646719286,-11.417522834364856,2.521140669177043,408197.5144907812,-294695.3153071752,-294672.56212096,0.6255770977908612,0.742189019648655,-11.67657667277574,1.1864069549054668,386862.5468047661,-329303.73742842133,-329269.6076490985,0.6677858233830821,0.745514956666517,-11.676153125697242,1.1163982980196403,387364.12580587534,-328468.3617112488,-328434.231931926,-8.652355867844236,-0.7467860980072151,0.3492554936001182,-11.109399277715815,0.5827485493534973,1.3390715261953612,371749.6369964296,-354991.6425685764,-354934.7596030383,-34608.42212124611,-34597.04552813852,-33773.0464040736,-33761.66981096601,-60296.327261401166,-60262.197482078336
91,643660,-4.513563752664759,-0.3952737253681487,-11.418830706394491,2.5298924158660516,409872.22270828724,-290495.96354700427,-290473.21369517356,0.6272991214810627,0.7467208693954892,-11.675851893073245,1.1903744861501957,388278.85184007656,-325329.92885583156,-325295.80407808546,0.6701459240704973,0.7518598512886836,-11.675615634947308,1.1219345284111437,388801.53983401676,-324464.037994289,-324429.9132165429,-8.72254985597523,-0.7519950732571903,0.3335666753875986,-11.048046620255034,0.6071948578625428,1.3297959462268836,373726.4810847333,-349913.4679035774,-349856.59327400057,-34833.96530882729,-34822.590382911905,-33968.074447284744,-33956.69952136936,-59417.5043565731,-59383.37957882701
92,644040,-4.516873145315701,-0.3956196685245666,-11.41721078267174,2.527680192770556,410540.0387584029,-289999.08117492043,-289976.3301426905,0.6277927289546289,0.7479480056030233,-11.673878700216473,1.1913932275840011,389009.8460282195,-324690.74716680445,-324656.6206184596,0.6704001222387492,0.7520832181835616,-11.673644194893935,1.1218423046702886,389506.3134933545,-323869.32568266714,-323835.1991343223,-8.667143926097628,-0.7480814254156546,0.344922772544004,-11.081388373509565,0.6007508420607806,1.3367528801351705,374329.2934536559,-349462.180631616,-349405.3030510412,-34691.665991884016,-34680.290475769085,-33870.24450774671,-33858.86899163178,-59463.09945669555,-59428.9729083507
93,644888,-4.524567541704475,-0.39623821730633857,-11.418806526192435,2.5237343505078482,408985.60796902986,-293675.8614095857,-293653.1077457111,0.6288681873716264,0.7549773892330198,-11.672357831610944,1.2005336005124867,387751.2487580477,-328056.67423196294,-328022.54373615107,0.6720028233348784,0.7601467741397918,-11.67219801081033,1.131166042379838,388245.60868242505,-327235.0038270266,-327200.8733312147,-8.642647222808193,-0.7459987181322167,0.34197727811433437,-11.075565402286797,0.60827181316115,1.340484877110426,373171.9486507961,-352767.8267881639,-352710.94262847747,-34380.81282237725,-34369.43599043996,-33559.14241744089,-33547.7655855036,-59091.96537857823,-59057.83488276636
94,644675,-4.579929357915822,-0.4010436989322164,-11.4200257231567,2.4934938578077945,409422.7576584447,-292677.19567153335,-292654.44266834774,0.6361214323177615,0.7650490762856107,-11.669504459736915,1.2026777238083153,388685.7134659645,-326183.5822447629,-326149.45273998444,0.6806772584778603,0.7727966120180855,-11.669331322349313,1.13533484833359,389173.19136393315,-325375.5568996435,-325341.427394865,-8.658872449935823,-0.7481427707217628,0.35101282482989615,-11.096268281821173,0.6137347156492247,1.3366432706891769,374087.70261053817,-350858.26578202087,-350801.3832740568,-33506.38657322957,-33495.0100716367,-32698.361228110152,-32686.984726517287,-58181.07011048752,-58146.94060570904
95,643827,-4.551930952563091,-0.39859263284317165,-11.42000774097115,2.5088271021643673,407466.9270356585,-294527.72294285294,-294504.972572182,0.6302700430732598,0.7572937971527128,-11.672830208500331,1.2015386190022177,386811.6696240611,-328018.7855206277,-327984.6599646213,0.674004618218925,0.763780782052949,-11.672469135241267,1.1331981434656335,387285.35385240964,-327230.84621973697,-327196.7206637306,-8.554052201678822,-0.73920368635747,0.35911646096571287,-11.12687895715397,0.5863355557400891,1.3528071064250782,372208.59184425004,-352791.5050275831,-352734.6291009058,-33491.06257777475,-33479.687392439286,-32703.123276884027,-32691.748091548565,-58263.78208473016,-58229.656528723775
96,644969,-4.503291433097415,-0.3945943550072779,-11.412457821436284,2.5342481140703494,411293.94344419625,-290163.75029462675,-290140.99637956155,0.6304139226358237,0.75664662546879,-11.670481238412995,1.2002378093192718,389564.03882794926,-325170.5934597718,-325136.46258717397,0.6732793706995984,0.7608246622670628,-11.670161790099007,1.130028180540415,390062.96714774263,-324345.0875679746,-324310.9566953768,-8.748387517469846,-0.7548050756295428,0.330227014938043,-11.060123897017444,0.6263262821938499,1.3248453571486032,374590.7208597271,-350445.66697803355,-350388.7821903705,-35006.84316514502,-34995.46620761242,-34181.33727334783,-34169.96031581523,-60281.9166834068,-60247.78581080894
97,644369,-4.532915498054733,-0.39692691932595514,-11.420025393471278,2.51935545641036,410275.26370108983,-290892.0252956766,-290869.27324203186,0.629270441211376,0.758354767971835,-11.672966935722902,1.2051333072501633,389659.7486675799,-324110.07621544885,-324075.94813498174,0.6733079292088998,0.7659323355092228,-11.67266860735819,1.137566189676619,390127.00614718226,-323337.84901602456,-323303.72093555745,-8.34742278728843,-0.7229182136050467,0.3809707003399101,-11.200309015326464,0.553209318833337,1.383282342567083,375124.9682762529,-348601.5703244459,-348544.6901903341,-33218.05091977224,-33206.67489294987,-32445.82372034795,-32434.44769352558,-57709.545028769295,-57675.41694830224
98,644670,-4.540063055840955,-0.39765866903507263,-11.416984990815154,2.514719476445771,409084.5115852952,-293202.74224751367,-293179.98925983976,0.6316687101512035,0.7614094428254498,-11.668966815618946,1.2053936352857972,388072.1524348407,-327194.50225394365,-327160.3727724328,0.6757430405878384,0.7685225298293199,-11.668995418995378,1.1372999552622418,388561.2460510482,-326382.52578252647,-326348.39630101563,-8.524016469141445,-0.7367842870188286,0.35647033038167725,-11.108631508763718,0.5938603340065453,1.3572493572660094,373648.7211418397,-351607.4909716976,-351550.6085025129,-33991.76000642998,-33980.38351259305,-33179.7835350128,-33168.40704117587,-58404.74872418394,-58370.61924267316
99,644813,-4.494975997367919,-0.3938244857297062,-11.413652934858293,2.539202198530466,412076.34289560455,-288712.1309924306,-288689.3775611681,0.6276470137390794,0.7431941571761517,-11.67558645550312,1.1840957431609906,389539.43211549957,-324976.6919189504,-324942.5617720566,0.6690880062620416,0.7440589529609987,-11.675640173034422,1.1120494553740297,390067.233673783,-324103.60200545326,-324069.47185855947,-8.86143657725203,-0.7638804116323586,0.3213995623731829,-11.04895777796567,0.6305494548833114,1.309105436887785,374199.7414284634,-350878.2960797932,-350821.4125016369,-36264.5609265198,-36253.18421088852,-35391.471013022645,-35380.09429739136,-62166.16508736258,-62132.03494046879
100,643617,-4.540952170851799,-0.39768013776535666,-11.418604399928816,2.5145837195168905,407560.6031509641,-294073.73873134534,-294050.98901312996,0.6320366376939704,0.7621729993881251,-11.670823455852666,1.2059000284682329,386766.7600152715,-327776.55598638806,-327742.43140906503,0.6758978208678972,0.7686345866296295,-11.670681701516346,1.1372053036694987,387246.45599429315,-326978.7904700576,-326944.66589273454,-8.584705857142659,-0.7420107474057549,0.35600731312490114,-11.123278017899368,0.5980798474823481,1.3476893744413225,372037.5999949307,-352762.2086398665,-352705.33434432815,-33702.817255042726,-33691.44239593507,-32905.05173871224,-32893.67687960458,-58688.46990852116,-58654.34533119819
101,645864,-4.51588240244054,-0.39540016055698485,-11.421043421123532,2.529083444456216,411094.67552304914,-291775.01687204826,-291752.2601835797,0.6264521194787305,0.7473343434418913,-11.677632666240765,1.1929632292787942,390003.4326040019,-325789.3829320085,-325755.2478993056,0.6694946265582818,0.7528488695406942,-11.677152712626373,1.1245032292655093,390476.8499275808,-325005.85706820583,-324971.72203550296,-8.483554185150433,-0.7333766162973154,0.3698242172113458,-11.160255118291204,0.5629047993881654,1.3635558835360981,375322.6557553568,-350566.84182663256,-350509.9501054611,-34014.366059960215,-34002.9877157259,-33230.84019615757,-33219.46185192326,-58791.8249545843,-58757.68992188142
102,645026,-4.546447610072684,-0.3980572834081907,-11.421591312551104,2.512201237565456,408694.26049791445,-294336.3792972943,-294313.6252054842,0.632109471666629,0.7564551074029136,-11.674172944003214,1.1967153496504854,387459.44149314583,-328750.496825337,-328716.3656876219,0.6757124433438033,0.7623681361582724,-11.67406352532947,1.128243446850924,387955.5744261889,-327925.0841666474,-327890.9530289323,-8.609731721764945,-0.743512756427927,0.3533902183958389,-11.096441450977657,0.5971242616062542,1.344966836620692,373023.41646536166,-353238.1210158954,-353181.2357863702,-34414.1175280427,-34402.740482137655,-33588.704869353096,-33577.32782344805,-58901.741718601086,-58867.61058088596
103,644974,-4.494515459492231,-0.39372511633615015,-11.415363849064063,2.539843049144549,409003.64686924557,-293772.584377778,-293749.8304472082,0.6239264432621663,0.7444678801902899,-11.672877731727448,1.1931981537725491,387628.1745551737,-328391.1797508646,-328357.04885500995,0.6666651641149836,0.7497093995792283,-11.672168319930432,1.1245666339480753,388106.20674599777,-327596.27267776435,-327562.1417819097,-8.495428171608252,-0.7342286598027408,0.3645223803094695,-11.144838112241528,0.5585154303902802,1.3619735305193097,372870.5312993787,-353422.0447478142,-353365.1599213898,-34618.59537308663,-34607.21840780176,-33823.68829998636,-33812.31133470149,-59649.46037003619,-59615.32947418158
104,645298,-4.528770760821911,-0.3965571782521003,-11.420221368286189,2.5217044472821963,410987.50481440796,-291121.8142202538,-291099.0592852446,0.6327274398044774,0.757069979659485,-11.671291107970706,1.1965183300623587,389173.8143878063,-326312.2664894991,-326278.1340869853,0.6759325900122553,0.7618217334029969,-11.671028868993599,1.1270676168894067,389682.9676039227,-325468.5796745347,-325434.4472720209,-8.7458940238155,-0.7542917334043813,0.33124531372486715,-11.032214166775928,0.6254767021289814,1.3257469964394966,374644.7069260538,-350860.52528903785,-350803.6379515149,-35190.45226924529,-35179.0748017407,-34346.76545428089,-34335.3879867763,-59738.71106878406,-59704.5786662703
105,646009,-4.530183902431634,-0.39677082617952286,-11.417633564575405,2.5203465930923565,410525.0642375735,-292881.2675528974,-292858.5104154683,0.6286197972961368,0.7533974160155378,-11.66981343731838,1.198494573756829,389425.81056585547,-326965.03526140266,-326930.899555259,0.6717610054831682,0.7586327942304399,-11.66955475122866,1.1293194871958796,389909.1604682703,-326163.715062128,-326129.5793559843,-8.571767817994886,-0.7403326280299869,0.35175045589330733,-11.088479117767621,0.5911626473510716,1.350744195431429,374903.7843161076,-351511.9327185835,-351455.0398750107,-34083.76770850527,-34072.38913979067,-33282.44750923058,-33271.06894051598,-58630.66516568611,-58596.52945954242
106,645747,-4.5360658612270255,-0.3974527428001703,-11.412843271049335,2.5160223903720196,410617.0800550185,-292355.8133977337,-292333.05707160337,0.6291848259491996,0.7527621583416093,-11.670461366803718,1.1964086343086529,389681.18031389825,-326147.163632038,-326113.02914284245,0.6726245249529776,0.7588673735390747,-11.670128568833398,1.1282184121849055,390181.7403170238,-325318.20983470755,-325284.075345512,-8.529875140992985,-0.7373126913033119,0.3630772518049745,-11.140651179347339,0.5656930133163662,1.3562766676813178,374660.62760717917,-351526.37736834225,-351469.4865530163,-33791.350234304264,-33779.972071239084,-32962.396436973824,-32951.018273908645,-59170.56397060852,-59136.429481412924
107,643856,-4.5268803320733815,-0.3964779992446831,-11.41773399961004,2.5222080466130943,409480.8425489114,-291395.554213703,-291372.80375294783,0.6274221185989126,0.7476849622025805,-11.67380339096084,1.1916777238778657,388229.4493714032,-325706.95219348563,-325672.82650235284,0.6697924838635296,0.7508896949358141,-11.673801078213774,1.1210781145295863,388708.78890673723,-324912.48576149653,-324878.36007036373,-8.567745412438915,-0.7400624906520935,0.3559535573106063,-11.108636009626139,0.5843807823745281,1.3512372436533933,373770.8717316781,-350139.58077749447,-350082.7046256065,-34311.3979797826,-34300.022749405005,-33516.9315477935,-33505.5563174159,-58744.02656379144,-58709.90087265865
108,644739,-4.559617730532309,-0.39917903157328655,-11.422488081504337,2.505141605406212,410400.04254621797,-291233.10796573886,-291210.35476401343,0.6302435774135062,0.7534689641892486,-11.675610482764068,1.1955202578683217,389863.19780955,-324329.74827768526,-324295.6184750971,0.6735828430289039,0.7589082759867538,-11.67547158338967,1.1266739998515498,390333.6458306054,-323552.2105937509,-323518.08079116273,-8.504944720886263,-0.7352839376741686,0.3689013371806274,-11.144974008395844,0.5748242115055563,1.3600188291385429,375390.83041570365,-348715.06737768603,-348658.1843733724,-33096.640311946394,-33085.26371108368,-32319.102628012013,-32307.7260271493,-57481.95941194717,-57447.829609358974
109,645337,-4.534870690443058,-0.3971931598273693,-11.417293017870785,2.517666720229086,409580.2489748828,-293391.8902166774,-293369.1351607975,0.6323721052673158,0.7641433616608934,-11.670691875271837,1.2083761369231734,388785.1857054647,-327015.7444571827,-326981.61187336285,0.6758570574686589,0.7695690494643055,-11.67078794241826,1.138656526494868,389273.10489181173,-326206.3646226906,-326172.23203887074,-8.666555317363457,-0.7486586043262765,0.34302087536756404,-11.09253328430398,0.6273088037048747,1.3357223095030177,374103.01324153156,-351854.4913031575,-351797.6036634578,-33623.854240505316,-33612.476712565345,-32814.47440601321,-32803.09687807324,-58462.601086480136,-58428.46850266028
110,645078,-4.559826671681599,-0.3992814666212573,-11.42008095258494,2.5044989151689343,408332.8763889685,-294982.76677786134,-294960.01252482395,0.634175164882421,0.7637492350555305,-11.67148170015761,1.2043190546528784,387392.2651983258,-328940.85320340254,-328906.72182384646,0.6785434479629451,0.7711906949538807,-11.671202987428844,1.136538415143602,387876.27502165904,-328135.3926096002,-328101.2612300441,-8.604941035380582,-0.7434792468104148,0.3552242489345858,-11.115588761630697,0.5958491446323582,1.345027456099252,372575.9776126418,-354092.8316478991,-354035.94601530564,-33958.0864255412,-33946.70929902251,-33152.62583173887,-33141.248705220176,-59110.06487003778,-59075.93349048169
111,644487,-4.532694906862504,-0.3970771282402486,-11.415149814723225,2.5184024182701283,409317.54312506376,-292569.51469536964,-292546.76227550866,0.6319707722558561,0.7608899039541713,-11.668831475819095,1.203995401936281,388143.4422502478,-326800.264094106,-326766.13546431455,0.6756614891220172,0.7671327312303606,-11.668635090885031,1.1353802807781823,388642.4180463827,-325972.2792540318,-325938.15062424034,-8.614681049319595,-0.7441344734924533,0.34960130535714273,-11.093398412641974,0.6000267844907228,1.3438431300013431,373448.30332756246,-351670.48751574365,-351613.60646609124,-34230.74939873634,-34219.37318880588,-33402.76455866214,-33391.38834873168,-59100.97282037401,-59066.844190582575
112,644180,-4.560209016835241,-0.39930021508193503,-11.420502280219162,2.504381320693262,408511.09627846064,-293393.6512530515,-293370.8997861132,0.6331032571334383,0.7639046090264605,-11.6712318107598,1.206603504908921,388017.8681716784,-326546.1057691963,-326511.97856878885,0.6780416288866636,0.773392266089001,-11.670760220437064,1.1406265237119761,388490.0819166403,-325762.6220001166,-325728.4947997092,-8.481728443031798,-0.7338860837625174,0.37112231700500387,-11.159834719056652,0.5772312511084574,1.3626092960819733,373494.55179945275,-351116.2669954742,-351059.3883281285,-33152.45451614482,-33141.07878267567,-32368.97074706515,-32357.595013596,-57722.6157424227,-57688.488542015315
113,644487,-4.539202775543846,-0.39763974725644213,-11.415364804103614,2.514839139949179,409777.7476648461,-291845.3111069119,-291822.55868705094,0.6291116839857943,0.7534391002623612,-11.670517553693918,1.1976237597255852,388743.02316269756,-325805.46704859723,-325771.3384188058,0.6721964424594112,0.7585569238604886,-11.670352135859353,1.128475064647924,389247.73134391935,-324969.26711861504,-324935.1384888236,-8.780070711346013,-0.7572423299654135,0.32500935776060735,-11.040923367269228,0.6309279850867915,1.3205812200774278,373927.2311693708,-350844.4963078801,-350787.6152582277,-33960.15594168531,-33948.779731754854,-33123.95601170312,-33112.57980177266,-58999.185200968175,-58965.05657117674
114,643583,-4.561553712141529,-0.39929601181512037,-11.42399016560574,2.5044076835483495,408061.2144459198,-293234.1693798757,-293211.419767316,0.6344747067418401,0.7654995074276724,-11.673997756810845,1.2065091000375285,387271.75214417465,-326885.4784413415,-326851.354022502,0.6788478991866076,0.7730777848663996,-11.67381646185939,1.1388085398698262,387761.33180983126,-326072.3900754505,-326038.265656611,-8.669640255611435,-0.7488094988230102,0.34900119793712586,-11.104655036282532,0.6174418460999556,1.3354531447208065,372618.45652312407,-351705.5412767156,-351648.66724531644,-33651.309061465785,-33639.934255186,-32838.22069557477,-32826.845889294986,-58471.371896839875,-58437.24747800041
115,644791,-4.5680610830574295,-0.4000326645097049,-11.419220199570995,2.499795863484392,409294.07322404376,-293048.5640553222,-293025.8106922977,0.6360020111429407,0.7660755794324656,-11.671157432587437,1.2045175424143288,388555.001839937,-326575.1598829051,-326541.0298383683,0.6806784614624511,0.7742659191512956,-11.67089854702482,1.1374914338963655,389048.52190845937,-325756.70335201133,-325722.57330747455,-8.681773423748629,-0.7496037201676754,0.344742293796571,-11.07980502223708,0.6185293535586309,1.33403820324733,373834.8345451831,-351473.4097740508,-351416.52636648953,-33526.595827582874,-33515.219146070594,-32708.13929668913,-32696.76261517685,-58424.84571872861,-58390.71567419183
116,645519,-4.55108861242817,-0.39855533408266164,-11.41896299770576,2.509061890494224,409835.06574873853,-293255.18119230407,-293232.4255724573,0.6293640958545642,0.7542307956575474,-11.67130768807758,1.1984013715199886,389239.72992385,-326535.73673902516,-326501.60330925504,0.6729179403255993,0.7605463074717361,-11.670917966571709,1.1302214755988478,389721.366362001,-325737.4798991875,-325703.3464694174,-8.556570246049642,-0.7391892156747054,0.35620460699830914,-11.10800694669975,0.5824784368195882,1.352833589552894,374744.6975207651,-351029.4659094058,-350972.57685978885,-33280.555546721094,-33269.17773679772,-32482.298706883448,-32470.920896960073,-57774.28471710172,-57740.15128733154
117,643761,-4.510832489769347,-0.3949446015534509,-11.421430934938,2.532000680770572,409446.11503495835,-291312.16446068266,-291289.4142950463,0.6252847443977777,0.7415878761440882,-11.677939327025056,1.1860002707379722,387839.5648514665,-326210.73102001764,-326176.6057715631,0.6674191499180147,0.74474000942624,-11.677484595432054,1.115850525891748,388324.32754167245,-325406.5932397226,-325372.46799126803,-8.58988370245285,-0.7413144454217133,0.3547596723433153,-11.104623144254283,0.5718785827878452,1.3489552323928176,373278.1858996297,-350842.0566433797,-350785.1812292887,-34898.566559334984,-34887.191476516775,-34094.42877903994,-34083.05369622173,-59529.89218269702,-59495.76693424239
118,644930,-4.526959455225882,-0.3965284673918986,-11.416480347555423,2.521887032669652,411112.7029376316,-290391.46264932473,-290368.7088551992,0.6297281377530562,0.7565444099887898,-11.67182108834766,1.2013825723084708,390185.9772346377,-324083.1230981827,-324048.99240699445,0.6728970419551075,0.7617637151208191,-11.67160404376783,1.1320657806839347,390669.21868576965,-323284.8779165051,-323250.7472253168,-8.579151484213197,-0.7415854556447076,0.3584651978061823,-11.132517255154347,0.5909205175274228,1.3484622606718144,375444.3426426596,-348917.4746693195,-348860.59018400573,-33691.66044885799,-33680.28355179523,-32893.41526718036,-32882.0383701176,-58526.012019994785,-58491.881328806514
119,642803,-4.54775941205433,-0.39820167128054107,-11.420744160690232,2.5112903137352225,408152.62372888083,-291955.2704998171,-291932.52331265726,0.629817596754507,0.7518482188503638,-11.676223873130606,1.1937554979801912,387504.29059280007,-325323.91320808535,-325289.7924273456,0.6725868975969638,0.7556394998259023,-11.676258438295314,1.123482337413457,387967.83314895397,-324555.43534256355,-324521.3145618238,-8.479260490788178,-0.7333610571157906,0.371995809465802,-11.160504672740247,0.5715051877561627,1.3635848130971995,372967.2480529645,-349898.3294439169,-349841.4614760173,-33368.64270826825,-33357.26911468833,-32600.164842746453,-32588.791249166534,-57943.058944099816,-57908.93816336006
120,644318,-4.575814154199102,-0.4007234451946956,-11.41888304532792,2.495486630471895,408308.43229645776,-293914.2474330562,-293891.4955377121,0.6372288418278507,0.7685544526878818,-11.667962521532857,1.2060886172121963,387344.494062963,-327873.21038902365,-327839.0825460075,0.6822634009524441,0.7774432253236554,-11.667720547071733,1.1395059800047016,387837.5578795445,-327053.5579364954,-327019.4300934793,-8.650416660793082,-0.7469738369116472,0.3450521813890548,-11.06988216382987,0.6128133151176118,1.3387349738171366,372789.7954895931,-352546.4305018417,-352489.55076348153,-33958.962955967465,-33947.587008295406,-33139.31050343922,-33127.93455576716,-58632.183068785525,-58598.05522576941
121,643782,-4.545768208506624,-0.3980401873418369,-11.42037501003063,2.512309138125292,407929.2266149995,-293732.13692113076,-293709.38669025386,0.6326322739146263,0.7674442490243233,-11.672503754753155,1.2130968979427847,387464.9001031064,-326864.5862814963,-326830.4609351809,0.6765131311101878,0.7738540640500964,-11.672603631381662,1.143886243242859,387950.23053324287,-326058.7030237945,-326024.57767747913,-8.663231542498904,-0.7486476911145014,0.3469564642109213,-11.115078572906997,0.6282811054267903,1.3357417806382519,372764.41705253714,-351761.1945555298,-351704.3189783375,-33132.449360365514,-33121.07424492703,-32326.566102663754,-32315.190987225273,-58029.05763439904,-57994.932288083655
122,644310,-4.53997385046619,-0.3976297111267654,-11.417592104979384,2.5149026142093227,407940.4364141616,-294483.5568316845,-294460.80496117304,0.6254474523678322,0.7459800538363309,-11.675043811458153,1.1927141936739591,387688.8030790091,-327288.66915482964,-327254.54134906246,0.6679207838646276,0.7498050802381446,-11.674801175549199,1.1225958202703767,388154.6743939722,-326514.89044369577,-326480.7626379286,-8.459404891641706,-0.7314125241395498,0.3693667148682796,-11.161741173605245,0.5573267670445644,1.3672174962773882,372833.78952196304,-352458.0206772082,-352401.1410009296,-32805.11232314515,-32793.736387889425,-32031.33361201128,-32019.957676755555,-57974.463845523715,-57940.33603975654
123,644581,-4.487672772572437,-0.3932332728507068,-11.412240729375428,2.543019802852887,410042.50787144864,-291565.5511841143,-291542.79847256973,0.6276335316535968,0.7570614795755171,-11.67055833106109,1.2062157953558066,388928.017902608,-325640.3245376175,-325606.1954703006,0.6708045722198512,0.7627810461405371,-11.67030995934755,1.1371136657824408,389424.2428948347,-324818.44153898157,-324784.3124716647,-8.560357262751507,-0.7397728000033342,0.3526562037740327,-11.120175281638543,0.5932062058789916,1.3517663801581958,374209.611493482,-350503.0886932842,-350446.20691442274,-34074.7733535032,-34063.39699773089,-33252.89035486727,-33241.513999094954,-58937.537509169895,-58903.40844185301
124,645452,-4.508520968423534,-0.3949729483168139,-11.414758878137597,2.5318189619352984,409945.0968707412,-292984.48108404555,-292961.72567179444,0.6283966944464779,0.7540549160614625,-11.669670459893487,1.1999663949945987,388488.65484456974,-327681.51183692366,-327647.37871854706,0.6713419758312161,0.7587545013721629,-11.66940896587617,1.130205660733068,388980.36113266647,-326865.08611999487,-326830.95300161827,-8.64142843649682,-0.7460812688006343,0.34074317230016005,-11.069409148136486,0.6131231860695693,1.340336558251293,373970.812538911,-352260.3347663843,-352203.44623575656,-34697.03075287811,-34685.65304675262,-33880.605035949324,-33869.22732982383,-59275.853682338726,-59241.720563962124
125,643423,-4.495609103386952,-0.39373981184796103,-11.417715374748262,2.5397482548352026,410547.1369947699,-289093.4248203528,-289070.6757050713,0.6233744551650285,0.7363220910062797,-11.675868629721815,1.1811874626966388,388681.3404936398,-324306.55675153533,-324272.43307861313,0.6644015090137482,0.7367753904955103,-11.675829117642035,1.1089309408541161,389186.5791355488,-323470.72794254584,-323436.60426962364,-8.74616990330144,-0.753856539072378,0.3287200773563787,-11.036785337295798,0.6071819899293929,1.3265123377857835,374070.8537238213,-348955.0541177684,-348898.1813295647,-35213.13193118252,-35201.75737354183,-34377.30312219303,-34365.928564552334,-59861.62929741561,-59827.50562449341
126,644574,-4.550579802792733,-0.3986097114350533,-11.41612879026449,2.508719610467727,408126.5511186564,-294574.2674382194,-294551.5147483945,0.6338748782945433,0.7652183720852782,-11.668963501839405,1.2072072869398423,387623.38603027863,-327795.60116499587,-327761.4721302585,0.6785509601610868,0.7739137519179042,-11.66860645300867,1.1405388796947225,388108.2464543719,-326989.83677274856,-326955.7077380112,-8.46288362071143,-0.7324670364563657,0.3707357782391855,-11.156716889905683,0.5805653536690252,1.3652491514675442,372970.7412584764,-352629.76958664577,-352572.88786208344,-33221.33372677647,-33209.95738186402,-32415.569334529166,-32404.192989616713,-58055.50214842637,-58021.373113688955
127,645470,-4.4921245582725815,-0.39352396468430434,-11.415123248913916,2.541141302035385,410150.84355221357,-292686.7794050149,-292664.0239369897,0.6266790104358402,0.7499049802575619,-11.672406352369876,1.1966333127002626,388658.4359451653,-327426.62248034816,-327392.4892783104,0.6693928083573246,0.7544737124377844,-11.671906142645268,1.1271016106211933,389149.6654827363,-326611.32119667606,-326577.1879946383,-8.560738393141168,-0.7393981119274354,0.35342652071643416,-11.104268197119763,0.5854871359117515,1.352451384266099,374018.4262830243,-352205.98330308555,-352149.0946330226,-34739.84307533328,-34728.46534132067,-33924.54179166118,-33913.164057648566,-59519.20389807067,-59485.0706960329
128,645616,-4.533275132146336,-0.3971540394271901,-11.414400162427198,2.517914715011552,411097.52891767304,-291410.5454855205,-291387.78956516297,0.6307308718547254,0.7657657599031503,-11.668541452728794,1.214092720166593,390580.0335436841,-324462.52439057175,-324428.3905100354,0.6746115046869325,0.7725235093380756,-11.668582365915663,1.1451383558846675,391060.1662195086,-323669.3682127899,-323635.2343322535,-8.507649069880523,-0.7362338387431315,0.3618149616352973,-11.153842318724378,0.5961395147479576,1.358264110363576,375745.74001162185,-349456.9104969491,-349400.0206960552,-33051.97890505125,-33040.60094487242,-32258.822727269377,-32247.44476709055,-58046.3650114286,-58012.231130892236
129,645118,-4.543936954418547,-0.3979580867982999,-11.418129459250277,2.512827438802211,410275.9965709621,-291978.4390541298,-291955.68467708025,0.6278423562519975,0.7548685837721658,-11.672800193009122,1.2023218507882634,390005.70537143387,-324663.7471499855,-324629.6155844112,0.6711905812238296,0.7608395024893633,-11.672468898338755,1.1335670132648024,390474.8241988429,-323888.2325159114,-323854.1009503371,-8.499426079871563,-0.7351327872057778,0.3663215668044065,-11.157754376798426,0.5773181438560507,1.360298462269621,375291.0790297216,-349470.61936012254,-349413.73341749865,-32685.308095855697,-32673.93090733094,-31909.793461781577,-31898.416273256822,-57492.18030599272,-57458.048740418395
130,644193,-4.567119025344536,-0.3999327882720334,-11.419716410543444,2.5004201438962848,409495.90831409884,-291861.4625880565,-291838.71108075726,0.6360484465184262,0.7701372610006746,-11.668631470403136,1.2108154107068696,388789.8846534784,-325285.2561606994,-325251.12889975053,0.6805004946670918,0.7775484456943405,-11.668664209705227,1.1426126090837385,389282.5666633088,-324469.43921758566,-324435.3119566368,-8.654540079425448,-0.7477015516525266,0.34581422509285326,-11.084817989662131,0.6257551145204213,1.3374320245689715,374324.0864813573,-349707.1812990922,-349650.30253084406,-33423.7935726429,-33412.41781899327,-32607.97662952915,-32596.60087587952,-57845.718711035675,-57811.591450086795
131,644648,-4.5460371017758945,-0.3981727265920307,-11.417248842444655,2.511472868970767,408954.3145859597,-293375.9377594369,-293353.1848400161,0.6300162367859194,0.7538908243671717,-11.671201490396511,1.1966212620379577,388183.75629631337,-326975.97192852304,-326941.8425493919,0.6737516445256934,0.7607364561098027,-11.670753400326618,1.1291051566120403,388670.6720619464,-326167.86862337455,-326133.7392442434,-8.44510648950961,-0.7302295405029761,0.37121248541380086,-11.136708591432367,0.5603560667150523,1.3694324106789877,373801.5701455715,-351309.8389191094,-351252.9566205575,-33600.03416908614,-33588.65770937578,-32791.930863937654,-32780.554404227296,-57933.901159672474,-57899.7717805414
132,645890,-4.558557881116116,-0.39919108559613153,-11.419488173962097,2.5050659598438956,410807.5258865174,-292264.07510904834,-292241.3183400691,0.6286483595893047,0.7458204288635282,-11.674482792372274,1.1863872982199013,389661.4748372216,-326395.06806445424,-326360.9329109854,0.6710450417875276,0.7489712907370456,-11.67439174711785,1.1161267040166758,390163.7581967604,-325563.035885415,-325528.9007319461,-8.712544917886376,-0.7515673310692633,0.34159544553807164,-11.065897289824113,0.5998419669724306,1.330552777722907,374858.3256117609,-351406.5122443639,-351349.6203219158,-34130.992955405905,-34119.61457091628,-33298.96077636664,-33287.58239187702,-59142.43713531556,-59108.301981846686
133,645694,-4.577237464136843,-0.40069100050928297,-11.42335979175754,2.4956886946025447,409885.79744192964,-293429.784689921,-293407.02852794837,0.6341704042149269,0.7547796967696414,-11.673111584202534,1.1901843601547808,388730.3289953226,-327644.86378765776,-327610.7295446988,0.6783051589011594,0.7615591462914217,-11.672738536727852,1.1227382488511986,389197.4220664083,-326869.4724244518,-326835.3381814928,-8.511106121942104,-0.7356167409088705,0.3699648398491006,-11.122191867863423,0.5710171145742438,1.3594035377232963,374454.506516148,-351799.8559953665,-351742.96559043485,-34215.07909773674,-34203.70101675042,-33439.68773453077,-33428.30965354445,-58370.07130544551,-58335.93706248648
134,643547,-4.5394795927097,-0.3976082705073255,-11.416964709807425,2.5150382277613517,406991.34826454904,-294871.2526371187,-294848.5031364358,0.6276053453626735,0.7470592378408059,-11.673991487077432,1.1903328156153667,385927.0342273495,-329069.6613522539,-329035.53710122965,0.6699412164748791,0.750241834646435,-11.673652294351834,1.1198621852139274,386423.770709744,-328241.86829482793,-328207.74404380366,-8.648913550708928,-0.7462865513893892,0.3447664093721415,-11.081523799645339,0.5888884069488307,1.3399678690956753,371165.5686428773,-354164.0467216381,-354107.172969931,-34198.40871513524,-34187.03396479384,-33370.61565770925,-33359.24090736784,-59292.79408451944,-59258.669833495165
135,645422,-4.494168672894387,-0.39371032201689543,-11.414911983693246,2.539938487965491,410362.1759385386,-292284.5439661153,-292261.7886468245,0.6260205681305873,0.7491900950731024,-11.672583537579836,1.1967499683122587,388635.7320337817,-327391.97906875046,-327357.84608981427,0.6685281163952207,0.7531303385375484,-11.672549916619964,1.126549983564659,389134.1063155601,-326564.84036046517,-326530.707381529,-8.606977209182512,-0.7434473876887215,0.34980619073039865,-11.11330488347305,0.593067976208138,1.3450850948698148,373733.18915080844,-352624.19778432767,-352567.3094861006,-35107.43510263518,-35096.05744298978,-34280.29639434989,-34268.91873470449,-60339.65381821239,-60305.52083927614
136,645657,-4.5483403998712015,-0.3982955284355094,-11.41951158160605,2.51069853565257,410252.463149457,-292798.6531908115,-292775.8971434475,0.6306685633205191,0.7530614243797391,-11.673092681109683,1.1940684349554576,389202.4749733143,-326805.360203575,-326771.226132529,0.6737735067083309,0.7577695465762302,-11.672927808370819,1.1246650974423966,389691.12733488635,-325995.23194402,-325961.097872974,-8.6498563331653,-0.7466299550193145,0.34558355836385524,-11.072808642023382,0.6057336533082883,1.3393515666996392,374628.18509563437,-351443.2997725073,-351386.4096540973,-34006.70701276348,-33995.32898908149,-33196.57875320851,-33185.20072952652,-58644.646581695764,-58610.5125106498
137,644643,-4.536863373388416,-0.39735939951871724,-11.417531279953304,2.5166134265634654,409094.8196178197,-293147.2193743246,-293124.4664704162,0.6312627156663911,0.7591888639912032,-11.6705526023201,1.2026512023441256,388095.6091697929,-327114.8352499217,-327080.7058940592,0.6748880533964482,0.7653067323749639,-11.670401333906028,1.133975817950064,388591.23941843025,-326292.09796700755,-326257.96861114504,-8.719751299343901,-0.7525438992194255,0.3362985362912739,-11.063535982553267,0.6215695723441393,1.3288261336478147,373392.317749382,-352008.28073588136,-351951.3984761105,-33967.61587559711,-33956.23942364298,-33144.878592682944,-33133.502140728815,-58861.061361556756,-58826.93200569425
138,645376,-4.52164748045571,-0.3960096317773114,-11.418024001492906,2.5251911058626253,410682.6404438855,-291713.9164765861,-291691.16129984276,0.6272351429208576,0.7467257503109815,-11.674664219699602,1.1905036870760937,389384.1090502163,-326081.07237547083,-326046.9396103558,0.6696390951962666,0.750257399373794,-11.674734100576634,1.1203906772406989,389864.7171557795,-325284.9903907855,-325250.8576256705,-8.5338309315519,-0.737506415182638,0.3641859507249978,-11.131718405631236,0.5720083277305537,1.355920408844657,374781.017414452,-350746.17078193225,-350689.2828400739,-34367.155898884754,-34355.778310513066,-33571.07391419943,-33559.69632582774,-59032.25430534617,-58998.121540231165
139,645304,-4.543083028333849,-0.3978437791778757,-11.419263706276627,2.5135494189866434,410687.63702649757,-291601.5245418277,-291578.76958822255,0.6329048779807552,0.7567527719146064,-11.671564103364974,1.1956816865260707,389298.4579773897,-326114.6574166576,-326080.52498624986,0.6767055483095302,0.7630584484859767,-11.67130652617923,1.1276077909988527,389791.9597334595,-325297.1433193154,-325263.01088890765,-8.53920478680906,-0.7376254674606977,0.3605401887545634,-11.098843499776082,0.5790243636273544,1.3557015641590253,374858.3190860877,-350501.9578922353,-350445.07050822244,-34513.13287482993,-34501.75539802731,-33695.61877748772,-33684.2413006851,-58900.433350407635,-58866.30091999989
140,644272,-4.550332460837311,-0.3984442503278344,-11.420248772804126,2.5097614011927987,409681.1282746213,-291684.9139307293,-291662.162178177,0.6311556668475079,0.7576713428434266,-11.673572505258631,1.2004508279674306,388912.7973563966,-325200.50372140185,-325166.37609257334,0.6750730397562921,0.7646512528428971,-11.673135575090512,1.1326941053947936,389392.27084287215,-324406.69832611614,-324372.5706972876,-8.520875228887194,-0.73686001561734,0.36773817220280225,-11.156972354170975,0.5740856642877221,1.3571098699964086,374201.2198432408,-350040.58135274873,-349983.7019713679,-33515.58979067253,-33504.21391439636,-32721.784395386814,-32710.408519110642,-58355.66742201941,-58321.539793190896
141,645206,-4.516833899120695,-0.39555491100494594,-11.41898071154075,2.5280940071238205,410427.6098729086,-291867.88889280235,-291845.1342429531,0.6259050514133938,0.7429122942229766,-11.67551314321012,1.1869408827191308,388798.8998100089,-326795.61531441734,-326761.48333964346,0.6679657169996458,0.7456591196470376,-11.67530074291951,1.1163134584157601,389286.6830822158,-325986.65357016627,-325952.5215953924,-8.637169483611748,-0.7453607976626071,0.3474244878013043,-11.080055565911437,0.5920152345636503,1.3416321372628148,374243.50717966055,-351409.8171160408,-351352.93049141765,-34927.72642161499,-34916.34909669036,-34118.76467736391,-34107.387352439284,-59541.92822323844,-59507.796248464554
142,644657,-4.540307527322212,-0.3976851040705973,-11.416840814123663,2.514552317309022,410163.2580438878,-291486.12148823857,-291463.3685408958,0.6300030233446209,0.7567238231788155,-11.670968125884196,1.201143161443015,389418.3299782303,-324942.53316511353,-324908.40374409937,0.6733666051148175,0.7622494845943555,-11.670530765468309,1.131997753978878,389899.54644348286,-324146.4020569905,-324112.2726359763,-8.633237607651143,-0.7455390204135866,0.3474113826857944,-11.091189635274187,0.6039228825504089,1.3413114171344802,374762.18650445034,-349669.19294573826,-349612.31057738134,-33456.411676874966,-33445.03520320356,-32660.280568751914,-32648.904095080507,-58183.0714574997,-58148.94203648553
143,645063,-4.546165214514214,-0.3982129513447087,-11.416417269108045,2.511219177134098,411285.52768079785,-290313.24639512604,-290290.4921885952,0.629370549994185,0.7574053090796894,-11.669893702820046,1.203433031759569,390709.48931785946,-323418.0715366766,-323383.9402268803,0.6732249061959561,0.7642859167634397,-11.669457244048619,1.1352609057232033,391174.7630955181,-322650.3596065862,-322616.2282967899,-8.400081657699925,-0.7270647851524059,0.3743003962690613,-11.17293562359621,0.5601853895930653,1.3753932530102966,376089.19602734246,-348015.45263721526,-347958.56712088815,-33104.825141550566,-33093.44803828513,-32337.11321146018,-32325.736108194746,-57702.20624208922,-57668.07493229298
144,645355,-4.570047905626569,-0.40026966385237794,-11.417422598660968,2.498315736385175,410779.3651994189,-291531.44721999107,-291508.6921083271,0.6332851790423798,0.7569233939363342,-11.671567637251925,1.1952330782174843,390003.32443572587,-325024.00593656406,-324989.87326906814,0.6773181489542472,0.7637896122663105,-11.671319043000736,1.127667424009783,390484.3016845308,-324228.6029056695,-324194.47023817356,-8.47242022222111,-0.7328159696365449,0.3734283611995654,-11.153402593547538,0.5607592340665526,1.3645990827628531,375261.26992960495,-349887.31532793946,-349830.42754877964,-33492.558716572996,-33481.18116074102,-32697.155685678415,-32685.77812984644,-58355.868107948394,-58321.735440452525
145,644198,-4.531661338188605,-0.39678968752966426,-11.420814301908527,2.520226788719753,409502.3985248869,-291858.5179783031,-291835.7664554806,0.631197395802346,0.7560333837499089,-11.673684517789148,1.1977764622885962,388115.07890884124,-326411.8589612258,-326377.731676992,0.6745921613221302,0.7615203494869967,-11.673518571853437,1.1288603591160862,388605.11635278154,-325599.00206598314,-325564.8747817494,-8.60910709976498,-0.7434957345867714,0.3535780345080334,-11.099094497424584,0.5950117595047606,1.3449976287433465,373592.9481030575,-350974.38842306304,-350917.5096160068,-34553.3409829227,-34541.96522151143,-33740.48408768006,-33729.10832626879,-59115.87044475996,-59081.74316052621
146,646137,-4.508474741669542,-0.3948645230048039,-11.417776171334319,2.5325141706585628,410988.41474434594,-292338.443213738,-292315.6856800688,0.6294603676587667,0.7575940711123201,-11.671642668233385,1.2035611931059897,389707.57842414017,-326690.49246381555,-326656.3561633118,0.6724445750276706,0.762258830873888,-11.67149301436541,1.1335638046340424,390200.68618224305,-325873.43429322564,-325839.2979927219,-8.665771548422766,-0.7482188536837823,0.340788591053747,-11.075102344499994,0.6234758190599555,1.3365073535324563,375143.8592785941,-351295.9652518546,-351239.0714176817,-34352.04925007757,-34340.67048324301,-33534.99107948766,-33523.6123126531,-58957.522038116644,-58923.3857376129
147,643469,-4.5856904910810234,-0.4013697390969384,-11.42510270305528,2.491468345994268,407627.3778900566,-293752.71510821185,-293729.9658499502,0.6353793564169703,0.7652425179507297,-11.675074686895881,1.204386812731977,387249.85256193584,-326749.9733075237,-326715.8494201313,0.6799453336028586,0.7731285484284519,-11.674827664041372,1.1370451567508215,387722.10476387496,-325965.739279772,-325931.6153923796,-8.582376979421449,-0.7420315967431708,0.3633800258256046,-11.140181878148834,0.6006717389058911,1.3476515075491,372685.6327207709,-351413.2557565779,-351356.38261092384,-32997.25819931185,-32985.88357018109,-32213.02417156013,-32201.649542429368,-57660.54064836603,-57626.41676097363
148,645219,-4.526469800793899,-0.3964437401806497,-11.417685139211173,2.5224260056277457,410084.76270527963,-292425.97320799145,-292403.2185178454,0.6264118612427216,0.7433448180831013,-11.676246803298461,1.1866710451625222,388853.03068410436,-326725.37510287703,-326691.2430676579,0.6685587331464492,0.7464012164363918,-11.676024848075611,1.1164332756878235,389349.87947506073,-325901.48632162064,-325867.35428640153,-8.654587598213935,-0.7472669749945204,0.35349582008809305,-11.11673803108645,0.5842464883544735,1.3382098145141939,373742.5535726422,-352294.15149455535,-352237.26476919017,-34299.40189488558,-34288.024549812544,-33475.51311362919,-33464.13576855615,-59868.178286563896,-59834.046251344786
149,646191,-4.518818237343774,-0.39586984302774764,-11.414909008431435,2.5260827961828536,413053.243175073,-289178.5064927301,-289155.7487919207,0.63097414907688,0.7564165531379854,-11.672728537741268,1.1988075173042012,391418.8586150942,-323940.46211376996,-323906.32556255587,0.6743113570171478,0.7619297300256431,-11.67242084835789,1.1299375608859383,391923.6116008583,-323107.70532049885,-323073.56876928476,-8.752467859371182,-0.7554877495903322,0.3375806095191567,-11.082551061040752,0.6238739919378554,1.3236482001756562,376383.2165497181,-349248.034302332,-349191.1400503085,-34761.955621039844,-34750.57677063515,-33929.198827768734,-33917.81997736404,-60069.52780960186,-60035.39125838777
150,643983,-4.6087037965832325,-0.40343266433884106,-11.423724958255749,2.478728393594092,408387.1130890928,-293302.43455254624,-293279.6836973318,0.6347626461496135,0.7635581415969537,-11.671450035858474,1.2029033942507434,388353.3824834151,-325692.66768992995,-325658.5414071083,0.6792945573123489,0.7710064132624708,-11.671176673927103,1.1350104383479573,388810.2298381967,-324935.5505030272,-324901.4242202056,-8.478555903698648,-0.7334346783317969,0.37204802447893554,-11.154952874978415,0.5722897194925294,1.363447938232902,373727.60206914216,-350410.2151238435,-350353.3379858074,-32390.233137383708,-32378.857709776494,-31633.115950480977,-31621.740522873763,-57107.78057129728,-57073.654288475576
151,644946,-4.509801510392485,-0.395017250115086,-11.416720432028173,2.531535014505457,409315.04776206706,-293240.97916932206,-293218.22532557935,0.6260687891229756,0.7487103766938095,-11.675926984638037,1.195891553295023,388142.5486046106,-327493.6619778145,-327459.53121220047,0.6682091618645687,0.7517879652483236,-11.675910762746117,1.125078804891775,388649.7695839021,-326651.40290664963,-326617.2721410356,-8.75547543973608,-0.7551113769905397,0.3298539973689573,-11.067279445033405,0.6227856909567175,1.3243079504184565,373153.3709956013,-352889.66577126586,-352832.78116190917,-34252.68280849245,-34241.30588662112,-33410.42373732757,-33399.04681545624,-59648.6866019438,-59614.55583632982
152,644591,-4.557132253763949,-0.39902039328697964,-11.420800366176802,2.506137572975599,408193.96777436644,-294492.56847241585,-294469.8157298436,0.631089764361493,0.756383230724554,-11.674303239610897,1.1985350950665903,387517.10905219294,-327998.0023600043,-327963.87324614596,0.675067342065916,0.7635745639630601,-11.674108522319965,1.1311087300213405,388008.28832779924,-327181.4983903184,-327147.3692764601,-8.572590664451498,-0.7409457091857808,0.361953745925523,-11.140004286620433,0.5833339075639762,1.349626548345751,372738.3161216901,-353057.8869811086,-353001.00512467796,-33505.43388758844,-33494.05751630233,-32688.92991790257,-32677.55354661646,-58565.318508692726,-58531.189394834335
153,644854,-4.542457648419221,-0.3978814275657311,-11.41661141664823,2.513311581588707,409993.1323954179,-292039.7528116299,-292016.99925320275,0.6333836009994832,0.7676752661805366,-11.670540291171433,1.2120226431014953,389368.39186382253,-325321.5638177261,-325287.4334800854,0.6776429669613023,0.7752773551721653,-11.670365774518366,1.1440793942696355,389870.34140523704,-324490.7934760348,-324456.6631383941,-8.700983133050604,-0.7514973027565572,0.33995976561025526,-11.091805829866763,0.6315501835926298,1.33067676534821,374580.1433444196,-350286.3992229181,-350229.51532685023,-33281.81100609619,-33270.434226882644,-32451.04066440492,-32439.663885191374,-58246.64641128818,-58212.51607364748
154,645415,-4.524452471539088,-0.3963812829974115,-11.414394840557177,2.522823460376484,410624.94817514013,-291861.2197309042,-291838.46443330473,0.6297229247371455,0.7579943684117604,-11.671520014666863,1.2036950516422076,389748.663979269,-325535.80170455633,-325501.6687581571,0.6732540937713297,0.764070351861717,-11.671437300623996,1.1348915051992732,390222.6418173684,-324751.38196562626,-324717.24901922705,-8.499262067991598,-0.7351576558303116,0.3655621064608187,-11.153548107605891,0.57926697077758,1.3602524466273382,374920.3816087368,-350566.41193522624,-350509.5236912276,-33674.58197365212,-33663.204324852384,-32890.162234722055,-32878.784585922316,-58705.192204322026,-58671.05925792287
155,645553,-4.549003782937733,-0.39849534096049,-11.415450358775356,2.5094396275492414,410802.44004811,-291782.6611143532,-291759.90538916766,0.633940672749217,0.7667733979449961,-11.669314063467878,1.209534946889781,390385.0011724376,-324690.29659856966,-324656.1630107913,0.6784371219092966,0.7748913207484781,-11.669134103871109,1.142171169183276,390872.2919802946,-323884.9995819923,-323850.8659942139,-8.530419036511939,-0.7377050591292038,0.3619606954719476,-11.13569321107765,0.5905146164595662,1.3555552962865842,375588.7314651427,-349629.6183360107,-349572.7290230468,-32907.635484216444,-32896.257621623634,-32102.338467639056,-32090.960605046246,-57846.9572216575,-57812.82363387913
156,644789,-4.545190292045253,-0.39795885555078,-11.421256817503542,2.5128225846764676,409646.71991437697,-292490.3457699098,-292467.59241308883,0.632004670140361,0.758709770983769,-11.673359839483146,1.2004812730501948,388335.9044277745,-326935.83144068776,-326901.70140545635,0.6759453823873016,0.7656861337976898,-11.673095510245,1.1327633174938514,388840.94126706664,-326097.81819772447,-326063.68816249305,-8.742429000301742,-0.7543665929609469,0.3371907324150176,-11.069495244510787,0.6231395352877066,1.3256154359578982,373666.50114722556,-351760.72579023585,-351703.8423981835,-34445.48567077797,-34434.10899236752,-33607.472427814675,-33596.09574940422,-59270.38002032606,-59236.24998509465
157,644334,-4.525349275944553,-0.3962469662568998,-11.420527250196336,2.523678627615454,409416.52066368423,-292191.28815711493,-292168.5362121066,0.6291236673932,0.755937398427927,-11.673392350933218,1.2015720240826178,388373.6964078952,-326187.58106807264,-326153.4531505601,0.6725585059045864,0.762105896000235,-11.673066828452669,1.1331443871566356,388862.71729613637,-325376.7780201799,-325342.65010266734,-8.698975520871995,-0.7505538082527468,0.3363507822694707,-11.06118303654912,0.6208931554388181,1.3323495117931012,373898.05749220465,-350658.49495736894,-350601.61509484804,-33996.29291095771,-33984.916938453505,-33185.489863064955,-33174.11389056075,-58467.206800254,-58433.07888274145
158,643861,-4.550259557379419,-0.39842133535419255,-11.420722621027018,2.5099057486743526,409586.2352468473,-291237.12072093185,-291214.3702446453,0.6305106816354171,0.7535674287947213,-11.675310184973917,1.1951699641949283,388675.8790293819,-324974.52355128387,-324940.39783685404,0.6737237024037812,0.758684084241619,-11.675253211489958,1.1261056743806213,389162.39452091116,-324169.09033362835,-324134.9646191985,-8.575952229316435,-0.7412231106305627,0.3616932515556583,-11.136342334768788,0.5876478452054631,1.3491214529850457,373980.3202768488,-349786.60309820843,-349729.72690749203,-33737.40283035202,-33726.02759220876,-32931.9696126965,-32920.59437455324,-58549.48237727658,-58515.35666284675
159,646201,-4.528619520536313,-0.3966262142692051,-11.417852268994427,2.5212655241220707,411378.94896964764,-291817.6538338368,-291794.89610207704,0.6283130346807961,0.7534548516770144,-11.670979125375492,1.1991711298171532,390046.31867943256,-326225.41039170005,-326191.2737940604,0.6717967579983951,0.7598026876890518,-11.67050305642965,1.1310008252389734,390539.19782430574,-325409.35876919323,-325375.2221715536,-8.542218378085586,-0.7381773846522738,0.35862037051059353,-11.120167157891757,0.5814525346580194,1.3546879392289437,375358.04438215005,-351025.92782422045,-350969.03349482105,-34407.756557863264,-34396.37769198336,-33591.70493535645,-33580.32606947655,-59208.27399038366,-59174.137392744015
160,644714,-4.574548431057247,-0.40052931530758806,-11.421257461627258,2.496696151271839,410255.3802407422,-291424.111540577,-291401.3584164038,0.6362911847847044,0.7634451729309151,-11.671935108945013,1.199836161786894,389350.3456749584,-325140.83076458157,-325106.7010783218,0.6801789383443742,0.7690482724834067,-11.672013961984616,1.1306558158877276,389829.29295276344,-324348.2431792686,-324314.11349300883,-8.591799616739943,-0.7425032449329863,0.35889488589162016,-11.106848678322558,0.6010525210183816,1.3467954609279233,374872.37221193087,-349567.5860580055,-349510.7032475726,-33716.71922400454,-33705.342661917966,-32924.131638691586,-32912.75507660501,-58143.47451742849,-58109.34483116877
161,646068,-4.549711959279836,-0.39858471650697025,-11.414667373981644,2.508876930263613,410458.7811626684,-293071.34154380986,-293048.5842237291,0.6296983025765068,0.7473403554342847,-11.670638499262916,1.186822883873797,389126.0623217957,-327551.3821850376,-327517.24620491645,0.6725796902295907,0.7516283928510626,-11.670231708806648,1.1175306120148945,389625.83823551517,-326722.13407887565,-326687.9980987545,-8.606544861917587,-0.7429334000564848,0.3518039529488383,-11.080270845054196,0.5777838579308836,1.3460156723657473,374381.123567113,-352504.3644553463,-352447.4711551444,-34480.04064122774,-34468.66198118735,-33650.79253506579,-33639.413875025406,-59433.02291153645,-59398.8869314153
162,645345,-4.5364072665648925,-0.39729116097699413,-11.418344308011376,2.5170456788941924,410833.6639739377,-291431.6307136873,-291408.8756330143,0.6309607698195908,0.751686277322671,-11.672107792121373,1.1913359962737444,389114.3748046386,-326481.6082887055,-326447.47566769604,0.6737687841402894,0.7555436234903341,-11.671895016264333,1.1213692905859198,389621.6198368549,-325640.89181004226,-325606.7591890328,-8.697135356089113,-0.7502971811850102,0.33903190937057254,-11.054922638851123,0.6063317695697378,1.3328052204869172,374496.25415032514,-351188.85081055795,-351131.96310887544,-35049.977575018245,-35038.60003468173,-34209.26109635498,-34197.88355601847,-59757.220096870675,-59723.08747586113
163,645025,-4.559825222406077,-0.3992639313889628,-11.42057888009898,2.504608910003945,409458.3498835787,-293130.11865582754,-293107.3645671181,0.6347706329425497,0.7680224492518921,-11.672204141330653,1.2099212052259551,388804.73752775986,-326513.2780493729,-326479.14691630873,0.6789812964463113,0.7750672712372247,-11.67227477478178,1.1415149066606303,389295.8259114639,-325699.0791099506,-325664.9479768864,-8.703320539763228,-0.7519344676069398,0.3458107233663408,-11.103278223728143,0.6315029746096525,1.329903127306477,374064.5927173493,-351438.69911821233,-351381.81389643875,-33383.15939354536,-33371.78234919062,-32568.960454123036,-32557.583409768296,-58308.580462384794,-58274.44932932063
164,644872,-4.573276973745847,-0.4005093531843363,-11.418652117322653,2.4968205912028862,410131.1084370449,-291848.92104526795,-291826.167431015,0.6337641256744688,0.7579247237888509,-11.669394547909626,1.1959097921206048,389303.61329055857,-325455.9402433327,-325421.8098219533,0.6775924304514871,0.7638319055628059,-11.669108478413792,1.1272733744293106,389770.24095700105,-324683.4456952042,-324649.3152738248,-8.588108077173832,-0.7419968072129974,0.35710097334063823,-11.097774061230687,0.5898063819343706,1.3477146940242024,374714.3336418219,-350083.19860938523,-350026.31457375287,-33607.01919806475,-33595.6423909383,-32834.52464993624,-32823.14784280979,-58234.27756411728,-58200.14714273787
165,644710,-4.5575584425103255,-0.3990555424981864,-11.420862404212913,2.5059168298722345,408469.6324320285,-294230.70389127085,-294207.9507795063,0.632596635316257,0.7609917646662523,-11.671366695946347,1.202965242276077,387680.0500442779,-327906.54018713324,-327872.4105194864,0.6765538589041341,0.7675074629328685,-11.671168704267293,1.134436605203995,388156.7794472263,-327114.2286072379,-327080.0989395911,-8.611342684799252,-0.7436008308404082,0.3494033378285027,-11.087109199002969,0.6007924834123323,1.344807534534103,373143.0159501583,-352542.4661844666,-352485.5834050553,-33675.83629586239,-33664.45973998011,-32883.52471596707,-32872.14816008479,-58311.76229319576,-58277.632625548984
166,643464,-4.53417810586355,-0.39702541307208805,-11.420372491471415,2.518730456728798,409136.9652198795,-291366.86099313776,-291344.111750417,0.6297752066817911,0.7468566400112958,-11.674740171372846,1.1859098803625385,387385.6957433314,-326516.75347553694,-326482.6296114558,0.6723191760182623,0.750340641817527,-11.674482231632025,1.1160482529463736,387893.10298142186,-325674.4801199233,-325640.35625584214,-8.770976600907556,-0.7560280780564291,0.32960005907703344,-11.028457119631573,0.616845791998024,1.3227021972130526,372780.05199118104,-351242.5252213678,-351185.6521145658,-35149.892482399184,-35138.517861038796,-34307.61912678555,-34296.24450542516,-59875.664228230016,-59841.540364148794
167,644745,-4.543462783949773,-0.3979528467894761,-11.417088282203803,2.5128605262347,409164.55465249467,-293185.71689449804,-293162.9636741605,0.6251677567756241,0.7443630958189844,-11.674433187023187,1.1906613668915433,388758.87269514834,-326167.66049273073,-326133.53066222445,0.6679460323981423,0.7491829473762797,-11.674069963069917,1.1216219739886328,389228.25355843233,-325389.67589322967,-325355.5460627234,-8.323694173957886,-0.7204463877428242,0.38364880048938116,-11.197410714132245,0.5278470080591403,1.388028334950813,374109.9385462498,-350928.0447211837,-350871.1616703399,-32981.9435982327,-32970.566988063976,-32203.95899873163,-32192.582388562907,-57742.32782668568,-57708.1979961794
168,645434,-4.53687146724259,-0.39739406420039,-11.416555696098236,2.5163939023903987,411005.6045391287,-291290.76084248046,-291268.00548600504,0.6300482959119917,0.7545099593146438,-11.672590004336524,1.1975430521917283,389808.02499474585,-325466.089509879,-325431.95647516585,0.6734041884065749,0.7600659648536863,-11.672402267510135,1.1286920662792024,390295.60014990414,-324659.2797130034,-324625.1466782902,-8.630204221371049,-0.7458599728300972,0.35608794567352337,-11.132870507662988,0.5943001476690728,1.3407342348800295,374790.63524328807,-350819.13262075384,-350762.24422956526,-34175.32866739854,-34163.9509891608,-33368.51887052291,-33357.14119228517,-59528.37177827337,-59494.238743560214
169,644867,-4.56076933844501,-0.39946834804030995,-11.417098152629574,2.5033272470916543,409322.2710178144,-293114.6841910575,-293091.9305923116,0.631783531031984,0.7565717008406037,-11.668442077232731,1.1975172882471072,388629.7983748691,-326565.533267387,-326531.40286926815,0.6757965182168253,0.7635504656303679,-11.66800519505188,1.1298526184258724,389109.03954941325,-325770.80155913223,-325736.67116101336,-8.480050600796217,-0.7327389142420041,0.36373926138693735,-11.104080627373358,0.5660765780972117,1.364742585064517,374323.8817493035,-350747.7851699817,-350690.9011731169,-33450.8490763295,-33439.47227695654,-32656.117368074716,-32644.74056870176,-57633.100978924194,-57598.97058080527
170,644083,-4.551852561797404,-0.39863376048628796,-11.418632873052852,2.5085682627083905,408871.81676717085,-292683.9965013254,-292661.24533556786,0.6285647078945709,0.7494086891368793,-11.673603124205696,1.1922538439154264,388219.16468273714,-326065.8894384954,-326031.7626898591,0.6717747955544008,0.754838621439237,-11.673200574646247,1.123648321482924,388696.2261668699,-325274.8966634205,-325240.7699147842,-8.510643652055668,-0.7353852363597017,0.36471754609902546,-11.130976027810346,0.5640261890255444,1.3598314877113828,373610.604532427,-350766.3027898623,-350709.4248754685,-33381.89293716999,-33370.51735429122,-32590.900162095088,-32579.52457921632,-58082.30628853693,-58048.17953990062
171,644467,-4.52448372220444,-0.39634771758987464,-11.415440335362803,2.523037110143678,408673.5733809842,-293555.15906747384,-293532.4067096787,0.6335017736301131,0.768367055760289,-11.667946891801577,1.2128885628170643,387641.74417013215,-327603.6728896512,-327569.5443529585,0.677694363759244,0.7755529479536298,-11.6678586098102,1.144399288864605,388133.4476120216,-326786.7179576676,-326752.5894209749,-8.610653765287132,-0.7443389305313723,0.35084668240959266,-11.111039767475209,0.6149934227605759,1.3434739995207763,372945.960706372,-352507.06033453875,-352450.1794400509,-34048.51382217737,-34037.1376432798,-33231.55889019376,-33220.18271129619,-58951.90126706491,-58917.772730372206
172,642798,-4.529139468653639,-0.39661776236971324,-11.419406537904203,2.5213192521313124,408817.8313680968,-290901.2193670165,-290878.4721954136,0.6349177248611051,0.7642057121430191,-11.67171925884685,1.2036295132730734,387367.50007088744,-325543.33292453876,-325509.2121671344,0.678818892195007,0.7704805239279007,-11.671658150630696,1.1350310558336105,387868.16638575884,-324713.0632026069,-324678.94244520256,-8.680434780594599,-0.7495447366364252,0.34482193322792276,-11.08312879750475,0.6184127815641951,1.3341431820167138,372686.1914805163,-350375.18300246214,-350318.31507345487,-34642.11355752224,-34630.73997172079,-33811.84383559041,-33800.47024978895,-59473.96363544563,-59439.842878041265
173,645545,-4.5126689678159275,-0.395249943097608,-11.417253934180863,2.5300446400141476,411005.77286700375,-291451.60209092783,-291428.8463905273,0.6291648447089163,0.7540083150165009,-11.67190514259115,1.198427282384704,389660.4876201536,-325877.44968031446,-325843.3161297137,0.6725217310260343,0.7598084268492624,-11.671522463033263,1.129790149219504,390142.0392151339,-325080.16253850854,-325046.0289879078,-8.588478084773266,-0.74163588817797,0.35114583528956245,-11.094207454352132,0.591568973683111,1.3483705628873646,375056.32972970133,-350533.0027892663,-350476.1135382651,-34425.84758938663,-34414.4697391864,-33628.560447580705,-33617.18259738048,-59081.40069833846,-59047.26714773779
174,645606,-4.5218404975833435,-0.396199180598321,-11.41304858519565,2.5239830089750512,410204.860353274,-292799.4428295444,-292776.6869401653,0.621579099197204,0.7379004284552142,-11.67358443303411,1.1871384179555653,389396.5345618921,-326406.7233228932,-326372.5894888245,0.6634140299270742,0.7409810907727165,-11.673148163076467,1.1169210437924697,389880.9430858812,-325604.0898610274,-325569.95602695865,-8.601094874068973,-0.7427414129379819,0.3521462541272293,-11.117613250279579,0.573520183791097,1.3463635965098648,374388.264537499,-351778.1342060693,-351721.24448262143,-33607.28049334878,-33595.902548659185,-32804.64703148295,-32793.269086793356,-58978.69137652486,-58944.55754245614
175,644314,-4.508299521377328,-0.39492620494189823,-11.415549196186138,2.5321186274461596,409904.8932825648,-291394.1066666658,-291371.35478373803,0.6280309417681926,0.7497649976697695,-11.673832989956322,1.193834487770364,388115.25587523886,-326586.3533128606,-326552.2254884689,0.670643203593702,0.7539429194320653,-11.67365989564113,1.1242086930755344,388636.13522054104,-325722.21606471983,-325688.0882403281,-8.735515533460815,-0.7536134594345798,0.3348286910855075,-11.069126591654431,0.6121397047948759,1.326940207185629,373196.6474156993,-351837.4397073173,-351780.5599999978,-35192.24664619478,-35180.870704730856,-34328.10939805402,-34316.7334565901,-60443.33304065146,-60409.205216259754
176,645536,-4.540579713334327,-0.3978251319903546,-11.41350645852212,2.5136672361469747,410659.81412637024,-291982.13907687826,-291959.3834043614,0.6304308658914627,0.7600769039798365,-11.668950583849085,1.2056467173526593,390363.70534980606,-324699.96174629097,-324665.82823751564,0.6741745806142357,0.766831278767214,-11.668716754694733,1.1374372466973754,390851.14135934523,-323894.40221548505,-323860.2687067097,-8.610216246563018,-0.7438376821572443,0.34848202565254166,-11.093065508480045,0.6067983353405788,1.3443793235909283,375722.5928472274,-349373.3804271962,-349316.49124590406,-32717.822669412708,-32706.444833154266,-31912.263138606795,-31900.885302348353,-57391.241350317956,-57357.10784154269
177,645960,-4.53178295125358,-0.3969817428018624,-11.41559538549217,2.51900753153555,410256.85314213514,-293232.22127104446,-293209.46428532177,0.6287501255811107,0.7573043919321576,-11.669629095037024,1.204460024929988,389555.8074180774,-326675.6399820686,-326641.5045034846,0.6721190801155258,0.7632028212708558,-11.669572272271889,1.135517267475392,390043.01313472475,-325868.2620399789,-325834.12656139483,-8.639634897375625,-0.7461115113382035,0.3428434271767313,-11.08492367964799,0.6109478798784778,1.3402822296715804,374854.03149144293,-351522.0014291158,-351465.10896480904,-33443.41871102416,-33432.040218162816,-32636.040768934414,-32624.662276073068,-58289.78015807131,-58255.644679487275
178,644300,-4.552703725937746,-0.39875379852298704,-11.417330048770168,2.5078131009762727,408588.1929347347,-293446.7328478294,-293423.9810083592,0.6323619492829949,0.7623464744224396,-11.668154675404715,1.2055539952820185,387921.4068752271,-326887.1411446495,-326853.0133854441,0.6763456225027086,0.7691512423547688,-11.668033688766332,1.1372162645315098,388410.89517543715,-326074.66083748,-326040.53307827463,-8.545497338253233,-0.7384788063875303,0.3538189705665422,-11.092775962186613,0.5998037871917018,1.3541350020480232,373644.89923077094,-351042.38119786215,-350985.5015991865,-33440.40829682007,-33429.03237708495,-32627.927989650576,-32616.55206991546,-57595.648350032745,-57561.520590827335
179,644827,-4.525377339173291,-0.3963455515081657,-11.417757363375017,2.523050898880588,410896.77180762944,-290580.8678461998,-290558.1143715143,0.6317393768346955,0.7572306763082585,-11.670143600021026,1.1986440992523404,389255.58367234445,-325467.78991397645,-325433.6597019482,0.675694043489762,0.7642698380475341,-11.669789822247337,1.1310886123848363,389748.7896464551,-324651.27955266257,-324617.14934063435,-8.603189664435954,-0.742826385644335,0.34864739039942355,-11.07519579117046,0.5984252097819542,1.34620958453514,374899.2094182026,-349695.70528083737,-349638.8215941236,-34886.92206777667,-34875.54533043393,-34070.41170646279,-34059.03496912005,-59114.83743463759,-59080.707222609315
180,645122,-4.500524132639803,-0.3942128820375579,-11.416481646612004,2.5367004620227678,410486.5848427351,-291653.2033687936,-291630.44897934323,0.6253667275467072,0.7444483477969477,-11.674378591550107,1.1904188614533326,388785.9190115789,-326690.61315811437,-326656.48157393886,0.6672955145052695,0.7469892623157388,-11.67417647975319,1.119427968685739,389274.9860503342,-325879.6022316537,-325845.4706474782,-8.669655907139674,-0.7481712701872907,0.34186463921525917,-11.083210378384518,0.5992963360250441,1.3365923550494911,374059.7804056884,-351596.8573854922,-351539.9714118663,-35037.40978932078,-35026.03259459563,-34226.39886286011,-34215.021668134956,-59943.654016698594,-59909.52243252308
181,645528,-4.524328951713533,-0.3964029901012247,-11.413458184455695,2.5226853100796287,409401.3542240931,-293951.76729924907,-293929.01165151794,0.6253600994293036,0.7524166660189366,-11.671453475477206,1.203173446316104,389124.70815382036,-326740.0736201063,-326705.9401485097,0.6679516223198788,0.7565286167925029,-11.671473227865674,1.1326098949576398,389595.1348292705,-325960.14324944164,-325926.009777845,-8.50902466535839,-0.7361591487435581,0.36294288518960244,-11.166812030064314,0.580379082563559,1.3584019185345357,374176.31782395893,-352023.18342290353,-351966.29430357576,-32788.30632085726,-32776.92849699175,-32008.375950192567,-31996.99812632706,-58071.41612365446,-58037.282652057824
182,645057,-4.543148816851518,-0.3979164833154167,-11.417342601639094,2.5130901632122877,408790.76978350943,-294229.21993415384,-294206.4657462259,0.6305388419450039,0.7601592290297028,-11.672554228364715,1.2055708204824669,388239.73398293176,-327499.54376606486,-327465.41248417296,0.6741979880703334,0.7665410618224071,-11.67231942567427,1.136967293563683,388734.751180822,-326677.600811899,-326643.4695300071,-8.611388252942897,-0.7437711057440157,0.3495396493811161,-11.10947672459098,0.5996510069014451,1.3444996616259663,373321.8410319969,-352770.24952180055,-352713.3640519807,-33270.323831911024,-33258.94673794706,-32448.380877745163,-32437.003783781198,-58541.02958764671,-58506.89830575482
183,644895,-4.512631702137956,-0.3953249697416648,-11.414992847749662,2.5295644761662173,409193.76098569273,-293357.91373806464,-293335.160052481,0.6215687022627527,0.7379326515932841,-11.674274974549519,1.1872101167689448,388359.8644735251,-327055.79938125785,-327021.66885288234,0.6636911196936722,0.7418659872606749,-11.673526887356857,1.117788027061571,388841.04184085445,-326257.2699008356,-326223.1393724601,-8.46796722701996,-0.7315096200726331,0.36491545327338115,-11.13621125040799,0.5462326192721513,1.3670360205252092,373671.7731499424,-351915.46514397184,-351858.5809300127,-33697.88564319321,-33686.50880040135,-32899.35616277094,-32887.97931997909,-58557.5514059072,-58523.420877531695
184,644180,-4.500738119467966,-0.3941727004095767,-11.418188308808151,2.536959051098467,412064.56830072455,-287814.4219017268,-287791.6704347885,0.626742337122339,0.747950724724986,-11.673658176952634,1.1933942872906438,390315.6386518254,-322742.64086628106,-322708.5136658736,0.6689578425126201,0.7508925542685944,-11.67362105462177,1.122481128927685,390802.4565540477,-321939.6934021761,-321905.56620176864,-8.594868087583315,-0.7422854359202999,0.35243724553415673,-11.101507344168255,0.5921081179056557,1.347190651477865,375739.3840466395,-347256.10985365626,-347199.2311863106,-34928.21896455425,-34916.843231085106,-34125.27150044928,-34113.89576698013,-59441.68795192946,-59407.560751522076
185,644707,-4.536978839724218,-0.3973464311920976,-11.418194511304947,2.5166955621064804,409057.31772298255,-293299.42980475957,-293276.67670230154,0.6325910821444947,0.7662476486642715,-11.67125531598661,1.2112843040193972,388274.04815163655,-326914.9590076502,-326880.8293539632,0.6760942575409872,0.7714755256226832,-11.67132030806626,1.1410768794703359,388760.5180206382,-326107.70902299305,-326073.57936930604,-8.723118333450268,-0.7533748267651864,0.33800519756131725,-11.08945919424512,0.6389988522052563,1.327360517597547,373528.7824961025,-351871.6523570693,-351814.7696009243,-33615.52920289064,-33604.15265166166,-32808.27921823348,-32796.9026670045,-58572.222552309744,-58538.09289862274
186,643735,-4.571634666797901,-0.4002708904285937,-11.421351829764042,2.4983080806331954,409202.06589761504,-291658.2101330932,-291635.46004823374,0.6332387969926633,0.7582338538177164,-11.673555678655976,1.1973900800435342,388487.6751394009,-325096.7226291959,-325062.59750190674,0.6769267477752153,0.7641118480441688,-11.67352618654248,1.1287954724133678,388972.6334210441,-324293.6342747533,-324259.5091474641,-8.61112184803844,-0.7441581592565913,0.3581196741222959,-11.116233386155761,0.6007145702500694,1.3438003569012706,373970.9282138599,-349608.3290152926,-349551.453803144,-33438.51249610272,-33427.137453673,-32635.4241416601,-32624.049099230382,-57950.1188821994,-57915.99375491025
187,645555,-4.542381673715143,-0.39782162600413085,-11.418136613990855,2.5136893889967067,410367.5450282583,-292469.3423662537,-292446.5866348719,0.6312776087379802,0.7581849138935574,-11.670381246567413,1.2010324830137475,389663.08790250757,-325888.19004559395,-325854.0564485212,0.6746070379122533,0.7631098007822257,-11.670451941298737,1.1311915795362395,390124.3870875362,-325124.4075030923,-325090.2739060196,-8.450641567661805,-0.7308275227303347,0.3683451046903177,-11.13411192149491,0.5734438250889209,1.368311905200355,375221.7581228003,-350263.75693218736,-350206.86760373286,-33418.84767934022,-33407.46981364931,-32655.065136838588,-32643.687271147675,-57794.414565933635,-57760.280968860956
188,644051,-4.550957505756891,-0.3985948092654404,-11.417503188623373,2.5088134033728964,408612.9394796533,-293045.365858358,-293022.614791969,0.6320809962557301,0.7677757083592801,-11.66862116076309,1.2146793099418702,388408.4100150804,-325703.8107218343,-325669.6841222508,0.6762434059555545,0.775046376382352,-11.668514148801393,1.1461056323162007,388892.5362393186,-324901.54225511727,-324867.4156555338,-8.62470184059473,-0.7450679439790402,0.3438802283625214,-11.087501764453602,0.622175629983017,1.342159474288336,373929.4348704272,-350167.49264286517,-350110.61497689266,-32658.444863476325,-32647.06933028181,-31856.176396759285,-31844.80086356477,-57122.126784507185,-57088.00018492364
189,645584,-4.527867939177446,-0.39642562988185837,-11.421733606191982,2.5225412400757667,410594.86163919565,-292153.9696405863,-292131.21381936135,0.6313353482674137,0.7593537262236078,-11.67180959996,1.2027739747307316,389132.34719386336,-326811.7479411029,-326777.61420926545,0.675010062909798,0.7657054425972628,-11.67175294988501,1.1343615223993846,389630.9582204733,-325985.06455026974,-325950.9308184323,-8.670938313810703,-0.7485483274895346,0.34070432165179215,-11.065376448206115,0.623816637810274,1.3359190893576354,374855.4451230342,-350939.0567589193,-350882.1672058569,-34657.7783005166,-34646.4003899041,-33831.09490968345,-33819.71699907095,-58785.08711833303,-58750.95338649553
190,645423,-4.603162194129011,-0.4030814431635106,-11.419930815970934,2.480888209964924,408941.0296361066,-294525.07370434585,-294502.3183819563,0.6344428199711319,0.7683538044892868,-11.66968728822116,1.2110686421264063,389707.77978141914,-325615.5445859815,-325581.41160239716,0.6799643364352419,0.7790920314703473,-11.669264599596552,1.1457836679417468,390161.61013206816,-324864.3609050736,-324830.2279214892,-8.365153223864269,-0.7246389921485692,0.3811336390628589,-11.189547991785156,0.5630173344485404,1.3799975033567817,375195.8411564099,-350104.7297188728,-350047.8414128989,-31090.470881635672,-31079.093220440845,-30339.287200727733,-30327.909539532906,-55579.65601452696,-55545.5230309426
191,645018,-4.493515324785491,-0.3936211604022452,-11.415837807585154,2.5405138254714013,409564.1578552718,-292953.2802000537,-292930.526133049,0.6270883839042769,0.749779354731803,-11.672907800492414,1.195651799613393,388085.62684014667,-327696.82708214456,-327662.69598163746,0.6697004173795301,0.7539276077858236,-11.672686103908623,1.1257684603749627,388572.1660263183,-326888.680748659,-326854.5496481519,-8.602306427916071,-0.7429524793778967,0.35096736787249766,-11.103537609311344,0.5933293602350772,1.3459811061366123,373356.518132888,-352650.0100689594,-352593.12490144756,-34743.54688209086,-34732.16984858847,-33935.40054860531,-33924.02351510292,-59696.72986890568,-59662.59876839857
192,644024,-4.492740854837908,-0.39363447837443033,-11.413484086534599,2.5404278713837325,409035.9726115228,-292339.6740810427,-292316.92309849977,0.6223127495522979,0.7400832210365185,-11.67399566905656,1.1892464384972774,387563.137643721,-327066.23897145543,-327032.112497641,0.6632975732692614,0.7404285349626402,-11.673950163413286,1.116284100533062,388062.0362694422,-326237.7389597251,-326203.61248591065,-8.751745627226859,-0.7544031399023915,0.3233656404478051,-11.03856270820433,0.6165729171798227,1.3255512167266232,372673.3700193145,-352292.79301635147,-352235.9155599941,-34726.56489041273,-34715.189399141236,-33898.06487868237,-33886.68938741088,-59953.11893530877,-59918.992461494345
193,644077,-4.579956932316394,-0.4010519954924283,-11.419858232329533,2.493442274915397,407301.59843151236,-295153.5245798404,-295130.7734327141,0.6308429768543233,0.7617204542185929,-11.670187847427357,1.2074644280211941,387217.9228844407,-327720.11302229407,-327685.9863016046,0.6748234768154299,0.7686209686445538,-11.669940397849615,1.1389955967029557,387690.8438898944,-326933.96220478805,-326899.8354840986,-8.533846881284914,-0.7378041781590898,0.3593012015961848,-11.132528967727664,0.5895798601562002,1.3553731865481167,372556.52418719785,-352576.75978555164,-352519.88191773585,-32566.58844245365,-32555.212868890492,-31780.437624947634,-31769.062051384477,-57423.235205711215,-57389.108485021745
194,644251,-4.565404568267719,-0.3999030582161918,-11.416278206603794,2.500606033023607,409746.4284594738,-291551.7259644951,-291528.9742771337,0.6283813443541968,0.74847866827371,-11.672242959048186,1.19112172090809,389122.07617021,-324822.31774690055,-324788.19021585846,0.67115447603119,0.7523705762241101,-11.671841884518972,1.1210095486111988,389589.275430849,-324049.2620405415,-324015.1345094994,-8.416590692136937,-0.7281522923265946,0.37698573484662945,-11.174950726142482,0.5444018848955872,1.3733390810386612,374392.42933375976,-349679.0562635448,-349622.17704514123,-33270.59178240545,-33259.21593872475,-32497.53607604641,-32486.160232365713,-58127.330299049674,-58093.202768007526
195,644933,-4.511789817559554,-0.3951317447201204,-11.418444298256379,2.5308014690348903,410907.8950354713,-290717.1859069355,-290694.43210350664,0.6271519714969048,0.7432171843928728,-11.676351864309028,1.1850671259454708,389012.7365278283,-326029.78535619145,-325995.6546510482,0.6691444391537443,0.7455884089787158,-11.67615772805722,1.114241358594639,389504.7690946835,-325214.5741903565,-325180.4434852132,-8.650803002791433,-0.7466114491441211,0.34953393018339457,-11.094414340127933,0.5867381125996215,1.3393847645202215,374184.624987101,-351089.6614233199,-351032.77691474784,-35312.59944925597,-35301.22254754155,-34497.388283420994,-34486.01138170657,-60372.47551638441,-60338.3448112412
196,643736,-4.505404020505625,-0.39458862005913337,-11.417977588483017,2.5342849468140747,408778.5184048637,-292326.31178133783,-292303.5616933715,0.6269897728490021,0.754368347218137,-11.674137848038706,1.203158934778688,387742.5387551688,-326334.1271457813,-326300.00201383187,0.6697080940406643,0.7587375929611881,-11.674202113734955,1.1329377675329664,388227.24644283985,-325529.91070703603,-325495.7855750866,-8.57953626876437,-0.7415200852839738,0.35475495488162884,-11.130358266340423,0.6019005949810006,1.3485811373767957,373053.7629098033,-351190.57655929,-351133.70133937424,-34007.815364443464,-33996.44032046036,-33203.5989256982,-33192.223881715094,-58864.264777952165,-58830.13964600273
197,645033,-4.57389150473621,-0.40047681330606705,-11.421114413534307,2.4970234649658565,409663.96278322197,-292817.92697588383,-292795.17286236933,0.6325850551461537,0.7486221159086746,-11.671411359670916,1.1834331364905726,388223.9234884902,-327489.62759548734,-327455.49642521556,0.6755321567249297,0.752389519735666,-11.67087724791003,1.1137730635701357,388704.7284171756,-326691.26577836083,-326657.13460808905,-8.642409736727636,-0.7455786235327306,0.34710254448273337,-11.04656679760627,0.589070339711398,1.3412401703012349,373827.78442854417,-351859.5370549008,-351802.6517711145,-34671.70061960351,-34660.32356284623,-33873.338802476996,-33861.96174571972,-59041.610079016944,-59007.478908745165
198,645304,-4.558150083027262,-0.39920542675439485,-11.418056412924456,2.5049759672110743,409563.9763843329,-293369.52633239364,-293346.7713787885,0.6356774059469781,0.7616088457772279,-11.670604365623136,1.1981058924733181,388240.17471138615,-327871.2642723847,-327837.13184197695,0.6799080358436392,0.7684755394329925,-11.670394350836819,1.130263945887119,388734.1197171379,-327050.78737059375,-327016.654940186,-8.624971298426972,-0.7449296336286522,0.3538372779631829,-11.091347586017749,0.5966958779388805,1.3424086717142207,373496.5676591107,-352850.42819232354,-352793.5408083107,-34501.73793999106,-34490.36046318844,-33681.261038200115,-33669.883561397495,-59480.9018599299,-59446.76942952216
199,644539,-4.53219937730674,-0.39686607049574646,-11.4199719105373,2.519741732395634,409377.50259727024,-292550.71357751277,-292527.9609962897,0.6252993679184484,0.7411642267025479,-11.676631171399118,1.185295019839538,388168.5778365241,-326836.8963093691,-326802.76743753446,0.667202262816478,0.7434820681999956,-11.67654716297376,1.1143278577346483,388647.3069632604,-326042.4747798465,-326008.34590801183,-8.622596862081839,-0.7442513116948752,0.3508739910409264,-11.099827895333647,0.5839050054275569,1.3436321633383637,373505.82236700464,-351651.59954674065,-351594.7180936829,-34286.18273185636,-34274.806441244786,-33491.76120233373,-33480.384911722154,-59100.88596922788,-59066.757097393216
200,644262,-4.545929564710758,-0.3980812797014812,-11.419601464604725,2.512049802366728,408370.95159007655,-293734.06393637665,-293711.3122148673,0.6326876996469432,0.7628785801927461,-11.66899823352268,1.2057743190178234,387409.4648513265,-327680.6601664513,-327646.53258418734,0.6769072782072882,0.7702624830829029,-11.668710285096509,1.137914316895595,387892.85781961103,-326877.2786937495,-326843.15111148555,-8.572050929566071,-0.7404285721271046,0.35101500489854276,-11.085792961441024,0.5996567332933724,1.3505691671611189,373050.2283311015,-352009.8634275892,-351952.9841238159,-33946.59623007465,-33935.22036932001,-33143.21475737286,-33131.838896618225,-58275.79949121253,-58241.67190894857
201,644922,-4.52346904306482,-0.39628552065184014,-11.414671511652202,2.523433100344229,410788.4764474463,-290888.682762734,-290865.92899341753,0.6302520366436316,0.7557031653477596,-11.669921687484075,1.199049144485451,389567.88282175263,-325093.5353069695,-325059.40465299477,0.6735988524580387,0.7613727978145289,-11.669553825654587,1.1303059603444885,390066.72898904054,-324268.23353885947,-324234.10288488475,-8.622593398792468,-0.7443148445528415,0.344618639617715,-11.071946294805056,0.5993824540088358,1.3435174742494425,374906.099806493,-349830.3800275504,-349773.49560425925,-34204.85254423547,-34193.475659577234,-33379.550776125456,-33368.17389146722,-58941.69726481638,-58907.56661084172
202,644270,-4.559600828085351,-0.3993267226685984,-11.418221143866116,2.504215078112618,409258.0966199286,-292347.6173747136,-292324.86562836985,0.6290963728965566,0.7536252029513268,-11.674095337447325,1.197948733166908,389028.6210725726,-325005.6500657182,-324971.5224462026,0.6725374065260002,0.7595475420453924,-11.673929662220988,1.1293759048568675,389503.1161821382,-324220.3179142766,-324186.190294761,-8.458790275705605,-0.7317401318634263,0.3715588103540735,-11.166406235388944,0.5667778861590038,1.3666053786792198,374269.60459069477,-349919.7660204706,-349862.88665461115,-32658.032691004628,-32646.65681783273,-31872.700539563026,-31861.324666391127,-57572.148645757,-57538.0210262413
203,644504,-4.542114249076939,-0.3978337453605731,-11.417116577077277,2.5136128135476765,409397.5000833551,-292468.3458122445,-292445.5933396291,0.6294156997709414,0.7539387829075772,-11.671871794597514,1.1978391755749858,388496.29352711124,-326240.2487222765,-326206.12001335336,0.673033046761211,0.7604571643509913,-11.67142732930388,1.1298957280188322,388984.228128282,-325431.2873792704,-325397.1586703473,-8.607107974253589,-0.7435540914248467,0.35460094486884514,-11.118945250342598,0.5873293411476382,1.3448920684219958,373684.95433370775,-351288.4768761934,-351231.5956946549,-33771.90291003196,-33760.526673724235,-32962.941567025904,-32951.56533071818,-58820.13106394891,-58786.00235502579
204,643901,-4.546244315911057,-0.398076171018712,-11.420538698100962,2.512082040582615,409542.66882623377,-291363.7087792378,-291340.9581787047,0.6269438843168496,0.7414977107955373,-11.675038714826877,1.1827178306452601,388346.48950322124,-325580.6297271172,-325546.5038263175,0.6698946682626514,0.7466136700071867,-11.674499003534464,1.1145239772448157,388819.7333154199,-324796.44175642234,-324762.31585562264,-8.38014909003494,-0.7247106444290522,0.3816851400088814,-11.169073863291771,0.5293254538577856,1.3798610627388102,373986.02143975504,-349838.51961993915,-349781.64311860636,-34216.92094787938,-34205.54564761277,-33432.732977184525,-33421.35767691792,-58474.810840701335,-58440.684939901636
205,643305,-4.50943313991792,-0.39492668403904846,-11.418405800789214,2.532115555658743,408235.02351670247,-292555.61306496535,-292532.8643165058,0.6254075953460517,0.7408871897512042,-11.675326975310073,1.1846469330793066,386492.16514916136,-327762.6285393533,-327728.50541666395,0.6677260160581064,0.7446749050442544,-11.67487106577726,1.115240214003361,386991.40782958554,-326932.18981162994,-326898.06668894057,-8.671621868712485,-0.7477123101481298,0.33991038318252065,-11.056263171883405,0.588500373853649,1.3374127808620528,371777.0632252038,-352729.9365967141,-352673.06472556514,-35207.01547438797,-35195.64110015816,-34376.57674666459,-34365.20237243478,-60174.32353174873,-60140.200409059355
206,644490,-4.56710008258921,-0.4000111367516896,-11.41743232370122,2.4999303972398117,409761.6418450331,-291875.00103247823,-291852.2486033076,0.6356116452002677,0.7636746721622188,-11.667804746166862,1.2014799884945488,388638.886882821,-325982.6524399153,-325948.52379615925,0.6802360109273679,0.7715579861791073,-11.667431661080943,1.134250427476252,389122.05825898366,-325181.8944120719,-325147.7657683159,-8.520092960363268,-0.7363061283646,0.3615777600382921,-11.101810756435746,0.5807686963048209,1.358130757679672,374168.3449692145,-350433.68675445166,-350376.805681525,-34107.65140743705,-34096.275192851666,-33306.893379593675,-33295.51716500829,-58558.68572197342,-58524.55707821739
207,644241,-4.536135112207049,-0.39724910959886356,-11.418867915871662,2.517312124399185,410082.84615111526,-291008.4707478656,-290985.71909154824,0.6292636867944734,0.7501977144600971,-11.674722519390427,1.1921833886230948,388842.1286488278,-325270.9313400819,-325236.80385560583,0.6721658251586132,0.7545989967363811,-11.674680226827778,1.1226381474516587,389336.8082174527,-324451.85776252707,-324417.730278051,-8.616998590478573,-0.7440714369955126,0.3529487293780287,-11.106161416297669,0.5882572682927036,1.3439569781604597,374085.8014621391,-350191.4788781465,-350134.5997373531,-34262.46059221629,-34251.084764057596,-33443.38701466145,-33432.01118650276,-59183.00813028088,-59148.880645804864
208,646268,-4.522296926813204,-0.39603260832850967,-11.419001445108155,2.5250446023133994,409773.55128959555,-294441.89543634094,-294419.1374972261,0.6288775684258077,0.7488685150941216,-11.673094790446155,1.190801759663129,388022.87325208256,-329687.61300477554,-329653.4760961033,0.6717839554202754,0.7534749645006541,-11.67276427058053,1.1216030963842714,388511.6357879557,-328874.0712379418,-328839.93432926957,-8.61727795526147,-0.7438957896334751,0.35177628807233596,-11.088670042210465,0.5852310687462355,1.3442743109121642,373410.61039996386,-354491.0258788577,-354434.1310310706,-35245.7175684346,-35234.33859887719,-34432.17580160085,-34420.796832043445,-60049.13044251676,-60014.99353384448
209,645549,-4.553370569996936,-0.39875985067236064,-11.41882905793892,2.5077750388206606,408892.4617298057,-294785.2574258619,-294762.5017130688,0.6294491450690893,0.7459292461936557,-11.675070470948324,1.1850508528560817,387696.8142521097,-329144.90376201813,-329110.77019282855,0.6727152718116509,0.751646544643844,-11.67457335731744,1.1173323635416033,388196.4251476541,-328313.54361552896,-328279.4100463394,-8.540421360784228,-0.7379121239953591,0.36753596891919815,-11.133848786944444,0.5600238267738784,1.3551749151180625,372925.20487455523,-354217.73959532595,-354160.8503133433,-34359.646336156235,-34348.26847975975,-33528.286189667066,-33516.90833327058,-59432.482169464056,-59398.348600274476
210,643986,-4.5480738077184615,-0.39826356369022725,-11.41975872855894,2.510900045020961,409172.83119946916,-292068.9917090959,-292046.24084456445,0.6339668262709923,0.7663053667110991,-11.67140669211957,1.2087467907722003,388523.17834798904,-325415.68294472276,-325381.5566479256,0.6781126294333771,0.7731108942274745,-11.671406997526812,1.1400921626743286,388995.08660353074,-324633.958936762,-324599.8326399648,-8.512866787520498,-0.7364106865370338,0.36451628426879645,-11.145294988413536,0.5954607029426582,1.3579379255106865,373919.06137258484,-350085.0203371097,-350028.14317578106,-33346.69123562687,-33335.315803361125,-32564.967227666115,-32553.591795400367,-58016.028628013795,-57981.90233121661
211,644724,-4.561974697816193,-0.399540340479573,-11.418057791962635,2.502876177158202,409422.9692653234,-292748.1102179683,-292725.35706277384,0.6277418500318828,0.7469733223695876,-11.672870572224681,1.1899371092299311,388641.98851334193,-326329.9087901687,-326295.779057377,0.6708503001709671,0.7521441168232679,-11.672229661353228,1.1211802642580362,389122.0244198095,-325534.06145366636,-325499.9317208747,-8.543720607991606,-0.7380383848740156,0.36149736223069223,-11.124023106631828,0.5650566278615458,1.3549430768031145,373916.42099598056,-351229.20025671273,-351172.3173687266,-33581.79857220041,-33570.42199460318,-32785.95123569807,-32774.57465810084,-58481.09003874444,-58446.96030595276
212,644248,-4.527696500146972,-0.396544641819795,-11.41787335561712,2.521784168891729,409831.4156854024,-291413.75599704945,-291391.0043190012,0.6295825099634201,0.7538487895459435,-11.673456409936035,1.1973788623666555,388653.57040930033,-325593.9517015099,-325559.8241844375,0.6724773772240225,0.7580992671255804,-11.67334185061613,1.1273230785175317,389131.5319577045,-324802.14993143256,-324768.0224143602,-8.498391652105987,-0.7350354775342431,0.3687743314134559,-11.163517021392105,0.5692992366400175,1.3604785490825686,373891.82806324644,-350536.43032573955,-350479.5511306189,-34180.195704460435,-34168.81986543629,-33388.393934383115,-33377.01809535897,-59122.674328690104,-59088.54681161768
213,645219,-4.541533944990757,-0.3978147295635104,-11.41620359299871,2.5137329658386918,408870.75715417677,-294338.897664666,-294316.1429745199,0.6312503558257547,0.7578827076523482,-11.670046958294066,1.2006055927856745,388013.31692131533,-328120.2082990513,-328086.07626383216,0.6748274094508719,0.7639375520652247,-11.669839868319485,1.132048789611057,388504.6820028106,-327303.6447956381,-327269.512760419,-8.641511171604336,-0.7462783425615647,0.3460148816416462,-11.081796974982405,0.6096019779242715,1.3399826083221817,373333.49832682114,-353000.72010255186,-352943.8333771867,-33781.31063438527,-33769.933289312234,-32964.7471309721,-32953.36978589906,-58661.82243788586,-58627.69040266675
214,644901,-4.500751582425251,-0.394214565659143,-11.417009858323752,2.53668962821797,411132.4333564826,-290318.45553042204,-290295.7018262308,0.625840923683238,0.7427508507696072,-11.673738385100851,1.1868045419566424,389180.71592523373,-325703.19477557874,-325669.06421929185,0.6676321165269806,0.7444351145879775,-11.673731790326054,1.115037902101723,389656.0273814052,-324916.0493973312,-324881.9188410443,-8.514978722847296,-0.735795987794598,0.36374826355415574,-11.12923560404939,0.5653697867007877,1.3590723741200341,374462.7599832568,-350561.0585217859,-350504.17426130775,-35384.7392451567,-35373.36239306105,-34597.593866909156,-34586.217014813505,-60242.60299136385,-60208.472435076954
215,645240,-4.5233225918306905,-0.3961761113742641,-11.417454162342331,2.5241299797990817,409892.4551253632,-292759.1449347139,-292736.3901794747,0.6302355394619965,0.7590289140653255,-11.670682817207103,1.204357524352362,388909.655813165,-326663.0560095044,-326628.9238766456,0.6738900327014524,0.7652953982953645,-11.670526948415874,1.1356383996770087,389382.9252550714,-325878.3320643895,-325844.1999315307,-8.514868167313761,-0.7360579891184408,0.3614625621813223,-11.127361844192174,0.581740930446562,1.3585886095709339,374404.1519748823,-351185.425383818,-351128.53849572,-33903.91107479052,-33892.533697170904,-33119.187129675585,-33107.80975205597,-58426.28044910409,-58392.14831624529
216,643740,-4.58706226108208,-0.40164083829572256,-11.420806411385612,2.4897866567635085,409492.92775960127,-291208.0660695714,-291185.3159691777,0.6337137351507856,0.7600268812178776,-11.673448987039833,1.1993220898660768,389217.78019903594,-323895.5691805389,-323861.4440299483,0.6777060122201766,0.7665226455642649,-11.673159582500713,1.1310548109985383,389689.43051156774,-323115.96358664247,-323081.8384360519,-8.616490111845756,-0.7447050434890768,0.3593886108263015,-11.129904073955707,0.5958499227043834,1.3428135189132338,374464.31815779436,-348767.3007775105,-348710.42552652623,-32687.50311096746,-32676.12806077063,-31907.897517071047,-31896.522466874216,-57559.23470793909,-57525.109557348536
217,645280,-4.544985661561657,-0.3979999618268436,-11.419563059001064,2.512563055056438,410638.0325057519,-291644.6239080208,-291621.8690288006,0.6266254100797527,0.7402195518173457,-11.67621514268643,1.181279181964765,389322.04563546745,-326039.4324197358,-326005.3001009055,0.6687158723949308,0.7429855139957166,-11.675951341564,1.1110630757645954,389812.97921599314,-325226.24946001294,-325192.1171411826,-8.597240965492166,-0.7422615914656722,0.3574381716898311,-11.106184642608927,0.5726737243459737,1.3472339287088757,374644.7577677816,-350832.65075764747,-350775.7635595969,-34394.80851171503,-34383.4310721049,-33581.625551992154,-33570.24811238202,-59188.02684962668,-59153.89453079633
218,645505,-4.532427679422716,-0.39705758869070396,-11.415038544832704,2.5185263510451885,410518.3271480548,-292159.55588776764,-292136.8003112973,0.6328354687883231,0.7596234144674113,-11.669261516342479,1.2003489879001985,388945.3471643028,-327003.03624524066,-326968.9028805351,0.6761694147817258,0.764807274204105,-11.669034012742202,1.1310882413263137,389460.31737680273,-326148.94200965343,-326114.8086449479,-8.744830958266332,-0.754466159859122,0.33057917394259223,-11.039724680090336,0.6297748287420579,1.3254404944904692,374224.9440384111,-351903.7596009311,-351846.8706597552,-34843.48035747302,-34832.10256923782,-33989.38612188579,-33978.00833365059,-59744.20371316344,-59710.0703484579
219,644471,-4.537810205869023,-0.3973769338244728,-11.41941018618217,2.5165023806885443,409220.60476143414,-292698.89913454803,-292676.1467643396,0.6305091909395217,0.7572118036401163,-11.673156130816459,1.2009528402144225,387994.25391702616,-327023.9100325972,-326989.7814772845,0.6734273769591237,0.7613574458070512,-11.67324162530735,1.1305709744753438,388499.0457459917,-326185.9794521896,-326151.8508968769,-8.822450586778542,-0.7607941678227879,0.320352350759686,-11.039497314714739,0.6507454997632988,1.3144159646514673,373305.15481343033,-351892.8399797732,-351835.9590542521,-34325.010898049164,-34313.63471294491,-33487.08031764155,-33475.7041325373,-59193.94084522518,-59159.81228991249
220,644689,-4.48345617175531,-0.3928015678469415,-11.414048564852795,2.5458146857236033,410859.730890482,-290438.81338222785,-290416.06033560995,0.6268275489112728,0.754400816976368,-11.670589628407091,1.2035221143146553,389397.0759854516,-325025.8513394996,-324991.7217695727,0.6690862408106647,0.7575591293747332,-11.670567215131411,1.1322294245012046,389890.8900294905,-324208.80670713715,-324174.67713721027,-8.724775000857544,-0.7530636488700125,0.3313879525106988,-11.071114921680495,0.6308136201265381,1.3279090041067851,374515.21771965595,-350143.54236354184,-350086.65974699706,-34587.037957271736,-34575.661433962756,-33769.9933249093,-33758.61680160032,-59704.728981313994,-59670.59941138711
221,644271,-4.484475339132223,-0.3927952142062142,-11.416827845509113,2.5458558654307035,410127.1195610794,-290982.46975358843,-290959.71800414036,0.6266624458838987,0.7537475258979448,-11.675916156226382,1.2027967063429088,388782.6234224787,-325414.680543545,-325380.5529193729,0.6697558802119791,0.7594364703107882,-11.675603856725711,1.133900414686057,389269.6232360878,-324608.1539915403,-324574.02636736823,-8.564671441761535,-0.7403454229993469,0.35831448744945116,-11.149798439429006,0.5931197949225093,1.3507208512868487,373919.9114173426,-350523.55547085166,-350466.6760972315,-34432.21078995656,-34420.83491523255,-33625.68423795188,-33614.30836322787,-59541.085717263224,-59506.95809309115
222,644359,-4.58633079213808,-0.40144786341936217,-11.424474284340848,2.4909834903153434,408419.8843057264,-293798.09123620554,-293775.33921359916,0.6367590926714547,0.7715924165438668,-11.672324466424783,1.211749349831399,388494.1041475997,-326025.4977212975,-325991.36968738795,0.6818641331826822,0.78057431161365,-11.672145776788998,1.1447651718682228,388950.92645234516,-325268.2542230308,-325234.1261891213,-8.51419774075263,-0.7367717890922414,0.3686259481516418,-11.148135281484,0.6041955115437568,1.3572723804097815,374175.3170622939,-350219.4617633493,-350162.5817068334,-32227.406485091953,-32216.030473788793,-31470.16298682528,-31458.786975522118,-56421.370527143765,-56387.242493234226
223,645838,-4.548912910724057,-0.3984194473991393,-11.417396767198777,2.5099176421430887,409794.3700770248,-293783.3150507766,-293760.55844282196,0.6282747578520768,0.7514565567581102,-11.672870826929927,1.1960635810471885,389198.93506531446,-327083.8762133565,-327049.7413014245,0.6717154724241963,0.757931868960236,-11.672397429145892,1.128352554132612,389693.5859022926,-326263.57214931585,-326229.43723738386,-8.557533814551435,-0.7395120298618371,0.3608594490831478,-11.128297674922546,0.5781271832016622,1.352243046251499,374540.21063847863,-351874.5305075286,-351817.63898764196,-33300.56116257992,-33289.18285860255,-32480.257098539267,-32468.878794561897,-58091.21545675199,-58057.08054482
224,645630,-4.589704688191915,-0.40196460562547565,-11.418181163115397,2.487781227513685,408351.71489970374,-295757.64058295236,-295734.88461922586,0.6343343463482086,0.765482548655331,-11.670406711459048,1.206749331897489,388692.0729311127,-327611.9322321828,-327577.79828659305,0.6788435128237202,0.773344922177084,-11.670081482842098,1.1392094165565128,389151.361358437,-326849.4897952527,-326815.3558496629,-8.443344851576718,-0.7311363573592808,0.37586172329761325,-11.179547483220636,0.5759717553803343,1.3677339253265988,373949.3895564303,-352572.4930040819,-352515.60309476557,-31854.291649230465,-31842.91366736719,-31091.849212300323,-31080.471230437048,-56814.85242112953,-56780.7184755397
225,642729,-4.5253130592011885,-0.39621632662328093,-11.421318999567166,2.5238737851173694,408838.4343093189,-290768.6059681677,-290745.8590112628,0.6315248078207523,0.7533447558617831,-11.676656895249275,1.1928981198084736,386950.27714205824,-326132.03000516194,-326097.9095698045,0.6748798093324442,0.7589420774757166,-11.676370562390423,1.1245588725293507,387462.0711584211,-325282.49576166726,-325248.3753263098,-8.727433522435929,-0.752973963182019,0.34214258107379103,-11.07629843449339,0.611596582521339,1.3280671695128274,372243.18880608387,-351033.0254162454,-350976.158023983,-35363.42403699423,-35352.05055854173,-34513.88979349955,-34502.51631504705,-60264.41944807768,-60230.299012720236
226,644087,-4.561596633614792,-0.3994852572247302,-11.418685799082365,2.503221287681839,407763.6130105935,-294437.91390807135,-294415.1627298931,0.6334166405973727,0.760830999244774,-11.670198246498142,1.2011541069196372,387161.1764849472,-327829.5986293669,-327795.4718620995,0.6773750349402152,0.7671905838691873,-11.670052321667583,1.1325935328232153,387630.7912430004,-327048.81408252177,-327014.68731525436,-8.471732326462043,-0.7327254433233814,0.3688895872466035,-11.136364141936596,0.5770901129774894,1.364767675412439,372709.0761382781,-352328.5517078214,-352271.6737623757,-33391.68472129555,-33380.30913220637,-32610.90017445042,-32599.524585361243,-57890.637799750024,-57856.51103248261
227,645564,-4.509723929098171,-0.39508306309882424,-11.414622266331193,2.5311133111010244,409933.3786913824,-293165.78424383135,-293143.0284845668,0.6287279379379056,0.7588914474294649,-11.671101524503277,1.207026762511092,388899.0621894268,-327168.7554761522,-327134.62183725525,0.6722548415275277,0.7653824810039321,-11.670865012247019,1.1385302622213855,389398.10145712295,-326340.8921740385,-326306.7585351416,-8.545204286122848,-0.7388217336039099,0.3582048642938869,-11.1410433416316,0.588303443050325,1.3535064745890522,374036.78576133953,-352319.59538811963,-352262.70598995814,-34002.97123232082,-33991.59335268848,-33175.10793020716,-33163.73005057481,-59153.81114428828,-59119.67750539136
228,644794,-4.510816884602454,-0.3950481867029656,-11.41839663219138,2.53133676766347,408810.6029440925,-293815.027502933,-293792.2741306031,0.6247018578887439,0.7476232772592623,-11.673969827224026,1.1967681347802395,387656.03687595564,-328073.2099771493,-328039.0799186546,0.6675951005063641,0.7532343138438397,-11.673462785693559,1.128280170529291,388151.04847363237,-327250.3751321091,-327216.24507361435,-8.534819026418457,-0.737415980533741,0.3596503156969785,-11.13280952241767,0.5717545670608908,1.356086695159767,373012.6057476493,-352897.79533920955,-352840.91190838494,-34258.18247421633,-34246.80578805145,-33435.3476291761,-33423.97094301123,-59082.76783627656,-59048.63777778181
229,645505,-4.5526452173709,-0.3986617043742466,-11.41982078393231,2.508392426530246,410038.99091801903,-292913.7115367441,-292890.95596027374,0.6288110269149069,0.7518970581336859,-11.673590624303209,1.1957440724642947,389281.8724983581,-326444.7705001964,-326410.63713549083,0.6720918409947164,0.7575670944054452,-11.673428194464648,1.1271779364025947,389771.01668104844,-325634.1835387097,-325600.05017400417,-8.597326025629352,-0.7426567684981513,0.35469592273421163,-11.11354161155977,0.5896244592247841,1.3465170485448679,374640.2095951134,-351187.8602982215,-351130.97135704564,-33531.05896345229,-33519.68117521709,-32720.472001965623,-32709.094213730423,-58274.14876147744,-58240.015396771894
230,644340,-4.550245233372066,-0.39850573660848354,-11.418267832471646,2.5093741648754766,409591.9516809953,-291923.9747701153,-291901.2228064831,0.6311922443980982,0.7604792496331847,-11.672440017881838,1.2048298381079983,389140.32240414654,-324925.9843839349,-324891.85643848666,0.67517575730831,0.7675670750310628,-11.672322154391564,1.1368403955898605,389618.0673618496,-324135.41768517805,-324101.28973972984,-8.57964374945904,-0.7418644256466135,0.3597283941253761,-11.141344708172301,0.599037336527187,1.3479551861897057,374340.5190422751,-349905.7154553554,-349848.835546275,-33002.009613819595,-32990.63363200356,-32211.44291506277,-32200.066933246737,-57981.74068524013,-57947.61273979192
231,645705,-4.561484694100409,-0.39955081721019425,-11.416532009495853,2.502810548561395,410847.77305081976,-291932.131117774,-291909.3749217298,0.6289709712630034,0.7482778747320317,-11.671788587131461,1.1896858661528598,390003.41794934374,-325550.2218549682,-325516.0875609018,0.6718822113671622,0.7525971199376252,-11.671578176366229,1.1201325280010352,390479.1702081254,-324763.0277395182,-324728.89344545186,-8.531065442334322,-0.7373530608091281,0.3642673833401386,-11.133149779037822,0.5670410079872255,1.3562024125900536,375191.7379018803,-350546.82607347553,-350489.9355833649,-33618.09073719417,-33606.71263917204,-32830.89662174421,-32819.51852372207,-58614.69495570153,-58580.56066163513
232,644740,-4.529727233255271,-0.39670148740528494,-11.418478067432941,2.5207871201611174,410406.73071733495,-291224.0526235053,-291201.2994186778,0.6287966132789236,0.7489138072862717,-11.67411099446569,1.1910271007679014,388949.9469715053,-325843.3203504601,-325809.1905432189,0.6715444914318064,0.7531012910347517,-11.673967243312289,1.121446606507124,389442.1004050392,-325028.0215608865,-324993.8917536453,-8.730140180153557,-0.7535080303163386,0.34127646558535824,-11.083763231335935,0.613271233510421,1.3271258696210295,374198.4285200706,-350767.83787974174,-350710.95486767305,-34619.26772695483,-34607.891124541115,-33803.96893738123,-33792.592334967514,-59543.78525623644,-59509.65544899524
233,645203,-4.537088981192864,-0.3974655230557893,-11.415050408173455,2.515941489243678,410012.5683883003,-292516.3180399767,-292493.5633994268,0.6290436442903548,0.7550064733865799,-11.669800122729608,1.2002449754314393,389242.67417478195,-326055.08221816656,-326020.9502573417,0.6722192422512756,0.7601907348921676,-11.669690247259792,1.130867263403936,389729.2181129848,-325249.0976826768,-325214.965721852,-8.601474536751454,-0.7430856164664601,0.35078187540262235,-11.10305479218586,0.5951452929664847,1.3457399495299422,374501.68966380105,-350960.2250345518,-350903.3384331771,-33538.76417818986,-33527.38685791491,-32732.7796427001,-32721.402322425158,-58443.90699457511,-58409.77503375028
234,644743,-4.5100244073740265,-0.39517599436100864,-11.41269832107753,2.5305180837641195,410871.71963924303,-290498.33040700783,-290475.5771928743,0.6274863060547392,0.7539380062975645,-11.671005641285321,1.2015210515714332,390050.9291501283,-324025.37126551144,-323991.24144431116,0.6705287110551089,0.7592528506140811,-11.670705743599498,1.1323196726645166,390544.45698681887,-323210.0995740288,-323175.96975282853,-8.582496378824773,-0.7415389730016144,0.352538652592435,-11.118099919037267,0.5913136782006656,1.3485467877058201,375129.59715971444,-349170.06164302723,-349113.1786076934,-33527.040858503606,-33515.66425143689,-32711.769167020975,-32700.392559954256,-58671.731236019405,-58637.60141481913
235,643837,-4.549438412781217,-0.3983536541644955,-11.420601681998326,2.5103321873559663,407999.32402005594,-293701.60830061656,-293678.85789888166,0.6335605899122541,0.7584054711503243,-11.67454402895116,1.1970527889927005,386733.9039120816,-328163.3323439171,-328129.20674131473,0.6775170725019463,0.7651930387874152,-11.674063058618364,1.1294077593671517,387234.69274479896,-327330.15532335377,-327296.0297207514,-8.707015704257643,-0.7513695614605992,0.3421266086004045,-11.076905413757885,0.6137639513368445,1.3309029953996063,371943.0005367582,-353266.56196827197,-353209.6859639347,-34461.72404330055,-34450.34884243307,-33628.54702273721,-33617.171821869735,-59564.95366765541,-59530.828065053036
236,643909,-4.552434812475737,-0.3987025020321139,-11.418124514576176,2.50813575260547,409523.1255890495,-291406.0567122198,-291383.30608683825,0.6315732398281291,0.7558123386501215,-11.671071366451194,1.1967136841576786,388458.6371533491,-325406.7521797283,-325372.626241656,0.6750380252449437,0.7614745300356274,-11.670758963496803,1.1280468678180304,388952.8591238961,-324588.05058030965,-324553.92464223737,-8.636068697676528,-0.7451757943813294,0.3433050981053405,-11.057409929519094,0.5997829006436792,1.3419652215491438,373926.2174199807,-349953.8418577791,-349896.9652943253,-34000.695467508514,-33989.320154817775,-33181.99386808986,-33170.61855539912,-58547.78514555929,-58513.65920748707
237,645863,-4.532103731488042,-0.3969169899400213,-11.418265900315568,2.5194184813079215,409705.6370973614,-293959.55204566347,-293936.79536029155,0.6277922107959161,0.7526571991440008,-11.673970252551808,1.1988954087050245,388746.6701452967,-327872.49350915576,-327838.35848109785,0.6706428390019665,0.7570450349652186,-11.673845787542506,1.128834889360533,389212.12934168737,-327099.6430470791,-327065.5080190212,-8.552687952815347,-0.7399268471787358,0.3643106125039999,-11.165632211088115,0.5903399569288535,1.351484952617811,373870.0232563078,-353069.86903895845,-353012.9773255286,-33912.94146349229,-33901.5631208063,-33140.091001415625,-33128.71265872964,-59110.31699329498,-59076.181965237076
238,646403,-4.521330449905093,-0.39603029619541824,-11.416627700811242,2.5250593442138007,410893.74213338504,-292873.7670683112,-292851.00871145667,0.6249385442078954,0.7440607101156335,-11.674973561080106,1.1906142084078435,389699.23320055124,-327104.8830362575,-327070.7455009757,0.6669016810508941,0.7466756406560348,-11.675097595654501,1.1196187712099241,390189.4314422325,-326292.291008417,-326258.1534731352,-8.589781379473665,-0.7423023509347874,0.3561993838046529,-11.130776149137183,0.5900426559057649,1.347159952734478,374910.4726155125,-352108.91383310116,-352052.01794096484,-34231.1159679463,-34219.736789519025,-33418.523940105806,-33407.14476167853,-59235.14676478994,-59201.00922950817
239,645588,-4.501020245342728,-0.39432351501321355,-11.414536729294223,2.53598875523944,409508.7378495341,-293869.78062067105,-293847.0247870542,0.6249342525623205,0.7476727534340138,-11.67203718156376,1.1964022621074901,388362.6798743612,-328095.94994094985,-328061.81619052467,0.6675058919059816,0.7522179527334515,-11.671838225595838,1.1269083342254627,388855.99486261024,-327276.41667507804,-327242.28292465286,-8.526192162849977,-0.7368696353386924,0.3598002370867381,-11.133024592885867,0.5730950911322293,1.3570921531328444,373553.3178272261,-353191.70039707236,-353134.81081303034,-34226.1693202788,-34214.791403470444,-33406.63605440699,-33395.258137598634,-59321.91977640131,-59287.78602597612
240,644569,-4.54484321145339,-0.39803978720687705,-11.418062609633683,2.5123116636585388,409393.0025360085,-292569.92685644585,-292547.1741821351,0.6298832355980627,0.7531152588143722,-11.67296575264733,1.1956426465284522,388444.5113183176,-326424.07439223403,-326389.9453807679,0.6733548145499939,0.7588729424805716,-11.672744711628331,1.1270030689358475,388910.91207433026,-325650.61222569074,-325616.48321422463,-8.40270620651611,-0.727449306087738,0.37994364893307186,-11.18801793373004,0.5547881542129128,1.374666236714218,373798.13958369277,-351193.70594803843,-351136.8242622616,-33854.147535788186,-33842.771198632836,-33080.68536924489,-33069.30903208954,-58623.77909159259,-58589.650080126536
241,644808,-4.540633073280476,-0.3976672450033061,-11.418172178708675,2.5146652447869733,408099.6492835764,-294957.7549877677,-294935.00157201366,0.6318084145185047,0.7688228985091604,-11.66993543933705,1.2168608091347963,387988.94073590107,-327540.8352109384,-327506.70508730726,0.676137972591932,0.7766434693708891,-11.669864887787842,1.1486464314283011,388457.59380151506,-326762.43961204425,-326728.3094884131,-8.429366230219575,-0.7298861170116062,0.37028803935873755,-11.173587003545247,0.5879460590198218,1.3700767512804994,373426.5860726794,-352204.2279493558,-352147.34440997057,-32583.08022317069,-32571.7035152936,-31804.68462427653,-31793.30791639944,-57246.472961588064,-57212.34283795691
242,644219,-4.539446283561457,-0.39746863295258156,-11.420891882311171,2.5159218038704982,409418.45274542994,-292021.1076039394,-291998.35601592064,0.6334558501756289,0.7611561556777097,-11.673774863466106,1.201593063615523,388336.6294785883,-326075.8607691712,-326041.73338714306,0.6772835174536647,0.7673813126468422,-11.673896342423678,1.1330281822476824,388827.1989069175,-325262.5594368636,-325228.43205483543,-8.660290330285,-0.747825515479924,0.3477051902482816,-11.091122877801691,0.6131702248731733,1.3372103242000783,373617.77042772307,-350964.02850686526,-350907.1495368183,-34054.753165231785,-34043.37737122242,-33241.451832924155,-33230.07603891479,-58942.920902925835,-58908.793520897685
243,644574,-4.521609761132347,-0.3959358510488105,-11.420056428724179,2.52566166299682,410812.50140576676,-290346.11413930834,-290323.36144948343,0.6252820531141909,0.7400645845605298,-11.67719332303521,1.1835692082871552,389397.64312683104,-324851.9434299396,-324817.81439520227,0.6675282035637667,0.7435772132014269,-11.676825204822055,1.1139262869069104,389879.4376953323,-324054.91680254723,-324020.7877678099,-8.575225045957179,-0.7406994370794964,0.36245698835782586,-11.132738244333046,0.5680593765341437,1.3500752801202331,374731.2285790318,-349594.42529996973,-349537.5435754074,-34505.829290631285,-34494.45294571883,-33708.802663238894,-33697.42631832644,-59248.3111606614,-59214.18212592398
244,644954,-4.536728018044577,-0.3973995461399407,-11.416037240382273,2.5163591899218196,408849.7712670101,-293986.16561311285,-293963.41174456204,0.632319502002314,0.7638832133523458,-11.668292787319686,1.208065243810162,388111.49684608995,-327557.323352128,-327523.1925493018,0.6761389846866728,0.7700863308647988,-11.668245981162665,1.1389467968951115,388584.8651775041,-326771.1709982677,-326737.0401954415,-8.488563022810682,-0.7344176076056852,0.3650204758245828,-11.14458553407753,0.5849759432405732,1.3616231278279867,373533.3709796575,-352245.5898224204,-352188.70515104337,-33571.15773901512,-33559.78080473974,-32785.00538515486,-32773.62845087948,-58259.42420930753,-58225.29340648133
245,645405,-4.567644357458436,-0.4000435990991759,-11.417866371925273,2.4997275353281863,410913.60234091565,-291393.1611998478,-291370.4059332364,0.6342744516031821,0.7610765651246189,-11.669041689975696,1.1999167918571114,389883.8751578468,-325296.8935027955,-325262.76060287835,0.6786544383176599,0.7685600821866596,-11.668754389237854,1.1324763219583003,390367.4444421581,-324496.8997929218,-324462.76689300465,-8.587875114659935,-0.7421494569444265,0.35733308600505675,-11.104205285450286,0.5947112650057739,1.3474374880191846,375265.9580704044,-349956.3631699813,-349899.47500345274,-33903.73230294767,-33892.354669641936,-33103.73859307397,-33092.36095976824,-58563.201970133465,-58529.06907021633
246,644558,-4.5446538469361295,-0.3980198626492089,-11.418158422263257,2.51243742798168,410837.82532866864,-290283.17550394026,-290260.42286376114,0.6323919065226412,0.7563347509549878,-11.673273088553994,1.1959905608436328,389619.5344534758,-324460.69449675805,-324426.56553648936,0.6759011829720383,0.7618613619585519,-11.673354450036744,1.127178618934404,390114.292989985,-323642.7214799419,-323608.5925196732,-8.618741237661613,-0.7448926530281325,0.35887856310054694,-11.12869632986567,0.5931114501732271,1.3424753163221665,374899.63759994914,-349280.1398477973,-349223.2582473495,-34177.518992817786,-34166.14267272822,-33359.54597600165,-33348.16965591209,-58996.96434385702,-58962.83538358839
247,643776,-4.565678547380889,-0.3997750015017041,-11.42062042456506,2.5014070320646034,409441.0942988138,-291341.8466682488,-291319.0964560118,0.632660135603064,0.7575282578172845,-11.673017623265117,1.1973699861698948,388545.5798171455,-325062.48134910956,-325028.35603075405,0.6763807358587435,0.7636423298381162,-11.672832833029597,1.1290125359182266,389035.4713640765,-324251.29784157564,-324217.1725232201,-8.736936519624887,-0.7541230385332095,0.3407985125074818,-11.07711679644048,0.6220288486549628,1.326043561731025,373868.7755086722,-349847.4736129716,-349790.59808237915,-33720.634680860734,-33709.25957474223,-32909.451173326815,-32898.07606720831,-58505.62694472278,-58471.50162636733
248,644332,-4.521201920112799,-0.3959276133409682,-11.419263945652594,2.5257142121552705,408780.59139422607,-293189.9727509164,-293167.220812116,0.6307957406963742,0.7555537436533177,-11.673026018302716,1.1977787656258039,387155.12680082326,-328209.4166885967,-328175.2887803961,0.6740448527607541,0.7606168470831401,-11.672855519230701,1.1284365483510546,387650.16204833885,-327386.0689415048,-327351.9410333042,-8.700819704826108,-0.7508071364567983,0.33962926200979576,-11.0704869683054,0.6130985704716589,1.331899966640155,372372.3859227058,-353289.9484120176,-353233.0685650166,-35019.443937680335,-35008.06796828011,-34196.09619058843,-34184.72022118821,-60099.97566110123,-60065.84775290062
249,645810,-4.540801511135657,-0.397686477881695,-11.41804351840816,2.5145436307680624,410923.9298428306,-291964.91278390394,-291942.1562626602,0.6298773094900537,0.7566060503262989,-11.66932594130162,1.2011959137547665,390290.07515476213,-325233.66629197384,-325199.53151010827,0.6732552628559944,0.762259488547314,-11.669063447714985,1.1321998216750029,390760.6943645628,-324455.40541438636,-324421.2706325208,-8.535821650704873,-0.7374717573921746,0.355043736033403,-11.089509963273077,0.5930368887058322,1.355984130885459,376029.6358752328,-349268.1908147652,-349211.29951165593,-33268.7535080699,-33257.37524744804,-32490.49263048242,-32479.11436986056,-57303.278030861286,-57269.14324899571
250,645569,-4.5161225158066065,-0.39551565143349604,-11.41831555701651,2.5283449501318787,410359.04157615494,-292503.0626485948,-292480.30687383993,0.6271813972293646,0.7512516729808403,-11.673861824916218,1.1978219958365606,388997.3785517858,-327013.10585319897,-326978.97219106666,0.669507965403369,0.7542882273716606,-11.67400174675137,1.1266306994827353,389481.2606714931,-326210.56787559,-326176.4342134577,-8.673691897438731,-0.7491978502925516,0.34526390574069593,-11.107759972247937,0.6148419384276569,1.3347609040916408,374282.1420047512,-351903.9903443023,-351847.10090741515,-34510.04320460418,-34498.665317226725,-33707.505226995214,-33696.12733961776,-59400.927695707534,-59366.79403357522
251,644841,-4.527728308364912,-0.39647389456151677,-11.41999100186,2.5222341589626156,410603.2495147247,-291061.98088337656,-291039.22736526903,0.6290306416998117,0.7515355332297501,-11.673677162747634,1.1947518664574064,389125.37041967147,-325704.6039377655,-325670.4736606042,0.6718728137451297,0.7559143216338912,-11.67363429009567,1.1250854420203433,389615.35349374247,-324893.13689241913,-324859.0066152578,-8.674785274988762,-0.7488676732995488,0.3450923552000472,-11.08441538302544,0.6066911359703088,1.3353494023769905,374614.4176988898,-350207.3367985855,-350150.45300331665,-34642.62305438897,-34631.24629533518,-33831.15600904258,-33819.77924998879,-59145.35591520893,-59111.22563804762
252,645850,-4.511132512112877,-0.39520765271057096,-11.41458795439012,2.5303153750728273,410526.4625972742,-292648.00032939954,-292625.2436842842,0.6250325549361809,0.7405545298241677,-11.673505701556689,1.184825532647307,388879.03011612693,-327633.0333082779,-327598.8983406049,0.6669864508727011,0.7433943710167124,-11.673038160117953,1.1145569299706721,389377.85090424464,-326805.1229923431,-326770.9880246701,-8.650369166678924,-0.7465096115574963,0.34683575743555795,-11.085869661487713,0.5826370082144253,1.3395674811388276,374000.06953937374,-352825.1500884642,-352768.2584756759,-34985.03297887836,-34973.654656320694,-34157.122662943555,-34145.74434038589,-60177.14975906466,-60143.01479139167
253,645877,-4.508576217209367,-0.39493765384823204,-11.415918875494048,2.532045223483004,409669.04122657765,-294037.6181047901,-294014.86137606576,0.6282784193772236,0.7536318403413401,-11.673384923472252,1.199518902922644,388290.25541251514,-328652.349423387,-328618.2143303005,0.6707313350297931,0.7571323235022311,-11.673493325297395,1.1288160906760085,388792.44781226525,-327817.54879178817,-327783.4136987017,-8.69809584898391,-0.7510555126001655,0.34206679754478275,-11.095919323891948,0.617686878055596,1.3314595036230876,373354.4907939071,-353982.74242474494,-353925.85060293414,-34614.73131859687,-34603.35295423475,-33779.930686998065,-33768.55232263595,-59945.12431995483,-59910.989226868376
254,645384,-4.535059667797138,-0.3971329235125808,-11.419500623834507,2.518048594800831,409616.8661990056,-293402.56406699854,-293379.8088654636,0.6285092501627033,0.752995774612013,-11.671669466016585,1.198066336202822,388462.5347301158,-327622.3866957566,-327588.2538934542,0.671587978363393,0.7580068204535358,-11.67137653954155,1.128678363631134,388941.5281438235,-326827.08669876686,-326792.9538964645,-8.60899384550538,-0.7432189146277182,0.3462176531933805,-11.079186902827653,0.6003411389769397,1.3454985877221717,374063.01657900546,-351996.1233145912,-351939.23531075387,-34219.82262875803,-34208.445027990616,-33424.52263176831,-33413.145031000895,-58593.55924759264,-58559.42644529027
255,644863,-4.551977949077471,-0.39849012502564946,-11.423063366462282,2.5094724742191126,408086.2771894288,-295059.04700312513,-295036.2934167849,0.6300501142524387,0.7561841599442237,-11.674614048542958,1.200196845994456,387500.5898107809,-328435.95864977123,-328401.8282702609,0.6739847414606425,0.7633944664630828,-11.674077322759356,1.1326583815661373,387962.81220555236,-327667.2050124374,-327633.0746329271,-8.37469438876407,-0.7249762566114716,0.382038526370998,-11.192651902552452,0.5500635897947775,1.3793555180330808,372978.2386542058,-353063.9804776964,-353007.0965118458,-33376.9116466461,-33365.53485347598,-32608.15800931229,-32596.781216142175,-58004.93347457127,-57970.803095060925
256,644706,-4.523536651100319,-0.39622212300512044,-11.416668551447495,2.5238368630594534,409853.75357696164,-292043.9507014178,-292021.19760206196,0.6241145360982989,0.7409232197114295,-11.673258460485304,1.1871590499131286,388701.545417253,-326204.00858429243,-326169.8789352587,0.6665537543900497,0.7452880584082565,-11.672528862452314,1.11812146207211,389192.0384963643,-325390.9825367479,-325356.85288771417,-8.499989062842683,-0.7340009487344246,0.3622555989690629,-11.110121866949116,0.5543065324682893,1.3623960591934043,374133.8428531835,-350826.62487282814,-350769.7421244386,-34160.05788287462,-34148.68133319676,-33347.03183533007,-33335.6552856522,-58782.67417141033,-58748.544522376615
257,643978,-4.57152370683725,-0.40018396750623303,-11.423555359613568,2.4988507316561215,408942.52895485685,-292419.9274295136,-292397.1765898276,0.6370630416219163,0.7637092714004574,-11.670992676096287,1.1987970130179095,387820.8092759166,-326568.87220796006,-326534.745948431,0.6812468834082102,0.7700206779314633,-11.670938499270479,1.1303107532457641,388302.6867117624,-325769.20950257854,-325735.0832430495,-8.535354438850282,-0.7374682462709737,0.3613962398344609,-11.089142143139336,0.5916727734883102,1.3559905867900408,373639.3594786549,-350554.56506059243,-350497.6879613774,-34148.94477844646,-34137.56935860345,-33349.28207306494,-33337.90665322193,-58134.63763107883,-58100.5113715498
258,645997,-4.549472617144478,-0.39836154313577576,-11.420461376197292,2.5102824738761607,410518.53848163126,-292874.0960747991,-292851.3389745215,0.6293126089046978,0.7459689397021726,-11.672789718950087,1.185371036821449,389075.5619138304,-327528.2312999178,-327494.0956495014,0.6721748531790585,0.7502604070403431,-11.672390854037388,1.1161685140287205,389554.15371784876,-326734.0953907716,-326699.9597403552,-8.53669396174533,-0.7374763744129408,0.3657282774001382,-11.11781557076001,0.5612057214489631,1.355975641655013,374612.05289547116,-351996.28142059443,-351939.3886699005,-34654.13522511872,-34642.75667497993,-33859.9993159725,-33848.62076583371,-59122.185345795355,-59088.049695378984
259,645209,-4.508225907506446,-0.3949722588597926,-11.41403176142246,2.531823381436468,410262.61507695407,-292131.6767318633,-292108.9220727147,0.6236627022361023,0.7438505351033704,-11.674036485683441,1.1927128757842058,389226.66268725623,-326090.6556198328,-326056.5236311099,0.6655590287498879,0.7464424479076934,-11.673979420027496,1.1215270406739548,389707.3306005677,-325294.35887141124,-325260.22688268835,-8.593841109963673,-0.7427999202394581,0.35699280613039885,-11.151300688525927,0.5811272479984275,1.3462575489744637,374048.7310879269,-351750.3393753184,-351693.45272744686,-33958.97888796951,-33947.601558395196,-33162.68213954795,-33151.30480997363,-59618.662643455085,-59584.53065473214
260,644797,-4.485896693699073,-0.3929735252391867,-11.415264402274156,2.5447006878932656,410396.6803263463,-291322.5924878612,-291299.8391062261,0.6247032957125584,0.7383176702490296,-11.675901086106409,1.181869337517867,388050.7892979265,-327421.46992794634,-327387.3398554937,0.6659251422627618,0.7391640758288592,-11.67571840988168,1.1099807304425198,388560.86505752103,-326574.4690749257,-326540.33900247305,-8.713669609077801,-0.7517707022343494,0.340587158007271,-11.079415200814054,0.5991448130059982,1.3301928327718604,373098.5171786948,-352753.9461953245,-352697.0627412367,-36098.87744008511,-36087.50074926758,-35251.87658706447,-35240.49989624694,-61431.35370746325,-61397.223635010596
261,644917,-4.547524203381499,-0.3982251653049266,-11.419479730517272,2.5111421555548503,409966.0621905904,-292173.87024397845,-292151.1164901678,0.6319238377431402,0.7647400143434516,-11.670354156162304,1.2101775066353764,389350.08010449156,-325446.68103870965,-325412.55040799367,0.676059689510737,0.7721692746046122,-11.670049910162223,1.142161389866965,389841.6914459525,-324632.89279005077,-324598.7621593348,-8.666400077165564,-0.7483866225241107,0.3429293326280608,-11.087896945114016,0.6176870309385927,1.3362077433015354,374826.037886828,-349960.40575306467,-349903.52136853803,-33272.810794731195,-33261.43391782587,-32459.022546072316,-32447.64566916699,-57786.535509086214,-57752.40487837023
262,644386,-4.5848018270169675,-0.4012657279444132,-11.425849524961409,2.4921141536875253,407726.41631467023,-294932.45436849317,-294909.70226208435,0.6332101450393488,0.7585694604465337,-11.675038186537186,1.197974268715159,387089.07108646794,-328400.8793047414,-328366.75114512816,0.6772668197591131,0.7654945193835637,-11.674744070730103,1.1302702229762724,387575.52430692787,-327591.5905157982,-327557.46235618496,-8.579621260944155,-0.7412819370641798,0.36101548547357415,-11.114747279419204,0.5926069860818849,1.3490143898021631,372743.25394199294,-352732.09661175177,-352675.2163457297,-33468.42493624822,-33457.04888304381,-32659.13614730502,-32647.76009410061,-57799.6422432586,-57765.514083645365
263,644215,-4.553840646061958,-0.3986729139943727,-11.422498208960931,2.508321897218518,408579.44701078517,-293336.8143553029,-293314.0627797023,0.6303578219719392,0.7546165732535158,-11.674058896629855,1.1971241522677702,387834.4119840902,-326903.50826156227,-326869.3808981614,0.6739505594725099,0.7606593446489766,-11.673876161401923,1.1286574867514498,388306.38829884905,-326120.0054255288,-326085.8780621279,-8.42987852348255,-0.7290053554399397,0.37387622658985054,-11.149352843206364,0.5616186490409997,1.3717320353518125,373531.9087944846,-351105.9142805083,-351049.03534150677,-33566.693906259374,-33555.31811845908,-32783.191070225905,-32771.81528242561,-57769.0999252054,-57734.97256180446
264,643726,-4.512646006012298,-0.3951128952155282,-11.42115598011732,2.5309222050434848,408647.3141527206,-292518.4184191734,-292495.668362276,0.6248114955734017,0.7443069291485949,-11.677272435708286,1.1912503761883093,387562.95423625875,-326617.2711069543,-326583.1460216082,0.6670726803785536,0.7477936355139133,-11.676910031900016,1.1210077365026427,388018.5639749969,-325860.96667852456,-325826.84159317845,-8.45953162784373,-0.7315461927316281,0.3726065730064783,-11.168169695644767,0.5601628143138425,1.3669676774148092,372877.69146544836,-351479.0142299899,-351422.1390877463,-34098.85268778092,-34087.47765933222,-33342.54825935117,-33331.17323090247,-58960.59581081651,-58926.47072547034
265,645112,-4.537959867937971,-0.3973316193527517,-11.421089203346694,2.5167893801882357,409516.53413671564,-293164.9977592235,-293142.2434007753,0.6285874297856004,0.749774979564085,-11.677393006789096,1.1927934668051179,388514.25606712815,-327126.4766817046,-327092.3451440322,0.6715222716789149,0.7545605259047065,-11.677245331698561,1.1236567389167635,389004.0909280767,-326313.6382712831,-326279.50673361076,-8.591208051823537,-0.7421906897848353,0.35859501573007185,-11.128830331586443,0.5871482728720081,1.3473626303368276,373796.59523963305,-352035.4620978428,-351978.57620172226,-33961.47892248107,-33950.101743256906,-33148.64051205962,-33137.26333283546,-58870.46433861932,-58836.332800946955
266,643901,-4.573344215186648,-0.40053558731481914,-11.418072101523453,2.496657055379213,408994.26226969605,-292226.51550079725,-292203.76490026416,0.6328112410163111,0.7560394433992195,-11.671189804733002,1.1947313739006922,388283.3695419094,-325685.294789437,-325651.1688886373,0.6767587102262509,0.7625890741946265,-11.670974444768593,1.126825650961598,388753.6868439243,-324905.8266403244,-324871.7007395247,-8.449134855746255,-0.7306562044280047,0.37295445709329705,-11.140040794678457,0.560991379451725,1.3686327358060983,373890.8414810726,-350002.41416981764,-349945.53766848485,-33458.77928863972,-33447.40398837312,-32679.311139527126,-32667.93583926052,-57775.89866902039,-57741.77276822069
267,644167,-4.568398866549152,-0.40014233266213,-11.416934659614212,2.49911073728951,408478.9901596801,-293425.35943212354,-293402.6080055471,0.6338010572329639,0.7668520598343507,-11.667595831697058,1.209925498045488,388170.4711107205,-326273.22222792835,-326239.0950880636,0.6784194916261908,0.775155494269514,-11.667133831254015,1.142590246650261,388654.0650940227,-325471.1998633793,-325437.0727235146,-8.576574973882927,-0.7410292192679412,0.3514368338193337,-11.097405419147492,0.5999539279527673,1.349474452556533,373501.9420811563,-351083.43524312385,-351026.55667668267,-32847.8627958048,-32836.48708251654,-32045.840431255754,-32034.464717967494,-57658.07581100031,-57623.948671135586
268,643093,-4.567755067077546,-0.3999892667688089,-11.41969409323595,2.500067084495028,408240.29601430666,-292238.9297926306,-292216.181703376,0.62956814317774,0.7488542350286559,-11.67621351889334,1.1894728841405797,387778.3557400804,-325306.0796130145,-325271.95747913263,0.6726106131771056,0.7535573573109442,-11.676147100523835,1.1203471110149201,388254.5493705973,-324516.8429019171,-324482.7207680353,-8.509753053984545,-0.7357574412119778,0.3710261429373262,-11.159831658216765,0.5623884293126482,1.359143576384016,373024.63695739815,-350247.309825439,-350190.43960230256,-33067.14982038387,-33055.77577575663,-32277.913109286514,-32266.53906465927,-58008.3800328084,-57974.25789892656
269,644137,-4.515119025568229,-0.39542961123615106,-11.418262308312045,2.528895084194387,409401.78468540194,-291928.16649191483,-291905.4151584841,0.6289507661283087,0.7517444280407365,-11.672799931818814,1.1952357299257623,387934.3520146573,-326619.9669797367,-326585.83997959056,0.6719981685738613,0.7567023881475798,-11.672383417116434,1.1260482893182298,388425.7009803544,-325804.6337081356,-325770.50670798944,-8.629133482832238,-0.7448897443765756,0.3475852109256784,-11.082727588139289,0.5963895050932496,1.3424805584307449,373281.2772455699,-351417.75330482656,-351360.87497124966,-34691.80048782186,-34680.424821106484,-33876.46721622074,-33865.09154950536,-59489.58681291173,-59455.45981276559
270,644766,-4.5646283709596815,-0.39981507716327624,-11.416849017666188,2.5011563022962755,409266.08065376617,-293056.3007808426,-293033.5474953641,0.6337487705067869,0.7624248047314386,-11.668258188251347,1.2030395011603003,388815.786530272,-326104.8985781067,-326070.7686498889,0.6780368423545632,0.7697509542602545,-11.667952442034636,1.1352642012596295,389288.2405081474,-325321.9125290721,-325287.7826008543,-8.464479713958381,-0.7320470356741282,0.3691795242476025,-11.13271897274255,0.5699728851343386,1.3660324422721266,374329.6050671849,-350581.99865497,-350525.1154412737,-33048.59779726411,-33037.22115452483,-32265.61174822948,-32254.235105490196,-57525.69787412742,-57491.56794590963
271,645766,-4.50081182289591,-0.39419908143595844,-11.417611138262156,2.5367892699223855,408885.3243767183,-295112.65886812104,-295089.90248314495,0.6277919210845615,0.7550568434547169,-11.671187315257132,1.202718318117721,387281.4625030686,-330164.7838560711,-330130.649278607,0.6703150912147734,0.758672793588484,-11.671343856127201,1.1318151769693638,387789.0234282481,-329319.01397781674,-329284.8794003526,-8.738073051483594,-0.7534886603471161,0.32103992358428324,-11.023106169173134,0.6404013606563296,1.3271599861095738,372821.7843994604,-354732.9591549961,-354676.06819255586,-35052.12498795008,-35040.74679546204,-34206.355109695694,-34194.97691720765,-59620.30028687505,-59586.16570941091
272,645213,-4.522900806798452,-0.39615445103894736,-11.417013730217533,2.5242679903694594,410910.0847439307,-291120.0260364884,-291097.2713649408,0.6283815867572634,0.7532530968395167,-11.672323345597857,1.1987192379818885,389854.6301544672,-325056.54741393065,-325022.4154066092,0.671145250260742,0.7575427763141124,-11.672254424570635,1.1287314869915337,390350.7807277323,-324235.935717279,-324201.8037099575,-8.652693174062493,-0.7470059253304121,0.34423222116752716,-11.085029729107653,0.6059221737982197,1.3386774670598292,375170.4232790633,-349824.55959139415,-349767.6729125251,-33936.52137744223,-33925.14404166839,-33115.90968079056,-33104.53234501672,-58704.533554905734,-58670.401547584275
273,644822,-4.538829899629467,-0.39744143419660155,-11.420122586877172,2.5160939800386593,408695.53008895455,-294037.3185024276,-294014.5650432502,0.6323028634760995,0.7604880020156318,-11.671011269305723,1.2027274363978546,387439.94484736165,-328475.00221812737,-328440.87202936126,0.676065486711295,0.7667497366313587,-11.67086915517368,1.1341353044971947,387932.4536775175,-327655.83307516086,-327621.70288639475,-8.702179418541489,-0.7510964792218942,0.3383592767275288,-11.062361530930051,0.6230583960957372,1.3313868825959083,372913.313436279,-353112.78903573257,-353055.90538778907,-34437.683715699764,-34426.30698611104,-33618.51457273326,-33607.137843144534,-59075.470533304964,-59041.340344538854
274,644985,-4.503720009703498,-0.3945830719106008,-11.41387031099978,2.534320580854939,410418.6359305457,-291561.05562003277,-291538.3016553534,0.6295350737334265,0.7607472993657314,-11.671433900209292,1.2084271887412996,389364.37705064454,-325525.3168968176,-325491.1859497985,0.6731860363068468,0.7675270846664489,-11.67115113187015,1.140141124847397,389857.36574685195,-324709.19399063085,-324675.06304361176,-8.687442344431792,-0.7505074134902866,0.343953081861933,-11.114665887018498,0.6183551469786319,1.3324318747891255,374220.3367027402,-351108.4185396578,-351051.5336279593,-33964.26127678482,-33952.8842944451,-33148.138370598084,-33136.76138825837,-59547.36291962501,-59513.23197260592
275,643971,-4.496307553999939,-0.39385124079487294,-11.41625844551223,2.5390297056873403,409889.8685748489,-290919.67708107445,-290896.9262631284,0.6263358655892569,0.7438095439222884,-11.674370434572943,1.1875570038169732,388059.86252352066,-326161.50013026805,-326127.373903349,0.6684203211829985,0.746861322409807,-11.674087778726769,1.1173528074191106,388556.4378488526,-325337.9785218341,-325303.85229491506,-8.586263221658088,-0.7412038118875515,0.3532197743537917,-11.095744294351634,0.5761839828800004,1.3491565800955576,373478.4035826872,-350821.22327414853,-350764.34622928343,-35241.8230491936,-35230.44764022058,-34418.30144075968,-34406.92603178666,-59901.546193074086,-59867.41996615502
276,644612,-4.5655947099526255,-0.3998645389829474,-11.417853459987183,2.5008469181675697,407907.5115065635,-294975.68814481504,-294952.93533708627,0.6302370152429294,0.7514330400211001,-11.670920956001392,1.1923022955601152,387010.1017132925,-328873.6178698189,-328839.4886582257,0.673357227908725,0.7561426279178854,-11.670903030760806,1.1229442509531986,387500.9062919462,-328056.6415837893,-328022.5123721961,-8.622195384665043,-0.7445898716155018,0.35089451059084775,-11.091082584496627,0.5915034210457556,1.3430212229859464,372321.2391563041,-353812.084762036,-353755.202742714,-33897.929725003836,-33886.55332113942,-33080.95343897428,-33069.57703510986,-58836.39661722095,-58802.26740562776
277,646615,-4.525739789197436,-0.39653340848337276,-11.413262268385154,2.5218556081433716,410494.2016491779,-293810.9110902739,-293788.15207758936,0.6293138000592371,0.7549488627281695,-11.669057939543277,1.1996381815512491,389260.5560558009,-328152.49236485455,-328118.35384582775,0.6721666584176244,0.7591849702534232,-11.669167483082614,1.12945942906578,389756.63769054017,-327328.95760289533,-327294.8190838685,-8.631722765642108,-0.7455282740182404,0.3455222683234488,-11.088793918226468,0.6030788848759949,1.3413307514283939,374415.9940116652,-353289.8318701971,-353232.9343384857,-34341.581274580676,-34330.20176823839,-33518.046512621455,-33506.66700627917,-59478.92077992321,-59444.78226089635
278,644539,-4.5570396692789865,-0.3990476770216802,-11.41978748827901,2.5059662230427424,407245.27572950115,-295916.5430221646,-295893.7904409415,0.6299661991120254,0.7578435263252516,-11.673093820164059,1.202990775367753,386698.8631401493,-329281.93278032803,-329247.80390849337,0.6734912812501805,0.7637642973036505,-11.67292769149303,1.1340373937520007,387184.1901260242,-328473.51034534187,-328439.3814735072,-8.639327940103824,-0.7461781123352833,0.34886410247036015,-11.110752919701282,0.6038104429571539,1.340162601219085,371772.89700468327,-354648.97479446005,-354592.0933414023,-33365.38975816342,-33354.01346755185,-32556.96732317726,-32545.591032565688,-58732.431772295444,-58698.30290046078
279,644413,-4.497446942214252,-0.3939011974968781,-11.417703146865646,2.5387076920676934,409480.54547951475,-292205.3524156722,-292182.60022546444,0.6261851763257479,0.7433923792760251,-11.676142368991181,1.1871765851085954,387787.6265258914,-327279.7564667453,-327245.6281814336,0.6678792255563144,0.7451266015742273,-11.675944398740617,1.1156606959193396,388282.2008653956,-326458.4123924374,-326424.2841071257,-8.620110325074254,-0.7442063013138193,0.35243972382058075,-11.105233282209044,0.5850099081051485,1.3437134276269946,373041.89959688083,-352257.7737256052,-352200.89325008576,-35074.40405107307,-35063.027955969155,-34253.05997676519,-34241.68388166127,-60052.42130993301,-60018.29302462132
280,645215,-4.503598600092073,-0.3945080934204262,-11.415731832128982,2.534802242787711,410610.83074628783,-291592.99116831576,-291570.2364905686,0.6299104816060425,0.7553781628070982,-11.67119162042054,1.1991833520235429,388796.7769266026,-326812.6968960563,-326778.5648794356,0.6727605165465914,0.7597446647406448,-11.670896636468004,1.129294371555215,389307.1376985,-325966.29973374424,-325932.1677171235,-8.708922760702801,-0.7512725229576149,0.33303258204983766,-11.050257313449242,0.6170775995418164,1.3310749021715755,374062.1354136043,-351736.48916803265,-351679.6024736648,-35219.70572774054,-35208.32838886697,-34373.30856542848,-34361.93122655491,-60143.4979997169,-60109.365983096184
281,645901,-4.520872306509401,-0.3959775652028892,-11.416991021178225,2.5253955978228833,411161.3313483506,-291724.0138850505,-291701.25708201,0.6301955355042178,0.7571253870893755,-11.672401319926056,1.2014134414386186,390135.7071343543,-325626.01978589094,-325591.8845813302,0.6735282203082311,0.762661552075572,-11.672193037050924,1.1323379319229567,390612.35100635246,-324837.3792286584,-324803.2440240976,-8.384145551007206,-0.7260368627997426,0.3796374177162502,-11.191658876097634,0.5586661872117717,1.3773405335698812,375415.8782846333,-350463.5178157506,-350406.6258081494,-33902.00590084045,-33890.627499320195,-33113.365343607904,-33101.98694208765,-58739.50393070013,-58705.36872613942
282,642806,-4.55965408751879,-0.39899487376482373,-11.427851301684514,2.5062978643415397,408425.85196841037,-291529.4656041223,-291506.7184076284,0.6280953268246109,0.7378071504938043,-11.682631475154547,1.1746738416664406,386978.6522653421,-326200.9711595942,-326166.8503648533,0.6701074346009321,0.7399971057664763,-11.682397376900818,1.1042962181238376,387463.0337921919,-325396.8734516442,-325362.7526569033,-8.638824136738078,-0.7451693141368617,0.35797896871131596,-11.103512741473777,0.5663943923971573,1.3419768917327355,372340.29879920173,-350984.41360440693,-350927.5456131721,-34671.50555547187,-34660.13195722486,-33867.407847521885,-33856.034249274875,-59454.94800028461,-59420.8272055437
283,643031,-4.591114700347329,-0.401861441898412,-11.42462107998889,2.488419877448192,407964.81939331786,-292582.8155042107,-292560.0676077836,0.6322770078161724,0.75268410073566,-11.674738889342452,1.1904340841609327,387378.7217192502,-325875.7518576285,-325841.6300129878,0.6758067906616964,0.7579534186327747,-11.674551130067869,1.1215534219338739,387844.53964433237,-325102.97989073314,-325068.85804609244,-8.495810235609392,-0.734166601556008,0.3691613688215636,-11.132764659945657,0.5618302359000555,1.3620886565536747,372897.62273580144,-350370.53302152496,-350313.66328045714,-33292.93635341781,-33281.562405204226,-32520.164386522432,-32508.790438308846,-57787.717517314246,-57753.595672673546
284,645243,-4.55368998611522,-0.3987714682033163,-11.419297390136975,2.5077019790446573,409306.6850084346,-293686.2710868996,-293663.5163223616,0.6301475291428027,0.754943239188068,-11.670579107767825,1.198042052493686,388359.32053308614,-327581.286973535,-327547.154826728,0.6736319174935254,0.7608921837704509,-11.67012229636996,1.1295370127377675,388846.3427016426,-326772.62666365097,-326738.49451684393,-8.642289112039393,-0.7461686826137828,0.3473516327291028,-11.080761626301234,0.6011562500966323,1.340179537550493,373804.80476046016,-352223.79267412587,-352166.9057627808,-33895.0158866354,-33883.63850436639,-33086.355576751346,-33074.97819448233,-58537.52158722625,-58503.38944041921
285,645400,-4.520502326377824,-0.39593668941017063,-11.417235248170723,2.525656315128831,410177.55261496385,-292543.0142974375,-292520.2590463203,0.6270686238191158,0.7459121734634775,-11.674846418071283,1.18952239855433,388698.7366159956,-327254.1976461008,-327220.06476942496,0.6695575717020021,0.749744460370668,-11.67454191997763,1.119761006458089,389196.32154168584,-326428.5300924325,-326394.3972157567,-8.676447590172144,-0.7485424669480656,0.3421365300675228,-11.079053077697987,0.5940389766375097,1.335929548629578,373836.51618704747,-352411.7673502197,-352354.87922242674,-34711.18334866327,-34699.805723104684,-33885.51579499501,-33874.138169436425,-59868.75305278221,-59834.62017610646
286,644260,-4.559427127790567,-0.3992705540683544,-11.419392392783369,2.5045673661894985,410215.59336102975,-290827.5350436989,-290804.78332839825,0.63569722742753,0.7679475326412645,-11.67059032304426,1.208039770361923,389492.36384570017,-324223.0707446252,-324188.9431716742,0.6797559438053348,0.7742293667755001,-11.670819835347954,1.1389813856445221,389976.79425377556,-323422.2714528352,-323388.1438798842,-8.605930998563384,-0.7441161569267547,0.3573716562951869,-11.125573757397017,0.610745657451175,1.3438762089645537,374857.621526562,-348892.92872785445,-348836.0494396029,-33395.535700926266,-33384.159843275964,-32594.73640913627,-32583.360551485966,-58065.39368415554,-58031.26611120463
287,644239,-4.559641918473539,-0.3992519376697762,-11.420462841297086,2.5046841496536616,408598.16398821434,-293342.2312712827,-293319.4796211742,0.6322981954212912,0.7602713718633265,-11.673009041755117,1.2023937081724054,387895.0280442325,-326839.00500161725,-326804.8775264545,0.6762911081572088,0.7669946255291126,-11.673089030373493,1.1341190447099876,388368.4554131167,-326053.18828083196,-326019.0608056692,-8.534155198560887,-0.7380639849126066,0.3654463966190061,-11.150007525950935,0.5854676103152329,1.3548960800714438,373222.0540291512,-351677.6307823282,-351620.7516570569,-33496.773730334535,-33485.39790528029,-32710.957009549253,-32699.581184495008,-58335.399511045485,-58301.27203588269
288,645579,-4.534568582767691,-0.3971976348732639,-11.416403786529498,2.5176383548181893,409231.04556317435,-294294.6064246717,-294271.85061893665,0.6291401731227334,0.7606830819590739,-11.66894105751153,1.2090836262822449,388516.41419939743,-327826.87253423955,-327792.738825637,0.6725695927366767,0.7665579227472819,-11.668727406266058,1.1397451371956437,389005.6226592942,-327014.48977198737,-326980.3560633848,-8.635755695593497,-0.7456816812514346,0.3402824208224435,-11.07649531738916,0.615717082501965,1.3410548027970295,373862.1323299479,-352644.3003738654,-352587.41085952776,-33532.266109567834,-33520.88820670033,-32719.883347315656,-32708.50544444815,-58349.693949193694,-58315.56024059112
289,644510,-4.596522018659105,-0.4023942686171259,-11.422931132830445,2.485124858852028,409258.2932878561,-292696.2576076404,-292673.50511640613,0.6332799112365425,0.7550923730013342,-11.671822348998305,1.1923516909401732,388636.5688350519,-326016.6131341541,-325982.4843973027,0.6770888675669081,0.7611578033369198,-11.671594270872156,1.1241623364331925,389116.31022169447,-325221.5066970182,-325187.3779601668,-8.53487134248393,-0.7373974680022524,0.363433013315738,-11.107477346770231,0.5751590763267033,1.3561207400253041,374254.6353291491,-350315.94296708965,-350259.0617390039,-33320.35552651371,-33308.97928089654,-32525.249089377816,-32513.872843760648,-57619.68535944924,-57585.5566225978
290,645863,-4.518041228345184,-0.39564110957146437,-11.41954442812797,2.527543209761853,412373.5462551285,-289767.47445364384,-289744.7177682719,0.6332442847525638,0.7576471021709248,-11.672944083272375,1.1964531230897262,390480.6400884609,-324998.0848143306,-324963.9497862727,0.6760509178136329,0.7612213330872643,-11.673067084186583,1.1259822493090827,390994.02144893934,-324149.499211646,-324115.36418358807,-8.751500610151673,-0.7550011033335837,0.3339227576567946,-11.045144756791002,0.6310590578814442,1.324501375673047,375927.40166909155,-349525.47722194536,-349468.58550851553,-35230.610360686784,-35219.232018000796,-34382.02475800214,-34370.64641531615,-59758.00276830152,-59723.867740243615
291,644920,-4.543007206456663,-0.39780885718660125,-11.420075557356588,2.51377007307539,409998.8216725551,-292126.6973197075,-292103.9435565933,0.6323107091390373,0.7594362748663782,-11.671686822025338,1.2010492055407962,388759.8748874184,-326429.55341579433,-326395.4227711231,0.6759655408567838,0.7652315370009521,-11.671933461454108,1.132057021769222,389240.53779771493,-325632.6665286024,-325598.5358839312,-8.611943291378317,-0.744261568038069,0.35429463843339787,-11.109602232390852,0.607195708221648,1.3436136473311087,374203.08055709105,-351037.7763701801,-350980.8919623947,-34302.85609608685,-34291.4792145298,-33505.96920889494,-33494.59232733789,-58911.07905047259,-58876.94840580138
292,643115,-4.535371174694346,-0.3972409339276758,-11.41717982044641,2.517363933551889,408560.97377846215,-291765.951282565,-291743.20312489226,0.636568553675209,0.7751975953257151,-11.667481451404038,1.217775510351769,387490.81588611944,-325816.2591245686,-325782.1368880595,0.6812586192858475,0.783334551541026,-11.667342922345176,1.149834335104902,387992.40380574885,-324984.31653258,-324950.1942960709,-8.759305551166792,-0.7560714860836154,0.3272867212430984,-11.04884937415669,0.6552354525480543,1.3226262574454608,372950.26125801855,-350409.5329724761,-350352.6625782942,-34050.30784200359,-34038.93376316724,-33218.36525001499,-33206.99117117864,-58643.58168991108,-58609.45945340197
293,644906,-4.555588924987131,-0.39905508701695347,-11.415939987236877,2.5059196901241756,409973.86358808225,-292145.61477743933,-292122.86105774186,0.6295427289058619,0.7531516948794919,-11.67048139687323,1.196347222036002,389336.7954540883,-325452.1346730369,-325418.0040934908,0.6729523821174314,0.7587973573812901,-11.670200815401405,1.127564709695728,389805.5794271369,-324676.0977299829,-324641.9671504368,-8.499036675650018,-0.7348692492522962,0.3656474950293381,-11.134360292965448,0.5741926441133788,1.3607862909183708,374725.1590357582,-350117.02680621814,-350060.1425069745,-33306.519895597594,-33295.143035748915,-32530.482952543593,-32519.106092694914,-57971.41202877881,-57937.28144923266
294,644459,-4.606415482724089,-0.40340804324517776,-11.418749724641623,2.4788796771516868,409860.5896819738,-291674.3594198962,-291651.6070869279,0.6409698469716486,0.773121599005268,-11.665810127018666,1.2061746783534182,389275.14528455574,-324881.76268155006,-324847.6341820977,0.6865331167267446,0.7826875230706334,-11.665507062422812,1.1400579287454249,389770.35820533027,-324062.4409210997,-324028.3124216473,-8.614561158242175,-0.7442825626554223,0.35279153661944834,-11.074406824643109,0.6075885103997665,1.34357574686721,374847.37462603336,-349217.34593640495,-349160.4651039843,-33207.403261653846,-33196.02709516976,-32388.081501203473,-32376.705334719387,-57542.98651650874,-57508.858017056365
295,645694,-4.58118946508787,-0.40115683190792034,-11.419946267148243,2.4927906505890824,410332.204256951,-292726.9417143178,-292704.1855523452,0.6329444041604716,0.7589718610511393,-11.671193257458624,1.1991129964373866,389719.7083887175,-326003.5595257545,-325969.4252827955,0.6769163341482348,0.7654446296731787,-11.670996612832443,1.1307817392770396,390199.50261419214,-325209.1175185964,-325174.98327563744,-8.587629906897934,-0.7419470227533221,0.3565687431124816,-11.110196290544444,0.589649227916418,1.3478051253431254,375051.3057709068,-350771.57903439977,-350714.6886294681,-33276.61781143665,-33265.239730450325,-32482.17580427858,-32470.797723292257,-58044.637320081936,-58010.50307712291
296,646108,-4.539474630104345,-0.3975448476209259,-11.418773648483821,2.5154394679856042,409360.5455801792,-294860.5503874443,-294837.7929435414,0.6307519896995477,0.7626799726016186,-11.669721679340677,1.2091598362851197,388536.8286905449,-328590.77316887275,-328556.6370030184,0.6744449938159187,0.768826195133144,-11.669407317425728,1.1399390642418874,389015.5954734693,-327795.1095504174,-327760.97338456305,-8.627431373778741,-0.7451380567382649,0.3440674018353142,-11.086708869947335,0.6168933517538314,1.3420331856050363,373953.9758000198,-353303.7845898564,-353246.89098009915,-33730.22278142843,-33718.84405947698,-32934.55916297308,-32923.18044102163,-58443.23420241207,-58409.09803655773
297,645720,-4.56328054507819,-0.3995758874016078,-11.420310106179416,2.502653517215154,411082.13405529066,-291585.67830524227,-291562.92206273775,0.6349033949154972,0.7623406058101015,-11.671087103770653,1.2007190572851885,389949.22824189573,-325662.5117670411,-325628.3774032843,0.6791218581896058,0.7695404321107806,-11.671035348352593,1.1331404266124072,390447.461497513,-324838.0100084917,-324803.8756447349,-8.701408808885688,-0.7514039389937153,0.3447230644281481,-11.07806231136321,0.6214639785807211,1.3308421051654402,375348.45613972074,-350300.30778532,-350243.4171790586,-34076.833461798844,-34065.455340546556,-33252.33170324942,-33240.953581997135,-58714.62948007771,-58680.495116320846
298,645867,-4.49974910264386,-0.3942274922471923,-11.414092601696039,2.5366064510107034,411422.5247837273,-291264.4965481408,-291241.7398503824,0.6266949838268373,0.7481725526993361,-11.672233876190512,1.1938384254022758,389753.2173060256,-326208.39942921774,-326174.2643825801,0.6685135629450838,0.7501624387409468,-11.672179164929952,1.1221349577952695,390265.07740801224,-325360.7434237538,-325326.6083771162,-8.70481103282395,-0.7509645071250538,0.3340587518567654,-11.058330186426852,0.6129230317198403,1.3316208562616871,374871.8172423059,-351347.7536286093,-351290.8618842132,-34943.90288107691,-34932.52453219774,-34096.246875613,-34084.86852673383,-60083.257080468466,-60049.12203383085
299,644078,-4.621665952278662,-0.4046099611850134,-11.42252142963268,2.4715160177253677,409207.35049933445,-292148.3894429582,-292125.6382927267,0.6362271708287903,0.761608130766738,-11.67321163763273,1.1970694834906506,389237.3566941767,-324371.3301981193,-324337.203472772,0.6807911097396467,0.768949338651286,-11.672964862767017,1.1294938016234575,389694.15800767654,-323615.8961077737,-323581.7693824264,-8.45489262953811,-0.7317299885085667,0.3788937849700692,-11.175976230255346,0.5632647846926452,1.3666243227754393,374560.98643090617,-349122.26954486605,-349065.39166928723,-32222.94075516105,-32211.56518004526,-31467.506664815475,-31456.131089699687,-56973.880101907824,-56939.75337656052
300,645379,-4.5126553926048745,-0.3953956300570054,-11.413012814416465,2.529112423057956,410979.8001178953,-291251.461304328,-291228.70611828775,0.6334048259475407,0.7717746083524047,-11.665708519084319,1.2184539440441902,389966.4854442341,-325121.05805379193,-325086.9252747316,0.6771338709168463,0.777838580980027,-11.665789890385142,1.1487220096180175,390469.4019767743,-324289.28745222784,-324255.1546731675,-8.777809426994557,-0.7577061631445149,0.32242147974139374,-11.047993581028653,0.659539579157512,1.31977282044263,375210.4935651021,-350011.65977922175,-349954.7718141212,-33869.59674946393,-33858.21915644384,-33037.82614789985,-33026.44855487975,-58760.198474893754,-58726.06569583347
301,644614,-4.513515372192851,-0.3953497765044651,-11.416511758523466,2.529405755181212,407871.0190806712,-295036.27472411934,-295013.5219101853,0.62498284691296,0.7436021346990506,-11.674199855913564,1.1897960693993421,386521.1538057091,-329691.557397437,-329657.42817653593,0.667120182006464,0.7470525582319345,-11.67373554578433,1.1198170560288883,387027.43121226376,-328847.7744545997,-328813.64523369865,-8.671522268311604,-0.748073707488931,0.3410251382627263,-11.070833941661814,0.5949969898005822,1.3367666715044877,371782.6376894111,-354748.3589969111,-354691.476962076,-34655.28267331765,-34643.90626635065,-33811.49973048037,-33800.12332351337,-59712.08427279175,-59677.95505189069
302,645133,-4.518432288195731,-0.3957991965596613,-11.415971349791862,2.5265336784211074,408540.51869525586,-294734.9452826946,-294712.19085914246,0.6261296951060719,0.7523141115618277,-11.671689094410532,1.2015307969611297,387704.8313222064,-328503.58841238276,-328469.4567770545,0.6689259048637,0.7573587255601729,-11.67119134814799,1.1322012199759135,388213.24341402395,-327658.1551749056,-327624.0235395774,-8.63491472352994,-0.7451845223811057,0.3407729648854534,-11.072195671710851,0.6011414835157158,1.3419495037345601,373043.4600261298,-353369.06456314225,-353312.1785042619,-33768.643129688164,-33757.26591791207,-32923.209892211016,-32911.83268043492,-58634.11928044766,-58599.98764511943
303,644708,-4.54577346767556,-0.3981328699395672,-11.417729634746223,2.511724289812571,409012.2367506195,-293371.9399844736,-293349.1868789134,0.6300439089560689,0.7525637720327969,-11.671671789509773,1.194462419737909,387923.9910245896,-327497.97914550675,-327463.84948716644,0.6732108319558842,0.7574305489655043,-11.671367665956414,1.1251015477052502,388399.8072910649,-326707.6836718784,-326673.5540135381,-8.524042407581318,-0.7366756019357682,0.3637920451580379,-11.127797628176467,0.5712451976222774,1.3574495984016468,373246.750267525,-352360.16762864386,-352303.2848647434,-34126.03916103317,-34114.66260825307,-33335.74368740484,-33324.36713462474,-58988.227644170285,-58954.09798583004
304,644690,-4.516894749110099,-0.3956428970723819,-11.416595072307702,2.527531790409098,410117.0760186099,-291606.63619108254,-291583.88314136234,0.6280158568731462,0.7476236129266178,-11.67150466429467,1.190453401366315,388361.88126771135,-326743.5172332658,-326709.3876586855,0.6705894446266215,0.7514877067504911,-11.67131630254702,1.120637541750919,388860.3369135357,-325916.59950794413,-325882.46993336384,-8.592446941775638,-0.7417582186929262,0.3500756964408264,-11.07850607978934,0.5845296443728315,1.3481481900694394,373817.4487103936,-351347.34447678155,-351290.4618524811,-35136.88104218326,-35125.50451732316,-34309.9633168616,-34298.5867920015,-59740.70828569902,-59706.57871111878
305,645643,-4.576827481512192,-0.400844401268425,-11.417965342734883,2.4947336094395167,409841.5356802308,-293425.33380863076,-293402.5778046339,0.6368235753476261,0.7735424959214051,-11.66834125655301,1.2146888492611907,389524.5151094538,-326250.2666351821,-326216.1326291868,0.682396991060501,0.7839983727348855,-11.668144375512325,1.1488889649359204,390016.976819103,-325434.519170314,-325400.3851643187,-8.68688889345074,-0.7503378268569909,0.34232116512141064,-11.085534309191846,0.6286091718799921,1.3327330226556644,374842.83082487393,-351051.85969455936,-350994.96968456724,-32824.93282655132,-32813.554824552906,-32009.185361683252,-31997.80735968484,-57626.5258859286,-57592.39187993336
306,643875,-4.534036643124114,-0.39699057690589157,-11.421018298373689,2.5189514768685672,410000.0913377734,-290607.19476238557,-290584.4442426118,0.6287592899928975,0.7531269430844068,-11.672290318264555,1.1977985137888205,388769.14985827514,-324841.0974141567,-324806.9716344961,0.6719945688358637,0.7583620012057399,-11.67212236415797,1.1285240035786237,389239.8939175307,-324061.92814725323,-324027.80236759264,-8.431023611652838,-0.7290398374305699,0.3703876811444491,-11.144273210526011,0.5624914200267479,1.3716671554251452,374364.86510738847,-349146.48559410806,-349089.6092946737,-34233.902651771146,-34222.5273918843,-33454.733384867664,-33443.35812498082,-58539.290831722494,-58505.1650520619
307,645566,-4.502468239776701,-0.39429924144795814,-11.418911746425367,2.5361448739484467,409828.04290746996,-293334.5973641527,-293311.841598692,0.6232109287988957,0.7405440992629772,-11.677970811298675,1.1882720039749877,388453.205511172,-327912.30836727325,-327878.17471908213,0.6648688322699582,0.7425313426733761,-11.678037427203174,1.1168087698415143,388925.88474886795,-327127.2456194033,-327093.1119712122,-8.540731213057697,-0.7381899408738805,0.36415521096105363,-11.159367853840703,0.5698164070467625,1.3546648967014978,373520.3311011866,-353214.67395083257,-353157.78453718073,-34577.71100312052,-34566.33312039013,-33792.64825525059,-33781.2703725202,-59880.07658667985,-59845.94293848873
308,646952,-4.543717856822448,-0.39794174871759436,-11.418047670205542,2.512930606609124,412683.9850765276,-290859.13183890324,-290836.3717841389,0.6308234615877015,0.75331814023885,-11.671098416315484,1.194182185841416,391187.347486789,-325466.17581341823,-325432.0357312717,0.6741112618382262,0.7584729065687132,-11.67088092759465,1.1251449864528924,391681.72837528447,-324649.0768706909,-324614.9367885444,-8.59838982037747,-0.7425709811478459,0.35217887817078064,-11.087746053727377,0.5928457008434664,1.34667260825925,376705.7706054519,-349866.6035728581,-349809.70343594725,-34607.04397451499,-34595.66394713282,-33789.945031787676,-33778.56500440551,-59007.47173395485,-58973.331651808345
309,644684,-4.550655820762537,-0.39864917152200263,-11.415189459415126,2.5084712861238367,411063.9795860644,-290111.15184101247,-290088.398809906,0.6312879010452069,0.761067156052301,-11.671549007811418,1.205578555825673,390695.27070746635,-322872.620095799,-322838.4905491392,0.6757126315894045,0.7695556521636047,-11.671383446968168,1.1388800744385428,391183.33532081824,-322067.77012129955,-322033.6405746398,-8.47378634732235,-0.7332934733188038,0.37050240475656926,-11.174154783310048,0.5714089853544946,1.363710487527064,375807.487968187,-347915.16412784025,-347858.281550074,-32761.46825478651,-32750.091739233234,-31956.618280287075,-31945.2417647338,-57804.01228682778,-57769.88274016802
310,643818,-4.526062211818475,-0.3964477770477323,-11.416540774987212,2.5224003207857564,409687.2282468806,-291015.9430208142,-290993.1926781013,0.6286995546518875,0.7513153003829999,-11.672331210284263,1.1950307500997117,388352.4513968416,-325445.78255782113,-325411.6570437518,0.6715523582663789,0.7559464663174004,-11.671982449812432,1.125670183437202,388850.7006600313,-324620.3049790836,-324586.17946501425,-8.669333058914845,-0.7479524732466438,0.34100814630784343,-11.06683732237857,0.5979144253887773,1.3369833455584301,373686.32645285846,-350226.5614671653,-350169.68561038305,-34429.83953700692,-34418.46436565049,-33604.36195826938,-33592.98678691295,-59210.61844635109,-59176.49293228175
311,643790,-4.577657457975822,-0.400837899721651,-11.420221144643829,2.494774073745067,410029.1760202666,-290438.16815302474,-290415.41789729486,0.6319901383773953,0.7580326828893629,-11.672029517581349,1.199437517863136,389505.5701826775,-323494.882592094,-323460.7572084992,0.6764282348828043,0.7662376191716117,-11.671742973089517,1.132770011151837,389988.5206477722,-322697.1376871243,-322663.0123035295,-8.510384240347204,-0.7357565690189835,0.3667284777240887,-11.13677703761262,0.5738081292000903,1.3591451875629788,374944.1714994871,-348019.9428782137,-347963.06723888894,-33056.71443906927,-33045.33931120433,-32258.969534099568,-32247.594406234624,-57581.77472518897,-57547.64934159408
312,645419,-4.576610175263777,-0.40085761282713817,-11.417046923435501,2.494651387427261,410186.8009157081,-292556.074758761,-292533.3194487664,0.6339747136972681,0.760973320910597,-11.670011867520126,1.2003212501531608,389627.7974357883,-325742.00383565924,-325707.8708706674,0.6780869999396909,0.7676711415786539,-11.669898810879761,1.1321130498696046,390107.3142363821,-324948.17196043616,-324914.0389954443,-8.615639131439066,-0.7448091890674721,0.3581828078594415,-11.12638157083329,0.5991100211448441,1.3426257552649639,374778.9953227001,-350816.024635659,-350759.13636067265,-33185.92907689826,-33174.55142190098,-32392.097201675177,-32380.719546677894,-58259.94987689803,-58225.81691190624
313,644386,-4.530979482501585,-0.3969309286731577,-11.415032579213548,2.519330008731629,408738.5041523981,-293334.89505859936,-293312.14295219054,0.6274314165151157,0.7475528422440865,-11.673614071889016,1.1914494916371101,387587.0231240382,-327572.47277904087,-327538.34461942763,0.6700936445949357,0.7518097121227811,-11.67337252966126,1.1219472355647275,388079.2830454538,-326754.5812661995,-326720.45310658624,-8.545476676512736,-0.7383107336663883,0.3601011506195261,-11.12719992865913,0.5716557669014716,1.3544432640632014,372724.75360207265,-352764.0801708628,-352707.19990484073,-34237.577720441506,-34226.201667237096,-33419.68620760011,-33408.3101543957,-59429.185112263425,-59395.05695265019
314,644151,-4.611461494900158,-0.4036624188964334,-11.42405455406863,2.4773175633587217,408260.3800476827,-293746.9008780224,-293724.1495011231,0.6333801813655673,0.7582262504917691,-11.674993512671213,1.1971107919054773,388466.72802240634,-325757.6810381328,-325723.55397278385,0.6779738909203067,0.7663963166918646,-11.674533747248404,1.130421579585506,388921.897121594,-325003.3667751439,-324969.2397097949,-8.435103639802833,-0.7299491957664286,0.3801878353280123,-11.183817917284308,0.55531900554526,1.369958355731901,373836.69864862965,-350481.6437143621,-350424.76527211384,-32010.780160110386,-31999.40447166073,-31256.465897121467,-31245.090208671812,-56734.74283633969,-56700.61577099073
315,645419,-4.519160490741398,-0.39586096257291253,-11.416029661952399,2.526139464473749,410392.46713418834,-292232.5450450254,-292209.78973503085,0.6295572684828155,0.751988318957891,-11.673046221393205,1.194471665413577,388841.1428605094,-327046.41549772833,-327012.2825327365,0.6724071329204027,0.7567029205776549,-11.67250567117847,1.1253642079778932,389358.3875052421,-326188.43612998567,-326154.3031649938,-8.740093270185957,-0.7539069615607491,0.33460196174073925,-11.058327068703438,0.6142830938506587,1.326423618545431,373916.85859193763,-352302.4484475923,-352245.56017260597,-34813.87045270292,-34802.492797705636,-33955.891084960254,-33944.51342996297,-60069.90340256691,-60035.77043757512
316,644918,-4.55038432388718,-0.39847168972223007,-11.419592511225076,2.5095885750304827,410984.75674104574,-290574.80161850667,-290552.0478615948,0.629819615902243,0.7563129375437032,-11.67403952784307,1.200840555688716,390444.4589599458,-323638.00351060415,-323603.8728752364,0.6733477538336442,0.762439515532231,-11.673830635364686,1.1323116639082123,390925.66449320625,-322843.659984999,-322809.5293496312,-8.49806797442257,-0.7348968215914088,0.36781142529886723,-11.153838473373138,0.5756520756315542,1.3607352360492102,375729.4916687561,-348409.3547289101,-348352.47033663053,-33063.20189209748,-33051.82501364156,-32268.85836649232,-32257.4814880364,-57834.553110403416,-57800.42247503571
317,645079,-4.5101766166295105,-0.39507279679278445,-11.416064718308348,2.5311790842549446,409894.74213265785,-292521.5156643447,-292498.7614082069,0.6268782946571471,0.7516242247686937,-11.673465527117376,1.1989954528251339,388584.53223092714,-326960.0692523143,-326925.9378681076,0.66943814032124,0.7555887414545022,-11.673249162693802,1.1286909065144113,389084.69371546863,-326130.29817739275,-326096.16679318604,-8.681278645811526,-0.7493246026301453,0.3406768216920633,-11.090456068025262,0.6073681781999694,1.3345351220151835,373668.0304586674,-352206.3631124752,-352149.47747213073,-34438.55358796957,-34427.176459900686,-33608.782513048034,-33597.40538497915,-59684.84744813049,-59650.71606392384
318,646241,-4.537096994258309,-0.3974412582444789,-11.415767488002954,2.516095093944343,410340.1125535425,-293509.70568440645,-293486.94782885,0.6299012715327921,0.7597877776127621,-11.667483420558511,1.206201371468748,389607.6712262585,-327012.77928878256,-326978.64250544796,0.6733853701522796,0.7656404845835214,-11.667464038440293,1.1370019583442676,390090.16621603444,-326212.96154012217,-326178.82475678757,-8.5744098448234,-0.740906394825695,0.3507750942331589,-11.09691093836926,0.5995490857150789,1.3496981629309046,375045.76659607404,-351625.5199338278,-351568.62529493676,-33503.07360437611,-33491.69467659795,-32703.255855715717,-32691.876927937556,-58115.81424942135,-58081.67746608675
319,645589,-4.516566500593841,-0.3956785145139284,-11.414737810927695,2.527304271823935,410757.67466789146,-291905.2879755796,-291882.53213886486,0.6249101235643719,0.7445546559219065,-11.673341468499544,1.1914587839849742,389774.4610447259,-325754.8598062627,-325720.7260511906,0.6674538480858481,0.7493116056918341,-11.672707520909615,1.122641824360952,390273.59293532127,-324928.6694184996,-324894.53566342744,-8.632651753033349,-0.7452012809784005,0.34761677393369994,-11.092884177303862,0.5876713331760102,1.3419193250541188,374996.0592584539,-350704.6497395365,-350647.7601477496,-33849.5718306831,-33838.19391232572,-33023.381442919956,-33012.00352456258,-58799.3617639569,-58765.22800888476
320,642225,-4.574547976322943,-0.40052039601812767,-11.42151066912432,2.4967517508265415,408213.31266485015,-291019.5180351157,-290996.77264713857,0.633086173981226,0.761615884641845,-11.671279736805863,1.2030208776355784,387887.3977396512,-323819.01697988703,-323784.8988979213,0.6777291971524658,0.7702101436931018,-11.67065952668282,1.1364570789176593,388352.2298252251,-323049.85547037405,-323015.73738840834,-8.48338568152595,-0.7332341550340066,0.36641558190193685,-11.118568635386247,0.5756610940697272,1.3638208110390344,373630.7613075176,-347864.44544241397,-347807.58197247115,-32799.49894477136,-32788.12625078275,-32030.337435258378,-32018.964741269767,-56844.927407298295,-56810.80932533258
321,645099,-4.511544791190219,-0.3952495835663933,-11.414420100033775,2.5300469414208044,409923.19456917717,-292505.80806971184,-292483.0537515671,0.6262305142996059,0.7492327776490012,-11.672643671201447,1.196416911250268,388831.5554878691,-326580.24754510686,-326546.1160678897,0.6691293226292159,0.7542794861073517,-11.672144949281119,1.1272551666747388,389311.27273516153,-325784.85332057124,-325750.7218433541,-8.58066373122517,-0.7412356337987084,0.354728604002628,-11.128387124257126,0.5774768672724744,1.3490986595924532,373795.7585983399,-352016.8118497968,-351959.9260544349,-34074.43947539502,-34063.06231632264,-33279.0452508594,-33267.668091787025,-59511.00378008495,-59476.87230286782
322,645205,-4.513336401278269,-0.39530124369415426,-11.417460666453787,2.529716301053945,410812.4321912753,-291261.7672687695,-291239.01262202003,0.6203923504074177,0.7303013127106633,-11.679258536404856,1.1771604086205565,389475.9686739949,-325671.50201606296,-325637.37004593876,0.6621690056192994,0.7338840251392577,-11.67836467374587,1.1083031958780465,389970.8554602213,-324852.1941122347,-324818.0621421105,-8.57970883709969,-0.7402167033077487,0.35738597665122457,-11.12056752098677,0.5453785023520504,1.3509557343564094,374569.3316735505,-350846.78740727535,-350789.9007904017,-34409.73474729346,-34398.35742391873,-33590.42684346519,-33579.049520090455,-59585.020138505846,-59550.88816838164
323,642992,-4.583839377974587,-0.40135132629295267,-11.42101465145968,2.491582647144622,408068.22573143436,-292363.1134838914,-292340.3657087685,0.6356936175587012,0.756672387298097,-11.674155126247951,1.1903098700345602,386845.64867019485,-326702.4208556948,-326668.29919301043,0.6797457484210876,0.7630450769267891,-11.673982919369596,1.1225448319451634,387334.5852658859,-325890.2524547103,-325856.13079202594,-8.599980399884585,-0.7431237313172337,0.3637713906519724,-11.12245742393436,0.5850783037747669,1.345670926465283,372223.9600486321,-351472.93898772134,-351416.06954991404,-34339.307371803385,-34327.93348424195,-33527.138970818894,-33515.76508325746,-59109.825503829925,-59075.70384114556
324,644527,-4.5281552248508605,-0.39663739320291824,-11.416359885499432,2.521194464104406,410282.7403593594,-291109.62725420296,-291086.8747102161,0.6282668683929492,0.7581264711702778,-11.673318789323973,1.2066949720100597,389900.2266791783,-323949.9228930218,-323915.7940770415,0.6716687328228246,0.7641210007928076,-11.67327847085141,1.1376456331105864,390373.7034371501,-323167.7140300502,-323133.5852140699,-8.471265301322624,-0.7330612918193089,0.36845618366208766,-11.178367027942775,0.5771853856540681,1.364142413683041,374972.1074402987,-349107.76347239414,-349050.88211242703,-32840.29563881882,-32828.91936682537,-32058.086775847245,-32046.7105038538,-57998.13621819118,-57964.007402210904
325,644155,-4.557130763905518,-0.3990417194741958,-11.420186265010837,2.5060036362054254,409825.2067057991,-291288.4543647568,-291265.7029754381,0.6309091825367529,0.7496228706287105,-11.67426151089883,1.1881628788705132,388566.57308084075,-325598.1622861899,-325564.0352022118,0.6735522598832782,0.7528904465801203,-11.674324987651595,1.117790691861966,389054.15264299687,-324790.37297803373,-324756.24589405564,-8.683016207674664,-0.7494748048908335,0.3472540878473956,-11.08579076144598,0.5987812975436606,1.3342676678046,373785.1649372515,-350576.62362654536,-350519.7451532486,-34309.70792143309,-34298.332226773724,-33501.91861327691,-33490.542918617546,-59288.16926178854,-59254.04217781051
326,645441,-4.5201074188823,-0.39600277853155896,-11.414332585350977,2.5252348069580686,412043.3880849319,-289673.2444370187,-289650.48905885254,0.6235962485200698,0.7403593183579614,-11.67390740471186,1.1872414564952818,390853.7735256813,-323747.3958830713,-323713.2628158221,0.6652827846533589,0.7424940286963937,-11.673757943988495,1.116057781478992,391337.77986499324,-322948.62076419115,-322914.48769694194,-8.570849489911884,-0.7404137507024533,0.35647284054456047,-11.123901325986498,0.575305261342621,1.350596202530368,376089.39202373516,-348597.1661831831,-348540.2777377677,-34074.151446052594,-34062.773756969546,-33275.376327172446,-33263.9986380894,-58923.921746164386,-58889.78867891518
327,644581,-4.515015714619522,-0.395522056233398,-11.415332327143865,2.5283040079309735,411019.1703128508,-290032.0772276804,-290009.32451613585,0.6307444054844611,0.7573047762367361,-11.669893254479684,1.200652387324889,389501.1755799113,-324691.1139513476,-324656.9848840307,0.6738467900403657,0.7622911073083762,-11.66967480680616,1.131252858328096,390010.16578110086,-323849.3418254222,-323815.2127581053,-8.81184183971773,-0.7600480452631302,0.32361937276017816,-11.039902838846613,0.6390801184106737,1.3157062980851402,374696.7387087827,-349664.5512933461,-349607.66951448465,-34659.036723667174,-34647.66036789486,-33817.26459774177,-33805.88824196946,-59632.47406566568,-59598.344998348795
328,644502,-4.52335828282187,-0.396253908164436,-11.415302637077797,2.5236344157015194,409782.9824343711,-291858.8706388537,-291836.11817244464,0.6290207769743695,0.7540605251879137,-11.670586003142787,1.1987847664030962,388626.15377766266,-326021.8386354808,-325987.70993586717,0.6721079574684049,0.7591694027435817,-11.670321836310762,1.1295349122231892,389119.0990316961,-325204.8506988523,-325170.72199923865,-8.640084916278356,-0.7462529226912862,0.34769369955081497,-11.097883574212283,0.6018794691738376,1.340028252611193,373807.7942733154,-351073.5570296756,-351016.6758636529,-34162.96799662709,-34151.59176342253,-33345.980059998576,-33334.60382679402,-59214.68639082188,-59180.55769120826
329,644448,-4.536925274901164,-0.3973324962641675,-11.418460150022005,2.5167838256429635,409076.9448837356,-292891.7314007362,-292868.97910190537,0.6286256244541122,0.7548975107113238,-11.670698851813128,1.2008697726359214,388244.0290785985,-326574.5030078529,-326540.37455960666,0.6717387201130262,0.7598010034554861,-11.670448187062332,1.1310960358629358,388716.2653395219,-325791.1122643582,-325756.983816112,-8.484314104670004,-0.7334389122960402,0.3626419697208723,-11.124237287998033,0.5792941890748808,1.3634400673799631,373689.2860072687,-351194.4852479336,-351137.60450085654,-33682.77160711668,-33671.39545770129,-32899.380863622006,-32888.00471420662,-58302.7538471974,-58268.625398951175
330,645342,-4.543827107527772,-0.3979054723506413,-11.419363198713869,2.513159706229882,409445.54096252023,-293611.4467110655,-293588.69163968985,0.6289415457613917,0.7517468400187313,-11.67193780308754,1.1952570872205182,388632.7581536397,-327276.3413178125,-327242.20871074905,0.6719191350156644,0.7560149835689526,-11.671931907324378,1.1251576926013986,389084.2664123461,-326527.0269368177,-326492.8943297542,-8.350481127839602,-0.7227074533631597,0.3805129352936625,-11.167789912128676,0.5489323710449336,1.3836857435833045,374327.4305057439,-351475.2052385386,-351418.31756009953,-33664.894606747024,-33653.51707105921,-32915.5802257522,-32904.20269006438,-57863.75852747314,-57829.625920409686
331,646178,-4.5392244573888725,-0.3977376598853777,-11.412609152216092,2.514220052202715,410424.29913839535,-293285.5368462756,-293262.7791857024,0.6309607576841201,0.7600958836338062,-11.667606943396006,1.2046642748808405,389515.05307289335,-327071.5310486402,-327037.3945577804,0.6748641667247413,0.7671959992210587,-11.66719375402463,1.1368154319771095,390017.4485134336,-326238.62946913275,-326204.49297827296,-8.680742982505581,-0.7494368421883247,0.33878715866440456,-11.074679100991792,0.6110622297132378,1.3343352550964016,374575.61222751014,-352338.79488640936,-352281.90073497634,-33785.994202364585,-33774.61537207803,-32953.09262285713,-32941.713792570576,-59053.25804013375,-59019.12154927396
332,644610,-4.557019113846341,-0.3989373069882624,-11.422895362304178,2.5066595238971274,407543.93511523237,-295547.5833489338,-295524.8305474103,0.6289828432804702,0.752698006213626,-11.674467544730904,1.1966908386370563,386860.07030533056,-329120.5405571882,-329086.411354903,0.6723615035716493,0.7582310754209903,-11.674093370421266,1.1277133973215208,387322.3537312718,-328350.71539618954,-328316.58619390434,-8.451328993882381,-0.7305770816764472,0.36927000300331936,-11.145827896011403,0.5622436520821613,1.3687809610798507,372343.6759469973,-353770.14271969866,-353713.26071589,-33572.95720825443,-33561.58080749272,-32803.132047255756,-32791.75564649404,-58222.55937076488,-58188.43016847968
333,645030,-4.537136871800635,-0.39728489069120726,-11.420361000658238,2.5170854050355964,410191.08584230754,-291984.12521721434,-291961.3711130017,0.6289922645163684,0.7482048445650478,-11.675625003130197,1.189529485136581,388666.7553083778,-326749.76330229855,-326715.63214597956,0.6717484591061268,0.7522930002438069,-11.675244924907881,1.119902829765859,389152.67699638585,-325943.8330460624,-325909.7018897434,-8.675447652045126,-0.748603855652974,0.34595708931136376,-11.084997575796015,0.5961248783726871,1.335819996716079,373932.50723548135,-351674.22940195946,-351617.34414142783,-34765.63808508421,-34754.26103297784,-33959.70782884804,-33948.33077674167,-59690.10418474511,-59655.97302842612
334,646035,-4.573705965950793,-0.40064663547307866,-11.415810245230729,2.495965051145911,409611.1807047198,-294358.8190645122,-294336.0618465905,0.6331810782314027,0.7632755432532276,-11.66775321347684,1.2054617067604165,389407.7019602187,-327034.2372589243,-327000.1014320417,0.6778179908937944,0.7718620039363723,-11.667342366027496,1.138745229996873,389890.8799838619,-326233.13236348215,-326198.99653659953,-8.568860909226078,-0.7408307109732051,0.3588322202709064,-11.119885743113832,0.593520364505459,1.3498360491647716,374693.5776679076,-351914.41111817496,-351857.5180733706,-32675.41819441208,-32664.039585451188,-31874.313298969937,-31862.934690009046,-57555.59205366275,-57521.45622678014
335,643889,-4.542627023843795,-0.39775719314482744,-11.420603076786541,2.514096582625194,408050.4519679524,-293696.6486385561,-293673.8980752961,0.6318175614509252,0.7586663959265096,-11.67188781443104,1.2007681365872214,386966.24064011144,-327855.128582343,-327821.00273745303,0.6754390506554535,0.7645591414288557,-11.67143590126827,1.131943941776714,387445.3700083194,-327058.37872764433,-327024.2528827544,-8.59215556672931,-0.7419612214018677,0.35232298071473156,-11.088334579716603,0.5960642194032864,1.3477793328748255,372586.9241543074,-352233.33239338774,-352176.45598523784,-34158.47994378692,-34147.104662156955,-33361.73008908826,-33350.354807458294,-58536.68375483167,-58502.55790994177
336,644768,-4.529483153404718,-0.39683811456170515,-11.413931744956972,2.519919239875604,410219.1621329063,-291559.4470886849,-291536.6937970026,0.6291463554382755,0.7489951420033938,-11.672197553894017,1.190494287265845,388721.1812523487,-326264.81189650175,-326230.6819589783,0.6717192569094655,0.7526136590050988,-11.67182744991595,1.1204288864187442,389226.81375805405,-325426.6692251731,-325392.5392876496,-8.707832001384002,-0.7513487965968958,0.3400200797610254,-11.072579347875683,0.6010332291299191,1.3309397772769807,373703.7397835115,-351664.01667561906,-351607.1334464133,-34705.36480781686,-34693.98816197569,-33867.222136488184,-33855.845490647014,-60104.56958693417,-60070.43964941072
337,645297,-4.496487482266454,-0.3939147309286737,-11.414875172770918,2.5386204715991454,408748.1841395707,-294645.96413426864,-294623.2092023588,0.6270618365278058,0.7543103457129973,-11.670849984410953,1.2029281671641787,387092.4752673316,-329771.13291295996,-329737.00051509525,0.6701195135054303,0.7600330735135679,-11.670503586544633,1.1341754093054164,387617.0872950174,-328897.1779865338,-328863.0455886691,-8.822383895540241,-0.7605865636365575,0.3173146254659273,-11.037757514918573,0.6379798173334089,1.314774738089963,371991.5726203774,-355445.0614478031,-355388.17411802855,-35125.168778691324,-35113.79131273646,-34251.21385226515,-34239.836386310286,-60799.09731353447,-60764.964915669756
338,644538,-4.526773591418395,-0.39636392586485525,-11.420750719281777,2.5229339370832684,410143.2620179389,-291344.7479454452,-291321.9953673251,0.6276321313457022,0.7451803108639032,-11.676067537378715,1.1872883392157867,388456.4126416588,-326357.62844093045,-326323.4995737503,0.6698080571342261,0.7478662045835275,-11.675966733449183,1.1165380837359187,388943.7586492912,-325549.5168046958,-325515.3879375157,-8.619892497633524,-0.7443759529468355,0.3546444640673158,-11.109052121659879,0.5896029879368965,1.3434071802577718,373828.44036628027,-351093.5704997388,-351036.6890544385,-35012.88049548527,-35001.50420642522,-34204.768859250646,-34193.3925701906,-59748.82255429361,-59714.69368711341
339,643668,-4.546892167025547,-0.39816525374496237,-11.4196106371903,2.511520004808185,407214.2435159603,-294695.2881213942,-294672.53824470576,0.6312368754411173,0.7681421516326972,-11.670657895521307,1.216884154772974,387170.7824474946,-327181.49696712865,-327147.372152096,0.6759919426829896,0.777419180311753,-11.670172456278884,1.150042080718007,387646.13715999026,-326391.708701726,-326357.58388669335,-8.528840221218074,-0.7376924703275825,0.3602628947049763,-11.148285136849955,0.5981077717985196,1.3555784289840132,372492.884911772,-352053.9503278791,-351997.07563615806,-32486.20884573448,-32474.833907390246,-31696.42058033182,-31685.045641987585,-57358.662206484936,-57324.53739145229
340,644089,-4.575994318042076,-0.4006005399057547,-11.42283612278362,2.4962522522692057,409757.6538880525,-291298.7880053686,-291276.03682098,0.631487500409683,0.7542506032369546,-11.675601068954657,1.1944030606268974,389499.3062554407,-323954.55600126076,-323920.42922467785,0.675335829478088,0.760894082066219,-11.675200782418504,1.1266899353677888,389967.5340142484,-323180.7440322671,-323146.61725568416,-8.483762917672227,-0.7335269757277018,0.3726608710161268,-11.154782887114951,0.5642730150136317,1.363276379860388,374968.39294051164,-348439.0434523163,-348382.1654913448,-32655.76799589215,-32644.392403697828,-31881.956026898464,-31870.58043470414,-57140.2554469477,-57106.12867036479
341,643974,-4.517949421018202,-0.3957026895717048,-11.417535286172248,2.527149868711699,408861.58650343446,-292541.5861912087,-292518.83536394546,0.6271635357308507,0.7494310770380177,-11.673174151800827,1.1949532049319247,387698.21940856177,-326766.4356141446,-326732.3093732498,0.6698225164072662,0.7536224248377315,-11.672915166602266,1.12510763131694,388174.6997573771,-325975.47877793387,-325941.3525370391,-8.577384957532843,-0.7410659965708413,0.3573048140310681,-11.125281479416932,0.5815329537539892,1.3494074814218064,372841.1133679733,-351925.6504961333,-351868.7734279753,-34224.84942293592,-34213.474009304366,-33433.89258672518,-33422.51717309363,-59384.06430492463,-59349.93806402985
342,644252,-4.552235284836997,-0.39866030118282686,-11.418832703759303,2.5084012554874304,408956.7082195094,-292796.068591053,-292773.31690058723,0.6272445953972124,0.7461270759673685,-11.674860723598995,1.189531295195731,388230.14055138023,-326302.2548749475,-326268.1273392488,0.6701767607664375,0.7511152743348322,-11.674452410922086,1.1207718893084722,388703.70359112247,-325516.875333141,-325482.7477974423,-8.446846695059513,-0.7304051254767672,0.3738010494180059,-11.16203930096388,0.5503132741403027,1.3691032074114438,373603.3350376987,-351039.90024008503,-350983.02101392054,-33506.186283894465,-33494.810438661545,-32720.806742087996,-32709.430896855076,-58243.831649032014,-58209.70411333331
343,644521,-4.525618843079813,-0.39637242189633126,-11.417592630254838,2.52287985933982,409102.924578451,-292956.9823717129,-292934.22984634445,0.6271613534706911,0.7531162219643405,-11.675182623460376,1.2008332748767427,388476.909768189,-326298.0130424511,-326263.8842543984,0.6701013773842954,0.7580576767455225,-11.674931103057636,1.1312581981319898,388949.87988703576,-325513.78688602045,-325479.65809796774,-8.562393287569652,-0.7404298445764819,0.36251585037440004,-11.162643600502753,0.5869323029983619,1.350566846170267,373472.9552210523,-351680.4969524146,-351623.6156389935,-33341.0306707382,-33329.65440805396,-32556.80451430753,-32545.428251623292,-58723.51458070171,-58689.38579264906
344,644653,-4.513180899898249,-0.39522527496305065,-11.41926183825208,2.5302025537043127,408566.00638271845,-293995.611680568,-293972.85874563496,0.6250918073006809,0.7455051174719275,-11.677192728568842,1.1926330000887782,387570.7634662686,-328002.30394253694,-327968.1745401374,0.6671313198509266,0.7483186819318662,-11.677183787740443,1.121696223314896,388045.9339321362,-327212.42898063024,-327178.2995782307,-8.509375884618954,-0.735486992682526,0.36499108171766903,-11.15250907097758,0.569725463102438,1.3596433518867836,372794.50030863704,-353056.68626301934,-352999.80392568675,-34006.692261968914,-33995.31579450244,-33216.81730006222,-33205.44083259575,-59061.074582451314,-59026.945180051785
345,643404,-4.551969730636221,-0.3986112114722004,-11.419572755679201,2.5087101697583365,408791.3920571205,-291823.36876958486,-291800.6197133634,0.6321738462585161,0.7563330591748392,-11.672711643602135,1.1964004263244234,387756.8444313583,-325810.16850919055,-325776.0449248583,0.6760487465118209,0.7631178467296459,-11.672303190218333,1.128791156949956,388251.61962560285,-324989.71255552536,-324955.5889711931,-8.550156455149407,-0.7386501271660354,0.35949571851814804,-11.104849440191076,0.584989521423598,1.3538209271508292,373368.718289263,-350134.5613935003,-350077.6887529466,-33986.79973960569,-33975.425211494905,-33166.343785940495,-33154.96925782971,-58311.19262391544,-58277.069039583206
346,644311,-4.528436377948096,-0.3965507956875033,-11.419561950688083,2.5217450346210804,410102.67675030616,-291078.9379639399,-291056.18609032437,0.6331965633255019,0.7637424506151083,-11.671509553206388,1.2061696080660782,388677.88562767353,-325648.48611197114,-325614.3583015478,0.6765897290075522,0.7686379888783375,-11.671631494478117,1.1360473798586999,389169.12853026233,-324834.6673477956,-324800.5395373723,-8.713732561695837,-0.7522595488975465,0.3369738427477969,-11.070280002027685,0.6359977236263807,1.3293284232357339,374034.0567953997,-350388.66300818184,-350331.783324143,-34569.54814803123,-34558.17221122346,-33755.72938385571,-33744.353447047935,-59309.72504424193,-59275.59723381861
347,645091,-4.539907646417605,-0.39764072778270615,-11.417109287905923,2.5148329387085764,410535.49797486543,-291531.3253734593,-291508.57108011714,0.6315658042272886,0.7597462735323642,-11.669700719298076,1.202956633255188,389349.80171541247,-325708.97359237965,-325674.84215236636,0.6750035857822159,0.7652223205214806,-11.669640748988531,1.133656674778574,389845.48360362445,-324888.229488541,-324854.0980485277,-8.663805354368284,-0.7480677503771513,0.34035126533202215,-11.068593124018633,0.6222338606944842,1.3367773166211652,374928.1676674747,-350053.10639167257,-349996.2206583171,-34177.64821892034,-34166.27107224922,-33356.90411508171,-33345.52696841059,-58521.78101821325,-58487.649578199955
348,644493,-4.554029833783432,-0.39881949723481264,-11.418774321111387,2.5073999815290646,410451.60932056,-290795.05798611976,-290772.30554763944,0.6290991158339196,0.7488934638178459,-11.673260720613463,1.1904220574608972,389656.85403500556,-324301.2475598373,-324267.1189021168,0.6722074961079127,0.7539992995865079,-11.672912117498663,1.121676422759595,390140.31732762145,-323502.09424352937,-323467.96558580885,-8.529329399523983,-0.7368622955812227,0.3623093206996332,-11.119811413996738,0.5686302220881061,1.357105670892306,375073.39239977393,-348881.2851224364,-348824.40402623557,-33506.18957371754,-33494.813354477345,-32707.036257409607,-32695.660038169415,-58086.22713631665,-58052.098478596134
349,644915,-4.507489296318903,-0.39485357058309384,-11.415597153300498,2.532584417365824,407804.90150346584,-295579.6647574336,-295556.9110098253,0.6226445517821197,0.7462927225967955,-11.672082757559764,1.1985854858293912,387082.30632566544,-329210.968203526,-329176.83758211357,0.6649002104867521,0.7501436300524611,-11.67184572578513,1.1282048316743727,387560.06625298253,-328415.4667089025,-328381.3360874901,-8.530317020229601,-0.7371654439478417,0.3565548987327511,-11.133325072902425,0.5764713811209047,1.3565475812926946,372325.48872416856,-354274.10927257506,-354217.2249035543,-33631.30344609241,-33619.92657228827,-32835.80195146892,-32824.42507766478,-58694.444515141484,-58660.313893729006
350,645058,-4.541048292939263,-0.3978339186495672,-11.414432204156164,2.5136117186650746,408734.3834203787,-294319.65797986905,-294296.90378884063,0.6311162718544667,0.7652709256160726,-11.666086616861932,1.2125672554241185,388286.7423811893,-327422.9520375454,-327388.82075100276,0.6753667157069219,0.7730418971563773,-11.665651277516579,1.1446254000646399,388760.15967235714,-326636.9463331697,-326602.8150466271,-8.519974068183405,-0.7367430840958321,0.3562533380669991,-11.118467796875402,0.5967915564924607,1.3573252624790497,373699.4023094717,-352119.7428263522,-352062.85734878114,-33103.294057676336,-33091.916962162126,-32317.288353300653,-32305.911257786443,-57800.084846483136,-57765.953559940506
351,645157,-4.552981021301079,-0.3985865577731375,-11.422816280453912,2.5088653405345585,410378.74581902655,-291873.5392939709,-291850.7847960169,0.6291465920000564,0.7478355558673287,-11.675569868502732,1.1886507300150195,389064.6929940969,-326280.902655278,-326246.7709083469,0.6725282709630668,0.7537109345982883,-11.675017773453003,1.1207126408514652,389543.32087763195,-325487.71747646667,-325453.5857295356,-8.5485475624832,-0.7382789415886833,0.3629414053193811,-11.119801216888666,0.5656049032401071,1.3545015896676207,374520.005284697,-350857.65242272103,-350800.766177836,-34407.36336130707,-34395.98611233005,-33614.17818249576,-33602.80093351874,-58984.11312875012,-58949.98138181912
352,643569,-4.549985093144561,-0.3984869700288336,-11.418152751181136,2.5094923428177394,409198.5443475441,-291422.5590900174,-291399.8095209646,0.6320312684808492,0.7653673476785957,-11.671366724799208,1.210964371301175,389030.3580084653,-323948.5282166286,-323914.40386304946,0.6758237449918489,0.7714557905734336,-11.671659720456281,1.1415044178164206,389492.1078137961,-323185.1131365024,-323150.98878292326,-8.35133732241896,-0.7237207591155623,0.381340195508273,-11.204710776758885,0.5647357818588816,1.3817483986808259,374417.12453022326,-348584.7898880018,-348527.9159653699,-32525.96912661119,-32514.594342084834,-31762.55404648499,-31751.179261958634,-57162.230797984404,-57128.106444405275
353,644609,-4.548319983068627,-0.3982703527769724,-11.420182173629284,2.5108572431450615,409703.5988135886,-292139.2209719366,-292116.46817351575,0.6317488639340654,0.7562738975909028,-11.671724589280768,1.1971116067884753,388585.49013352214,-326250.42631774186,-326216.2971201106,0.6755981936022855,0.7630332351015703,-11.671293174250739,1.1294187023104394,389083.2792619535,-325425.1922110322,-325391.06301340094,-8.641602121344436,-0.7458217820742841,0.3446621960120398,-11.067470456908696,0.603172022113204,1.340802888886932,374214.09651911893,-350538.5894592556,-350481.7074632036,-34111.20534580527,-34099.82894659485,-33285.97123909561,-33274.59483988519,-58399.368487319036,-58365.23928968783
354,645978,-4.546379917308933,-0.39823825842250904,-11.416230914924984,2.511059595231191,410535.5000640687,-292819.7926351021,-292797.0355936492,0.6298115525065457,0.7477217345000319,-11.67220540462042,1.187215019356541,389195.2641627661,-327300.8883751737,-327266.7528129943,0.6726601655305855,0.7518993731760776,-11.67218733650545,1.117799762355467,389682.3292762566,-326492.9735203992,-326458.8379582198,-8.545455628129993,-0.7384215923489683,0.3618041657351172,-11.119538803498493,0.5722589256810926,1.35423992250678,374485.7454273227,-352184.7688310119,-352127.8762273796,-34481.095740071556,-34469.7172193451,-33673.18088529707,-33661.80236457061,-59364.97619590978,-59330.840633730404
355,644447,-4.519126379299576,-0.3959114893191555,-11.41448657393365,2.52581707522479,407483.2704961638,-295405.8047620824,-295383.05246635503,0.625048804958033,0.7463872244376107,-11.672123964032798,1.1941263122448886,386608.8008803889,-329293.04689655395,-329258.9184529629,0.6672133019448562,0.7494814348760788,-11.672121908467297,1.1233010983015772,387093.64011099277,-328485.36370469665,-328451.2352611056,-8.513385366488937,-0.7356636816842017,0.35896478382275326,-11.124509329687502,0.5739842351150005,1.359316797739201,371959.5180637061,-354182.94242375257,-354126.0616844341,-33887.24213447154,-33875.86598660785,-33079.55894261424,-33068.18279475055,-58777.13766167016,-58743.009218079096
356,645302,-4.558422621093493,-0.39928816185691846,-11.416373077263847,2.504456919908238,408703.98633463006,-294723.02727355686,-294700.2723261503,0.632053210002077,0.7560607515863891,-11.669082414914836,1.1961979460303738,388037.08290405065,-328205.899483417,-328171.7670623072,0.6762138533718458,0.7635416306198293,-11.668686239330754,1.1291422481401936,388517.16155123065,-327408.02669381694,-327373.89427270717,-8.498041077898252,-0.7346139518229432,0.3654078071783591,-11.119050862992085,0.5719532055965313,1.3612591994999574,373593.49211867247,-352679.89679691114,-352623.0094283949,-33482.87220986013,-33471.49473615689,-32684.99942026008,-32673.621946556843,-57956.86952335428,-57922.73710224457
357,646008,-4.526400717807447,-0.3965876269172841,-11.413368472918885,2.521510839289419,411134.31105755706,-291921.80553362163,-291899.04839928844,0.6283198067023361,0.75370876737215,-11.67068925515131,1.199562323727949,390356.1687139232,-325422.0236560526,-325387.88795455283,0.6714317387394028,0.7588458682797399,-11.670465731905443,1.1301906426176027,390836.3672551681,-324627.8221653292,-324593.6864638294,-8.437710477228475,-0.7300441124077476,0.37067144853016554,-11.159705658712824,0.5653438568820052,1.3697802406787651,375674.2138466849,-350184.200447789,-350127.307611956,-33500.21812243096,-33488.83955526439,-32706.01663170755,-32694.63806454098,-58262.39491416735,-58228.25921266759
358,645711,-4.5231812878409405,-0.39619210485802475,-11.416636607288831,2.5240280857145034,411204.4219559646,-291380.5579444173,-291357.80172978883,0.6337384839461944,0.7651430547647035,-11.670133891786495,1.207348258228335,390084.94345610146,-325424.2830219721,-325390.14870002936,0.677461577045335,0.7711070888256485,-11.670032434777246,1.1382299970261587,390577.54954937083,-324609.3822981428,-324575.2479762001,-8.695951791044273,-0.7509704304704232,0.342042521658083,-11.084228311073005,0.6246884647104899,1.3316103529849765,375213.2045002743,-350519.1402312609,-350462.2496946897,-34043.72507755482,-34032.34697024053,-33228.82435372553,-33217.446246411244,-59138.58228684362,-59104.44796490087
359,644655,-4.549642021954275,-0.3985854543629539,-11.41447077948647,2.5088722858646895,409874.8016145304,-291936.7446201882,-291913.99167905026,0.6299251611286732,0.752628115182916,-11.670478005734285,1.1947897331714592,389253.46806153073,-325212.50027981715,-325178.3708681103,0.6731942949729401,0.7579405238264708,-11.670255622015054,1.125886730601211,389727.7985746754,-324427.4247257841,-324393.29531407723,-8.499299529643244,-0.7347406912028689,0.3657364209396959,-11.13225398987211,0.5671720206709252,1.361024388567436,374550.48321457783,-350030.37682717736,-349973.4944743326,-33275.75565962895,-33264.37918906001,-32490.680105595908,-32479.30363502697,-58093.63220698916,-58059.502795282344
360,643380,-4.5637512725736045,-0.3995546423312621,-11.422095475967208,2.502786588000451,409207.9046356099,-291133.28526042897,-291110.5362788121,0.6344846662203898,0.7618142803069431,-11.672292689804522,1.2006819405818785,388151.6617032054,-325119.25386385,-325085.1303914247,0.6785109566487216,0.7683053924175928,-11.672228401908702,1.1323404359045,388642.83353557397,-324305.6276665455,-324271.5041941202,-8.704124393685136,-0.7512571523665382,0.34149007179713103,-11.068710751547355,0.6194173988186101,1.3311021357332784,373707.91296408034,-349513.27411461796,-349456.40166057576,-33985.96860342106,-33974.5941126126,-33172.34240611654,-33160.96791530808,-58379.988854188996,-58345.865381763666
361,645928,-4.5746072007710925,-0.4007143597299096,-11.41612994317069,2.495543211064416,410902.0148490569,-292170.7199567481,-292147.9630701052,0.6336693169646223,0.7638116222047958,-11.66924515428873,1.205378896777859,390775.2185556628,-324608.6925116141,-324574.5571816498,0.6780925916141847,0.771561124390174,-11.668734016465756,1.1378403686043663,391244.08488452865,-323834.14915947855,-323800.0138295142,-8.440197802664224,-0.7304962676231952,0.3752108977113133,-11.166356810517172,0.5665704153090794,1.3689323879144313,376030.1858379224,-349449.0757034116,-349392.18348680437,-32437.97255486605,-32426.594111544604,-31663.429202730476,-31652.05075940903,-57278.355746663525,-57244.22041669919
362,643075,-4.535416836728193,-0.39697467564969907,-11.424952559770752,2.5190523762337587,408985.9944978747,-291039.17031602224,-291016.4222827479,0.6315453958234994,0.7481612309005864,-11.67778807933706,1.1846515481678503,386830.44267804164,-326852.8773145851,-326818.7552646736,0.6747709900224009,0.7534123990270933,-11.677185571157112,1.1165453319237713,387337.39199657657,-326010.66593608854,-325976.54388617707,-8.7540784655839,-0.7546295732054722,0.3377194382178796,-11.046032984746676,0.6075122015286893,1.3251534733157322,372248.7433874879,-351558.4995179547,-351501.62943476887,-35813.70699856285,-35802.33298192569,-34971.4956200663,-34960.12160342914,-60519.32920193247,-60485.20715202094
363,642978,-4.570180748249831,-0.40019021161699087,-11.42002131882177,2.4988117424447847,407919.54980826256,-292577.05370125896,-292554.30596968293,0.6308591640407,0.7551581436513033,-11.674058414463072,1.19703126576534,387537.57943523413,-325532.27339098434,-325498.1517936203,0.6743949392825448,0.7610196217904105,-11.67375420620779,1.1284480019971996,388014.67485751247,-324741.1934929531,-324707.07189558906,-8.56294629898977,-0.7403231880290719,0.36451649440366307,-11.145846540356168,0.5837309305587837,1.350761419025998,372857.8906224078,-350357.16882230935,-350300.2994933693,-32955.219689725374,-32943.84582393739,-32164.13979169412,-32152.765925906133,-57780.11512105039,-57745.99352368637
364,646039,-4.51819299593145,-0.3958413619239349,-11.414150795084595,2.526264549868239,410615.85974309314,-292782.0014040013,-292759.2441736964,0.6306441221345274,0.7642067728574148,-11.667835477601198,1.2117876723734788,389737.18069754896,-326493.8782353005,-326459.7423898431,0.6741653802390989,0.7701351569536682,-11.667889563637512,1.1423534633008487,390229.02949921094,-325679.0902459181,-325644.9544004607,-8.665479070587592,-0.7483635995582787,0.3381263285105391,-11.075856099441594,0.6279473947974128,1.3362488509465849,374929.06987054885,-351514.6868139267,-351457.79373816436,-33711.87683129916,-33700.49821614672,-32897.08884191676,-32885.71022676432,-58732.685409925354,-58698.549564467976
365,644290,-4.539491135094397,-0.3975044940962344,-11.419974371397679,2.515694828239863,409542.2003049825,-291929.58734817686,-291906.8355397483,0.6297311180874572,0.7580325021741792,-11.67394900720579,1.2037399461477833,388862.3050268744,-325311.24299655407,-325277.11528391123,0.6731527634915223,0.7637502007763718,-11.67379139300318,1.134586741967658,389343.1186023582,-324515.0948110983,-324480.96709845547,-8.582213104042602,-0.7416060012499462,0.35570448662570925,-11.125950509314524,0.5969964043436674,1.3484249025959085,374181.7866752241,-350101.82189186965,-350044.9423707982,-33381.6556483772,-33370.27974416292,-32585.507462921436,-32574.13155870716,-58172.234543692786,-58138.106831049896
366,645176,-4.559503227791837,-0.39947197714683474,-11.413824970545784,2.503304504967636,410672.1322751428,-291440.0533811271,-291417.2988242735,0.6340712518637722,0.7514929956120375,-11.670217962547243,1.1851869855369077,389139.2352336066,-326185.91250469716,-326151.7806694168,0.677217071846834,0.7557697023853498,-11.670063510848733,1.115993281628733,389636.6208142113,-325361.795320034,-325327.6634847537,-8.63461293898309,-0.745898740980002,0.3580361348353227,-11.103366503554199,0.5812644208759457,1.3406645501052141,374102.6809573652,-351606.3005679683,-351549.4141758344,-34745.85912357009,-34734.48184514331,-33921.741938906955,-33910.364660480176,-60166.24718684121,-60132.115351560875
367,643951,-4.5785557150221505,-0.40083098622416524,-11.422659106652965,2.4948171033881814,409651.90978938004,-291264.59203467483,-291241.84127884434,0.6326526791944392,0.7589289272349878,-11.67381954923024,1.1995980609792674,389087.21436162136,-324428.82377354597,-324394.69763980026,0.676462041396692,0.765063325285772,-11.673634824853547,1.1309774657956342,389561.51158316626,-323644.32571245916,-323610.19957871345,-8.548588464950537,-0.7389468244649845,0.36347607700483925,-11.13027342236846,0.5894694314858729,1.353277349454779,374558.09434262733,-348931.4119281337,-348874.5350385575,-33164.23173887114,-33152.85636095592,-32379.73367778433,-32368.358299869113,-57666.81989345886,-57632.69375971315
368,643641,-4.528084581289795,-0.39658818841785864,-11.41759818756592,2.521507269264324,410587.22430087446,-289346.5673129058,-289323.8175201133,0.6282639725756676,0.7563717629570201,-11.673257681511126,1.2039075865772702,390010.31325545936,-322437.50215860474,-322403.377469416,0.6713968457142298,0.7616781736011357,-11.673047083677057,1.1344679059236045,390491.5379711882,-321643.8179514048,-321609.69326221605,-8.596069954396414,-0.7430058278458067,0.3551849129700724,-11.133369401883657,0.6002188779329158,1.3458844635166527,375246.8912373614,-347270.96280902997,-347214.0883270488,-33090.93484569894,-33079.5599493027,-32297.250638498983,-32285.87574210274,-57924.39549612417,-57890.2708069355
369,644792,-4.553197346503883,-0.39867175278102,-11.420917872264795,2.508329203221162,408862.6634145618,-293730.0095750839,-293707.25620895764,0.6318935424386127,0.7557446067861052,-11.67270406139435,1.19599988926857,387693.33458136657,-328008.15770886716,-327974.0276596777,0.675199218912225,0.7607386184556947,-11.672586713716816,1.1266876458792079,388181.57264158066,-327196.6556640283,-327162.5256148389,-8.649082175546477,-0.7466154621760984,0.34673277511470524,-11.077532381107774,0.602550167318104,1.3393775653739912,373129.26034284814,-352693.0823431565,-352636.19892784074,-34278.14813378325,-34266.77145072009,-33466.6460889444,-33455.269405881234,-58963.0727680726,-58928.9427188831
370,645825,-4.489420186392182,-0.3933811512822663,-11.412392718254178,2.542063839968939,409650.61051994533,-293991.00254774326,-293968.2459800468,0.6238652883667015,0.7508776883642881,-11.671688803056599,1.2035894645302498,388656.31021019345,-327965.33601137396,-327931.2011598293,0.6659199018977774,0.7539633804456792,-11.671628431120821,1.1322133161916177,389154.1989327523,-327138.53044784686,-327104.3955963022,-8.675768056265488,-0.7491417084108364,0.33736941085650907,-11.097958879938913,0.6163213092729958,1.334860933215576,373667.5616462125,-353360.92430282995,-353304.0328835888,-33974.3334636307,-33962.95517978247,-33147.527900103596,-33136.14961625537,-59369.92175508669,-59335.786903542
371,644385,-4.506040304422289,-0.39468574470265316,-11.416779969636432,2.5336613075635053,409763.6512224028,-291719.2968912188,-291696.54478791374,0.6267146831072594,0.7481091350218222,-11.67481688661813,1.193699709272308,388273.55143432884,-326430.58256711345,-326396.4544121558,0.6687805794075816,0.750723125307755,-11.674796554255034,1.122525307138493,388768.1307163048,-325610.29320304445,-325576.1650480868,-8.691189548406593,-0.7500254601855535,0.3405865740710285,-11.086239684823033,0.6055789815933282,1.33328807231771,373395.7914195408,-351603.45239244855,-351546.5721341858,-34711.285675894644,-34699.90962424205,-33890.99631182564,-33879.62026017305,-59884.15550122975,-59850.02734627208
372,644767,-4.503863701865854,-0.39440283800989573,-11.419450540953893,2.5354787126935165,410750.1516702873,-290723.94525417296,-290701.19196559256,0.6304279632982919,0.7541898911771036,-11.673595255836222,1.196314147030075,388661.42253489455,-326362.4345319828,-326328.3045991122,0.673508618610618,0.7591951971464467,-11.673317432777212,1.127224175263847,389177.9416242937,-325506.12787533633,-325471.9979424657,-8.738856801812144,-0.7535959743686634,0.3320432173410113,-11.046128714589235,0.6185236977683658,1.3269709950849529,374042.408283645,-351078.4166517134,-351021.5334302624,-35638.48927780986,-35627.11263351963,-34782.182621163374,-34770.80597687315,-60354.471397540474,-60320.34146466985
373,644441,-4.523459634674509,-0.3961338020664626,-11.419019561263221,2.524399571012175,410632.29477384145,-290435.9695628497,-290413.21728574304,0.6298255960452442,0.7566784878134005,-11.672004351455007,1.2014095530011513,389379.63612449326,-324681.72838788654,-324647.59997222654,0.6726943363492064,0.7610012713684663,-11.672027625491122,1.1312734926512276,389877.32204663,-323858.5615143856,-323824.4330987256,-8.74545638918105,-0.7545166806133409,0.33090906877750204,-11.05212928844791,0.6326828276778311,1.3253517459509412,374785.5546536854,-349295.88234812435,-349239.00165535766,-34245.75882503681,-34234.3826864835,-33422.5919515359,-33411.215812982584,-58859.91278527462,-58825.784369614616
374,644829,-4.552327738056206,-0.3986086100091997,-11.420545426630751,2.5087265425022314,408712.4821934943,-294020.7645398365,-293998.0110589478,0.6281527389941264,0.7503578510065319,-11.67385509297875,1.1945468107137365,388044.3607938681,-327480.40271637886,-327446.2724950458,0.6715099507520104,0.7563737383555096,-11.673433759010553,1.1263775577837112,388529.6603194858,-326674.4647374267,-326640.33451609366,-8.474616557532416,-0.732216112163261,0.36548863210465754,-11.121177007446827,0.5627885470350833,1.3657170108502497,373810.48373258254,-351574.1293245402,-351517.24562231847,-33459.63817654236,-33448.261436097964,-32653.700197590224,-32642.32345714583,-57553.36478470371,-57519.23456337064
375,646216,-4.521622149666222,-0.39606138506678834,-11.41646805306136,2.5248611394705107,410927.7166018262,-292548.63685018354,-292525.8790719991,0.6255760012951777,0.7407604195328293,-11.67344160107437,1.184125378849535,389246.5532901961,-327574.3687151289,-327540.2320478523,0.6675781073258245,0.7434165070009536,-11.673121980602788,1.1136022868978157,389730.5063284464,-326771.4227671307,-326737.2860998541,-8.550942989730048,-0.7387278467183952,0.36231862622725586,-11.125943661860424,0.5626088296087142,1.3536784953244119,374555.4418176529,-352432.3155226235,-352375.4210771625,-35025.73186494538,-35014.352975853195,-34222.78591694718,-34211.40702785499,-59883.67867243994,-59849.542005163385
376,644248,-4.527819566793038,-0.3964232725770245,-11.42167950271711,2.5225562402008106,410745.52098000346,-289978.3982015158,-289955.64652346756,0.6317780334215032,0.7578030277341177,-11.675026597469586,1.1994766953673657,389279.460035138,-324557.2860480651,-324523.15853099275,0.6755308202479282,0.764384149981693,-11.67466060248216,1.1315311264423946,389781.0292003207,-323727.73563281115,-323693.6081157388,-8.669400498646937,-0.7482590660056436,0.34570616825844186,-11.082225161441782,0.6080451888540321,1.336435528056078,374754.01138230786,-349052.5240639438,-348995.6448688232,-34578.88784654933,-34567.51200752519,-33749.33743129537,-33737.961592271226,-59074.125862428045,-59039.99834535562
377,644210,-4.5429301247628455,-0.39779432959693073,-11.420298849825278,2.513861876847919,408797.95159066556,-292985.11207265797,-292962.3605125802,0.6327085445939803,0.7600556225389861,-11.674932125444538,1.2012728910224004,387891.6124676524,-326800.9654999732,-326766.83815985656,0.6764901193275131,0.7664177466381594,-11.67480436185164,1.1329326545080094,388379.6416614443,-325990.9565586889,-325956.82921857224,-8.673190664247045,-0.7490819091720334,0.35036969491559966,-11.109776135775498,0.6093929421859745,1.3349674952173234,373114.2991362656,-351818.8205408399,-351761.9416406455,-33815.85342731525,-33804.47764727636,-33005.844486030925,-32994.46870599204,-58833.708468181954,-58799.5811280653
378,644723,-4.533261549614705,-0.3970324958430046,-11.4178602433773,2.5186855244096242,409752.33780823543,-292228.2042712226,-292205.45111913024,0.6307301318011056,0.7571422675496795,-11.672764275676375,1.2004219068900241,388641.21510427934,-326329.68564634095,-326295.55591820244,0.6740760970180905,0.7626001731301394,-11.672667858404063,1.131326531980073,389134.2729740131,-325512.2626331347,-325478.1329049962,-8.655518479592688,-0.7476555109218139,0.349257591834553,-11.109207405711134,0.6053602261913402,1.3375143838197094,373821.6800591508,-351391.0326211981,-351334.14974096726,-34101.48137511837,-34090.1047990722,-33284.058361912146,-33272.68178586598,-59162.82834997552,-59128.698621837015
379,645053,-4.5452898441102985,-0.3981197127340466,-11.416892202840152,2.511807298193304,409811.5632806997,-292614.6380824675,-292591.88390694157,0.6318469728645715,0.7606056673450632,-11.669006433967796,1.2037814534376023,388957.1441067778,-326302.64944967726,-326268.5181863884,0.6758972885687842,0.7676405324830414,-11.668590610314562,1.135735481508624,389434.9116797367,-325510.79798446695,-325476.6667211781,-8.525535173052079,-0.736883466046908,0.3593762625534281,-11.114329401930247,0.5863649739919997,1.3570666816078931,374448.3307035394,-350820.56079988234,-350763.67536106764,-33688.01136720978,-33676.63427944685,-32896.15990199946,-32884.78281423653,-58205.922717414855,-58171.79145412607
380,646447,-4.538960849287295,-0.3977130015156693,-11.412653928811695,2.514375934880272,410368.58223989944,-293764.4514659598,-293741.6929729719,0.6340869740930288,0.7712186098059812,-11.663778684969117,1.216266287300886,389501.81896008056,-327498.7114061736,-327464.5736666918,0.6785927441872535,0.7791857596154822,-11.663517754026593,1.148237682011629,389998.0179034096,-326675.705815987,-326641.5680765052,-8.64575692183259,-0.7468194352448787,0.33856356169946183,-11.069092541416387,0.6245971563930538,1.33901175144445,374840.8855473033,-352296.8817627807,-352239.985530311,-33734.259940213815,-33722.8806937199,-32911.254350027244,-32899.875103533326,-58532.43029682094,-58498.292557339126
381,646419,-4.527222381035459,-0.3966117374974242,-11.414746345132718,2.52135755313216,411760.01198131306,-291535.6334928931,-291512.8750865344,0.6331814895840593,0.7741326622115134,-11.667209635311934,1.2226078540609988,391256.7636769214,-324550.55398970115,-324516.41638016317,0.6776192666191466,0.7820227458812822,-11.667169411799808,1.154073953332285,391734.977810427,-323760.94990060554,-323726.81229106756,-8.569165500720588,-0.7413224809492576,0.3544661111821601,-11.136358272490888,0.6174820573334286,1.3489406104607915,376400.0939499044,-349570.3202021621,-349513.4241862655,-33014.920496808074,-33003.54129362875,-32225.316407712467,-32213.93720453314,-58034.68670926901,-58000.549099731084
382,643618,-4.548810253753257,-0.3983218839926622,-11.419935576115758,2.5105324115669774,408595.97202254215,-292442.21878835664,-292419.46906703385,0.633272824096816,0.7589577602453165,-11.673425067477126,1.1984688610754053,387380.59283860476,-326757.396696377,-326723.27211439284,0.6769600430375529,0.7648359034829768,-11.67336414678104,1.1298095232491427,387860.6513824603,-325960.2916360489,-325926.1670540647,-8.644644283996316,-0.7468081807603125,0.35275233529312433,-11.107442530289916,0.6075768219262949,1.3390319305044533,372802.09094557003,-351442.5588718421,-351385.6845685351,-34315.177908020385,-34303.80304735899,-33518.07284769224,-33506.69798703084,-59000.34008348547,-58966.21550150128
383,646133,-4.555442121039252,-0.39906768382477525,-11.415211769037853,2.505840589284812,411341.81596968375,-291777.2745356094,-291754.5170143216,0.6288986733437385,0.753841732527315,-11.669822889710588,1.1986696179835732,390867.621888842,-324763.9813423763,-324729.84506044455,0.6724828240969976,0.7601634991120355,-11.669433721894572,1.1303835159400162,391338.4235133404,-323986.1798805634,-323952.04359863163,-8.420293465737517,-0.7286854339431225,0.3747128555957513,-11.170939701358147,0.5530208161406401,1.3723342795377669,376061.84646668663,-349710.6168517564,-349653.72304853675,-32986.70680676692,-32975.32804612297,-32208.905344953993,-32197.52658431005,-57933.342316147,-57899.20603421517
384,643816,-4.544497827253827,-0.3980023991352307,-11.418267420317049,2.512547668488366,410343.32755690656,-289982.81560450373,-289960.0652680038,0.6339785724500044,0.7689406134643781,-11.672924060443632,1.2128810765524993,389691.021007052,-323227.4881862619,-323193.36268151196,0.6785635454395408,0.777157270307126,-11.672898348058926,1.1452977035536458,390174.33283321443,-322429.49421210453,-322395.3687073546,-8.568025137488686,-0.7412566636180811,0.3629644755016456,-11.166092002257288,0.5987048353721017,1.349060384994032,374721.44338393887,-348442.5585909666,-348385.68274971674,-33244.672581758176,-33233.297413508175,-32446.6786076008,-32435.3034393508,-58459.742986462894,-58425.61748171295
385,644922,-4.540756854571088,-0.39763973405908654,-11.419273441864746,2.514839223414748,411045.7551733701,-290484.8915612569,-290462.1377919404,0.6319292417552648,0.754804365701225,-11.67367919723114,1.1944444343241005,389581.2959527272,-325071.33051361056,-325037.19985963585,0.6756345397394241,0.7614231442979632,-11.67322892134156,1.1269748651269749,390101.39992278104,-324210.9124381482,-324176.7817841735,-8.80963674593371,-0.7595243253461043,0.32825995915565437,-11.044694556375036,0.6245535691163524,1.3166135258990086,374594.22393571585,-350367.09926721087,-350310.21484391973,-34586.43895235367,-34575.06206769543,-33726.02087689133,-33714.64399223309,-59882.20770595397,-59848.077051979315
386,645369,-4.554421168548329,-0.3987565579460741,-11.421558035327024,2.507795746735368,410886.19123694906,-291383.96090396924,-291361.2057489188,0.6347435625488064,0.760551920577343,-11.671984934931062,1.1982034406514568,389568.84501217026,-325764.4249786438,-325730.29224606813,0.678580265546972,0.7667503320679405,-11.671888166425552,1.1299331427652095,390074.2223945186,-324927.74738812685,-324893.6146555512,-8.721290495215571,-0.7523203405094601,0.3344159597965879,-11.032846603443806,0.6283460213518645,1.3292210062043717,375209.9594219099,-349997.1550879714,-349940.26720034535,-34380.46407467453,-34369.086497149314,-33543.78648415761,-33532.408906632394,-58613.194184002175,-58579.06145142653
387,644996,-4.547396777936582,-0.3983788742110125,-11.41475382434041,2.51017326654305,409992.1832550828,-292247.57108289405,-292224.8170841056,0.6343273548851218,0.7651376786303907,-11.669138456328419,1.2062189542006414,388984.22193291207,-326171.9169727529,-326137.78597457026,0.6784286799518573,0.7717665830822205,-11.669167496849417,1.1375795361967695,389470.28284462943,-325366.4559403305,-325332.3249421479,-8.678469549842156,-0.7497565181248205,0.3463633538168131,-11.108105938096658,0.6127498749919631,1.3337663305696246,373819.4339336012,-351816.76234523277,-351759.8773482617,-33924.34588985884,-33912.96889046463,-33118.88485743647,-33107.507858042256,-59569.19126233872,-59535.06026415608
388,644739,-4.508612961286442,-0.39500516667432817,-11.414060730511101,2.531612455652953,410398.8135968716,-291235.03864964924,-291212.2854479238,0.6299690834946439,0.7571156176271776,-11.668568059240968,1.201829800007344,388743.9228121228,-326183.4193283228,-326149.28952573467,0.6730963710238607,0.762154455707495,-11.66846993398903,1.1323110456652237,389254.0411021266,-325337.93330248207,-325303.8034998939,-8.673916429405706,-0.7485404248122058,0.33599136626955584,-11.052876841445503,0.6142928322969662,1.3359331932552345,374012.7220568552,-351086.3430510292,-351029.46004671557,-34948.380678673566,-34937.00407781085,-34102.89465283282,-34091.51805197011,-59851.30440137995,-59817.17459879175
389,645053,-4.537944394113832,-0.3974443680078667,-11.41781028841755,2.516075407011949,410164.7947673152,-292058.88292686106,-292036.12875133514,0.6296207376452707,0.7532536373187689,-11.673164446425384,1.1963609078949258,389194.90840084257,-325908.4576578339,-325874.32639454503,0.6732188868121565,0.7597001291629857,-11.672800499453594,1.128459322881355,389677.18869514647,-325109.6194619325,-325075.48819864367,-8.504585617770514,-0.7353465715977523,0.36755033923090685,-11.151823477604209,0.5683631695232807,1.359902988093372,374465.8557056117,-350790.37161300634,-350733.48617419164,-33849.57473097282,-33838.19764320989,-33050.73653507145,-33039.359447308525,-58731.48868614528,-58697.3574228565
390,643904,-4.51305861906299,-0.3952974542798831,-11.416867399979768,2.529740551508759,410130.30996536947,-290444.80896315817,-290422.05835330684,0.6265686565085062,0.7395944096801916,-11.6758818708762,1.1803884570312064,388080.881960919,-326025.69210643217,-325991.56619165523,0.668535404371713,0.7422160225191062,-11.67552302665457,1.1102119912656503,388585.09377315256,-325189.6466029616,-325155.52068818465,-8.597028121957525,-0.7421544163860273,0.35772661777000464,-11.109641715536213,0.5649505725477272,1.3474284837777692,373341.65988468,-350953.52487023687,-350896.6483456086,-35580.883143274,-35569.50783834839,-34744.837639803416,-34733.46233487781,-60508.7159070787,-60474.58999230177
391,646345,-4.50047747450309,-0.3943068339005068,-11.413643101196339,2.536096039999967,410757.3140825647,-293004.1305324009,-292981.372355009,0.6244654129455355,0.748450359046618,-11.671692618061485,1.1985457377315087,389650.57790799596,-327098.2382993702,-327064.1010332824,0.6665519637359975,0.7514655896627533,-11.671498876561866,1.1273923573052256,390130.59315765096,-326302.488139609,-326268.3508735212,-8.578067180494092,-0.7411371789717717,0.3509223684182568,-11.113687194851433,0.5941090437271513,1.3492778777976915,374896.57474737737,-352043.2820981191,-351986.3866546394,-34094.107766969304,-34082.728678273386,-33298.357607208076,-33286.97851851216,-59039.15156571817,-59005.01429963036
392,644735,-4.5335925069835445,-0.39693918651281884,-11.421378037305812,2.5192775971180303,408149.0465186329,-294773.3305613385,-294750.5773720212,0.6257729023805345,0.7452674580108395,-11.677640073832222,1.190955145510024,387355.7130084156,-328483.8737303999,-328449.7439464239,0.6682385217475648,0.7492144575649026,-11.677281165721713,1.1211781918910795,387836.4793724353,-327684.1573645896,-327650.0275806137,-8.549047761753664,-0.7387711997022655,0.36364016256311543,-11.150929734507192,0.5714911256638264,1.3535990580074226,372528.33131571655,-353644.09597691096,-353587.21300361777,-33710.54316906136,-33699.16657440271,-32910.82680325111,-32899.45020859246,-58870.765415572445,-58836.63563159655
393,645180,-4.548822690992864,-0.39824829330324485,-11.42207704962888,2.510996322684937,409276.49360833474,-293642.190651533,-293619.4360822798,0.6289557354372651,0.751206620641247,-11.676902378893889,1.1943712066143894,388454.4898737368,-327328.2200730574,-327294.08821917756,0.6728266752827674,0.7587540182280433,-11.676287085279498,1.127710963464942,388944.12491454405,-326515.5024494572,-326481.37059557735,-8.52734053476956,-0.7368432786776119,0.36588660902894854,-11.142589818462465,0.5672461507995428,1.3571406959084524,373844.45114538464,-352057.97919611726,-352001.0927729842,-33686.02942152438,-33674.652136897785,-32873.311797924165,-32861.93451329757,-58415.78854458424,-58381.6566907044
394,643840,-4.5561790316141595,-0.39893678559671225,-11.420804488608955,2.506662799982818,409303.63470146694,-291651.0030022749,-291628.2525912209,0.6293378026649993,0.7441895457990686,-11.675091112281539,1.182496177168632,387963.7037314868,-326123.72200114897,-326089.5963845679,0.6719346610276772,0.7476792719235404,-11.674686281086203,1.1127261552187488,388445.136052476,-325325.26271168876,-325291.1370951077,-8.533859990245816,-0.7367534540213762,0.3628452500696899,-11.103265422062256,0.55856904704231,1.3573061579036534,373484.4623941981,-350608.42393937084,-350551.5479117358,-34472.71899887407,-34461.34379334701,-33674.25970941386,-33662.8845038868,-58957.42093709594,-58923.29532051488
395,644372,-4.536119157018626,-0.3971825231235259,-11.42074208438388,2.5177341443319112,409928.6691926668,-291440.96568204643,-291418.21361909027,0.6318552311406846,0.757461667231572,-11.673958024025072,1.1987898966415627,388657.84346776246,-325773.54813877254,-325739.42004433833,0.6751855727316453,0.7625672039374437,-11.673822474713342,1.1294186883352269,389152.5810432452,-324953.82375880715,-324919.69566437294,-8.713044217083343,-0.7521756032117649,0.34171047144289074,-11.08553948539501,0.6218058542156735,1.3294767813925805,373934.3565266348,-350654.6226316475,-350597.7424742572,-34332.582456726115,-34321.20642524806,-33512.85807676072,-33501.48204528267,-59213.65694960108,-59179.52885516692
396,645401,-4.515190144095047,-0.3953999202192324,-11.419299583043836,2.52908498172064,411310.31699111423,-290764.5563914906,-290741.8011372746,0.6306459493212156,0.7572313964243932,-11.672564871215075,1.200723476047734,389723.3084905952,-325556.72894882376,-325522.59606749966,0.6735702484547806,0.7614006117028582,-11.672567194988401,1.1303952534268948,390204.28578081005,-324760.69796924404,-324726.56508791994,-8.673100507783007,-0.748933447178415,0.3434907253381518,-11.083630605636943,0.622510882194142,1.3352321274573473,375201.46402989625,-350061.12379124505,-350004.2356557049,-34792.172557333135,-34780.79493022506,-33996.14157775341,-33984.76395064534,-59296.56739975442,-59262.434518430324
397,644697,-4.551521507384703,-0.39861187965470396,-11.418429153008288,2.5087059644741303,409375.0308513136,-292784.34133805113,-292761.58826661523,0.6316612679477702,0.7521988922306723,-11.672985154719587,1.1908263659643428,387979.89069268346,-327388.49752309074,-327354.36791593686,0.6748593909734917,0.7571302079994692,-11.672548972217815,1.1219080865234772,388469.14865707344,-326576.02132019866,-326541.8917130448,-8.627366541706973,-0.7447326387831831,0.3515092915900776,-11.083896783883736,0.5881128217470016,1.3427637623535578,373308.6957685614,-352236.16801096644,-352179.28533237666,-34604.15618503961,-34592.77964932163,-33791.67998214753,-33780.30344642955,-59451.82667291531,-59417.69706576143
398,644080,-4.542788208389485,-0.39761748942556263,-11.425021104963074,2.5149799156085875,409034.7003729873,-292423.1000644818,-292400.34890803986,0.6286467302656171,0.7452560971847344,-11.676920356283592,1.1854926802368753,387427.36977791175,-327376.34964011516,-327342.22290545225,0.6711435112775107,0.7486776986103197,-11.676507522888679,1.1155254964548849,387908.0130018934,-326577.797854053,-326543.67111939006,-8.639693719777886,-0.7453325014322969,0.34807354784499706,-11.06796664497912,0.5916487966282782,1.3416830717542996,373183.89743655146,-351497.70419893845,-351440.8263078336,-34953.24957563338,-34941.87399741239,-34154.69778957119,-34143.3222113502,-59074.60413445666,-59040.477399793745
399,644461,-4.535879605795199,-0.39706813178552597,-11.423428985344078,2.518459478234189,410424.37140177656,-290791.3885916432,-290768.63625246816,0.6294356111161755,0.7544870890261635,-11.674006665311145,1.198672391109608,389139.040727043,-325110.1370226603,-325076.0085138978,0.6729896221617243,0.7607457535789465,-11.6736076663105,1.1303974512048771,389628.03342128906,-324300.8147680257,-324266.6862592632,-8.62721327880965,-0.7444839359016407,0.34582292655879787,-11.069727018871745,0.6015718553052803,1.343212327058347,374865.14311681705,-349189.8817497906,-349133.0009018531,-34318.7484310171,-34307.37226142961,-33509.42617638252,-33498.050006795034,-58398.49315814744,-58364.36464938492
400,643638,-4.495886664610723,-0.39370606513047196,-11.41939904614071,2.5399659506606933,410737.25806107227,-289107.0681639649,-289084.3183804944,0.6270048635069492,0.7500198370937267,-11.674475621002866,1.1961946082821957,388943.4011811279,-324196.1478812633,-324162.02320605755,0.6696218558792778,0.7542522388633569,-11.674179738098944,1.1263853356054983,389443.3580356292,-323369.33198194666,-323335.2073067409,-8.665458851191199,-0.7479429735731242,0.3435692245068154,-11.083207597112155,0.60700395238612,1.3370003266729438,374354.1749045975,-348799.3900614753,-348742.5156027991,-35089.07971729839,-35077.70482556312,-34262.26381798176,-34250.888926246495,-59692.32189751038,-59658.19722230465
401,643514,-4.562826589524447,-0.3994538597738042,-11.422662412395278,2.5034180432409956,408113.17605383694,-293051.795921079,-293029.0465229554,0.6296520380968705,0.7473267489036641,-11.676551525313952,1.1868884775827402,387158.7834550998,-326969.1783018138,-326935.0542046284,0.6729108273544411,0.7526726378607134,-11.676129484525445,1.1185325116848797,387634.99694376497,-326178.12888121384,-326144.00478402845,-8.542566482320714,-0.738043407426091,0.3665252613364428,-11.130942601170561,0.5681856083433573,1.3549338561094617,372652.79019933403,-351539.5450463508,-351482.67155104177,-33917.38238073478,-33906.007681672985,-33126.33296013484,-33114.95826107304,-58487.7491252718,-58453.62502808636
402,644094,-4.524582762345297,-0.3961896225997662,-11.420245519444272,2.524043899580398,409381.99027626525,-291896.82214262604,-291874.0709427117,0.6282233550496599,0.7496274083082426,-11.67517325005961,1.193249824736277,387946.80481515854,-326534.4889122786,-326500.3621124071,0.671458523344665,0.755117957537788,-11.67474240891784,1.1245935992835403,388421.08592201263,-325747.53814606526,-325713.41134619375,-8.525260664073832,-0.736603109149707,0.3624984209005954,-11.126450612514843,0.5763677231612095,1.3575831917874248,373532.22296237294,-350918.43539461074,-350861.5573948249,-34637.66676965257,-34626.29116969538,-33850.716003439215,-33839.34040348203,-59021.6132519847,-58987.4864521132
403,644519,-4.579438920216376,-0.4009968591553294,-11.42013663115125,2.493785118682543,408679.3200908125,-293621.7844525236,-293599.0319333613,0.635145851962488,0.757314314547194,-11.671873264529774,1.1923470998153056,387542.53277004295,-327847.0853725982,-327812.95659385476,0.6789701406251736,0.7629097549728094,-11.671726238256202,1.1236278435902158,388025.8846081586,-327043.72753413185,-327009.5987553884,-8.603252709609896,-0.7428567430435583,0.3544969338654482,-11.082566143106199,0.5907223777849122,1.346154570668498,373087.04908503743,-352343.7254389986,-352286.8441410929,-34225.30092007457,-34213.924660493445,-33421.94308160822,-33410.56682202709,-58721.940986474976,-58687.81220773159
404,643630,-4.525177405631119,-0.3962999267439808,-11.41856735329273,2.523341369795468,408123.6604472007,-293204.09810058854,-293181.34834197693,0.6292594150674753,0.7556745596264759,-11.67374682099927,1.2008951181849938,387058.53599454847,-327310.8068083428,-327276.68217042537,0.6729753232998141,0.7625725791471627,-11.673288405498022,1.1331360196210827,387542.8790842557,-326505.9082440306,-326471.78360611317,-8.572939110018282,-0.7411401626669928,0.3603937598660423,-11.145613112572486,0.5890894374480707,1.3492724458508631,372187.56231001107,-352522.9496590811,-352466.075262552,-34106.70870775427,-34095.333828448434,-33301.81014344207,-33290.435264136235,-59318.85155849258,-59284.72692057508
405,644893,-4.53510402715274,-0.3971152800397348,-11.42011968589817,2.5181604694232402,409556.5121276037,-292783.5581802149,-292760.8045008338,0.6275095219577919,0.748504080040678,-11.675176423858302,1.1928170869907926,388439.4428852702,-326920.6542640712,-326886.52374499955,0.6704885734043469,0.7536004440251318,-11.67490373102193,1.1239571767775127,388923.08869252534,-326118.1976929031,-326084.06717383146,-8.524399668890217,-0.7366952320733973,0.3648963260910059,-11.139492199209132,0.5696000768455427,1.3574134275113234,373890.7341560385,-351534.5954876683,-351477.7112892156,-34137.096083856304,-34125.71924416575,-33334.63951268821,-33323.26267299766,-58751.0373074534,-58716.906788381806
406,646118,-4.532105519994242,-0.3969246540778295,-11.418049933238919,2.5193698343663953,410740.5992703905,-292700.5570972119,-292677.7996223546,0.6284335655517989,0.7505163687860226,-11.674490477192345,1.1942652492265087,389584.8974772837,-326865.317688508,-326831.1814762222,0.6715000257468104,0.7557794593197157,-11.674144695882802,1.125509203784726,390086.8371363777,-326033.39758916094,-325999.2613768751,-8.657640772069115,-0.7473296164868404,0.3467031226663351,-11.094403003896911,0.5973877761823407,1.338097645187609,374757.3122423632,-351932.73635350703,-351875.8426663639,-34164.76059129613,-34153.381853867555,-33332.84049194906,-33321.46175452048,-59232.179256295145,-59198.043044009304
407,643166,-4.550156385533245,-0.39843922939898824,-11.419950772409559,2.5097930279315497,409054.88447512855,-291063.03522507165,-291040.28690880217,0.6311278465133945,0.7546605661192517,-11.67286346047308,1.1957332738339814,388130.7774035418,-324831.7529748599,-324797.6305004556,0.6742653868627454,0.7593435057080037,-11.67279099761713,1.126178980121038,388615.1844281063,-324029.54946416116,-323995.4269897569,-8.630641499159736,-0.7453606668054661,0.35066832152341704,-11.090761591030201,0.6042226312497232,1.341632372802673,373682.4626828016,-349226.85427623504,-349169.9834855613,-33768.71774978825,-33757.34359165345,-32966.514239089505,-32955.140080954705,-58163.81905116339,-58129.6965767591
408,644312,-4.526344622243391,-0.39646604286206155,-11.416727116320013,2.522284109834647,409483.71062493726,-292053.58154404536,-292030.8296673257,0.6304244302330316,0.7554950624011402,-11.672300183725092,1.1983911570842474,388106.481578053,-326597.90596583596,-326563.7781507565,0.6735902624854155,0.7605230233087427,-11.671985600992686,1.1290588146309632,388600.78303631174,-325777.8173206538,-325743.68950557435,-8.682470030756583,-0.7494941630807043,0.34372383693766456,-11.088733077924823,0.6046868600832814,1.3342332058859832,373192.7342464268,-351841.10354524193,-351784.2238534428,-34544.3244217906,-34532.94848343078,-33724.23577660846,-33712.85983824864,-59787.52200119657,-59753.394186117104
409,644365,-4.52076137542079,-0.3958399627278691,-11.420679570265396,2.526273479586691,408770.9091503415,-293253.25216963014,-293230.5001284007,0.6290464088905975,0.7566646605919206,-11.672999815363344,1.2028757336464158,387790.35781940474,-327202.84149735305,-327168.7134355089,0.6726628777660123,0.7633139564493149,-11.67246648629547,1.1347645034082523,388268.1139131223,-326409.47513275093,-326375.3470709068,-8.446234508044844,-0.7300194461874411,0.3667403882290791,-11.133715933725956,0.5663776848925597,1.3698265234200875,373375.9501228732,-351606.7803711773,-351549.9002681037,-33949.589327722904,-33938.213307108206,-33156.22296312079,-33144.84694250609,-58353.52820154716,-58319.40013970301
410,644251,-4.521498918042377,-0.39584378815609206,-11.422432417354054,2.5262490657190066,409470.43445520534,-291985.8220580217,-291963.0703706603,0.6283961528443841,0.7521456238699826,-11.674152171523213,1.1969290716778844,387858.8143675137,-326917.2428774509,-326883.1153464088,0.671673221224369,0.7579752917257097,-11.673722198228628,1.1284881811188239,388354.322368154,-326094.70702183136,-326060.57949078927,-8.677028116665266,-0.7484997922402232,0.33917471448649905,-11.057177174389441,0.6093822215359906,1.3360057148540403,373548.0234678646,-351133.74307076255,-351076.863852359,-34931.420819429215,-34920.04497574852,-34108.88496380969,-34097.50912012899,-59147.92101274087,-59113.793481698725
411,644243,-4.55247587409597,-0.3987328036631745,-11.417359776452274,2.5079451472589147,408650.95850972075,-293264.8160785577,-293242.06441603147,0.6285193280515016,0.748701703690518,-11.672889146974308,1.1912150832522506,387783.312226497,-327030.6064664821,-326996.4789726928,0.6709193475226699,0.7515463324510041,-11.673016255001393,1.1201738856183603,388263.20936521684,-326233.82327591936,-326199.69578213006,-8.54311957812376,-0.738006428191014,0.3587864185124465,-11.113324313085805,0.5755699238598599,1.3550017476828475,373189.0300153858,-351740.8218120165,-351683.94265570096,-33765.79038792441,-33754.41455666133,-32969.00719736167,-32957.63136609859,-58476.00573345879,-58441.87823966949
412,644837,-4.550483628437785,-0.3985398091487505,-11.417889816721845,2.509159629839541,411230.7005626065,-290071.5391875365,-290048.7856818352,0.6325826535235027,0.7531306363241853,-11.673127480283878,1.1905647935953143,389753.2338044904,-324658.96163631865,-324624.8313777667,0.675626758893108,0.7573611626656395,-11.673024962654287,1.1209756758397766,390244.34348271595,-323846.94441306614,-323812.81415451417,-8.632548095824964,-0.7456925899232811,0.35564931147466616,-11.105821940187926,0.5942574669916133,1.341035184623308,375004.56953667675,-349529.9317518282,-349473.0479875749,-34587.422448782134,-34576.045695931476,-33775.40522552963,-33764.02847267897,-59458.39256429166,-59424.262305739685
413,645906,-4.51807209261079,-0.39574171471812336,-11.416719351481298,2.5269006597201265,410752.30181720026,-292374.1491215589,-292351.3923030362,0.6265485263282777,0.744315920287941,-11.673595908396106,1.1879621274505392,389449.7907421436,-326770.1384829042,-326736.00325512013,0.6690150551838125,0.7481151532521845,-11.673347254623035,1.1182336592509703,389930.81773250486,-325972.84315554076,-325938.7079277567,-8.542104826685536,-0.7379405806556217,0.3598518133809605,-11.117484369543133,0.5716277624839197,1.3551226565037962,374857.4029337135,-351432.80757743504,-351375.91553112835,-34395.9893613453,-34384.61095208395,-33598.69403398188,-33587.31562472053,-59058.65845587617,-59024.52322809218
414,645031,-4.56401758095996,-0.39962772525932755,-11.4206730226194,2.502328884591471,409358.0767082189,-293296.82784316444,-293274.07373585115,0.6315054509370408,0.7557062292749507,-11.673468442805824,1.1966741192077095,388615.60051461135,-326836.1719150035,-326802.0407540336,0.6752282488962188,0.7621188163699163,-11.673195264670674,1.1286832528344832,389107.61244692374,-326020.0383966494,-325985.9072356795,-8.59128260044807,-0.7419684019523302,0.3557766733227581,-11.101788530035362,0.5885482164766141,1.3477662894655826,374076.07424184715,-351428.1700562914,-351371.2847880082,-33539.34407183906,-33527.96701818245,-32723.21055348497,-32711.833499828354,-58131.34221312695,-58097.21105215704
415,644830,-4.570667370334319,-0.400144741499026,-11.42253513868917,2.499095692858016,408283.90886920755,-294698.7399332015,-294675.98644921125,0.6292294886867621,0.7503252433448735,-11.673259754104343,1.1924508574937345,387846.3652290372,-327811.0122939115,-327776.88206792605,0.6726479457560046,0.7559122656018343,-11.672924437257594,1.123785882899333,388298.477033637,-327059.77290646796,-327025.64268048253,-8.314917086167172,-0.7196975672057531,0.38572791889698216,-11.18149038784025,0.5342616469218889,1.3894725306388478,373613.5638935308,-351915.45443123265,-351858.5707212569,-33112.27236070996,-33100.8956187148,-32361.03297326644,-32349.656231271278,-57216.71449803113,-57182.58427204564
416,645042,-4.520591003482737,-0.395898084841761,-11.418572548259739,2.52590259536036,409926.7515224959,-292417.36776760477,-292394.6136261849,0.6301304911139494,0.7579287074763341,-11.67312989491294,1.2028123034269649,388547.36936196394,-326966.0089338376,-326931.87772170774,0.6738154333864709,0.7646383465747452,-11.672742872919505,1.1347890070309243,389050.19696271,-326131.78573023016,-326097.6545181003,-8.757803591266285,-0.7555985723548564,0.33242325170764014,-11.068391749474532,0.627336961846561,1.3234540622323514,373687.7887194996,-352115.0553212344,-352058.1699676847,-34548.64116623282,-34537.26409552287,-33714.41796262539,-33703.04089191544,-59697.68755362963,-59663.55634149985
417,645000,-4.5106894763342815,-0.39504113464464075,-11.418277948173353,2.5313819557032966,409577.42690338544,-292906.20877392025,-292883.4547627287,0.6264059930731237,0.7449292647990751,-11.677012284350644,1.1892115864736235,387964.89761799865,-327870.3661026036,-327836.2350858163,0.6681588422753922,0.7468961744732239,-11.677015594491378,1.117842236330652,388474.0810063108,-327024.39277672966,-326990.26175994234,-8.817829708114958,-0.7600407344017346,0.3233266396843374,-11.04206303375783,0.6311820105415472,1.3157189539152123,373099.347636875,-353066.60236642533,-353009.7173384464,-34964.15732868336,-34952.78032308759,-34118.1840028094,-34106.80699721363,-60160.393592505076,-60126.2625757177
418,644862,-4.5312923842543364,-0.39691732515945455,-11.416212135446518,2.5194163535145955,409632.36672380567,-292619.0597992263,-292596.3062159875,0.6336123902283683,0.764337956803303,-11.668226063938437,1.2063178823378409,388331.0145729667,-327053.970436216,-327019.84006135777,0.6777049161310732,0.7712081909108066,-11.668345993436922,1.1379704832503372,388817.9120428762,-326245.9355626692,-326211.80518781097,-8.509912640009755,-0.7360091752047317,0.3626626857456621,-11.121581015437616,0.593469755499431,1.3586787144628127,373875.6227709818,-351512.76113142335,-351455.8771733264,-34434.91063698969,-34423.533845370286,-33626.87576344289,-33615.49897182349,-58893.70133219706,-58859.5709573389
419,645671,-4.506688093289972,-0.3948127308485163,-11.414748667309617,2.532846389858905,410455.33699208236,-292499.79059788195,-292477.03450715175,0.6266582892324969,0.7492187503896939,-11.672056712384949,1.1955778185066435,389192.56870791456,-326842.881015665,-326808.74687956966,0.669114139495723,0.7529091797132288,-11.671918936358834,1.12523280449679,389669.9841914624,-326051.3334694733,-326017.19933337794,-8.544134765541989,-0.7385292235227845,0.35971347654501823,-11.135241503505048,0.5793702697862577,1.3540425593858019,374373.2240671025,-351904.4950752255,-351847.60484839993,-34343.09041778307,-34331.71237241791,-33551.542871591344,-33540.16482622619,-59404.704477343534,-59370.57034124818
420,645372,-4.529115515205684,-0.3965401228330496,-11.421581964638978,2.5218129072427247,411278.66501876194,-290772.1577159064,-290749.402551559,0.6252692848657961,0.742868950236991,-11.678715855835284,1.188078429914298,390524.3030259452,-324188.03541117086,-324153.9026646497,0.6674722934893651,0.7461644924761474,-11.678371035645066,1.117895828417687,390990.5111375635,-323418.0495026529,-323383.91675613174,-8.522517319336547,-0.7366197896067245,0.3682081820732982,-11.160596316750226,0.5649703049638669,1.3575524498654756,375775.77058061806,-349029.3035775158,-348972.41566664726,-33415.87769526447,-33404.50011309073,-32645.891786746506,-32634.51420457277,-58257.14586160943,-58223.01311508828
421,644407,-4.515482045041618,-0.3955453892985239,-11.415837896757072,2.5281548642835663,410318.41113488795,-290879.41444763046,-290856.6622760444,0.6303340038833164,0.7632977560359566,-11.67146496904027,1.210941740939703,389492.1489806911,-324444.421945883,-324410.2936885039,0.673817921638906,0.7693962677008873,-11.671282917531205,1.1418459542149149,389996.56912242627,-323610.4088085561,-323576.280551177,-8.719127018045494,-0.752642995085385,0.33370031894049046,-11.079964244220042,0.6302317129954298,1.3286511752979953,374555.1578081711,-349639.72084070597,-349582.84041174076,-33565.007498252555,-33553.63141245954,-32730.99436092563,-32719.618275132612,-58760.3063930755,-58726.17813569639
422,643944,-4.511599028283397,-0.3951376228207039,-11.41779159391907,2.530763820618914,409751.0921171364,-291098.5370936687,-291075.7863595791,0.6271549399826591,0.7548190409231976,-11.672980995211322,1.2035607037458214,388798.88150724425,-324895.6683049237,-324861.54220378934,0.6698307771923446,0.7590804163144562,-11.672861187464184,1.1332420697302226,389279.07530831604,-324100.84317567537,-324066.717074541,-8.651426381330147,-0.747016681255498,0.34257214582222956,-11.093827072710827,0.6143833399989062,1.3386581921026413,374135.7536121125,-349647.12088757387,-349590.24405234994,-33797.13121125498,-33785.755844210216,-33002.30608200666,-32990.9307149619,-58548.583793905156,-58514.45769277081
423,644809,-4.541323949438261,-0.397666975629076,-11.419917236663329,2.5146669481871946,409317.5821065501,-293037.7099298184,-293014.9565109626,0.631711380728001,0.766560611846062,-11.670814567676787,1.2134665216299523,388806.87441360235,-326184.42858130427,-326150.2984530206,0.6763024640286052,0.7753006080474658,-11.670715413065402,1.1463814628578277,389292.4811005038,-325379.5863703234,-325345.4562420397,-8.521108357293173,-0.7365056392132762,0.3565169393028236,-11.115389131399287,0.5984655710833306,1.3577628557850343,374354.5913488201,-350605.3421849775,-350548.458637838,-33146.71865148586,-33135.341942057945,-32341.876440504973,-32330.499731077056,-57567.632255159086,-57533.50212687539
424,644746,-4.513624872474681,-0.3952752235304271,-11.418942052985104,2.5298828271310128,411039.29552512127,-290239.7731698348,-290217.01994639524,0.6274800992820517,0.7462880596858614,-11.675788064409215,1.189341399894191,389560.55356318085,-324840.9695118526,-324806.8396766933,0.6695735198445213,0.7487900565693545,-11.67586228329757,1.1183089449881884,390048.75100333395,-324033.4794368916,-323999.34960173233,-8.658970253689976,-0.7474496711314244,0.34887738747957675,-11.10062463544226,0.5919891961175066,1.3378827212356477,374651.45609992766,-349997.005322821,-349940.1222642221,-34601.19634201779,-34589.81973029807,-33793.70626705681,-33782.32965533709,-59757.232152986166,-59723.10231782688
425,645041,-4.539338034042022,-0.3975127576993642,-11.41935182235104,2.5156425312927744,409836.71089277853,-292557.61359401315,-292534.85945569386,0.6312166443956895,0.7617493508663958,-11.672323704311644,1.2067954126838258,389289.4869885843,-325733.6618205915,-325699.53061311255,0.6752317359460364,0.7688958239419894,-11.672204764142304,1.1387139895975484,389757.96115842107,-324957.8808739261,-324923.74966644717,-8.505873175311809,-0.7357289403613662,0.36473705105973825,-11.145536108158373,0.5912126028894136,1.3591962272257938,374798.4118032469,-350199.2511554432,-350142.365809645,-33176.048226578336,-33164.67115741869,-32400.26727991295,-32388.890210753307,-57641.63756143005,-57607.50635395112
426,645250,-4.537834180797869,-0.3974575488542506,-11.417154344857877,2.515991966645737,411501.3065066821,-290245.99646887655,-290223.2416826414,0.6298301006107726,0.7462918526450362,-11.674419490351129,1.1849097906265924,389882.75851931813,-325065.6356250324,-325031.5034456797,0.6721203061260503,0.7490555635062192,-11.674144410946518,1.11446649755846,390386.847313712,-324231.9152355588,-324197.78305620607,-8.69979408821801,-0.7506014720689412,0.34319301378202777,-11.06523193220887,0.6015207321703475,1.3322649064937513,375209.8765021816,-349813.7706155443,-349756.8836499564,-34819.63915615587,-34808.26176303829,-33985.91876668227,-33974.54137356469,-59567.77414666774,-59533.641967314994
427,643662,-4.586027736839879,-0.4014177582927141,-11.424576123250992,2.4911703065981436,407692.8952624892,-293930.40591285017,-293907.656054805,0.6313383527902466,0.7530822324837633,-11.675941785797878,1.1928346015341227,387205.58839353407,-327114.5856549192,-327080.46086785145,0.6749986529925375,0.7590738816001792,-11.675641442512216,1.124556142793623,387670.7692148278,-326341.7675121914,-326307.6427251236,-8.54010721452924,-0.7379599664700728,0.3657023721852306,-11.13235135521479,0.5749769744812949,1.3550870581548735,372707.6874214932,-351673.6000984761,-351616.72545336315,-33184.17974206904,-33172.804813046474,-32411.36159934121,-32399.98667031864,-57743.19418562594,-57709.069398558175
428,645089,-4.5281367342959955,-0.39663914518488136,-11.416262840586098,2.5211833278177327,410664.48308991356,-291325.7744618682,-291303.0201747267,0.6288338431741917,0.7521440012023611,-11.673154288751313,1.1960933867772312,389402.2610637258,-325619.05305583036,-325584.9216251181,0.6713721425678582,0.7557130292576953,-11.673236526488878,1.125624644429319,389908.17255028774,-324781.4972713216,-324747.36584060936,-8.754463881496827,-0.7554091264102871,0.33630351332057357,-11.079835540916624,0.6153933605855092,1.3237859658275661,374260.7817406647,-351199.3264313307,-351142.4407134769,-34293.27859396214,-34281.90145039139,-33455.72280945338,-33444.34566588263,-59873.55196946248,-59839.420538750186
429,645219,-4.551664156616501,-0.3985096071689528,-11.421717506265212,2.509349792352781,409767.71353489335,-292925.00483817724,-292902.25014803116,0.6343989569214519,0.7736990775464765,-11.670968489854367,1.2195781047639271,389251.5030128603,-326064.5334580113,-326030.4014227922,0.6790822310042737,0.7821644092923874,-11.670865840345142,1.1517963121132895,389742.8354409709,-325250.6198149406,-325216.4877797215,-8.81949786023001,-0.7611303081013782,0.3225102030369784,-11.059802507032748,0.6702545728620648,1.313835475155991,374681.52189393225,-350675.1749302795,-350618.2882049143,-33139.52861983405,-33128.15127476101,-32325.614976763376,-32314.23763169034,-57750.17009210226,-57716.038056883146
430,645768,-4.5493588967578225,-0.3985799292497994,-11.413918672022826,2.50890706384083,410346.2778156669,-292812.346345455,-292789.5899542847,0.6298932529601142,0.7514776137228943,-11.668428219880285,1.1930237547257536,389100.3342536794,-327142.0494470821,-327107.9148603267,0.6728663623887406,0.7559335264403672,-11.66802417833163,1.1234526923841608,389592.52972665604,-326325.6964452136,-326291.56185845815,-8.63568969089622,-0.7452970565813215,0.343749141571132,-11.062278388340683,0.5909310484027458,1.341746879542234,374371.3989857741,-352057.51908372884,-352000.62810580316,-34329.70310162712,-34318.32490604196,-33513.350099758594,-33501.971904173435,-59245.17273827386,-59211.03815151844
431,644579,-4.534173118273314,-0.39686378232324765,-11.4250111001064,2.519756260311743,409433.8607071577,-292520.1390426274,-292497.3863372884,0.6287542810303154,0.7521537114120254,-11.676942200541193,1.196260183198276,388073.02495558484,-327055.8726393792,-327021.7435813707,0.671585812538459,0.7563981137304209,-11.6766447299313,1.1262866183420233,388559.6639959936,-326248.08447505644,-326213.95541704795,-8.679092262181006,-0.7487986762153054,0.3427486291847575,-11.080193037610925,0.6063476780084134,1.3354724464182488,373457.9097019584,-351796.1156132509,-351739.23384990345,-34535.73359675176,-34524.35724408226,-33727.94543242903,-33716.56907975953,-59275.97657062346,-59241.84751261503
432,645210,-4.517431284521237,-0.39549770010371615,-11.422142994350097,2.528459709722099,408895.85017879086,-294286.1957003633,-294263.44103811495,0.6251799604607048,0.7371486219704195,-11.678063542605265,1.1790982894384576,387260.6844683964,-329359.3656352449,-329325.2336418723,0.6668525422989411,0.738923918745253,-11.677723723374363,1.1080769313675396,387736.9391553154,-328566.371396653,-328532.23940328043,-8.476603941847715,-0.7321541188748303,0.3698608407835188,-11.129224842822252,0.5486952824557524,1.3658326494656527,372860.68114019395,-353804.45570799906,-353747.5690523781,-35073.16993488156,-35061.79260375735,-34280.17569628969,-34268.79836516548,-59518.26000763575,-59484.12801426317
433,643928,-4.518825513870828,-0.3957046358853344,-11.419693134907508,2.5271374386671974,409193.7337844457,-291951.79483138694,-291929.04414699174,0.6272818573531233,0.7470288323897227,-11.67470093868447,1.1908981961344833,387549.1684822453,-326944.7017198045,-326910.5756932117,0.669928430360441,0.7514165059520085,-11.67416241762511,1.1216369867266636,388058.86872638395,-326098.37138203194,-326064.24535543914,-8.696148608187231,-0.7500153426109692,0.3375079427519134,-11.060885084820871,0.6028411183340168,1.3333060581384628,372927.81209878286,-351704.79426109465,-351647.91755010665,-34992.90688841755,-34981.53154621995,-34146.576550645,-34135.2012084474,-59752.99942970771,-59718.87340311491
434,644332,-4.500453738235292,-0.39413404504981364,-11.41858663254145,2.5372078676268943,410706.2692684117,-290161.7895807314,-290139.03764193103,0.6319806938869487,0.7544980830695587,-11.67265655355002,1.1938625504983011,388223.9806583141,-326433.0026137017,-326398.8747055011,0.6746002128256788,0.7577646669412154,-11.672597642827741,1.1232796144062687,388737.61940902536,-325581.0842390806,-325546.95633088,-8.851344742432687,-0.7630578087672847,0.3190896350361527,-11.02382652821636,0.6461068602390149,1.310516698093286,373568.3465255194,-351223.84231565957,-351166.9624686586,-36271.21303297026,-36259.83706357004,-35419.29465834919,-35407.918688948965,-61062.05273492815,-61027.92482672754
435,643932,-4.5507269367689105,-0.39854011169111836,-11.418491648077504,2.509157725069924,409557.6582655832,-291385.16938685876,-291362.41869003983,0.6301580385499929,0.7509880676118698,-11.67238874749357,1.191745596612414,388403.7553772159,-325532.3578204546,-325498.23177522625,0.6731167913545213,0.7554803250914748,-11.672081629136587,1.1223614308762262,388897.6610050414,-324714.0351599353,-324679.90911470697,-8.669963455731825,-0.747981492187147,0.34256192574418337,-11.056901210906853,0.5993321791975816,1.3369314755047406,373759.293027684,-350276.86459081434,-350219.9878487671,-34147.18843359582,-34135.81308518641,-33328.86577307654,-33317.490424667136,-58891.695203955576,-58857.569158727245
436,644278,-4.53808017378421,-0.39753087866462644,-11.415667102461047,2.515527858764505,408600.5693116051,-293395.19791238545,-293372.44614120753,0.6317151056641509,0.7596297185256022,-11.671514740620772,1.2024878172368048,387776.46683192154,-327094.747742069,-327060.62008530216,0.6757730091731864,0.7670232647687912,-11.671219542329062,1.135030926593606,388270.4936050025,-326274.4607220056,-326240.3330652387,-8.589921112944719,-0.7423584112201663,0.35754875652837476,-11.122793530757143,0.5923406604503014,1.3470582199727015,372856.1270615655,-352369.91657652194,-352313.03714857716,-33699.54982968356,-33688.173944094626,-32879.26280962012,-32867.88692403119,-58974.71866413648,-58940.59100736963
437,644366,-4.560802883232387,-0.3994785642157878,-11.416890145746997,2.503263227560381,410621.5612703782,-290344.0158241477,-290321.2637798144,0.6335883503144792,0.7587303354753395,-11.669106855280912,1.197513077850542,389650.81604703097,-324120.33894505637,-324086.2108785565,0.6775517410021449,0.7653470880790867,-11.668779224988048,1.1295773322744127,390151.5249422199,-323292.8476300437,-323258.7195635438,-8.625598260380032,-0.7446235802189635,0.34587436350745643,-11.06233063852842,0.6019636994037234,1.3429604253278424,375165.0296632896,-348528.1360459671,-348471.25593513396,-33776.323120908695,-33764.947098742065,-32948.831805896014,-32937.45578372938,-58184.12022181944,-58149.992155319545
438,645142,-4.52915561915804,-0.39673330098407567,-11.416121631140397,2.520584981194051,408553.59969015006,-294727.4007640811,-294704.64631262794,0.6277613615542704,0.7534774836882127,-11.671105683054765,1.2002610065434458,387584.0713826534,-328718.14758686366,-328684.0159096839,0.6709420464710719,0.7589627055918499,-11.67065872367091,1.131189660245228,388073.37972418155,-327904.19703822007,-327870.0653610403,-8.631367266092878,-0.7449872223526464,0.34234413529989266,-11.080102748902977,0.5980070223920753,1.342304901340497,372727.0099851439,-353930.495977634,-353873.60984900105,-33990.74682278256,-33979.36959705595,-33176.796274138964,-33165.419048412354,-59203.09521355288,-59168.96353637311
439,644030,-4.581101256570547,-0.4010949067428086,-11.421489476823638,2.4931755132987097,408723.4824968323,-292840.603616266,-292817.85261509026,0.6340583677172645,0.7588131815202345,-11.672413320926461,1.1967560403817583,387957.72205440834,-326419.9221592459,-326385.79565748235,0.6777879369917736,0.7642291162874943,-11.672400939550737,1.1275342545625298,388428.31317100977,-325639.18984261475,-325605.0633408512,-8.610594514613693,-0.743808143196362,0.35516162790252787,-11.100356904204407,0.5989846204711005,1.3444327131223737,373424.9357225558,-351004.57592239126,-350947.698419452,-33579.31854297989,-33567.943042392086,-32798.586226348765,-32787.21072576096,-58163.97230612527,-58129.84580436174
440,644098,-4.571902979654987,-0.40036495902560754,-11.419338472532422,2.4977210853661136,407109.8159081218,-295487.50066093775,-295464.7494486029,0.6364188952616425,0.7733150596616216,-11.66747762448682,1.2151038654245154,386802.3200416633,-328443.48352307477,-328409.3567045725,0.6812827091250122,0.7817482499330609,-11.667417617275632,1.1474652731713668,387292.1512338262,-327628.33926090336,-327594.2124424011,-8.630692591205188,-0.7454188269013704,0.3440039082027542,-11.079817648002635,0.6157429523489448,1.3415276941111045,372224.90202217246,-353182.8396981303,-353125.9616672932,-32955.982862137025,-32944.607255969604,-32140.838599965617,-32129.462993798195,-57695.33903719258,-57661.212218690314
441,644245,-4.583997318122718,-0.40142947763227926,-11.419184622813844,2.49109757932632,409426.6293579331,-292046.02768235415,-292023.2760136191,0.6336007734077523,0.7562759832523535,-11.671650198856133,1.193615940815233,388794.60773310787,-325355.68980345636,-325321.5623003538,0.677742636154723,0.7633941256941018,-11.671290920461171,1.126377602603454,389284.7519435248,-324544.0168174507,-324509.8893143481,-8.589494502747092,-0.7419854751724334,0.35898219632317696,-11.101514760744108,0.5845280472302836,1.3477352771192797,374260.5165080358,-349896.831832622,-349839.9526607844,-33309.662121102214,-33298.286286734685,-32497.989135096548,-32486.61330072902,-57850.80415026785,-57816.676647165325
442,645236,-4.560327531972421,-0.3993178459147379,-11.420294831867192,2.5042707463004783,410338.6294150653,-292051.362633429,-292028.60789058835,0.632356910293944,0.7643693608204482,-11.672825724926795,1.2087625649020577,389885.01824392675,-325040.84297454625,-325006.71086028527,0.6763648931093863,0.7713235199431936,-11.672698699941808,1.1403955583756917,390372.9930948568,-324233.7792151509,-324199.64710088994,-8.689788687425237,-0.7504337883905797,0.34289558711090096,-11.095854721668005,0.6249957669735167,1.3325625997526753,375220.56063806347,-349773.8077421451,-349716.92088504345,-32989.48034111725,-32978.10296969692,-32182.41658172192,-32171.03921030159,-57722.445108716085,-57688.312994455104
443,643848,-4.542602248541509,-0.3978093791358064,-11.419042603796251,2.5137667748618227,408750.327772673,-292533.5857104503,-292510.83527454553,0.629851681146178,0.7540300822502043,-11.673803731248027,1.197154988739653,387775.5383076551,-326448.12141437986,-326413.9957605227,0.6735315175852786,0.7608774415123892,-11.673330898578287,1.129683499059198,388282.1409777674,-325607.5262602198,-325573.4006063627,-8.61620869180052,-0.7440068558742271,0.35315377622276706,-11.104258238859652,0.5889497048022877,1.3440736360217735,373097.9327928864,-351287.4620729499,-351230.585983188,-33914.53570392955,-33903.16048597719,-33073.9405497695,-33062.56533181714,-58753.876362499606,-58719.750708642474
444,645107,-4.541438432030656,-0.3977556726314778,-11.417658488652949,2.5141061933427253,407237.85341208486,-296757.33081859973,-296734.57647565275,0.6329220780214271,0.7692838352176081,-11.667944890693727,1.215447938903412,386631.96553426137,-330251.9789768081,-330217.8474623876,0.6774489688735448,0.7776391344133524,-11.667630920687499,1.1478933028806624,387126.1731013244,-329427.9054365118,-329393.7739220913,-8.67464154038497,-0.7491137775439428,0.33795466810358826,-11.07754408457229,0.6271008120168781,1.3349107037900398,371934.4307981415,-355249.53276100993,-355192.64690364245,-33494.64815820835,-33483.27098673483,-32670.57461791206,-32659.197446438542,-58492.2019424102,-58458.0704279897
445,645297,-4.539220349230125,-0.39747255690361094,-11.420210704838443,2.5158969660451422,410121.16546459653,-292482.049803457,-292459.29487154714,0.6288408417994249,0.7497419419529916,-11.675018724785163,1.1922602542920222,388939.39237990225,-326699.5778083651,-326665.4454105004,0.6718001949848842,0.7544029439718056,-11.674782054849185,1.1229573161835418,389417.51231372415,-325906.80679064733,-325872.6743927826,-8.6624954961424,-0.7481292265726422,0.35207953360556704,-11.1111345633996,0.5986286857968701,1.3366674693103993,374148.27554395975,-351714.61384930107,-351657.7265195265,-34217.52800490812,-34206.150538953254,-33424.75698719034,-33413.379521235474,-59232.564045844076,-59198.43164797936
446,644526,-4.595074235995484,-0.40244124024345007,-11.418000384890403,2.4848348032002554,409575.23774601356,-292220.5729871321,-292197.82044624834,0.6382531278600876,0.7716083073649478,-11.66801156835153,1.2089377610290273,389357.7277589906,-324845.8245575905,-324811.69574626477,0.6829586406802434,0.7789519975314331,-11.667906536803386,1.140555153904456,389829.4221625733,-324065.47456251644,-324031.34575119073,-8.571021029700828,-0.7411952279696314,0.3608226169179994,-11.120807651405983,0.604000709990731,1.3491722049254375,374671.25423492293,-349623.5550718127,-349566.6737196032,-32625.25157045835,-32613.87530001643,-31844.901575384312,-31833.52530494239,-57402.98208468058,-57368.85327335488
447,645080,-4.547285621453483,-0.39818935862929306,-11.419907445811283,2.5113679668445927,408702.834243183,-294401.49042045034,-294378.73616121215,0.6299957642552788,0.7529673010150304,-11.67480194689789,1.1951942278613839,387843.7074239263,-328192.5756772841,-328158.44428842684,0.6730656237317935,0.7577308778253175,-11.674671610538214,1.125790489230604,388334.1734490937,-327377.32475755864,-327343.1933687014,-8.679977078351941,-0.7493870964283139,0.34581013276477324,-11.094796579296123,0.609182852053571,1.3344238308427554,373068.7807978046,-353243.25128535856,-353186.3656372631,-33791.08525683376,-33779.70812721469,-32975.8343371083,-32964.457207489235,-58841.760864908225,-58807.62947605096
448,644559,-4.53770119435905,-0.39729747133363064,-11.421419771757154,2.5170057001451434,409150.51781864715,-292937.2752298259,-292914.52258654387,0.6341829024086671,0.7642787719857118,-11.671594170472407,1.205139351885603,387840.5742548298,-327411.92301582085,-327377.7940508978,0.6784555123705409,0.7717104407491009,-11.67138185647843,1.1374517955535874,388336.75510647346,-326587.8384541575,-326553.7094892345,-8.661579770137292,-0.74791339354089,0.3452434163220935,-11.077676547747904,0.6179304762742803,1.337053205138688,373390.0928865524,-351882.2572037614,-351825.37559555634,-34474.64778599498,-34463.27146435395,-33650.56322433165,-33639.18690269062,-58944.9819739355,-58910.85300901247
449,643846,-4.497091546587961,-0.39403112607181273,-11.413036303554252,2.5378705737519542,407930.9762864123,-293822.5796069989,-293799.8291773068,0.6208695618044823,0.7451235255041078,-11.67425540728461,1.200128934229754,387700.4665327237,-326569.7653925269,-326535.6397479888,0.6634791529810543,0.7507466236360594,-11.673583307962872,1.131530086910654,388179.6944923211,-325774.41306980606,-325740.2874252679,-8.510969432791972,-0.7355673228587664,0.35838984649141775,-11.148492198105107,0.5722993172787156,1.359494867327061,372906.010426723,-351615.6517905892,-351558.7757163589,-32747.18578552804,-32735.81057068199,-31951.833462807175,-31940.458247961127,-57793.072183590324,-57758.94653905212
450,644189,-4.502893914670059,-0.3945320189037063,-11.413253421565978,2.53464852555876,409105.6656176005,-292469.8442753235,-292447.0927804429,0.6266847928679549,0.7574551960920025,-11.668675475430053,1.2086701396177033,388357.3982747923,-325996.2252584988,-325962.09801617794,0.6699403103552176,0.7634385300516416,-11.668543928316346,1.1395620150798944,388844.0782552629,-325189.4487909153,-325155.32154859445,-8.574933956005564,-0.740791288893341,0.347212758447772,-11.101758927792618,0.5985765686469213,1.349907882278,373692.49184420577,-350788.86380856676,-350731.9850713653,-33526.3809831753,-33515.005235735036,-32719.60451559181,-32708.228768151545,-58319.01953324326,-58284.892290922406
451,643729,-4.539879382086808,-0.39756395430080116,-11.41924294940453,2.515318577507128,409161.12454849045,-291713.90107483865,-291691.1510086205,0.6331405603515271,0.7647408886179887,-11.66883818240413,1.2078532580401982,388164.86757201847,-325622.81108705763,-325588.68598773045,0.6773179958499403,0.7717599080426523,-11.66855178867464,1.1394351143353283,388629.2785967971,-324853.0965322742,-324818.97143294703,-8.558240498579064,-0.7396047466235832,0.35343199352317756,-11.09819035786618,0.605286655510368,1.3520735292264736,373875.05769047904,-349764.1167689861,-349707.2416034408,-33908.910012218985,-33897.53497910994,-33139.19545743556,-33127.82042432652,-58050.21569414745,-58016.09059482027
452,645572,-4.57253852762508,-0.40039578515914076,-11.420046606653678,2.497528787928028,410284.00844202004,-292625.4739883573,-292602.7182043083,0.6321492646201361,0.7549017912264894,-11.673628837195041,1.1941828195910602,389578.52967728284,-326053.87888247805,-326019.7452064046,0.6752458707182982,0.7589497188289489,-11.673618066252109,1.1239605479136214,390042.781444838,-325285.0236107351,-325250.8899346616,-8.593900171952056,-0.7430202954108858,0.36248258416091916,-11.137430073726382,0.5943068746418395,1.3458582574073645,374756.1528587789,-351091.55620885245,-351034.66674873,-33428.40489412076,-33417.02700209629,-32659.54962237779,-32648.171730353322,-58466.082220495155,-58431.9485444217
453,644386,-4.560942493532195,-0.3993862217109832,-11.419879418956851,2.5038420096616463,409747.1359209983,-291746.7217589754,-291723.9696525666,0.6298547208009944,0.7501726474086008,-11.6742657320978,1.1910248865874922,388935.7426862354,-325334.04033117724,-325299.912171564,0.6736980872380607,0.7573249186583388,-11.673823954091015,1.1241310210084172,389421.1569573347,-324530.3108307613,-324496.18267114804,-8.514575182238856,-0.7357107185847065,0.36740530755638107,-11.131535950537444,0.5610193600308311,1.3592298912318543,374336.6650007233,-349983.33223083604,-349926.451964814,-33587.318572201824,-33575.94251899741,-32783.58907178586,-32772.213018581446,-58236.61047186062,-58202.48231224739
454,645048,-4.543909815513494,-0.39792837462869485,-11.418913817727615,2.5130150644147844,410773.5530224421,-291094.96169291466,-291072.2075328914,0.6308094881500351,0.7543152693856681,-11.67266535584316,1.1957893524998116,389457.43062258174,-325465.97621978115,-325431.8449797463,0.6737482378486268,0.7585488272920234,-11.672738618197126,1.125863912778721,389958.76804480155,-324636.158346661,-324602.0271066262,-8.730431978451477,-0.7533605959181275,0.33724891277260116,-11.063723031536053,0.6205986166906925,1.3273855912005734,374810.46168801695,-350189.3135132161,-350132.42811315804,-34371.01452686649,-34359.637446854904,-33541.19665374636,-33529.81957373477,-59094.35182030144,-59060.220580266614
455,644780,-4.566567476245164,-0.3998343210672766,-11.42114930017923,2.5010359224058174,409274.8906190449,-293062.7846920079,-293040.03136310325,0.6313044099394621,0.7601515001513569,-11.673093260608448,1.204096610420083,389112.8426761286,-325633.5543706524,-325599.4243772954,0.6756339649167455,0.7681959287527991,-11.672715400765897,1.1370001637609493,389587.21275049826,-324847.9775050641,-324813.8475117071,-8.525856097367795,-0.737054570180656,0.3635215971111104,-11.138701331063428,0.5832746705618782,1.3567516442573508,374515.70901166205,-350283.1282977691,-350226.2449755075,-32570.769678644545,-32559.393014192174,-31785.19281305623,-31773.81614860386,-57220.34360576124,-57186.213612404244
456,644415,-4.5550034326124935,-0.39862758426129946,-11.426714087168387,2.5086071297677743,409898.2917133928,-291551.1714125311,-291528.41921611613,0.6301086021422535,0.7462452603980477,-11.679172071082379,1.184312129466176,388152.31439727155,-326677.0285685125,-326642.90027389006,0.6729463846229466,0.7504933096654589,-11.679056348297626,1.1152349233378556,388658.3587116419,-325837.4350761381,-325803.30678151565,-8.783319804670713,-0.75719131257446,0.33555166095814076,-11.052294217928102,0.6159626705243282,1.3206701970734283,373512.2444757016,-351448.87679791066,-351391.9963068733,-35125.857155981415,-35114.481057773926,-34286.26366360701,-34274.88756539952,-59897.70538537955,-59863.57709075714
457,645055,-4.538027024655184,-0.3973870267503513,-11.419665764544671,2.5164384659900474,410405.8990324278,-291682.72176787606,-291659.96758614917,0.6282543943988719,0.7453951987616253,-11.674624712809658,1.1864544130643708,388880.9963054452,-326431.95871508814,-326397.8274424978,0.6708873136569002,0.7493865297974,-11.6744215045849,1.1170080497015407,389382.5962932451,-325600.4676161622,-325566.33634357183,-8.690265063444354,-0.7497808709209023,0.3435364666365865,-11.07330929066026,0.5961927653447466,1.3337230099932684,374137.1190748241,-351359.9898124211,-351303.10435810377,-34749.23694721208,-34737.8598563486,-33917.74584828614,-33906.368757422664,-59677.268044545024,-59643.136771954596
458,646479,-4.508420297427332,-0.3949989337779775,-11.413753081068927,2.5316524033001158,412932.42893073923,-289784.572798762,-289761.8142067739,0.6301874303223919,0.7631661745517552,-11.6673278934678,1.2110145931684704,391788.9314418238,-323761.9710502512,-323727.83316226903,0.6737429294525086,0.7691677384527766,-11.667313784153395,1.1416338559245607,392271.6634505943,-322965.9199599064,-322931.7820719242,-8.59580027267682,-0.7427495143384049,0.3465702129399382,-11.095537599793609,0.6119354647567341,1.3463489113025378,377156.1439027987,-348365.5335291407,-348308.6370491703,-33977.39825148921,-33966.01895549515,-33181.34716114437,-33169.967865150305,-58580.96073037869,-58546.82284239645
459,644655,-4.555410219581578,-0.39889142650815856,-11.420175809390091,2.5069478398015828,408769.65035082365,-293677.2846531375,-293654.53171199956,0.6341287194508203,0.7661104700110952,-11.671285076806884,1.208130851847518,387933.72255068325,-327401.88623556297,-327367.7568238561,0.6784890308740316,0.7735920809724134,-11.671255363485665,1.140168883756116,388414.2282782114,-326603.89234892285,-326569.762937216,-8.540824037568175,-0.7387455434466151,0.3636827924942525,-11.143295227263419,0.596250234244512,1.3536460678117974,373324.8144427912,-352143.3874105073,-352086.50505766255,-33724.60158242547,-33713.22511185653,-32926.60769578535,-32915.23122521641,-58466.10275736981,-58431.97334566299
460,643006,-4.493606039214429,-0.39351553731081773,-11.419132443721427,2.5411957221149093,410126.10041113436,-289148.9701608005,-289126.2223421316,0.628686280541505,0.757686124624178,-11.672828017306403,1.2051895326418796,388694.43530249543,-323657.8434440753,-323623.721716072,0.6723141659336228,0.7646368497798157,-11.672420226620241,1.1373207475377038,389191.1873243016,-322836.6055534096,-322802.4838254063,-8.645724253991284,-0.7462176471269976,0.34075606491741556,-11.070541564262829,0.6163728864192439,1.3400915990798212,374345.7600241019,-347839.6519928891,-347782.78244621697,-34508.87328327482,-34497.4993739404,-33687.63539260911,-33676.26148327469,-58690.68183208862,-58656.560104085365
461,645420,-4.486212710764635,-0.39300298172072695,-11.415212910401266,2.544509956697003,410829.52205496974,-291547.01180997654,-291524.25649688323,0.6226832146140404,0.7353858410567355,-11.67760549802712,1.180995125286221,388956.54774919443,-326856.395241073,-326822.262271433,0.6641181732877295,0.7372763987641945,-11.677215823647467,1.110158445317486,389450.62696419586,-326037.0588831093,-326002.92591346934,-8.532956466798916,-0.7367396869653858,0.36087678821516833,-11.12143152218182,0.5573734752346079,1.3573315211495902,374223.01982832374,-351775.74391139887,-351718.8556286656,-35309.383431096445,-35298.00577454979,-34490.047073132766,-34478.66941658611,-60228.73210142233,-60194.599131782365
462,645339,-4.550192655206836,-0.3984550696851277,-11.419587806481037,2.509693252968855,409131.5012898987,-294102.2387444937,-294079.4836824155,0.6288888694396756,0.7560535521847095,-11.674714613601191,1.20220533217313,388827.11954814586,-326949.15631613194,-326915.02372301463,0.67237691146399,0.7623443546332355,-11.674228736442807,1.1338050751525006,389307.774161255,-326151.9032708626,-326117.7706777453,-8.587089923110542,-0.7421832028455997,0.3593901956379623,-11.146292873511474,0.5880323252918095,1.3473762221590393,373885.5111771431,-352232.88853281783,-352176.0008776223,-32846.917571638245,-32835.540040599124,-32049.6645263689,-32038.286995329778,-58130.64978832414,-58096.517195206776
463,643886,-4.554396297032739,-0.3987596949454183,-11.421405810976305,2.5077760181777617,409202.94723472715,-291876.2558333523,-291853.5052794107,0.6340386409983325,0.7587632163307769,-11.67407453345129,1.1967144701718146,387978.9672373088,-326167.6927541717,-326133.56692325935,0.6776048848945828,0.7639514245425212,-11.674265659827618,1.1274290395078417,388451.68602285534,-325383.6509488119,-325349.5251178996,-8.511463460215104,-0.7360972773090175,0.37079755993592967,-11.149652400972242,0.5763957514089402,1.358516096752515,373442.1256322288,-350752.4685567088,-350695.59217185486,-34291.4369208194,-34280.06164384866,-33507.39511545963,-33496.01983848889,-58876.2127233565,-58842.086892444175
464,644316,-4.567782775776072,-0.3998490422177973,-11.423768206222203,2.5009438423396326,410027.7064511642,-291203.9941312442,-291181.2422421083,0.6348853038951805,0.7623118919875896,-11.672541068875143,1.2007080449186887,388864.88319060154,-325346.0997235026,-325311.97188979865,0.6791818607991231,0.7695578398278629,-11.672285014937852,1.1330659492619601,389350.4945235877,-324541.98507556436,-324507.8572418604,-8.627094400799162,-0.7447841791486791,0.3504501968487397,-11.069425494684369,0.608416377411391,1.3426708407569072,374601.22484057135,-349420.1110444327,-349363.2313215928,-34142.10559225839,-34130.72964769037,-33337.99094432016,-33326.61499975214,-58216.11691318848,-58181.98907948454
465,645965,-4.500934390254655,-0.39435159528773295,-11.413506231591667,2.535808177142949,409859.7016533277,-293865.12403981644,-293842.36703861295,0.6239683439838722,0.7458773105229153,-11.672386987591238,1.1953768451788542,389015.5320252844,-327579.6800777087,-327545.5445759035,0.6659430605822219,0.7486472099054706,-11.672342398585931,1.1241910220536604,389494.0975135963,-326785.5046870217,-326751.36918521655,-8.519258956507397,-0.7360043682933711,0.3561232661613994,-11.116824202627537,0.5759272713951145,1.3586875881168687,374286.0866308557,-352509.17226014583,-352452.2797571372,-33714.55603789224,-33703.177537290554,-32920.38064720528,-32909.0021466036,-58644.048220329394,-58609.912718524225
466,644807,-4.5503959208331635,-0.39843511035989915,-11.420670022586298,2.509818974278442,409027.067154457,-293492.6180963543,-293469.8646837019,0.6335901596132134,0.7635002783024135,-11.670527027179439,1.2050380939762482,388094.0193992402,-327364.71843363007,-327330.5883146515,0.6775217663044895,0.769687377648253,-11.670423769648567,1.136033432322738,388556.9873024122,-326595.9690789663,-326561.83895998774,-8.556305339348576,-0.7400936167000636,0.3627115259718635,-11.13676120261835,0.6001099746344628,1.3511804147951032,373643.9585707849,-351827.4472425221,-351770.5637108911,-33872.10033727577,-33860.72363094962,-33103.350982612,-33091.97427628585,-58334.82914616779,-58300.69902718923
467,644912,-4.540425181936515,-0.39764254967897633,-11.418358487043395,2.5148214163884552,408943.67546690814,-293776.91634472273,-293754.162606418,0.6317210514278526,0.7598251446759929,-11.672008101557546,1.202785854545439,388186.36025973473,-327369.6074386369,-327335.4768311798,0.6757376224806396,0.7671155709240082,-11.671673354452919,1.13522696591603,388677.86058664846,-326553.57165627717,-326519.4410488201,-8.525427069018315,-0.7370588511620502,0.3632154802995729,-11.136224577594819,0.5820178283106496,1.356743763979492,373382.01308675396,-352442.02703028574,-352385.14268452395,-33592.69109391415,-33581.314224761794,-32776.65531155444,-32765.27844240208,-58665.110685563006,-58630.98007810593
468,643662,-4.512818347235663,-0.39526151931212805,-11.417297477096433,2.529970541378012,409939.8225029712,-290392.71645700047,-290369.9665989553,0.6288589287282158,0.749723609107726,-11.673649959631486,1.1921968105373697,388325.7384078987,-325255.21911482164,-325221.0943277539,0.6717765739444893,0.7545366500257648,-11.673279716051178,1.1231958351797395,388820.5118721309,-324435.6387065065,-324401.51391943876,-8.60325118031162,-0.7428842909764554,0.3538529680142447,-11.09831530393547,0.5869448577193971,1.3461046520254034,373799.81230990257,-349790.27061633876,-349733.3959712258,-34862.50265782117,-34851.1277287986,-34042.92224950605,-34031.547320483485,-59397.554159338295,-59363.42937227053
469,644530,-4.548428692085268,-0.39839196886076184,-11.416968833713979,2.5100907602620386,410719.3758372121,-290428.4184089295,-290405.6658556335,0.6324699314628023,0.7629830534793408,-11.669775597205627,1.2063546668767042,389934.5470249544,-323897.69954873866,-323863.5707187947,0.6765191576297935,0.7700303146081511,-11.669753105937275,1.1382239599924662,390432.38149736397,-323075.34461722255,-323041.2157872786,-8.69694527321433,-0.750958240119921,0.3391988302613572,-11.07773950322311,0.624858898679626,1.3316319690963234,375236.2214721073,-348658.56940222334,-348601.6880189834,-33469.28113980917,-33457.90486316121,-32646.926208293065,-32635.549931645102,-58230.15099329385,-58196.0221633499
470,645607,-4.550570505644417,-0.3984573660547916,-11.420470276909553,2.5096787892295875,409657.40824267134,-293663.087442775,-293640.331550298,0.6325238712765416,0.757389089757509,-11.674092270779704,1.1974079147858372,388560.5836614817,-327795.6986045092,-327761.5647657937,0.6760814902316598,0.7630586680547197,-11.673997414687756,1.128648955902131,389061.05358307157,-326964.6853872741,-326930.5515485586,-8.666876344511083,-0.7482509629144828,0.34851864480721756,-11.096657835988431,0.6016017892555345,1.3364500008191629,373666.7601892606,-353025.06450045033,-352968.1747692578,-34132.61116173415,-34121.23321549565,-33301.59794449905,-33290.21999826055,-59361.97705767531,-59327.84321895975
471,644986,-4.546134538549597,-0.39815104848937344,-11.418115199741669,2.511609610960725,409219.161595683,-293450.27982503717,-293427.52585725696,0.6325224754707536,0.7605712270735364,-11.670986220923142,1.2024414255121652,388353.0070819323,-327204.34573713667,-327170.2147854663,0.6760564305670823,0.7658716035454111,-11.671015431930295,1.1328515918456554,388829.83833749493,-326412.8987189654,-326378.76776729507,-8.568517289875887,-0.7406174510315541,0.3577314634451744,-11.12335137352102,0.5929130638958132,1.3502247328997854,373594.1066558538,-352190.20337816724,-352133.3184587167,-33754.0659120995,-33742.68892820936,-32962.618893928244,-32951.24191003811,-58739.923553130066,-58705.79260145972
472,645959,-4.520367685719588,-0.3958604793181446,-11.41909314490236,2.5261425483101116,410844.1523746178,-292306.7122085889,-292283.9552259624,0.6298706516278688,0.750638210167642,-11.67384273062831,1.1917339031873537,389105.0801304247,-327421.960129305,-327387.82465536526,0.6728767849814261,0.7553724120686797,-11.673580643889501,1.122601386953082,389593.18245219294,-326612.16217774793,-326578.02670380817,-8.611768875207922,-0.7434992374703493,0.35149167663526754,-11.089622846130533,0.5913573983919626,1.3449912919915805,374549.4355971502,-352045.55880314624,-351988.66634657996,-35115.24792071612,-35103.86942940287,-34305.44996915903,-34294.07147784578,-59738.84659455734,-59704.711120617576
473,646255,-4.55072049513872,-0.39858895519443177,-11.417076253201442,2.5088502502840297,409689.49303602887,-294555.55474542466,-294532.7968465412,0.6284302364762885,0.7537018791701631,-11.671916301003783,1.1993405718290915,389495.93945173745,-327219.22362426907,-327185.0867759439,0.6719718739049433,0.7599807631333009,-11.67149639424605,1.1309710906751542,389955.5889852944,-326457.01883563184,-326422.8819873067,-8.400866558605088,-0.72699477046239,0.3757864759163934,-11.172528019260646,0.5560295742696612,1.3755257130171248,374848.92042865197,-351986.4196628871,-351929.52491567854,-32663.668878844415,-32652.2899294027,-31901.464090207184,-31890.08514076547,-57430.86491746246,-57396.728069137316
474,644705,-4.538255416255993,-0.39751544848130693,-11.416551063849795,2.5156255029092907,409398.6272944067,-292758.8147480475,-292736.0616517939,0.6282850750382618,0.7570006521265108,-11.671355593188672,1.204868111948084,388814.6820622253,-326014.88012301846,-325980.75047863805,0.6716629311411613,0.762906840975855,-11.671085658411814,1.1358477676885779,389296.8286088889,-325215.9141010887,-325181.7844567083,-8.587494663563945,-0.7418690988145039,0.35072979831406287,-11.11044427687302,0.597893287144613,1.3479466951757197,374187.3017230877,-350732.96729729464,-350676.08455666056,-33256.06537497096,-33244.688826844154,-32457.09935304121,-32445.722804914403,-57974.15254924714,-57940.022904866666
475,645991,-4.577820323959597,-0.4009588759418002,-11.417181657861777,2.49402135730536,410816.30365820765,-292396.98313458444,-292374.2260528829,0.6343601069528669,0.7675605790816301,-11.66816740907374,1.209976117143602,390599.7363302764,-324993.5116214035,-324959.37599885114,0.6791244968188141,0.7758774673729111,-11.667991861546739,1.142467207422662,391066.0509035535,-324222.7600849768,-324188.6244624244,-8.361791420991725,-0.7243570781627376,0.38042859767447984,-11.183257264413884,0.5644306823961073,1.380534587356286,376072.6832578138,-349473.1597681171,-349416.2670638632,-32596.528486819065,-32585.149945968238,-31825.77695039235,-31814.39840954152,-57076.17663353268,-57042.04101098032
476,645637,-4.533186572499869,-0.39706645481309666,-11.416694907238353,2.518470114708407,410158.2731235313,-292917.83266134135,-292895.0766759307,0.6304321056858346,0.7571814862134294,-11.67121831226092,1.2010515952224652,388907.9696022938,-327263.96871898806,-327229.8347408721,0.6731920059125173,0.7607576747792378,-11.671469635819449,1.1300753248666768,389391.33645429235,-326462.016149021,-326427.882170905,-8.599967748480001,-0.7435311738017392,0.35580846934839266,-11.126569104092747,0.6051291637550451,1.344933521599254,374272.16338939685,-352026.2755838571,-351969.38562033046,-34346.13605764671,-34334.75806494139,-33544.183487679635,-33532.80549497431,-59108.44292251574,-59074.30894439976
477,644754,-4.549302673119925,-0.39850175810420174,-11.41601656856519,2.5093992176027395,409102.57842254464,-293296.47799808846,-293273.7247498331,0.6336705469991936,0.7687253259755776,-11.668088940304072,1.2131309078762595,388604.28052647895,-326437.6546886398,-326403.5248162568,0.6782501442366059,0.7768798240666087,-11.667689315328609,1.1454178530857726,389083.6009041961,-325642.87884777464,-325608.7489753916,-8.64625464970883,-0.7471129122464952,0.3472664708450795,-11.109813271811213,0.6136815565335181,1.3384857678247029,373702.0794918706,-351645.24536714016,-351588.3622465018,-33141.176690551336,-33129.80006642366,-32346.40084968618,-32335.024225558504,-58348.7673690517,-58314.63749666867
478,645344,-4.569461582953526,-0.40014691244843603,-11.41945980538425,2.4990821343120135,409934.8524773607,-292843.59307483287,-292820.837997259,0.6334687587700593,0.7596391074800654,-11.671399502949372,1.1991737508176061,389175.4137931456,-326378.8774981267,-326344.74488176586,0.6775999834153374,0.766604531771232,-11.671066295151926,1.1313526424650735,389657.98548818304,-325579.15630460024,-325545.0236882394,-8.465517321137597,-0.7324885513013997,0.3735353627809643,-11.157314701299079,0.5705993226412752,1.3652090510129031,374584.8669507297,-351034.62424105284,-350977.7365471181,-33535.28442329384,-33523.90688450687,-32735.563229767373,-32724.185690980405,-58191.03116621997,-58156.89854985912
479,644521,-4.540348372709249,-0.3976332205704941,-11.418433213892692,2.514880418103084,410167.8667624827,-291281.39965784404,-291258.64713247557,0.6324161201995832,0.7596656851692113,-11.67197600448885,1.2012117669130091,388854.3135349505,-325672.1674184043,-325638.0386303516,0.6761536064554635,0.7655754255145165,-11.671830824542226,1.132250746287993,389326.42225829896,-324890.1279516907,-324855.999163638,-8.438910099018653,-0.7304674580232529,0.37501651078444215,-11.175095977295317,0.5690877616206395,1.3689863785392165,374124.86319806386,-350556.44742365234,-350499.5661102312,-34390.767760560266,-34379.39149787603,-33608.72829384665,-33597.352031162416,-59275.0477658083,-59240.918977755646
480,643768,-4.505774944773098,-0.3947013562475585,-11.415656099106625,2.533561094157466,409732.0486069224,-290872.91858500335,-290850.1683976199,0.6263323672518939,0.7485564535740081,-11.673061436251642,1.1951425356770027,388258.06756960973,-325526.98750922416,-325492.86222814897,0.6685531304834508,0.7517032657500025,-11.672805254174888,1.1243732644052138,388753.3746697764,-324706.2456588069,-324672.1203777317,-8.642677608681582,-0.7460412055416887,0.3446420777792321,-11.091303570864643,0.5965558227633739,1.3404085358447673,373508.1358410034,-350456.4144758304,-350399.5390073717,-34654.0689242208,-34642.69383052905,-33833.32707380352,-33821.95198011177,-59583.495890827035,-59549.370609751786
481,644891,-4.507611934524165,-0.3947762976517531,-11.418142277884419,2.5330801417113884,410029.82538957096,-292035.79758980084,-292013.04391662235,0.6252981060104205,0.7490692927867135,-11.675062631557283,1.1979394877204865,388895.8308612295,-326160.3853197549,-326126.25480998715,0.6678210462064449,0.7531961846956436,-11.675012031565942,1.1278413415901938,389379.1627281034,-325359.3923195966,-325325.26180982887,-8.51689200763226,-0.7362115561883071,0.3616365281574137,-11.14390603281045,0.5795323302772146,1.3583052202785872,374233.11834438,-350941.2273258287,-350884.34314288246,-34124.587729954044,-34113.2108933648,-33323.59472979576,-33312.217893206514,-58905.42973602784,-58871.299226260104
482,645727,-4.550028179992441,-0.3985993452357121,-11.415041781621033,2.5087848536445763,409389.9513331984,-294259.40254225547,-294236.6462780698,0.6296237681749991,0.7568989042929467,-11.66893751352925,1.2021447450861995,388940.54190703377,-327345.5160464513,-327311.3816501728,0.673335045275449,0.7636453568452845,-11.668614095730401,1.1341238840953112,389418.81080066354,-326551.9720987366,-326517.83770245814,-8.48962999607353,-0.734226101908696,0.3647017916605561,-11.134758092114723,0.5784750548328647,1.3619782753574103,374382.7509986442,-351974.587520219,-351917.69685975485,-33086.11350419582,-33074.735372102994,-32292.569556481147,-32281.191424388322,-57715.18497796351,-57681.050581685035
483,643218,-4.5174000579633535,-0.3956490671146281,-11.417694197809304,2.5274923742213153,408884.4233729235,-291406.6673875621,-291383.9189095991,0.6269449679981562,0.74936230199704,-11.672763607948953,1.1952600949805274,387654.3208429365,-325700.09649479395,-325665.97377784934,0.6697234859739785,0.753914443426478,-11.672542331345644,1.1257100269226197,388134.59452503436,-324903.69244570937,-324869.56972876476,-8.59449217973649,-0.7422256959286766,0.3501634386347422,-11.092934176322666,0.5980148714274683,1.347299083668607,373303.3477642864,-349959.9923081662,-349903.1211132586,-34293.429107231845,-34282.05486825027,-33497.025058147265,-33485.65081916569,-58553.32492060412,-58519.202203659515
484,644349,-4.57149638390708,-0.40020499803611503,-11.422886786372773,2.4987194185659787,409215.4365838503,-292529.63901970914,-292506.8870281416,0.6319610194921038,0.7510226731978075,-11.674179810618362,1.1884003127303508,388102.8193388699,-326659.7426679649,-326625.6146806136,0.6751597038366329,0.7554644697101927,-11.673886402589869,1.1189418820720836,388571.46082158934,-325882.1484689297,-325848.0204815784,-8.556955578842414,-0.7393875619375918,0.36507009821101283,-11.119039596833758,0.5778867869884619,1.3524706817889443,373649.4311625272,-351110.2658821898,-351053.385903271,-34130.103648255754,-34118.72765247204,-33352.50944922055,-33341.133453436836,-58580.626862480654,-58546.498875129386
485,644162,-4.5508493890999695,-0.398406214818089,-11.422636544909,2.5100010060249605,408890.7032373425,-292769.14676363923,-292746.39535258675,0.6320585297250909,0.7548411331964031,-11.67444064696919,1.1942582809929256,387786.1771360653,-326903.7345919541,-326869.60747537535,0.6754933827443735,0.7602763600143012,-11.67432811374175,1.1255126688665313,388270.63454946794,-326099.4916752747,-326065.36455869593,-8.512987747023445,-0.7355837920045849,0.3661718854137333,-11.123455431539103,0.5702315543040918,1.3594644293002136,373407.1769953665,-351239.1679067603,-351182.28937912907,-34134.58782831486,-34123.212122788595,-33330.344911635446,-33318.96920610918,-58470.02114312106,-58435.894026542315
486,644832,-4.545563567903573,-0.39801188774376206,-11.4206728690224,2.5124877693195806,409472.7742499575,-292826.72224192746,-292803.968751734,0.6268890644567606,0.7437213410047048,-11.676917460661052,1.1863683435747707,388661.0331311437,-326460.98559984786,-326426.85536455765,0.6698496378814981,0.7487334802922129,-11.676663851798555,1.1177635068374403,389125.7182763656,-325690.48163671594,-325656.3514014257,-8.377325091196745,-0.7247718744165339,0.3821923680225189,-11.183930307136299,0.5373017354303198,1.379744489678265,374185.8023013576,-350931.65636286314,-350874.7726373795,-33634.2633579204,-33622.88661282364,-32863.759394788474,-32852.38264969172,-58104.93412093568,-58070.803885645466
487,645578,-4.552372277238381,-0.3985676284748955,-11.421831458460053,2.5089844948684457,409372.4137425893,-294070.1752297156,-294047.4194270785,0.6307012038871976,0.7511313147913657,-11.673026331930474,1.1909463786685706,387781.79717017815,-329047.1960425815,-329013.06233862595,0.6740875425041568,0.7564494977566787,-11.672752298068826,1.1221828769399251,388259.9646531368,-328251.6346138923,-328217.50090993673,-8.565845135047915,-0.7400203177676306,0.36001036182264307,-11.108462676045967,0.5828057405940653,1.3513142490690426,373365.45618938975,-353500.97520132,-353444.0856947274,-34977.02081286593,-34965.642911547446,-34181.459384176705,-34170.08148285822,-59430.79997160443,-59396.66626764886
488,644580,-4.545136173863708,-0.3980924017960006,-11.417289436719338,2.511979619526731,410181.471453216,-291345.68741456966,-291322.9347061279,0.632694698097127,0.7565535084431373,-11.67039238085933,1.1957639454203177,388980.02787864016,-325552.62767859927,-325518.4986159366,0.6761336810574275,0.761692214760959,-11.670270958621254,1.1265408544205693,389459.85396240745,-324757.9964078746,-324723.86734521197,-8.557801368972559,-0.7394566626551076,0.359831548592783,-11.107520789914677,0.5819413502335252,1.3523442961611576,374370.4742961127,-350224.5165759334,-350167.6348048289,-34206.9402640296,-34195.5639098087,-33412.30899330496,-33400.93263908406,-58878.82916136371,-58844.700098700996
489,645623,-4.513362216158461,-0.3953170643992346,-11.41706903803265,2.529615061064225,410967.1918053725,-291625.4302372863,-291602.67429524416,0.6263963251969933,0.7445894057813989,-11.67510077487144,1.1886873786292336,389379.67022690404,-326460.2804238758,-326426.14651081257,0.6686043749705244,0.7478185188833331,-11.674791335313763,1.1184768554891686,389890.0405557191,-325614.5992294088,-325580.46531634557,-8.751101113739582,-0.7545607442358114,0.3316117946190995,-11.059600553152542,0.6073125772523856,1.325274350195304,374399.39899929054,-351785.19685262104,-351728.30699751567,-34834.850186589465,-34823.472215568414,-33989.16899212246,-33977.79102110141,-60159.76661533472,-60125.63270227151
490,644111,-4.55521320036016,-0.39885390771547685,-11.420756102030293,2.5071836596204338,407758.328104782,-294481.23405339534,-294458.48280069436,0.630268773093892,0.7557572151889652,-11.67456061866766,1.1991030611893874,387273.2012185282,-327679.4689293286,-327645.34205027716,0.6739578687178132,0.7622064101595662,-11.674444154312633,1.1309407390845418,387761.6630518717,-326867.57337185595,-326833.4464928045,-8.600584904002254,-0.7429847452163093,0.35570403579170723,-11.123206272093524,0.5914821816241503,1.3459226537805489,372478.5053706907,-352764.2737303534,-352707.39559860097,-33198.23487593327,-33186.859249582805,-32386.33931846061,-32374.96369211015,-58283.039676958055,-58248.91279790661
491,644962,-4.539502835936664,-0.39758650867222833,-11.417648076381397,2.5151758879836725,408227.80720712827,-294979.7099242229,-294956.95603086427,0.6275588792663191,0.7563881158822494,-11.669867722131459,1.2052862940391265,387682.6346317918,-328282.46190356946,-328248.3310635315,0.6711052891507365,0.7628013119002467,-11.669363583721308,1.1366343317984406,388151.57325635955,-327502.79112614,-327468.66028610204,-8.453598784460896,-0.7309114417724166,0.36436597021943967,-11.136843900201091,0.5699864726199247,1.368154803508151,373266.96405351243,-352718.1153087141,-352661.2305753175,-33302.75197934656,-33291.375032667245,-32523.081201917084,-32511.704255237768,-57738.4053844912,-57704.27454445325
492,644958,-4.5016480787643465,-0.3943294997696831,-11.41595564469215,2.5359502664245817,410604.3915186858,-291230.00872222945,-291207.2548412747,0.6297397855985049,0.7603504696805441,-11.671243075818388,1.207404212134869,389244.55166333937,-325683.2041405034,-325649.07331907126,0.6730771222449241,0.7661612869318697,-11.67123120012688,1.1382964323263292,389747.65069446503,-324850.1334395442,-324816.002618112,-8.661133490590553,-0.7479621650768385,0.34140394184051537,-11.085957761559978,0.6222020670613696,1.336966021399317,374583.47501264187,-350441.1658034438,-350384.2811010569,-34453.19541827397,-34441.818477796565,-33620.12471731473,-33608.74777683732,-59211.15708121436,-59177.0262597822
493,644581,-4.592149410466905,-0.4021236235342948,-11.419745425812485,2.486797446046379,409606.05124663305,-292252.0202107257,-292229.26749918115,0.6366489203543744,0.7699241203223117,-11.667489051355153,1.2093386098789787,389278.6119283268,-325059.53723944194,-325025.40817212505,0.6816999171792818,0.7787270133992871,-11.667204104898913,1.1423310958016266,389756.7076100809,-324268.3755973427,-324234.2465300258,-8.546595148906261,-0.7389014751949698,0.3592569234465818,-11.10879911312684,0.6003059210043341,1.3533604053722257,374939.83734883333,-349246.49066236825,-349189.6088835068,-32807.51702871622,-32796.140672943904,-32016.355386616953,-32004.97903084464,-56994.470451642526,-56960.34138432564
494,644778,-4.53934738420497,-0.39762188025289913,-11.416241433489054,2.5149521433880118,408837.8566148251,-293748.75365433487,-293726.0003316339,0.6254755246550622,0.7482693738140048,-11.672107043260349,1.196320790052754,388468.88891579537,-326698.48942645657,-326664.3594424051,0.6685773343396146,0.7541289937180028,-11.671608048524751,1.127960753355319,388950.37214147067,-325899.82171514723,-325865.6917310958,-8.524622221074981,-0.7362971457638768,0.35758933620294825,-11.116476128784724,0.5685400789641587,1.3581473264608988,373753.1524402472,-351594.22144276387,-351537.33813601144,-32949.7357721217,-32938.35911077121,-32151.068060812366,-32139.69139946188,-57845.467788429,-57811.337804377545
495,645400,-4.5351174923743915,-0.39718552948137326,-11.418133732858147,2.5177150872181935,410533.4467092131,-291983.27021452604,-291960.5149634088,0.6308404314496809,0.7627451865051945,-11.667965909343945,1.2090936922866444,389683.6494468212,-325620.905085418,-325586.7722087422,0.6747491192500734,0.7694702194725533,-11.66778653971304,1.1403797315478594,390153.8891600062,-324842.55643547827,-324808.42355880246,-8.498996881763803,-0.7352904207957129,0.3636794378230332,-11.139949397522654,0.5909697066434528,1.3600068377306276,375173.5770524333,-350107.55274237035,-350050.66461457737,-33637.63487089198,-33626.2572453334,-32859.28622095223,-32847.908595393645,-58124.282527844305,-58090.149651168555
496,644015,-4.580924363339177,-0.401115865787229,-11.420451680086666,2.493045240275905,408528.3934174535,-293126.25338659197,-293103.5024319985,0.6355670034917273,0.7716609220254572,-11.668483346567065,1.2141299308901288,388484.60714284814,-325523.27670044074,-325489.1502685505,0.6806842196381476,0.7808382157422467,-11.668278732294482,1.1471372381121763,388949.27273322374,-324753.4320781101,-324719.3056462199,-8.49963783537284,-0.7356210406575195,0.3665297085532999,-11.150085430126076,0.5974664141009922,1.3593955919289242,374039.6266636578,-349922.1657720996,-349865.28838561586,-32397.023313848767,-32385.647836552,-31627.178691518144,-31615.803214221378,-56795.9123855076,-56761.785953617364
497,644460,-4.5398883349301835,-0.3975956438427394,-11.418355319621764,2.5151180992202447,410236.1737230705,-291085.5184815283,-291062.7661454567,0.6339197814371585,0.7649060760541656,-11.672207121348675,1.2066291326641492,389387.5674145768,-324697.1745100727,-324663.0460059652,0.6783723696245053,0.7729540257393296,-11.672147349824831,1.1394243933714125,389869.87106137665,-323899.42672465823,-323865.29822055076,-8.517721689072339,-0.7371461716691686,0.3693040795617836,-11.169658378151812,0.5852593667473872,1.3565830474784046,374589.5430117063,-349662.31986438704,-349605.43902420794,-33611.656028544356,-33600.27986050851,-32813.9082431299,-32802.53207509406,-58576.80138285871,-58542.67287875124
498,645671,-4.493204402887583,-0.39360938589927497,-11.415389378030225,2.5405898228654054,410016.2763895181,-293190.829070768,-293168.07298003783,0.6224109776380038,0.7371903465628845,-11.67419971956958,1.184410900592497,388126.32275089936,-328614.21201677236,-328580.077880677,0.6636673591751124,0.7383075753787707,-11.674005812317922,1.1124663058560396,388616.08594204474,-327799.97571974853,-327765.8415836532,-8.591647409349436,-0.7416393589184086,0.3505157778438748,-11.094598112984897,0.576646181829573,1.3483642527526845,373415.8095823236,-353557.8359983022,-353500.94577147666,-35423.382946004334,-35412.00490063918,-34609.1466489805,-34597.76860361535,-60367.00692753418,-60332.87279143883
499,645754,-4.555267201229901,-0.39906687877842556,-11.414796475152047,2.5058456443718833,410256.2671803869,-292933.6618856619,-292910.90553785133,0.629218655992768,0.7456410530989098,-11.673122123086555,1.1850269314129807,388931.0548602545,-327401.955708597,-327367.8211868811,0.6721490193670647,0.7502508077627738,-11.672667097460886,1.1161971321021256,389428.2901354735,-326576.90821952396,-326542.7736978081,-8.703372148706634,-0.7511970130820922,0.3477981640104037,-11.098865080364305,0.5852151564269805,1.3312087010265017,373629.89405172074,-353316.1782761818,-353259.2874066554,-34468.293822935084,-34456.915649029776,-33643.24633386207,-33631.868159956764,-60382.516390519915,-60348.38186880405
