x,b,D_raw_interp,D_smooth,D_final,D_var_source,p_emp,p_closed,ratio_pemp_over_pclosed,J_raw,J_smooth,S_raw,S_smooth
-10.93850148498482,0.5816808027267262,0.09529124662012443,0.09529014852154433,0.09529014852154433,D_mean_resid2,0.3239413957815493,0.04149370514938826,7.807000956296263,0.33314949215313927,0.26888595112412284,-2.9088725823117723,-2.8210179540482736
-10.9296606433914,0.5764880765277407,0.09529124662012443,0.09528631499188497,0.09528631499188497,D_mean_resid2,0.3105271303151716,0.043785793244322226,7.0919608235129585,0.2818672794939856,0.2431690694084618,-3.0105805984013703,-2.729991744754518
-10.92081980179798,0.5712883580573755,0.09529124662012443,0.09527346944415224,0.09527346944415224,D_mean_resid2,0.30490991658048927,0.04618680810981863,6.601666775835716,0.18989491424179142,0.2156538187747425,-3.06952990041572,-2.58784938109094
-10.91197896020456,0.5660818881782959,0.09529124662012443,0.09523900518891437,0.09523900518891437,D_mean_resid2,0.3077659499317688,0.04870765996712392,6.3186355111188,0.12322108565274781,0.18889461417677836,-2.8607317581835474,-2.3884566654819963
-10.90313811861114,0.5608689132692724,0.09529124662012443,0.09516415187077522,0.09516415187077522,D_mean_resid2,0.3147360070646434,0.051364604675982604,6.1274881613526695,0.11067061121951985,0.16507126614400908,-2.455679560383736,-2.1344906848802583
-10.894297277017722,0.5556496852178942,0.09529124662012443,0.09503053281287019,0.09503053281287019,D_mean_resid2,0.3206943052445897,0.05417683973173103,5.919398525875275,0.13244623001766248,0.14547406618167802,-1.9574262579002548,-1.838441650497741
-10.885456435424302,0.5504244614097421,0.09495741819720532,0.09483032344785614,0.09483032344785614,D_mean_resid2,0.3243738516001963,0.05716069383941676,5.674771067535839,0.14302500920885405,0.1304606751902193,-1.4536232955762083,-1.5206708151065977
-10.876615593830882,0.5451935047139532,0.09462358977428623,0.0945713483430762,0.0945713483430762,D_mean_resid2,0.3288921481274318,0.060324715097722796,5.452029861966927,0.11880781700580686,0.11977155959628917,-0.9945750936198561,-1.2050812805496656
-10.867774752237464,0.5399570834650981,0.09428976135136719,0.09427198417539497,0.09427198417539497,D_mean_resid2,0.33764278487970323,0.06367004929349201,5.303008064644535,0.08169546406607622,0.11287491347931225,-0.6040105116384868,-0.9137653261852187
-10.858933910644044,0.5347154714413045,0.09395593292844809,0.09395100130020864,0.09395100130020864,D_mean_resid2,0.35000004268248147,0.06719521770804772,5.208704646261802,0.07008265260140689,0.10909163708797799,-0.3024401615551193,-0.6621291382879851
-10.850093069050626,0.5294689478385878,0.09362210450552905,0.09362100640694891,0.09362100640694891,D_mean_resid2,0.36210047364275094,0.07090058324810497,5.1071578970745515,0.09160908646134339,0.10752726235971799,-0.11557291717182583,-0.4556811909367247
-10.841252227457206,0.5242177972412858,0.09328827608260995,0.09328808573978577,0.09328808573978577,D_mean_resid2,0.37146223512629406,0.07478971512348796,4.966755582809207,0.1194817667018547,0.10704811338156728,-0.057736945444551324,-0.2892559463460603
-10.832411385863786,0.5189623095885878,0.09295444765969085,0.09295442532113146,0.09295442532113146,D_mean_resid2,0.3790101982231393,0.07886854041542077,4.805594172616809,0.13148847120276608,0.10650637598219156,-0.10501758716848197,-0.14903385773291417
-10.823570544270368,0.5137027801370672,0.09262061923677181,0.09262061923677181,0.09262061923677181,D_mean_resid2,0.38658680336914436,0.08314416999665723,4.649596037637839,0.1297583697603163,0.10519122567620817,-0.18373955770305805,-0.01715163184293363
-10.814729702676948,0.5084395094191819,0.09228679081385271,0.09228679081385273,0.09228679081385273,D_mean_resid2,0.39494001880848006,0.08762422458850805,4.507201298078894,0.12075423151273615,0.10325755133399617,-0.19045203843407332,0.12213976564274172
-10.805888861083528,0.5031728031977045,0.09195296239093362,0.09195296239093366,0.09195296239093366,D_mean_resid2,0.40478639347217465,0.09231658388185827,4.3847635652354535,0.10037098236224373,0.101823713070329,-0.03830808722164214,0.27668111367437637
-10.79704801949011,0.4979029724160202,0.09161913396801458,0.09161913396801456,0.09161913396801456,D_mean_resid2,0.4177553141376697,0.09722932755004916,4.296597792704352,0.06909703287122226,0.1025801998722489,0.2934151880413465,0.44327982080206757
-10.78820717789669,0.4926303331442599,0.09128530554509548,0.09128530554509551,0.09128530554509551,D_mean_resid2,0.43465237423768777,0.1023707125888614,4.245866451895547,0.04678710810392808,0.1070117874674834,0.7350520875278059,0.6089278045354232
-10.77936633630327,0.4873552065212501,0.09095147712217637,0.09095147712217642,0.09095147712217642,D_mean_resid2,0.45335337733099035,0.10774916842899807,4.207488409803647,0.05816446970725697,0.11557715800974099,1.146472162418192,0.7563717010463638
-10.770525494709853,0.4820779186922156,0.09061764869925741,0.09061764869925737,0.09061764869925737,D_mean_resid2,0.46961705320122127,0.113373291302227,4.142219457573396,0.1060047819728342,0.12728334502588795,1.3787437903789437,0.8719754241832356
-10.761684653116433,0.4767988007422377,0.0902838202763383,0.09028382027633827,0.09028382027633827,D_mean_resid2,0.48028326723088377,0.11925183782848178,4.02747056964999,0.16712410054127705,0.13995566890703998,1.3510335307342967,0.9523238495771564
-10.752843811523013,0.4715181886254327,0.0899499918534192,0.0899499918534192,0.0899499918534192,D_mean_resid2,0.48526559623701565,0.1253937177917887,3.86993547031423,0.21271687799644512,0.15117189189112973,1.1029063024901102,1.0060677026530365
-10.744002969929593,0.4662364230898328,0.0896161634305001,0.0896161634305001,0.0896161634305001,D_mean_resid2,0.4870370197555233,0.13180798607374253,3.695049399230188,0.225197909322438,0.15945690873243928,0.7894757115114732,1.0493630289241902
-10.735162128336173,0.4609538495979558,0.089282335007581,0.08928233500758102,0.08928233500758102,D_mean_resid2,0.4892660558542855,0.1385038337141455,3.5325091207516253,0.20081564506575392,0.1651311513057807,0.6139232259003862,1.096254755091647
-10.726321286742753,0.4556708182430674,0.0889485065846619,0.08894850658466194,0.08894850658466194,D_mean_resid2,0.49560544449746413,0.14549057806964272,3.4064435723131856,0.15132532819021968,0.17031210471385275,0.7255329979614196,1.1481245766104142
-10.717480445149334,0.4503876836611162,0.08861467816174286,0.08861467816174287,0.08861467816174287,D_mean_resid2,0.50781921008135,0.15277765204253974,3.323910292455285,0.10588153589041621,0.17795979591733105,1.1330259115310461,1.1874293236366653
-10.708639603555914,0.4451048049383499,0.08828084973882376,0.08828084973882379,0.08828084973882379,D_mean_resid2,0.5239559409757679,0.16037459235359297,3.267075746141589,0.09775906721981203,0.19034590992402428,1.6795754557651303,1.1796361943933995
-10.699798761962496,0.4398225455146358,0.08794702131590473,0.0879470213159047,0.0879470213159047,D_mean_resid2,0.538907736411533,0.16829102683433994,3.202236902042411,0.14077174905936246,0.2076575170145586,2.0976681826831953,1.083898455645821
-10.690957920369076,0.4345412730824652,0.08761319289298562,0.08761322426152336,0.08761322426152336,D_mean_resid2,0.5473736856796481,0.17653659612470807,3.100624446689655,0.2214105306799878,0.2274362141613398,2.1226679621591558,0.8690424007833308
-10.682117078775656,0.4292613594817009,0.08727936447006653,0.08727967346531607,0.08727967346531607,D_mean_resid2,0.5463599938998659,0.18512058936180406,2.9513734576117137,0.3099332070220291,0.24518985943231217,1.6136696730230238,0.5286944562594406
-10.673276237182238,0.4239831805900554,0.08694553604714748,0.08694743343325771,0.08694743343325771,D_mean_resid2,0.536231350762078,0.19405028627201154,2.7633628430231294,0.37151157894404374,0.25596861008794325,0.624876242695418,0.08922583944041657
-10.664435395588818,0.418707116209351,0.08661170762422839,0.08662068310156534,0.08662068310156534,D_mean_resid2,0.5210898278126583,0.20332490898814873,2.5628430397725213,0.37851445246197096,0.25623872318663227,-0.606613061596585,-0.3931803837040382
-10.655594553995398,0.4134335499475965,0.08627787920130929,0.08631205062250027,0.08631205062250027,D_mean_resid2,0.5073338824798478,0.21291985391631357,2.3827457756910317,0.32880675930645964,0.24524267011579334,-1.751489009069303,-0.8457417975142724
-10.64675371240198,0.4081628690969099,0.08594405077839025,0.08605060270051813,0.08605060270051813,D_mean_resid2,0.5000779916012307,0.22275903100115818,2.2449280253810704,0.2475998183081102,0.2252694494230414,-2.5160397976452753,-1.1979170896947005
-10.63791287080856,0.4028954645073441,0.08561022235547115,0.08588623596158992,0.08588623596158992,D_mean_resid2,0.5008964691129848,0.23268980105825582,2.152636113980695,0.16527562622671396,0.20075485152835199,-2.74967213654031,-1.3991995296531718
-10.62907202921514,0.3976317304566702,0.08527639393255206,0.08587980275179401,0.08587980275179401,D_mean_resid2,0.5085943519122998,0.24249582046590565,2.0973324444732317,0.10223871641735252,0.17665061783705402,-2.4855845099272322,-1.4300144366606662
-10.62023118762172,0.3923720645161713,0.08541133832919122,0.08607660273905157,0.08607660273905157,D_mean_resid2,0.5203293649654891,0.25197063811121123,2.0650396763127357,0.07416613784348264,0.1568055336897016,-1.9002079114206936,-1.3030164171212126
-10.6113903460283,0.3871168674125088,0.08616959303868213,0.08648025811051119,0.08648025811051119,D_mean_resid2,0.5316420392522576,0.261013337434293,2.0368385940664515,0.09083551267616713,0.1430517435581863,-1.216069904763022,-1.0559612630459616
-10.60254950443488,0.3818665428857513,0.08692784774817304,0.08705035403262294,0.08705035403262294,D_mean_resid2,0.537862075344826,0.2696647529464624,1.994558315345016,0.13757357533147974,0.1353033709006311,-0.6004583441713391,-0.740123086918743
-10.593708662841465,0.3766214975436183,0.0876861024576635,0.08772622040290806,0.08772622040290806,D_mean_resid2,0.5377602747661488,0.2780536678383596,1.9340161161936693,0.17158743308510307,0.1324346293496544,-0.11323756872542745,-0.4088125547515987
-10.584867821248045,0.3713821407120348,0.08844435716715442,0.08845510728087155,0.08845510728087155,D_mean_resid2,0.5355059643101342,0.28631042816588453,1.870368354169304,0.1572641698184874,0.13330114008558291,0.27249947583300393,-0.10902683435567596
-10.576026979654625,0.3661488842820936,0.08920261187664533,0.08920492948550901,0.08920492948550901,D_mean_resid2,0.5370943932956391,0.29451760385421505,1.8236410532577148,0.10702784844343835,0.13725287874991354,0.5989902496996677,0.12319194875536141
-10.567186138061205,0.3609221425535004,0.08996086658613624,0.08996125335474522,0.08996125335474522,D_mean_resid2,0.5441567491086916,0.3027098043617443,1.79761851538318,0.07446038788913989,0.14389229591277863,0.8564796772538177,0.2649734757011771
-10.558345296467785,0.3557023320746169,0.09071912129562715,0.0907191630052405,0.0907191630052405,D_mean_resid2,0.5518958942552483,0.31089392131164895,1.7751903669483846,0.1008677738350229,0.15239688105908256,0.9704546509457135,0.30800496283480594
-10.549504454874366,0.3504898714792101,0.09147737600511792,0.09147737600511796,0.09147737600511796,D_mean_resid2,0.5535862111390653,0.3190658044763647,1.7350220655816881,0.17275913281931418,0.16105156759799444,0.853100697846612,0.2595714736824747
-10.540663613280946,0.3452851813200052,0.09223563071460883,0.09223563071460883,0.09223563071460883,D_mean_resid2,0.5468989974397658,0.32721812873274564,1.671359100908629,0.23675023837751996,0.16748113732487652,0.4807295367629454,0.1422625133709865
-10.531822771687526,0.3400886838991785,0.09299388542409974,0.09299388542409968,0.09299388542409968,D_mean_resid2,0.5354482339378678,0.3353429120565301,1.5967185071966128,0.25246388477484416,0.1695516749655932,-0.06055122487451925,-0.009252044955438053
-10.522981930094108,0.3349008030959017,0.0937521401335905,0.09375214013359055,0.09375214013359055,D_mean_resid2,0.5247818337509285,0.3434321037959528,1.528051186684408,0.2214509209097911,0.16641048975007133,-0.5960957089723937,-0.15513125939044156
-10.514141088500688,0.3297219641910648,0.09451039484308141,0.09451039484308141,0.09451039484308141,D_mean_resid2,0.5183063733409385,0.3514777416527812,1.4746492079517357,0.16915324764231102,0.15901169949050872,-0.939928584524722,-0.2598513148521664
-10.505300246907268,0.3245525936893279,0.09526864955257232,0.09526864955257228,0.09526864955257228,D_mean_resid2,0.5167518658577452,0.3594719676349431,1.4375303566995399,0.11847599182690702,0.14979097030025018,-0.981277397718582,-0.30143604619511816
-10.49645940531385,0.3193931191386209,0.09602690426206309,0.09602690426206315,0.09602690426206315,D_mean_resid2,0.5191871627736423,0.36740704340339325,1.4131116212804953,0.08535192796334601,0.14166106342564344,-0.7312903987914501,-0.27710808392274033
-10.48761856372043,0.3142439689472436,0.096785158971554,0.09678512620409474,0.09678512620409474,D_mean_resid2,0.5233567424958186,0.37527549385459447,1.3945934415280532,0.08184851246700561,0.1368605251512438,-0.3084215912578214,-0.20318180522884116
-10.47877772212701,0.3091055721987276,0.09754341368104491,0.09754313095553324,0.09754313095553324,D_mean_resid2,0.5260921571715094,0.38307060636342677,1.3733555862346567,0.10769175243127277,0.13620765056104156,0.12287231797190223,-0.10923393378456053
-10.469936880533592,0.3039783584645906,0.09830166839053567,0.09830002764499864,0.09830002764499864,D_mean_resid2,0.5251711359858837,0.3907887322450703,1.3438748168832562,0.14320426197156022,0.13903311455005474,0.42324611655361366,-0.02875028082543434
-10.461096038940171,0.2988627576151546,0.09905992310002658,0.09905251608055123,0.09905251608055123,D_mean_resid2,0.521009474603924,0.3984364776140998,1.3076349779111858,0.16525603164757088,0.14369135430400254,0.5241130628810486,0.010461230053967494
-10.452255197346751,0.2937591996285991,0.09981817780951749,0.09979132416123807,0.09979132416123807,D_mean_resid2,0.5156315292566009,0.40604618816766236,1.2698839301594163,0.1695244911987624,0.14830031568200183,0.4325602328479192,-0.006846957911244518
-10.443414355753331,0.2886681143983937,0.10057643251900841,0.1004970006656924,0.1004970006656924,D_mean_resid2,0.5103445062541199,0.41369544716035833,1.2336236952984838,0.1667087562762731,0.1513397473004452,0.20421723335045705,-0.08071208142544764
-10.434573514159911,0.2835899315392962,0.10133468722849932,0.10114002572383188,0.10114002572383188,D_mean_resid2,0.5053660028903569,0.4215101290984037,1.198941539011929,0.1632700544521099,0.15191122010339758,-0.09312526466323767,-0.19742369395869364
-10.425732672566491,0.2785250801920917,0.10209294193799023,0.10169048571793762,0.10169048571793762,D_mean_resid2,0.5008854379334697,0.42962721348138516,1.1658605931283077,0.1584558786736958,0.1496931358739792,-0.40374414138643466,-0.33384202688020936
-10.416891830973077,0.2734739888272388,0.10236151828260873,0.10213400749235212,0.10213400749235212,D_mean_resid2,0.4971676118936989,0.438127213187674,1.1347562920743173,0.15310727703057667,0.14477234410686368,-0.6876654422258079,-0.4629936927186293
-10.408050989379657,0.2684370850476054,0.10257749281297089,0.102480835635821,0.102480835635821,D_mean_resid2,0.4940644077518391,0.44698907909847974,1.1053165073927629,0.1495290793111961,0.13753405338600647,-0.910588654339012,-0.5596702164226438
-10.399210147786237,0.2634147953904925,0.10279346734333306,0.10275915902284025,0.10275915902284025,D_mean_resid2,0.4912343795577305,0.4561091638310027,1.0770105459660144,0.1450422266312026,0.1286716040073103,-1.035082637686573,-0.6052418700965305
-10.390369306192817,0.2584075451291098,0.10300944187369523,0.10299940670852968,0.10299940670852968,D_mean_resid2,0.48889140093592975,0.4653633002750533,1.0505585649899125,0.13082211201853708,0.11923205011423374,-1.0250483062982543,-0.5912106603736147
-10.381528464599397,0.253415758073699,0.1032254164040574,0.10322302856750698,0.10322302856750698,D_mean_resid2,0.4882579147184029,0.4746567836670963,1.0286546648427253,0.10090212988408642,0.11054702460413758,-0.8635434690998673,-0.5210930093743018
-10.372687623005978,0.2484398563725093,0.10344139093441954,0.10344093869988799,0.10344093869988799,D_mean_resid2,0.49070706263015734,0.48393576825366574,1.0139921345366278,0.06663366256415788,0.10396314807554621,-0.5715808963430895,-0.4102337990480114
-10.363846781412558,0.2434802603127862,0.1036573654647817,0.10365730270473586,0.10365730270473586,D_mean_resid2,0.4956414946597001,0.49317426284482785,1.0050027586610872,0.05416198157148586,0.10044051227935064,-0.2121017877811644,-0.28334800178544156
-10.355005939819138,0.2385373881220004,0.10387333999514387,0.10387333647522562,0.10387333647522562,D_mean_resid2,0.4999871226035919,0.5023589565753369,0.9952786071777954,0.07507906459840685,0.10021283146063728,0.12729149488634395,-0.17003873092578314
-10.34616509822572,0.2336116557694825,0.104089314525506,0.10408931452550602,0.10408931452550602,D_mean_resid2,0.5010903702987343,0.5114807341965399,0.9796857179496167,0.10820842608960837,0.10269124016430947,0.3639104141083873,-0.09909583307835962
-10.3373242566323,0.2287034767686698,0.10430528905586817,0.10430528905586817,0.10430528905586817,D_mean_resid2,0.49941715862047964,0.5205315311220252,0.9594369000931937,0.12396346849721815,0.10664738011129318,0.44445865831382037,-0.09276654935719855
-10.32848341503888,0.2238132619801704,0.10452126358623033,0.10452126358623033,0.10452126358623033,D_mean_resid2,0.4973709930300826,0.5295035680303479,0.9393156591563823,0.11904380331763648,0.11055001735026243,0.352666834384336,-0.16221655095121473
-10.319642573445462,0.2189414194158168,0.10473723811659247,0.1047372381165925,0.1047372381165925,D_mean_resid2,0.4960532737367678,0.5383891539480522,0.9213656517765414,0.11491413859087442,0.11288312334738251,0.1023460995900578,-0.30507286363822717
-10.310801731852042,0.2140883540439196,0.10495321264695463,0.10495322718824047,0.10495322718824047,D_mean_resid2,0.4942612846910249,0.5471806066743836,0.9032872851525421,0.1265287935448713,0.11235966865862185,-0.27277214464386645,-0.5054374076609637
-10.301960890258622,0.2092544675959176,0.10516918717731681,0.1051693206703162,0.1051693206703162,D_mean_resid2,0.4905328391222421,0.5558699356048257,0.8824597404939841,0.1423974101807705,0.10806005270359476,-0.7240804010207649,-0.7362900065394096
-10.293120048665203,0.2044401583746053,0.10538516170767893,0.10538595822395075,0.10538595822395075,D_mean_resid2,0.4855623011793236,0.5644473390736574,0.8602437598097353,0.13863324341642674,0.09955670840597473,-1.1893166502022465,-0.9638703354709379
-10.284279207071783,0.1996458210641347,0.1056011362380411,0.10560481786528236,0.10560481786528236,D_mean_resid2,0.48191901082322447,0.5728962057801967,0.841197770138702,0.10963700402678406,0.08703093248588607,-1.596515724508909,-1.1534125592400355
-10.275438365478363,0.1948718465419933,0.10581711076840328,0.10583079983479218,0.10583079983479218,D_mean_resid2,0.4812785270653116,0.5811816264562718,0.8281034794576787,0.07465791472877396,0.0713276231623998,-1.8741447494320185,-1.2754148647584542
-10.266597523884943,0.1901186216931297,0.10603308529876544,0.10607472311558727,0.10607472311558727,D_mean_resid2,0.48297288474696193,0.5892340305210406,0.8196622389916696,0.05099596265196202,0.05389289878014941,-1.9651327692656237,-1.3114141387080223
-10.257756682291523,0.1853865292264171,0.1062490598291276,0.10635421797825198,0.10635421797825198,D_mean_resid2,0.4856973984049991,0.5969420453372312,0.8136424669678167,0.033217289148483015,0.0365807681161674,-1.8408278854840419,-1.258067977588635
-10.248915840698109,0.1806759474936576,0.10646503435948965,0.10668930432167667,0.10668930432167667,D_mean_resid2,0.48960828412417895,0.6041759486798638,0.8103736754069449,0.0068650467468470006,0.021343963307528475,-1.5128006307432866,-1.1283777725817699
-10.240074999104689,0.175987250311273,0.10689831451037829,0.10709296415335089,0.10709296415335089,D_mean_resid2,0.495818855192338,0.6108424750502877,0.8116967556185736,-0.026228154505629542,0.009831906638523123,-1.0402481043194887,-0.9492776347592677
-10.231234157511269,0.1713208067848994,0.10747489808027562,0.10756346294388898,0.10756346294388898,D_mean_resid2,0.504284525424039,0.6169327905569534,0.8174059365020654,-0.04734477394297573,0.0029506258912403447,-0.5268460805829285,-0.755613436279432
-10.222393315917849,0.1666769811370286,0.10805148165017293,0.10808547952208246,0.10808547952208246,D_mean_resid2,0.5131442761371816,0.622520136768357,0.8243014897494396,-0.04215842124879181,0.0005163811534273815,-0.09939710087305909,-0.5815961046174238
-10.213552474324429,0.1620561325378809,0.10862806522007026,0.10863890671942572,0.10863890671942572,D_mean_resid2,0.5200744934793122,0.6277106745942203,0.8285258073960766,-0.012825768591291559,0.001193117843912532,0.1317158006097739,-0.45178831761223587
-10.204711632731009,0.1574586149396826,0.10920464878996759,0.10920748061049702,0.10920748061049702,D_mean_resid2,0.5235947259646279,0.6325927196333799,0.8276964146348033,0.026539593511019866,0.002845338210510396,0.11611297275419505,-0.37415029021276514
-10.19587079113759,0.1528847769144941,0.1097812323598648,0.10978182764724248,0.10978182764724248,D_mean_resid2,0.5236642390407262,0.6372173674285108,0.8217984408585285,0.05470186144384401,0.003246190642034444,-0.11176535105709455,-0.3373316466028724
-10.18702994954417,0.1483349614957568,0.11035781592976211,0.11035791218002064,0.11035791218002064,D_mean_resid2,0.5221994458885123,0.6416061231899373,0.8138941120016766,0.05060732107227839,0.0008691386818525322,-0.4425338500420646,-0.3132682754426912
-10.17818910795075,0.1438095060237152,0.11093439949965944,0.11093440908899249,0.11093440908899249,D_mean_resid2,0.5225035762945474,0.6457654238406332,0.8091228749706096,0.013533337403180315,-0.004578552693861922,-0.7325599567974632,-0.26459393670947523
-10.169348266357332,0.1393087419948527,0.11151098306955665,0.11151098337497395,0.11151098337497395,D_mean_resid2,0.5265684657440268,0.6496963487021107,0.8104839542286875,-0.02746124131285077,-0.01208375438960373,-0.8534839348425711,-0.1549696954993045
-10.160507424763912,0.1348329949154843,0.11208756663945398,0.11208756929044422,0.11208756929044422,D_mean_resid2,0.5330317816864605,0.6533987245747693,0.815783321330106,-0.043936033682490674,-0.019669585234804398,-0.7264600292225166,0.040344897966224175
-10.151666583170492,0.1303825841596583,0.11266415020935129,0.11266416563675963,0.11266416563675963,D_mean_resid2,0.5393535511968681,0.6568722926341412,0.8210934716609708,-0.0427691865854664,-0.02492879047421883,-0.3318824442611945,0.3263193008595562
-10.142825741577074,0.1259578228314761,0.1132407337792485,0.11324080359375949,0.11324080359375949,D_mean_resid2,0.5452618032910662,0.660116885228618,0.826007962365977,-0.048490632447640875,-0.02553782546950529,0.29670600567736494,0.6843096508239108
-10.133984899983654,0.1215590176319676,0.11381731734914582,0.11381757112827007,0.11381757112827007,D_mean_resid2,0.5520904287803743,0.6631322748006249,0.8325494773216459,-0.06294573006350394,-0.019682528882198125,1.0804598592201513,1.0734142692829274
-10.125144058390234,0.1171864687306471,0.11439390091904314,0.11439465383871938,0.11439465383871938,D_mean_resid2,0.5598645968435001,0.665917927179908,0.8407411393990659,-0.0663658238505447,-0.006433476542676781,1.9004626839893786,1.4367715921334838
-10.116303216796815,0.1128404696418463,0.11497048448894036,0.11497233577602466,0.11497233577602466,D_mean_resid2,0.5668417568795288,0.6684729903456356,0.8479650861980854,-0.043886950893666274,0.013920850204508978,2.6085082012631724,1.7115392087068202
-10.107462375203395,0.1085213071059405,0.11554706805883767,0.11555090901429413,0.11555090901429413,D_mean_resid2,0.5707655655694163,0.670796818672215,0.8508769715085978,0.007056747968320912,0.039689339062329076,3.0529756709361937,1.8405065015968125
-10.098621533609975,0.1042292609755715,0.11612821579755696,0.11613052050085895,0.11613052050085895,D_mean_resid2,0.5695449635086213,0.6728898633902911,0.8464163223369476,0.07713976110639648,0.06790259879513318,3.1176378939337925,1.7828533831311384
-10.089780692016555,0.0999646041069487,0.11671008959516123,0.11671108027468644,0.11671108027468644,D_mean_resid2,0.5623987127431772,0.6747542009641018,0.8334867896185175,0.14227179003820042,0.09481442459415362,2.757640208600469,1.521646272901965
-10.080939850423135,0.0957276022563173,0.11729196339276549,0.11729232006816934,0.11729232006816934,D_mean_resid2,0.550931313401644,0.6763931802986533,0.8145134064751909,0.18019856964860806,0.11666231930689816,2.014178413224072,1.0663799827909524
-10.07209900882972,0.0915185139816846,0.11787383719036938,0.11787394328097772,0.11787394328097772,D_mean_resid2,0.5377309498157397,0.6778105371683838,0.7933351878272067,0.19213169156723825,0.13042848917854802,1.000063442493973,0.4501554620933464
-10.0632581672363,0.0873375905498511,0.11845571098797364,0.11845573672742316,0.11845573672742316,D_mean_resid2,0.5241869994796429,0.679009733308714,0.7719874602170387,0.19169575593080235,0.13434512426380596,-0.13655006508773226,-0.27740449976801096
-10.05441732564288,0.0831850758488386,0.1190375847855779,0.11903767137576407,0.11903767137576407,D_mean_resid2,0.5108000883092457,0.679993367580868,0.7511839271704351,0.18066134366018813,0.12801405418852435,-1.2544312722388238,-1.0591605597368916
-10.04557648404946,0.0790612063057497,0.11961945858318217,0.11962018844556754,0.11962018844556754,D_mean_resid2,0.4986605751957624,0.6807615422590956,0.7325040329701437,0.15225438708007802,0.11216466792841438,-2.25297802208413,-1.8385538411269038
-10.03673564245604,0.0749662108101164,0.12020133238078642,0.12020563204004309,0.12020563204004309,D_mean_resid2,0.4892402576209517,0.6813037510451603,0.7180941788012002,0.1096345163023377,0.08817761057511925,-3.088967198341646,-2.5644752246167752
-10.02789480086262,0.0709003106427889,0.12078320617839068,0.12080288459100937,0.12080288459100937,D_mean_resid2,0.4830998153365113,0.6815728453674537,0.708801441577473,0.06581154265389966,0.0575465285527965,-3.7730953844366457,-3.1919939897563596
-10.019053959269202,0.0668637194103829,0.12136507997599481,0.12143749006166246,0.12143749006166246,D_mean_resid2,0.4796822400670225,0.6814289099599402,0.7039358516433094,0.02894746170147959,0.021462933353789834,-4.346352608460173,-3.679887506841749
-10.010213117675782,0.0628566429853205,0.12194695377359907,0.12216472099877165,0.12216472099877165,D_mean_resid2,0.4781668678758462,0.680569245887091,0.702598406797794,-0.0033233488607765094,-0.019304301288285336,-4.840681502371382,-3.9875302506178425
-10.001372276082362,0.0588792794514931,0.12252882757120333,0.12307224510021861,0.12307224510021861,D_mean_resid2,0.4781062509241861,0.678522428012431,0.7046285151173026,-0.037700389008466145,-0.06412846337953784,-5.2355612206570905,-4.074356544969903
-9.992531434488944,0.0549318190555421,0.12311070136880747,0.1242556315387911,0.1242556315387911,D_mean_resid2,0.4794911645909553,0.6748004937516504,0.7105672995660617,-0.07986233483089185,-0.11187783609723967,-5.429952147487706,-3.904320863770801
-9.983690592895524,0.0510144441637746,0.12491200135033924,0.12577130765817293,0.12577130765817293,D_mean_resid2,0.4827765161733587,0.6691712601383071,0.7214543494793492,-0.13403069510254406,-0.16013915697110764,-5.2517728001940815,-3.455575686578081
-9.974849751302104,0.047127329224712,0.12721913646864927,0.12760254767703283,0.12760254767703283,D_mean_resid2,0.48889964635446814,0.6618311697513379,0.7387074962609523,-0.2055331273375467,-0.20473801891953522,-4.517733980616553,-2.732686424659587
-9.966008909708686,0.0432706407372561,0.12952627158695884,0.1296703680810136,0.1296703680810136,D_mean_resid2,0.4994279092383414,0.6533042200906238,0.7644645386938763,-0.29966923746634777,-0.24002029793878515,-3.1320316165509823,-1.7763821260680017
-9.957168068115266,0.0394445372244585,0.13183340670526889,0.13187835817079352,0.13187835817079352,D_mean_resid2,0.5161241698038469,0.6441655469295517,0.8012290819712097,-0.40466519955435354,-0.26011760969454756,-1.1814040130632346,-0.6654444602872293
-9.948327226521847,0.03564916921288,0.13414054182357846,0.13415200684977857,0.13415200684977857,D_mean_resid2,0.5387629526635874,0.634831109446997,0.8486713153249612,-0.47131409764484383,-0.2609095094134325,1.0331188790063397,0.49244432206729716
-9.939486384928427,0.0318846792174899,0.1364476769418885,0.13644967879821548,0.13644967879821548,D_mean_resid2,0.5623966120800553,0.6255205873438405,0.8990856951138416,-0.43388968299520314,-0.24185032898161196,3.069570002409181,1.5797923715151472
-9.930645543335007,0.0281512017320939,0.13875481206019852,0.13875257902254404,0.13875257902254404,D_mean_resid2,0.5784764278244056,0.6163269468727269,0.9385869476576081,-0.2800113073347288,-0.2066343451110055,4.510167401533963,2.492688425281221
-9.92180470174159,0.0244488632252235,0.1410619471785081,0.14104814744319152,0.14104814744319152,D_mean_resid2,0.5812047345388263,0.6073053359123267,0.9570222755670494,-0.08761238909196452,-0.16210297786808475,5.141161594903842,3.160369415054531
-9.912963860148167,0.0207777821414503,0.1433690822968186,0.1433106413515905,0.1433106413515905,D_mean_resid2,0.5726405456844393,0.5985592483952027,0.9566981835461502,0.037887145971262776,-0.11572995457756571,5.044365136835313,3.5539929704443707
-9.904123018554747,0.017138068908073,0.14567621741512865,0.14547553988309683,0.14547553988309683,D_mean_resid2,0.5603575890304419,0.5903371375623364,0.9492162247225572,0.05458080910616897,-0.07291011163981202,4.537529332819963,3.6822181686107713
-9.89528217696133,0.0135298259471012,0.14798335253343775,0.14741591308069274,0.14741591308069274,D_mean_resid2,0.5512987485528417,0.5831067569300172,0.9454507978184978,-0.0029537842432013897,-0.03549879846366338,3.9893583670013775,3.5770808616009173
-9.88644133536791,0.0099531476924763,0.1502904876517478,0.14895089477734283,0.14895089477734283,D_mean_resid2,0.5485192824362746,0.5775024114580999,0.9498129731637871,-0.06913084326243985,-0.0023715408757399967,3.614992997905212,3.277819084359891
-9.87760049377449,0.0064081206124622,0.15231607412485842,0.14991198670399253,0.14991198670399253,D_mean_resid2,0.5509171942563608,0.5740779982669967,0.9596556494404022,-0.08201889357258438,0.028420362447941695,3.3734685296335822,2.8205099443501997
-9.868759652181073,0.0028948232371112,0.15140062204749322,0.15023685337200876,0.15023685337200876,D_mean_resid2,0.553892673910401,0.5729936858194502,0.9666645333417025,-0.008951633654383239,0.05727706090601052,3.026760897179645,2.23749165718646
-9.859918810587653,-0.000586673809268,0.1504851699701278,0.15000992822305306,0.15000992822305306,D_mean_resid2,0.5518016255329123,0.5738994317220384,0.9614953335590183,0.12606894083589018,0.08193858971418169,2.3199898039149933,1.5647070556699665
-9.851077968994232,-0.0040363077707313,0.1495697178927624,0.14940894113015793,0.14940894113015793,D_mean_resid2,0.5420040909319923,0.5761291365126274,0.9407684086467181,0.24914093472750556,0.09829838561553458,1.1689501320582538,0.8505422563134262
-9.842237127400814,-0.0074540237175067,0.1486542658153972,0.14860989189179036,0.14860989189179036,D_mean_resid2,0.5270968710766614,0.5790293181298007,0.9103111959496709,0.2871199454634276,0.10260759561045092,-0.25902766582340764,0.15890535003589645
-9.833396285807394,-0.0108397744990903,0.1477388137380318,0.1477290681492494,0.1477290681492494,D_mean_resid2,0.5133317575890111,0.582163746759427,0.8817652429345451,0.21783093668663212,0.0937183404918162,-1.614034371503699,-0.43748565374823434
-9.824555444213974,-0.0141935206927226,0.1468233616606664,0.14682246931535586,0.14682246931535586,D_mean_resid2,0.5066104922262918,0.5853183512784457,0.8655298285450285,0.08505465231146861,0.07406875120085203,-2.5323671248792707,-0.8722639035849331
-9.815714602620556,-0.0175152305473671,0.1459079095833012,0.14591246645658518,0.14591246645658518,D_mean_resid2,0.5085444233367118,0.5884048347336284,0.864276418746509,-0.030809194951827417,0.048941827276937536,-2.801186402098667,-1.103093411029905
-9.806873761027136,-0.0208048799232972,0.14499245750593578,0.14501427627480523,0.14501427627480523,D_mean_resid2,0.5155979688261221,0.591360074856033,0.8718849830226444,-0.07430716945667198,0.024539060691664193,-2.4317145987221767,-1.1244095539034136
-9.798032919433716,-0.0240624522273993,0.14407700542857038,0.1441575354921965,0.1441575354921965,D_mean_resid2,0.522533741189954,0.5940589503074732,0.8795991389734988,-0.05762085807460612,0.005945020141518143,-1.6213947190891327,-0.969783905421885
-9.789192077840298,-0.0272879383443269,0.14316155335120517,0.14340454798682273,0.14340454798682273,D_mean_resid2,0.5269399156259309,0.596236034452179,0.8837773720102018,-0.03485467016965342,-0.004129927052084201,-0.651344596388513,-0.7027436244175705
-9.780351236246878,-0.0304813365636147,0.14224610127383977,0.14285463094695108,0.14285463094695108,D_mean_resid2,0.5298338479829233,0.5974642033480322,0.886804339094918,-0.0352950924498039,-0.005571848657280852,0.21441660805489432,-0.39924916601136573
-9.771510394653458,-0.0336426525028812,0.14133064919647437,0.1426174307466857,0.1426174307466857,D_mean_resid2,0.5322217396794209,0.5972705722242525,0.8910898417402553,-0.037338439884399756,-0.00033868051846070455,0.7893357478005298,-0.12773248627220676
-9.76266955306004,-0.0367718990272512,0.14174860839357495,0.14275968528746014,0.14275968528746014,D_mean_resid2,0.5325931363882466,0.5953752696526017,0.8945503173133339,-0.00881685604309685,0.008384935963373488,0.9865515376892241,0.06709056963908251
-9.75382871146662,-0.0398690961651272,0.14281116955862602,0.1432652496444105,0.1432652496444105,D_mean_resid2,0.5284862024001387,0.5918706064501416,0.892908342872164,0.04652299031708976,0.01710521121844829,0.8228705715580096,0.17215371551863096
-9.7449878698732,-0.0429342710204345,0.14387373072367707,0.14404561308089014,0.14404561308089014,D_mean_resid2,0.5195414450392755,0.5871663288747702,0.8848284029414814,0.09163993656344391,0.022934672713436206,0.4126812658692758,0.2041098608541923
-9.73614702827978,-0.045967457681491,0.14493629188872814,0.14499031473005292,0.14499031473005292,D_mean_resid2,0.5083025687034256,0.5817566318128597,0.8737374718350217,0.09385851904364911,0.024402110618692928,-0.05794134854837818,0.19896010009585174
-9.72730618668636,-0.0489686971266167,0.1459988530537792,0.146012638682314,0.146012638682314,D_mean_resid2,0.49834692968880373,0.5760197976952144,0.8651559055483902,0.05367475758307183,0.02191017214498551,-0.38641868893295084,0.19706512745407678
-9.718465345092945,-0.0519380371266389,0.14706141421882962,0.14706329667594378,0.14706329667594378,D_mean_resid2,0.4917501362013466,0.570166538565956,0.8624675475312231,-0.00014474433010813054,0.017569577783509573,-0.42729410794990674,0.22854718982310596
-9.709624503499525,-0.0548755321444249,0.1481239753838807,0.14811881117710662,0.14811881117710662,D_mean_resid2,0.4882290726688533,0.5642954728966506,0.8652011155834158,-0.03954984714508755,0.014354893100614783,-0.1524077060819966,0.3037240395473908
-9.700783661906105,-0.057781243231575,0.14918653654893174,0.14916176424936364,0.14916176424936364,D_mean_resid2,0.4863443373032549,0.5584758103733203,0.8708422607921941,-0.05419782807375345,0.014874753009334675,0.33578530021479935,0.41134206227194553
-9.691942820312685,-0.0606552379224288,0.15024909771398282,0.15016080612272187,0.15016080612272187,D_mean_resid2,0.48466265790566293,0.552823074573216,0.8767048269101765,-0.03941932978463962,0.02029214239781084,0.8493065937391105,0.5245528687768749
-9.683101978719264,-0.0634975901255201,0.15131165887903386,0.15105478996371197,0.15105478996371197,D_mean_resid2,0.48142257023518,0.5475525383595234,0.8792262595979009,0.009026663908462247,0.029891923128323894,1.1982393533939515,0.611809291435639
-9.674261137125844,-0.0663083800126161,0.15237422004408493,0.15175405598976005,0.15175405598976005,D_mean_resid2,0.4749607112252974,0.5429679084417376,0.8747491404941152,0.07348491697213946,0.04147903102652675,1.2716279813656537,0.6482284365086594
-9.665420295532426,-0.0690876939054933,0.1534040400130458,0.15217186424774287,0.15217186424774287,D_mean_resid2,0.46569044700966056,0.5393487543424925,0.8634310235450028,0.11416693504433945,0.05237644622635021,1.0763676224617265,0.6231435717820522
-9.656579453939006,-0.0718356241605841,0.15287209360427642,0.15227237608618047,0.15227237608618047,D_mean_resid2,0.4563511210024607,0.5367915361129152,0.8501458951962058,0.10940801042280993,0.06051102231946479,0.7185296238070311,0.5414292624745252
-9.647738612345588,-0.0745522690516335,0.15234014719550712,0.15209399991998665,0.15209399991998665,D_mean_resid2,0.44939853032528876,0.5351407513342377,0.8397763190428454,0.07880922762851224,0.06508125939486493,0.34279327975797713,0.41887819458272735
-9.638897770752168,-0.0772377326505146,0.15180820078673773,0.15172454924236822,0.15172454924236822,D_mean_resid2,0.44491012567633137,0.5340795493448537,0.8330409322395794,0.056095772780420404,0.06657218449072194,0.06523145538733344,0.2742520655656284
-9.630056929158748,-0.0798921247063307,0.15127625437796835,0.15125312301251043,0.15125312301251043,D_mean_resid2,0.44132207207564345,0.5332933224031139,0.8275409676741652,0.05329913390741433,0.06623466132284025,-0.06830808469609817,0.12168366856593371
-9.62121608756533,-0.0825155605229535,0.15074430796919905,0.15073968012556732,0.15073968012556732,D_mean_resid2,0.43742925709389724,0.532571592229754,0.8213529663917712,0.05811877520681436,0.06536438257802593,-0.08632024654550463,-0.033423514366626134
-9.61237524597191,-0.0851081608351295,0.15021236156042966,0.15021483823879456,0.15021483823879456,D_mean_resid2,0.43328268524428626,0.5318071496440102,0.814736480196485,0.05770139058235901,0.06470837407081291,-0.06733621640707943,-0.19357653460436344
-9.60353440437849,-0.087670051683286,0.14968041515166025,0.14969671941164409,0.14969671941164409,D_mean_resid2,0.4293057388899753,0.5309366657769631,0.8085818263497343,0.05559786882616573,0.06417376493251545,-0.10431571350083324,-0.36414565526959997
-9.594693562785071,-0.0902013642871823,0.14914846874289098,0.14921272627049423,0.14921272627049423,D_mean_resid2,0.4251442629362967,0.5298638572832303,0.8023650926412266,0.06243248019736949,0.06286389667328235,-0.27015676238817665,-0.5464511814484243
-9.585852721191651,-0.0927022349185316,0.14861652233412156,0.14882259479314305,0.14882259479314305,D_mean_resid2,0.4198534626007195,0.5283782516630087,0.7946077668399104,0.07836731761937517,0.05939693864918533,-0.5898595390808197,-0.7320319437923551
-9.577011879598231,-0.0951728047727209,0.14808457592535218,0.14863311437169946,0.14863311437169946,D_mean_resid2,0.41284927421265843,0.5261058542478071,0.7847266303526013,0.0920895692564733,0.0524341871785198,-1.0240177424593613,-0.9006931030190233
-9.568171038004811,-0.0976132198397686,0.1475526295165828,0.14878247087336943,0.14878247087336943,D_mean_resid2,0.4043529703901249,0.5225744378378865,0.7737710479354974,0.09064691500352397,0.041290581349315736,-1.47116058420723,-1.0235646532457745
-9.559330196411391,-0.1000236307746404,0.1477412748741599,0.1493840064357037,0.1493840064357037,D_mean_resid2,0.39537287343107447,0.5174291394265641,0.7641101810950243,0.06456240510641309,0.026421591811601045,-1.794523453464754,-1.07059414626787
-9.550489354817971,-0.1024041927670435,0.14968206010247762,0.15046189940019858,0.15046189940019858,D_mean_resid2,0.38760517640005937,0.5106653986275231,0.7590198541780911,0.01364208543738904,0.009560386173797862,-1.868345852645414,-1.0202419689035598
-9.541648513224557,-0.1047550654108328,0.15162284533079415,0.15193541422546739,0.15193541422546739,D_mean_resid2,0.3825266201156378,0.5026593284016916,0.7610057120236078,-0.04379994113812776,-0.006613907638312157,-1.626255009396933,-0.868198687811103
-9.532807671631137,-0.1070764125731408,0.15356363055911187,0.15366758153252139,0.15366758153252139,D_mean_resid2,0.37994828709728656,0.49395704101697613,0.7691929774197279,-0.07887786626989227,-0.019194539683359456,-1.0904686425190788,-0.6320443727284129
-9.523966830037716,-0.1093684022633479,0.15550441578742957,0.15553265771802732,0.15553265771802732,D_mean_resid2,0.3780214524339225,0.48502283915717675,0.77938897287973,-0.08043631073617197,-0.02589522870051804,-0.36962475803603057,-0.34992230395081125
-9.515125988444296,-0.1116312065020124,0.1574452010157473,0.15745125659527898,0.15745125659527898,D_mean_resid2,0.37520792497364974,0.47613116424059215,0.7880347961933757,-0.06549239175234922,-0.025730127552964957,0.3717196099640221,-0.07314678919687562
-9.506285146850876,-0.1138650011898725,0.159385986244065,0.15938631795982128,0.15938631795982128,D_mean_resid2,0.3715005270420033,0.4674004616158461,0.7948227645255036,-0.05076960266406444,-0.01932260032279845,0.9585141562071899,0.1453953773824349
-9.497444305257456,-0.116069965977019,0.16132677147238272,0.16132355564674575,0.16132355564674575,D_mean_resid2,0.367129895017772,0.45887000928910004,0.8000738500791204,-0.028604754170183586,-0.008781983912808114,1.2514664360236916,0.2637990355774923
-9.488603463664038,-0.1182462841323586,0.16326755670070003,0.16325506363269177,0.16325506363269177,D_mean_resid2,0.3611797073287455,0.4505562966963832,0.801630584184542,0.01298246076135428,0.002805432717933859,1.184243532473507,0.2610245452138126
-9.479762622070618,-0.1203941424134637,0.16520834192901776,0.16517001476778487,0.16517001476778487,D_mean_resid2,0.35261845951713505,0.4424810615093422,0.7969119815305138,0.06065366114496536,0.012157435044450205,0.7837761469785649,0.14127431329738932
-9.470921780477198,-0.1225137309369037,0.16714912715733546,0.16705146479243926,0.16705146479243926,D_mean_resid2,0.3420581398259564,0.4346786767215658,0.786921830180003,0.08583363352974714,0.016663914238211022,0.16535645898145845,-0.0682476849021991
-9.46208093888378,-0.124605243049166,0.1690899123856528,0.168879780993841,0.168879780993841,D_mean_resid2,0.33149812029743914,0.4271855615500623,0.7760049733295832,0.07497218205116339,0.015081215565058995,-0.502143622387345,-0.3251882152803509
-9.45324009729036,-0.1266688751982518,0.17084160261401735,0.1706415012803152,0.1706415012803152,D_mean_resid2,0.3228131009835389,0.4200181249696167,0.7685694540131823,0.036222176019648104,0.007785169792865491,-1.053633618906904,-0.5827318664328591
-9.444399255696942,-0.1287048268060378,0.17242925653190783,0.17233721299970253,0.17233721299970253,D_mean_resid2,0.31693590347718337,0.41315674940894087,0.7671081349405271,-0.012291638108435678,-0.0035488002794539578,-1.3856255501662567,-0.7995839610940907
-9.435558414103522,-0.1307133001414958,0.17401691044979864,0.17398117033331945,0.17398117033331945,D_mean_resid2,0.31372011235191655,0.40655154770202867,0.7716613406717356,-0.0507678988687297,-0.016715022200763107,-1.486732271558167,-0.9462837702217631
-9.426717572510102,-0.1326945001948471,0.17560456436768945,0.1755930355452926,0.1755930355452926,D_mean_resid2,0.3120421737620538,0.40014509155949834,0.7798225702230203,-0.06498155435846706,-0.029836729288796507,-1.424236409971297,-1.0065827840008443
-9.417876730916683,-0.134648634552739,0.17719221828557993,0.177189172975528,0.177189172975528,D_mean_resid2,0.31039279605902437,0.3938927519136961,0.7880134746095379,-0.05565690567451391,-0.04189791918503571,-1.293596457857571,-0.9747355203497741
-9.409035889323263,-0.1365759132745166,0.17877987220347075,0.178778980515529,0.178778980515529,D_mean_resid2,0.30785248050291314,0.38776917059927146,0.7939065398807945,-0.03936632326913128,-0.05270969202825,-1.1589844781253116,-0.8511447466828927
-9.400195047729843,-0.1384765487696627,0.18036752612136156,0.18036532107071349,0.18036532107071349,D_mean_resid2,0.3046643049778499,0.38176508349893185,0.7980413037922635,-0.036776741078811834,-0.06239071554571261,-1.017829062685665,-0.6391697775071232
-9.391354206136423,-0.1403507556764809,0.18195518003925235,0.1819430128568387,0.1819430128568387,D_mean_resid2,0.3019728889413201,0.37588850628900883,0.8033576017595564,-0.057520286683082865,-0.07070662305301628,-0.8075262924538658,-0.3449156025062403
-9.382513364543003,-0.1421987507420876,0.18354283395714316,0.18348805082837305,0.18348805082837305,D_mean_resid2,0.3009380891471152,0.3701842740604731,0.812941311218299,-0.09293942837845243,-0.07666913961392541,-0.4477967722475231,0.020008632993014402
-9.373672522949583,-0.1440207527037719,0.18513048787503397,0.18493225398133867,0.18493225398133867,D_mean_resid2,0.3018863876542439,0.36477935690331514,0.827586270826885,-0.12275403027699437,-0.07862442371198655,0.10661772724320873,0.43453761219658305
-9.364831681356169,-0.1458169821717915,0.18671814179292381,0.1861330456235356,0.1861330456235356,D_mean_resid2,0.3041925120993132,0.35993196694551866,0.8451389152254918,-0.1310867626600274,-0.07478395873871413,0.8305779673873466,0.8656464811715764
-9.355990839762748,-0.1475876615136609,0.18830579571081463,0.18687537198551207,0.18687537198551207,D_mean_resid2,0.3069536006685728,0.35601780895634044,0.8621860843658399,-0.1168444918695274,-0.06393840723067412,1.6253920680668839,1.2695357230900566
-9.347149998169328,-0.1493330147399778,0.18989344962870544,0.18694369904684907,0.18694369904684907,D_mean_resid2,0.30964007200654,0.35339733171674564,0.8761811259365198,-0.08795650643430103,-0.04604429113675274,2.345382629926239,1.5972960067139894
-9.338309156575908,-0.1510532673918523,0.18783047138731768,0.186238192653252,0.186238192653252,D_mean_resid2,0.3119644506225274,0.35222059229654545,0.8857075862273119,-0.04897503471810638,-0.02246809461640065,2.840308734746511,1.804008839440232
-9.329468314982488,-0.1527486464299737,0.1855083134726217,0.18483834468302035,0.18483834468302035,D_mean_resid2,0.31334409108435024,0.35232857860128924,0.8893519007975348,0.0005711514227896286,0.004177148063849558,2.9979833048865467,1.8587744512648672
-9.32062747338907,-0.1544193801253701,0.18318615555792617,0.1829511910013026,0.1829511910013026,D_mean_resid2,0.3128883711629845,0.35334410905733077,0.8855061203587741,0.056498005347365106,0.030541296380033695,2.7755031524410803,1.752609617276177
-9.31178663179565,-0.1560656979518956,0.1808639976432302,0.18079626511431107,0.18079626511431107,D_mean_resid2,0.31009885375611884,0.35486740023103025,0.8738442966421666,0.10513284733345099,0.05325271548938289,2.2122210798457536,1.5016813123604194
-9.30294579020223,-0.1576878304804861,0.17854183972853419,0.17852600245578093,0.17852600245578093,D_mean_resid2,0.3054381692731998,0.3566163334989064,0.8564895675877292,0.13248122396144035,0.06965708865311548,1.4212950317641448,1.14470729471832
-9.294104948608812,-0.1592860092752204,0.17621968181383868,0.1762167477423237,0.1762167477423237,D_mean_resid2,0.300031669607309,0.35844665445053403,0.8370329751500404,0.1354118700396704,0.07838360395606528,0.561006165262063,0.7350734537525145
-9.285264107015392,-0.1608604667912189,0.1738975238991427,0.1738973003412559,0.1738973003412559,D_mean_resid2,0.29494030585867775,0.3603028649763005,0.8185899545319406,0.1199555538917417,0.0795766219331408,-0.20694868981343095,0.3297252048525093
-9.276423265421972,-0.1624114362744059,0.1715753659844467,0.1715768237925771,0.1715768237925771,D_mean_resid2,0.2908941539833501,0.36216700005150343,0.8032044718099173,0.09211881305622605,0.07472440278685255,-0.7594018317265556,-0.02227418477149904
-9.267582423828554,-0.1639391516631701,0.1692532080697512,0.16926182650806984,0.16926182650806984,D_mean_resid2,0.2884592784335884,0.36402555162112954,0.7924149201861823,0.05816511206054677,0.06614911933304793,-1.0397723402189851,-0.28867950981112783
-9.258741582235134,-0.1654438474919408,0.1669310501550552,0.1669701842940668,0.1669701842940668,D_mean_resid2,0.2877524235779572,0.36583929832993173,0.7865541643326902,0.030928255155351657,0.05633947768066278,-1.0632299794270175,-0.4585136273730038
-9.249900740641714,-0.1669257587967038,0.1646088922403592,0.164751673403696,0.164751673403696,D_mean_resid2,0.28792734054065705,0.3674955922799368,0.7834851535343879,0.02201373065527505,0.04734942368206895,-0.8997870040517038,-0.5413720769316508
-9.241059899048295,-0.1683851210224764,0.16228673432566368,0.16271210448560638,0.16271210448560638,D_mean_resid2,0.28766765579526665,0.3687485416038029,0.7801187620813629,0.026296621541557333,0.040429728939385776,-0.645433404455622,-0.5622497464825729
-9.232219057454875,-0.1698221699327597,0.1599645764109677,0.1610152609495309,0.1610152609495309,D_mean_resid2,0.28640179911113234,0.3692084802796647,0.775718366203808,0.028269800514390764,0.03593707470628268,-0.39465760486115364,-0.5535079506203178
-9.223378215861455,-0.1712371415209746,0.15764241849627172,0.15983280635856906,0.15983280635856906,D_mean_resid2,0.2843418844359975,0.3684607843568435,0.771701892054327,0.024590579005008384,0.03345151820295375,-0.22310118254342615,-0.5460059288230432
-9.214537374268035,-0.1726302719239031,0.1578384568786508,0.15925611266453493,0.15925611266453493,D_mean_resid2,0.2814293128663406,0.36628856399179116,0.7683267798463063,0.026035063826317532,0.03199227027794045,-0.18043419469912347,-0.5613432781879788
-9.205696532674615,-0.1740017973371383,0.1586221291484272,0.15923992962943925,0.15923992962943925,D_mean_resid2,0.27711507172793026,0.3628179613656383,0.7637854275044036,0.03704220166246885,0.030261137936211234,-0.28735285598132654,-0.6067863737438197
-9.196855691081195,-0.175351953932548,0.15940580141820354,0.15963186142037739,0.15963186142037739,D_mean_resid2,0.2713229357417991,0.3584384825977908,0.7569581641328803,0.047255544346270904,0.02691138811564496,-0.5310346002864181,-0.6739376367119105
-9.18801484948778,-0.1766809777777611,0.16018947368797945,0.16025796779280965,0.16025796779280965,D_mean_resid2,0.264891574368685,0.3535812773070084,0.7491674230779033,0.04675198560331488,0.020871552372701004,-0.8592973689629491,-0.7415781755807924
-9.17917400789436,-0.1779891047576797,0.16097314595775583,0.16099011041992578,0.16099011041992578,D_mean_resid2,0.25875878692741366,0.3485545219251813,0.7423767894279601,0.037967319106255386,0.011717564274359597,-1.1803764025522423,-0.7823063564635537
-9.17033316630094,-0.1792765704980098,0.16175681822753218,0.16176018702555905,0.16176018702555905,D_mean_resid2,0.25324715623307564,0.34351693977762665,0.7372188294324392,0.025261598230307748,5.107815502861926e-07,-1.377776109905886,-0.7715992348712158
-9.16149232470752,-0.1805436102908181,0.16254049049730857,0.16254099936181954,0.16254099936181954,D_mean_resid2,0.2486029197739152,0.3385297436541862,0.7343606416689554,0.001842621638644494,-0.012643836403393189,-1.3450031530280493,-0.6969410300484685
-9.1526514831141,-0.1817904590221077,0.16332416276708495,0.16332425419093874,0.16332425419093874,D_mean_resid2,0.2457633013121575,0.3336106143979866,0.7366771041012798,-0.040818084324755914,-0.02378140885559262,-1.0331467715281053,-0.5641183085589284
-9.143810641520682,-0.1830173511014035,0.16410783503686113,0.16410815475831475,0.16410815475831475,D_mean_resid2,0.2458130583069495,0.32876274070674494,0.7476913526712985,-0.09171259482454802,-0.030911610303058737,-0.49039415037395684,-0.3981416413051209
-9.134969799927262,-0.184224520393349,0.1648915073066375,0.1648930189560314,0.1648930189560314,D_mean_resid2,0.24843548057691894,0.3239848383379364,0.7668120577845845,-0.11810936540703296,-0.03245240285918253,0.13308203620929127,-0.23771320460397175
-9.126128958333842,-0.1854122001512952,0.1656751795764139,0.16568093178213425,0.16568093178213425,D_mean_resid2,0.25119997642966596,0.3192722728355863,0.786789200949576,-0.09225546751119171,-0.028558495900946473,0.6297669345971881,-0.1243924385635982
-9.117288116740424,-0.1865806229528805,0.1664588518461901,0.1664767787333578,0.1664767787333578,D_mean_resid2,0.2509237307855183,0.3146154740784773,0.7975568637254256,-0.02242964557325465,-0.021317063440089424,0.8168645630771691,-0.08978112067851302
-9.108447275147004,-0.187730020637585,0.16724252411596646,0.16728893791342578,0.16728893791342578,D_mean_resid2,0.24620771851691536,0.3099992062692355,0.7942204803682078,0.047333001181580306,-0.014114955490060907,0.6174913174283126,-0.14514921067417738
-9.099606433553584,-0.1888606242462437,0.16802619638574284,0.16812761368427226,0.16812761368427226,D_mean_resid2,0.23862106137684752,0.3054062439506368,0.781323453935068,0.07442601318713665,-0.010398777594697518,0.09753644988175425,-0.2773001148244919
-9.090765591960166,-0.1899726639625094,0.16888904412162742,0.1690003851121331,0.1690003851121331,D_mean_resid2,0.23121252429320469,0.30082558005657783,0.7685932966528954,0.05242610390676433,-0.012390346884081653,-0.5625541851349962,-0.4522349352710663
-9.081924750366746,-0.191066369056246,0.16985586027227528,0.16990783331617934,0.16990783331617934,D_mean_resid2,0.2260940876921487,0.2962594581260165,0.7631624290488563,0.005874556345066097,-0.02034568247168568,-1.145457035310188,-0.6252143702800236
-9.073083908773324,-0.1921419678288318,0.17082267642292337,0.1708431629199139,0.1708431629199139,D_mean_resid2,0.2236396372932155,0.29172261108447695,0.7666174262661252,-0.03970007706510946,-0.03264395528657636,-1.4832597843255952,-0.7534154570111153
-9.064243067179907,-0.1931996875603609,0.17178949257357085,0.1717961987993314,0.1717961987993314,D_mean_resid2,0.2232722795406979,0.2872341710646053,0.777317958769185,-0.07343070330214699,-0.04657221206190794,-1.5124273212716206,-0.80658393201898
-9.055402225586487,-0.1942397544587181,0.17275630872421874,0.17275810508425288,0.17275810508425288,D_mean_resid2,0.22426132733837587,0.2828093765087748,0.7929769872089713,-0.0943510861002038,-0.05938621602441649,-1.2793322855547151,-0.7721992348594626
-9.046561383993067,-0.1952623936105054,0.17372312487486663,0.17372351201401232,0.17372351201401232,D_mean_resid2,0.22596476513536998,0.27845650884171663,0.8114903331773631,-0.10425715293295287,-0.06919296022578239,-0.9031887128628493,-0.6541447506635469
-9.037720542399647,-0.1962678289338043,0.1746899410255145,0.1746900056045199,0.1746900056045199,D_mean_resid2,0.2278679029004955,0.2741783994732722,0.8310935629438919,-0.10375915863288851,-0.07535611270318723,-0.5174271923141198,-0.46658730199829146
-9.028879700806227,-0.1972562831327442,0.1756567571761624,0.17565676413334277,0.17565676413334277,D_mean_resid2,0.22942042108454047,0.2699750906687429,0.8497836615824581,-0.09068607739050022,-0.07834194391253682,-0.21275435248972752,-0.2265492692207573
-9.02003885921281,-0.198227977653857,0.17662357332680986,0.17662357332681003,0.17662357332681003,D_mean_resid2,0.22992146016717274,0.2658456094565032,0.8648683746826812,-0.06693500156258794,-0.07911796776053201,-0.0016834742642855005,0.051207800630496667
-9.01119801761939,-0.1991831326441951,0.17759038947745776,0.17759030100576914,0.17759030100576914,D_mean_resid2,0.22904908854099967,0.26178884881632075,0.8749382931192294,-0.04824592896174776,-0.07837171057113052,0.1813646460483973,0.35486031530259204
-9.00235717602597,-0.2001219669111814,0.17855720562810565,0.17855637800567556,0.17855637800567556,D_mean_resid2,0.2276924138572166,0.25780432909801765,0.8831985663462135,-0.05610389589018768,-0.07591113554781087,0.44093600357387164,0.6720379802991261
-8.993516334432552,-0.2010446978841725,0.17952402177875332,0.17951904417714673,0.17951904417714673,D_mean_resid2,0.2276260995981205,0.2538945972725959,0.8965377839597272,-0.09221248825119074,-0.07057521985026731,0.8562594104051908,0.9846748712624577
-8.984675492839132,-0.2019515415777046,0.1804908379294012,0.18046767987835577,0.18046767987835577,D_mean_resid2,0.22983194287190253,0.2500727038417397,0.9190604945726237,-0.12788187471749213,-0.06077102792727645,1.4224401654002374,1.265707372240703
-8.975834651245712,-0.2028427125563943,0.18145765408004907,0.18137096143595238,0.18137096143595238,D_mean_resid2,0.23324402353976675,0.24637839899124597,0.9466902313463531,-0.12579032766445566,-0.04542408349342396,2.0305226334013002,1.480443030150904
-8.966993809652294,-0.2037184239014705,0.18242447023069677,0.18215886085714178,0.18215886085714178,D_mean_resid2,0.23531586035347413,0.24289918930287058,0.96877993306128,-0.07334086259367184,-0.024867970019771164,2.5016497339113215,1.593309019292429
-8.958152968058874,-0.2045788871789056,0.18339128638134466,0.18271540578823658,0.18271540578823658,D_mean_resid2,0.2339860444019003,0.23977546384776047,0.9758548295436266,0.004829823578033986,-0.0011907054539650884,2.6606262133427983,1.5780859402097196
-8.949312126465454,-0.2054243124091187,0.18435810253199253,0.18290582805888295,0.18290582805888295,D_mean_resid2,0.2292604483821481,0.2371629071755977,0.9666791958002161,0.06958342760483885,0.02217637976315808,2.412339658886701,1.4278320780530804
-8.940471284872036,-0.2062549080382223,0.18400279384222454,0.1826384511349335,0.1826384511349335,D_mean_resid2,0.2227886404037933,0.2351570339157952,0.9474036846525681,0.10373829178374305,0.04146352013351588,1.78483222999315,1.160393019060765
-8.931630443278616,-0.2070708809107843,0.18254504546150904,0.18191842419221715,0.18191842419221715,D_mean_resid2,0.21595563650690727,0.2337331460780098,0.9239409990863291,0.11807360188570616,0.053735217795553604,0.9224951908503654,0.8168452589703834
-8.922789601685196,-0.2078724362440721,0.18108729708079355,0.18084436787628183,0.18084436787628183,D_mean_resid2,0.2090822121653469,0.23275559238412058,0.8982908209582131,0.12064593771613913,0.05777478783951559,0.03663834766705687,0.4528292145314061
-8.913948760091778,-0.2086597776037529,0.17962954870007836,0.17955130942867226,0.17955130942867226,D_mean_resid2,0.20264177999687408,0.2320485509868606,0.8732731970748154,0.10032952534978277,0.05438304545149324,-0.6646063721254838,0.12538579813829898
-8.905107918498357,-0.20943310688102,0.17817180031936286,0.17815116502994702,0.17815116502994702,D_mean_resid2,0.19808855955673146,0.23146797833266128,0.8557924987448693,0.05184952302915453,0.04602342852363785,-1.0417641807925295,-0.12047016908757008
-8.896267076904937,-0.2101926242711101,0.17671405193864737,0.17670967171115645,0.17670967171115645,D_mean_resid2,0.1965611848557531,0.2309292175206266,0.8511750352169979,-0.0018571597810061319,0.035962901251321774,-1.0632548826940038,-0.2612434768987254
-8.88742623531152,-0.2109385282531899,0.17525630355793215,0.1752555864954169,0.1752555864954169,D_mean_resid2,0.19738037884753984,0.23039506578618318,0.8567040191334547,-0.0293761361212641,0.027223292540983313,-0.8049827819275146,-0.29792196622618405
-8.8785853937181,-0.2116710155715732,0.17379855517721665,0.17379848140604306,0.17379848140604306,D_mean_resid2,0.1986064698700181,0.22985307984621745,0.8640583367553534,-0.02239641695390831,0.021729450730420395,-0.41048881267845694,-0.25224401061152146
-8.86974455212468,-0.2123902812182436,0.17234080679650116,0.1723408067965013,0.1723408067965013,D_mean_resid2,0.19870335204305015,0.22930007257589238,0.866564715008036,0.0037785035487267193,0.01996515940346071,-0.02879807782616317,-0.15833808947155317
-8.860903710531261,-0.2130965184166501,0.17088305841578597,0.17088305841578588,0.17088305841578588,D_mean_resid2,0.1972370976524551,0.2287354142419846,0.8622936605863458,0.030574677115186882,0.021220252241907663,0.2411086544905341,-0.052967567808566
-8.852062868937841,-0.2137899186067471,0.16942531003507047,0.16942531003507047,0.16942531003507047,D_mean_resid2,0.19454539331640047,0.2281590299400429,0.8526745286720598,0.04626491803651323,0.024228366245767533,0.3729606962872356,0.0326242041588277
-8.84322202734442,-0.2144706714312458,0.16796756165435497,0.1679675783667536,0.1679675783667536,D_mean_resid2,0.19141207704409247,0.2275709187390732,0.8411095675346835,0.045249898774739575,0.027814825114801833,0.39521655538674283,0.07758545750483695
-8.834381185751003,-0.2151389647230494,0.16650981327363978,0.16651014010105566,0.16651014010105566,D_mean_resid2,0.1887869761844947,0.22697072540827493,0.8317679552942552,0.03024095828485167,0.03121646016830948,0.34883421411383986,0.07295864317450326
-8.825540344157583,-0.2157949844938417,0.1650520648929243,0.16505445787012793,0.16505445787012793,D_mean_resid2,0.18719980762130156,0.22635647122438043,0.8270132795794293,0.014765844254447907,0.033982801173492325,0.25151402730542793,0.0208034594906241
-8.816699502564163,-0.2164389149237965,0.1635943165122088,0.1636070718185761,0.1636070718185761,D_mean_resid2,0.18617519081977632,0.22571918644750397,0.824808886430554,0.017296927277442066,0.03566365151617029,0.09306081290559431,-0.06790468562793495
-8.807858660970744,-0.2170709383523822,0.16213656813149357,0.16219058281897203,0.16219058281897203,D_mean_resid2,0.18422666835935178,0.22502764061622238,0.8186846196087734,0.04526153157116527,0.035628272984399016,-0.13714892502973708,-0.17597529508856635
-8.799017819377324,-0.21769123527023,0.16067881975077808,0.1608646696555639,0.1608646696555639,D_mean_resid2,0.17997850480404318,0.22419893278652045,0.8027625402455263,0.07923581689656445,0.033238627674378574,-0.41479691868388446,-0.28328425553161996
-8.790176977783906,-0.2182999843120341,0.1592210713700629,0.15974745430983128,0.15974745430983128,D_mean_resid2,0.1739373213612847,0.22306884196286253,0.7797472736700832,0.08242705319324392,0.028293965281354375,-0.6692482662266099,-0.3707312662261829
-8.781336136190486,-0.2188973622504598,0.1577633229893474,0.15900765061928052,0.15900765061928052,D_mean_resid2,0.16869220422468273,0.22140558992392448,0.7619148382055114,0.04006487021316685,0.021405191857618473,-0.8109392727059201,-0.4244661835923301
-8.772495294597066,-0.2194835439910263,0.1565553254332623,0.15880282779654903,0.15880282779654903,D_mean_resid2,0.16639950033131087,0.21900407760313315,0.7598009231264209,-0.01746632974139843,0.013955193977601811,-0.7822249850478037,-0.43926952566311084
-8.763654453003648,-0.2200587025679378,0.15810336967854616,0.15919173051759208,0.15919173051759208,D_mean_resid2,0.1663805997260659,0.21581558805811224,0.7709387501762148,-0.045778469431801985,0.007574137491173688,-0.5966690182103477,-0.4197003526602272
-8.754813611410228,-0.2206230091408346,0.15965141392383034,0.16009601187399622,0.16009601187399622,D_mean_resid2,0.16606761774106701,0.2119939418606015,0.7833602049357913,-0.03385321773731908,0.003405081430205053,-0.3382888854096053,-0.3781876091351095
-8.74597276981681,-0.2211766329924342,0.1611994581691142,0.16134991365720636,0.16134991365720636,D_mean_resid2,0.1638499171744454,0.2078059945792739,0.7884754119157033,-0.006009945901772465,0.0015926205937319392,-0.11978930052841959,-0.3304811604968116
-8.73713192822339,-0.2217197415270387,0.1627475024143984,0.16278903879551726,0.16278903879551726,D_mean_resid2,0.16003687514242815,0.20349574233686066,0.7864384448766892,0.014375835974664596,0.001287004969088882,-0.02570301260568056,-0.290146205938333
-8.72829108662997,-0.2222525002698765,0.16429554665968257,0.16430475481469592,0.16430475481469592,D_mean_resid2,0.155537652941034,0.1992135097798898,0.7807585595619841,0.023830888611329905,0.0011381480678909397,-0.07361394642486495,-0.26433708370455944
-8.719450245036551,-0.2227750728672552,0.16584359090496645,0.1658451790616881,0.1658451790616881,D_mean_resid2,0.1508614684590543,0.19502508108906508,0.7735490615699736,0.025246734970489557,-1.4613509728263955e-05,-0.2124702193435986,-0.2525548464913683
-8.710609403443131,-0.2232876210874978,0.16739163515025063,0.1673918195743419,0.1673918195743419,D_mean_resid2,0.1464523303931062,0.1909499320968217,0.7669671771281235,0.016051222669225998,-0.0026186830371808987,-0.3545082743935506,-0.24871297963825317
-8.701768561849711,-0.2237903048226345,0.16893967939553484,0.16893967939553473,0.16893967939553473,D_mean_resid2,0.142995571638543,0.18698991821012145,0.7647234300506951,-0.0045514464526640735,-0.006282916504668385,-0.4211541369577902,-0.2453102734241291
-8.692927720256293,-0.2242832820908269,0.17048772364081868,0.1704877236408188,0.1704877236408188,D_mean_resid2,0.14094602733739145,0.18314208518641342,0.7695993370061709,-0.02796975908483594,-0.010065397059694815,-0.3797755562079386,-0.23760851985684822
-8.684086878662873,-0.2247667090394979,0.17203576788610286,0.1720357678861029,0.1720357678861029,D_mean_resid2,0.14004778334784293,0.17940262649660138,0.7806339632964961,-0.04132170445110705,-0.012997987571642274,-0.25538860614184555,-0.22585613483145345
-8.675246037069453,-0.2252407399491418,0.17358381213138707,0.17358381213138696,0.17358381213138696,D_mean_resid2,0.13943477170969432,0.17576769715831528,0.793290086654002,-0.03710431580749969,-0.014581097483023601,-0.11414968585750385,-0.2146604173747143
-8.666405195476035,-0.2257055272377907,0.17513185637667092,0.17513185637667106,0.17513185637667106,D_mean_resid2,0.13814720718481374,0.17223361660462388,0.8020920068231614,-0.019136868383907858,-0.015016346152852002,-0.02836184595619662,-0.21001918812783804
-8.657564353882615,-0.226161221466114,0.1766799006219551,0.17667990062195513,0.17667990062195513,D_mean_resid2,0.13578605089658655,0.16879686044115386,0.8044346947076331,-0.0005209792223919568,-0.015082582657814904,-0.04082165775474045,-0.21557953931457766
-8.648723512289195,-0.2266079713431243,0.1782279448672393,0.1782279448672392,0.1782279448672392,D_mean_resid2,0.13275242730886408,0.165454052678194,0.8023522250438062,0.00741133786460315,-0.015738141772432934,-0.14584628619685913,-0.2299276700364905
-8.639882670695776,-0.2270459237324704,0.17977598911252315,0.1797759891125233,0.1797759891125233,D_mean_resid2,0.129759860394361,0.16220195840681212,0.7999894802066173,0.0028482578865687766,-0.017661390484324458,-0.29506621385401355,-0.2460960020473007
-8.631041829102356,-0.2274752236592905,0.18132403335780733,0.18132403335780736,0.18132403335780736,D_mean_resid2,0.127335036043941,0.15903747689027412,0.8006605646277587,-0.010849543453452112,-0.020955409084939747,-0.42285335378626987,-0.2533799752396112
-8.622200987508936,-0.2278960143176068,0.18287207760309154,0.18287199825372874,0.18287199825372874,D_mean_resid2,0.12581141837676738,0.1559577023423897,0.8067021794188841,-0.02943565737741896,-0.02513814952046607,-0.476569502086867,-0.2405511859416512
-8.613360145915518,-0.2283084370782363,0.1844201218483754,0.18441939936415516,0.18441939936415516,D_mean_resid2,0.12527102111294464,0.15296017650647784,0.8189780109703223,-0.04516087922302937,-0.02938196003734898,-0.4360025717575111,-0.19909090823717712
-8.604519304322098,-0.2287126314971993,0.18596816609365957,0.1859638704620959,0.1859638704620959,D_mean_resid2,0.12529424141353593,0.1500440195280376,0.835049886077753,-0.04980590004420586,-0.032847408862928945,-0.31415216507113497,-0.12528463273138996
-8.595678462728678,-0.2291087353246012,0.18751621033894378,0.187496413524225,0.187496413524225,D_mean_resid2,0.12520967851992285,0.14721341852473946,0.8505316959192898,-0.04418610885309286,-0.03493669909259667,-0.14260944883841908,-0.020705096419065098
-8.58683762113526,-0.2294968845139704,0.18906425458422763,0.18899087245941418,0.18899087245941418,D_mean_resid2,0.12473755281592536,0.14448490575450232,0.8633258413018579,-0.037673302661070274,-0.035368983956739826,0.047573293921591375,0.10863442201792087
-8.57799677954184,-0.2298772132320293,0.1906122988295118,0.19038983500674542,0.19038983500674542,D_mean_resid2,0.12414697267845874,0.14189608044475926,0.8749147424603435,-0.03650655835236177,-0.034095523181320406,0.23838655031336664,0.2537209244716152
-8.56915593794842,-0.2302498538688802,0.19216034307479601,0.1916004619068179,0.1916004619068179,D_mean_resid2,0.12377395294178936,0.13950592707357992,0.887230783223332,-0.03784962082141241,-0.031153908498095174,0.425786651391169,0.403844296931821
-8.560315096355001,-0.230614937048586,0.19370838732007986,0.19251851989025387,0.19251851989025387,D_mean_resid2,0.1236330797169498,0.13737573360390545,0.8999630172925609,-0.03615715386089907,-0.02656689850623734,0.6117711590795305,0.5473946908032292
-8.551474254761581,-0.2309725916401277,0.19407063116905937,0.19307807516487288,0.19307807516487288,D_mean_resid2,0.12352687988757304,0.13553559757268546,0.9113980540892782,-0.030311878751560897,-0.02033676468040575,0.7944359083003365,0.6722606071199871
-8.542633413168161,-0.231322944768719,0.19374002946723234,0.19329068204457078,0.19329068204457078,D_mean_resid2,0.12330206752252919,0.13396192158516,0.9204262380197772,-0.02198933234309975,-0.01251993446342128,0.9617659511943413,0.7662520323089264
-8.533792571574743,-0.2316661218274611,0.1934094277654054,0.19323785631863089,0.19323785631863089,D_mean_resid2,0.1228269322060568,0.1325870282190312,0.9263872481035557,-0.011034269481702812,-0.003331123831499524,1.0911036871674238,0.8179901372789725
-8.524951729981323,-0.2320022464893205,0.19307882606357837,0.19302441259021327,0.19302441259021327,D_mean_resid2,0.12187637522830903,0.13133244908378697,0.9279989528753463,0.0030620473220680164,0.006772615257064385,1.1533159079689743,0.8184338676782332
-8.516110888387903,-0.2323314407194101,0.19274822436175135,0.19273408841019232,0.19273408841019232,D_mean_resid2,0.12027301990847362,0.13013800378183013,0.9241959797547329,0.018021190306672118,0.01706144266755065,1.1201897397249738,0.7627965916400801
-8.507270046794485,-0.2326538247875608,0.1924176226599244,0.19241466748521724,0.19241466748521724,D_mean_resid2,0.11803875544413203,0.12897011272283107,0.9152411589947854,0.03201273849671708,0.02657945534402835,0.9741439005441359,0.6522448823912106
-8.498429205201065,-0.2329695172811645,0.19208702095809738,0.19208654656095026,0.19208654656095026,D_mean_resid2,0.11520377036100014,0.1278146709200916,0.9013344832145626,0.04711417699442244,0.03428594649536258,0.7185400052872906,0.49465060066767785
-8.489588363607647,-0.2332786351182732,0.19175641925627043,0.19175637289361688,0.19175637289361688,D_mean_resid2,0.11162482632227212,0.1266671576417308,0.881245213048793,0.06371894051334932,0.03928445207458786,0.38421683064872614,0.3038821942931563
-8.480747522014227,-0.2335812935609397,0.1914258175544434,0.19142581755444343,0.19142581755444343,D_mean_resid2,0.1073105553086213,0.12552647285888804,0.854883857282086,0.07372370120532534,0.041079546769943805,0.02609727123756489,0.09762585504872226
-8.471906680420807,-0.2338776062287843,0.19109521585261638,0.1910952158526164,0.1910952158526164,D_mean_resid2,0.10287022707924474,0.12439242350942838,0.826981452543592,0.06619917941191458,0.039745895756651516,-0.29330033554644963,-0.10567503830723218
-8.463065838827388,-0.2341676851127723,0.19076461415078944,0.1907646141507894,0.1907646141507894,D_mean_resid2,0.09931660325129829,0.1232650090099489,0.8057161075068944,0.04128942933645932,0.035893503158218626,-0.528349506661673,-0.28976864819600645
-8.454224997233968,-0.2344516405891903,0.1904340124489624,0.1904340124489624,0.1904340124489624,D_mean_resid2,0.09723432862432713,0.12214425756508206,0.7960613995505913,0.014371094083084967,0.03040378716793719,-0.6694362790191477,-0.442464863207653
-8.44538415564055,-0.234729581433804,0.19010341074713544,0.19010341074713544,0.19010341074713544,D_mean_resid2,0.09620502557009848,0.1210301954238358,0.79488449335472,0.0032742184118572035,0.024056742958826365,-0.7430080809725879,-0.5559611224812878
-8.43654331404713,-0.2350016148361884,0.18977280904530844,0.18977280904530844,0.18977280904530844,D_mean_resid2,0.09516399663329031,0.11992284692541562,0.7935435079562134,0.012036675606941213,0.017266153674919127,-0.7896835350237991,-0.6259106619917585
-8.42770247245371,-0.2352678464142135,0.1894422073434814,0.18944220734348144,0.18944220734348144,D_mean_resid2,0.09333003095071997,0.11882223454439553,0.7854593149891411,0.027255516653753097,0.010093808874671643,-0.8332657096441664,-0.6501259573634618
-8.418861630860292,-0.2355283802286757,0.18911160564165444,0.18911160564165444,0.18911160564165444,D_mean_resid2,0.09089536813073452,0.11772837893522914,0.7720769533465046,0.029009591632364714,0.00253261338653509,-0.8617637149268748,-0.6279160156986363
-8.410020789266872,-0.2357833187980613,0.18878100393982744,0.18878100393982744,0.18878100393982744,D_mean_resid2,0.08893464428560813,0.11664129897609928,0.7624627388951793,0.007751906403246269,-0.005143624114578188,-0.8343768811550787,-0.56057828470365
-8.401179947673452,-0.2360327631134305,0.18845040223800041,0.18845040223800041,0.18845040223800041,D_mean_resid2,0.08851946954399527,0.115561011812107,0.7659977024770334,-0.026204167007730837,-0.0122205742844727,-0.7101781190012533,-0.4527656201822395
-8.392339106080033,-0.2362768126534107,0.18811980053617344,0.18811980053617344,0.18811980053617344,D_mean_resid2,0.08974639036055619,0.1144875328977938,0.7838966225316016,-0.05098869491261587,-0.017700768620983395,-0.4788859297748105,-0.31379067995522936
-8.383498264486613,-0.2365155653992888,0.18778919883434644,0.18778919883434644,0.18778919883434644,D_mean_resid2,0.09163549215770087,0.11342087603899821,0.8079243906227038,-0.053100590666068065,-0.02068808357738488,-0.17344155316490806,-0.1578045773501771
-8.374657422893193,-0.236749117850189,0.18745859713251942,0.18745859713251944,0.18745859713251944,D_mean_resid2,0.0930272717683914,0.11236105343404897,0.8279316446867806,-0.03834699711068952,-0.02076750721547877,0.14225015363731797,-0.0022741640415291442
-8.365816581299775,-0.236977565038329,0.18712799543069245,0.18712799543069245,0.18712799543069245,D_mean_resid2,0.09350162426811702,0.11130807571429024,0.8400255207728189,-0.022338998389407443,-0.01817286142749129,0.4006576507019113,0.13498792877011778
-8.356975739706355,-0.2372010005443432,0.18679739372886545,0.18679739372886545,0.18679739372886545,D_mean_resid2,0.093373711648833,0.11026195198394222,0.8468352860507249,-0.01293954804399726,-0.013683205569384283,0.5562215729675768,0.23926612818109244
-8.348134898112935,-0.2374195165126623,0.18646679202703842,0.18646679202703845,0.18646679202703845,D_mean_resid2,0.09295995510452291,0.10922268985930049,0.8511047953888788,-0.005607696437494026,-0.008337927792592764,0.5974164452493768,0.30164207197527554
-8.339294056519517,-0.2376332036669414,0.18613619032521145,0.18613621782885717,0.18613621782885717,D_mean_resid2,0.09214152929277492,0.10819027961119831,0.8516618093963937,0.0048033571983709285,-0.0031198772538776677,0.5436741446627814,0.3200704196998802
-8.330453214926097,-0.237842151325527,0.18580558862338445,0.1858058332848028,0.1858058332848028,D_mean_resid2,0.09074987982656418,0.10716463355029698,0.846826763831291,0.014292053481741743,0.0012751461902096493,0.4325336231703468,0.29865894109580415
-8.321612373332677,-0.2380464474169534,0.18547498692155742,0.1854764267518892,0.1854764267518892,D_mean_resid2,0.08904918243293727,0.10614531020275336,0.8389365697159871,0.01604313810654465,0.004528045238676462,0.3035569811477641,0.245706145928231
-8.312771531739259,-0.238246178495462,0.18514438521973045,0.18515096383406893,0.18515096383406893,D_mean_resid2,0.08751439097451896,0.10513065651829877,0.8324345521354795,0.010642545566261704,0.00664254456001768,0.18411665960770585,0.1714532242353396
-8.303930690145839,-0.2384414297565331,0.18481378351790345,0.18483794673791107,0.18483794673791107,D_mean_resid2,0.08634419379470709,0.10411598865999665,0.829307725988892,0.004385569551805232,0.007783537683278663,0.08141132112762328,0.0864295541622427
-8.295089848552418,-0.2386322850524239,0.18448318181607642,0.18455570546718922,0.18455570546718922,D_mean_resid2,0.08540401647124653,0.10309137035822231,0.8284303155005536,0.002305009329210954,0.008082033748018412,-0.015521946102512452,0.0007836978095684823
-8.286249006959,-0.2388188269077055,0.18415258011424945,0.18433316761657162,0.18433316761657162,D_mean_resid2,0.08440462340852956,0.10204149563711991,0.8271598027991415,0.006549206311471139,0.007509083549851034,-0.12316089403352187,-0.07564599785832707
-8.27740816536558,-0.2390011365347896,0.18382197841242245,0.18420162021731273,0.18420162021731273,D_mean_resid2,0.08300459305010648,0.10095056483825443,0.8222301002782754,0.01580113340542151,0.0059043418387097115,-0.2456196225532401,-0.13322533351576393
-8.26856732377216,-0.2391792938494403,0.1839023924122395,0.18417917669144165,0.18417917669144165,D_mean_resid2,0.08105372496708683,0.09981084504021291,0.8120733266453259,0.02274609526471826,0.0031661151993934104,-0.3620977001552736,-0.16311668489234948
-8.259726482178742,-0.2393533774862632,0.1841368470524766,0.18425981382902767,0.18425981382902767,D_mean_resid2,0.07893532112404,0.09862813233041255,0.8003327170345275,0.01747366421394709,-0.0004981549781184094,-0.4294642830377259,-0.15886632503386594
-8.250885640585322,-0.2395234648141655,0.18437130169271373,0.1844172953856452,0.1844172953856452,D_mean_resid2,0.07746223998670844,0.09741876113426415,0.7951470444173345,-0.0020893074675942327,-0.004427536193342352,-0.40171643206481666,-0.11858989342398182
-8.242044798991902,-0.2396896319517805,0.18460575633295087,0.184620031283451,0.184620031283451,D_mean_resid2,0.07720442669336183,0.09620100596695472,0.802532425907082,-0.025707487208353388,-0.007601177660836249,-0.25702988449292996,-0.046785890522176445
-8.233203957398484,-0.2398519537828523,0.18484021097318795,0.18484383860597048,0.18484383860597048,D_mean_resid2,0.07797245079639821,0.09498827037719375,0.8208639918041822,-0.03967078511004628,-0.008972257180496337,-0.016629733088131482,0.045299125591307984
-8.224363115805064,-0.2400105039715725,0.18507466561342512,0.18507540666985103,0.18507540666985103,D_mean_resid2,0.07901779115987226,0.09378763299908689,0.8425182364997054,-0.03780190005565342,-0.00789521933278178,0.25714428976345993,0.14135083215803335
-8.215522274211644,-0.2401653549778656,0.18530912025366225,0.18530923558844672,0.18530923558844672,D_mean_resid2,0.07957398020057516,0.09260182836354852,0.859313272824086,-0.022127186065335622,-0.004425513315593843,0.4846674039221687,0.22344739199438035
-8.206681432618225,-0.2403165780726175,0.18554357489389933,0.18554358520172745,0.18554358520172745,D_mean_resid2,0.07910584781621928,0.09143156126728018,0.8651919175367752,0.0017656793485832309,0.0006745161543570562,0.6028788008228949,0.2762198738857639
-8.197840591024805,-0.2404642433528411,0.18577802953413647,0.18577802953413647,0.18577802953413647,D_mean_resid2,0.0773957857231536,0.09027684461489836,0.8573160266434589,0.025053769798933083,0.0062343986406176504,0.5909600503081147,0.2902961259400734
-8.188999749431387,-0.2406084197567752,0.18601248417437358,0.1860124841743736,0.1860124841743736,D_mean_resid2,0.07475582878879886,0.08913751650598749,0.8386572985099647,0.03672321080896573,0.011123684539983282,0.4740953659200195,0.263931643310484
-8.180158907837967,-0.2407491750789131,0.1862469388146107,0.18624693881461074,0.18624693881461074,D_mean_resid2,0.07200692868318442,0.08801337962093393,0.818136162857421,0.03173867691663228,0.014617202701163316,0.30436618208843236,0.202531152612802
-8.171318066244547,-0.240886575984954,0.18648139345484785,0.18648139345484782,0.18648139345484782,D_mean_resid2,0.06991475775371361,0.08690423370354314,0.8045034720887614,0.01739001755696203,0.016505390944459013,0.13129157781967016,0.11661168064809688
-8.162477224651129,-0.2410206880266759,0.18671584809508493,0.18671584809508496,0.18671584809508496,D_mean_resid2,0.06858442308162305,0.08580988066995296,0.7992602081037324,0.007507786236011213,0.01693865878527114,-0.019870968005695544,0.019216581759199693
-8.153636383057709,-0.2411515756567243,0.18695030273532207,0.18695030273532207,0.18695030273532207,D_mean_resid2,0.06746588831840081,0.08473012460779535,0.7962444128424403,0.010141709959295222,0.01615403878356626,-0.14999223821711882,-0.07632547131920861
-8.14479554146429,-0.2412793022433141,0.18718475737555917,0.18718475737555917,0.18718475737555917,D_mean_resid2,0.06591778173881309,0.0836647717742059,0.7878797771266465,0.02130699292502352,0.014286543548631488,-0.26978159745240105,-0.15793394711203187
-8.13595469987087,-0.2414039300848405,0.1874192120157963,0.1874192120157963,0.1874192120157963,D_mean_resid2,0.06378644208254984,0.08261363059273268,0.7721055426918979,0.02915800538573486,0.011383846047773559,-0.3790487415137072,-0.21580219390498112
-8.12711385827745,-0.2415255204243959,0.18765366665603345,0.18765366665603345,0.18765366665603345,D_mean_resid2,0.06155474470794508,0.08157651164920421,0.7545645610913488,0.024219037031898552,0.007584323788815694,-0.4572319848664433,-0.24334683468069518
-8.118273016684032,-0.2416441334641893,0.18788812129627053,0.18788812129627055,0.18788812129627055,D_mean_resid2,0.05994895777685234,0.08055322768660436,0.7442154647121804,0.007151002474709442,0.0032992149484759774,-0.47193243474072205,-0.23829581435469743
-8.109432175090612,-0.2417598283798666,0.18812257593650766,0.1881225759365077,0.1881225759365077,D_mean_resid2,0.05936761877098877,0.07954359359900634,0.7463532395867314,-0.012494258595053624,-0.0007602360078629361,-0.3993032925919452,-0.2036515854969736
-8.100591333497192,-0.2418726633347268,0.18835703057674483,0.1883570305767448,0.1883570305767448,D_mean_resid2,0.059625258211324264,0.07854742642461596,0.7590988136135587,-0.02438330390941175,-0.0037611393665968906,-0.2426935533752197,-0.14788326737192578
-8.091750491903774,-0.2419826954938332,0.1885914852169819,0.18859148521698194,0.18859148521698194,D_mean_resid2,0.06015397210531035,0.07756454533796815,0.7755343867897946,-0.024692365796176754,-0.0050514665301319385,-0.0382323227895123,-0.083718246389146
-8.082909650310354,-0.2420899810380171,0.18882593985721904,0.18882593985721907,0.18882593985721907,D_mean_resid2,0.060426341348140705,0.0765947716413232,0.7889094784576712,-0.017213772882601605,-0.004437151185657601,0.15531942964997875,-0.025386638830352623
-8.074068808716934,-0.2421945751777699,0.18906039449745618,0.1890603944974562,0.1890603944974562,D_mean_resid2,0.06024655227244351,0.07563792875530806,0.7965124543183049,-0.008036374762418695,-0.0023051575823003242,0.277158324132815,0.015087078802922031
-8.065227967123516,-0.242296532167024,0.1892948491376933,0.18929484913769332,0.18929484913769332,D_mean_resid2,0.05966436529536316,0.0746938422088413,0.7987855963888394,0.0010420471767717248,0.0004634744942537374,0.28712537845564345,0.03132653049154683
-8.056387125530096,-0.2423959053168188,0.18952930377793042,0.18952930377793042,0.18952930377793042,D_mean_resid2,0.05865160093295356,0.07376233962838397,0.7951429039322968,0.012598421948092794,0.0027717023944533094,0.1828840700389099,0.024405875312279016
-8.047546283936676,-0.2424927470088497,0.18976375841816756,0.18976375841816756,0.18976375841816756,D_mean_resid2,0.05701835245379463,0.07284325072655637,0.7827540902565393,0.025836917559743468,0.0036971726806016084,0.005331316524314844,0.002108818998149387
-8.038705442343257,-0.2425871087089001,0.18999821305840464,0.18999821305840464,0.18999821305840464,D_mean_resid2,0.054815675823955176,0.07193640729015542,0.7620018553728463,0.03136095818787547,0.0028659690442053532,-0.17247753277906028,-0.02429071612370695
-8.029864600749837,-0.2426790409801527,0.19023266769864178,0.19023266769864178,0.19023266769864178,D_mean_resid2,0.0527268997654628,0.07104164316760986,0.7421970750460156,0.018555011611695815,0.0006474795891544725,-0.27308429138712703,-0.044580542251083016
-8.021023759156417,-0.2427685934963801,0.1904671223388789,0.1904671223388789,0.1904671223388789,D_mean_resid2,0.05177033571202326,0.07015879425590948,0.7379023009316132,-0.010628792543743324,-0.0019626208794045388,-0.25044825772853146,-0.05365367508956698
-8.012182917562999,-0.2428558150550125,0.19070157697911602,0.19070157697911602,0.19070157697911602,D_mean_resid2,0.05241743024438705,0.06928769848703858,0.7565185651850249,-0.038233393212278866,-0.0037808671586971997,-0.11659412736982688,-0.05327852967314568
-8.003342075969579,-0.242940753590082,0.19093603161935316,0.19093603161935316,0.19093603161935316,D_mean_resid2,0.05400495578951323,0.06842819581394723,0.7892208050662325,-0.04372722611775294,-0.00402420130100337,0.05840440311695308,-0.050741205077953516
-7.99450123437616,-0.2430234561850409,0.19117048625959027,0.19117048625959027,0.19117048625959027,D_mean_resid2,0.05511977297366657,0.06758012819609234,0.8156210182633796,-0.021967546225709657,-0.0027481790060669468,0.17830530284423157,-0.05489848526183445
-7.985660392782741,-0.2431039690854558,0.19140494089982737,0.1914049408998274,0.1914049408998274,D_mean_resid2,0.05466453431626413,0.06674333958457454,0.8190260579783452,0.012213661199072452,-0.000871463425578414,0.17045437753429543,-0.07141255766347934
-7.976819551189321,-0.2431823377115723,0.19163939554006454,0.1916393955400645,0.1916393955400645,D_mean_resid2,0.052631876006718065,0.0659176759069028,0.7984485994477626,0.03691732352484148,0.0002657412953042652,0.02618920788286155,-0.09937983042859608
-7.967978709595902,-0.2432586066707543,0.19187385018030165,0.19187385018030167,0.19187385018030167,D_mean_resid2,0.04994943890020814,0.06510298505141154,0.7672373065653332,0.03933920620731297,-0.0004083941488792034,-0.19224546134877069,-0.13094814630829293
-7.959137868002483,-0.2433328197697931,0.19210830482053873,0.19210830482053876,0.19210830482053876,D_mean_resid2,0.047764275081046983,0.06429911685135715,0.7428449630414921,0.020135091313102538,-0.0031334820463718837,-0.38352427599612776,-0.15411500145541882
-7.950297026409062,-0.2434050200270885,0.1923427594607759,0.1923427594607759,0.1923427594607759,D_mean_resid2,0.04690824581374494,0.06350592306871843,0.7386436342793807,-0.01158690011639556,-0.007189748891504998,-0.4600036453692179,-0.15741738164518151
-7.941456184815643,-0.2434752496846993,0.192577214101013,0.19257721410101303,0.19257721410101303,D_mean_resid2,0.047663508157454224,0.06272325737772662,0.7599016720451736,-0.04149771765362102,-0.011267120768581912,-0.39111256397053556,-0.13441658420033248
-7.932615343222224,-0.2435435502202645,0.19281166874125014,0.19281166874125016,0.19281166874125016,D_mean_resid2,0.04953547214303587,0.06195097534814436,0.7995914812424277,-0.05295324786246925,-0.014105277338024025,-0.2131556383373704,-0.08613247555021529
-7.923774501628804,-0.2436099623587935,0.19304612338148727,0.19304612338148727,0.19304612338148727,D_mean_resid2,0.051292900251180565,0.06118893442831938,0.8382708528985472,-0.03814185650731882,-0.015036071235151572,-0.0022161249825173313,-0.020689604271972906
-7.914933660035385,-0.2436745260843253,0.19328057802172438,0.19328057802172438,0.19328057802172438,D_mean_resid2,0.05176147846615726,0.060436993928031923,0.8564535576967076,-0.009149188293623002,-0.014144462157867518,0.17067686985048336,0.04925151505403107
-7.906092818441966,-0.243737280651458,0.1935150326619615,0.19351503266196152,0.19351503266196152,D_mean_resid2,0.05085212353766684,0.05969501500115582,0.8518654955808661,0.010023075308862454,-0.012018216895134097,0.27334293099584483,0.10989859522511977
-7.897251976848546,-0.2437982645967452,0.19374948730219863,0.19374948730219865,0.19374948730219865,D_mean_resid2,0.04959036080868516,0.0589628606281535,0.8410440111008933,0.006527492551955148,-0.009311299050636894,0.31585107016052283,0.14923302188332066
-7.888411135255128,-0.2438575157499628,0.19398394194243573,0.19398416783093236,0.19398416783093236,D_mean_resid2,0.04903215077966828,0.058240328156168746,0.8418934496418158,-0.010270661487578197,-0.00643343833833194,0.325895263219382,0.15878993497029487
-7.879570293661708,-0.2439150712452442,0.19421839658267287,0.19422037555327126,0.19422037555327126,D_mean_resid2,0.04931661857567695,0.057526904325992445,0.857279200984124,-0.021286828873204624,-0.003548922254300514,0.3172237552099086,0.13449965499077252
-7.870729452068288,-0.2439709675320837,0.19445285122291,0.1944644172052412,0.1944644172052412,D_mean_resid2,0.049752823296479134,0.05682064790150549,0.8756116857858094,-0.016098304567740456,-0.0008243883993706378,0.2750199993750642,0.07715582681750846
-7.861888610474869,-0.2440252403862102,0.1946873058631471,0.19473983978512244,0.19473983978512244,D_mean_resid2,0.0495446269241177,0.05611479735226983,0.8829155456642424,0.0017971929128876053,0.0013138942446939477,0.16811863736185242,-0.007159853423392501
-7.853047768881449,-0.2440779249203286,0.19492176050338422,0.19511349312799026,0.19511349312799026,D_mean_resid2,0.048328807113985066,0.05539081334879315,0.8725058216722873,0.021459112191105106,0.0021482320842643263,-0.021777796107584048,-0.10694873466252275
-7.84420692728803,-0.2441290555947321,0.19515621514362136,0.1957276279182058,0.1957276279182058,D_mean_resid2,0.04629038085677905,0.05461059083927576,0.847644754348403,0.03171192545176055,0.0009288261534122739,-0.27505810030626543,-0.20614018839367743
-7.835366085694611,-0.2441786662277831,0.19539066978385847,0.1968026471914173,0.1968026471914173,D_mean_resid2,0.04404953204271776,0.05371822617184607,0.8200109196048676,0.025971326194438565,-0.002715258103324642,-0.530862754609122,-0.28647070791918405
-7.826525244101191,-0.244226790006265,0.1956251244240956,0.19856993227656888,0.19856993227656888,D_mean_resid2,0.04235740112482337,0.05266184038787661,0.8043281589257666,0.0058170834436947014,-0.008457720889279171,-0.7086235022453866,-0.3312846938337398
-7.817684402507772,-0.2442734594956041,0.19923526677896683,0.20115320565047895,0.20115320565047895,D_mean_resid2,0.04167616901538406,0.051426870210381746,0.810396760387933,-0.020071884349022365,-0.01524491436877587,-0.742916205798866,-0.3297880862477466
-7.808843560914353,-0.2443187066499629,0.20365560912663486,0.20449233513125586,0.20449233513125586,D_mean_resid2,0.04198594865826385,0.05005126641609325,0.8388588674104734,-0.042483628956541133,-0.021593729874582662,-0.6133631954798962,-0.2802658541721793
-7.800002719320933,-0.2443625628222044,0.20807595147430333,0.20838250476543854,0.20838250476543854,D_mean_resid2,0.042964735476565645,0.048605561083581064,0.8839469089284747,-0.056185731804982875,-0.026090208069718505,-0.35481000472454594,-0.1909418985742203
-7.791161877727514,-0.2444050587737286,0.21249629382197135,0.21258930778535473,0.21258930778535473,D_mean_resid2,0.04418671653326888,0.04715714307434954,0.937010040315687,-0.058029638915366714,-0.02786736796964326,-0.04330991667891304,-0.07799032028190742
-7.782321036134094,-0.2444462246841818,0.21691663616963938,0.21693970922909656,0.21693970922909656,D_mean_resid2,0.04511948661934986,0.04574878870270441,0.9862443990059709,-0.04581168078641403,-0.02685600029528341,0.23496563667602843,0.03868591333077533
-7.773480194540674,-0.2444860901610392,0.22133697851730785,0.2213415683523538,0.2213415683523538,D_mean_resid2,0.045218052815167865,0.044398877338546576,1.0184503646426684,-0.02332752107125863,-0.02371278002214356,0.41700500012297637,0.1404410762937006
-7.764639352947255,-0.2445246842490611,0.22575732086497588,0.22575800871460044,0.22575800871460044,D_mean_resid2,0.04431826770715475,0.04311138274242927,1.0279945779502382,-0.0030834518856327157,-0.019482649995781226,0.4829635124049997,0.2139658217697662
-7.755798511353836,-0.2445620354396237,0.2301776632126439,0.2301777174282214,0.2301777174282214,D_mean_resid2,0.042886603624711764,0.041884444041444834,1.0239267729631385,0.0028270775136563023,-0.01517317220499572,0.45462928862429874,0.25328827112592434
-7.746957669760416,-0.2445981716799255,0.23459800556031238,0.23459800556031224,0.23459800556031224,D_mean_resid2,0.04164469842290885,0.04071462002665234,1.0228438432103177,-0.004622942983700263,-0.011444038946868374,0.3756798570702771,0.2594440202245592
-7.738116828166997,-0.24463312038207,0.2390183479079804,0.23901834790798038,0.23901834790798038,D_mean_resid2,0.040888796051927224,0.039598341996024855,1.0325885880785592,-0.01282295216550346,-0.00853051999260198,0.28654403605619866,0.2384389430526674
-7.729275986573578,-0.2446669084320248,0.24343869025564843,0.24343869025564852,0.24343869025564852,D_mean_resid2,0.040337174984272195,0.038532246332060864,1.0468420303518493,-0.012361509062843475,-0.006377458082244707,0.20810622368243903,0.1985828927367958
-7.720435144980158,-0.2446995621984584,0.2478590326033169,0.2478590326033166,0.2478590326033166,D_mean_resid2,0.03960816393618557,0.03751322805858179,1.0558452574204562,-0.005217616389028724,-0.004850851676239672,0.14110757424124343,0.1481830624792077
-7.71159430338674,-0.2447311075414562,0.2522793749509845,0.25227937495098474,0.25227937495098474,D_mean_resid2,0.0386100236708528,0.036538425064864884,1.056696439496511,0.0017838918881483562,-0.0038824386592476675,0.07738489725183931,0.09411714119630397
-7.70275346179332,-0.2447615698211154,0.25669971729865254,0.2566997172986529,0.2566997172986529,D_mean_resid2,0.037470331312067465,0.03560519527329799,1.0523838171495223,0.004789319789413337,-0.0034825564395867432,0.012584830619748938,0.04127584284641107
-7.6939126201999,-0.2447909739060206,0.261120059646321,0.261120059646321,0.261120059646321,D_mean_resid2,0.036357472674490764,0.03471109630213046,1.0474308376212034,0.00304583668465328,-0.0036599176712692923,-0.048539048233334325,-0.007453278740992358
-7.685071778606481,-0.2448193441816001,0.26554040199398904,0.26554040199398915,0.26554040199398915,D_mean_resid2,0.03542738211581195,0.03385386731382321,1.0464796174511573,-0.002410301754662591,-0.004340808512639215,-0.09610616093425714,-0.05100052439986788
-7.676230937013061,-0.244846704558365,0.2699607443416575,0.26996074434165734,0.26996074434165734,D_mean_resid2,0.034756627138327584,0.03303141278231298,1.0522295055129578,-0.008337025541213395,-0.00535923636121224,-0.1235110055131125,-0.08987280364529614
-7.667390095419642,-0.2448730784800315,0.27438108668932554,0.27438108668932554,0.27438108668932554,D_mean_resid2,0.03427474581410027,0.032241787948802995,1.0630535089594109,-0.011181910376442838,-0.00652469098221,-0.1334513601121633,-0.12579379370588892
-7.658549253826223,-0.2448984889315266,0.27880142903699356,0.2788014290369938,0.2788014290369938,D_mean_resid2,0.03383138407160177,0.031483185766553214,1.0745857907284342,-0.010323052258690615,-0.007718881031568177,-0.13776908901932278,-0.16109169238966495
-7.649708412232803,-0.24492295844688,0.28322177138466204,0.28322177138466187,0.28322177138466187,D_mean_resid2,0.03333209041352399,0.03075392516145648,1.08383207146835,-0.008134770069572155,-0.008960680367189113,-0.15195809712757652,-0.19779690673866435
-7.640867570639384,-0.2449465091170009,0.28764211373233006,0.2876421137323301,0.2876421137323301,D_mean_resid2,0.03278979182736407,0.03005244045767902,1.0910858262422944,-0.007181411472064933,-0.010405755962652898,-0.1880773036713791,-0.23659420065149533
-7.632026729045965,-0.2449691625973435,0.2920624560799981,0.2920624560799983,0.2920624560799983,D_mean_resid2,0.03227165342843542,0.02937727183692069,1.0985245194850646,-0.008074874401915795,-0.012286203665341212,-0.24967064016100649,-0.2759214841231017
-7.623185887452545,-0.244990940115459,0.29648279842766656,0.2964827984276665,0.2964827984276665,D_mean_resid2,0.031822145652969064,0.02872705671641219,1.107741247810765,-0.0097897868706588,-0.014820353123035201,-0.33028158087928894,-0.3115380965714488
-7.614345045859125,-0.2450118624784386,0.30090314077533503,0.3009031407753347,0.3009031407753347,D_mean_resid2,0.03144064703470208,0.028100521945029593,1.1188634537182782,-0.011948121396573952,-0.018126137940897485,-0.41514130084391965,-0.33679033052257346
-7.605504204265706,-0.2450319500802451,0.3053234831230026,0.3053234831230029,0.3053234831230029,D_mean_resid2,0.03114655226732394,0.02749647672921828,1.1327470269755333,-0.01631074356241101,-0.02216075008232916,-0.4846356876150948,-0.34363009702928216
-7.596663362672286,-0.2450512229089373,0.3097438254706711,0.30974382547067103,0.30974382547067103,D_mean_resid2,0.031038701031906975,0.026913806211070698,1.1532631538061513,-0.024415628404301178,-0.02669531263034321,-0.518137755210399,-0.3242575946747581
-7.587822521078867,-0.2450697005537862,0.3141641678183391,0.3141641678183391,0.3141641678183391,D_mean_resid2,0.03121614775726205,0.02635146563013846,1.1846076493582125,-0.03402218101316142,-0.03132229771709944,-0.4973259725084944,-0.2731026701128228
-7.578981679485448,-0.2450874022122847,0.31858451016600714,0.3185845101660073,0.3185845101660073,D_mean_resid2,0.03164104935906707,0.025808475008582788,1.2259945366219671,-0.04103676628210322,-0.03548887291682465,-0.40898174824031064,-0.18874599644272186
-7.570140837892028,-0.2451043466970521,0.3230048525136756,0.3230048525136754,0.3230048525136754,D_mean_resid2,0.03218365230723062,0.025283914306255997,1.272890420264849,-0.04502667754312468,-0.03855378341868412,-0.24810462518365206,-0.07531568512968466
-7.56129999629861,-0.2451205524426347,0.3274251948613432,0.32742519486134347,0.32742519486134347,D_mean_resid2,0.03279227276053963,0.024776918998401093,1.3235008260169792,-0.049233444902294206,-0.03987578029651159,-0.022112886912057483,0.05710060623720316
-7.55245915470519,-0.2451360375122023,0.33184553720901167,0.33184553720901155,0.33184553720901155,D_mean_resid2,0.0335212572232986,0.02428667603398514,1.380232403001185,-0.05470648024222967,-0.03894477647940905,0.2448134358989691,0.1933716983927444
-7.543618313111771,-0.2451508196041438,0.3362658795566797,0.3362658795566797,0.3362658795566797,D_mean_resid2,0.034374655654343236,0.023812420137348595,1.4435599345246013,-0.057055488990340575,-0.03554706668306472,0.5106923684662175,0.3156492820712452
-7.534777471518352,-0.245164916058561,0.3406862219043473,0.34068622190434783,0.34068622190434783,D_mean_resid2,0.035175222297797744,0.02335343041994593,1.5062122208716258,-0.04983225453451631,-0.029914875814253998,0.7221466728262402,0.4068013903858264
-7.5259366299249315,-0.245178343863663,0.3451065642520162,0.345106564252016,0.345106564252016,D_mean_resid2,0.035605407601136285,0.022909027272552115,1.5542086173076421,-0.030778329014940813,-0.022778297999720698,0.8292038207626837,0.45424181093798716
-7.517095788331512,-0.245191119662062,0.3495269065996842,0.3495269065996842,0.3495269065996842,D_mean_resid2,0.035400910982718976,0.022478569511477257,1.5748738354833365,-0.005514196058926472,-0.015253156558211006,0.8035340064137019,0.453173157733471
-7.508254946738093,-0.2452032597569709,0.35394724894735224,0.3539472489473524,0.3539472489473524,D_mean_resid2,0.03455792741591522,0.022061451755125357,1.5664394075012158,0.014876848167693002,-0.008570464268462748,0.6510595273237286,0.40827003492972336
-7.499414105144673,-0.2452147801183054,0.3583675912950207,0.3583675912950206,0.3583675912950206,D_mean_resid2,0.03337548905447822,0.02165710200970256,1.5410874935864332,0.021548703460122887,-0.0037413282602997712,0.4117213572416305,0.33316237371257745
-7.490573263551254,-0.2452256963886898,0.36278793364268874,0.3627879336426888,0.3627879336426888,D_mean_resid2,0.03226666359036074,0.021264979445063403,1.517361616723845,0.014868003441805286,-0.0012905376684605716,0.146558947474887,0.2476491757638157
-7.481732421957835,-0.2452360238893696,0.36720827599035677,0.36720827599035694,0.36720827599035694,D_mean_resid2,0.03147503664131479,0.020884572343618995,1.5070950998396466,0.0038887943882387616,-0.001149919382852348,-0.08044055786711726,0.17319652958462456
-7.472891580364415,-0.2452457776260298,0.37162861833802524,0.3716286183380251,0.3716286183380251,D_mean_resid2,0.03094679367643282,0.020515396206949813,1.5084667809607917,-0.0022974105981811554,-0.0027128621280397124,-0.21706689506653065,0.12776094182272316
-7.464050738770996,-0.2452549722945225,0.37604896068569327,0.37604896068569327,0.37604896068569327,D_mean_resid2,0.03048624207464418,0.020156992006291445,1.51244005381005,-0.003390088189125064,-0.0049880274517695306,-0.2310165034710943,0.12120819721492135
-7.455209897177577,-0.2452636222865023,0.3804693030333613,0.38046930303336146,0.38046930303336146,D_mean_resid2,0.030037777896271354,0.019808924564421605,1.5163760050972972,-0.007417945859981673,-0.006797622753346726,-0.11461138200559162,0.15253280447330386
-7.446369055584157,-0.2452717416949736,0.38488964538102977,0.3848896453810296,0.3848896453810296,D_mean_resid2,0.02978832377842163,0.019470781057688045,1.529898759077243,-0.020286999821895624,-0.00701454959799804,0.11016070408749551,0.20973903180216086
-7.4375282139907375,-0.2452793443197476,0.3893099877286978,0.3893099877286978,0.3893099877286978,D_mean_resid2,0.029945222511981492,0.01914216962799852,1.5643588524146061,-0.035028917208877595,-0.004849796084032731,0.3883755564060419,0.2726574863828964
-7.428687372397318,-0.2452864436728126,0.3937303300763658,0.39373033007636593,0.39373033007636593,D_mean_resid2,0.030362701819999675,0.01882271809556045,1.6130880601755948,-0.03442299498697601,-0.00014741605211437031,0.6383235225539097,0.3182119489546015
-7.419846530803898,-0.2452930529836182,0.3981506724240343,0.3981506724240341,0.3981506724240341,D_mean_resid2,0.030478274079240954,0.01851207276402343,1.6463998639024786,-0.00964257334080294,0.006436838212472868,0.7726765331132264,0.32687236861599855
-7.41100568921048,-0.2452991852042733,0.4025710147717019,0.4025710147717022,0.4025710147717022,D_mean_resid2,0.029791075133174184,0.018209897310452958,1.63598259920298,0.026650135494859034,0.01351480561229815,0.7303287087706776,0.288481216037655
-7.40216484761706,-0.2453048530146609,0.40699135711937034,0.4069913571193704,0.4069913571193704,D_mean_resid2,0.02834092901600332,0.01791587175325896,1.5818894780181718,0.05291668125480713,0.01935027906320841,0.5045580535517691,0.20559583140120952
-7.39332400602364,-0.2453100688274685,0.4114116994670388,0.4114116994670385,0.4114116994670385,D_mean_resid2,0.026577857038392345,0.017629691491829014,1.5075622310640326,0.05997181609703209,0.022436241264569202,0.1518162053392793,0.0930998509654486
-7.384483164430222,-0.2453148447931377,0.4158320418147064,0.4158320418147066,0.4158320418147066,D_mean_resid2,0.024911089450435426,0.01735106641217664,1.4357094174311564,0.052435914092641825,0.022034645108646233,-0.2254968716606156,-0.026004804694330873
-7.375642322836802,-0.2453191928047318,0.42025238416237487,0.42025238416237476,0.42025238416237476,D_mean_resid2,0.023555445863532778,0.01707972005342257,1.379147069732712,0.03597341486155617,0.018449077020242427,-0.5157660326226117,-0.12739122113555873
-7.366801481243383,-0.2453231245027245,0.4246727265100429,0.4246727265100429,0.4246727265100429,D_mean_resid2,0.022654111361089194,0.016815388830383093,1.3472249490987882,0.012913576217179373,0.012915033521280457,-0.6388839926472853,-0.19258727363633096
-7.3579606396499635,-0.2453266512797087,0.4290930688577109,0.42909306885771104,0.42909306885771104,D_mean_resid2,0.022308985842175773,0.016557821307950728,1.3473382413822437,-0.012124960985113765,0.007152532669110812,-0.5744793211579496,-0.2141604006894665
-7.349119798056544,-0.2453297842850287,0.43351341120537895,0.4335134112053792,0.4335134112053792,D_mean_resid2,0.022463437235352622,0.01630677752332592,1.3775521989688,-0.029640076824033995,0.002757272167175674,-0.36691278599453475,-0.1972375840888687
-7.340278956463124,-0.245332534429334,0.4379337535530474,0.4379337535530474,0.4379337535530474,D_mean_resid2,0.022832847866460705,0.016062028352494054,1.4215419973975643,-0.030764170928778728,0.0006648970299551653,-0.10549274869474154,-0.15702549619602674
-7.331438114869705,-0.2453349123890596,0.44235409590071545,0.4423540959007155,0.4423540959007155,D_mean_resid2,0.02302028463176197,0.01582335491764761,1.4548295700608793,-0.015009065543926515,0.0008919828062461806,0.11188587381423976,-0.11340957417738128
-7.322597273276285,-0.2453369286108295,0.4467744382483839,0.4467744382483838,0.4467744382483838,D_mean_resid2,0.02275152507001051,0.015590548032529246,1.4593152865787709,0.00840000275879162,0.0026432276038213694,0.2161930352591796,-0.08463256996746359
-7.313756431682866,-0.2453385933157883,0.45119478059605195,0.45119478059605195,0.45119478059605195,D_mean_resid2,0.022021299903529034,0.01536340768292253,1.4333603818902236,0.026779926936674112,0.00471463956290011,0.18924368364821081,-0.08214643982648596
-7.304915590089447,-0.2453399165038592,0.45561512294372,0.45561512294372014,0.45561512294372014,D_mean_resid2,0.021061103510900875,0.015141742539744514,1.3909299709474678,0.030828285213037425,0.00598937446319928,0.06099054394531778,-0.10804294494297173
-7.296074748496027,-0.2453409079579308,0.46003546529138845,0.4600354652913883,0.4600354652913883,D_mean_resid2,0.020214606835942842,0.014925369502401666,1.3543789875815186,0.01920365155814878,0.0057930550383340626,-0.11386720832243744,-0.15538557601397363
-7.287233906902608,-0.2453415772479729,0.4644558076390565,0.4644558076390565,0.4644558076390565,D_mean_resid2,0.019740333643247843,0.014714113270258712,1.3415917956230845,0.0013068967044835905,0.003976010560272288,-0.2844423690645716,-0.21080247015058123
-7.278393065309189,-0.2453419337350837,0.4688761499867245,0.4688761499867246,0.4688761499867246,D_mean_resid2,0.019601537279234423,0.014507805940241631,1.351102803551007,-0.008269726464864655,0.0007636351836205799,-0.4201426421496843,-0.25822588141020664
-7.269552223715769,-0.2453419865754676,0.47329649233439297,0.47329649233439275,0.47329649233439275,D_mean_resid2,0.019500889666107222,0.014306286628752657,1.363099326341924,-0.004209996177035557,-0.003452818531500067,-0.5078836881774893,-0.2827279827092678
-7.26071138212235,-0.2453417447243455,0.47771683468206055,0.47771683468206094,0.47771683468206094,D_mean_resid2,0.019217529025689316,0.014109401116217451,1.3620371883538376,0.003251014293554441,-0.008216603286496635,-0.5377214744824713,-0.2737605313574095
-7.25187054052893,-0.2453412169397984,0.482137177029729,0.482137177029729,0.482137177029729,D_mean_resid2,0.018851175571353546,0.01391700151271529,1.354542898779607,1.1605589560224026e-05,-0.012960639286058659,-0.49304326309505925,-0.22742290855597466
-7.24302969893551,-0.2453404117865463,0.4865575193773975,0.4865575193773972,0.4865575193773972,D_mean_resid2,0.018699854194576253,0.013728945943262157,1.3620750108462405,-0.01752992266908145,-0.016934438061949296,-0.35678090916634975,-0.14748034363908097
-7.234188857342092,-0.2453393376396606,0.4909778617250651,0.49097786172506536,0.49097786172506536,D_mean_resid2,0.0189778221864032,0.013545098251425434,1.4010841290432166,-0.040213398980684045,-0.01926912628905051,-0.13082751983113194,-0.04482329939814617
-7.225348015748672,-0.245338002688215,0.49539820407273355,0.4953982040727335,0.4953982040727335,D_mean_resid2,0.019635253300374845,0.013365327720048868,1.4691187310671536,-0.05343721804762135,-0.0192476888197227,0.14692592763373558,0.06483562536709932
-7.216507174155253,-0.2453364149388713,0.4998185464204016,0.49981854642040163,0.49981854642040163,D_mean_resid2,0.020362135579877906,0.013189508807958014,1.5438130317326313,-0.04762853840524824,-0.0166712285846986,0.40473416930543926,0.164794058425843
-7.207666332561834,-0.2453345822194049,0.5042388887680695,0.5042388887680698,0.5042388887680698,D_mean_resid2,0.020785964820484597,0.013017520901599744,1.5967683076990624,-0.02509818978473235,-0.01209130746317576,0.563406663613853,0.24180210762318055
-7.198825490968414,-0.2453325121821689,0.5086592311157381,0.508659231115738,0.508659231115738,D_mean_resid2,0.02070341513030735,0.012849248080647005,1.6112549933166875,0.0036585493932896696,-0.006709250453324307,0.5752712163434184,0.2896302751525384
-7.189984649374995,-0.2453302123074976,0.513079573463406,0.5130795734634062,0.5130795734634062,D_mean_resid2,0.020126689605355946,0.012684578896670087,1.5867053821266022,0.028212744545874885,-0.0019195440692837682,0.4533261285943804,0.3102770080055918
-7.1811438077815755,-0.2453276899070521,0.5174999158110741,0.5174999158110742,0.5174999158110742,D_mean_resid2,0.019217061731745255,0.012523406164041092,1.5344916135455142,0.03903684339336441,0.0013063185327974328,0.27104868391830755,0.31209107618378035
-7.172302966188155,-0.2453249521271058,0.5219202581587425,0.5219202581587424,0.5219202581587424,D_mean_resid2,0.018303555334402127,0.012365626762297683,1.480196328600905,0.027356712082837503,0.002873052887969285,0.1288969869503675,0.3053702984080502
-7.163462124594736,-0.2453220059517741,0.5263406005064106,0.5263406005064106,0.5263406005064106,D_mean_resid2,0.017824425302050723,0.012211141449247644,1.4596854336781862,-0.004073169948706906,0.003585434219792058,0.1032848203205336,0.2972052243701133
-7.154621283001317,-0.2453188582061871,0.5307609428540786,0.5307609428540788,0.5307609428540788,D_mean_resid2,0.01798870063468999,0.012059854684145834,1.4916183574200406,-0.03331386543124915,0.004699302358886476,0.20578633329711063,0.2878137041331389
-7.145780441407897,-0.2453155155596064,0.5351812852017471,0.535181285201747,0.535181285201747,D_mean_resid2,0.018484830302808047,0.011911674460322527,1.551824671198036,-0.03520187138492537,0.007224082969333001,0.37614203684979375,0.2700464361432206
-7.136939599814478,-0.245311984528487,0.5396016275494151,0.5396016275494151,0.5396016275494151,D_mean_resid2,0.018698884314100755,0.01176651214668472,1.5891611788604043,-0.007005578462174046,0.011350126687716748,0.5134966896668911,0.23236514477391998
-7.128098758221059,-0.2453082714794858,0.5440219698970832,0.5440219698970834,0.5440219698970834,D_mean_resid2,0.018263046821222536,0.011624282337551889,1.5711117719692957,0.029599170248788442,0.01630356875351318,0.5277226685232733,0.16407041327471625
-7.119257916627639,-0.2453043826324167,0.5484423122447516,0.5484423122447515,0.5484423122447515,D_mean_resid2,0.01729875641265308,0.011484902710324681,1.5062170615604666,0.0524301179864625,0.02068115172305855,0.3815241287154668,0.06062203585896554
-7.110417075034221,-0.2453003240631528,0.5528626545924192,0.5528626545924197,0.5528626545924197,D_mean_resid2,0.016158469683747,0.011348293890518509,1.423867749604845,0.05615277759426043,0.023049557525594976,0.10168499860199942,-0.07304395804996225
-7.101576233440801,-0.2452961017064784,0.5572829969400876,0.5572829969400878,0.5572829969400878,D_mean_resid2,0.015116933214710181,0.01121437932372588,1.3479955313021919,0.04601554585174138,0.022479113653192606,-0.2415951347809533,-0.22236248600837405
-7.0927353918473806,-0.2452917213588888,0.5617033392877562,0.5617033392877558,0.5617033392877558,D_mean_resid2,0.014338914670853749,0.011083085154100154,1.2937656321759028,0.027949416688908334,0.018777748892916238,-0.5695801190386222,-0.36603365428189055
-7.083894550253962,-0.2452871886813417,0.5661236816354237,0.566123681635424,0.566123681635424,D_mean_resid2,0.013898070426531484,0.010954340108980332,1.2687273070093827,0.010322390337692418,0.012407978438830597,-0.8218569580425019,-0.4808307394664785
-7.075053708660542,-0.2452825092019579,0.5705440239830922,0.5705440239830921,0.5705440239830921,D_mean_resid2,0.013691181575955025,0.010828075389301499,1.2644150584214044,0.0024704929135796585,0.004245934535909726,-0.9638777194032,-0.5467877431960055
-7.066212867067123,-0.2452776883186753,0.5749643663307602,0.5749643663307603,0.5749643663307603,D_mean_resid2,0.013505124874483822,0.010704224565458697,1.2616630744148725,0.0022162002433413256,-0.004635002026509762,-0.9803213734783102,-0.5514273686187255
-7.057372025473704,-0.245272731301854,0.5793847086784283,0.5793847086784285,0.5793847086784285,D_mean_resid2,0.013313546051570608,0.010582723478313367,1.2580453489929484,-0.006076940758718519,-0.013087797411219914,-0.8682018784899899,-0.49220804255293177
-7.048531183880284,-0.2452676432968355,0.5838050510260967,0.5838050510260967,0.5838050510260967,D_mean_resid2,0.013385765409694956,0.010463510145051522,1.2792805878843103,-0.03138682690225329,-0.019986272584188235,-0.6387402030529771,-0.3769140939807877
-7.039690342286865,-0.245262429326455,0.5882253933737648,0.5882253933737648,0.5882253933737648,D_mean_resid2,0.013958231614139094,0.010346524669621323,1.3490744051596562,-0.05931819808162539,-0.02438179932030022,-0.32426675381588144,-0.22213380320962567
-7.030849500693446,-0.2452570942935091,0.5926457357214328,0.592645735721433,0.592645735721433,D_mean_resid2,0.014853715317742074,0.010231709157494804,1.45173353631359,-0.06498557777701629,-0.02571985459318513,0.021502346507041636,-0.05026060053608379
-7.022008659100026,-0.2452516429831787,0.5970660780691013,0.5970660780691012,0.5970660780691012,D_mean_resid2,0.015568170793577025,0.010119007634514681,1.5385076635851052,-0.042230576140797255,-0.02400160164158877,0.3366202134317655,0.1143491772893575
-7.013167817506607,-0.2452460800654075,0.6014864204167693,0.6014864204167694,0.6014864204167694,D_mean_resid2,0.015764591868047385,0.010008365969601932,1.5751414282739702,-0.012016779497738843,-0.019767842624998724,0.5712867825743279,0.2493311745744536
-7.004326975913187,-0.2452404100972385,0.6059067627644373,0.6059067627644374,0.6059067627644374,D_mean_resid2,0.015578869796319072,0.009899731801113682,1.5736658436106832,0.0011629193686287388,-0.013900289743281344,0.7012041230020984,0.3376985827452921
-6.995486134319767,-0.2452346375251062,0.6103271051121057,0.6103271051121056,0.6103271051121056,D_mean_resid2,0.015391863479689731,0.00979305446665394,1.5717122305507583,-0.004686471622402962,-0.007369373472770158,0.7252289455671298,0.37017713560748944
-6.986645292726348,-0.2452287666870893,0.6147474474597738,0.6147474474597738,0.6147474474597738,D_mean_resid2,0.01538105723036073,0.009688284936151686,1.587593400867738,-0.010688265994384091,-0.0010770212898379076,0.6527121247038372,0.34627905832334094
-6.977804451132929,-0.2452228018151198,0.6191677898074418,0.6191677898074419,0.6191677898074419,D_mean_resid2,0.015369605821238141,0.009585375748031965,1.6034432269797847,-0.0004903132947478767,0.004171675528451165,0.49447677877874957,0.2741212696696634
-6.968963609539509,-0.245216747037154,0.6235881321551103,0.6235881321551102,0.6235881321551102,D_mean_resid2,0.01507003241389678,0.009484280948316293,1.5889483341983983,0.022769855645123006,0.007666160455776519,0.26592028246628113,0.16908607374725498
-6.960122767946091,-0.2452106063793022,0.6280084745027779,0.6280084745027783,0.6280084745027783,D_mean_resid2,0.014408108390267118,0.009384956032498238,1.5352345115283121,0.040653413292169385,0.008873593715974952,-0.002953101530314528,0.051440990228501134
-6.951281926352671,-0.2452043837679196,0.6324288168504464,0.6324288168504464,0.6324288168504464,D_mean_resid2,0.01362398834889243,0.009287357890049254,1.466939091847593,0.037031061278270605,0.0076139446500984335,-0.26370241304723757,-0.056902187792641265
-6.942441084759251,-0.2451980830316591,0.6368491591981148,0.6368491591981147,0.6368491591981147,D_mean_resid2,0.013087202888517372,0.009191444751418414,1.423846113691514,0.013352213941859016,0.004210891192868462,-0.4595657990201629,-0.13612371336966272
-6.933600243165832,-0.2451917079034861,0.6412695015457829,0.6412695015457828,0.6412695015457828,D_mean_resid2,0.012979524885159487,0.00909717613739757,1.4267641616613287,-0.011641906222259978,-0.0005119522116825535,-0.5446354696389614,-0.17210432314225949
-6.9247594015724125,-0.2451852620226557,0.6456898438934509,0.645689843893451,0.645689843893451,D_mean_resid2,0.01313966957065338,0.009004512810730867,1.4592315927403157,-0.02086838704503258,-0.005419180633602527,-0.49993401267703363,-0.1591081580187616
-6.915918559978993,-0.2451787489366542,0.6501101862411189,0.6501101862411189,0.6501101862411189,D_mean_resid2,0.013282975088005852,0.008913416729854752,1.4902226038097854,-0.017768454284857987,-0.009351627038162651,-0.33813564290126,-0.10080885078042465
-6.907077718385574,-0.2451721721031033,0.6545305285887869,0.6545305285887872,0.6545305285887872,D_mean_resid2,0.01335421801890492,0.008823851004660764,1.5134228821238271,-0.019102523458917723,-0.011397987945560488,-0.09784191799470543,-0.009284376016993442
-6.898236876792154,-0.2451655348916303,0.6589508709364554,0.6589508709364553,0.6589508709364553,D_mean_resid2,0.013529492527355354,0.008735779854179908,1.5487446745675195,-0.029200865595076862,-0.011081636834537492,0.16696236266566644,0.09784096917751775
-6.889396035198735,-0.2451588405857026,0.6633712132841234,0.6633712132841234,0.6633712132841234,D_mean_resid2,0.013866164403506343,0.008649168566092776,1.6031788833282414,-0.03297485380967864,-0.008445812344780264,0.39898910104790025,0.20137492242686036
-6.880555193605316,-0.2451520923844284,0.6677915556317915,0.6677915556317917,0.6677915556317917,D_mean_resid2,0.014133473810621277,0.008563983457975172,1.6503387564883187,-0.017576183815211484,-0.004026837954807117,0.5513553422177745,0.2845762262144316
-6.871714352011896,-0.2451452934043234,0.6722118979794599,0.6722118979794598,0.6722118979794598,D_mean_resid2,0.014054982445621162,0.00848019184019401,1.65738968062067,0.009571587014963485,0.0013030781396858007,0.6013919229415478,0.3361356854887809
-6.862873510418477,-0.2451384466810451,0.676632240327128,0.676632240327128,0.676632240327128,D_mean_resid2,0.013608648359950277,0.00839776198037281,1.6205089393765044,0.029195974516825825,0.00660678349776932,0.5581959435561312,0.35141079997698293
-6.854032668825058,-0.2451315551710939,0.681052582674796,0.6810522868818876,0.6810522868818876,D_mean_resid2,0.013027937029586085,0.008316666675675865,1.5664854126821612,0.030448229301291537,0.011172921969823573,0.4569243916722998,0.331824045059565
-6.845191827231638,-0.2451246217534827,0.6854729250224645,0.6854704046245935,0.6854704046245935,D_mean_resid2,0.012565395582930607,0.008236895415335397,1.5255014115556738,0.01917138960901737,0.01468597583165803,0.3400673589683634,0.2829688105073219
-6.8363509856382185,-0.2451176492313746,0.6898932673701325,0.6898787270514467,0.6898787270514467,D_mean_resid2,0.012290946800041875,0.008158510852896313,1.5065184102413158,0.009333397582784047,0.01718588527328738,0.23586096305406656,0.21235548946690208
-6.827510144044799,-0.2451106403336908,0.6943136097178005,0.6942483082525772,0.6942483082525772,D_mean_resid2,0.012092080619871163,0.008081815393355243,1.4962084669507676,0.00971701387943265,0.018856394656522602,0.14732929214414814,0.12770647283492087
-6.81866930245138,-0.2451035977166865,0.6987339520654685,0.6984985580774891,0.6984985580774891,D_mean_resid2,0.01181826759338188,0.008007681765494736,1.4758662918283088,0.019058480220765093,0.01979091514112135,0.058316669602127114,0.03629487429011877
-6.80982846085796,-0.2450965239654987,0.703154294413137,0.7024625468121947,0.7024625468121947,D_mean_resid2,0.011398048210006511,0.00793790090650351,1.4359020532327516,0.0302575290705197,0.019887531532938905,-0.049133896938398536,-0.05477126839088181
-6.800987619264541,-0.2450894215956635,0.707574636760805,0.7058917294223523,0.7058917294223523,D_mean_resid2,0.010866599750509909,0.007875069133441841,1.379873568901687,0.03533894548356868,0.018922145141721886,-0.1787678479171343,-0.13789837470520652
-6.792146777671122,-0.2450822930546048,0.7119949791084731,0.7085427737128078,0.7085427737128078,D_mean_resid2,0.010351892337502819,0.00782160362751098,1.323499991880442,0.02960514509797953,0.01672661508207525,-0.3151927241408341,-0.20472134491929217
-6.783305936077702,-0.2450751407230954,0.7119949791084731,0.7103120717700205,0.7103120717700205,D_mean_resid2,0.009998864989310623,0.007778328414855573,1.2854773488625295,0.016444677319986313,0.013349007250666749,-0.43039445689402933,-0.24669890430466623
-6.774465094484283,-0.2450679669166895,0.7119949791084731,0.7113032315075309,0.7113032315075309,D_mean_resid2,0.009842019737640782,0.0077438494325674356,1.2709466814074803,0.005682169975905263,0.009116516649903405,-0.4947357386111321,-0.256660671607732
-6.765624252890864,-0.2450607738871277,0.7119949791084731,0.7117595851204934,0.7117595851204934,D_mean_resid2,0.009777453992707096,0.007715355712351577,1.267271964797979,0.0026060663696622836,0.00460124665933828,-0.48552632606007534,-0.23090810700779935
-6.7567834112974445,-0.2450535638237165,0.7119949791084731,0.7119296776432498,0.7119296776432498,D_mean_resid2,0.009709125019853078,0.007690071856589463,1.262553224588341,0.0011170998962046243,0.0005315939736396137,-0.3916735984326224,-0.171157820486731
-6.7479425697040245,-0.2450463388546792,0.7119949791084731,0.7119804387897875,0.7119804387897875,D_mean_resid2,0.009687590795843186,0.007666160271550839,1.2636822676136692,-0.007569125036987024,-0.00232420182079649,-0.2172044950681727,-0.08554574073527024
-6.739101728110605,-0.2450391010484832,0.7119949791084731,0.7119924587106023,0.7119924587106023,D_mean_resid2,0.009837287361704571,0.0076427406251468166,1.2871413337431685,-0.021227732588486804,-0.003308947094913372,0.014722485158735366,0.011905460201117456
-6.730260886517186,-0.24503185241514,0.7119949791084731,0.7119946833155646,0.7119946833155646,D_mean_resid2,0.0101547038279888,0.007619498268017905,1.332726049773142,-0.02746647409007885,-0.0020638835024968027,0.2603500199976774,0.10355527125058958
-6.721420044923766,-0.2450245949074815,0.7119949791084731,0.7119949791084732,0.7119949791084732,D_mean_resid2,0.010457562350042577,0.007596347897035802,1.3766565844256895,-0.018312864882669515,0.0012944794763730106,0.4616970059350784,0.17181913614673766
-6.712579203330347,-0.2450173304224104,0.7119949791084731,0.7119949791084732,0.7119949791084732,D_mean_resid2,0.010545847645332769,0.0075732716978247835,1.3925088213013375,0.0015761897569314177,0.0060996966847593065,0.5625108916851409,0.20338523136508532
-6.703738361736928,-0.2450100608021274,0.7119949791084731,0.7119949791084732,0.7119949791084732,D_mean_resid2,0.010354250298380491,0.0075502662808311395,1.3713755135587995,0.021818683481525956,0.011240618852295572,0.5287000512142034,0.1927627097535246
-6.694897520143508,-0.2450027878353344,0.7119949791084731,0.7119949791084732,0.7119949791084732,D_mean_resid2,0.009941001201278948,0.007527331427289788,1.3206541119258517,0.035574134743906194,0.015448003491194396,0.36383635389974955,0.14395590886327658
-6.686056678550089,-0.2449955132584145,0.7119949791084731,0.7119949791084732,0.7119949791084732,D_mean_resid2,0.009410317222702901,0.00750446691895141,1.2539621167412371,0.0408655310311702,0.017673857993805834,0.1118956581518038,0.0695031906394732
-6.67721583695667,-0.2449882387565883,0.7119949791084731,0.7119949791084732,0.7119949791084732,D_mean_resid2,0.008868892184335314,0.007481672538087614,1.1854157127548228,0.03826458087662141,0.01742650706861735,-0.15474720318112878,-0.013079608702003795
-6.6683749953632505,-0.2449809659650489,0.7119949791084731,0.7119949791084732,0.7119949791084732,D_mean_resid2,0.008406095951905545,0.007458948067495927,1.1269814289949318,0.029099855891342973,0.014937666973107824,-0.3581028950631372,-0.08650188788573737
-6.6595341537698305,-0.244973696470074,0.7119949791084731,0.7119949791084732,0.7119949791084732,D_mean_resid2,0.008095084880275993,0.007436293290504524,1.0885913941308214,0.014130417480377591,0.011094645129820913,-0.44077152160194777,-0.13892018688628754
-6.650693312176411,-0.2449664318101164,0.7119949791084731,0.7119949791084732,0.7119949791084732,D_mean_resid2,0.008005933287108647,0.007413707990976841,1.0798824686449209,-0.004636993852223942,0.007144084570361162,-0.3871901557965999,-0.1674033877438097
-6.641852470582992,-0.2449591734768731,0.7119949791084731,0.7119949791084732,0.7119949791084732,D_mean_resid2,0.008161535919063672,0.0073911919533158985,1.1042245920026708,-0.020578367490791647,0.0042484714619628805,-0.2320376760190368,-0.17836814509771845
-6.633011628989572,-0.2449519229163342,0.7119949791084731,0.7119949791084732,0.7119949791084732,D_mean_resid2,0.008467327259157933,0.007368744962468515,1.149086757960123,-0.024878136886480696,0.003041267895582297,-0.050443630752056434,-0.1847418027947385
-6.624170787396153,-0.2449446815298096,0.7119949791084731,0.7119949791084732,0.7119949791084732,D_mean_resid2,0.00872785166279141,0.00734636680392929,1.1880500791388768,-0.013367210924652392,0.003356543164210968,0.06933393969837628,-0.2008014850728934
-6.615329945802734,-0.2449374506749376,0.7119949791084731,0.7119949791084732,0.7119949791084732,D_mean_resid2,0.00874619743373056,0.007324057263744431,1.1941738190696587,0.009621081362298506,0.004267208651424335,0.06158831154291458,-0.23654453680674953
-6.606489104209314,-0.2449302316666715,0.7119949791084731,0.7119949791084732,0.7119949791084732,D_mean_resid2,0.00843572056476765,0.0073018161285153815,1.1552907408643303,0.03182087177846189,0.0044455281769250595,-0.08820890221654615,-0.2936670360871547
-6.597648262615895,-0.2449230257782488,0.7119949791084731,0.7119949791084732,0.7119949791084732,D_mean_resid2,0.0079046468181538,0.007279643185402316,1.085856355433023,0.03873469705754128,0.002707526788172684,-0.3361375263314148,-0.3646334973752089
-6.588807421022476,-0.2449158342421393,0.7119949791084731,0.7119949791084732,0.7119949791084732,D_mean_resid2,0.007425703735715792,0.007257538222127432,1.0231711509387083,0.02461140166772661,-0.0014979490708745245,-0.5984987572164904,-0.43514294861406344
-6.5799665794290565,-0.244908658250976,0.7119949791084731,0.7119949791084732,0.7119949791084732,D_mean_resid2,0.0072482823627440796,0.007235501026978093,1.0017664755651794,-0.0018434961452432313,-0.007874938624645736,-0.7875842225907421,-0.4889946171227096
-6.5711257378356365,-0.2449014989584665,0.7119949791084731,0.7119949791084732,0.7119949791084732,D_mean_resid2,0.0074274006190127115,0.007213531388809834,1.0296483398595377,-0.026298622313298006,-0.015423763777677157,-0.8469179001133783,-0.5134722982370064
-6.562284896242217,-0.2448943574802867,0.7119949791084731,0.7119949791084732,0.7119949791084732,D_mean_resid2,0.007856209757309877,0.007191629097049194,1.0924103080529235,-0.04171795332730644,-0.022849872619713593,-0.7696230381715112,-0.5032554671586833
-6.553444054648798,-0.2448872348949565,0.7119949791084731,0.7119949791084732,0.7119949791084732,D_mean_resid2,0.00841564510325398,0.007169793941696389,1.1737638726703516,-0.04915981571568791,-0.029031994511917757,-0.593634010261048,-0.4615500834551909
-6.544603213055378,-0.2448801322446989,0.7119949791084731,0.7119949791084732,0.7119949791084732,D_mean_resid2,0.009025864617842059,0.007148025713327873,1.2627073516275766,-0.049403877194067275,-0.033346321118082084,-0.3796215905289164,-0.39829867545490516
-6.535762371461959,-0.2448730505362802,0.7119949791084731,0.7119949791084732,0.7119949791084732,D_mean_resid2,0.009587651510535627,0.007126324203098735,1.3453852557489083,-0.04092469267891479,-0.03574434320653423,-0.18465073595162895,-0.32646598018774764
-6.52692152986854,-0.2448659907418354,0.7119949791084731,0.7119949791084732,0.7119949791084732,D_mean_resid2,0.009983884220012125,0.0071046892027449605,1.405252775329674,-0.03435521642007146,-0.03661125693139532,-0.09805782805863075,-0.2580169600226666
