rep,n,ou_a,ou_b,ou_x_star,ou_tau,ou_sse,ou_aic,ou_bic,tanh_A,tanh_Delta,tanh_x_star,tanh_tau_local,tanh_sse,tanh_aic,tanh_bic,rat_A,rat_Delta,rat_x_star,rat_tau_local,rat_sse,rat_aic,rat_bic,hinge_a,hinge_b,hinge_A,hinge_x_c,hinge_Delta,hinge_tau_from_b,hinge_sse,hinge_aic,hinge_bic,delta_aic_tanh,delta_bic_tanh,delta_aic_rat,delta_bic_rat,delta_aic_hinge,delta_bic_hinge
0,22533,-1.2396177819922052,-0.14064940450988986,-8.813530254975523,7.109877240395172,5454.466843829277,-31960.097559169204,-31944.052086808497,0.2407073048583779,0.6764963333092178,-9.203064717342214,2.810452028895591,5290.063605989846,-32647.71118539075,-32623.64297684969,0.2522684023935274,0.6509908789808423,-9.210702940995454,2.5805486252111978,5294.751956174234,-32627.750024803117,-32603.681816262055,-5.198320713079052,-0.5722812711552666,0.07479266194773981,-9.755503022195873,1.0355774775847741,1.7473924980653233,5112.960853180475,-33410.99611074479,-33370.88242984302,-687.6136262215477,-679.5908900411923,-667.6524656339134,-659.629729453558,-1450.8985515755849,-1426.8303430345222
1,22418,-1.3259251880255634,-0.14928257249334195,-8.881982443628509,6.698705570903799,5614.079544577266,-31035.66151986219,-31019.626280889028,0.24938737684164541,0.6923166962670148,-9.22231898889834,2.7760695229839882,5460.894943955124,-31653.854622985622,-31629.80176452588,0.2619665378112168,0.6714113553383824,-9.229990839443852,2.56296609844967,5465.321374021807,-31635.690656288323,-31611.637797828582,-4.589840652665547,-0.5083232601246777,0.10731658507394512,-9.596467839322276,0.9034155871800607,1.9672520981131723,5304.461728422511,-32301.419972507887,-32261.331875074982,-618.1931031234308,-610.1754836368527,-600.029136426132,-592.011516939554,-1265.7584526456958,-1241.7055941859544
2,22664,-1.3106893132727504,-0.14812885198139578,-8.848305348625574,6.750879296125206,5533.209866572529,-31952.459146211797,-31936.402080128777,0.24779960871881215,0.7132739202376288,-9.205154037557797,2.878430373338517,5402.980143117744,-32490.257005297717,-32466.171406173187,0.26132411508699666,0.6987561085405617,-9.210176316498034,2.673905958919791,5406.548238317833,-32475.294777585594,-32451.209178461064,-4.540380364914516,-0.5112546034130315,0.12079654548514775,-9.84324192450411,0.9319933959997412,1.9559726080199646,5242.6314192428135,-33169.05823810971,-33128.91557290216,-537.7978590859202,-529.7693260444103,-522.8356313737968,-514.8070983322868,-1216.599091897915,-1192.5134927733816
3,22380,-1.3621594207583627,-0.15357660416267316,-8.8695763797168,6.511408462585672,5591.196031047312,-31036.488852559287,-31020.457006595556,0.2535849579095117,0.7223980495291111,-9.215274155510855,2.848741721450564,5461.706946328361,-31558.89376503807,-31534.84599609247,0.2665756205883151,0.7023971754282569,-9.223104290378757,2.634889019026241,5465.628017520773,-31542.832469700665,-31518.784700755066,-4.437244346118043,-0.4983900340783326,0.1258983448053673,-9.74942354053785,0.8431129809637091,2.0064606665927607,5279.339119726246,-32314.928530091758,-32274.84891518243,-522.4049124787816,-514.3889894969143,-506.34361714137776,-498.32769415951043,-1278.4396775324713,-1254.391908586873
4,22691,-1.2466529101239792,-0.14101086667588672,-8.84082865038628,7.091652037700744,5438.817160510247,-32407.977940992216,-32391.918493694055,0.23784102765673315,0.6594970398707767,-9.219564371039422,2.7728480925612358,5276.148049068197,-33094.99714890765,-33070.90797796041,0.24888107945016116,0.633259856992579,-9.226049837828668,2.5444274767354917,5281.390181951333,-33072.46362936479,-33048.37445841755,-4.974943817651985,-0.5466562007159118,0.08147592546569271,-9.63705553421526,0.938171828915929,1.8293033147531852,5092.657228011277,-33894.18031597241,-33854.031697727005,-687.0192079154331,-678.9894842663525,-664.485688372577,-656.4559647234964,-1486.202374980192,-1462.1132040329503
5,22551,-1.360273439392005,-0.15301782834713726,-8.889640207846107,6.535186198900911,5453.623006147397,-32007.127615637844,-31991.080546258152,0.24125031564897564,0.6778971587569669,-9.233541760142574,2.8099327328687176,5346.6585727545325,-32451.825933818443,-32427.755329748907,0.25549418823500475,0.6717270362834222,-9.237173659073353,2.629128438982591,5349.520440874461,-32439.75844889129,-32415.687844821754,-3.242225543941359,-0.37251281605747877,0.14395401549457615,-9.642887009581761,0.5808927788297823,2.6844713977456816,5174.629262819729,-33185.33616947502,-33145.218496025795,-444.698318180599,-436.67478349075463,-432.6308332534463,-424.60729856360194,-1178.2085538371757,-1154.1379497676426
6,22479,-1.3916093448463482,-0.1561914887035697,-8.90963621895835,6.402397520506797,5478.016787937622,-31732.715497078818,-31716.674823440753,0.24993714728424907,0.7000435646725892,-9.229985745346543,2.8008784299536,5353.671119530114,-32246.847258182785,-32222.786247725686,0.2636824431583063,0.6854333052568986,-9.23642544282597,2.599465087804071,5356.205492482892,-32236.208448281843,-32212.147437824744,-2.9453051096892433,-0.3476835860891059,0.16140982284006283,-9.717714066781731,0.6101514814487264,2.8761783414869506,5194.884840343244,-32919.64632207133,-32879.54463797616,-514.1317611039667,-506.1114242849326,-503.49295120302486,-495.47261438399073,-1186.9308249925089,-1162.8698145354101
7,22376,-1.334928151847212,-0.1498084989752126,-8.910897318770212,6.675188703182058,5489.156861911953,-31439.074935980592,-31423.04344751083,0.2515225577813489,0.6796578373949131,-9.238817546541421,2.702174482440444,5318.900186140034,-32142.100553224896,-32118.053320520252,0.2645987651511144,0.6622442721430021,-9.244117613372786,2.5028245002004796,5323.1731457343885,-32124.131921354085,-32100.08468864944,-4.571537379965878,-0.503652256003415,0.10407229694462111,-9.489259760122845,0.8857937769523069,1.98549691395251,5163.0900538658,-32803.36817010676,-32763.28944893235,-703.0256172443042,-695.0098730094214,-685.0569853734924,-677.0412411386096,-1364.2932341261694,-1340.2460014215212
8,22621,-1.3847371388566974,-0.15602285263108623,-8.875219979030176,6.40931750148477,5547.676507022488,-31789.803865068996,-31773.75059715428,0.23998812939154193,0.6098983049004733,-9.247036677094147,2.5413686353853815,5418.051102484138,-32322.632555255874,-32298.552653383802,0.25165506352929934,0.5869296592975402,-9.252187479663807,2.332278361763247,5421.175513755625,-32309.591530866943,-32285.51162899487,-3.211831249133831,-0.35769152379667274,0.13927490999113398,-9.316885206370612,0.4252582314530442,2.7957050516199624,5246.06738908015,-33048.32829634354,-33008.195126556755,-532.8286901868778,-524.8020562295205,-519.7876657979468,-511.76103184058957,-1258.5244312745453,-1234.4445294024736
9,22443,-1.2991244338680583,-0.14585340597126611,-8.907055856645492,6.856199163405243,5362.724403589311,-32123.303327536498,-32107.265859455416,0.23638842134296795,0.6247255562046644,-9.261877969925619,2.642792538887813,5195.833167040726,-32830.84191160998,-32806.78570948836,0.2473044354871501,0.5981378275581255,-9.268658758147891,2.4186295986963997,5199.649113335342,-32814.36527604333,-32790.30907392171,-4.350765188162522,-0.4830680099264281,0.11893989330370859,-9.59591749186481,0.7788431739089297,2.0701018892811827,5026.513854731723,-33570.385619087814,-33530.29194888511,-707.5385840734853,-699.5198500329425,-691.0619485068346,-683.0432144662918,-1447.0822915513163,-1423.0260894296953
10,22571,-1.2856756748552962,-0.14534096060968701,-8.845928012736731,6.880372854322181,5503.629609652474,-31849.506413511477,-31833.457571160612,0.24116922971915775,0.6699559053841729,-9.212663504779742,2.777949351848652,5355.31275123635,-32464.116742057024,-32440.04347853073,0.2528716695727731,0.6465830128872496,-9.219587601382429,2.5569610624221064,5360.289675159077,-32443.150275876702,-32419.077012350408,-4.698789451392732,-0.5158951009657948,0.08064220344276277,-9.49458091890518,0.9385682898646723,1.9383785543377403,5191.265075606793,-33162.33860193599,-33122.216496058834,-614.6103285455465,-606.5859073701176,-593.6438623652248,-585.6194411897959,-1312.8321884245124,-1288.7589248982222
11,22375,-1.2250678180923877,-0.13859225225082064,-8.839367267625407,7.215410556935218,5368.43920616519,-31934.232710371674,-31918.20131128539,0.2381424100205569,0.7025933587203024,-9.20775451266926,2.950307585531083,5226.652546626743,-32531.12623266392,-32507.07913403449,0.2502402504655926,0.6825731721539781,-9.21495304396793,2.7276713913289106,5230.949003727924,-32512.740901651847,-32488.69380302242,-4.75646095826178,-0.5318860787193069,0.1065801763624953,-9.885779797050011,0.9730846440220362,1.8801018488918406,5060.156227861344,-33251.487027718715,-33211.408530003,-596.8935222922446,-588.877822749102,-578.5081912801725,-570.4924917370299,-1317.2543173470403,-1293.207218717609
12,22491,-1.309680146247432,-0.14764776583421826,-8.870301144400422,6.7728759344914105,5529.4193125487645,-31551.602291833715,-31535.560550817372,0.23848780876965892,0.6654434696470523,-9.235392611320055,2.7902619973743152,5404.3651095151945,-32064.10241806386,-32040.039806539346,0.24818843479710728,0.627333421099286,-9.246840938535305,2.527649693315193,5408.0486956628665,-32048.777895576048,-32024.715284051534,-3.833904506859536,-0.43294128999994463,0.13300016485394842,-9.64476633717419,0.6766897411451832,2.30978200300583,5222.957487157847,-32828.01647176272,-32787.912119221866,-512.5001262301448,-504.47925572197346,-497.1756037423329,-489.15473323416154,-1276.4141799290046,-1252.3515684044942
13,22606,-1.3365721185321897,-0.15036290977112843,-8.888974818102572,6.650576272580305,5378.062806696673,-32455.664269565797,-32439.612328292296,0.23688989617677358,0.5869994065254771,-9.263656326050134,2.4779419299818612,5217.419824689852,-33139.1967126035,-33115.11880069325,0.24789369777924558,0.5621614473636302,-9.268826765815009,2.2677520743760353,5221.612211179746,-33121.039263951156,-33096.961352040904,-3.8689586129726807,-0.4272525145195914,0.12526060950472814,-9.340261840509054,0.6127969101714968,2.3405362543609924,5042.1851227551315,-33907.49564091562,-33867.36578773187,-683.5324430377041,-675.5064724009535,-665.3749943853581,-657.3490237486076,-1451.8313713498246,-1427.753459439573
14,22745,-1.4819043616402086,-0.16669327279721655,-8.890006997720628,5.999042332179215,5557.510229212216,-32048.143312673514,-32032.079111433504,0.2695232529039546,0.8229899759981517,-9.174029709736356,3.0535026834639254,5459.914852485403,-32449.116764628616,-32425.020462768603,0.2897509837266278,0.8448219790398434,-9.178021095878282,2.915682867316544,5463.4272821756895,-32434.4893337427,-32410.393031882686,-3.4549279732744096,-0.40295252843023427,0.1552986771221358,-9.764917473184813,0.7240297658617622,2.481681909022036,5290.312716456895,-33162.85425643151,-33122.693753331485,-400.97345195510206,-392.94135133509917,-386.34602106918464,-378.31392044918175,-1114.710943757993,-1090.6146418979806
15,22513,-1.3922743475080288,-0.15595028529738628,-8.92768066985616,6.412299907583177,5533.534741942066,-31587.73004611081,-31571.686349712567,0.23900521383427004,0.6027505449058714,-9.271894990899899,2.521913791068291,5398.3443835713815,-32142.57771522551,-32118.512170628146,0.24992697992301244,0.5740031963823385,-9.279099214972627,2.296683601582969,5400.971354906635,-32131.62498298409,-32107.559438386725,-2.9743214044017345,-0.33580576750093594,0.14971923592925782,-9.42454305990343,0.42483836739442454,2.9779119264150604,5241.7664994817,-32801.21975558991,-32761.110514594307,-554.8476691147007,-546.8258209155792,-543.8949368732792,-535.8730886741578,-1213.4897094791013,-1189.4241648817406
16,22646,-1.2389501409992938,-0.14011454714260344,-8.84240905934154,7.1370176787013895,5390.471322909747,-32500.945403891037,-32484.889926861288,0.2275302671499354,0.5871781247649105,-9.244298434040331,2.580659409053382,5230.017265071866,-33183.26779871096,-33159.18458316634,0.23619563890447437,0.5485579867421896,-9.251775944481762,2.3224729689613164,5234.093282918951,-33165.6254956389,-33141.54228009428,-4.299332064454848,-0.4735692158579067,0.09871090371039357,-9.438949586487926,0.7542229884738136,2.111623742663306,5044.92025379287,-33995.265059592784,-33955.12636701841,-682.3223948199193,-674.29465630505,-664.6800917478649,-656.6523532329957,-1494.3196557017473,-1470.236440157125
17,22843,-1.2524745327838962,-0.141761180344575,-8.835102316018679,7.05411733712521,5623.656468366034,-32014.18003229341,-31998.1072322861,0.24319852814267756,0.6768682949017485,-9.219665225908232,2.7831923987000833,5458.794756914054,-32691.851672974455,-32667.742472963488,0.25354640677938833,0.6440848397543468,-9.229279605245265,2.540303559950536,5464.2004346338545,-32669.242140686125,-32645.132940675157,-5.408640201236063,-0.5973209915701766,0.09033872618599582,-9.83674788766639,0.9735603920507039,1.6741417330258255,5265.618912362379,-33510.869749886275,-33470.687749868,-677.6716406810447,-669.6352406773876,-655.0621083927144,-647.0257083890574,-1496.6897175928643,-1472.5805175818969
18,22520,-1.2745278754477716,-0.14374682391038213,-8.866476773374599,6.9566754436497495,5431.184755496732,-32024.991317574637,-32008.94699941013,0.23360194891166078,0.5961278492150642,-9.255397014135264,2.5518958724119924,5268.288681870919,-32708.763953846203,-32684.697476599442,0.24431142040203527,0.5708224961473556,-9.258306907204554,2.3364544121925146,5272.822595695317,-32689.39147158445,-32665.32499433769,-4.216431136211892,-0.46447894238617715,0.10887004203251319,-9.402624721006513,0.733426467884034,2.1529501313077395,5096.005978646461,-33453.51994970303,-33413.40915429177,-683.7726362715657,-675.7504771893109,-664.4001540098143,-656.3779949275595,-1428.5286321283966,-1404.4621548816358
19,22506,-1.367936728117112,-0.1541636490342741,-8.873276785326926,6.486613454366776,5487.857541500147,-31757.457653559053,-31741.414579120432,0.2486038211784119,0.6339635167623601,-9.225235553768796,2.5500956250684204,5321.404964197881,-32448.655336058855,-32424.590724400925,0.2584550854981758,0.5940487208298185,-9.232106128244235,2.2984601741721633,5325.003562429498,-32433.44080532154,-32409.37619366361,-4.23303181998964,-0.4679934721508887,0.11115452746458503,-9.372396415155126,0.8056360881382921,2.136781941431832,5155.87676124098,-33155.8489133222,-33115.741227225655,-691.1976824998019,-683.1761452804931,-675.983151762488,-667.9616145431792,-1398.3912597631497,-1374.3266481052233
20,22439,-1.2786304323962554,-0.1445080096594156,-8.848163056219525,6.920031646390084,5448.6260636852985,-31756.991693326465,-31740.954581735736,0.2518432436978995,0.7622814097000349,-9.199186040269112,3.0268090519610498,5298.240019358186,-32383.032037604004,-32358.97637021791,0.26601558322683005,0.7525246178120282,-9.205935846895018,2.828874191067049,5303.503864925904,-32360.749771273262,-32336.69410388717,-6.170115444175964,-0.6864948835684689,0.09400119919989328,-10.27725178960592,1.1093728227320392,1.4566750953800272,5113.881725482621,-33173.73041811513,-33133.63763913831,-626.0403442775387,-618.0217884821759,-603.7580779467971,-595.7395221514344,-1416.7387247886618,-1392.6830574025735
21,22539,-1.4101813874902047,-0.1583263246732381,-8.906803024706148,6.316069055880952,5428.152456716872,-32083.60933546012,-32067.563330618046,0.26110023796457116,0.8097478981374372,-9.19122399130778,3.1012913065491436,5313.953447656064,-32560.850270369996,-32536.781263106885,0.2799123985275133,0.8260749597766534,-9.195370496322578,2.951191030201745,5317.384832749952,-32546.30083373711,-32522.231826474,-3.60568767107582,-0.41748410721573576,0.15100733443858738,-9.808021033375814,0.7894847708072631,2.3953007616724626,5162.8649169833,-33206.97521827904,-33166.86020617386,-477.24093490987434,-469.2179324888384,-462.69149827698857,-454.66849585595264,-1123.3658828189182,-1099.2968755558104
22,22471,-1.308715760579226,-0.14750315409321263,-8.872459498406391,6.7795160459285055,5484.833316982786,-31685.477975987087,-31669.438014251144,0.24588518034709017,0.6538645231589827,-9.233287592623986,2.659227051569318,5308.945965865741,-32415.884012798666,-32391.82407019475,0.25721901706813993,0.627004900028265,-9.239190730045056,2.4376304177469312,5313.682099370694,-32395.846473615675,-32371.78653101176,-5.132165216396816,-0.5612379304101544,0.07261973296147865,-9.597401889488918,1.0114445051994616,1.781775510556097,5144.198401809362,-33120.25442292881,-33080.15451858895,-730.4060368115788,-722.3860559436071,-710.3684976285876,-702.3485167606159,-1434.7764469417234,-1410.7165043378045
23,22247,-1.3926936512613566,-0.1570379174112482,-8.86851834397545,6.367888828920325,5424.662445679951,-31392.11195508957,-31376.092030195483,0.25047175879688677,0.7246553410735666,-9.2063463107417,2.893161866049761,5319.031945772314,-31827.584833648103,-31803.554946306973,0.2651968396539612,0.7176919798413872,-9.21101217594619,2.7062614350075163,5322.536722308616,-31812.930835002935,-31788.900947661805,-4.1976191675495595,-0.47271011302355254,0.12422253553925033,-9.716099364145576,0.8125762785844418,2.1154614053077716,5148.071896607276,-32550.373548269803,-32510.32373603459,-435.4728785585321,-427.4629161114899,-420.81887991336407,-412.8089174663219,-1158.261593180232,-1134.2317058391054
24,22490,-1.3639085442161483,-0.15372092962765485,-8.872627478378046,6.505295033163116,5597.2548970827675,-31274.967975868505,-31258.9263237786,0.2507003262052606,0.7270465950507952,-9.20608665013435,2.9000624213608983,5476.804636048729,-31762.225451200226,-31738.162973065366,0.26562758923296315,0.7214952745267407,-9.210315654084573,2.716191027483852,5480.32195277457,-31747.786546029234,-31723.724067894374,-4.072445964313151,-0.46180167478898376,0.13295464116694433,-9.752779923941471,0.8201629122291698,2.16543173096317,5312.975953582569,-32441.240314156057,-32401.13618393129,-487.25747533172034,-479.2366492867659,-472.818570160729,-464.79774411577455,-1166.272338287552,-1142.2098601526886
25,22357,-1.3738320893621614,-0.1545900887425844,-8.886935123310506,6.468720007433008,5404.740441167959,-31739.878056277325,-31723.848266777102,0.26606162475804,0.8219114027173481,-9.178967164451738,3.089176815577238,5275.188244757318,-32280.304999152686,-32256.260314902356,0.2828410276239391,0.8218744643333835,-9.185363297888381,2.905782344370968,5279.074713400901,-32263.839655483225,-32239.794971232895,-6.097090396657122,-0.681620399678924,0.09926908856189358,-10.360433818756448,1.2458833976362076,1.4670922414749443,5127.60084907057,-32910.718094221826,-32870.64362047127,-540.4269428753614,-532.4120481252539,-523.9615992059007,-515.9467044557932,-1170.840037944501,-1146.7953536941714
26,22490,-1.337144555269292,-0.151093637120676,-8.849774092083948,6.618412390200896,5327.058855274969,-32387.705801402324,-32371.66414931242,0.2623463160205284,0.8378306890552549,-9.156720379676504,3.193605695571099,5192.542883580796,-32960.90421356429,-32936.84173542943,0.2791650017688933,0.8410250068670178,-9.164564970583342,3.012644857120235,5197.7045604590785,-32938.55900510463,-32914.49652696977,-5.576151327632144,-0.6198907638933838,0.08671694300502801,-10.076559813168263,1.1496293913484754,1.6131874488970317,5026.3029104074685,-33688.702488985575,-33648.598358760806,-573.1984121619644,-565.1775861170099,-550.8532037023069,-542.8323776573525,-1300.9966875832506,-1276.9342094483873
27,22542,-1.3620123813429625,-0.1531247504904534,-8.89478922891618,6.530622886222075,5535.217331600297,-31650.59009791761,-31634.543826888006,0.2475092634182889,0.7228051253744349,-9.218928092606035,2.9203154475592266,5414.759932470164,-32144.56559936645,-32120.496192822044,0.2618176336009901,0.7122578517618124,-9.224514636803073,2.720434991201903,5417.901461910625,-32131.490999126687,-32107.42159258228,-5.102566350432805,-0.5741259111390775,0.11702287226621709,-10.070254163352905,0.9834293472782181,1.7417782068326781,5246.557975415007,-32851.90789006057,-32811.79221248656,-493.9755014488401,-485.9523659340375,-480.9009012090755,-472.87776569427297,-1201.317792142956,-1177.248385598552
28,22668,-1.3015614914067741,-0.1469737963649877,-8.855738394172922,6.803933930621536,5603.642578018575,-31675.37759422727,-31659.32017519269,0.24820135606153246,0.6865608410838396,-9.218676665883848,2.7661446012149584,5456.031889681723,-32278.501695703533,-32254.415567151664,0.2607284928417083,0.6664488057508932,-9.226311330574106,2.5561027047224294,5460.187053919881,-32261.24493894808,-32237.15881039621,-3.0184227054231103,-0.34156481057384963,0.14165727408347886,-9.415655924157758,0.4499585667648248,2.927702061345076,5277.506605408595,-33028.62101553366,-32988.47746794721,-603.1241014762636,-595.0953919589738,-585.8673447208093,-577.8386352035195,-1353.2434213063898,-1329.1572927545203
29,22504,-1.2867853618253204,-0.14461927613359066,-8.897744451691661,6.914707546152144,5370.8597197333775,-32237.595090981333,-32221.552194280994,0.2346122253310477,0.5786067995382527,-9.263910840563607,2.466226125777607,5188.076330836751,-33014.79638770218,-32990.732042651674,0.24476711334093149,0.5489164117402383,-9.268480131125589,2.2426068774021246,5192.044652310797,-32997.58982316454,-32973.52547811403,-3.6288955240699847,-0.3987420143801138,0.12467676749826938,-9.198518766273025,0.549931482763353,2.507887215132332,5029.465202235999,-33709.530340566474,-33669.42309881563,-777.2012967208502,-769.1798483706807,-759.9947321832078,-751.9732838330383,-1471.9352495851417,-1447.8709045346332
30,22642,-1.1986584897490526,-0.1353275849030334,-8.857458666745071,7.389476437612719,5465.694452838983,-32177.423338941393,-32161.368215206116,0.24021362081969186,0.6749579178203131,-9.218596347444102,2.809823670769058,5275.4846781768,-32977.4172228652,-32953.334537262286,0.25067348664985684,0.643962274809427,-9.22689865398236,2.5689285429253226,5280.303261207584,-32956.74565098676,-32932.662965383846,-6.386397799919337,-0.6911930297480612,0.023465666973783522,-9.940911438369653,1.2406360846921811,1.446773848926831,5104.638652214703,-33718.812042782694,-33678.6742334445,-799.9938839238093,-791.9663220561706,-779.3223120453695,-771.2947501777307,-1541.3887038413013,-1517.3060182383851
31,22557,-1.3313412224838372,-0.1505071157025395,-8.845702851120238,6.644204131692938,5456.721346968969,-32008.83384740661,-31992.786245970517,0.2454911292799188,0.6573489720233867,-9.21274976659352,2.6776893077625266,5313.540350550601,-32606.619463430805,-32582.548061276666,0.25838801372294823,0.6396219074541217,-9.216942591128207,2.475431805981312,5317.257684641787,-32590.844183299454,-32566.772781145315,-3.347018042130203,-0.3760158997020588,0.13871403985678632,-9.36920104337438,0.5631432491298569,2.659462008900058,5144.124298952371,-33333.53833881408,-33293.41933522385,-597.7856160241936,-589.7618153061485,-582.0103358928427,-573.9865351747976,-1324.7044914074722,-1300.6330892533333
32,22728,-1.365491464957767,-0.15368058294679726,-8.885256932103694,6.507002907102391,5694.471187990366,-31453.8681525927,-31437.80544674563,0.24654434523160598,0.6357781633870662,-9.237320192222379,2.5787578408655465,5548.311830087514,-32042.842298842854,-32018.74824007225,0.2574173643618159,0.6044166520541956,-9.244427869564271,2.3480026436936514,5551.731862500034,-32028.836858633036,-32004.742799862433,-3.5866544591683676,-0.3999560773598644,0.13730853741448176,-9.356814830508652,0.6021987844603286,2.5002745466478817,5387.106151532344,-32708.985517628495,-32668.828753010825,-588.9741462501552,-580.9427933266197,-574.9687060403376,-566.9373531168021,-1255.117365035796,-1231.0233062651932
33,22368,-1.3241300046730844,-0.14927853535332528,-8.870196921071202,6.698886732999584,5430.3849544376835,-31660.6181468799,-31644.587373589835,0.2438609449281337,0.65737797948836,-9.229337137585352,2.695708325423288,5277.436821643947,-32297.660634157397,-32273.614474222297,0.25608409924118375,0.6363402461984213,-9.234988964178637,2.4848877696194123,5281.52669223422,-32280.332753477065,-32256.286593541965,-5.8516912606671445,-0.6387421067952207,0.05785241417365775,-9.87439514385151,1.1344900979559283,1.5655770761964152,5110.435938974223,-33012.921968319,-32972.84503509384,-637.0424872774965,-629.027100632462,-619.7146065971647,-611.6992199521301,-1352.3038214391017,-1328.2576615040016
34,22475,-1.3773929537405365,-0.1552963809467722,-8.869446572696614,6.439300091241339,5505.467708774841,-31610.72514774727,-31594.684830028593,0.25984223376879406,0.8211679379943712,-9.169494877703949,3.160255844802508,5388.714132763271,-32090.47533835016,-32066.41486177214,0.275910031797019,0.8191000081689698,-9.177789685884099,2.9687213720868395,5393.068932574166,-32072.319875477442,-32048.259398899423,-4.19489515036148,-0.47426353797387943,0.12540824030928097,-9.746122499555653,0.8511878003443841,2.1085323241844414,5219.0113081719355,-32805.64863173804,-32765.54783744134,-479.7501906028883,-471.73003174354744,-461.59472773017114,-453.57456887083026,-1194.9234839907695,-1170.8630074127468
35,22869,-1.3208499080733236,-0.14936440931767503,-8.843136822936714,6.695035347230239,5526.609330169757,-32474.732068564976,-32458.656993443663,0.24119881728722403,0.7330480147173657,-9.19770972927455,3.0391857761244263,5421.9649351855005,-32909.90050466499,-32885.78789198302,0.2544484604454081,0.7187892009992921,-9.204141179513103,2.8248911380366097,5425.44353950344,-32895.23300042937,-32871.120387747396,-4.580172375773172,-0.5220287353383654,0.12274229940224385,-10.02095286267368,0.862984660621118,1.915603361090508,5232.241424815902,-33720.4605972983,-33680.27290949501,-435.16843610001524,-427.13089853935526,-420.50093186439335,-412.46339430373337,-1245.7285287333216,-1221.615916051349
36,22732,-1.2813183035335354,-0.144517281532556,-8.866194339843624,6.919587674189166,5558.600028072078,-32012.370301743405,-31996.307243938572,0.24682510086263532,0.7039537594130155,-9.206934534271323,2.8520347280432565,5390.63620352132,-32707.85332624852,-32683.75873954127,0.25925833822382993,0.6835320702385679,-9.213997709572201,2.6364902086521993,5395.686687036592,-32686.565701017164,-32662.471114309912,-5.092907245771586,-0.5590193732345096,0.07374200076272991,-9.680120384376048,1.064259549760349,1.7888467696816266,5235.868178643026,-33366.053313361306,-33325.89566884922,-695.4830245051162,-687.4514956026978,-674.1953992737581,-666.1638703713397,-1353.6830116179008,-1329.5884249106457
37,22673,-1.21542396059097,-0.1372796230800084,-8.853637075348063,7.284402284650699,5401.696884983811,-32519.548924170445,-32503.49106403399,0.22941065485886425,0.6817822066265318,-9.212534774226349,2.971885534462081,5262.826082362119,-33108.066793907914,-33083.98000370323,0.2390623103782223,0.6454467080310946,-9.222814271305388,2.6999099398392348,5266.547532521881,-33092.03992544038,-33067.9531352357,-6.048573414246409,-0.6648102956165094,0.06280405223777522,-10.189918005121765,1.1965446039084104,1.5041884979724234,5111.2543138326255,-33766.647214400815,-33726.50256405968,-588.5178697374686,-580.4889396692415,-572.4910012699365,-564.4620712017095,-1247.0982902303695,-1223.0115000256883
38,22601,-1.324898795889144,-0.14959531645701937,-8.85655264661848,6.684701257257026,5640.173703089679,-31367.98002495214,-31351.928526088002,0.2386944334218998,0.6162687596357803,-9.225793257101483,2.581831301220612,5499.6896069042705,-31936.049747113,-31911.972498816795,0.2511403293795062,0.6013272200718212,-9.227600021010431,2.3943873194620857,5503.6564261189915,-31919.753961324404,-31895.6767130282,-3.3399753911959023,-0.3704510639072831,0.13497905884776665,-9.21523790744754,0.4983376671450051,2.699411872252798,5346.405513943491,-32570.916440178415,-32530.78769301807,-568.0697221608607,-560.0439727287921,-551.7739363722649,-543.7481869401963,-1202.9364152262751,-1178.8591669300658
39,22513,-1.4141269950720186,-0.15899995556095203,-8.893882957910126,6.28930993390532,5336.274814794288,-32404.92934008833,-32388.885643690086,0.25888911171165496,0.7764827745806442,-9.179227578117484,2.9992871057685644,5219.224357362583,-32902.24536969957,-32878.17982510221,0.27631173805434944,0.7844607075747907,-9.182395585161949,2.839042282816412,5223.243703540331,-32884.914688017714,-32860.84914342035,-3.963071988654139,-0.44333267622250266,0.120611696607707,-9.494383661317283,0.8619565873979941,2.255642441068597,5079.935533671149,-33507.227175686676,-33467.11793469107,-497.3160296112437,-489.2941814121259,-479.98534792938517,-471.96349973026736,-1102.2978355983469,-1078.2322910009862
40,22567,-1.308727022318111,-0.14784033931258173,-8.852299909506051,6.764053739660867,5493.551689181488,-31881.222969673323,-31865.17448179098,0.2516326024645188,0.7739472475556106,-9.197767363546896,3.075703386506684,5361.491685365312,-32428.34010268973,-32404.267370866215,0.2660302609567962,0.7654456143928257,-9.20612402041384,2.877287762827611,5366.457585855467,-32407.447855433104,-32383.37512360959,-5.343611464245897,-0.596777289697749,0.10384760398244273,-10.043357555430406,1.0020533438456873,1.6756669820771364,5174.239389295311,-33226.5943673661,-33186.47314766024,-547.117133016407,-539.0928890752366,-526.2248857597806,-518.2006418186102,-1345.3713976927793,-1321.2986658692607
41,22376,-1.2580618975498272,-0.14185719053573248,-8.868509892228081,7.049343048621208,5386.221749013967,-31862.66384307939,-31846.63235460963,0.2444975594563323,0.6402375067090667,-9.231999207141802,2.6185844477658855,5194.759031273039,-32670.53913527924,-32646.491902574595,0.25504681038738464,0.6082086311532922,-9.237924892763795,2.384694128224926,5199.732369849585,-32649.127133828442,-32625.079901123798,-4.482991423453681,-0.492587971191274,0.09358783157804247,-9.406552368509884,0.889584075219455,2.0300942338920733,5034.898107637932,-33365.94463916691,-33325.8659179925,-807.8752921998494,-799.8595479649666,-786.4632907490522,-778.4475465141695,-1503.2807960875216,-1479.2335633828734
42,22589,-1.2946076227699097,-0.1462404983245085,-8.852593075121831,6.838051097042861,5409.130741002065,-32284.14416122477,-32268.093724542556,0.2415142140866269,0.6678749672486393,-9.21430644748068,2.7653650522162816,5258.838055831444,-32918.66385209274,-32894.58819706942,0.2532650038452002,0.6444875148169209,-9.222364932536754,2.5447160287918913,5263.096101856421,-32900.38109048876,-32876.30543546544,-3.1760036623164454,-0.3583271602953269,0.13933712213908178,-9.403419334382468,0.5216712150085513,2.790745750826752,5091.539011265545,-33644.965223115905,-33604.83913141037,-634.5196908679682,-626.4944725268615,-616.2369292639887,-608.211710922882,-1360.8210618911362,-1336.7454068678162
43,22529,-1.3357228010463393,-0.1500989613094998,-8.89894766354923,6.662271286061923,5540.160776587176,-31599.227168834288,-31583.182051539934,0.252199618449641,0.7238292737665543,-9.228158860798402,2.8700649042063793,5391.8456986434385,-32208.568816324903,-32184.50114038337,0.2656100570212539,0.7082616078355024,-9.23620533753141,2.666546650298064,5396.133295468818,-32190.660870078857,-32166.593194137324,-4.9769425986535305,-0.5502376041038403,0.09919004170646625,-9.736132766079846,0.9684350750672107,1.8173966892515057,5227.069575037005,-32903.80017583097,-32863.68738259508,-609.3416474906153,-601.3190888434365,-591.4337012445685,-583.4111425973897,-1304.5730069966812,-1280.5053310551484
44,22528,-1.3446092743452225,-0.15136732533543878,-8.883088020254638,6.60644559705301,5471.947312473534,-31875.923120070405,-31859.87809155249,0.2512613640058751,0.6962510191991594,-9.220175101715034,2.7710230020994366,5321.563243557907,-32501.721005312116,-32477.653462535243,0.2637322476947388,0.6733460935225457,-9.227053601260074,2.553142815898347,5325.765383783477,-32483.93892621415,-32459.871383437276,-4.610142032890715,-0.511768581174147,0.10949082172646092,-9.64123982423658,0.9110981459470211,1.9540081919560344,5150.8159150828205,-33232.403481786314,-33192.29091049152,-625.7978852417109,-617.7753709827521,-608.0158061437432,-599.9932918847844,-1356.4803617159087,-1332.4128189390321
45,22412,-1.3240717808365021,-0.14895777935537238,-8.888906551685563,6.713311680179351,5553.979272982863,-31262.574931701245,-31246.540228083875,0.23452658208180657,0.6056575387885634,-9.257169160879824,2.582468620027475,5418.829640309001,-31812.69003248718,-31788.637977061124,0.2443673419793284,0.5711192855140318,-9.265013419037649,2.337134254062247,5421.693770322883,-31800.847267902256,-31776.7952124762,-3.227965019436668,-0.3646746201915902,0.14417382294499484,-9.463098811805187,0.5336346152890435,2.7421705395199343,5256.7632392435,-32489.216405579507,-32449.129646536083,-550.1151007859335,-542.0977489772486,-538.2723362010111,-530.2549843923262,-1226.6414738782623,-1202.5894184522076
46,22672,-1.236639513445591,-0.13959636320400026,-8.858680019037587,7.163510402764877,5536.76213087219,-31957.190112713055,-31941.132340789194,0.23214782933661765,0.6035255658877271,-9.238565060922669,2.599746754524275,5363.472704615742,-32676.119334919196,-32652.032677033403,0.2412404013392882,0.5655065783159884,-9.246352418194348,2.344161986037496,5367.578015179888,-32658.77236525493,-32634.685707369135,-4.12105437842865,-0.45254525597594397,0.09559330861383969,-9.287494514536347,0.7764832142734681,2.209723749823503,5207.9684423873405,-33339.17066802333,-33299.02623821368,-718.9292222061413,-710.900336244209,-701.5822525418735,-693.5533665799412,-1381.9805553102779,-1357.8938974244847
47,22181,-1.3676186851605605,-0.15388236746936135,-8.8874294544036,6.498470334485232,5588.950458358138,-30571.278573616393,-30555.264590925293,0.24437052903638326,0.6772163515304024,-9.238892916993988,2.771268508526143,5478.602524089176,-31011.60013178671,-30987.579157750057,0.25499976688867226,0.6431850771899288,-9.249523846983447,2.5222967261406573,5481.894569069757,-30998.275763140027,-30974.254789103376,-3.634096482650999,-0.4107968272868831,0.13708233542906773,-9.60374837383599,0.6739701577194424,2.434293386841672,5314.466934309887,-31682.287203593543,-31642.252246865788,-440.32155817031526,-432.31456682476346,-426.997189523634,-418.9901981780822,-1111.0086299771501,-1086.9876559404947
48,22714,-1.20939647356411,-0.13650990840119548,-8.859404329902246,7.325475576916016,5441.743586581548,-32451.62467397813,-32435.563200471228,0.2314138383761021,0.6694866622819491,-9.214396005796454,2.8930277764714973,5286.18784825839,-33108.37994665371,-33084.28773639335,0.2421700713033142,0.6429019392290939,-9.219476917786684,2.6547538916312634,5290.376460729007,-33090.38919921399,-33066.29698895363,-5.378423200418948,-0.589712700156514,0.06464814799528025,-9.860730824376374,1.1131906267857967,1.6957409934271261,5135.400622398025,-33761.71161696773,-33721.55793320047,-656.7552726755785,-648.7245359221233,-638.7645252358598,-630.7337884824046,-1310.086942989601,-1285.994732729243
49,22349,-1.2792194907243462,-0.14442143159392934,-8.857546117678266,6.924180081608015,5430.854476936611,-31612.797155267912,-31596.76808155529,0.2527096162570617,0.7558993260512443,-9.194906004320977,2.9911775311404343,5276.7670587001485,-32254.06558624985,-32230.021975680917,0.26669706389662706,0.7450487502377714,-9.20072314224023,2.7936143703725045,5282.410678135055,-32230.175608089732,-32206.1319975208,-5.182261800192487,-0.5690223380676164,0.07287193860573513,-9.746732555361282,1.058865896841673,1.757400251448777,5113.989381765861,-32950.34490902097,-32910.27222473941,-641.2684309819379,-633.253894125628,-617.3784528218202,-609.3639159655104,-1337.547753753057,-1313.5041431841237
50,22554,-1.2579505010787246,-0.14198668195933878,-8.859637282311931,7.042914069126381,5546.580092431006,-31633.192618070298,-31617.145282644713,0.22815565420764072,0.5708858128646485,-9.260238275907849,2.5021769232380917,5375.979871078762,-32335.79489838287,-32311.723895244493,0.23735913487020174,0.5369405853183099,-9.266267674273221,2.2621441791651806,5379.981385110217,-32319.013478390825,-32294.94247525245,-3.760564821658013,-0.4152412997261215,0.12011124002297453,-9.324463963521119,0.5948402252464567,2.4082382958043063,5199.907944488793,-33082.841667266184,-33042.723328702225,-702.6022803125707,-694.5786125997802,-685.8208603205276,-677.7971926077371,-1449.6490491958866,-1425.5780460575115
51,22482,-1.2704801649090287,-0.14286018513561108,-8.89317176582836,6.999850931529612,5490.683236645587,-31688.027606975804,-31671.98666643976,0.23361417206956742,0.6135884768612613,-9.257154735846214,2.6265036552600165,5325.465772155696,-32372.90941057544,-32348.847999771377,0.24402460370824972,0.5852615151199949,-9.260610203659503,2.39837092746484,5329.703291241928,-32355.0274025937,-32330.965991789635,-5.3017612481593686,-0.5802786557172035,0.07785030563199888,-9.75383595189355,1.0085996670298492,1.723309982449787,5164.864225139798,-33057.33887058022,-33017.23651924011,-684.8818035996374,-676.8613333316171,-666.9997956178959,-658.9793253498756,-1369.311263604417,-1345.2498528003525
52,22371,-1.2819915521523582,-0.144344464304929,-8.88147362162874,6.927872189732824,5341.327839681708,-32037.786346874673,-32021.75530536225,0.24449247863406606,0.6878681770207256,-9.231334949239987,2.813453325287211,5182.929316698472,-32709.240237187492,-32685.193674918857,0.25789133962117583,0.6756609259702636,-9.236559901758445,2.6199442252026057,5187.35059453038,-32690.164876981777,-32666.11831471314,-4.366886398027986,-0.4883689827557755,0.12305944458528174,-9.693972179123962,0.8319049917414219,2.0476320882566816,5016.258584900435,-33436.4598074263,-33396.38220364524,-671.4538903128196,-663.4383695566066,-652.3785301071039,-644.3630093508909,-1398.6734605516249,-1374.6268982829897
53,22399,-1.300739231577853,-0.14651551724008158,-8.877825748971357,6.825215641571885,5526.158284871492,-31343.92565027079,-31327.89210708281,0.24118790684674207,0.6702020937383064,-9.230474029432083,2.7787549653730053,5387.1220922081375,-31912.687159309055,-31888.636844527085,0.253014212578508,0.648312957802344,-9.236446166789571,2.5623578659684125,5391.196394521745,-31895.753107493532,-31871.702792711563,-4.708909082672111,-0.5203433170810139,0.0995570833245795,-9.649426840942413,0.9300163143198593,1.9218080970266538,5229.438259099898,-32574.10417061794,-32534.02031264799,-568.7615090382642,-560.7447374442745,-551.8274572227419,-543.8106856287523,-1230.1785203471482,-1206.128205565179
54,22700,-1.3366469291658118,-0.15072193048840674,-8.868297565155087,6.634734552294752,5432.549534472511,-32456.009671819444,-32439.949431412504,0.25235175407597,0.782585004902449,-9.187354768868078,3.101167288367068,5311.261714053216,-32966.555998133554,-32942.46563752314,0.26651704965593465,0.7695227315310887,-9.196400460137676,2.887330219678325,5315.177649089101,-32949.82570376107,-32925.735343150656,-4.608659842442494,-0.5238372008452943,0.12578198556763046,-9.998232654157594,0.9310454081237884,1.9089900419182555,5141.991345262572,-33697.786122560494,-33657.63552154315,-510.54632631411005,-502.51620611063845,-493.8160319416238,-485.7859117381522,-1241.7764507410502,-1217.6860901306427
55,22491,-1.3430007874073493,-0.15133994217049307,-8.874067005353963,6.6076409549135615,5520.441862336365,-31588.14788710537,-31572.106146089027,0.2706457349925377,0.9176255584998037,-9.155910272578884,3.3905044116993186,5405.472411121269,-32059.49470394017,-32035.432092415656,0.29137585664602406,0.9471623113922569,-9.160181898280745,3.2506547463982596,5409.520728215051,-32042.65683768619,-32018.594226161676,-16.341901304896876,-1.790882272505961,0.04059783938975085,-12.731715300474624,1.7482546636734706,0.5583839961745288,5251.046777288835,-32707.383001898765,-32667.278649357908,-471.34681683480085,-463.3259463266295,-454.50895058082097,-446.4880800726496,-1119.235114793395,-1095.172503268881
56,22369,-1.3633986799947435,-0.1534988139976621,-8.882144718170325,6.514708315695721,5505.511133863356,-31355.69291417321,-31339.662051471696,0.2500939017981201,0.7008321421111638,-9.21146904245374,2.8022760134187004,5369.350764326644,-31913.871150587845,-31889.82485653557,0.2635139429608896,0.685381425216835,-9.2177032679366,2.600930400554017,5373.345402947849,-31897.235461735665,-31873.18916768339,-3.7221662658784225,-0.41730413069259187,0.13299751309132088,-9.457484424409879,0.7081153710685911,2.396333816155423,5214.124198234528,-32566.085122413213,-32526.00796565942,-558.1782364146347,-550.1628050638756,-541.5425475624543,-533.5271162116951,-1210.3922082400022,-1186.3459141877247
57,22377,-1.2811159816902253,-0.14477518902293593,-8.849002307206556,6.907260883227551,5348.244041606468,-32023.424851748652,-32007.393273899404,0.246481002508719,0.7684405543370495,-9.192704915074847,3.117646173602636,5223.976910098493,-32547.492872100596,-32523.445505326727,0.25771837292433003,0.7357921424084995,-9.206022250587626,2.855024009578623,5227.85240449434,-32530.898276176755,-32506.850909402885,-3.794376116801368,-0.4348506796281654,0.13232743962619428,-9.810706495006901,0.7574519975417636,2.2996399611358216,5053.977938854763,-33283.7985056247,-33243.719561001584,-524.0680203519441,-516.0522314273221,-507.4734244281026,-499.45763550348056,-1260.3736538760459,-1236.3262871021798
58,22520,-1.3054863729819264,-0.14707618280141987,-8.876259555529634,6.79919740200346,5490.5248106535,-31780.27666300816,-31764.232344843655,0.2435129659267607,0.6345300151393345,-9.236436896405035,2.605734001573356,5324.962610446615,-32467.79750955731,-32443.73103231055,0.25546586038981883,0.6122102783256045,-9.240286312773092,2.3964465443305203,5328.514166421146,-32452.78249705303,-32428.71601980627,-3.959748146870727,-0.44267874596641105,0.1305536409068978,-9.500703109545622,0.7457093324980605,2.2589745026427734,5161.905307567766,-33164.168002219965,-33124.0572068087,-687.5208465491487,-679.4986874668939,-672.5058340448704,-664.4836749626156,-1383.8913392118047,-1359.824861965044
59,22641,-1.2976212579366735,-0.14621857849966322,-8.87453065986182,6.83907619853043,5596.934013669943,-31637.781743216867,-31621.72670781496,0.23905451837286848,0.5855814326025637,-9.251302295106903,2.449572744277501,5422.984963370246,-32350.615964294862,-32326.533411192002,0.2492062839990458,0.5553400287611557,-9.255255350948884,2.2284350934075245,5427.424181869995,-32332.089777804496,-32308.007224701636,-3.832018101895306,-0.4208345389586679,0.11799235354442518,-9.192283404499719,0.6090667307818899,2.376230816212104,5257.702564831372,-33047.40559651349,-33007.26800800872,-712.8342210779956,-704.8067033770421,-694.3080345876297,-686.2805168866762,-1409.6238532966236,-1385.5413001937632
60,22853,-1.2264722750209722,-0.13838122270392547,-8.86299637375715,7.226413963255384,5505.424054370445,-32523.785596390688,-32507.71192103322,0.22980506575766937,0.628009955679905,-9.246051881416143,2.7327942210906038,5344.136841214797,-33201.29111205104,-33177.18059901484,0.24112795131657058,0.609755847990303,-9.250053191008059,2.5287646855580443,5349.432614828744,-33178.656139735984,-33154.545626699786,-4.409294706411175,-0.48627907606216647,0.10199007687254875,-9.517752068285393,0.8150444039909107,2.0564323024093243,5172.88246046168,-33941.612714015544,-33901.42852562188,-677.5055156603521,-669.468677981622,-654.870543345296,-646.833705666566,-1417.8271176248563,-1393.7166045886588
61,22715,-1.2870238409778194,-0.14537004191876327,-8.85343241282852,6.878996434209101,5556.180352566766,-31981.323456577582,-31965.261895021195,0.2388954910864293,0.6666869565207866,-9.21930201878057,2.7907054816685,5411.845405652472,-32577.199075552173,-32553.10673321759,0.2507017617289932,0.6431811097267245,-9.223330917390676,2.5655228957744565,5415.437009686242,-32562.129128082455,-32538.036785747874,-3.867564309066665,-0.4348929862982863,0.12721066351482474,-9.597257548750944,0.7367490541174047,2.299416250677622,5240.058717031914,-33305.92684752817,-33265.7729436372,-595.8756189745909,-587.8448381963972,-580.8056715048733,-572.7748907266796,-1324.6033909505895,-1300.5110486160083
62,22528,-1.3041465347591195,-0.14699864347409478,-8.871827004233179,6.802783864983269,5600.684851206231,-31352.04949686369,-31336.004468345775,0.2388865231120155,0.6688207597146711,-9.23337564876388,2.7997425346638605,5471.12686029106,-31877.301173898715,-31853.233631121842,0.24689123429806334,0.6151103803657866,-9.247142052586609,2.4914225169419537,5474.202648767623,-31864.639816455503,-31840.57227367863,-3.367352636409221,-0.3869353255271113,0.14344195951323946,-9.678307737342337,0.6488027060186996,2.5844112285114513,5309.549466330047,-32548.636934055037,-32508.524362760247,-525.2516770350267,-517.2291627760678,-512.5903195918145,-504.56780533285564,-1196.5874371913487,-1172.5198944144722
63,22331,-1.2937835841655279,-0.14600915301493564,-8.860975887129374,6.848885698951404,5394.787323136086,-31718.138382196124,-31702.110919942854,0.2572797433963324,0.7894670456473497,-9.187218904426002,3.068516142101391,5244.965333920307,-32345.080822268465,-32321.03962888856,0.2725436707818582,0.7841523154188819,-9.193071777368127,2.8771620825732223,5249.761859525366,-32324.668434453084,-32300.62724107318,-6.900619197896647,-0.7638857321825645,0.07727929651958111,-10.503522877967917,1.2680107218027035,1.309096318820896,5076.30270075109,-33070.97962134019,-33030.91096570702,-626.9424400723401,-618.9287089457066,-606.5300522569596,-598.5163211303261,-1352.8412391440688,-1328.8000457641683
64,22520,-1.2954354668968318,-0.14581732371417824,-8.883961342179488,6.857895718619385,5365.208213258851,-32300.233286088598,-32284.188967924092,0.23601707478494668,0.6665117991218744,-9.23857800678026,2.8239982201676916,5230.556222148122,-32870.63674257827,-32846.5702653315,0.24862431131782353,0.6505456620114088,-9.24416673102142,2.6165810518014783,5233.983896446158,-32855.883829009676,-32831.81735176291,-3.6054093558913927,-0.4115711154419669,0.13769268520177827,-9.71374065122179,0.6834614340194753,2.4297137541495033,5061.223042578813,-33607.75783890663,-33567.647043495366,-570.4034564896683,-562.3812974074099,-555.6505429210774,-547.628383838819,-1307.5245528180349,-1283.458075571274
65,22539,-1.2912620323804955,-0.14549414366497715,-8.875010360237088,6.873128875225763,5500.012203910865,-31787.188072247543,-31771.142067405468,0.236312827670992,0.6001887439249343,-9.24314071871673,2.539806026783069,5334.126011345873,-32475.450840604222,-32451.38183334111,0.24607019728512902,0.5648694480408434,-9.24908973589772,2.295562218720506,5337.626670380011,-32460.66388682941,-32436.5948795663,-4.114530708488214,-0.4535118193070627,0.10869941540353127,-9.348575999559369,0.7539251478520248,2.2050141968249837,5168.487531377377,-33182.44249248671,-33142.32748038153,-688.2627683566789,-680.2397659356429,-673.4758145818669,-665.452812160831,-1395.2544202391691,-1371.1854129760613
66,22447,-1.2553936118860265,-0.14072845903167758,-8.920680440360972,7.105883251197278,5471.385215025071,-31682.749787311488,-31666.711962803583,0.2282660658444786,0.5541551845573259,-9.292647665307197,2.427672210090487,5284.614576189641,-32460.3820028795,-32436.32526611765,0.2374857541626208,0.5215273339672972,-9.295474661490776,2.1960362877605535,5288.40942732045,-32444.26872687392,-32420.211990112068,-4.5633357699236425,-0.4989814988000691,0.09916775892447259,-9.437675052268363,0.7864076094009658,2.0040823204963716,5120.5254861332105,-33164.41921633723,-33124.324655067474,-777.6322155680136,-769.613303314065,-761.5189395624329,-753.5000273084843,-1481.66942902574,-1457.6126922638905
67,22317,-1.4122164623454598,-0.15932892489923955,-8.86352847255169,6.276324280932701,5389.5264688852685,-31706.028742015154,-31690.002534017436,0.25102906190878954,0.7068818191041635,-9.211654247022354,2.815936185751299,5284.630633191795,-32142.66491794804,-32118.625605951464,0.26628061806700315,0.7028865412753598,-9.215931395790236,2.6396458982925117,5288.055442616604,-32128.206629097174,-32104.167317100597,-3.187475705878579,-0.3662973884887575,0.14366485748447994,-9.592182909840743,0.5498259119601593,2.7300221935125597,5097.8677376002415,-32941.63873679576,-32901.57321680146,-436.63617593288654,-428.6230719340274,-422.1778870820199,-414.1647830831607,-1235.6099947806033,-1211.5706827840222
68,22432,-1.3389449260610442,-0.15054441771928395,-8.89401909646187,6.642557825456355,5617.883001636869,-31053.85789493234,-31037.82140735267,0.2568766615114937,0.7081773385902859,-9.221859756455938,2.756876916817915,5441.519540167069,-31767.361388428133,-31743.30665705863,0.2704171333943174,0.6920556504891935,-9.227672943886157,2.5592152457294577,5446.317189013762,-31747.592380392587,-31723.537649023085,-5.574484831309816,-0.6095290929373887,0.06813472326152971,-9.77684050019522,1.126320594064286,1.6406107790210447,5287.150682662159,-32408.92903738358,-32368.837818434407,-713.5034934957948,-705.4852497059619,-693.7344854602488,-685.7162416704159,-1355.071142451241,-1331.0164110817386
69,22698,-1.4160782398842717,-0.15917946169997443,-8.89611150057369,6.282217500426191,5580.177063935693,-31842.572058579775,-31826.511994392054,0.25177013218031563,0.7391708156812211,-9.207218867357401,2.9358955698201457,5487.550882095204,-32220.501556836833,-32196.41146055525,0.26721074539054596,0.7351128192391744,-9.213455238234307,2.751060097395256,5490.51846223939,-32208.230157624334,-32184.14006134275,-3.1910659289183196,-0.3718934276474498,0.15472546995755176,-9.70088926399693,0.6650411546304594,2.688942384182135,5333.973443776249,-32860.79798835023,-32820.64782788092,-377.9294982570573,-369.89946616319503,-365.6580990445582,-357.62806695069594,-1018.2259297704513,-994.1358334888682
70,22853,-1.2890763091235888,-0.1459548786423805,-8.832019327576512,6.851432506413204,5563.357300405199,-32284.561327913685,-32268.487652556218,0.23939748573426586,0.6055187841287277,-9.233333319793937,2.5293447935408184,5399.568514476275,-32965.470931240154,-32941.360418203956,0.24801825311840434,0.5634403100836843,-9.24244822287139,2.2717695290543674,5404.392361615074,-32945.06371443276,-32920.953201396565,-3.5882304069527087,-0.39641006571227594,0.1260079157633568,-9.237053758872628,0.5134952852836324,2.522640282110859,5213.821316176851,-33761.463066042954,-33721.27887764929,-680.9096033264686,-672.8727656477386,-660.5023865190778,-652.4655488403478,-1476.9017381292688,-1452.7912250930713
71,22537,-1.2691660954466533,-0.14279627244032705,-8.887949760572521,7.002983921851943,5401.151068454685,-32191.148219050432,-32175.102391686396,0.24076495016101815,0.6842260416348934,-9.239652898571057,2.8418839252860457,5253.289909446453,-32814.72039205239,-32790.65165100633,0.2520589511820922,0.6577583674848336,-9.249981082927633,2.6095417932992047,5257.266100028779,-32797.66869443563,-32773.599953389574,-3.9956590650397117,-0.4487027642505781,0.1296556545683717,-9.63589202502257,0.7783493374535118,2.228646845245531,5093.142383826208,-33508.45521775298,-33468.340649342885,-623.5721730019577,-615.5492593199342,-606.5204753852013,-598.4975617031778,-1317.3069987025447,-1293.2382576564887
72,22359,-1.3323397533935986,-0.14995107268683974,-8.885163203707643,6.668841923448032,5472.185749802609,-31467.42832196659,-31451.39835355949,0.24056450643394264,0.6057522207169288,-9.246222380328108,2.5180448674512346,5304.592436699884,-32160.909095082443,-32136.864142471793,0.2519283817924937,0.5811233438569996,-9.250224605400694,2.306700577847773,5308.467092485581,-32144.583278323727,-32120.538325713078,-3.488166775204651,-0.3864348045329246,0.13379391095511367,-9.254918413926202,0.560554561616707,2.5877586290620957,5149.218623556046,-32821.596625909755,-32781.52170489201,-693.4807731158544,-685.4657889123046,-677.1549563571389,-669.139972153589,-1354.1683039431664,-1330.1233513325205
73,22283,-1.3452514765497914,-0.1510840552069435,-8.903993705405695,6.6188321370529515,5515.323728712456,-31109.612634002147,-31093.589475332374,0.2464308472052054,0.6377479822692058,-9.244616953659946,2.5879389268915136,5342.916174930088,-31815.292783837973,-31791.25804583331,0.25707331193748717,0.605097329972226,-9.251657851786966,2.353792874926543,5346.99986523971,-31798.267977421554,-31774.23323941689,-4.435428333784049,-0.48786293565834943,0.10408526349992633,-9.406666048929221,0.8666992964957333,2.049756041931212,5196.612777600573,-32429.970912610457,-32389.91301593602,-705.6801498358254,-697.6685705009368,-688.6553434194066,-680.6437640845179,-1320.3582786083098,-1296.3235406036474
74,22593,-1.3071881682835742,-0.14748555004165567,-8.863160953153535,6.78032525706797,5680.076608054949,-31189.599398315473,-31173.548607509932,0.23875190098022162,0.6344648174620516,-9.24007758340944,2.657423102631594,5534.992220531656,-31772.183317049883,-31748.107130841574,0.2488779897082398,0.6003325672044946,-9.248114443303985,2.412156124807444,5538.402934946921,-31758.26558501938,-31734.18939881107,-3.601614360279538,-0.4068609256132926,0.13754606205031136,-9.55678712508854,0.6186708094411888,2.457842316739125,5354.617453440567,-32516.709663323556,-32476.58268630971,-582.58391873441,-574.5585233316415,-568.6661867039074,-560.640791301139,-1327.110265008083,-1303.0340787997775
75,22479,-1.3808788814970456,-0.15507679690375822,-8.904484159251941,6.44841794495283,5349.718515626826,-32265.449585148268,-32249.408911510203,0.25203936468533916,0.7092597802334287,-9.224946386085366,2.814083352094267,5216.758751959382,-32829.193534038015,-32805.13252358092,0.2659285679682752,0.6948926348630605,-9.233524449937194,2.6130800469168096,5220.404788848098,-32813.488258129495,-32789.4272476724,-2.697185835650235,-0.3124169644840259,0.15616800739174255,-9.505649255897694,0.494217876449998,3.200850509675606,5068.709449564538,-33472.36487762169,-33432.26319352652,-563.7439488897471,-555.7236120707166,-548.0386729812271,-540.0183361621966,-1206.915292473419,-1182.8542820163202
76,22628,-1.26247160280024,-0.14224257226875903,-8.875483497408032,7.030244068636206,5391.824354321843,-32451.437239660765,-32435.38335294784,0.234057231865509,0.619099371279251,-9.243858683189394,2.645076874338965,5219.917565903658,-33182.633950743046,-33158.553120673656,0.24423949052846539,0.58840275711446,-9.250679169694648,2.4091221114215493,5223.9451353532695,-33165.18143367526,-33141.10060360587,-4.004417173054073,-0.4442161203627109,0.1175502848039579,-9.454367780335156,0.7068438721413653,2.25115648478376,5048.434216188003,-33934.4876877308,-33894.35297094848,-731.1967110822807,-723.1697677258162,-713.7441940144927,-705.7172506580282,-1483.0504480700329,-1458.9696180006395
77,22569,-1.3122781250675943,-0.1481232522704145,-8.85936613565501,6.751134509080285,5328.560040150709,-32574.266705810453,-32558.218040685995,0.24056182328370423,0.6749266520944881,-9.224743575022016,2.805626607254801,5198.160530355765,-33131.44124912012,-33107.368251433436,0.2532024013357886,0.6569289726376056,-9.230982035661151,2.5944816051187773,5201.869253307612,-33115.34472370829,-33091.2717260216,-3.5654051231603576,-0.4013163197188766,0.13061499513030397,-9.530827063141256,0.6247207250827251,2.4917999863561575,5017.784624579748,-33924.49465206294,-33884.372989251795,-557.1745433096694,-549.1502107474407,-541.0780178978348,-533.0536853356061,-1350.2279462524857,-1326.1549485657997
78,22637,-1.3038195931849754,-0.14763207095563818,-8.8315471343402,6.7735959641214345,5303.670000140225,-32846.51337184132,-32830.458689811916,0.23881790477237919,0.6619106363740415,-9.206644424529339,2.771612275071746,5164.765027514264,-33445.28634606911,-33421.204323025,0.25149815351180027,0.6464380805920551,-9.212494859460747,2.5703492115767137,5169.075008405656,-33426.40371526458,-33402.321692220474,-3.304474065335047,-0.36819444197875434,0.12631668390587322,-9.308913123057065,0.49128288973467665,2.715956261115159,4987.060212957129,-34233.87580456619,-34193.739099492675,-598.7729742277879,-590.7456332130823,-579.8903434232634,-571.8630024085578,-1387.362432724869,-1363.2804096807595
79,22604,-1.3430410326128104,-0.15151104663229994,-8.864310969167931,6.600178813541471,5718.677171749542,-31062.69724718357,-31046.64548286207,0.2574708789921095,0.7337488049360055,-9.207493899258544,2.8498322132907776,5567.630082834877,-31665.76180664644,-31641.68416016419,0.2714100585919053,0.7208721726183124,-9.214799774002206,2.656026001240516,5573.008066701779,-31643.938288973826,-31619.860642491578,-4.210075219953925,-0.4694062153233761,0.120915469459967,-9.537975267865743,0.8081877471225061,2.130350999530535,5398.661440541398,-32358.38189428266,-32318.25248347891,-603.0645594628695,-595.03867730212,-581.2410417902574,-573.215159629508,-1295.6846470990895,-1271.607000616841
80,22224,-1.2663754269988294,-0.14286938848486022,-8.863868183582422,6.999400015672142,5365.939092601677,-31578.557173298224,-31562.539317168237,0.24190760837200959,0.6620304856577958,-9.225459839779628,2.7367079940690173,5207.6377088077315,-32242.05625782884,-32218.02947363386,0.25375091544091505,0.6400274043864826,-9.23178447274507,2.5222663858153083,5212.181714741941,-32222.67281360996,-32198.646029414977,-3.5466326078912807,-0.39654016085526383,0.13361282306483688,-9.380117719271993,0.660414982217987,2.521812665438943,5057.808868759725,-32886.841012013894,-32846.79637168892,-663.4990845306165,-655.4901564656211,-644.1156403117348,-636.1067122467393,-1308.2838387156698,-1284.2570545206836
81,22562,-1.385414252337554,-0.155797427363088,-8.892407761707307,6.418591224035341,5427.5554238526165,-32141.84666874989,-32125.798624041563,0.249401118671435,0.7093841644433772,-9.211391654117492,2.84435037109008,5302.824657003321,-32664.395156392344,-32640.32308932985,0.26501090586621134,0.7093708826246499,-9.213811254948041,2.6767610951934566,5306.538900209626,-32648.597647297214,-32624.52558023472,-4.401743750074229,-0.49018983321264115,0.11305754223075135,-9.632233239842767,0.9071696165110678,2.040025990433397,5154.582909392506,-33300.10520927623,-33259.98509750541,-522.5484876424525,-514.5244652882866,-506.75097854732303,-498.7269561931571,-1158.2585405263417,-1134.1864734638439
82,22969,-1.3641972916232707,-0.15365309871368604,-8.878423559587869,6.50816682755861,5422.573576991123,-33153.47298632793,-33137.38918480855,0.24251020506892282,0.6415932181836003,-9.222152686070896,2.645633894050998,5276.581964576821,-33778.34292420373,-33754.217221924664,0.2538509598533302,0.6147733503640985,-9.22827234741531,2.421788559394464,5280.70079143548,-33760.42063470881,-33736.294932429744,-3.619162184076678,-0.4012269594046426,0.1248675138796638,-9.25820720277112,0.6307798898910605,2.492354954123327,5115.605159857654,-34485.98753892871,-34445.778035130264,-624.8699378758029,-616.8280371161163,-606.947648380883,-598.9057476211965,-1332.5145526007836,-1308.3888503217167
83,22735,-1.3291492824278015,-0.14988672128634897,-8.867692021153408,6.671705081129662,5596.730738629734,-31864.171420228064,-31848.108098495544,0.2530834013741561,0.7220486882895614,-9.206169659016686,2.853006891677149,5444.577806797008,-32488.80292506719,-32464.707942468413,0.2664667940755995,0.704972536403503,-9.21388073871865,2.645629969952259,5449.464563799493,-32468.4063772801,-32444.31139468132,-4.726522411373093,-0.5220544364935066,0.09579266007445852,-9.59503055780626,0.967082585364247,1.9155090544134055,5285.813175966809,-33157.61667716919,-33117.4583728379,-624.6315048391261,-616.5998439728683,-604.2349570520346,-596.2032961857767,-1293.4452569411296,-1269.350274342356
84,22403,-1.3468550010947693,-0.15133120345702472,-8.90004817464662,6.608022517206649,5537.88765477183,-31306.023724970208,-31289.989824655313,0.24310118203386813,0.6353068065809868,-9.24702061162644,2.6133431407687593,5392.079572545787,-31901.78073398924,-31877.7298835169,0.25592249182300436,0.6187671859675448,-9.248714320208045,2.4177913459653375,5395.079263642796,-31889.321089628935,-31865.270239156594,-3.900505066826095,-0.4367148440196455,0.13385829604788557,-9.539371726272783,0.7392226871294536,2.2898237000504045,5235.824629493882,-32556.580753635415,-32516.49600284818,-595.7570090190311,-587.7400588615856,-583.297364658727,-575.2804145012815,-1250.5570286652073,-1226.506178192867
85,22467,-1.3988114565073306,-0.15793161532071448,-8.85707053440022,6.33185444199556,5521.309629258537,-31526.917575538257,-31510.87796984842,0.25253588652686493,0.6633440068838599,-9.21024922188828,2.6267316538922594,5392.2095395806555,-32056.483420397784,-32032.424011863033,0.26568838676385836,0.6460520275884899,-9.213769103267797,2.4316156060019876,5395.990475645955,-32040.735419074652,-32016.6760105399,-3.4778026019425137,-0.38892357289964014,0.1371086957458692,-9.33297981640959,0.5634634523108353,2.5711992527077943,5221.540759350173,-32775.083050335794,-32734.984036111207,-529.5658448595277,-521.5460420146119,-513.8178435363952,-505.7980406914794,-1248.1654747975372,-1224.106066262786
86,22535,-1.3791922134022616,-0.1553019026845827,-8.88071678170868,6.439071142811396,5469.418032444153,-31903.24876476672,-31887.20311489647,0.25723923266295945,0.7617050114944351,-9.19228040613595,2.9610763630773147,5341.09833924747,-32436.250055291686,-32412.18158048631,0.2725282532509521,0.7562547621299595,-9.198082123007847,2.7749591211505606,5345.124487681554,-32419.269451251428,-32395.200976446053,-4.907574670101738,-0.5490221685439854,0.10986500632618064,-9.887740928435996,1.009545810135589,1.821420076081835,5183.832685516626,-33105.74526168511,-33065.631137009485,-533.0012905249678,-524.9784655898402,-516.0206864847096,-507.997861549582,-1202.4964969183893,-1178.4280221130139
87,22592,-1.2823388308061445,-0.14486000885536637,-8.852262546017649,6.903216477077792,5487.996111745435,-31964.41829274939,-31948.367590468803,0.24967467057450513,0.7257954123068087,-9.207938653227227,2.906964533633879,5343.114611069721,-32566.854566898128,-32542.77851347725,0.2621158709269494,0.7049380758776501,-9.217569653822094,2.689413935084127,5347.987209457795,-32546.261413404067,-32522.18535998319,-4.211100927834279,-0.4746035887701425,0.12781330328232787,-9.713902090094312,0.8106634136263842,2.10702157265885,5164.249224921218,-33332.089792481514,-33291.96303678005,-602.4362741487384,-594.4109230084468,-581.8431206546775,-573.8177695143859,-1367.671499732125,-1343.5954463112466
88,22533,-1.2379650115917207,-0.14017812220574835,-8.831371059277572,7.133780823031973,5427.3339229096855,-32072.466345773282,-32056.420873412575,0.2360961282789796,0.684598797899358,-9.203961102773606,2.899661264628667,5285.733360893706,-32666.16339632285,-32642.095187781786,0.2459167511169737,0.6478195120967087,-9.21530335897717,2.634304125905455,5289.965415534297,-32648.12943103648,-32624.061222495417,-4.439037681996378,-0.49416375139396806,0.10288200780899841,-9.659464634044785,0.8827457860049328,2.0236207070614496,5113.817731313289,-33407.22013479061,-33367.10645388884,-593.6970505495665,-585.6743143692111,-575.663085263197,-567.6403490828416,-1334.7537890173262,-1310.6855804762636
89,22791,-1.270175093532269,-0.14369239871013564,-8.839542696301823,6.959310366982293,5433.754407598074,-32672.263654475617,-32656.195412475274,0.23963119481933243,0.6399961682478718,-9.21550121466446,2.6707548185885837,5265.049098666321,-33389.08822648899,-33364.98586348847,0.25017335211023,0.6092015191705059,-9.220737513161655,2.4351175456212575,5269.425157081915,-33370.15329899944,-33346.05093599892,-3.999097771283166,-0.44147393221253395,0.10540080696657562,-9.313888761671913,0.7666503073637445,2.2651394046944113,5102.2413960942595,-34100.96580743243,-34060.795202431575,-716.8245720133709,-708.7904510131993,-697.8896445238206,-689.855523523649,-1428.7021529568156,-1404.5997899563008
90,22510,-1.3422354251683035,-0.15136106590925802,-8.867772019873213,6.606718801778965,5564.789834366877,-31453.73482599075,-31437.691396122947,0.2557167211113812,0.7363383802093101,-9.197607825799516,2.8795081409188996,5417.144304683388,-32057.03824447291,-32032.97309967121,0.2678060511064209,0.7076297404249723,-9.207679595848752,2.6423217007287634,5421.238434275005,-32040.032227300366,-32015.967082498664,-4.860384513505392,-0.5415505139990854,0.10632635822995103,-9.77448167214894,1.0155636647473092,1.846549812344355,5257.411635511709,-32726.761968518644,-32686.65339384914,-603.3034184821627,-595.2817035482622,-586.2974013096173,-578.2756863757168,-1273.0271425278952,-1248.9619977261937
91,22584,-1.284694297866309,-0.14506446828679107,-8.856023208429514,6.8934868187226215,5518.066149721645,-31821.69410797121,-31805.644114031344,0.24553020492497843,0.73165360419791,-9.212328190694047,2.9798924512015383,5381.035066223224,-32387.60755457728,-32363.53256366748,0.25668114286825683,0.7001268750944107,-9.224129515567723,2.7276132062952327,5385.448723408672,-32369.091195586258,-32345.016204676456,-6.160638147245978,-0.6856868424634148,0.09359506668267138,-10.303605888770607,1.1139127689827044,1.4583917002218918,5199.848745407651,-33157.136868059846,-33117.01188321018,-565.9134466060714,-557.8884496361352,-547.3970876150488,-539.3720906451126,-1335.4427600886374,-1311.3677691788362
92,22523,-1.2843446533261056,-0.14489014664085634,-8.864264983523347,6.901780577796852,5529.303111501199,-31628.995410379866,-31612.950825803262,0.24644942724108537,0.6718728606973878,-9.20821955792879,2.7262098687701086,5359.575970121706,-32329.193316291476,-32305.12643942657,0.2585793981353561,0.6504769789493154,-9.213580714592094,2.515579290693594,5364.461254848464,-32308.67282140624,-32284.605944541334,-4.802831394224852,-0.5269634449829583,0.07718817207374688,-9.48839904226611,1.0069015193525819,1.8976648371355993,5206.620500426904,-32977.32139680515,-32937.209935363644,-700.1979059116093,-692.1756136233089,-679.6774110263723,-671.6551187380719,-1348.3259864252832,-1324.259109560382
93,22547,-1.3040336671088288,-0.1467679550609001,-8.885002632677763,6.813476413056642,5541.999197444645,-31635.003745715934,-31618.95703111916,0.23523675840373026,0.5772531444846214,-9.269044009276218,2.4539240737788863,5387.368523950337,-32271.044397541365,-32246.974325646206,0.24561045644001184,0.5493561503373794,-9.275102615834129,2.2366969155140786,5390.874351353046,-32256.376720416054,-32232.306648520895,-3.035600746753041,-0.33868355659966476,0.142587146688398,-9.341187100534121,0.3532102016910076,2.9526086534576974,5228.516846087379,-32941.862561311515,-32901.74577481958,-636.0406518254313,-628.017294527046,-621.3729747001198,-613.3496174017346,-1306.8588155955804,-1282.788743700421
94,22543,-1.3633696884793611,-0.15332202094551056,-8.892197481299128,6.522220316645788,5531.707152948817,-31667.294631532877,-31651.24827178197,0.2520332828566799,0.7289673242203298,-9.203281337399636,2.892345471033923,5396.402224786605,-32223.54945253027,-32199.47991290391,0.2667921281629635,0.7229832421291804,-9.208123414238445,2.7099121968379953,5400.280620473495,-32207.35361182932,-32183.284072202958,-4.309921099129481,-0.4832480099615544,0.12461971259254313,-9.658128882693331,0.8723092228480597,2.069330818516059,5242.155268282292,-32873.29086966698,-32833.17497028971,-556.2548209973938,-548.2316411219399,-540.0589802964423,-532.0358004209884,-1205.9962381340993,-1181.9266985077375
95,22404,-1.2917182427979361,-0.14584407832180393,-8.85684395048093,6.856637660622099,5559.435741570248,-31221.415854623694,-31205.381865037034,0.2489169621104635,0.7311616187386839,-9.212772641656063,2.9373716139690456,5422.29866111676,-31778.99574627432,-31754.94476189433,0.26093821465788075,0.7062584633463366,-9.222674496775726,2.7066118478365486,5427.132562087443,-31759.031801200097,-31734.98081682011,-4.918754829780178,-0.5460719460594415,0.10240705106641822,-9.798802420044561,0.9636024883939134,1.8312605275114189,5250.288629958656,-32497.228577342274,-32457.143603375625,-557.5798916506246,-549.5628968572964,-537.6159465764031,-529.5989517830749,-1275.8127227185796,-1251.7617383385914
96,22530,-1.3362245678286957,-0.15024814983546317,-8.893451062738515,6.655656000390691,5667.064262334939,-31091.377391586404,-31075.33218551955,0.2471042774538285,0.6507997626312755,-9.238934502798609,2.633704965924265,5505.490089800676,-31741.06720225209,-31716.99939315181,0.2598535625186614,0.6342517217071562,-9.241660839565343,2.4408044113753777,5509.63197403425,-31724.123830106124,-31700.056021005847,-4.519533215109527,-0.5012086833992423,0.1166147454034524,-9.573355359775473,0.8192277461945352,1.9951769255430896,5332.073207193132,-32458.15473359091,-32418.041718423778,-649.6898106656845,-641.6672076322611,-632.74643851972,-624.7238354862966,-1366.777342004505,-1342.7095329042277
97,22650,-1.293636694782197,-0.14634524486348807,-8.839622332716795,6.833156765242406,5413.110495427888,-32415.759751046087,-32399.703920784264,0.23782764189809813,0.6824665086844707,-9.214330531699163,2.8695844740237835,5293.975354966385,-32917.82263726903,-32893.7388918763,0.25093413709799123,0.6705424310170869,-9.220230372845673,2.672184975594756,5297.883320099432,-32901.108778635615,-32877.025033242884,-3.1582456776543752,-0.3596717132422974,0.13504424426515652,-9.53055446689349,0.5375935191716785,2.7803131666524394,5110.663748368752,-33712.01227686482,-33671.87270121027,-502.06288622294596,-494.0349710920382,-485.3490275895274,-477.3211124586196,-1296.2525258187343,-1272.1687804260037
98,22295,-1.2966750473025463,-0.14591255093406807,-8.886658748694352,6.853420035483166,5270.3085254315165,-32151.488429708912,-32135.464194274788,0.22584624162656722,0.5710470205243672,-9.278737629523379,2.5284769691610958,5128.631293501394,-32757.029082953617,-32732.992729802434,0.23556854578207492,0.5402866724697546,-9.284150325633625,2.2935433534898806,5131.453475179576,-32744.76397140327,-32720.727618252087,-3.204427455477273,-0.35443938990142426,0.13015767608725737,-9.356679710700167,0.3316878481677902,2.821356848284039,4949.576842920656,-33545.32053516878,-33505.25994658347,-605.540653244705,-597.5285355276465,-593.2755416943583,-585.2634239772997,-1393.8321054598673,-1369.7957523086843
99,22847,-1.309510705792709,-0.1478317512893411,-8.858115353241619,6.764446685359004,5524.842548281795,-32428.803125574756,-32412.729975381408,0.23818528021195384,0.6698291240800762,-9.210286676310687,2.812218804974076,5397.152350102947,-32961.04085625597,-32936.931130965946,0.24991313796531014,0.6461084016439014,-9.217556174104805,2.585331875323762,5400.520073584795,-32946.78919573774,-32922.67947044772,-3.159857635246178,-0.357515833645212,0.1368314058710347,-9.430573726262844,0.5455775186397465,2.7970789148107214,5234.197313012173,-33657.483501056704,-33617.300625573334,-532.2377306812123,-524.2011555845384,-517.9860701629877,-509.94949506631383,-1228.6803754819484,-1204.5706501919267
100,22530,-1.2992323421649123,-0.14684511766922043,-8.847637311929772,6.809896140044469,5558.907759453274,-31525.520894826317,-31509.475688759463,0.23762561365051255,0.7056355455867594,-9.21287638774436,2.969526452752571,5443.422917922194,-31996.505958731086,-31972.43814963081,0.24846602201652263,0.6735372720886733,-9.22205931985065,2.710782209262738,5446.907412256769,-31982.088460334468,-31958.02065123419,-5.312076759550128,-0.5971466219227103,0.10818191040601727,-10.145163596869637,1.0047337329662915,1.6746305903568048,5267.600562212188,-32732.23611325569,-32692.12309808856,-470.98506390476905,-462.9624608713457,-456.56756550815044,-448.5449624747271,-1206.7152184293736,-1182.6474093290963
101,22450,-1.3757803890726303,-0.15433509055580907,-8.914242277099872,6.479407867638438,5630.793774383189,-31045.252307110837,-31029.214215324497,0.25390954675528227,0.7080562625989186,-9.241213924459071,2.78861614951935,5488.002413093761,-31619.90507717175,-31595.847939492236,0.26790047408678264,0.6957136807138321,-9.246966775392645,2.596910972574335,5491.983986009134,-31603.623396554118,-31579.566258874605,-4.914031902257057,-0.5468101193070818,0.11595276058121184,-9.812571625659082,0.936430411518425,1.8287883941635916,5322.878699330593,-32301.75401898951,-32261.65878952366,-574.6527700609113,-566.6337241677393,-558.3710894432807,-550.3520435501086,-1256.5017118786745,-1232.4445741991622
102,22510,-1.2432844422264517,-0.14061266819750465,-8.841909183318629,7.111734759171196,5322.311663312554,-32456.588781415263,-32440.545351547462,0.24169599023545818,0.6924111371876631,-9.216129733761893,2.864801921261176,5153.449584034957,-33180.34313587111,-33156.27799106941,0.2540955153050027,0.6741776631125911,-9.222312364776274,2.653245029938227,5158.642392995544,-33157.67263606498,-33133.607491263276,-5.234379794485685,-0.5750123729339361,0.07590902498620929,-9.7464395575843,1.0139261173767546,1.7390930127252953,4974.198934105788,-33973.24155287544,-33933.13297820594,-723.7543544558466,-715.7326395219461,-701.0838546497143,-693.0621397158138,-1516.6527714601798,-1492.5876266584783
103,22707,-1.379635627949029,-0.15559536624298087,-8.866816932032295,6.426926611929945,5517.6343944902055,-32120.138555646492,-32104.077698594538,0.2575412615439333,0.7392548461316579,-9.190565682236487,2.8704326510629845,5392.159492749042,-32640.47367182513,-32616.382386247198,0.2742816921454379,0.7446690224775431,-9.194049672469177,2.7149789570449427,5395.95692438637,-32624.48788145802,-32600.396595880087,-3.284875526924159,-0.37360652406808664,0.14589154539278915,-9.468404341842733,0.6093291942844843,2.67661278799767,5232.603185172662,-33318.52513631012,-33278.372993680234,-520.3351161786377,-512.3046876526605,-504.3493258115268,-496.3188972855496,-1198.3865806636277,-1174.2952950856961
104,22351,-1.3092554705242212,-0.1474092192047972,-8.881774678592244,6.7838362172632465,5439.6894050237715,-31581.295494199385,-31565.266241515845,0.23854673252233197,0.6172697368230518,-9.259088550575337,2.5876260399637414,5292.072360975289,-32194.21720663534,-32170.17332761003,0.24965745344018545,0.5912582753566638,-9.265286641833091,2.368278083467359,5295.361159374004,-32180.33132291617,-32156.28744389086,-3.0897827217394167,-0.3472601259779515,0.14162491575769176,-9.41550354723489,0.430620722439744,2.8796856454043125,5117.423905500065,-32940.28884660772,-32900.21571489887,-612.9217124359566,-604.9070860941865,-599.0358287167837,-591.0212023750137,-1358.9933524083353,-1334.9494733830252
105,22391,-1.3035855411386443,-0.1466640249784718,-8.888243325723483,6.818304626146635,5403.554718502134,-31827.092043566867,-31811.059214824083,0.2372949212537133,0.6276061003319383,-9.229591861710967,2.644835789219898,5250.540443700853,-32468.296026886415,-32444.24678377224,0.24953149073612113,0.6098427262236897,-9.23248347313033,2.443950959554827,5254.103120599248,-32453.1080957582,-32429.058852644026,-4.422138656483195,-0.4884308318475098,0.10043661101327088,-9.496172693918961,0.9140465614906197,2.0473728003972615,5106.783044532025,-33085.90037395851,-33045.81830210155,-641.2039833195486,-633.1875689481567,-626.0160521913349,-617.999637819943,-1258.8083303916428,-1234.7590872774672
106,22456,-1.3574243734485416,-0.15278554037230785,-8.884508116021776,6.545121989706615,5418.5337471147495,-31922.426964004157,-31906.388337768072,0.2461530563885092,0.6742920242479129,-9.226491015741773,2.739320137401267,5274.979579060111,-32523.380543533505,-32499.32260417938,0.25814409256975224,0.648882217895961,-9.23316594056851,2.5136434904882776,5278.199091752194,-32509.679007434945,-32485.621068080818,-3.6719590388740815,-0.4151782444800694,0.13840372117776467,-9.57338816434247,0.6922343321979465,2.4086040472865022,5107.373404493099,-33244.474608317374,-33204.37804272716,-600.9535795293486,-592.9342664113065,-587.252043430788,-579.2327303127458,-1322.0476443132175,-1297.989704959091
107,22566,-1.2446956060928103,-0.14068035741707902,-8.847685838632227,7.108312904233474,5462.8907616257,-32005.109522606384,-31989.061123350988,0.22324364916224826,0.6128397144077062,-9.24478073753079,2.7451607994559732,5345.240296919026,-32494.4072761996,-32470.334677316503,0.23113181400022786,0.5671760703856679,-9.256179660120383,2.453907407074254,5348.49126126876,-32480.686852533276,-32456.61425365018,-3.0685316102196394,-0.34759954390148345,0.13220309613522946,-9.49710138894941,0.47480154370115907,2.876873740327518,5174.320682750806,-33223.767057294055,-33183.646059155566,-489.297753593215,-481.273553965515,-475.57732992689125,-467.55313029919125,-1218.6575346876707,-1194.584935804578
108,22410,-1.3626455055544984,-0.15365661005410983,-8.868121619204315,6.50801810379555,5530.966097941755,-31350.834660574896,-31334.800135441306,0.24809007068806882,0.649111953548423,-9.219684717152923,2.6164366503993266,5374.6292610028095,-31991.394452511548,-31967.342664811164,0.2614549750418269,0.6353735135202991,-9.223331245131618,2.430145050476296,5378.976523838554,-31973.275475973736,-31949.223688273352,-3.8257710362172674,-0.4228824781090238,0.11966124023978983,-9.242883328123,0.6921406851133017,2.364723183782963,5219.675492870124,-32642.984729412034,-32602.89841657806,-640.5597919366519,-632.5425293698572,-622.4408153988406,-614.423552832046,-1292.150068837138,-1268.098281136754
109,22545,-1.2374750610571732,-0.13974622955237898,-8.855158847726543,7.155828126476822,5393.626501065804,-32242.008281568735,-32225.961744387023,0.23568770513954523,0.6080185897160527,-9.241710405293572,2.5797637146836276,5215.15995784416,-32998.60736283239,-32974.53755705982,0.24655495772864455,0.5856237470516785,-9.24587499836622,2.3752260041601314,5220.978847929963,-32973.466476337744,-32949.39667056518,-4.2203272590697845,-0.46119380265498194,0.0908510683178132,-9.197863936180823,0.728342178785598,2.168285857796094,5041.187593019275,-33759.51576333749,-33719.39942038321,-756.5990812636519,-748.575812672796,-731.4581947690094,-723.4349261781535,-1517.5074817687564,-1493.4376759961888
110,22467,-1.3873073540828824,-0.15593782713633822,-8.896541522731004,6.412812198067173,5352.467500780035,-32224.684499168827,-32208.64489347899,0.25398545430673924,0.7135183385384033,-9.219523781120248,2.8092881952077633,5211.199300712031,-32823.62391419005,-32799.5645056553,0.268108450199997,0.7000109970786813,-9.226588007753985,2.6109247827008217,5215.031384760563,-32807.108753765846,-32783.04934523109,-4.887170386652827,-0.5460226657314919,0.11546551926594857,-9.846008304724563,0.9863867405203218,1.831425804751762,5054.576313552125,-33505.22661010881,-33465.12759588422,-598.9394150212247,-590.9196121763052,-582.4242545970192,-574.4044517520997,-1280.542110939983,-1256.482702405232
111,22341,-1.3546693601224837,-0.1523582681212513,-8.891341289364073,6.56347707499648,5434.914149646722,-31576.786999486605,-31560.758641817847,0.2559321860318562,0.7622684872942224,-9.197793019783362,2.9784002516953527,5311.946122022949,-32086.070953752685,-32062.02841724955,0.2699111410030102,0.7463021863662872,-9.204858632646204,2.7649921510945115,5314.84047471152,-32073.901191157813,-32049.858654654676,-4.1685263608499445,-0.4765979161005156,0.13944420960877627,-9.878309463509302,0.8757365131202334,2.098204726075843,5161.466693171982,-32724.09516119312,-32684.024267021225,-509.2839542660804,-501.2697754317014,-497.11419167120766,-489.1000128368287,-1147.3081617065145,-1123.2656252033776
112,22301,-1.30792212718467,-0.14766651615851314,-8.857269482681343,6.7720159316723265,5509.747022780291,-31175.313793210036,-31159.289019611053,0.2437938151868632,0.6394561557616347,-9.234951538195704,2.622938384517688,5357.152289306736,-31799.663361989435,-31775.62620159096,0.2543993678807846,0.6077878936765473,-9.242026707234677,2.389109291974994,5361.759991658766,-31780.490450822992,-31756.453290424517,-4.442210251684879,-0.4901851379551512,0.10499420881133346,-9.471546972437306,0.810233246603268,2.040045530902028,5179.017640399218,-32549.819646755062,-32509.7577127576,-624.3495687793984,-616.3371819799067,-605.1766576129558,-597.1642708134641,-1374.5058535450262,-1350.4686931465476
113,22358,-1.369558143381817,-0.15435831035443098,-8.872590923268698,6.478433183829511,5508.894904579795,-31315.53708319077,-31299.50720423511,0.23491479867573584,0.603462169482922,-9.246360024066723,2.568855486690346,5393.8713553581,-31785.305782910833,-31761.260964477344,0.24708218103186125,0.5866293659719467,-9.248549769230848,2.374227730717258,5396.828283657273,-31773.05245239858,-31749.00763396509,-3.4074423620751255,-0.3821048528186136,0.13506006660136663,-9.434107244455522,0.5607383450419998,2.617082700267885,5223.825201338121,-32497.509526786616,-32457.434829397465,-469.7686997200617,-461.7537602422344,-457.5153692078093,-449.500429729982,-1181.972443595845,-1157.927625162356
114,22483,-1.4189564073662686,-0.16001188075440376,-8.867819068661355,6.249535942489562,5634.575797625649,-31108.82083601159,-31092.77980651747,0.2539332993099263,0.7109103671701076,-9.174315059397466,2.799594890083476,5523.63677814864,-31553.903941593915,-31529.84239735273,0.2687135657257237,0.7011346817297405,-9.178945473988104,2.6092269656582565,5526.445313444363,-31542.475193845243,-31518.41364960406,-3.3687997577948834,-0.3816658797866247,0.14475907199843546,-9.379682631368139,0.6994685967287958,2.620092738075154,5391.961246988134,-32092.357881796634,-32052.25530806133,-445.0831055823255,-437.0625908352631,-433.6543578336532,-425.6338430865908,-983.537045785044,-959.4755015438604
115,22384,-1.295010131367761,-0.1461427191823478,-8.861270261106391,6.842626205362048,5475.280077701281,-31514.977278567017,-31498.945075173207,0.2345360078167294,0.5743734689142237,-9.242973241288775,2.448977767895876,5306.496147322241,-32213.857743476157,-32189.80943838544,0.24519674445133924,0.5489161896690183,-9.246342886228486,2.2386764999563606,5310.312908372296,-32197.76357006175,-32173.715264971033,-3.975530584744002,-0.438766084367324,0.11583132437124817,-9.299066097203443,0.6932170303569842,2.2791187277885063,5146.850467509901,-32893.617097543385,-32853.53658905886,-698.8804649091398,-690.864363212233,-682.7862914947327,-674.7701897978259,-1378.6398189763677,-1354.5915138856508
116,22660,-1.3494832263263348,-0.15207657184880283,-8.873708881786305,6.575634812403697,5433.549401716698,-32354.676463532964,-32338.6197504638,0.2500532153530965,0.7458698625860293,-9.205230982037806,2.9828445178471203,5318.8367998874055,-32836.19447243667,-32812.109402832924,0.26497996752261804,0.7411497152340217,-9.210230323869117,2.797002815583631,5322.917048175939,-32818.81793242851,-32794.73286282476,-4.21516442101431,-0.47830813075321427,0.13165977302309295,-9.824351836450454,0.8184906935747022,2.0907024900982827,5147.348486460507,-33574.82856127841,-33534.6867786055,-481.5180089037058,-473.4896523691241,-464.1414688955447,-456.113112360963,-1220.1520977454456,-1196.0670281417006
117,22594,-1.3206240867397825,-0.14909335983839653,-8.857698881903374,6.707206820504333,5297.141453741406,-32768.98239936876,-32752.931520042188,0.24368042715764449,0.6888686689446518,-9.204775816350672,2.8269347562289076,5167.1652027870305,-33328.287519220146,-33304.21120023029,0.25752404298066567,0.6785866154571991,-9.209732929247044,2.6350417910616053,5170.595181832363,-33313.2945330199,-33289.21821403004,-3.1873542407766493,-0.3627597153112192,0.1391896209151426,-9.498125475547557,0.5698713145439663,2.7566456742366747,5001.234960389043,-34061.74093550016,-34021.613737183725,-559.3051198513858,-551.2796801881013,-544.3121336511394,-536.286693987855,-1292.7585361313977,-1268.682217141537
118,22453,-1.3457191651042353,-0.1510225373601546,-8.910717490429917,6.621528266441624,5584.053481190479,-31239.558145821964,-31223.5197867929,0.24158750251927985,0.6189235088269556,-9.24939175902095,2.5619020122018212,5434.174338871789,-31848.444764806314,-31824.38722626272,0.25437573552546006,0.6028392495686414,-9.251794655458882,2.369877175287044,5436.584475823047,-31838.488733810555,-31814.43119526696,-3.902104776203325,-0.43877561854510927,0.13906617601297963,-9.576592975081562,0.7615661897734266,2.279069204701475,5285.370278478383,-32467.850388748844,-32427.754491176183,-608.8866189843502,-600.867439469821,-598.9305879885906,-590.9114084740613,-1228.2922429268801,-1204.2347043832851
119,22509,-1.3172022841756654,-0.1487568796160187,-8.854731879128662,6.722378168870358,5306.732151838565,-32520.13189223192,-32504.088551215493,0.24510521002120986,0.7081061655714729,-9.198946491002568,2.8889886327189775,5175.9830081765995,-33079.662957679626,-33055.59794615499,0.256650248631422,0.6790195888068691,-9.208388282928903,2.6457001013157635,5179.385649615034,-33064.87061924626,-33040.805607721624,-3.571238071705453,-0.4048050854519591,0.13466555514800882,-9.557218992269544,0.6931626417568824,2.47032469684395,5012.210266286265,-33799.378755567144,-33759.27040302607,-559.5310654477071,-551.5093949394941,-544.7387270143445,-536.7170565061315,-1279.2468633352255,-1255.1818518105792
120,22652,-1.3594084657067247,-0.1532459478629149,-8.870762879308066,6.525458023167719,5599.413170676168,-31654.125931158847,-31638.06992430438,0.24825285326603286,0.7150545912086952,-9.207946414582342,2.880347926726256,5481.700530708519,-32133.40012365569,-32109.31611337399,0.2603441650156384,0.6898402326240571,-9.21658002285633,2.649724193290907,5485.489266526315,-32117.749360106314,-32093.665349824612,-4.799104423903502,-0.5378803958170357,0.11334324632420821,-9.868764063260757,0.9408293811851637,1.8591493718245828,5312.987756316879,-32837.5248767905,-32797.38485965433,-479.27419249684317,-471.2461890696104,-463.6234289474669,-455.59542552023413,-1183.3989456316522,-1159.3149353499539
121,22651,-1.2412461052582158,-0.1403506303334303,-8.843894055262835,7.125012532001495,5632.569850261669,-31517.997016070698,-31501.941097510604,0.2415761864010639,0.6778553014206661,-9.217660358977597,2.8059690465321494,5464.509118288046,-32202.129777192004,-32178.045899351862,0.2497536509370754,0.6268497870476194,-9.23165316847207,2.5098723670131737,5469.091829328409,-32183.14188942268,-32159.05801158254,-5.542493975010501,-0.609223670764645,0.0723346592561048,-9.882012866126157,1.1276549032287682,1.641433266611073,5300.617794921771,-32887.87347391329,-32847.73367751306,-684.1327611213055,-676.1048018412584,-665.1448733519828,-657.1169140719358,-1369.8764578425944,-1345.7925800024568
122,22560,-1.387407186271147,-0.15625588240561938,-8.879071718206573,6.399759065736378,5612.338191445453,-31381.720250444603,-31365.67238303338,0.24980506913584927,0.7377801532516367,-9.183257102805968,2.9534234665607055,5516.63039756304,-31767.756400295926,-31743.68459917909,0.26582494668138745,0.7391891053911009,-9.186671746885974,2.7807364004744013,5518.956537475169,-31758.245765745403,-31734.173964628568,-2.971301799704516,-0.34159156415715014,0.15042654231176403,-9.479541583100573,0.6241653626342041,2.927472762588327,5385.4691960097625,-32306.61320625338,-32266.49353772532,-386.036149851323,-378.01221614571114,-376.5255153008002,-368.5015815951883,-924.8929558087766,-900.821154691941
123,22620,-1.428613174867267,-0.16073104069475183,-8.888222017926086,6.221573603191707,5569.317336929398,-31699.33209967891,-31683.27892017957,0.26239227317312225,0.7744863800476988,-9.193619925710305,2.9516356205226555,5442.773443939538,-32217.224084220074,-32193.144314971065,0.27895292754041645,0.7741662273623009,-9.199888210471528,2.7752575826619883,5446.763043242767,-32200.649505424546,-32176.569736175537,-3.7512078178779555,-0.4290583816860352,0.14610535229941246,-9.696149547386737,0.7590918812365379,2.3306851530795942,5275.182681688956,-32920.67464656738,-32880.541697819026,-517.891984541162,-509.8653947914936,-501.31740574563446,-493.2908159959661,-1221.342546888467,-1197.2627776394547
124,22691,-1.3683937264630106,-0.15456807417326543,-8.853016599851589,6.46964132372533,5566.534531571024,-31881.29509477589,-31865.23564747773,0.255201855361502,0.7060772446603547,-9.191147995981488,2.766740248264154,5415.799652036207,-32502.211843423935,-32478.12267247669,0.2699695575773416,0.6980183222001981,-9.19561383750188,2.585544564594947,5420.074751611195,-32484.307189701372,-32460.218018754127,-3.7095887459290395,-0.4147913021497105,0.12909894028581434,-9.372793454229182,0.6915739782041721,2.4108509383330086,5255.336581278032,-33180.67750203937,-33140.528883793966,-620.9167486480437,-612.8870249989595,-603.0120949254815,-594.9823712763973,-1299.382407263478,-1275.2932363162363
125,22687,-1.2960857530689243,-0.1463142730383079,-8.85823184679723,6.834603208794132,5574.7712922025075,-31838.129687889083,-31822.07059318469,0.23658482345664733,0.6970049517132366,-9.205302932597895,2.946110158418333,5446.964157292748,-32362.3064332658,-32338.21779120921,0.24883337514320786,0.67768071204403,-9.211193860191607,2.7234317408346578,5450.6614334357455,-32346.912234524756,-32322.823592468165,-5.029613791660067,-0.5648782335469249,0.10968948503569897,-10.02655252908426,0.9774131205406553,1.7702930306252085,5285.281714645055,-33041.92236194183,-33001.77462518085,-524.176745376717,-516.1471980245187,-508.7825466356735,-500.7529992834752,-1203.792674052751,-1179.7040319961598
126,22787,-1.28191483210901,-0.14481209906209427,-8.852263315093133,6.9055003447689,5447.590467489997,-32604.579891187328,-32588.512000233542,0.24669438117233844,0.7566544301943704,-9.17632283350495,3.0671733445999263,5312.946484842066,-33172.86603696796,-33148.76420053728,0.26006371666221306,0.7427616579364458,-9.18402650379197,2.8560756858719776,5317.144417241714,-33154.86839396665,-33130.76655753598,-5.050466188017476,-0.5636752362456681,0.09850226356390056,-9.907409649374262,1.0332374643159696,1.7740711950740504,5154.5714478061045,-33858.45977140692,-33818.290044022455,-568.2861457806284,-560.2522003037411,-550.2885027793236,-542.2545573024363,-1253.8798802195888,-1229.7780437889123
127,22484,-1.2747908952926974,-0.14392365815376018,-8.857410321872033,6.9481280063883215,5521.928580057211,-31565.2619938115,-31549.220875363255,0.23345270971556087,0.6348106169776037,-9.241278934506422,2.7192257384849285,5384.375120579107,-32130.441502344518,-32106.379824672153,0.24303724005880573,0.5969809852814318,-9.250943356940123,2.4563354370588857,5387.386562649548,-32117.86987900806,-32093.808201335694,-3.41073384485422,-0.38873147168173877,0.13879993610024893,-9.610510165601232,0.61238089082656,2.5724698740592773,5208.094691537472,-32874.87037761489,-32834.76758149428,-565.1795085330195,-557.1589493088977,-552.6078851965613,-544.5873259724394,-1309.608383803392,-1285.5467061310228
128,22207,-1.3123588808146194,-0.1482348742749285,-8.853239746947883,6.746050852684762,5300.682891375725,-31809.124067929777,-31793.10774226283,0.24102177799316718,0.6997733742409007,-9.212357050587055,2.9033615968957744,5179.470482956434,-32320.834868344708,-32296.810379844286,0.2540076377435948,0.6843063495064533,-9.218555382871525,2.6940384768950087,5183.061924016268,-32305.441886846213,-32281.41739834579,-4.037794828856654,-0.4616730406988957,0.13335396190317692,-9.842508114312528,0.7463570217788514,2.1660350764388743,4993.386984081117,-33129.35333034908,-33089.31251618171,-511.7108004149304,-503.70263758145666,-496.3178189164355,-488.30965608296174,-1320.2292624192996,-1296.2047739188783
129,22608,-1.1751566282151846,-0.133452503065796,-8.805804321525523,7.493302688425189,5175.005770547332,-33330.66790761404,-33314.6157894042,0.2326798756213413,0.6667024298237975,-9.21779012708976,2.865320552727027,5016.436029933413,-34032.245300513285,-34008.16712319851,0.2436672910259734,0.6423816335902756,-9.222871568703258,2.6363063786095187,5021.561294465524,-34009.158625578726,-33985.08044826395,-4.840443130877548,-0.5370300065027527,0.09532823730283936,-9.795481003084925,0.8892800261519123,1.8620933428137487,4821.226643823721,-34925.58714383484,-34885.45684831022,-701.5773928992421,-693.5513337943121,-678.4907179646834,-670.4646588597534,-1594.9192362207978,-1570.8410589060222
130,22415,-1.228758568654519,-0.1389206866597738,-8.8450366766746,7.198351980861338,5647.1214593718805,-30896.97018883237,-30880.93521751919,0.24526020730772669,0.6735794167432649,-9.227634254376698,2.7463868849222997,5459.174635386935,-31653.680426518345,-31629.627969548575,0.25631603898657196,0.6459374921133952,-9.23396857385071,2.5200822182931555,5464.573516936351,-31631.523939917577,-31607.471482947807,-8.13888632898312,-0.8766582153511647,0.011555334578753493,-10.467834452792353,1.3707524369017856,1.1406954072738917,5271.5059258670435,-32433.791566781634,-32393.704138498688,-756.7102376859766,-748.6927520293866,-734.5537510852082,-726.5362654286182,-1536.8213779492653,-1512.768920979499
131,22393,-1.3530225246417478,-0.15265156274109004,-8.863469854786802,6.550866444099786,5525.938338262137,-31330.420594741357,-31314.387587363348,0.23672315175277567,0.6155812880417137,-9.235524395832849,2.6004270536436698,5405.251718031075,-31822.90386487549,-31798.854353808474,0.24737420085293677,0.5857624577580256,-9.242081857702766,2.367920566244738,5408.01868746806,-31811.44373382702,-31787.394222760006,-3.2058777222139385,-0.35736004537461685,0.13419496035217857,-9.329786086771524,0.417106144943977,2.7982982791254973,5232.62695558718,-32545.726529924046,-32505.64401147902,-492.4832701341329,-484.46676644512627,-481.0231390856643,-473.00663539665766,-1215.3059351826887,-1191.2564241156724
132,22646,-1.3036725453413667,-0.14725651307869111,-8.853072221292573,6.790871107111023,5584.431517920571,-31700.413493686163,-31684.358016656413,0.25886502699512015,0.8184378379302639,-9.171364385098755,3.1616392814070333,5446.788529337591,-32263.57761633685,-32239.494400792228,0.2746020056207229,0.8159316397467397,-9.179072135638682,2.9713244005715493,5451.5319454351065,-32243.864595789135,-32219.781380244513,-5.6960324854769935,-0.6326595523127179,0.08759232121526662,-10.118800862769575,1.135032187523412,1.5806289438679164,5278.287588314795,-32971.2157019974,-32931.077009423025,-563.1641226506872,-555.1363841358143,-543.4511021029721,-535.4233635880992,-1270.8022083112337,-1246.7189927666113
133,22463,-1.3175433001451873,-0.1488871554972158,-8.849274443757007,6.716496105123723,5380.071963530005,-32099.395414848386,-32083.356165268055,0.2532744623661211,0.7961946411211395,-9.151288917478842,3.143604111061934,5257.4899368171955,-32615.123440205043,-32591.06456583455,0.2702924501057236,0.8039970338794411,-9.154519060065972,2.9745449181616483,5260.958726351997,-32600.307677036883,-32576.24880266639,-5.793619730402407,-0.6407316316290239,0.06767061342941114,-10.15990576432495,1.2820140623364287,1.560715829586182,5123.621513295996,-33190.493599630296,-33150.39547567947,-515.7280253566569,-507.7084005664947,-500.91226218849624,-492.89263739833405,-1091.0981847819094,-1067.0393104114155
134,22239,-1.409099089716299,-0.15801318609920284,-8.917604438604556,6.328585763546254,5481.398355147252,-31141.436211550757,-31125.41700598411,0.24541938763334822,0.6378448329910816,-9.25497120885395,2.5989993665211544,5347.77742033267,-31688.277019667952,-31664.24821131798,0.25972513022285687,0.6305589666633435,-9.25645193089855,2.427793437324656,5350.669985488776,-31676.251394708743,-31652.22258635877,-3.4668892423089503,-0.39098120099182226,0.1480603426481883,-9.493419379112686,0.592897087261872,2.557667727919522,5185.128430431444,-32371.160295372334,-32331.11228145571,-546.8408081171947,-538.8312053338705,-534.8151831579853,-526.8055803746611,-1229.7240838215766,-1205.6952754716003
135,22699,-1.3465332992062138,-0.15183823616077724,-8.868209571272994,6.585956378873686,5731.789963318453,-31236.474902006954,-31220.41474970768,0.24815047294065196,0.6828487197268484,-9.209799721312953,2.751752642801368,5596.796375604621,-31775.471704857213,-31751.381476408307,0.26233594178285724,0.6741398847519959,-9.214155209276184,2.569757998734311,5600.640266573991,-31759.88733723286,-31735.797108783954,-3.8246924658019137,-0.4265782537404337,0.12539817542478335,-9.409190292149656,0.7173725681939233,2.344235767368687,5441.179713925778,-32411.548587521134,-32371.398206772956,-538.996802850259,-530.9667267006262,-523.4124352259059,-515.3823590762731,-1175.0736855141804,-1150.9834570652747
136,22720,-1.351359685848087,-0.15254139235560332,-8.858970440612,6.555597694223268,5480.507566268791,-32304.927733637545,-32288.865731891874,0.252053732658799,0.7468304326950445,-9.182263765644116,2.962981047005626,5360.780057611034,-32804.77210618139,-32780.679103562885,0.26624059615061246,0.7337099543546808,-9.188397577565455,2.7558154727824475,5364.408419384372,-32789.399624324884,-32765.30662170638,-3.9234889134476103,-0.44590825000928486,0.13259572750266313,-9.702513468127588,0.8379241412764511,2.242613811202591,5200.266756571435,-33491.45042786813,-33451.29542350395,-499.8443725438483,-491.8133716710108,-484.4718906873386,-476.44088981450477,-1186.5226942305817,-1162.4296916120766
137,22641,-1.289506970702282,-0.14600194802671512,-8.832121681460926,6.849223681707467,5420.979221756275,-32360.991498485957,-32344.93646308405,0.23914748612421627,0.6393116513406506,-9.221205190573155,2.6732944665309337,5271.572899964898,-32991.75506491528,-32967.67251181242,0.25079033586346344,0.6158841009767744,-9.226099134688713,2.4557728624442574,5275.579183369563,-32974.55492098813,-32950.47236788527,-4.1289234736189,-0.46162297354616794,0.12113734122157552,-9.57266041064478,0.7405187832558204,2.1662700023745414,5082.730407432823,-33813.702866405576,-33773.56527790081,-630.7635664293266,-622.7360487283731,-613.5634225021713,-605.5359048012178,-1452.711367919619,-1428.6288148167587
138,22476,-1.4191401778732984,-0.1598620431961397,-8.877280369375182,6.255393588164447,5382.697607740953,-32120.012038085148,-32103.971631380682,0.23860250438253672,0.6267462607286058,-9.231134708957589,2.6267379814412264,5283.488091278199,-32536.136654044498,-32512.076043987803,0.2510602819195994,0.6075983442927418,-9.234948544899645,2.4201292998122326,5285.809705889594,-32526.262656387076,-32502.20204633038,-3.3767413013704024,-0.3801530839879033,0.13687971480674743,-9.448555823507089,0.5708661486665217,2.630519235855576,5113.029665810124,-33269.22324756729,-33229.12223080613,-416.1246159593502,-408.10441260712105,-406.2506183019286,-398.2304149496995,-1149.211209482146,-1125.1505994254512
139,22473,-1.3561821657087243,-0.15308079302631,-8.85925751296335,6.532498167997666,5452.016546247696,-31825.162513878236,-31809.122374143004,0.242467744212988,0.6662337653753795,-9.213472025934442,2.747721217673176,5337.843988081726,-32298.774902001525,-32274.714692398677,0.2544292441084996,0.6421349024860413,-9.220767584653656,2.5238250608181163,5340.89354992677,-32285.93952610381,-32261.879316500963,-3.093246176480628,-0.34973615835181565,0.13882108047110464,-9.407280378923916,0.5094033534859694,2.859298291353833,5176.428238503446,-32984.84285639443,-32944.742507056355,-473.61238812328884,-465.5923182556726,-460.77701222557516,-452.7569423579589,-1159.680342516196,-1135.620132913351
140,22528,-1.308177696143839,-0.1471254449362792,-8.891580220609818,6.796920821093219,5437.089958787754,-32019.889836250164,-32003.84480773225,0.24670248519970533,0.636477869507389,-9.249935334086935,2.579941053257575,5249.730680176444,-32807.88388499752,-32783.81634222065,0.25918974888470914,0.6181628251220423,-9.253187695445034,2.3849817663776856,5254.843849160703,-32785.952586466,-32761.88504368913,-4.526467453907512,-0.49768040723728424,0.10367750148510037,-9.460212354115717,0.8369044886812876,2.0093216157557507,5082.010724601852,-33535.36311286748,-33495.25054157269,-787.9940487473577,-779.9715344883989,-766.0627502158386,-758.0402359568798,-1515.4732766173183,-1491.4057338404418
141,22596,-1.3907406742865096,-0.1564339564553296,-8.890273606828078,6.392474004105077,5440.238849480336,-32171.572695208935,-32155.521638852046,0.24984827877248864,0.7576476889554523,-9.203746987195812,3.0324310924925957,5343.439627237593,-32575.24761981286,-32551.171035277526,0.26377105673519763,0.7415825631488241,-9.213195537710297,2.8114629873637202,5345.810401369321,-32565.224463274182,-32541.147878738848,-2.896205950782666,-0.3480329629847446,0.15829741071285253,-9.849361088825319,0.6725748195797672,2.873291056754969,5186.734083585105,-33243.82529770785,-33203.697656815624,-403.6749246039253,-395.6493964254805,-393.65176806524687,-385.62623988680207,-1072.2526024989165,-1048.1760179635785
142,22206,-1.2998094101983861,-0.14604267853776362,-8.900202483360248,6.847313470366271,5465.454682736778,-31126.929051723026,-31110.9128161198,0.24015735768063648,0.5970370068338773,-9.246903302200028,2.4860242159552017,5293.860474257964,-31833.290885268045,-31809.266531863203,0.2515534187785065,0.5738353615317753,-9.247421182408056,2.2811670154124952,5297.231667863638,-31819.154339814322,-31795.12998640948,-3.533209470620248,-0.3896154440513265,0.13058495934133518,-9.165340979849542,0.595612007018667,2.5666333695649493,5160.415877576559,-32396.222841139694,-32356.18225213162,-706.3618335450192,-698.3537157434039,-692.2252880912965,-684.2171702896812,-1269.293789416668,-1245.269436011822
143,22646,-1.37374233484627,-0.1547060444609219,-8.879694000535782,6.463871553852544,5470.204456891912,-32168.430369055848,-32152.3748920261,0.24955066713880605,0.7162340863333393,-9.203504516693325,2.8700948570694576,5346.772221896634,-32683.278617785298,-32659.195402240675,0.26400473670926183,0.7071045887734132,-9.209402747509328,2.678378416945299,5350.098834436951,-32669.193289539326,-32645.110073994703,-3.1312372244090256,-0.3577756789439209,0.14693844372238865,-9.496998100259217,0.6053148112849086,2.795047452503734,5192.9630773497665,-33340.28367760281,-33300.14498502844,-514.8482487294496,-506.82051021457664,-500.7629204834775,-492.7351819686046,-1171.8533085469644,-1147.770093002342
144,22427,-1.3724686345837547,-0.15520774343987712,-8.842784542611486,6.442977507674225,5460.727575286315,-31678.25405923641,-31662.21801749816,0.2594549527299987,0.8035367189967693,-9.173427490881286,3.09701823203571,5347.777011203481,-32145.002441162724,-32120.948378555346,0.27457367304911195,0.7948911485352487,-9.183412889606537,2.8950013295450563,5352.178706044627,-32126.550623532894,-32102.496560925516,-4.196957592642421,-0.4770901090212812,0.12950284592716,-9.803943904659738,0.8099193781956086,2.096040100373143,5159.504479850355,-32944.79551334114,-32904.705408995505,-466.7483819263143,-458.7303610571871,-448.2965642964846,-440.27854342735736,-1266.5414541047285,-1242.4873914973468
145,22538,-1.3760182416260396,-0.15502602184338135,-8.87604690660381,6.450529969802575,5536.120434939068,-31637.296547590624,-31621.2506314856,0.25945666582279137,0.7026468820671259,-9.209700972671191,2.7081473503056306,5365.872478812313,-32339.270659533726,-32315.20178537619,0.2722176983745509,0.6792992009409728,-9.217254097071129,2.4954262893160926,5370.507172166204,-32319.81219612349,-32295.743321965954,-4.384863781838195,-0.48483718920003904,0.10859517761522541,-9.406274667611354,0.8723019189497749,2.0625480517489962,5200.833025240276,-33039.36177187327,-32999.24698161071,-701.9741119431019,-693.9511538905899,-682.5156485328662,-674.4926904803542,-1402.0652242826473,-1377.9963501251113
146,22417,-1.3000447208061068,-0.14642957435688783,-8.878293381073087,6.8292215175244175,5745.835957115873,-30513.25267359658,-30497.217523839434,0.24140805432130347,0.6689819361323147,-9.230742104754777,2.771166595965888,5602.141059914486,-31078.99804119903,-31054.945316563306,0.2534502961840973,0.6487523733204124,-9.238883396862576,2.5596828375737295,5606.392000783529,-31061.99432706191,-31037.94160242619,-3.921847433559669,-0.43890664265050994,0.1280091267049538,-9.53924387161221,0.7486733600644351,2.278388848163946,5447.411351806833,-31702.861050144496,-31662.773175751627,-565.7453676024488,-557.727792723872,-548.7416534653312,-540.7240785867543,-1189.6083765479161,-1165.5556519121928
147,22364,-1.383545354228929,-0.15542924378955486,-8.901448147699899,6.433795697764322,5428.943014720746,-31656.89516019846,-31640.864744594164,0.23938558308027552,0.5925415173186376,-9.252329258562591,2.4752598284915712,5279.718330554409,-32278.218051313692,-32254.17242790725,0.25183484910632076,0.5759719843570138,-9.253123213405877,2.2871019892637947,5282.997349646948,-32264.33298850193,-32240.28736509549,-3.7534652736340064,-0.4152085794510959,0.12738338152795042,-9.312605739368994,0.6394339686939117,2.408428075648138,5126.853806263985,-32931.28516114431,-32891.20912213358,-621.3228911152328,-613.3076833130872,-607.4378283034712,-599.4226205013256,-1274.390000945852,-1250.3443775394153
148,22743,-1.2323001134652438,-0.13906713344973556,-8.861188714374748,7.190771645274763,5411.415247458048,-32649.188305086103,-32633.124279716656,0.23352546976740032,0.6419725881221353,-9.226899503567909,2.7490474112376817,5249.66849010434,-33337.341178813476,-33313.2451407593,0.24481303111682018,0.619051012527371,-9.23218643418139,2.528668550457886,5253.4991136630115,-33320.75192141148,-33296.65588335731,-4.513708887814456,-0.49924419795398967,0.0973649208833,-9.590020719002386,0.9187107558515535,2.0030277849962315,5091.754156055291,-34027.96995605221,-33987.80989262859,-688.1528737273729,-680.1208610426474,-671.5636163253766,-663.5316036406512,-1378.7816509661097,-1354.6856129119333
149,22483,-1.3292835525269096,-0.15015588556909854,-8.852690305736978,6.659745611768387,5390.212347425502,-32105.651496366492,-32089.61046687237,0.25816814109065545,0.8201429342887716,-9.15235372701794,3.176778245464375,5271.75537698743,-32603.254895204318,-32579.193350963134,0.27488563183494336,0.8240142224735878,-9.157723657237435,2.997662034836262,5275.3555923385065,-32587.905925212934,-32563.84438097175,-4.825976940604318,-0.5496479301010625,0.12112883771205718,-10.119962545718812,1.0705931984745647,1.81934643111661,5125.827230559835,-33230.385819603456,-33190.28324586815,-497.6033988378258,-489.5828840907634,-482.25442884644144,-474.23391409937904,-1124.734323236964,-1100.6727789957804
150,22664,-1.2843673994993596,-0.1448337972460477,-8.867870786522571,6.904465801591683,5715.2961352585935,-31218.643702699672,-31202.586636616652,0.24018788039266364,0.6865374038332356,-9.21779411951304,2.858334911448785,5580.430644452201,-31757.863722756694,-31733.778123632164,0.2517964797386776,0.6640217715455932,-9.22411641320714,2.637136834616338,5584.653938705771,-31740.717995858693,-31716.632396734163,-4.859110463194839,-0.5367688840842456,0.09232483547189255,-9.700171477976792,0.9546617579885648,1.862999196956153,5419.4469285307005,-32417.288462450746,-32377.145797243193,-539.2200200570223,-531.1914870155124,-522.0742931590212,-514.0457601175112,-1198.6447597510742,-1174.5591606265407
151,22369,-1.3298974711067804,-0.14947284558494736,-8.897251309442572,6.6901783804717025,5452.286582056991,-31572.997411545788,-31556.966548844273,0.23610166257914497,0.5797821425972053,-9.265351502961552,2.455646166417203,5293.933648483532,-32230.29028164546,-32206.243987593185,0.24710963934750682,0.554698865808884,-9.268866149336162,2.2447479882758388,5297.172223583696,-32216.610182598477,-32192.563888546203,-3.362512676239715,-0.3731721942248923,0.14007156206792024,-9.301639307872875,0.47869854218937824,2.679728059795768,5129.923897745823,-32930.259400225514,-32890.182243471725,-657.2928700996708,-649.2774387489117,-643.6127710526889,-635.5973397019297,-1357.2619886797256,-1333.2156946274517
152,22407,-1.2357792015876927,-0.13892429675490475,-8.895342502743771,7.198164924053825,5534.669254579808,-31328.640252217552,-31312.6059948395,0.23166208425561363,0.5826355294327267,-9.279635365769188,2.5150232559845764,5347.969690066908,-32095.53236588239,-32071.480979815315,0.241545327340572,0.5536616584746662,-9.28373989646403,2.2921646407757628,5352.417361677413,-32076.905192298105,-32052.85380623103,-3.8895108142232178,-0.42759591935733166,0.12049905805007713,-9.328942253182047,0.5967690675386759,2.3386565557103083,5175.431528045766,-32826.35355046847,-32786.26790702334,-766.8921136648387,-758.8749849758133,-748.2649400805531,-740.2478113915276,-1497.7132982509174,-1473.6619121838412
153,22539,-1.3475279636090596,-0.15146722461376108,-8.896498678478025,6.602088356408348,5356.354812300224,-32383.7196651732,-32367.673660331126,0.2475784405468523,0.6895871322494908,-9.231667273726288,2.785327877202586,5211.314508783282,-33000.44998171674,-32976.38097445363,0.2605676385523929,0.6715081379993877,-9.23986326424067,2.5770972240835888,5215.2060645085285,-32983.62523602182,-32959.55622875871,-2.785693061994499,-0.31975332649461957,0.14981683334991341,-9.481203509130204,0.4723356481935703,3.127410779311554,5055.583319299075,-33680.25819086798,-33640.143178762795,-616.7303165435369,-608.707314122501,-599.9055708486194,-591.8825684275835,-1296.5385256947775,-1272.4695184316697
154,22595,-1.3615750526526493,-0.15336168325813213,-8.878195803060546,6.520533543680796,5647.510009770736,-31324.281594895714,-31308.230627052024,0.25436142841698894,0.7512732431279646,-9.201205025259311,2.953565907392061,5527.214463212146,-31808.76927210931,-31784.692820343775,0.266477684364384,0.7232671855357732,-9.212594567972548,2.714175437470295,5531.207628311442,-31792.451289562912,-31768.374837797375,-4.557803524380984,-0.5133322342660435,0.12380812736740654,-9.835079678798134,0.9198930817417108,1.948056118918362,5368.218140911327,-32464.270749312236,-32424.14332970301,-484.48767721359764,-476.46219329175074,-468.1696946671982,-460.1442107453513,-1139.989154416522,-1115.912702650985
155,22464,-1.3335041443187565,-0.14996581646574972,-8.892054041017486,6.668186281160862,5535.571117185929,-31461.757998824363,-31445.718660210714,0.25525581594942803,0.7280843808216519,-9.216230411562728,2.8523713675769957,5387.989231338736,-32066.791074896966,-32042.73206697649,0.26863279240429794,0.7090669626558657,-9.223503275063237,2.6395398577724833,5391.521985530027,-32052.066883530995,-32028.007875610518,-4.002362917133419,-0.45334408407029636,0.1399093090598199,-9.692987256748875,0.8271543532291646,2.205830041988456,5235.227663267473,-32708.899022029316,-32668.80067549519,-605.0330760726029,-597.0134067657746,-590.3088847066319,-582.2892153998037,-1247.141023204953,-1223.0820152844753
156,22569,-1.2766308551688588,-0.14393554332837294,-8.86946216096442,6.947554279338851,5395.7813885714495,-32291.33306520394,-32275.284400079483,0.2433430956423757,0.6714931935914608,-9.223376873144804,2.759450362948893,5226.196508000852,-33010.04373697685,-32985.97073929016,0.2556185425024622,0.6512305029500493,-9.229377425222411,2.5476653476489344,5230.530655826294,-32991.33474967299,-32967.261751986305,-4.866282431871795,-0.5348964716397682,0.08517494742321009,-9.579229831690894,0.9514273933641535,1.8695206512288622,5054.298232628714,-33760.858343297856,-33720.73668048671,-718.7106717729075,-710.6863392106789,-700.0016844690508,-691.9773519068222,-1469.5252780939154,-1445.4522804072294
157,22578,-1.2576684752159397,-0.14193378747707164,-8.860951980296495,7.045538752790224,5311.49066868794,-32668.701838958903,-32652.65237643926,0.24259801178863186,0.7339905901692678,-9.206313163536251,3.025542479749468,5169.406423081299,-33278.896503238044,-33254.82230945858,0.25592873840608404,0.7210275367801136,-9.212496989042968,2.8172980544140915,5173.586138342158,-33260.64847381401,-33236.57428003455,-5.4242133658942215,-0.6025564552911072,0.09229317255270385,-10.04837619940395,1.0441052898281888,1.6595955303754562,4998.656768813424,-34033.26081808206,-33993.13716178295,-610.1946642791409,-602.1699330193187,-591.9466348551105,-583.9219035952883,-1364.5589791231578,-1340.4847853436913
158,22936,-1.2909353893025515,-0.14603791498236346,-8.839727610863616,6.847536820289217,5446.1046084580985,-32973.544246606696,-32957.46332059157,0.2557991700352119,0.7641575462147956,-9.183879376597682,2.987333954639516,5295.706240035959,-33613.84980608222,-33589.72841705953,0.27133793947541895,0.7627605274705461,-9.188579204452964,2.811109013893157,5301.307966318318,-33589.60123880136,-33565.479849778676,-4.824505971186917,-0.5336149084270265,0.0891452570821809,-9.679606734265453,0.9972741739233001,1.874010609912997,5126.59152189726,-34354.24528134982,-34314.042966312,-640.3055594755206,-632.2650964679633,-616.0569921946662,-608.016529187109,-1380.7010347431205,-1356.5796457204342
159,22563,-1.280844250478637,-0.14454705728188216,-8.861088385776366,6.918162284341032,5577.359528962794,-31529.957077111798,-31513.90894376081,0.22712233584384073,0.5621400210381237,-9.252715584543637,2.475053890889121,5432.067730005952,-32123.52106351505,-32099.448863488567,0.23603741830192498,0.5271067620091824,-9.256599800817394,2.2331491583039553,5435.7812777254085,-32108.101493295493,-32084.02929326901,-3.7380687517801463,-0.41099205562697555,0.11537024679560447,-9.24287436850798,0.5583720842010239,2.4331370553488743,5259.663444126627,-32847.241400280145,-32807.12106690267,-593.5639864032528,-585.5399197277584,-578.1444161836953,-570.1203495082009,-1317.2843231683473,-1293.2121231418605
160,22440,-1.389883624532943,-0.1557451568541721,-8.924088893719656,6.420745403571836,5406.904895373456,-31931.89574489498,-31915.858544175706,0.24711791587160276,0.6936464383432359,-9.241995130388162,2.806945161773054,5290.907493801976,-32416.55294488623,-32392.49714380732,0.26252180179878204,0.6936534139773435,-9.24474203684661,2.642269743786901,5294.137045554431,-32402.859824691146,-32378.804023612236,-3.233644282605317,-0.3718476728468491,0.15223904909861727,-9.629266158891397,0.5963406750310433,2.689273250909559,5134.711712365202,-33084.99177956466,-33044.89877776648,-484.6571999912485,-476.63859963161303,-470.9640797961656,-462.94547943653015,-1153.096034669681,-1129.0402335907747
161,22583,-1.2540398365937218,-0.14198466940467408,-8.832219998481325,7.043013898563054,5347.3753075885315,-32528.87935804918,-32512.829452669546,0.226193515089987,0.6574667016674153,-9.230862750540949,2.9066558402695764,5237.271195050174,-32996.72421556835,-32972.6493574989,0.2362869139895795,0.6269214459880289,-9.239453288425343,2.6532211852226264,5241.156034838228,-32979.97908024823,-32955.90422217878,-3.2460689643708722,-0.3678582152494177,0.12552732475024178,-9.573792287031647,0.5172568682331246,2.7184386770374918,5047.316166041916,-33827.02940764213,-33786.90464419304,-467.8448575191687,-459.8199048293536,-451.09972219905103,-443.0747695092359,-1298.1500495929467,-1274.0751915234941
162,22425,-1.2706044438178898,-0.14378764252683582,-8.836673454610333,6.954700573892259,5470.1318419253275,-31634.84247745882,-31618.806614084966,0.2485562684653933,0.7769367309568398,-9.189080495071913,3.1257981774256214,5327.013703049526,-32227.372251255754,-32203.318456194975,0.25866006339826425,0.735586786642676,-9.206783413608408,2.843835948149745,5332.09178008506,-32206.005376461755,-32181.951581400976,-9.26743419093142,-1.0148615504980172,0.045664503876019814,-11.105110299601293,1.43180474779955,0.9853560808459791,5149.944302853892,-32981.44714879623,-32941.357490361595,-592.529773796934,-584.5118421100087,-571.1628990029349,-563.1449673160096,-1346.604671337409,-1322.5508762766294
163,22431,-1.3233036843270773,-0.14934721875462803,-8.86058471903127,6.695805977096655,5381.502398223229,-32015.7217673233,-31999.685368903964,0.2450629811328514,0.679476126470787,-9.21448996542969,2.7726591887921064,5241.2665530702925,-32605.99916961333,-32581.944571984324,0.2595160295457522,0.6727033722861785,-9.217768532053336,2.592145747080267,5244.788285676188,-32590.932304473343,-32566.877706844338,-3.0039529620458683,-0.3412265132832913,0.1454560195596503,-9.419866006969132,0.5339436005403626,2.9306046308593414,5084.40239480051,-33283.580319103174,-33243.48932305483,-590.2774022900303,-582.2592030803607,-575.2105371500438,-567.1923379403743,-1267.8585517798747,-1243.8039541508697
164,22403,-1.365771788041736,-0.153648143107659,-8.888957330807179,6.508376735144235,5526.10629833145,-31353.73485518421,-31337.700954869317,0.260624929439587,0.7567200207365312,-9.191922077191967,2.9034828800287094,5369.235221592504,-31996.89601924177,-31972.84516876943,0.2750673006629736,0.7425143596792688,-9.198251353370846,2.6993915957645402,5373.491788970164,-31979.1426343036,-31955.09178383126,-6.819738459869605,-0.7453667495123781,0.05107858211095388,-10.280293505206174,1.3292023179923305,1.3416214241569053,5212.358868854105,-32657.211512964463,-32617.126762177228,-643.1611640575575,-635.1442139001119,-625.4077791193886,-617.390828961943,-1303.4766577802511,-1279.4258073079109
165,22733,-1.3725946841312078,-0.15449638245649266,-8.88431600990878,6.472643463231947,5451.862774075562,-32455.547509538734,-32439.484363754134,0.25577340691871286,0.7374705939161748,-9.200660052602009,2.883296597564381,5312.122764331911,-33043.8285188572,-33019.7338001803,0.2715198276875571,0.7368716786841091,-9.204384901813542,2.713877969648835,5317.168238261407,-33022.24687857172,-32998.152159894824,-4.811270255650836,-0.5340141877661386,0.10346536859532954,-9.717631570392387,0.9809418249211069,1.8726094229502588,5148.540203744264,-33750.87819803909,-33710.72033357759,-588.2810093184635,-580.2494364261656,-566.6993690329873,-558.6677961406895,-1295.3306885003585,-1271.2359698234577
166,22281,-1.286641662902058,-0.14536187735581044,-8.851300535646446,6.879382807861265,5257.298127991538,-32172.372357707725,-32156.34937855505,0.23760248993192745,0.6034672005339643,-9.237835449007218,2.5398185040352743,5087.891278282172,-32900.15918175992,-32876.124713030906,0.2488725909099532,0.5788359021450171,-9.23990307356393,2.3258322663360342,5091.813485720041,-32882.9895859271,-32858.955117198086,-4.400778893096561,-0.48541972385488,0.10150863096092247,-9.471677310994046,0.8229390638879944,2.060072862426492,4916.889358356155,-33657.88800014384,-33617.83055226215,-727.786824052193,-719.7753344758567,-710.6172282193729,-702.6057386430366,-1485.515642436112,-1461.4811737071032
167,22429,-1.403549266275701,-0.15825719437189759,-8.868786482953949,6.3188280568783695,5401.484915197124,-31927.738105966688,-31911.701885879942,0.2671518692907723,0.8576934005846555,-9.165600156535563,3.2105087000200943,5300.62571831314,-32348.502919453884,-32324.448589323765,0.28553681236493345,0.8686168707012386,-9.173270940194822,3.0420486364157253,5304.675662624222,-32331.37258018184,-32307.31825005172,-4.5199081008532165,-0.5150169895413682,0.12870634440197815,-9.981346340328603,0.936982220726779,1.9416835178399023,5135.721360998011,-33053.36161531458,-33013.27106509772,-420.7648134871961,-412.7467034438232,-403.6344742151523,-395.6163641717794,-1125.62350934789,-1101.569179217775
168,22463,-1.3121335848717859,-0.14784332536117473,-8.875162822983732,6.763917123461908,5509.602088351029,-31564.985952208466,-31548.946702628135,0.24632322901529077,0.6687769713137084,-9.225325063706649,2.715038179660244,5352.164092411658,-32214.22026265877,-32190.161388288278,0.25590593503760944,0.6274795945846933,-9.236115642559684,2.4519931297899564,5355.820772341577,-32198.87843961808,-32174.819565247588,-4.9402765094976715,-0.5444906050238689,0.09075464871158281,-9.637956682743178,0.9582540386010368,1.8365789800104317,5186.914995380852,-32914.70206415863,-32874.6039402078,-649.2343104503052,-641.214685660143,-633.8924874096156,-625.8728626194534,-1349.7161119501616,-1325.6572375796677
169,22714,-1.291452215396745,-0.14572833919937825,-8.862052655591198,6.862083281082685,5516.39246478331,-32142.15582991943,-32126.094356412526,0.24250275136082855,0.6762618807971154,-9.219891046012147,2.788677146969277,5369.10888480886,-32754.845644453413,-32730.75343419306,0.2529082924386442,0.6419108209943635,-9.227998268293334,2.538116938771755,5373.391193812255,-32736.73656907181,-32712.644358811456,-5.4640879361434616,-0.6009921164208696,0.07795925501191453,-9.833194403223246,1.060336561303102,1.6639153371185134,5201.5879214728575,-33470.83408519699,-33430.68040142973,-612.6898145339837,-604.6590777805322,-594.5807391523813,-586.5500023989298,-1328.6782552775621,-1304.586045017204
170,22577,-1.3663635902692606,-0.15398715885678796,-8.873230731791175,6.494047993508509,5332.011123476061,-32579.19865697156,-32563.149283035684,0.2565845293573894,0.7466472553423816,-9.192463504088236,2.9099465085145395,5196.8528082723415,-33156.869347503576,-33132.795286599765,0.2716110850490107,0.7380801332476764,-9.198902406081876,2.7174153555422595,5201.336930730447,-33137.39710443946,-33113.323043535645,-5.103028502624836,-0.5643095906366961,0.08767577290610157,-9.794639246497747,1.0869516616272812,1.7720769176928672,5044.270659091528,-33825.667038455664,-33785.54360361597,-577.670690532017,-569.6460035640812,-558.1984474678975,-550.1737604999616,-1246.4683814841046,-1222.3943205802898
171,22347,-1.3260217103754177,-0.14933460657946238,-8.879533958994488,6.6963714768143205,5628.550045881441,-30808.942297476067,-30792.91340275038,0.24171711330641224,0.6842892221965227,-9.21582953183673,2.8309506630963472,5500.326099652991,-31321.917447559885,-31297.87410547135,0.25586105449803004,0.6793114862524617,-9.217926721950747,2.6550015108207567,5504.481724355197,-31305.040142454796,-31280.99680036626,-3.9911019990906156,-0.44200511913727736,0.11026864930457887,-9.415242780874362,0.7559455847498544,2.2624172361438677,5349.410405461711,-31939.634029069854,-31899.56179225563,-512.9751500838174,-504.9607027209713,-496.097844978729,-488.08339761588286,-1130.6917315937862,-1106.6483895052515
172,22837,-1.2427456508935935,-0.13973615448047585,-8.893515465013257,7.156344066558104,5489.411187868585,-32551.53723375742,-32535.464959144156,0.2352345830648217,0.6288700599233981,-9.239280650966615,2.6733741770873265,5314.381165883449,-33289.55707904559,-33265.4486671257,0.2474420056502554,0.6144085048589232,-9.242317932614727,2.4830404330271763,5319.2510274341,-33268.639854528985,-33244.53144260909,-4.1250731748719005,-0.45358599486519924,0.10425739066610387,-9.321377448677406,0.7815028468942377,2.2046536077402235,5163.549446240724,-33943.08804888672,-33902.90736235356,-738.0198452881705,-729.9837079815406,-717.1026207715659,-709.066483464936,-1391.5508151292997,-1367.442403209403
173,22346,-1.3610773907040101,-0.15346635808598103,-8.868897442274958,6.5160860821349535,5517.311446668613,-31252.616084134865,-31236.58727890865,0.25085559600933793,0.7057827138257857,-9.231773979111589,2.813501971068301,5395.662936180861,-31748.824935674827,-31724.781727835507,0.2648453243429755,0.6946402644304922,-9.238190291991886,2.622814905846444,5400.303163467288,-31729.6158117538,-31705.57260391448,-4.238817789082086,-0.4767819651011542,0.1282997605895285,-9.725523801048782,0.7625861128417799,2.097394769929772,5207.589869624319,-32537.62345573081,-32497.551442665273,-496.2088515399628,-488.19444892685715,-476.99972761893514,-468.9853250058295,-1285.0073715959443,-1260.9641637566237
174,22506,-1.3826423673060613,-0.15571444979120838,-8.879345296213641,6.422011581718088,5506.746894316246,-31680.124413378646,-31664.081338940025,0.251224223203774,0.710138246025681,-9.212152027123956,2.8267108838850734,5397.475717057236,-32129.20461007686,-32105.13999841893,0.2640725459528754,0.6874185220029236,-9.21975302984691,2.6031427065712305,5399.948454831856,-32118.89632979768,-32094.83171813975,-3.4809469480342354,-0.4016090109831248,0.14995376974037014,-9.713984589361015,0.7185332801879356,2.4899839711067115,5233.928524568705,-32817.69704548589,-32777.58935938934,-449.0801966982144,-441.0586594789056,-438.7719164190348,-430.750379199726,-1137.5726321072434,-1113.508020449317
175,22399,-1.359418277841869,-0.15326888331977168,-8.86949946001534,6.524481540807312,5535.866094029738,-31304.611820232254,-31288.578277044275,0.24257566614783657,0.6029958347219944,-9.238705024726844,2.4858051275205053,5375.148162966936,-31962.52871604001,-31938.478401258042,0.25335827043936365,0.5721745836830415,-9.243560117411922,2.2583615790035174,5378.198671018945,-31949.820424799207,-31925.770110017238,-3.2697342008925165,-0.36240757379239297,0.13941377141245334,-9.240858872091152,0.4236341733677709,2.7593242313772812,5208.177626860646,-32665.354426490394,-32625.270568520446,-657.9168958077571,-649.9001242137674,-645.208604566953,-637.1918329729633,-1360.7426062581399,-1336.6922914761708
176,22472,-1.377772393444701,-0.1546604016953438,-8.908372009525047,6.465779146040495,5518.121829080283,-31551.91354372377,-31535.873492986204,0.23834218796675444,0.636711661972795,-9.2331872464667,2.6714182134704907,5409.477600545013,-31996.76988534434,-31972.70980923799,0.25073555633888284,0.6199068458815579,-9.236964630430116,2.472353163361162,5412.481374310894,-31984.295100334126,-31960.235024227775,-3.427072484921292,-0.38127760208003375,0.13336561494635302,-9.293734544558546,0.5867343027747672,2.6227609346695657,5269.770422571844,-32580.76612157487,-32540.66599473095,-444.85634162056886,-436.8363162517853,-432.3815566103549,-424.36153124157136,-1028.8525778510993,-1004.7925017447451
177,22752,-1.2890289476803913,-0.14551501577352743,-8.858391285793996,6.872143020321365,5525.99014109691,-32194.41678636671,-32178.351969701504,0.24382430165536526,0.7279269524023637,-9.203478692608138,2.9854569354258045,5386.525075525124,-32774.00258698376,-32749.905361985955,0.25682772846261226,0.7115163180875005,-9.209943755223684,2.7704030337638548,5390.860963725211,-32755.695711217875,-32731.598486220068,-5.568843643734811,-0.6193972773472843,0.09335641871788711,-10.094813723719051,1.0549637802955616,1.6144727085058188,5212.563532868611,-33516.92123728955,-33476.75919562653,-579.5858006170529,-571.5533922844515,-561.2789248511654,-553.246516518564,-1322.5044509228392,-1298.407225925028
178,22367,-1.2597774751693869,-0.14203645596745157,-8.869395301288508,7.040446012178419,5252.671058891341,-32402.42656287926,-32386.395879004638,0.22811374221843647,0.601902278945555,-9.256227764237172,2.6386059563618365,5113.819602684769,-32999.641160959545,-32975.59513514762,0.2390650235289079,0.5798489346852208,-9.259447732335836,2.4254862803680064,5117.2097440599555,-32984.81815687186,-32960.77213105993,-3.707685759565249,-0.4125834837531554,0.12455259316721813,-9.448125100622525,0.6176970918409758,2.4237518935641402,4944.217342687978,-33750.03356927895,-33709.9568595924,-597.2145980802852,-589.1992561429797,-582.3915939925973,-574.3762520552918,-1347.6070063996922,-1323.5609805877612
179,22489,-1.2957921936536854,-0.14598838031542738,-8.875995410415221,6.849860227501439,5388.524668857856,-32127.263766332384,-32111.222203172867,0.24275884630365985,0.6633978627947661,-9.232391880662096,2.7327443382431524,5224.208984406509,-32821.70840897948,-32797.6460642402,0.2541382373077805,0.6371152542383934,-9.238754676175429,2.5069633794099193,5228.672950698269,-32802.50028156322,-32778.43793682394,-5.071323180815021,-0.5590507545469506,0.09154244794028443,-9.722395336037165,0.9756160129156333,1.7887463559733328,5057.840493298216,-33545.53753889225,-33505.43363099345,-694.4446426470968,-686.4238610673347,-675.2365152308339,-667.2157336510718,-1418.2737725598636,-1394.2114278205845
180,22677,-1.307410821911828,-0.14816445659649038,-8.824051678415813,6.749257028110258,5374.982925639633,-32641.71390205394,-32625.65568910602,0.2570794138710077,0.810612210499544,-9.162148679252535,3.1531587780353245,5244.2110789081635,-33198.26158249437,-33174.17426307249,0.27270028855289585,0.8077179880176311,-9.169716521899733,2.9619256815012776,5249.528272383872,-33175.280640671546,-33151.193321249666,-4.852053630142078,-0.5409933668398492,0.09831991093006867,-9.821742108586173,0.9737318304781384,1.8484514992140948,5062.371201271973,-33994.528971559834,-33954.38343919003,-556.5476804404316,-548.5185739664703,-533.5667386176065,-525.5376321436452,-1352.815069505894,-1328.72775008401
181,22420,-1.3622911165265352,-0.15344603747467472,-8.877981725343494,6.516948996907421,5522.804733461602,-31407.935199831827,-31391.899782438573,0.255811196362275,0.7488916396303926,-9.210931383788921,2.9275170527322283,5405.053960727244,-31889.1176015364,-31865.06447544652,0.2705345227357876,0.7394554944523203,-9.21882629279996,2.7333128762072834,5408.7214452052085,-31873.9101458492,-31849.85701975932,-3.2535679277545055,-0.3780529704740796,0.15054568961222276,-9.712995903635287,0.6370596034873478,2.64513197382366,5232.043385420529,-32614.4968811726,-32574.408337689467,-481.18240170457284,-473.1646930079478,-465.97494601737344,-457.9572373207484,-1206.5616813407723,-1182.5085552508936
182,22412,-1.3439972418630717,-0.15144128553844804,-8.874708353699603,6.603219171340956,5436.954429052204,-31739.85192956163,-31723.81722594426,0.24032523404729406,0.6163435613675805,-9.244746206609397,2.5646227447188883,5292.736814750286,-32340.366906526946,-32316.31485110089,0.251835788215352,0.5921925353313291,-9.24782486752482,2.351502697563097,5296.108357620092,-32326.094713455535,-32302.04265802948,-4.077105365505676,-0.45390875442419254,0.1229642602635778,-9.515900711561326,0.7311445844028515,2.2030859512030196,5125.111975459743,-33057.654425326604,-33017.567666283176,-600.5149769653144,-592.4976251566295,-586.2427838939038,-578.2254320852189,-1317.8024957649723,-1293.750440338914
183,22439,-1.375898672556182,-0.15536944504011893,-8.855658023370697,6.436271943571554,5481.167244118104,-31623.376411734844,-31607.339300144115,0.26502975823979047,0.8355018294302933,-9.170704919283045,3.152483083331185,5374.70345399822,-32061.51016885022,-32037.45450146413,0.2819189112153418,0.8370637392583505,-9.179138364343132,2.9691649121720864,5378.400305137924,-32046.081387011942,-32022.02571962585,-3.2886394410761377,-0.3851271520137233,0.15001543185352226,-9.777845298280294,0.7042906255737994,2.5965450495278684,5206.478512145395,-32771.06326206207,-32730.97048308525,-438.1337571153781,-430.11520132001533,-422.70497527709813,-414.68641948173536,-1147.6868503272235,-1123.6311829411352
184,22305,-1.3086365665317363,-0.14705688699667763,-8.89884583617836,6.800089546452812,5582.2793628064555,-30893.191302751202,-30877.166170456076,0.2389840751514317,0.6038587193012155,-9.254011863243473,2.5267738819776246,5418.5245012427185,-31555.292226882284,-31531.254528439596,0.24986174100806027,0.5766324260133682,-9.256048968021915,2.307806003780173,5422.1757972183605,-31540.266968813314,-31516.229270370626,-5.044293991852929,-0.5543496570007149,0.09198895980190867,-9.681691323800393,0.9667539831838615,1.8039156106102008,5264.600577708142,-32194.083675029804,-32154.020844291994,-662.1009241310821,-654.0883579835208,-647.0756660621118,-639.0630999145505,-1300.8923722786021,-1276.8546738359182
185,22664,-1.3526807858650085,-0.1523385771393892,-8.879436917855093,6.5643254570049185,5525.07448616338,-31985.806144530077,-31969.749078447057,0.24775788079235245,0.7028790941918451,-9.20578077347421,2.836959583057351,5396.4368256989765,-32517.721036838368,-32493.635437713838,0.26209780883640166,0.6945453187883546,-9.210415545809141,2.649947063166337,5399.911758958347,-32503.13168016979,-32479.04608104526,-4.07470011828301,-0.45765714048005973,0.1252956913926552,-9.609263925642047,0.8234616907188864,2.1850418392927278,5239.629841780242,-33182.037833213675,-33141.89516800612,-531.9148923082903,-523.8863592667803,-517.325535639713,-509.2970025982031,-1196.231688683598,-1172.1460895590644
186,22495,-1.322724251326026,-0.1493579237798072,-8.856070155849709,6.695326064349038,5572.45825879034,-31386.799964999904,-31370.757868317352,0.2451793658262691,0.7195238274987596,-9.213945645488836,2.9346834513333593,5455.306920145729,-31862.760542285323,-31838.697397261498,0.2593708038017706,0.711155341376722,-9.221411195752411,2.741848083719696,5459.377061727911,-31845.98353998509,-31821.920394961264,-2.854107027536596,-0.32791750680317866,0.1382190082720689,-9.538741004161992,0.4581342301134227,3.0495474601184256,5279.857233871586,-32594.118119530085,-32554.01287782371,-475.9605772854193,-467.9395289441454,-459.18357498518526,-451.1625266439114,-1207.3181545301813,-1183.2550095063561
187,22550,-1.325685568014886,-0.14987640530302704,-8.845191912192941,6.672164294160604,5391.191214337337,-32264.344205980655,-32248.297225290793,0.2570539793494516,0.8379837953774892,-9.168593907477828,3.2599526274529813,5282.579503110343,-32721.27829589905,-32697.207824864257,0.2753421993184631,0.8556180128543865,-9.173265173185076,3.1074714118367726,5286.993339770572,-32702.444607167545,-32678.374136132752,-4.347749967932303,-0.5017732763695164,0.13430176520631984,-10.069581150019875,0.8881189833824052,1.9929319616925532,5102.800768200366,-33498.07117657727,-33457.95372485262,-456.93408991839533,-448.9105995734644,-438.10040118688994,-430.07691084195903,-1233.7269705966173,-1209.6564995618246
188,22722,-1.3181946903131139,-0.14877579338391664,-8.860276664171478,6.721523557394147,5585.970702911261,-31876.679133672296,-31860.616955878035,0.23889155046873015,0.6933933651916186,-9.208462716337527,2.9025445388550097,5478.216478869962,-32317.27267469597,-32293.17940800458,0.2508199322424402,0.6697747040160351,-9.21513685708131,2.670340821911383,5481.076581016187,-32305.41292387321,-32281.31965718182,-4.253922356613019,-0.4802408209326828,0.12276444351724425,-9.794478207752439,0.8581069180509386,2.0822886277303234,5316.653072448463,-32993.46947498364,-32953.31403049799,-440.59354102367433,-432.5624521265454,-428.73379020091306,-420.7027013037841,-1116.7903413113454,-1092.697074619955
189,22458,-1.308123787246791,-0.14747472422917401,-8.870155845919616,6.780822986629299,5427.556534792852,-31889.90519909467,-31873.866394740402,0.23632694080321895,0.6698902549194422,-9.225432978807163,2.8345911500510472,5307.713880534204,-32389.34354908812,-32365.285342556723,0.2482800858302197,0.6489926875597938,-9.23247420635489,2.6139538553389725,5311.262623857978,-32374.333123083452,-32350.274916552054,-3.6861711402914965,-0.4133542983437451,0.1258795924073662,-9.52353408680408,0.6908625821879494,2.419232130902872,5149.388672714234,-33065.443840495296,-33025.34682960963,-499.438349993452,-491.4189478163207,-484.42792398878373,-476.40852181165246,-1175.538641400628,-1151.4804348692305
190,22514,-1.3239561767733268,-0.1492920774175474,-8.868227970801298,6.698279086861059,5398.1233318203895,-32147.927661630965,-32131.883876397136,0.23257765339553688,0.6229854875719036,-9.239572501561597,2.678612835225461,5271.741514605699,-32679.29773726137,-32655.232059410628,0.24299548870313842,0.5932930131262654,-9.245825639535395,2.4415803613995353,5275.548299107848,-32663.04598889441,-32638.980311043666,-3.970420588785858,-0.4384422827928165,0.11054786750098006,-9.39516917736165,0.6839561744110095,2.2808019190807483,5094.149413519914,-33446.80881174131,-33406.69934865674,-531.3700756304061,-523.3481830134915,-515.1183272634444,-507.0964346465298,-1298.8811501103482,-1274.815472259601
191,22607,-1.2485159199839935,-0.14123632917996132,-8.839906327451716,7.080331284494192,5565.05374647588,-31685.428945299445,-31669.376915555815,0.23974324528515592,0.6510791715249846,-9.219869156449574,2.7157352055970403,5396.476382590521,-32378.829845812706,-32354.75180119726,0.24931691500219316,0.6120731658401507,-9.22851281812213,2.455000559567996,5400.854317381649,-32360.497170821654,-32336.41912620621,-4.7156151128510135,-0.5202779153919642,0.09114191686656102,-9.589073058691389,0.9506103835189044,1.922049678481212,5232.364364337234,-33073.001049379636,-33032.87097502056,-693.4009005132611,-685.3748856414459,-675.0682255222091,-667.0422106503938,-1387.572104080191,-1363.494059464745
192,22707,-1.3093507230075798,-0.14771626122811576,-8.863957915815181,6.7697353811014525,5432.262043397985,-32474.222134165262,-32458.161277113308,0.2454744388946951,0.6721363486812649,-9.211179377610206,2.738111355739167,5277.5407875841065,-33128.34999300629,-33104.25870742836,0.25786073940715626,0.6514069003978433,-9.217248215765613,2.5261965117120315,5281.964298424237,-33109.325490303876,-33085.234204725944,-3.7813570245947075,-0.42204653721251273,0.12759834548325055,-9.382691569135154,0.7331244972142508,2.369406953566523,5121.214214550421,-33807.11921630546,-33766.96707367557,-654.1278588410278,-646.0974303150506,-635.1033561386139,-627.0729276126367,-1332.8970821401963,-1308.8057965622647
193,22427,-1.3345439933044516,-0.1501538369439739,-8.8878447628508,6.659836474063094,5388.803900748178,-31975.604388502892,-31959.56834676464,0.2565168677744224,0.7456291143893178,-9.203229986073792,2.9067449671380454,5226.885053389982,-32657.805979791763,-32633.751917184385,0.2724101858989887,0.745214134138156,-9.205888925049841,2.735632412858768,5231.48229909923,-32638.089243385963,-32614.035180778585,-6.533733013385667,-0.7189404477849712,0.07232041739434616,-10.247305398145283,1.2334828046888116,1.3909357904134658,5063.396916085845,-33366.48946352512,-33326.399359179486,-682.201591288871,-674.1835704197438,-662.4848548830705,-654.4668340139433,-1390.8850750222264,-1366.8310124148447
194,22541,-1.4415010406157995,-0.16199228328650028,-8.898578446890301,6.173133557426285,5735.298079060488,-30847.77988434144,-30831.733702037076,0.2623335563689137,0.7876734349835638,-9.200753694121738,3.0025645437287354,5635.167783165118,-31242.79006374205,-31218.720790285504,0.2780364943899347,0.7809249655461479,-9.207844287015783,2.8087138965683147,5637.842145463802,-31232.094996127063,-31208.025722670518,-3.8872506501438107,-0.46068858019990566,0.15854750848297833,-10.091938030075102,0.8150889269656793,2.1706637476580646,5465.635931197743,-31927.337435850925,-31887.221980090013,-395.0101794006114,-386.98708824842834,-384.31511178562505,-376.292020633442,-1079.557551509486,-1055.488278052937
195,22948,-1.3913667672634495,-0.15691915637653728,-8.866774455024334,6.372708234553834,5584.123113402514,-32428.485826402677,-32412.403854271233,0.24692259525190216,0.6588383587894922,-9.210442324259109,2.668197935135775,5454.635057199199,-32964.884833190066,-32940.7618749929,0.2586945926580059,0.6299943900187993,-9.217822927140466,2.4352824059668365,5457.280588690397,-32953.757610469576,-32929.63465227241,-3.3768979174874456,-0.3845627426308509,0.14646948719123817,-9.50594556219272,0.631248511826983,2.6003559085283494,5288.058519532846,-33672.60666867788,-33632.40173834927,-536.3990067873892,-528.3580207216692,-525.2717840668993,-517.2307980011792,-1244.1208422752024,-1219.997884078035
196,22645,-1.3049903779344147,-0.14671314720288828,-8.89484277867583,6.816021734010716,5533.0627774343875,-31907.278908193457,-31891.223519481475,0.239486415550694,0.6255857427123575,-9.250523942628554,2.6121971940405726,5371.395537785194,-32576.788267463995,-32552.705184396025,0.2518043182327542,0.6067079183286278,-9.252319427771681,2.4094420722674825,5374.384544523364,-32564.19056700613,-32540.10748393816,-4.098101438846998,-0.45768329782808015,0.12688104719652094,-9.593179632337774,0.7856092919901755,2.1849169605827097,5210.413451678608,-33261.84258965477,-33221.70411787482,-669.509359270538,-661.4816649145505,-656.9116588126744,-648.883964456687,-1354.5636814613135,-1330.4805983933438
197,22298,-1.3371632308675108,-0.15073217879553458,-8.871119899894422,6.634283455535274,5351.532541979266,-31817.788239878264,-31801.763735343608,0.24396517486221722,0.6190067420076841,-9.250106378160792,2.537275012129403,5189.766209048485,-32500.210334288186,-32476.173577486203,0.2558905209222706,0.5989680576138541,-9.252080672626382,2.3407199901546836,5194.269354833796,-32480.87081057457,-32456.83405377259,-3.778764668466099,-0.4187203213804131,0.12768267279049583,-9.375105196846327,0.5600465171728897,2.388228965585567,5000.2920488433065,-33325.52489168367,-33285.46363034703,-682.4220944099216,-674.4098421425952,-663.0825706963078,-655.0703184289814,-1507.7366518054077,-1483.699895003425
198,22799,-1.3159284827258768,-0.14849250217948826,-8.861918705735503,6.734346753691738,5632.503765475223,-31872.709425161924,-31856.64048125326,0.24305938771347332,0.7037660099243069,-9.21011520646463,2.8954487894700462,5503.631395847967,-32398.41356743232,-32374.310151569323,0.25288413052056585,0.6633759151611607,-9.222804911009188,2.623240587677808,5507.591274688774,-32382.01551895309,-32357.912103090093,-4.665843349116306,-0.5210768891515742,0.10995669040797663,-9.783877780300646,0.935179045589876,1.9191025754917208,5342.414404273015,-33072.23790857338,-33032.06554880172,-525.7041422703951,-517.6696703160633,-509.30609379116504,-501.2716218368332,-1199.5284834114536,-1175.4250675484618
199,22382,-1.3484635477537306,-0.1522068834569515,-8.859412380880363,6.570005096272988,5431.611502028274,-31689.38642996252,-31673.354405275764,0.24199278749470554,0.6699485461846761,-9.21086766491108,2.7684649328622393,5308.362639050649,-32201.10780726661,-32177.059770236476,0.2549532979917909,0.6536766797503814,-9.213607520869424,2.563907526983349,5311.3932985816045,-32188.333083654943,-32164.28504662481,-4.789833815188256,-0.5375777693239173,0.11422146107617766,-9.888011102938721,0.9091420593009457,1.860195969892219,5133.0255487593895,-32948.87828539539,-32908.798223678496,-511.7213773040894,-503.70536496071145,-498.94665369242284,-490.9306413490449,-1259.4918554328688,-1235.4438184027313
200,22713,-1.1863427716926072,-0.13416156664904386,-8.842642504287289,7.45369948322027,5299.836804248087,-33049.352617846,-33033.29123239246,0.23218607687237108,0.6037733938190273,-9.248947175060197,2.6003858713324646,5111.593782648497,-33868.76322062863,-33844.671142448315,0.24137833719056906,0.5676816049497719,-9.257043073287418,2.351833273677684,5116.417860850885,-33847.33788398359,-33823.24580580328,-4.3992163835129565,-0.48310764969137154,0.09368266997511839,-9.432190908357493,0.8214698465077903,2.069932034069094,4936.997324598987,-34654.12930225096,-34613.97583861711,-819.4106027826274,-811.3799100558535,-797.9852661375917,-789.9545734108178,-1604.776684404962,-1580.6846062246477
201,22766,-1.2890405501249942,-0.1453404303462637,-8.869111967357897,6.880397956835328,5460.909757208086,-32497.943572560405,-32481.877525612636,0.23974569184591676,0.6581832160629746,-9.226753401823483,2.745339075731902,5312.359232527913,-33123.815318363486,-33099.71624794183,0.2516317726837838,0.6373533280712352,-9.232850436667587,2.532880968383008,5316.396654207005,-33106.51960711626,-33082.420536694604,-4.110206042614166,-0.45789154446241687,0.11916543894672363,-9.522758337065417,0.7702911429108792,2.1839232719923674,5148.002871973204,-33835.286700357414,-33795.12158298799,-625.8717458030806,-617.8387223291975,-608.576034555852,-600.5430110819689,-1337.3431277970085,-1313.244057375352
202,22539,-1.251498654602344,-0.14176339936897048,-8.828080168598689,7.054006918931732,5384.892012753752,-32263.956757784512,-32247.910752942436,0.24775181321570064,0.763761723933294,-9.18460734532181,3.0827694619871,5249.500748516561,-32835.89617607201,-32811.8271688089,0.26173984036372705,0.7526511904079549,-9.192410065161805,2.875569838210463,5253.650518048496,-32818.08596693128,-32794.016959668166,-5.146767029962936,-0.575856744048425,0.10170001132651522,-10.007488308355594,1.009122296550983,1.736543003681325,5072.814929981172,-33603.566173368716,-33563.45116126353,-571.9394182875003,-563.9164158664644,-554.1292091467658,-546.1062067257299,-1339.6094155842038,-1315.540408321096
203,22478,-1.3075792615270383,-0.14774846905178526,-8.850035942292822,6.768259640304658,5565.165449610691,-31375.520387055156,-31359.479802391,0.24139988823642758,0.6461764016047763,-9.229340385777835,2.676788321343006,5418.8409708404615,-31972.441417160015,-31948.38054016378,0.2539403810127946,0.630040341174105,-9.234047737859346,2.4810561386940697,5423.137338484981,-31954.62663203257,-31930.565755036336,-3.8214156236687002,-0.4251517236993459,0.12595040851647932,-9.404687500584073,0.6529638195126657,2.352101483439284,5244.922232390328,-32701.708276982357,-32661.606815321968,-596.9210301048588,-588.9007377727794,-579.1062449774145,-571.085952645335,-1326.1878899272015,-1302.1270129309669
204,22645,-1.319386430619616,-0.14850136875795653,-8.884675216496445,6.733944665721616,5605.349298194925,-31613.349893269613,-31597.29450455763,0.23467571434057902,0.6519276050085698,-9.238898805781147,2.7779934827957677,5483.701747956229,-32108.203821391493,-32084.120738323523,0.2463139772923442,0.6303036555478134,-9.245252341239063,2.5589439238347444,5487.357017956662,-32093.11437670093,-32069.03129363296,-3.413717436645095,-0.3815403953026657,0.13203532776530527,-9.40921604377005,0.5785392079799896,2.620954458063941,5332.2253418487235,-32738.529011953844,-32698.390540173892,-494.85392812188,-486.82623376589254,-479.7644834313178,-471.7367890753303,-1125.179118684231,-1101.0960356162614
205,22430,-1.3383085595144357,-0.15117636948077628,-8.852630633417984,6.614790416217535,5498.605404907325,-31530.44581219803,-31514.409502943003,0.24493395247504704,0.72065778702575,-9.197700859373324,2.9422535330179183,5390.481156512973,-31973.902203631133,-31949.84773974859,0.2569552227130699,0.6937625587404409,-9.208283621140454,2.699935620748731,5393.3698256882635,-31961.88555925086,-31937.831095368318,-3.498287144550262,-0.4050557974068197,0.14455071846980558,-9.76103059420452,0.7315462732095476,2.4687956730949967,5226.874318859241,-32661.221595546915,-32621.130822409345,-443.4563914331011,-435.43823680558853,-431.43974705282744,-423.4215924253149,-1130.7757833488831,-1106.7213194663418
206,22611,-1.3704011684767554,-0.15472739353760726,-8.85687490201063,6.462979677589832,5579.203726788384,-31637.617433552943,-31621.56504996792,0.25638205401079517,0.7379863893031293,-9.182706238182881,2.8784635186363543,5441.580118995784,-32200.362955738587,-32176.284380361052,0.27040930368848554,0.7233163199763211,-9.189241162800814,2.6748943550018875,5445.684138738662,-32183.316250045627,-32159.237674668093,-4.147393131247349,-0.4621225036740077,0.1142614141149357,-9.475470852731199,0.8306649864824845,2.163928378405532,5286.901804106902,-32848.398120633276,-32808.267161670716,-562.7455221856435,-554.7193303931308,-545.6988164926843,-537.6726247001716,-1210.7806870803324,-1186.7021117027944
207,22474,-1.3779092440751068,-0.15509932085979672,-8.884044342919328,6.447481487710434,5441.482188690088,-31871.045015263968,-31855.00478653503,0.24831453245351004,0.6771014046297357,-9.219066454952827,2.7267892778547065,5313.179791108384,-32405.29708813264,-32381.236745039238,0.2596132305943565,0.6458299314939663,-9.228180616615019,2.4876618576619087,5316.273138243963,-32392.216474116172,-32368.15613102277,-3.5183654539197233,-0.39945772235083105,0.14474150465552063,-9.538205715198371,0.6820140278444232,2.5033938363112473,5157.096644720061,-33071.398308666125,-33031.297736843786,-534.2520728686723,-526.231958504206,-521.1714588522045,-513.1513444877382,-1200.3532934021569,-1176.2929503087544
208,22523,-1.30179498977986,-0.1466834312283875,-8.874860499772144,6.817402562958801,5539.705158112245,-31586.663638809834,-31570.61905423323,0.24548199013038338,0.6336423218429799,-9.223735831522461,2.581217145528403,5352.322492841358,-32359.695863401997,-32335.628986537093,0.2553483046275221,0.5960260595168693,-9.232301840498524,2.334168853739975,5356.440556686412,-32342.37338532957,-32318.306508464666,-3.785085779276349,-0.4183792904760965,0.12218118599637497,-9.216872959140423,0.662396878656394,2.3901756677823265,5191.88513038801,-33041.15460002096,-33001.04313857945,-773.0322245921634,-765.009932303863,-755.7097465197367,-747.6874542314363,-1454.4909612111223,-1430.4240843462212
209,22476,-1.2133475193437915,-0.1367332803283745,-8.873827325943273,7.313508442117605,5339.39851782126,-32301.542892485562,-32285.502485781097,0.23136848431543502,0.6040344826972522,-9.262576215862486,2.610703374249299,5159.594606001639,-33069.45822387463,-33045.397613817935,0.2407732718905923,0.5698823827065422,-9.269282841673267,2.366883907967565,5164.342646205148,-33048.7845300055,-33024.7239199488,-4.724968570017915,-0.5157675634233215,0.07988198521851785,-9.46069598769645,0.8786600085001318,1.9388578710973332,4996.12753115813,-33789.070640926286,-33748.969624165125,-767.9153313890674,-759.8951280368383,-747.2416375199355,-739.2214341677063,-1487.5277484407234,-1463.4671383840287
210,22633,-1.329994943169962,-0.14961865356176804,-8.889232134553941,6.683658595999619,5632.823729361422,-31473.934558874465,-31457.880230280007,0.23903625572819379,0.6402692465974931,-9.23392539707557,2.678544493792348,5494.712352581661,-32033.79035441501,-32009.708861523322,0.2516841230265848,0.625120557208411,-9.237781423564781,2.4837504634425467,5498.190398980318,-32019.468636385394,-31995.387143493706,-3.6683595096573827,-0.4084691996005381,0.12950217177178017,-9.375773174498693,0.6639452187936017,2.4481650047982777,5344.807911434658,-32655.833473030492,-32615.697651544342,-559.8557955405449,-551.8286312433156,-545.5340775109289,-537.5069132136996,-1181.8989141560269,-1157.8174212643353
211,22618,-1.3546628722107035,-0.1531528432291697,-8.845169594296454,6.529424977789369,5446.165969973805,-32200.28148523812,-32184.228482581257,0.25202126319406903,0.760623214388525,-9.181015159266169,3.018091429066471,5335.215199130408,-32663.819821977693,-32639.7403179924,0.26563227525670424,0.7432904100555583,-9.191223138871049,2.798193138756389,5339.376476006752,-32646.18546779887,-32622.105963813578,-3.7685956439064157,-0.4282329753880942,0.1318631326714152,-9.658518307712894,0.7303857072653727,2.3351774792535096,5160.996091580895,-33410.72881140134,-33370.59630475919,-463.5383367395734,-455.5118354111437,-445.9039825607506,-437.87748123232086,-1210.447326163223,-1186.36782217793
212,22368,-1.4143511754751055,-0.15888094901293115,-8.901955736430004,6.294020813776805,5445.400842501152,-31598.852385049675,-31582.82161175961,0.2445103057464188,0.6713700206871264,-9.243106081214234,2.745773919989299,5338.277667720153,-32041.266597387348,-32017.220437452248,0.2574954710491797,0.6533010308275217,-9.247529398656948,2.537136005404717,5340.833274625739,-32030.560871664675,-32006.514711729575,-3.581768158086354,-0.40933626724723077,0.14353640331778458,-9.705396963646907,0.6779686033435335,2.4429792325145243,5166.892069905298,-32767.172598832913,-32727.095665607743,-442.41421233767323,-434.39882569263864,-431.70848661499986,-423.69309996996526,-1168.3202137832377,-1144.274053848134
213,22355,-1.273044904179912,-0.1437975711793431,-8.853034816507305,6.954220379374895,5399.8158922008,-31755.416544654523,-31739.386934077185,0.2362384878543045,0.6780249714696381,-9.21543207250738,2.870086824665915,5267.936327151843,-32306.169893157807,-32282.125477291804,0.24826748741863622,0.6586255726181021,-9.22163221653591,2.652886930407877,5272.297204065428,-32287.671743439016,-32263.627327573013,-4.521298243335438,-0.5003292151365029,0.09650010979595548,-9.63075609954536,0.882538182960258,1.9986840059443138,5100.5124860645265,-33024.18441646918,-32984.11039002584,-550.7533485032836,-542.7385432146184,-532.2551987844927,-524.2403934958274,-1268.7678718146562,-1244.7234559486533
214,22643,-1.4104193506333667,-0.1582082026440418,-8.91495717075251,6.3207847841488665,5345.326304517027,-32684.0724772274,-32668.017265162656,0.26215283393330013,0.7491214280329962,-9.223193626869953,2.8575751663382594,5202.868208976182,-33293.71739766391,-33269.634579566795,0.2771806375185948,0.7396414523930722,-9.229275558740271,2.6684455992834386,5207.239145278019,-33274.702970025355,-33250.62015192824,-5.565418827084045,-0.6146970815435595,0.0947027897947364,-9.925697181749936,1.0548649546040247,1.6268175496927857,5033.099862786872,-34040.87589411887,-34000.73786395701,-609.644920436509,-601.6173144041386,-590.6304927979545,-582.6028867655841,-1356.803416891471,-1332.7205987943526
215,22190,-1.2719341888217337,-0.14367868277081303,-8.852629800696608,6.9599747207812,5279.9960830021755,-31854.546496215266,-31838.531702183413,0.23949983032679972,0.6325030085312413,-9.239157385186957,2.640933013055521,5116.917314761414,-32548.717473553916,-32524.695282506134,0.24962883246542447,0.5986907248724861,-9.245868103136033,2.3983236189489827,5121.249331285826,-32529.939218474323,-32505.91702742654,-4.85147454291254,-0.5324744016552478,0.08413240069141092,-9.591435725963942,0.9461264376445946,1.8780245527135275,4949.454326738246,-33283.086112844576,-33243.04912776494,-694.1709773386501,-686.1635803227218,-675.3927222590573,-667.385325243129,-1428.5396166293103,-1404.517425581529
216,22664,-1.3204573697245316,-0.1490568468870386,-8.858750183580822,6.7088498172636175,5442.119214356811,-32328.671272717682,-32312.614206634662,0.2521383544360877,0.7237003679313434,-9.202914911905232,2.8702510157564616,5289.44967483815,-32971.56037179067,-32947.47477266614,0.2668178924607227,0.7174664273115081,-9.207364636006016,2.6889741939518683,5294.448564056227,-32950.1514672253,-32926.06586810077,-5.2688375194463255,-0.5816507005242041,0.08725922636528834,-9.799253522563967,1.029189555248189,1.7192448992131615,5116.334813649888,-33721.724989596725,-33681.58232438917,-642.8890990729888,-634.8605660314752,-621.4801945076215,-613.4516614661079,-1393.0537168790433,-1368.9681177545099
217,22442,-1.3053317057489022,-0.14690127320148236,-8.885775305422815,6.807292940398485,5525.571797446473,-31449.52828680612,-31433.490907841668,0.24389247139490738,0.696321278381527,-9.228488658824528,2.8550339188373433,5375.168537323741,-32066.855795747324,-32042.79972730065,0.256711344265242,0.6793788733956031,-9.234917853450057,2.646470008328296,5379.1810452684085,-32050.109323674573,-32026.0532552279,-4.751110981979258,-0.5294247088379836,0.11133969491030049,-9.800076560454839,0.9088148535661423,1.8888427066331417,5205.314736878035,-32783.46304951237,-32743.369602101247,-617.3275089412055,-609.3088194589836,-600.5810368684542,-592.5623473862324,-1333.9347627062525,-1309.8786942595798
218,22666,-1.4254885121568315,-0.16031576112971047,-8.891755259194246,6.237689874989312,5517.513489594795,-32021.66858078533,-32005.611338218743,0.2631793934214355,0.8043907921310021,-9.17752621813511,3.0564353146103342,5412.012461701137,-32457.264975057315,-32433.179111207435,0.27980164398949936,0.8047934157450567,-9.183360122101195,2.8762998110735176,5415.419787810638,-32442.999273944137,-32418.913410094257,-4.210341695510913,-0.47861536129397203,0.13551264179106726,-9.792225211531376,0.90334691462905,2.0893604361055735,5258.813057490483,-33104.13426276872,-33063.991156352255,-435.59639427198636,-427.567772988692,-421.3306931588086,-413.30207187551423,-1082.4656819833908,-1058.3798181335114
219,22612,-1.2759483153902853,-0.14404594600694484,-8.857925896288455,6.942229390834695,5501.959052378652,-31955.269839807017,-31939.217367771427,0.24616977523604636,0.7446480203677274,-9.201630831874098,3.0249368333448006,5361.781903461041,-32536.837071722555,-32512.75836366917,0.261070561439473,0.7433033810228389,-9.206673649376464,2.8471359502368387,5366.713043884601,-32516.050753481868,-32491.972045428483,-4.446637009681069,-0.49602692234430573,0.11159628294836826,-9.687304256120967,0.877357748818667,2.01601960489127,5194.082051851838,-33251.366248777595,-33211.23506868862,-581.5672319155383,-573.5409958977434,-560.780913674851,-552.7546776570562,-1296.0964089705776,-1272.017700917193
220,22735,-1.3266981979972745,-0.14883038913935007,-8.91416199117161,6.719057887187938,5451.964926123401,-32459.977334284697,-32443.914012552177,0.24130570269775206,0.6305228434778167,-9.267244601445295,2.612962878326914,5288.422086489762,-33150.39816718324,-33126.30318458446,0.2520015003179313,0.5999160231522348,-9.27426133899063,2.3806049662218918,5292.006505749185,-33134.993918807064,-33110.89893620829,-4.3582965258800845,-0.48770504512146134,0.1292022417387767,-9.692183773074339,0.7629297702445474,2.050419633758255,5104.439891112944,-33951.42612812631,-33911.26782379502,-690.4208328985405,-682.3891720322827,-675.0165845223673,-666.9849236561095,-1491.4487938416132,-1467.3538112428396
221,22448,-1.334856666641496,-0.1503049092411724,-8.88099180113702,6.653142635517285,5493.120340148629,-31596.163216730874,-31580.12530312619,0.2506462907262578,0.7318343125716208,-9.199007431244764,2.9197891197635566,5350.793619929018,-32183.458503866234,-32159.401633459205,0.2636416084800773,0.7113176377675567,-9.207473593305163,2.698047709041,5354.767078361292,-32166.794977032416,-32142.738106625387,-4.640529935555561,-0.5169839492015889,0.10667913889165455,-9.725904736635176,0.9846015844550922,1.9342960290050852,5205.428875941578,-32797.7391546439,-32757.64437063219,-587.2952871353591,-579.2763303330139,-570.6317603015414,-562.6128034991962,-1201.5759379130286,-1177.5190675060003
222,22334,-1.2833753499723135,-0.14546085304590034,-8.822822932073297,6.8747018806802185,5363.361038514525,-31855.88300736938,-31839.85527644937,0.23771805447862582,0.6623805145547208,-9.199810796962145,2.786412315242459,5220.951638458018,-32454.91655309157,-32430.874956711552,0.24891757457629332,0.6360859067055411,-9.205573614192296,2.5554077802191526,5225.42421565524,-32435.7921128797,-32411.75051649968,-4.05702395706314,-0.4469487831579722,0.09515512706424926,-9.31931182806887,0.7413063631280886,2.237392823702026,5046.309974653149,-33210.773133698734,-33170.703806398706,-599.0335457221918,-591.0196802621831,-579.9091055103199,-571.8952400503113,-1354.8901263293556,-1330.8485299493368
223,22550,-1.3767259018938725,-0.15464246635187678,-8.902638029331742,6.466529043352028,5673.101714167791,-31114.978763421204,-31098.931782731343,0.24448487836669866,0.640353609413565,-9.248625747003981,2.619195157146323,5543.477595569444,-31634.198990986177,-31610.128519951384,0.2571297476864325,0.6236451232775094,-9.25285483045748,2.425410240895345,5546.847342559831,-31620.49555174601,-31596.42508071122,-3.5294051487991824,-0.396177839485302,0.1417276780387586,-9.464829176242509,0.5671494646714188,2.524118969650496,5369.841897546763,-32347.82032230945,-32307.702870584795,-519.2202275649724,-511.19673722004154,-505.51678832480684,-497.49329797987593,-1232.8415588882453,-1208.7710878534526
224,22555,-1.3815408567124854,-0.15578028062127933,-8.86852206969108,6.4192977186318,5441.941226902238,-32065.171086645634,-32049.12366254595,0.2514752913032037,0.7607133981777717,-9.178525911696893,3.025002552877371,5340.685686048751,-32486.794360977772,-32462.723224828245,0.26650362542197137,0.7543162767503965,-9.18587655960947,2.830416567714761,5344.278741355387,-32471.625126480743,-32447.553990331216,-3.1291074938827754,-0.3581459356205545,0.1440840131156199,-9.503058281231459,0.6419571431200001,2.792157890239111,5196.544441885494,-33099.903132312545,-33059.784572063334,-421.62327433213795,-413.59956228229566,-406.45403983510914,-398.43032778526685,-1034.7320456669113,-1010.6609095173844
225,22508,-1.242658923953567,-0.140746804080949,-8.829038300854528,7.104957064778969,5359.183833190911,-32296.31040308082,-32280.267150919713,0.23054224222585776,0.6016086657415498,-9.2388725705551,2.609537670550482,5202.919487087203,-32960.36231556977,-32936.29743732811,0.24064657771148507,0.5721522887717427,-9.243462236156654,2.3775625409379604,5207.124013748915,-32942.18074097018,-32918.11586272852,-3.676119619839678,-0.40637826011266465,0.11624528667866234,-9.321030144578007,0.5918019332855724,2.460761556788887,5024.202634468385,-33743.08773062366,-33702.97960022089,-664.0519124889506,-656.0302864083969,-645.8703378893588,-637.8487118088051,-1446.7773275428372,-1422.712449301176
226,22440,-1.3317186009220896,-0.14998461977498345,-8.879034416462297,6.667350302319425,5391.2942368148915,-31996.777567837325,-31980.74036711805,0.24409488033911889,0.7249941533457256,-9.230164740807,2.970132566232022,5290.217600395339,-32419.479138070612,-32395.423336991702,0.2559976468134188,0.697783794880984,-9.241553984459143,2.725743004151739,5292.72425938014,-32408.8489315711,-32384.79313049219,-2.8148785079247927,-0.33675902179195216,0.14820278629968187,-9.82545293362734,0.5810755943742811,2.9694824348842372,5111.940927243855,-33184.7272302028,-33144.63422840462,-422.7015702332865,-414.682969873651,-412.0713637337758,-404.05276337414034,-1187.949662365474,-1163.8938612865677
227,22582,-1.313569492799681,-0.1480381152434863,-8.873184386596533,6.755017100530129,5367.127593304387,-32443.17844038996,-32427.128623574477,0.23749401432518139,0.6602392423197797,-9.225832545876827,2.780024769027515,5229.396366575636,-33028.242980061266,-33004.16825483804,0.248302759174764,0.6301547076290377,-9.233197331323863,2.5378481887328252,5232.864354605519,-33013.2721987653,-32989.19747354207,-3.606576495938035,-0.407507607092498,0.1349957663713699,-9.56322632792865,0.6587212171145203,2.453941920581167,5063.179341368648,-33753.66957310283,-33713.545031064124,-585.064539671308,-577.0396312635639,-570.0937583753403,-562.0688499675962,-1310.491132712872,-1286.416407489647
228,22621,-1.2419839646283644,-0.14071330203417612,-8.826343683745792,7.106648664652346,5545.177366628741,-31799.996563259625,-31783.94329534491,0.23596087311204356,0.6946530604127035,-9.214568169952946,2.9439332515219787,5423.093322100025,-32301.590485583463,-32277.51058371139,0.24710312045213906,0.6688886732767432,-9.223688383604507,2.706921191658116,5427.288179403837,-32284.09951131973,-32260.01960944766,-3.6207247296862617,-0.40892992173706044,0.12388862513523527,-9.605521431535092,0.6312413018897637,2.445406772270859,5238.902208259807,-33079.24561642987,-33039.112446643085,-501.59392232383834,-493.5672883664811,-484.1029480601064,-476.07631410274917,-1279.249053170246,-1255.1691512981743
229,22527,-1.3291285188186122,-0.1502073710277452,-8.848623804041583,6.657462900507642,5379.1693758708625,-32258.73279596286,-32242.687856225322,0.2363823821386319,0.6367599825572621,-9.225933549112488,2.6937709011825572,5257.602075477749,-32771.67585651496,-32747.608446908653,0.25009133466290023,0.630595394740893,-9.227073074766258,2.5214603920238847,5261.368895497733,-32755.54211901318,-32731.474709406873,-3.303976979965752,-0.36880046099320557,0.12967281872183306,-9.352246606159419,0.49832298669545777,2.7114933568871624,5087.239456225772,-33509.70862926788,-33469.59627992404,-512.9430605520974,-504.9205906833304,-496.8093230503182,-488.7868531815511,-1250.9758333050195,-1226.9084236987146
230,22516,-1.3330763578585836,-0.15015502451251428,-8.878000334564108,6.65978380175122,5520.9174399215535,-31646.338574260455,-31630.294611367288,0.24760118963573105,0.7380489480373076,-9.21484682000479,2.9807972616089584,5399.440289656596,-32145.291456923107,-32121.225512583354,0.26219378313821157,0.731753758786646,-9.219989192990425,2.790889051709181,5403.3151822602895,-32129.138710370004,-32105.07276603025,-5.127865421153034,-0.5773452320710201,0.11709521573010574,-10.082380543720026,0.9941244199524942,1.7320659190565353,5230.057713665153,-32858.94358720633,-32818.83367997342,-498.952882662652,-490.93090121606656,-482.8001361095485,-474.77815466296306,-1212.6050129458781,-1188.5390686061291
231,22257,-1.343216200009922,-0.1513540584873496,-8.874662585425089,6.607024681030152,5598.003482895369,-30716.147521543728,-30700.12669785401,0.2680463240724764,0.807414864938841,-9.186992016870764,3.0122213678279204,5446.7737482221755,-31323.690024410498,-31299.658788875924,0.28419759667065164,0.8049808987835493,-9.193957643070105,2.832469057493186,5451.954495371854,-31302.53014310725,-31278.498907572677,-6.549370129947529,-0.7199985937310691,0.06673055916646706,-10.254166857454383,1.279186438425857,1.3888916016043162,5289.345115022733,-31972.466003902275,-31932.41394467799,-607.5425028667705,-599.5320910219125,-586.3826215635236,-578.3722097186655,-1256.318482358547,-1232.2872468239766
232,22416,-1.2713167299800052,-0.14322614625329472,-8.876289443211633,6.981965417344296,5412.7311752272235,-31849.61090133593,-31833.575840798778,0.23227143329789526,0.6214302237920806,-9.245660924507606,2.6754483535436626,5264.940112449783,-32468.176182980325,-32444.123592174594,0.24389621014901178,0.6022228311163658,-9.249949128035945,2.469176666371443,5268.776151428345,-32451.849816977938,-32427.797226172206,-3.488508754548591,-0.38988591195933764,0.13087512965303905,-9.428832804283688,0.5827120354289406,2.5648528693293566,5105.903901784923,-33151.725851656374,-33111.63820031349,-618.5652816443944,-610.547751375816,-602.2389156420068,-594.2213853734283,-1302.1149503204433,-1278.0623595147154
233,22373,-1.2903902914083871,-0.14531851271605511,-8.879737806907942,6.88143569122503,5452.093109673028,-31583.43824490319,-31567.407024595846,0.24797600314767257,0.7252462381152817,-9.220202306570743,2.924662987181825,5302.790298545373,-32202.656769451653,-32178.609938990634,0.25933819498875715,0.6957788862124216,-9.231298414648352,2.6829017077202417,5307.6854976861305,-32182.01296416905,-32157.966133708032,-4.736068932948066,-0.5243742513522412,0.09919941260920435,-9.70926770103893,0.9531610575019214,1.9070349038329566,5141.786361655193,-32888.474376613936,-32848.39632584557,-619.2185245484616,-611.2029143947875,-598.57471926586,-590.559109112186,-1305.0361317107454,-1280.9893012497232
234,22714,-1.3087033140897848,-0.147635450928195,-8.864424539376351,6.773440889115223,5429.812724704956,-32501.479119413416,-32485.417645906513,0.25159301456868743,0.761769892153168,-9.19032366356963,3.0277863376258294,5295.430014134953,-33068.702345018195,-33044.61013475784,0.2661135350291079,0.7531090486759336,-9.196672872981008,2.8300291024038198,5299.494163823627,-33051.27643445843,-33027.18422419807,-5.171397419584445,-0.5753500816335946,0.09803018969643691,-9.922967725349638,1.0263966149913657,1.7380722310157577,5115.220187455531,-33851.146003427144,-33810.99231965988,-567.2232256047791,-559.192488851324,-549.7973150450125,-541.7665782915574,-1349.6668840137281,-1325.57467375337
235,22554,-1.2838819543150084,-0.14492794731243194,-8.858760357291535,6.899980428510629,5527.144858595702,-31712.3606877009,-31696.313352275316,0.2393211275897711,0.5623804116354228,-9.25634524325314,2.3498987210164715,5326.848474361757,-32542.864893252412,-32518.793890114037,0.24849334596770759,0.5256410854255101,-9.260393447118451,2.1153125182427166,5331.480324625209,-32523.262053184615,-32499.19105004624,-3.9610259509680437,-0.4331966829694856,0.10774382385912767,-9.127904195587899,0.6373178120920837,2.3084202610813622,5158.072303606785,-33265.032818972926,-33224.91448040897,-830.5042055515114,-822.4805378387209,-810.9013654837145,-802.877697770924,-1552.6721312720256,-1528.6011281336505
236,22697,-1.3937336811050272,-0.1568507749195389,-8.885730286126943,6.375486512661341,5606.884904216955,-31731.79579739472,-31715.73582132243,0.2530710013187362,0.6898531694437398,-9.22032612214609,2.7259273715635555,5473.047149368125,-32278.149932372453,-32254.059968264017,0.267891337809234,0.6820360160242122,-9.224863426205884,2.5459427751631574,5476.476633267425,-32263.932145342995,-32239.84218123456,-3.1479998552787385,-0.35998347953174453,0.15244804546815283,-9.504718843559592,0.588046975320237,2.7779052563766795,5317.81434147225,-32927.21403079002,-32887.06409060929,-546.3541349777333,-538.324146941588,-532.1363479482752,-524.1063599121298,-1195.4182333952995,-1171.3282692868597
237,22530,-1.2204264422423987,-0.13772606711269508,-8.861259657140854,7.260789630925457,5318.417228351378,-32521.93035881143,-32505.885152744577,0.231068955946694,0.618337733543382,-9.244660880160149,2.6759879145601375,5157.394773463699,-33212.59679029553,-33188.52898119525,0.24022621555500998,0.5798170860573876,-9.253113988928794,2.413629522980242,5160.827597544996,-33197.60553955015,-33173.537730449876,-3.9265111657080287,-0.438669870148941,0.12263012008128538,-9.542402520080682,0.7214075284562304,2.2796186108256564,4988.314435139559,-33959.600522308385,-33919.48750714125,-690.6664314841,-682.6438284506767,-675.6751807387227,-667.6525777052993,-1437.670163496954,-1413.6023543966767
238,22871,-1.2819843740901709,-0.14465841064524879,-8.862148895262155,6.91283690688637,5670.759508754313,-31890.67692509087,-31874.601675067937,0.2394636504763335,0.688287266011814,-9.205761864621063,2.8742870353921974,5532.89517230697,-32451.57438860236,-32427.461513567963,0.2506709707994341,0.66121292472607,-9.214380334962762,2.637772226346532,5536.817763661135,-32435.36555082399,-32411.252675789594,-4.749029065560661,-0.5255963065998774,0.0928496393877752,-9.661719529854048,0.9977267323044405,1.9026008886346182,5383.734716762098,-33072.61364268731,-33032.425517629985,-560.8974635114901,-552.859838500026,-544.6886257331207,-536.6510007216566,-1181.9367175964435,-1157.8238425620475
239,22650,-1.3326442911663123,-0.15031141177904586,-8.865888992681855,6.652854817636706,5487.248219230116,-32107.651480145716,-32091.595649883893,0.2346069737963842,0.5710404058878356,-9.249197700575731,2.434029972116014,5329.110958360119,-32767.99342655755,-32743.909681164816,0.24520800301761853,0.5444903699034849,-9.252062829924673,2.220524465771056,5332.591429922357,-32753.20541601026,-32729.121670617526,-3.8331417287681138,-0.4237971199256543,0.12240594114355721,-9.324748083401106,0.6132185345697714,2.359619622180131,5151.263114957254,-33532.79048677128,-33492.650911116725,-660.3419464118342,-652.3140312809228,-645.5539358645437,-637.5260207336323,-1425.1390066255626,-1401.055261232832
240,22486,-1.4247335008930837,-0.15988967419749492,-8.910728651140161,6.254312575337448,5430.382612851068,-31945.981863388843,-31929.940567044225,0.24335722582679842,0.6109059261353185,-9.251017558677754,2.5103258144884957,5297.6633756956735,-32500.369677488616,-32476.307732971687,0.2538512120247798,0.5758485474011525,-9.258670774764795,2.2684490761656906,5299.57893890681,-32492.24051453168,-32468.178570014752,-3.0948926402631405,-0.3479978932010679,0.14815042808031198,-9.376199606702171,0.44521003162807826,2.87358061510509,5137.577778743728,-33186.333063173115,-33146.229822311565,-554.3878140997731,-546.3671659274623,-546.2586511428381,-538.2380029705273,-1240.3511997842725,-1216.2892552673402
241,22514,-1.3771493711291733,-0.15549885631987873,-8.856331189318984,6.43091546566032,5433.414467588904,-32001.217664031505,-31985.173878797676,0.2574098865363599,0.7261144147478135,-9.187903490194145,2.820848975609364,5296.477269286095,-32573.905937711326,-32549.840259860583,0.27324070643814885,0.7236635276355821,-9.19021116670394,2.6484469941135638,5300.429375629623,-32557.112786780584,-32533.04710892984,-5.114970615545428,-0.5663798606238677,0.09078134780928472,-9.780157138270521,1.0631862721025211,1.765599502246601,5139.307556051739,-33248.108211676976,-33207.9987485924,-572.6882736798216,-564.666381062907,-555.8951227490797,-547.8732301321652,-1246.890547645471,-1222.8248697947238
242,22550,-1.3434341871463684,-0.15116317594099302,-8.8873112038264,6.6153677559034145,5498.4114834319835,-31820.27011581078,-31804.22313512092,0.24345343237828002,0.6921690491060052,-9.223253251584838,2.843127091469826,5374.703826520791,-32331.412478429786,-32307.342007394993,0.25561278220140377,0.6688531348084563,-9.231014858605814,2.61666544625867,5378.011436519026,-32317.539404329316,-32293.468933294524,-4.105081568870167,-0.4630361514464064,0.12996091687759548,-9.717946756642599,0.8256090234699902,2.159658585784838,5220.965542892807,-32981.838638825655,-32941.721187101,-511.1423626190044,-503.1188722740735,-497.2692885185352,-489.24579817360427,-1161.5685230148738,-1137.498051980081
243,22468,-1.2704693021418394,-0.1438033557463499,-8.834768114749556,6.953940642135416,5378.824614894527,-32116.75153192784,-32100.711837220533,0.24295798409832467,0.7192402676889427,-9.19411908180495,2.960348351416463,5242.985758699328,-32689.45466001686,-32665.395117955904,0.2550462023667517,0.6973105874817604,-9.203137571436374,2.7340559514743954,5247.531484765484,-32669.98309779044,-32645.92355572948,-4.068661883059922,-0.45389991902913324,0.11176268302470935,-9.532423720846987,0.7995540635258351,2.203128835402625,5079.015869799513,-33399.34437508905,-33359.24513832079,-572.7031280890224,-564.6832807353712,-553.2315658625994,-545.2117185089483,-1282.592843161212,-1258.533301100255
244,22376,-1.274270602178194,-0.14357049407301986,-8.875574402704924,6.96521946557766,5486.427451802167,-31450.20387092016,-31434.172382450397,0.24045352005645562,0.6025056051721053,-9.244066673347893,2.505705073606925,5297.619368850286,-32231.80607356554,-32207.758840860897,0.25107764837721974,0.5740824144979452,-9.248583730870608,2.286473599734542,5301.568085893658,-32215.133758441865,-32191.08652573722,-3.9789179586301353,-0.43840998632393957,0.11451357078431863,-9.253209632482948,0.7469623681728765,2.28096993954217,5152.504302221727,-32849.29220584463,-32809.21348467022,-781.6022026453829,-773.5864584105002,-764.9298875217064,-756.9141432868237,-1399.0883349244687,-1375.0411022198205
245,22470,-1.3044191820222408,-0.14760041739003665,-8.837503342387512,6.775048591884959,5321.050903626197,-32364.265633792213,-32348.225761061854,0.2501261775496645,0.7885890144812132,-9.169324758802649,3.152764825363522,5194.670957202008,-32902.38911128673,-32878.32930219119,0.26510638524689056,0.7821097867324459,-9.175097409628096,2.950173327602336,5198.784554503687,-32884.60243079513,-32860.54262169959,-5.77904512402589,-0.6414051547371569,0.08055922641925796,-10.170921575895191,1.1561585705607926,1.5590769619084097,5019.872048911255,-33667.51112513774,-33627.411443311845,-538.1234774945151,-530.1035411293342,-520.3367970029176,-512.3168606377367,-1303.2454913455258,-1279.1856822499904
246,22362,-1.3472213982809442,-0.15118923831346193,-8.910828662869104,6.614227382551472,5430.582195654828,-31645.3130108608,-31629.282774123385,0.23728446225496172,0.5837806274749406,-9.264698469233597,2.460256444636773,5271.937142312536,-32306.312149595644,-32282.266794489522,0.24736022794579737,0.5509882002664123,-9.269437029080022,2.2274728837456728,5274.9022289618115,-32293.738663442335,-32269.693308336213,-3.63719342092118,-0.4016292462931599,0.1296959485900828,-9.273536358164746,0.5793367968051353,2.4898585180972437,5111.479666518379,-32993.498066668995,-32953.42247482546,-660.9991387348455,-652.984020366137,-648.4256525815363,-640.4105342128278,-1348.185055808197,-1324.1397007020714
247,22601,-1.408673990238732,-0.15836796581388324,-8.894942755621614,6.314408313959259,5614.630161045827,-31470.56921121146,-31454.517712347322,0.2593440260192512,0.755830035426013,-9.200323357247479,2.914391540177245,5484.8633869687,-31997.060441027665,-31972.98319273146,0.27481199787593785,0.7502518765103192,-9.207224551101174,2.730055027834031,5488.791827938265,-31980.878649927585,-31956.80140163138,-3.8624740502354395,-0.43931186072961387,0.1430466226806684,-9.66391995538812,0.7511820354444166,2.2762872787891255,5323.3810738209795,-32668.45844341405,-32628.329696253702,-526.4912298162053,-518.4654803841368,-510.30943871612544,-502.2836892840569,-1197.8892322025895,-1173.8119839063802
248,22691,-1.3158404399670431,-0.14865013974721,-8.851928711299715,6.727205246497381,5504.489771165981,-32135.629718071643,-32119.57027077348,0.2520563264011283,0.7518418619732984,-9.197233727460866,2.9828327370636982,5370.350945238844,-32693.435338774463,-32669.346167827218,0.2663720305197294,0.7423231495435707,-9.204450821799128,2.78679089578284,5375.022399026165,-32673.70592385885,-32649.616752911606,-4.551849711088358,-0.5096819486728368,0.11477698316010747,-9.778097914211369,0.8851613499487382,1.9620078808046952,5200.6875872708915,-33417.87121822792,-33377.72259998252,-557.8056207028203,-549.7758970537361,-538.0762057872089,-530.0464821381247,-1282.2415001562767,-1258.152329209035
249,22878,-1.327422562747542,-0.1499160305497036,-8.854440434956985,6.670400732551794,5397.447427562949,-33037.54250642735,-33021.46664436918,0.25080380095639154,0.7599275797377946,-9.172146935257043,3.029968353110912,5256.849341363863,-33639.390854755555,-33615.2770616683,0.2652183066190599,0.7491652876709521,-9.177830119487894,2.8247118278565826,5261.018370142343,-33621.25428030808,-33597.14048722082,-6.028185890515645,-0.6641981649931392,0.06561475606500515,-10.138960035353591,1.2301804293644096,1.5055747707618696,5093.800564238283,-34356.22259865232,-34316.03294350689,-601.8483483282034,-593.8104172991152,-583.7117738807283,-575.6738428516401,-1318.6800922249677,-1294.5662991377103
250,22577,-1.2775007155049707,-0.14373780710098086,-8.887715356666611,6.957111842519379,5403.823297398975,-32277.158299720315,-32261.10892578444,0.23524000658519462,0.5974292434791356,-9.269537795132138,2.5396583351257918,5217.542139880031,-33067.16588291907,-33043.09182201526,0.24609037614062354,0.5729705299532757,-9.27350780913104,2.3282931211656277,5222.625885738583,-33045.1785472673,-33021.10448636349,-4.323122624275546,-0.4750849818150949,0.10829312764089323,-9.410104561853641,0.7334414842443409,2.104886574564894,5037.708633474346,-33855.056282170655,-33814.932847330965,-790.007583198756,-781.9828962308202,-768.020247546985,-759.9955605790492,-1577.8979824503404,-1553.8239215465255
251,22783,-1.277121754069731,-0.1445791726444787,-8.83337295898202,6.916625553384565,5577.077677119959,-32059.648634021018,-32043.58109417542,0.2504566538270464,0.6879509465962174,-9.219010376224988,2.746786464181079,5408.875976159172,-32755.346613266054,-32731.245303497657,0.2612252035802035,0.6550183067348371,-9.22907164408795,2.5074851038779187,5414.0791843849565,-32733.44045170804,-32709.339141939643,-4.806387720434556,-0.5324804137856188,0.10328828940346178,-9.660656946179442,0.8977490217200429,1.8780033483120913,5217.363404589557,-33572.65380715387,-33532.48495753987,-695.6979792450365,-687.6642093222363,-673.7918176870226,-665.7580477642223,-1513.0051731328494,-1488.9038633644486
252,22462,-1.355381086545122,-0.15269558129749805,-8.876360894192622,6.548977982877526,5505.252687654731,-31580.31959537832,-31564.280434835277,0.24787594385295061,0.7161636089716884,-9.202589451644112,2.889201742773973,5389.3490570950835,-32056.267415099195,-32032.208674284626,0.2630353345324205,0.7128890737784369,-9.205266753783384,2.7102407174522383,5392.491633074527,-32043.17344614201,-32019.11470532744,-4.959141566631556,-0.5589344274449736,0.1187891012175643,-10.013629670647964,0.9953070607573957,1.7891186352060033,5229.197357469677,-32729.874338057398,-32689.776436699784,-475.94781972087367,-467.92823944934935,-462.85385076368766,-454.83427049216334,-1149.5547426790763,-1125.496001864507
253,22550,-1.347838374480592,-0.15162647933231393,-8.889201809708885,6.595154120859974,5600.561106576888,-31405.179615321485,-31389.132634631624,0.24950770396137192,0.7207401788882325,-9.217041196515163,2.8886489973865315,5469.787213948803,-31935.970161199577,-31911.899690164784,0.2645624858103216,0.7186251225111763,-9.220992041702473,2.716277480951685,5473.9297765710635,-31918.89830313259,-31894.8278320978,-4.4309930324953966,-0.4959456467383526,0.12029268377242691,-9.717288808816257,0.8653156721021305,2.016349990319751,5308.787907894465,-32605.67783654041,-32565.560384815755,-530.7905458780915,-522.7670555331606,-513.7186878111061,-505.69519746617516,-1200.4982212189243,-1176.4277501841316
254,22351,-1.2695221228038585,-0.14282033363035432,-8.88894522603216,7.001804116969693,5516.263131256663,-31268.857626518675,-31252.828373835135,0.23228208993877042,0.6303987641794268,-9.249259636124867,2.7139361641941484,5371.237634212118,-31862.339856656043,-31838.295977630733,0.24182946417228926,0.5949322936237341,-9.257364098336687,2.4601315462531064,5374.779408849839,-31847.606545239,-31823.56266621369,-3.9213177593625463,-0.4390621432325885,0.12660634636207957,-9.584092020111111,0.7302101673494037,2.277581921860798,5215.098784857576,-32517.701579758683,-32477.628448049833,-593.4822301373679,-585.4676037955978,-578.7489187203246,-570.7342923785545,-1248.843953240008,-1224.8000742146978
255,22646,-1.304257422619029,-0.14750426418735585,-8.842167579388738,6.779465024345517,5484.4258716300465,-32109.631791755,-32093.57631472525,0.24207521862254597,0.6808702399796125,-9.214658472116522,2.8126391617196242,5356.630291743835,-32641.563674784626,-32617.480459240003,0.25412751836782804,0.6585105498451191,-9.221391746926443,2.591260301420726,5360.418344335212,-32625.55474444013,-32601.47152889551,-3.6078190295276786,-0.40876721537433935,0.13391857313150335,-9.596519705497048,0.67026051444647,2.4463801459327494,5183.409987379995,-33381.98212757753,-33341.84343500316,-531.9318830296252,-523.9041445147523,-515.9229526851304,-507.89521417025753,-1272.3503358225316,-1248.2671202779093
256,22730,-1.3081258373534523,-0.14737435383573866,-8.87621084202663,6.785441116264948,5499.767454135673,-32249.4114810329,-32233.34859919921,0.2510392364331889,0.7321546363840195,-9.201950056813589,2.9164948347780437,5346.637619233814,-32889.259614804825,-32865.165292054284,0.2656198343559574,0.7239472306002609,-9.206301328183194,2.725501400735378,5350.7189947001825,-32871.91520492863,-32847.820882178086,-5.63003442778707,-0.622586606076488,0.08475107058768575,-10.032444852157,1.166952058747753,1.6062022379536138,5187.3220854824385,-33572.84876900484,-33532.69156442061,-639.848133771924,-631.8166928550745,-622.5037238957266,-614.472282978877,-1323.4372879719413,-1299.3429652214
257,22562,-1.3634894090610523,-0.15338378872211822,-8.889397115696847,6.519593813213705,5432.348473356106,-32121.93106158744,-32105.88301687911,0.250039187011626,0.7291676018202342,-9.206948011516381,2.916213296543515,5303.277869651816,-32662.466948786223,-32638.39488172373,0.2623801208829881,0.7011703855014189,-9.216612270903624,2.672345691212312,5305.495571079984,-32653.034042969033,-32628.96197590654,-3.2556059231105405,-0.38051615809872413,0.15270143276104192,-9.763926415674614,0.7155743117258896,2.6280092939983697,5149.902608534547,-33320.600546968744,-33280.48043519792,-540.5358871987846,-532.5118648446187,-531.1029813815949,-523.0789590274289,-1198.669485381306,-1174.5974183188082
258,22635,-1.3089563796108028,-0.14780825082433177,-8.855773424762877,6.765522184471876,5692.446801733024,-31240.385387271886,-31224.330881952148,0.23266505344080926,0.5903407867878815,-9.245538456631841,2.537298911278337,5565.697097332436,-31748.078781117918,-31723.99702313831,0.24150221516736736,0.5501709957725877,-9.254434491786837,2.278119873108844,5568.71578894805,-31735.805464672518,-31711.72370669291,-3.1437490864839357,-0.348565058072235,0.1349111597466536,-9.286359566017406,0.355347612183361,2.8689048911860944,5396.031581993313,-32444.82330301373,-32404.68703971438,-507.69339384603154,-499.66614118616053,-495.42007740063127,-487.39282474076026,-1204.4379157418443,-1180.3561577622313
259,22722,-1.314449047513587,-0.14798529385562495,-8.88229507991496,6.757428214290023,5470.860349387391,-32349.804198380323,-32333.74202058606,0.2297911094923339,0.49736453050567153,-9.28089186804138,2.1644202493493956,5277.026191259782,-33167.45880003813,-33143.36553334675,0.23948776265363317,0.47067922346641405,-9.281501286755297,1.9653581387669854,5280.864300498768,-33150.938544966724,-33126.84527827534,-3.675303936062354,-0.3975467363476719,0.13623930909687856,-9.052043482839032,0.23726410076611745,2.5154275172453096,5101.08987761951,-33933.927721217726,-33893.772276732074,-817.6546016578104,-809.6235127606851,-801.1343465864011,-793.1032576892758,-1584.1235228374026,-1560.030256146012
260,22354,-1.4106176822349379,-0.15877977554489883,-8.884114348908696,6.2980313240033885,5780.877216794318,-30228.663660393224,-30212.63413928333,0.25027510001210274,0.6955582285722754,-9.220512090843197,2.7791747103033417,5685.5680785742725,-30598.285290087493,-30574.241008422658,0.2639850758529241,0.6807577959741522,-9.226542273962972,2.5787737953543544,5687.694632640235,-30589.9258612496,-30565.881579584766,-3.0415188172297887,-0.3558917676101416,0.1555963804281674,-9.684252079008305,0.6161367247519375,2.809843022543418,5526.090685146575,-31230.2657794439,-31190.19197666917,-369.62162969426936,-361.6068691393266,-361.2622008563776,-353.24744030143484,-1001.6021190506763,-977.5578373858407
261,22506,-1.4504214351086056,-0.16279288491184538,-8.909611964269994,6.142774609231319,5554.260385972604,-31486.77037366863,-31470.72729923001,0.2726986083672041,0.8427662451787659,-9.182511540204528,3.0904677153465094,5446.114856596414,-31927.30104157081,-31903.23642991288,0.2900226478205624,0.8430239963080753,-9.19063733649653,2.9067522920818787,5449.501083629704,-31913.31185023311,-31889.24723857518,-5.104920709485877,-0.5796989867925085,0.1314245908917191,-10.136483660428489,1.0787137239578424,1.7250332030646272,5298.135037509735,-32543.28744407247,-32503.17975797592,-440.5306679021778,-432.509130682869,-426.5414765644782,-418.5199393451694,-1056.5170704038392,-1032.452458745909
262,22320,-1.337296694830115,-0.1502270486908096,-8.901836962679587,6.656590865058888,5428.650712536248,-31551.84909121412,-31535.82261438113,0.24053087344141363,0.6361685353648914,-9.26345368091667,2.6448518905821197,5277.8924676722645,-32178.464020680793,-32154.42430543131,0.2525990558838036,0.6170858800817776,-9.270042936872985,2.4429461065192544,5282.097397005888,-32160.688619588625,-32136.64890433914,-3.555846056734081,-0.39736688187742175,0.13789172930436427,-9.45817555578189,0.5586350700353309,2.516566039110618,5104.169067090844,-32921.49643659092,-32881.43024450844,-626.614929466672,-618.6016910501785,-608.8395283745049,-600.8262899580113,-1369.6473453767976,-1345.6076301273097
263,22453,-1.432198673935319,-0.1610185299125876,-8.894620232297605,6.2104653454659635,5513.97026654233,-31523.14004688468,-31507.101687855615,0.2667650222269785,0.805053194764877,-9.193793223894692,3.0178364016549852,5405.217767424394,-31968.40784741518,-31944.350308871584,0.2824541764109415,0.7964207908250717,-9.203106018633427,2.819646007522162,5408.899549715853,-31953.119117219292,-31929.061578675697,-3.4573907904612073,-0.4021460219588231,0.15733975770360004,-9.758445324591674,0.7286505281631586,2.4866589382858373,5242.73754173452,-32649.694664411905,-32609.598766839244,-445.2678005304988,-437.24862101596955,-429.9790703346116,-421.95989082008236,-1126.5546175272248,-1102.4970789836298
264,22533,-1.3013128649707741,-0.14667926390670383,-8.871825712177568,6.817596252978578,5471.157796332354,-31891.250689956363,-31875.205217595656,0.24485595395658039,0.6631923100790857,-9.222890909656742,2.7084998316875226,5308.519007725714,-32569.237298308944,-32545.16908976788,0.25695618336803866,0.6410653548176363,-9.228140284407646,2.4948430756361195,5312.483490621917,-32552.415591080677,-32528.347382539614,-4.002219177511402,-0.4454158826025513,0.12114496394387059,-9.441559996966618,0.799125340498337,2.2450928201235905,5155.501805988555,-33224.29225727844,-33184.17857637667,-677.9866083525812,-669.9638721722258,-661.1649011243135,-653.142164943958,-1333.0415673220741,-1308.9733587810115
265,22387,-1.2871419019551038,-0.14501091503657534,-8.876172539359915,6.896032617598305,5378.915045852849,-31919.7219413012,-31903.689469876743,0.23551051013104624,0.6486425022809982,-9.232661221284792,2.754197687058938,5232.948955097927,-32533.626740351592,-32509.578033214908,0.24673878384337056,0.6225311554819125,-9.239190457186044,2.523037301979629,5236.77813113985,-32517.2511906994,-32493.202483562716,-3.6506803328555364,-0.40838553514551723,0.12759113634889066,-9.464731395093644,0.6455148960939504,2.4486665514332597,5068.082431106229,-33246.28935943057,-33206.208180869435,-613.9047990503932,-605.8885633381651,-597.5292493982015,-589.5130136859734,-1326.5674181293725,-1302.518710992692
266,22692,-1.3035265557739253,-0.14726862100706756,-8.851353036784175,6.790312784635969,5646.225884127853,-31561.14162859726,-31545.082093160367,0.23955846315223522,0.6811016528894128,-9.212072557412165,2.843154209319604,5524.470572434206,-32053.8253684928,-32029.73606533746,0.2511184357718279,0.6561770698584777,-9.21912668359479,2.613018306846637,5528.040184427151,-32039.16776897678,-32015.07846582144,-3.994172334305127,-0.44940415267508205,0.12482529692657354,-9.6310934921973,0.7523731502069082,2.22516857943455,5353.672483361729,-32762.459639058194,-32722.310800465963,-492.6837398955395,-484.65397217709324,-478.02614037951935,-469.9963726610731,-1201.3180104609346,-1177.228707305596
267,22420,-1.3238546740156525,-0.14887616381505547,-8.892321242641895,6.716991991023297,5580.221319998218,-31176.054028176382,-31160.01861078313,0.24796966772710632,0.647721656622536,-9.238251049577364,2.6121003530777065,5401.348036181335,-31904.494936490293,-31880.441810400414,0.2601255437826516,0.6260136127871633,-9.24424186753756,2.406582620391291,5405.5935953099915,-31886.879325375317,-31862.82619928544,-3.9581239525228753,-0.4392764752979322,0.12681123199555133,-9.371503786584885,0.7400978230977405,2.2764706425987553,5248.981408061095,-32542.032440780822,-32501.94389729769,-728.4409083139108,-720.4231996172857,-710.825297198935,-702.80758850231,-1365.9784126044397,-1341.9252865145609
268,22422,-1.4328309371478214,-0.16109226661003762,-8.894473752835893,6.207622631698015,5677.331643086036,-30793.99098713017,-30777.955391332744,0.2561234830661549,0.6981568733254139,-9.219696596409234,2.725860452026903,5553.937202160828,-31284.697826032814,-31260.644432336674,0.26969013862999225,0.6801975696476391,-9.225933348964533,2.5221447588072627,5557.010555801693,-31272.293710993476,-31248.240317297335,-3.7143084309421806,-0.42166538686670707,0.14680437183019865,-9.599824187279244,0.7275028187370753,2.3715486998607043,5395.279495133342,-31930.547439967217,-31890.45845047365,-490.70683890264263,-482.68904100393047,-478.302723863304,-470.2849259645918,-1136.556452837045,-1112.503059140905
269,22543,-1.2253207160441315,-0.1386477577783074,-8.83765259300748,7.21252197672726,5371.9135972247595,-32328.081378957475,-32312.035019206567,0.2412917600540276,0.7058706538294142,-9.212899707903595,2.92538234074534,5203.602059166824,-33043.69506846211,-33019.62552883575,0.25504758074107775,0.6984066000605165,-9.216603358951302,2.738338462302582,5209.121177585014,-33019.797862068815,-32995.728322442454,-4.370773104947825,-0.4837583077259456,0.10123297118474735,-9.567521983009721,0.801679254339366,2.0671479621731086,5015.593798382388,-33869.26102553292,-33829.14512615565,-715.6136895046366,-707.5905096291826,-691.7164831113405,-683.6933032358866,-1541.179646575445,-1517.1101069490833
270,22673,-1.2482498401808177,-0.1408926617370002,-8.859580227896364,7.097601732208507,5446.01461331306,-32334.289306040562,-32318.231445904108,0.237220986029163,0.6425535635037155,-9.238611006296162,2.70867082318224,5279.48758001703,-33036.400087157315,-33012.313296952634,0.2482981638944511,0.6168239168241059,-9.245330898277004,2.4842065166712675,5283.78606777015,-33017.94754650457,-32993.86075629989,-4.7612229281774,-0.5257362652008755,0.09757482370436792,-9.648899514103528,0.8911777627201929,1.9020943887481605,5099.90265172138,-33817.05802327263,-33776.91337293149,-702.1107811167531,-694.081851048526,-683.6582404640067,-675.6293103957796,-1482.7687172320657,-1458.6819270273845
271,22637,-1.3004956248006636,-0.14683285368341112,-8.85697983916246,6.8104649260315915,5515.34948025781,-31960.59205770389,-31944.53737567448,0.23912227244553436,0.6140285442494117,-9.238902882501097,2.567843379747367,5355.569164181755,-32624.07537580056,-32599.99335275645,0.2516639018242702,0.6002951715549515,-9.239660449668197,2.385305032638812,5360.290602733776,-32604.1275202401,-32580.04549719599,-3.9857514166865085,-0.4402549468382587,0.11711383144938399,-9.347057876927458,0.6772889139211291,2.27141116115018,5178.991709222393,-33379.01697816021,-33338.880273086696,-663.4833180966707,-655.4559770819687,-643.5354625362124,-635.5081215215105,-1418.4249204563203,-1394.3428974122144
272,22577,-1.247090946132868,-0.14103770670216495,-8.842252013969574,7.090302468628057,5348.017708496921,-32511.52450622119,-32495.475132285315,0.24221189865740983,0.6905409688555633,-9.210094557787395,2.8509787202167165,5186.0938105470195,-33203.658758545,-33179.58469764119,0.2538950614615555,0.6677512219129861,-9.217883183487789,2.630028398618916,5191.608262594873,-33179.66504688806,-33155.59098598425,-4.370121658715498,-0.48362326865413496,0.1018618851412906,-9.521750214897695,0.8394476085584842,2.0677251588470487,5011.7010889853545,-33971.91362186054,-33931.79018702085,-692.1342523238127,-684.1095653558768,-668.140540666871,-660.1158536989351,-1460.389115639351,-1436.3150547355363
273,22793,-1.3251732703444417,-0.149277646366802,-8.87723850554458,6.698926626581588,5630.479286908351,-31866.515150077823,-31850.446732577304,0.2409703058413064,0.6745339433387906,-9.224146755980989,2.7992409312996935,5495.975887523237,-32415.613461957873,-32391.510835707097,0.253279566112346,0.655995166263934,-9.229239775930163,2.5900043036750837,5499.862689934123,-32399.499749407976,-32375.3971231572,-4.416416258817013,-0.4953682498526577,0.121930303295205,-9.737103698256018,0.8224543114916956,2.0187002301771257,5323.551142481529,-33138.153533616074,-33097.98248986478,-549.0983118800505,-541.0641031297928,-532.9845993301533,-524.9503905798956,-1271.6383835382512,-1247.5357572874746
274,22683,-1.3439783394998113,-0.15145930963395737,-8.873527436166853,6.60243336917864,5485.388356137934,-32195.150237806,-32179.091495757548,0.2600590503710459,0.725302835260378,-9.202547185256924,2.7889928622962117,5316.992508496273,-32900.40774244076,-32876.31962936808,0.27518449707162024,0.7182278519648141,-9.206145962786831,2.609986607559096,5321.864596655901,-32879.632280874124,-32855.54416780145,-5.261687797732527,-0.5785725212705997,0.07827437086462857,-9.71511050810118,1.12801559314933,1.7283917974602492,5153.972981319785,-33602.75535547104,-33562.60850034991,-705.2575046347592,-697.2281336105334,-684.4820430681248,-676.4526720438989,-1407.6051176650399,-1383.5170045923624
275,22604,-1.386750618705444,-0.15615335017545634,-8.880697193798719,6.403961227065474,5580.6378622584925,-31615.01316784958,-31598.961403528083,0.24716233355392994,0.6913648421524886,-9.201264597251209,2.7972095594478406,5473.6460069267405,-32050.58460161514,-32026.506955132892,0.26047730560354654,0.6748362597950803,-9.20589865941196,2.590767968178384,5476.329338127052,-32039.50621691478,-32015.42857043253,-3.9185856040244453,-0.44203847687897213,0.13272700499821882,-9.597434037175521,0.8354981088934053,2.262246506368709,5336.442018462228,-32620.40518460571,-32580.27577380196,-435.57143376555905,-427.5455516048096,-424.49304906519683,-416.46716690444737,-1005.3920167561264,-981.314370273878
276,22431,-1.324023346445632,-0.14890018802659835,-8.89201930496635,6.7159082419786325,5475.2674693404115,-31628.25908147328,-31612.222683053944,0.24964632664369618,0.6952225023529254,-9.227338342412757,2.7848296896640137,5315.261747206803,-32291.537191933083,-32267.482594304078,0.26056025979588077,0.661451168937912,-9.239846023595474,2.5385727257720863,5319.851751905338,-32272.175216756405,-32248.1206191274,-4.7323876239137865,-0.5217740279797811,0.09512089370982353,-9.586105098535521,0.9964268799431016,1.9165384752319452,5166.916823000143,-32922.47145626731,-32882.38046021897,-663.2781104598034,-655.2599112501339,-643.9161352831252,-635.8979360734556,-1294.2123747940313,-1270.1577771650263
277,22463,-1.3277542890894933,-0.15003305580786852,-8.849745024121937,6.6651978433379,5543.3151443080405,-31427.954486484883,-31411.91523690455,0.24620737242171925,0.6750339041756803,-9.220216974429627,2.741729045462702,5410.059408394616,-31972.538787059144,-31948.47991268865,0.25800128360225527,0.6492008449828097,-9.227377119095491,2.5162698259425826,5413.856087165901,-31956.780201587535,-31932.72132721704,-3.705710736758144,-0.41422581824963783,0.1272196143122134,-9.4526441949391,0.6560674532126975,2.414142132003319,5232.354747526169,-32718.772858211323,-32678.674734260498,-544.5843005742609,-536.5646757840987,-528.8257151026519,-520.8060903124897,-1290.81837172644,-1266.7594973559462
278,22614,-1.3359124575886883,-0.15038760157740266,-8.883128951964238,6.6494843292338315,5425.399254832168,-32276.98051408322,-32260.92786515823,0.24086150509288723,0.679862281998239,-9.237493799124781,2.8226273921856166,5292.543188553424,-32835.640545841095,-32811.56157245361,0.2522082797946033,0.6530527705779389,-9.246327086835672,2.58933914108522,5296.818562094124,-32817.380086942925,-32793.30111355544,-4.782920676323374,-0.5355560312224494,0.11643428448683935,-9.879887294799339,0.8759850169383462,1.867218258596435,5115.459145727242,-33601.2339611817,-33561.10233886923,-558.6600317578741,-550.6337072953793,-540.3995728597038,-532.373248397209,-1324.2534470984792,-1300.1744737109948
279,22518,-1.3218307168349046,-0.14889416678280082,-8.877652801288875,6.716179831670295,5352.247819650758,-32349.825549448764,-32333.781408912037,0.2520835117677805,0.7200961241159358,-9.208316569692597,2.8565776439170243,5204.435103586059,-32978.45248122872,-32954.38627042363,0.2678058084722895,0.7202517389093339,-9.211938130846086,2.6894552549776383,5208.901415183256,-32959.13640313378,-32935.07019232869,-3.811401581897397,-0.42669243052329353,0.13019709663484064,-9.463413628965945,0.782198263982696,2.3436084834540067,5056.321812229178,-33624.589074633775,-33584.47872329196,-628.6269317799561,-620.6048615115942,-609.3108536850159,-601.288783416654,-1274.7635251850115,-1250.697314379926
280,22227,-1.3024066153248879,-0.14670046195731182,-8.877999414234111,6.816611118041256,5304.823709357135,-31840.427871950404,-31824.409745860234,0.23595781436920849,0.6293121516246578,-9.234145274260298,2.6670536566335494,5158.401497830061,-32460.557072557134,-32436.52988342188,0.24823366974862224,0.6122202049899524,-9.237237996425442,2.4663060639998067,5161.868618193558,-32445.62264034707,-32421.595451211815,-3.630119844659553,-0.405154302709168,0.12793853635311275,-9.419523497954863,0.6666439035521802,2.4681954339698327,5007.865876947647,-33114.8517438828,-33074.80642865737,-620.1292006067306,-612.1201375616474,-605.1947683966646,-597.1857053515814,-1274.4238719323948,-1250.396682797138
281,22872,-1.2928947903419594,-0.14621429075592007,-8.842465286106867,6.839276754892107,5524.743709297756,-32489.7151071324,-32473.639769664398,0.23635136354738467,0.632401404284316,-9.221814605454924,2.6756833334601415,5387.456529312105,-33063.25404508236,-33039.14103888035,0.24711594679112042,0.604362656190443,-9.228009657821135,2.4456643289851803,5391.25499229916,-33047.13366763981,-33023.020661437804,-3.2252835999450027,-0.3603967260203707,0.13240483496152344,-9.326142239488966,0.47561876585147833,2.774719989946515,5213.27057206804,-33810.96471268587,-33770.77636901586,-573.5389379499575,-565.5012692159507,-557.4185605074126,-549.3808917734059,-1321.2496055534684,-1297.1365993514628
282,22451,-1.3236986300015652,-0.14904564572045406,-8.88116270423799,6.709354004715929,5306.457518923778,-32379.562129931222,-32363.523949060007,0.2401480121103116,0.6524768794842857,-9.245199451645833,2.7169780576179474,5169.071822023563,-32966.481895534605,-32942.42462422778,0.2507218248901173,0.6203463641373927,-9.252954690933743,2.4742415799233637,5172.633770445568,-32951.01649546696,-32926.959224160135,-4.267198232661658,-0.4766730757047384,0.12193838275918899,-9.657606661793427,0.7892002472838052,2.0978738908664973,4997.886415524359,-33718.58745281189,-33678.49200063384,-586.919765603383,-578.9006751677734,-571.4543655357375,-563.4352751001279,-1339.025322880665,-1314.9680515738364
283,22565,-1.3233628244862863,-0.1495302436467911,-8.85013487714387,6.687610316225549,5493.859150990755,-31875.134353670564,-31859.08604304604,0.22286571225070537,0.5250042618620236,-9.266986506023915,2.3556977722595462,5377.378501828907,-32356.70145441034,-32332.628988473556,0.23170078102902966,0.4895881343771166,-9.270406928284528,2.113018921225718,5379.421603571161,-32348.12965035772,-32324.057184420937,-3.926974127397357,-0.42081409852024865,0.12840549222250494,-8.956458051818725,0.0001362335790802501,2.376346238199722,5197.260023106779,-33121.477917132,-33081.35714057069,-481.5671007397759,-473.5429454275145,-472.99529668715695,-464.9711413748955,-1246.3435634614325,-1222.2710975246482
284,22490,-1.3667168730737815,-0.15368980243471284,-8.89269718239348,6.506612567380964,5476.188571137877,-31766.755408007026,-31750.71375591712,0.24615399323117676,0.6550262948192513,-9.224921650129636,2.6610427327257704,5327.496506588725,-32383.858182666932,-32359.795704532073,0.258653288033836,0.6341088043967935,-9.229168666223368,2.451578362745738,5330.927646286151,-32369.378305838254,-32345.315827703394,-4.0853046324836315,-0.4537544130940877,0.12017351243318304,-9.43230225208474,0.7889815148291424,2.203835315189863,5171.1797109716545,-33049.62349046637,-33009.519360241604,-617.1027746599066,-609.0819486149521,-602.6228978312283,-594.6020717862739,-1282.8680824593466,-1258.8056043244833
285,22569,-1.3527415317355196,-0.15187278398180237,-8.907070090304048,6.584458214184192,5410.176187198522,-32231.203937340033,-32215.155272215576,0.24663234329248965,0.6517781488043648,-9.243657699496636,2.6427115766864326,5248.536357143137,-32913.77611350048,-32889.70311581379,0.25852452052717095,0.6276667841484865,-9.249667674470533,2.427881049227277,5252.842417242433,-32895.26740566017,-32871.19440797348,-5.0743462957309005,-0.5542989089514849,0.0731242630323748,-9.559684938833097,1.0303696870566397,1.8040807655414763,5100.181635886685,-33556.8991865029,-33516.77752369176,-682.5721761604436,-674.547843598215,-664.0634683201351,-656.0391357579065,-1325.695249162869,-1301.622251476183
286,22465,-1.2591603485643135,-0.1425697567358492,-8.831889577375545,7.014110305685538,5428.924905003381,-31901.184337858285,-31885.144910215276,0.23881787665790458,0.6848885198039909,-9.203969294788742,2.867827691078008,5284.724275576453,-32503.95731970205,-32479.898178237538,0.25063468730865823,0.6613219095691044,-9.212029230875975,2.638588922668482,5288.601601999278,-32487.481114768667,-32463.421973304154,-3.4012045595864904,-0.38461693651681134,0.13059594734281516,-9.50786979048663,0.6364336777590665,2.5999895091886853,5115.9072057086305,-33229.29930017589,-33189.20073106837,-602.7729818437656,-594.7532680222612,-586.2967769103816,-578.2770630888772,-1328.1149623176025,-1304.0558208530929
287,22740,-1.317783968812656,-0.1481947933306533,-8.892242022784208,6.747875397813692,5397.979096931704,-32698.413240470003,-32682.349478935394,0.23422303082891957,0.639141492085096,-9.245241164130208,2.7287730409053395,5259.7535743555,-33286.299426967926,-33262.20378466601,0.2439397409012308,0.6026162758448584,-9.252839681438873,2.470348921493906,5263.045268707694,-33272.07257855491,-33247.97693625299,-4.555612551671668,-0.5059639133274176,0.1104225302805252,-9.690327876567409,0.8335011678948772,1.9764255387772753,5085.9457171810955,-34046.43580192376,-34006.27639808724,-587.8861864979226,-579.854305730616,-573.6593380849044,-565.6274573175979,-1348.0225614537594,-1323.926919151847
288,22265,-1.276514250845076,-0.14375016555904424,-8.880088908981172,6.956513727208598,5361.339857653139,-31696.952008393822,-31680.93046595831,0.23105941653649925,0.5479026055074759,-9.2769713776166,2.3712628280653805,5181.734264081275,-32453.612224138957,-32429.57991048569,0.2411786670226794,0.5214129999154586,-9.277775276743656,2.161936651994296,5185.7101696630725,-32436.535008498362,-32412.502694845094,-3.7526489356848503,-0.4116846695981634,0.1231775518196255,-9.243628084268344,0.5376081896433623,2.429043571080941,5009.796837193811,-33200.93212369253,-33160.87826760375,-756.6602157451343,-748.6494445273784,-739.5830001045397,-731.5722288867837,-1503.9801152987093,-1479.9478016454414
289,22543,-1.2181511332989035,-0.13751365375936614,-8.858401329591132,7.272005162119324,5410.424153973552,-32167.050034483174,-32151.003674732267,0.23066801323409125,0.6130866349419655,-9.241720115680542,2.6578745199482006,5234.2433586174275,-32911.34039753159,-32887.27085790523,0.23937800245149635,0.5725017443591351,-9.25104737847661,2.391622197929977,5238.454874634788,-32893.209404241665,-32869.1398646153,-4.2084681738245395,-0.4642482512293449,0.10378196448561773,-9.418718424577957,0.7731009145421488,2.1540199609841646,5069.177908557193,-33629.70023060305,-33589.58433122578,-744.2903630484143,-736.2671831729604,-726.1593697584904,-718.1361898830364,-1462.6501961198737,-1438.580656493512
290,22508,-1.3758476621713818,-0.15482297453345775,-8.886585897973795,6.458989713983933,5602.975874759269,-31295.015705817004,-31278.972453655897,0.2379617933219555,0.6115695583402757,-9.234878559060055,2.5700325661642647,5476.480255960372,-31806.991676140082,-31782.92679789842,0.24965766089056496,0.5901416359763645,-9.238677002432413,2.3638034333544744,5480.104123523111,-31792.102726947272,-31768.03784870561,-3.433222539472961,-0.3797280456268297,0.13194566823055923,-9.207561089858995,0.5341847161686549,2.6334636367173427,5325.207610201547,-32433.461168169375,-32393.35303776661,-511.9759703230775,-503.9543442425238,-497.0870211302681,-489.0653950497144,-1138.4454623523707,-1114.3805841107132
291,22190,-1.480035525275004,-0.1657384454888922,-8.92994694688503,6.033603109104943,5485.6606369101055,-31006.618335220413,-30990.60354118856,0.260624385758685,0.7224987247499405,-9.224975241434814,2.772183894637204,5365.858715421906,-31494.598137128527,-31470.575946080746,0.2760806475431761,0.7142256638706705,-9.230135331493878,2.587018214519991,5368.88466196063,-31482.088149118157,-31458.065958070376,-3.8470168010468035,-0.4377468565069765,0.14967566212014638,-9.684205607646525,0.7923774622765504,2.2844253137065365,5219.25050947924,-32105.319076124044,-32065.28209104441,-487.9798019081136,-479.9724048921853,-475.46981389774373,-467.46241688181544,-1098.7007409036305,-1074.6785498558493
292,22702,-1.3931271794757374,-0.1570490833203783,-8.870648271367328,6.367436083405922,5602.617889041941,-31761.071046561516,-31745.010629950884,0.2460652983089086,0.6481266487519354,-9.226747296579026,2.6339620141734974,5475.907376415147,-32278.401450751782,-32254.310825835837,0.25863495194411207,0.6271313930123917,-9.232537993000584,2.424774332696949,5478.654176926511,-32267.016628782923,-32242.926003866978,-3.1829734529874947,-0.36296053820850216,0.14742406893818216,-9.496688640431545,0.5587122698756655,2.7551204462495904,5300.246666388003,-33014.59181821618,-32974.440776689604,-517.3304041902666,-509.3001958849527,-505.9455822214077,-497.9153739160938,-1253.520771654661,-1229.4301467387195
293,22615,-1.3881480993228392,-0.1563593261326098,-8.877936057012281,6.39552513261595,5531.447028437372,-31841.627793243362,-31825.575055879537,0.24690173016832032,0.6403357878273602,-9.234949692076764,2.5934844093268365,5385.4305585239235,-32444.628514242573,-32420.54940819684,0.26178366892083593,0.6379498325583519,-9.234458361292251,2.436935180823941,5389.299242867328,-32428.3886081292,-32404.309502083466,-3.578557441591891,-0.40171545396911185,0.14007099501103407,-9.448181205982458,0.5924278978114641,2.489324197313282,5199.383472038095,-33235.70875238225,-33195.57690897269,-603.0007209992109,-594.974352317302,-586.760814885838,-578.7344462039291,-1394.080959138886,-1370.001853093152
294,22406,-1.4161445222059588,-0.15930344699588048,-8.889603765087266,6.277328073295612,5609.0379874003265,-31027.17977533904,-31011.145607220802,0.26210215318427865,0.7530662780831828,-9.189540174137873,2.87317852575487,5489.31224841228,-31508.617208691987,-31484.56595651463,0.2794045193695031,0.7588653086557637,-9.191299704681294,2.7160094273643076,5492.8024413476505,-31494.375640878883,-31470.324388701527,-3.8708370752863925,-0.43439631676787566,0.1339357449776519,-9.473098890801403,0.8254166592066651,2.302045301489885,5353.12536334049,-32067.509787248968,-32027.424366953375,-481.4374333529486,-473.4203492938286,-467.1958655398448,-459.17878148072487,-1040.3300119099295,-1016.2787597325732
295,22604,-1.3531023642945381,-0.15236336455722949,-8.88075928374696,6.563257531795894,5379.712890739209,-32443.858343664684,-32427.806579343185,0.23306066539315648,0.5869339834357205,-9.250615079412613,2.518374271546875,5240.776335986106,-33033.300223260194,-33009.222576777946,0.2442398202061984,0.5643323374026799,-9.253757215956446,2.3105664626113986,5244.169387666763,-33018.67038255556,-32994.59273607331,-3.5170633591665714,-0.3890662721249021,0.12807284933310978,-9.302838853773173,0.48154857577838117,2.5702562047808906,5061.965997780543,-33813.99125984404,-33773.861849040295,-589.4418795955098,-581.4159974347604,-574.8120388908756,-566.7861567301261,-1370.1329161793583,-1346.05526969711
296,22450,-1.314947027654596,-0.14796324525994217,-8.886984232770065,6.758435165727797,5375.072784328521,-32088.690302455627,-32072.652210669286,0.2456970111565029,0.6610565632822563,-9.237272525599131,2.6905356323654246,5213.561425738359,-32771.61551066653,-32747.55837298702,0.2579255313043856,0.6403957186958036,-9.242492368184609,2.4828706001192784,5217.458641754194,-32754.84006530061,-32730.782927621098,-4.405414873830659,-0.48906711565663125,0.11464669781607267,-9.57301410553824,0.8257987137528859,2.0447091370217767,5046.6364976682835,-33498.165807929305,-33458.070578463456,-682.9252082109051,-674.9061623177331,-666.1497628449833,-658.1307169518113,-1409.475505473678,-1385.4183677941692
297,22547,-1.3112920522960543,-0.14774944194937864,-8.87510663319679,6.76821507280289,5519.912772072497,-31725.039409708483,-31708.99269511171,0.23025273262941773,0.5256806386573377,-9.26638114640045,2.2830592829636425,5340.610802130293,-32467.587100976816,-32443.517029081657,0.2391310074675594,0.49003373778857345,-9.26805664727343,2.049227086767707,5343.70896853051,-32454.511049102108,-32430.44097720695,-3.9754399011631385,-0.4264227026650112,0.13753602103519885,-9.067074217600975,0.045298258731438036,2.3450909010010643,5168.24535012406,-33203.28176421122,-33163.16497771929,-742.5476912683334,-734.5243339699482,-729.4716393936251,-721.4482820952398,-1478.2423545027377,-1454.1722826075784
298,22757,-1.4399679897289186,-0.1617725867027627,-8.901186653921059,6.181517031914544,5526.811339927476,-32203.111698723,-32187.046442584284,0.24326147742340348,0.6602952126296137,-9.228170811846649,2.7143435106264326,5436.940454439318,-32574.202514407563,-32550.104630199487,0.25723829391937736,0.649617651561561,-9.231511687681065,2.525353599822745,5439.094025726926,-32565.19025492605,-32541.09237071797,-3.2855150755149185,-0.3811349167418359,0.15365345579079587,-9.694896876723446,0.6558753573020719,2.623742816713264,5273.555763214774,-33264.55575291414,-33224.39261256734,-371.0908156845617,-363.05818761520277,-362.0785562030469,-354.045928133688,-1061.4440541911354,-1037.346169983055
299,22472,-1.3352755443644957,-0.1508839666147065,-8.849684789731317,6.627609430189325,5425.576729021797,-31931.99036207447,-31915.950311336903,0.2498154994428573,0.7649668809827749,-9.190232768101094,3.0621273807622695,5309.378583325717,-32416.49573482681,-32392.43565872046,0.26448479400708513,0.7576992693253276,-9.197371630865973,2.864812217919152,5313.444576940476,-32399.292960838302,-32375.23288473195,-4.5055991956511665,-0.5117564700967839,0.12429008360370418,-9.943035305200834,0.8765333436134846,1.954054434936365,5129.798072476101,-33185.72364718145,-33145.623520337525,-484.5053727523409,-476.4853473835574,-467.30259876383207,-459.28257339504853,-1253.7332851069768,-1229.6732090006226
300,22600,-1.3226291955836265,-0.14910957122132312,-8.87018307912944,6.706477604416832,5489.7556228609465,-31976.495326460277,-31960.443916089756,0.23785748607565305,0.6644283668712047,-9.218961834089967,2.793388502642613,5353.686322401404,-32541.718839480254,-32517.641723924473,0.25144731770500056,0.6560363896626101,-9.221211399743302,2.6090411130663793,5357.163279840876,-32527.046008881305,-32502.968893325524,-3.153384990625451,-0.3562979851114805,0.13678251527970395,-9.436726771411678,0.5140739909782523,2.8066395034120513,5184.2119992698445,-33264.70440104447,-33224.57587511817,-565.223513019977,-557.1978078347165,-550.5506824210279,-542.5249772357674,-1288.209074584196,-1264.1319590284147
301,22735,-1.294188526695724,-0.14620060953874023,-8.852141798716579,6.839916763377242,5418.369440670953,-32600.505816264835,-32584.442494532315,0.2501850220883303,0.6974850170688758,-9.192467480226492,2.7878767931304127,5240.884806817456,-33355.68563908459,-33331.590656485816,0.26314768707849456,0.6783376434107915,-9.198245920700323,2.5777830348493604,5245.594428026508,-33335.26443898704,-33311.16945638826,-5.319954962288341,-0.582667941630911,0.061199924332324136,-9.679832883662927,1.113981015211957,1.7162433841837255,5080.413020942082,-34058.69363829973,-34018.53533396844,-755.1798228197586,-747.1481619535007,-734.7586227222055,-726.7269618559476,-1458.1878220348954,-1434.0928394361217
302,22660,-1.309390708515254,-0.1473001120568877,-8.889271638907944,6.78886109478177,5621.014766052491,-31586.05775152711,-31570.001038457947,0.23957821739752275,0.6289669111424075,-9.254043396611479,2.625309253799094,5469.010494412538,-32205.270496171546,-32181.1854265678,0.2482360794012826,0.583912403588132,-9.263581159778516,2.35224631728177,5472.856787657085,-32189.339575741877,-32165.25450613813,-4.525518310450295,-0.500293421517817,0.10751670005268944,-9.587313890947351,0.8529187335229987,1.9988270022942665,5302.722594910103,-32900.95050935413,-32860.80872668122,-619.2127446444356,-611.1843881098539,-603.281824214766,-595.2534676801843,-1314.8927578270195,-1290.8076882232745
303,22511,-1.2620383684375505,-0.14265948282066718,-8.84650878781062,7.009698761189742,5314.20108691616,-32493.361133702758,-32477.31761498753,0.22794262317835864,0.6278525646373563,-9.213674629952198,2.7544324790281958,5175.469927882896,-33086.834379665765,-33062.76910159292,0.2383706045356928,0.5977208437618435,-9.22080846083318,2.507527490338444,5178.559923429128,-33073.398279363726,-33049.333001290885,-4.080075619399693,-0.45429183539814355,0.10714408933273999,-9.531488590909946,0.8507574166870245,2.2012282019631613,5026.432157762851,-33740.599552651605,-33700.49075586353,-593.4732459630068,-585.4514866053942,-580.0371456609682,-572.0153863033556,-1247.2384189488475,-1223.1731408760024
304,22423,-1.4050743897167084,-0.15787142631460174,-8.900118422422533,6.3342684825512885,5449.527784945856,-31714.639815416172,-31698.604130422624,0.2625365856666753,0.7602349500088857,-9.196094293527121,2.895729553572026,5306.994284807262,-32306.924051901457,-32282.870524411137,0.2790664590392183,0.761873174007688,-9.19943222931762,2.7300779055666413,5311.741175950225,-32286.876552350845,-32262.823024860525,-5.339164925454045,-0.5870943703625722,0.07796251335665404,-9.772903632577655,1.1055677579152003,1.7033036773669443,5150.549362124178,-32973.87056690925,-32933.78135442539,-592.284236485284,-584.2663939885133,-572.2367369346721,-564.2188944379013,-1259.2307514930799,-1235.177224002764
305,22477,-1.3055675332717829,-0.14748686256641744,-8.852093742816242,6.780264917152687,5399.014671959352,-32054.407796249074,-32038.367300562782,0.2451105291405706,0.6945306352647648,-9.19913467185283,2.83354059778661,5260.8412125689865,-32635.135899411587,-32611.075155882154,0.25870517595809955,0.6821508789021394,-9.20413879738096,2.6367886779838607,5264.782265105125,-32618.30401440596,-32594.243270876526,-3.621060675900181,-0.4076007340625043,0.13097130273818347,-9.477417911473454,0.6847090908920016,2.453381253839089,5101.084346643285,-33324.27726908369,-33284.176029867966,-580.7281031625134,-572.7078553193714,-563.8962181568859,-555.8759703137439,-1269.8694728346127,-1245.808729305183
306,22703,-1.2371622451172133,-0.13976039574759822,-8.852023053451278,7.155102807564746,5428.724463920966,-32479.290603653324,-32463.230098946668,0.23579029946338453,0.6675887926169399,-9.209982335054029,2.831281838719615,5267.050437126198,-33163.68594233809,-33139.59518527811,0.24705020775281575,0.6439760548547885,-9.216058563423255,2.606660648911957,5272.0329702966,-33142.21947231934,-33118.12871525936,-4.5673129381298105,-0.5002998505273116,0.07502810593731615,-9.421500770948807,0.9227152064914277,1.9988013167423673,5107.111880024121,-33859.766136907536,-33819.6148751409,-684.3953386847643,-676.3650863314397,-662.9288686660148,-654.8986163126901,-1380.4755332542118,-1356.3847761942307
307,22387,-1.4105564082075863,-0.1586080226254222,-8.893348424996365,6.304851314877415,5407.095300519534,-31802.74211717374,-31786.709645749284,0.2564427012569062,0.6979775592806207,-9.20844920170204,2.721768082537009,5268.373023636341,-32382.590207613153,-32358.54150047647,0.2703932059530888,0.682136890541527,-9.214839718900025,2.5227589877382965,5271.8852708627965,-32367.670519808176,-32343.621812671492,-3.7232230582485073,-0.41891947292466625,0.14103760441147672,-9.456560633676101,0.7613819052292677,2.3870936173449944,5120.803953108078,-33014.608054425116,-32974.52687586398,-579.8480904394128,-571.8318547271847,-564.9284026344358,-556.9121669222077,-1211.8659372513757,-1187.8172301146951
308,22915,-1.3017709699253024,-0.1473034883952953,-8.837339727026311,6.7887054875201365,5444.568560239844,-32928.823893302084,-32912.744799308195,0.23903342975903907,0.6507054356155876,-9.197206744297004,2.7222361168123643,5308.712939708766,-33505.8652202343,-33481.74657924347,0.25096841107844,0.628258769321439,-9.201529793442324,2.503338036136656,5311.793523693797,-33492.5717705782,-33468.45312958737,-3.941178590402037,-0.4396804081943132,0.11427500392024717,-9.455479362204203,0.7941418692297231,2.2743792567579177,5154.546662500718,-34177.175984215886,-34136.97824923117,-577.0413269322162,-569.0017799352718,-563.7478772761169,-555.7083302791725,-1248.3520909138024,-1224.2334499229764
309,22283,-1.43149330310117,-0.160389385831394,-8.925112442328306,6.234826543018434,5491.102027506851,-31207.68862183572,-31191.665463165948,0.2509929051534105,0.6778708629908317,-9.238418636112192,2.700757069513607,5364.811676757645,-31724.16268527659,-31700.12794727193,0.2648048247622535,0.6627175936761596,-9.243600489056055,2.5026643463583387,5367.447468482786,-31713.21748773759,-31689.18274973293,-3.2286038086856017,-0.3690155284226587,0.1551654096744891,-9.539078932650936,0.6150520394998436,2.709913060500347,5215.011763827472,-32351.2156645247,-32311.157767850265,-516.4740634408699,-508.4624841059813,-505.5288659018697,-497.51728656698106,-1143.5270426889801,-1119.4923046843178
310,22499,-1.3466789856313859,-0.1514530420307854,-8.891726224671343,6.602706598634929,5342.055323823028,-32346.420976626618,-32330.378524341097,0.25566655682273354,0.7396546837507953,-9.20167067762879,2.893044334553444,5189.721739030817,-32995.32582374851,-32971.26214532023,0.2709184380381538,0.7348290812595404,-9.207394308248581,2.712362756041187,5194.374746190038,-32975.16267999674,-32951.09900156846,-4.344632006863595,-0.4846701564945678,0.11848822748160917,-9.593388213495816,0.8681773995723694,2.0632588712138045,5030.534003510008,-33692.25829087081,-33652.152160157006,-648.9048471218957,-640.8836209791334,-628.741703370124,-620.7204772273617,-1345.8373142441887,-1321.773635815909
311,22548,-1.4262436202087565,-0.16059817905725435,-8.88082062063911,6.226720663149569,5541.7534085840425,-31638.407045452037,-31622.360242153634,0.2528862084682356,0.702864993338098,-9.216028670772602,2.7793725786607424,5433.960308977358,-32079.31162928614,-32055.241424338536,0.2670303272292026,0.6887385611765975,-9.221401181996397,2.5792522082535823,5436.851797085808,-32067.316706593934,-32043.24650164633,-3.3661758418184906,-0.3845726117122819,0.14770299203459958,-9.576064743344368,0.6375845548819444,2.6002891769842162,5269.968751554434,-32766.267439533498,-32726.15043128749,-440.9045838341044,-432.88118218490126,-428.90966114189723,-420.8862594926941,-1127.860394081461,-1103.7901891338552
312,22576,-1.3310253277893649,-0.15050469886868442,-8.843745994606364,6.64431082562081,5440.713264169899,-32121.1339015919,-32105.084616243716,0.22938110141990728,0.5431830335379347,-9.257972250896398,2.3680374284347803,5299.998407974524,-32710.70743252336,-32686.633504501082,0.23933154139467586,0.5154164822222158,-9.260884573956767,2.15356688557926,5303.262869990571,-32696.806332687982,-32672.732404665705,-3.67201205820201,-0.39625343234159305,0.1270760817997043,-9.094373953360078,0.17068407358695278,2.523637446092689,5118.230506353326,-33494.558925612444,-33454.43571224198,-589.5735309314587,-581.5488882573663,-575.6724310960817,-567.6477884219894,-1373.4250240205438,-1349.3510959982668
313,22565,-1.3880365343726233,-0.1566392318715342,-8.861359429488298,6.384096679049972,5370.903741290362,-32385.887750028636,-32369.839439404113,0.2576696079475108,0.7400376580207474,-9.197814693543886,2.8720409206020854,5244.9408556616145,-32919.405370401306,-32895.33290446452,0.2729237367457526,0.7322756121113497,-9.204913659773764,2.683077774189774,5248.55396040793,-32903.86627437056,-32879.79380843377,-3.0892278932329815,-0.35538499564880127,0.14802845148818566,-9.545094031995717,0.5692518943173888,2.813849803012563,5072.709912449158,-33668.82344272515,-33628.702666163845,-533.5176203726696,-525.4934650604082,-517.978524341921,-509.9543690296596,-1282.9356926965156,-1258.8632267597313
314,22509,-1.3258525002273442,-0.14987663424624112,-8.846292198215655,6.6721541021333675,5646.247984064335,-31124.23582721333,-31108.192486196906,0.25949731330525216,0.7264506772143846,-9.184919082593309,2.799453558734326,5481.07677020898,-31790.52079774961,-31766.455786224968,0.271816587934674,0.6993082633512255,-9.193641046881305,2.572721071457534,5485.486533822394,-31772.418613542515,-31748.353602017873,-4.89076171244024,-0.5426836812928487,0.09980148722343062,-9.663911776115041,0.9826201856000584,1.842694067412669,5310.947921535958,-32496.25741033955,-32456.14905779848,-666.2849705362787,-658.2633000280621,-648.1827863291837,-640.1611158209671,-1372.0215831262176,-1347.956571601575
315,22448,-1.5031964021969326,-0.16847335664051039,-8.922457723712737,5.935656651833719,5711.685732318009,-30720.29292991504,-30704.255016310355,0.24837921426495554,0.6313047305187331,-9.246431930883181,2.5416971077350152,5631.26817312352,-31036.595134081195,-31012.538263674167,0.2617162478346632,0.6153583889850853,-9.2493428431116,2.3512425922208404,5632.9002004941985,-31030.09030399376,-31006.03343358673,-3.3394450454785556,-0.3785305427815793,0.15306253027082037,-9.484349324512998,0.5883129539018778,2.64179474832239,5480.035956282589,-31643.697200991162,-31603.60241697945,-316.302204166157,-308.2832473638118,-309.79737407872017,-301.77841727637497,-923.4042710761241,-899.3474006690958
316,22741,-1.3131566770393215,-0.1477481952868402,-8.887801806918471,6.76827218131895,5520.470672712312,-32190.577861557074,-32174.51401207365,0.24688980742796798,0.6789724015596167,-9.23569559147474,2.750103006004864,5358.458573920231,-32865.95878035274,-32841.863006127605,0.25680819747697536,0.6387721317007998,-9.245627426073646,2.4873510190735644,5362.6400119020145,-32848.21991055239,-32824.12413632726,-5.565272796975283,-0.611266401787831,0.07931575043566935,-9.872425498736886,1.076579834376628,1.6359479223382827,5182.404114700912,-33621.67398090746,-33581.5143571989,-675.3809187956649,-667.3489940539548,-657.6420489953161,-649.610124253606,-1431.0961193503827,-1407.0003451252524
317,22587,-1.3311074377054755,-0.1500116124442233,-8.873362641844825,6.666150597986644,5489.948191704885,-31944.310916388877,-31928.26065679184,0.2512999394400698,0.7361406240675182,-9.215780606179516,2.9293306863015527,5352.157417099143,-32516.451754820202,-32492.376365424647,0.2652880982520058,0.724045898409889,-9.2238435713766,2.729281498795676,5356.603321560322,-32497.697082401075,-32473.62169300552,-4.975519381659478,-0.5590639139312,0.1195380160403238,-9.963529191790425,0.9477237505277782,1.788704252020571,5176.165667758876,-33267.651974841916,-33227.52632584932,-572.1408384313254,-564.1157086328058,-553.3861660121984,-545.3610362136787,-1323.3410584530393,-1299.2656690574804
318,22624,-1.33221112761203,-0.15025941280062935,-8.866074362873126,6.655157113696717,5440.737994190267,-32237.384965981124,-32221.33143284373,0.24533230345895085,0.7347342540450871,-9.202302509927737,2.9948532813903297,5322.945698724023,-32730.575898836283,-32706.495599130194,0.25968793378783533,0.7279522854664243,-9.2084796994489,2.803181013643708,5327.113386099806,-32712.868999137063,-32688.788699430974,-3.9687103424991856,-0.44761369439663606,0.12616413397271636,-9.668815299540324,0.7717950256325422,2.2340692711556933,5149.321801027712,-33476.82927653134,-33436.69544368786,-493.1909328551592,-485.164166286464,-475.48403315593896,-467.4572665872438,-1239.4443105502141,-1215.3640108441286
319,22439,-1.3140998411646339,-0.14793638306405124,-8.882871231181007,6.759662358157257,5470.631757069489,-31666.54847265069,-31650.511361059962,0.23467346484602888,0.6498305093690269,-9.258939261543725,2.7690838834095954,5362.748896930674,-32111.475171368045,-32087.419503981953,0.24419125321730692,0.6101001039725519,-9.269832298892698,2.4984519139578723,5365.143185468163,-32101.459141942672,-32077.40347455658,-2.946400994733368,-0.3411841271608454,0.1427640307999786,-9.654231450993231,0.5129889002721133,2.930968706901676,5184.8135786651455,-32864.63009523547,-32824.537316258655,-444.92669871735416,-436.9081429219914,-434.9106692919813,-426.89211349661855,-1198.0816225847811,-1174.0259551986928
320,22574,-1.396414792715822,-0.1571765931223311,-8.884368626243141,6.362270489103276,5550.097931780122,-31666.943401625886,-31650.894293464855,0.2555477073427247,0.7288294728961776,-9.214210106232331,2.8520290026265696,5414.97089505951,-32221.348875193264,-32197.275212951718,0.26954193653100234,0.7141667721271833,-9.222213667193108,2.6495571758461445,5419.327508493247,-32203.194271491077,-32179.12060924953,-3.427940857756696,-0.3909428916858737,0.14505199862078955,-9.58716597356132,0.6119641431192326,2.557918359092482,5238.6052226741795,-32964.82416430105,-32924.70139389847,-554.4054735673781,-546.3809194868627,-536.2508698651909,-528.2263157846755,-1297.8807626751623,-1273.8071004336125
321,22818,-1.3838229918149099,-0.15596417355230513,-8.872697878598524,6.411728906860996,5514.632603282162,-32400.86097524157,-32384.790365287256,0.25645170385310506,0.7743020512682266,-9.187655031736972,3.0192899467407908,5401.334669178821,-32872.53866845384,-32848.43275352237,0.27378768269133086,0.7839720225743803,-9.191437064418249,2.8634305782785447,5405.56317057934,-32854.68230461814,-32830.57638968667,-3.9060457944138176,-0.44354382422305166,0.13412485593095413,-9.700744856299865,0.7868163879717199,2.25456864775805,5231.3160087991255,-33598.331568940164,-33558.15504405438,-471.67769321227024,-463.6423882351155,-453.82132937656934,-445.7860243994146,-1197.4705936985956,-1173.3646787671241
322,22807,-1.3795044989781122,-0.15570547431043005,-8.85970454852341,6.422381771923444,5610.84835344362,-31979.75170630406,-31963.68206073333,0.264817264573794,0.8506569148570405,-9.167963475446092,3.212241151369481,5511.966779577164,-32383.269813288574,-32359.165344932477,0.2822544687106401,0.856614481419688,-9.17566189385208,3.0349013970718275,5515.793824338516,-32367.440051197955,-32343.335582841857,-3.41302613318836,-0.4026356581324243,0.1549476109123923,-9.885819837546547,0.7658091634580795,2.48363496824493,5349.57906733832,-33061.28185607191,-33021.107742145075,-403.518106984513,-395.48328419914833,-387.6883448938934,-379.6535221085287,-1081.5301497678483,-1057.425681411747
323,22528,-1.2662411677538208,-0.1423925849079177,-8.892606090216512,7.022837605249452,5330.769060290915,-32464.78329945104,-32448.738270933125,0.23516548899049736,0.6020733606719769,-9.257679519217621,2.5602113781937863,5148.6049647604195,-33246.07553814933,-33222.007995372456,0.24504039898379482,0.5691547487624403,-9.262977113543082,2.322697608732183,5152.473607621985,-33229.154438116864,-33205.08689533999,-4.529133536796878,-0.4975014488945319,0.09814906611212658,-9.457663504206986,0.8331636454888005,2.010044397301837,4983.546244933626,-33976.129294996776,-33936.016723701985,-781.29223869829,-773.2697244393312,-764.3711386658251,-756.3486244068663,-1511.3459955457365,-1487.27845276886
324,22112,-1.411462433791512,-0.15825135163612103,-8.919117714943702,6.3190613518383945,5425.297027667018,-31064.41690968253,-31048.4091582294,0.265098063218788,0.772055887892445,-9.223154597565157,2.9123407335317264,5290.247361013389,-31619.808348812556,-31595.796721632854,0.28079726727539306,0.7647974449953805,-9.230716948125682,2.723664131123122,5294.002097908281,-31604.119991121283,-31580.10836394158,-4.601130619469174,-0.5265903808841328,0.14574709740396188,-10.035243691423467,0.9118768029290834,1.8990092419102371,5130.259682673944,-32294.839711107707,-32254.82033247487,-555.3914391300241,-547.3875634034557,-539.7030814387508,-531.6992057121824,-1230.4228014251748,-1206.4111742454697
325,22369,-1.3007535265907355,-0.14664866341810073,-8.869862815471011,6.819018848804392,5500.434621914566,-31376.328397275793,-31360.297534574278,0.2343299401948577,0.5997058219208053,-9.250441957848858,2.5592368667107515,5357.8493594530955,-31961.83800516901,-31937.791711116737,0.2451651950460859,0.5752584699625104,-9.254719250039145,2.3464116505378096,5361.950108867864,-31944.723940973214,-31920.67764692094,-3.2923272919660627,-0.3662528078498398,0.138008393554318,-9.309619319783975,0.46515258082410027,2.7303544944015568,5197.0853041750215,-32639.303005775917,-32599.225849022125,-585.5096078932183,-577.4941765424592,-568.3955436974211,-560.3801123466619,-1262.9746085001243,-1238.9283144478468
326,22416,-1.4044709383423881,-0.157656081360244,-8.908447591902105,6.342920560831402,5464.596300132412,-31635.84194871453,-31619.806888177376,0.24072924935616888,0.6368436425280248,-9.243632069148813,2.6454767928337133,5340.052600236602,-32150.637128027553,-32126.58453722182,0.2533282866260895,0.6196809359721633,-9.249043299749085,2.4461576882127156,5343.50115895642,-32136.165745809485,-32112.113155003753,-3.276205624913607,-0.36665296366398425,0.13984508429267778,-9.362451086362547,0.5209137973437139,2.727374654242372,5185.664811399221,-32804.26544055365,-32764.177789210768,-514.7951793130233,-506.77764904444484,-500.3237970949558,-492.3062668263774,-1168.423491839123,-1144.3709010333914
327,22792,-1.3388836082178899,-0.15132901916873978,-8.847500734310348,6.6081178976317005,5447.671013927389,-32616.398530541912,-32600.330200789558,0.2603605914451568,0.8266067865821698,-9.170932884522772,3.174853698073155,5330.677576823173,-33109.20886743673,-33085.1063728082,0.2753307556288842,0.8155557482000082,-9.181831324709497,2.9620946135755655,5334.625635015411,-33092.33468305764,-33068.23218842911,-4.650819698552761,-0.5320318344113779,0.12984536109924807,-10.048784869941194,0.9106517006210273,1.8795867753033355,5145.827094442118,-33909.58964487472,-33869.41882049383,-492.8103368948214,-484.7761720186427,-475.9361525157292,-467.9019876395505,-1293.1911143328107,-1269.0886197042746
328,22346,-1.368154278483329,-0.15405541978589454,-8.880922724982886,6.491170524151601,5349.559343444864,-31942.582198298653,-31926.553393072438,0.25754009337182987,0.7261204341822178,-9.210166426052515,2.8194461867102905,5205.6436253695165,-32549.976437471807,-32525.933229632486,0.2727843298135818,0.7194763661431439,-9.214869051568888,2.6375282137167746,5209.761036549726,-32532.30882339201,-32508.26561555269,-3.901468257277837,-0.4377694669000897,0.132016217432918,-9.52496297119898,0.7770541569896551,2.284307325225644,5045.816920134122,-33242.80923560869,-33202.73722254315,-607.3942391731543,-599.3798365600487,-589.7266250933571,-581.7122224802515,-1300.22703731004,-1276.1838294707159
329,22485,-1.437239298022981,-0.16191480263095862,-8.876515764273774,6.176087570444266,5569.552964293614,-31374.573608970004,-31358.532401571596,0.2519378668751807,0.6561391798568698,-9.218075180495912,2.6043690374736133,5447.291963812843,-31871.655056905667,-31847.593245808053,0.26511322415125893,0.6374615898000711,-9.223508709177446,2.404488089346953,5450.415768347157,-31858.764502560825,-31834.70269146321,-3.1965247917131983,-0.3612135750748401,0.1487955542069635,-9.381750945398942,0.5274827121487248,2.7684452329700213,5289.227900176102,-32529.7554989726,-32489.652480476576,-497.08144793566316,-489.06084423645734,-484.19089359082136,-476.17028989161554,-1155.1818900025974,-1131.12007890498
330,22635,-1.285441938406905,-0.1447670597958503,-8.879381402230782,6.907648752486887,5378.216247037939,-32525.677804343715,-32509.623299023977,0.23060850583525708,0.6078528505963733,-9.249766674140412,2.6358648324559777,5231.417092681619,-33150.09170996316,-33126.00995198355,0.24302722074811253,0.5961481517545337,-9.249844906509894,2.453009790094321,5235.413882614694,-33132.805227598874,-33108.72346961926,-3.702061825842212,-0.4102264091045507,0.12207501026683736,-9.384342268934043,0.5991795337541642,2.4376782620670796,5066.643687364465,-33870.49301971912,-33830.35675641977,-624.4139056194472,-616.3866529595725,-607.1274232551586,-599.100170595284,-1344.8152153754054,-1320.733457395796
331,22510,-1.366222584695096,-0.15387479432461143,-8.878793896633505,6.498790165011811,5490.300700293903,-31757.083908217544,-31741.040478349743,0.24725067070709733,0.6742254573540317,-9.223243270399074,2.726890307014557,5349.918063708039,-32338.132993855408,-32314.067849053707,0.26193724732382007,0.6696389120409252,-9.225014757742203,2.5564860243533203,5354.18586903182,-32320.183186280192,-32296.11804147849,-3.986910609019391,-0.4489653272330158,0.133695182207414,-9.621475377947506,0.7449056560711192,2.2273434925655047,5177.3134365218775,-33072.34766644225,-33032.239091772746,-581.0490856378638,-573.0273707039632,-563.0992780626475,-555.077563128747,-1315.2637582247044,-1291.1986134230028
332,22323,-1.3036205101272005,-0.1467021599510726,-8.886171209489879,6.816532219658628,5492.904076301355,-31296.4276309955,-31280.400885363368,0.23006561115694316,0.5781770320572175,-9.273481864873823,2.513096282185364,5353.468038482437,-31868.407967646566,-31844.36784919837,0.23927808377977047,0.5417534859792636,-9.278400470087751,2.2641166187116784,5356.318336470572,-31856.525899925742,-31832.485781477546,-3.4576304935711497,-0.3879314735737307,0.1388957547570826,-9.485319785307508,0.5807084003592288,2.577774860048675,5188.420808348798,-32563.457341547975,-32523.39047746765,-571.9803366510678,-563.9669638350024,-560.0982689302436,-552.0848961141783,-1267.029710552477,-1242.9895921042807
333,22430,-1.2808091565663466,-0.1437163972429058,-8.912060009419493,6.958148264110917,5735.879343687164,-30582.85522888027,-30566.818919625242,0.23454446255296632,0.5555364216312445,-9.287555049319792,2.368576156453874,5547.960447095069,-31328.014116507667,-31303.959652625126,0.24505371223961012,0.532530719489298,-9.288208188767051,2.1731183527984954,5552.629616399317,-31309.14494413546,-31285.09048025292,-3.856418179818113,-0.421076865804989,0.1200379206870053,-9.16447350152032,0.5626191916296089,2.374863311686006,5393.723522654246,-31956.414649026272,-31916.323875888702,-745.1588876273963,-737.1407329998838,-726.2897152551886,-718.2715606276761,-1373.5594201460008,-1349.5049562634595
334,22541,-1.3471418484166582,-0.1521538102263805,-8.85381605897563,6.572296799614549,5454.705853539226,-31978.45964312771,-31962.413460823347,0.25136815479055485,0.6963217007673748,-9.200817631385853,2.7701269532235075,5311.740198277758,-32575.13041146396,-32551.061138007415,0.2650296123683464,0.6825306722348096,-9.204507438020407,2.5752996660848875,5316.234741261892,-32556.065349677257,-32531.996076220712,-4.669031400225173,-0.5170416806309343,0.09902817956991115,-9.611012890849672,0.9167849896363363,1.9340800509152813,5142.8935431550635,-33299.28665498379,-33259.17119922288,-596.6707683362511,-588.647677184068,-577.6057065495479,-569.5826153973649,-1320.8270118560831,-1296.757738399534
335,22492,-1.300754387438698,-0.1468400990830554,-8.858305024045018,6.810128883353464,5386.78906682138,-32141.795896273507,-32125.75406633468,0.24025114872262027,0.7120904682499246,-9.214194913549422,2.963941991686633,5270.3542345226415,-32631.289044666755,-32607.22629975852,0.25383069706695643,0.7003764198945504,-9.220646776717942,2.7592266340812293,5273.641593303832,-32617.26413849084,-32593.201393582603,-3.144465490419464,-0.36511996400808766,0.1414643446546164,-9.710232807867254,0.6239664875582668,2.73882586156765,5097.227275512313,-33378.54112148222,-33338.43654663517,-489.4931483932487,-481.4722334238395,-475.46824221733186,-467.44732724792266,-1236.7452252087169,-1212.6824803004856
336,22482,-1.2254138638710022,-0.1383595864054519,-8.856732632027557,7.227544010355586,5474.790767256635,-31753.19483036155,-31737.153889825506,0.23297997535811193,0.6388672752821776,-9.241015832514337,2.7421553045500113,5318.015511206608,-32404.383472408153,-32380.32206160409,0.24290878944894476,0.6057196778123435,-9.247992442704136,2.493609552731542,5321.86179683745,-32388.12911254745,-32364.067701743385,-4.781165648466526,-0.5291569824580622,0.09980503897504098,-9.714770284769594,0.8918871921451356,1.8897983644754306,5143.444478587666,-33150.770188734336,-33110.66783739423,-651.1886420466035,-643.1681717785832,-634.9342821858991,-626.9138119178788,-1397.5753583727856,-1373.513947568721
337,22343,-1.2742059486479758,-0.14363161554395829,-8.871347327134997,6.962255463136187,5541.204899980011,-31148.869584876367,-31132.84104817261,0.23677596474516283,0.6724597005834296,-9.22641713111195,2.8400674084769726,5407.345227086824,-31693.23886192788,-31669.19605687224,0.24944423730315343,0.6597344731669779,-9.229235358703544,2.6448174561964017,5411.730131904231,-31675.127899493687,-31651.085094438047,-4.494148265905465,-0.498719906740638,0.10675151556151584,-9.660295533385558,0.8683246613349693,2.005133515795381,5249.946604347562,-32349.25891507453,-32309.187573315132,-544.3692770515117,-536.3550086996293,-526.2583146173201,-518.2440462654376,-1200.3893301981625,-1176.3465251425223
338,22567,-1.3454423144668006,-0.15053964856023697,-8.937461508211474,6.642768264467283,5439.861699057841,-32102.861300428027,-32086.812812545682,0.24325229589693967,0.6595474582492337,-9.257101087977068,2.711371976232728,5276.222151165875,-32790.13189794989,-32766.059166126375,0.2556349855400449,0.6392005720194656,-9.262829219032033,2.500442459662219,5279.608949553334,-32775.6508246733,-32751.578092849784,-3.6808264806662208,-0.4152165274419825,0.14657824428824134,-9.566485392903708,0.6934365782134405,2.4083819740044627,5125.050967606246,-33442.15165599454,-33402.030436288675,-687.2705975218632,-679.2463535806928,-672.7895242452723,-664.7652803041019,-1339.2903555665107,-1315.2176237429921
339,22481,-1.288677192364217,-0.145241914863453,-8.872626015539298,6.885064830907352,5503.514913383672,-31633.1413693977,-31617.100517823692,0.24230731156564853,0.6202142637929108,-9.255421833702107,2.559618443972854,5331.961352391882,-32343.06538860542,-32319.00411124441,0.2509341783151673,0.5753754156053233,-9.265214168985706,2.2929336269317036,5336.08412475908,-32325.689375276717,-32301.628097915705,-3.778778540448551,-0.42016484942517596,0.13299831518031424,-9.398996470326944,0.6470198504932093,2.380018227055623,5162.7290746888375,-33064.16360432681,-33024.06147539179,-709.9240192077195,-701.9035934207168,-692.5480058790163,-684.5275800920135,-1431.022234929107,-1406.9609575680988
340,22640,-1.2793468034241242,-0.14464411171621414,-8.84479007299067,6.913520281848454,5654.313449521342,-31404.461971779103,-31388.40702471447,0.23992942497135888,0.633614600911224,-9.220349221767544,2.640837408695747,5482.471658861516,-32101.192692965593,-32077.11027236864,0.2516666130333594,0.6133013755222534,-9.224116982000647,2.4369596273819516,5487.961925120411,-32078.53184961292,-32054.449429015967,-4.288437210048651,-0.470085032175982,0.08985742917816007,-9.277470606604993,0.781749374086074,2.127274708941675,5309.969297235698,-32820.99301168333,-32780.85564402174,-696.73072118649,-688.7032476541717,-674.0698778338156,-666.0424043014973,-1416.5310399042246,-1392.4486193072735
341,22227,-1.4161763376742467,-0.15899495567761218,-8.907051998214156,6.289507712607315,5534.637603417832,-30897.79080629,-30881.77268019983,0.24513980485268644,0.5968665354134887,-9.256497990690162,2.4348005652210083,5383.504244060045,-31511.180459084106,-31487.153269948853,0.2570402916786645,0.5738141599189555,-9.260143174014953,2.2323899345566476,5386.553988288701,-31498.592473890385,-31474.565284755132,-3.3844837564719312,-0.3737705835624948,0.1401729329467982,-9.243421413171106,0.4235492204658399,2.6754379396815184,5219.974271150227,-32192.817520148306,-32152.772204922883,-613.389652794107,-605.3805897490238,-600.8016676003863,-592.7926045553031,-1295.0267138583076,-1270.9995247230545
342,22501,-1.3941703263423546,-0.15679919105717904,-8.891438258976416,6.377583922836284,5501.013912726299,-31691.52354446168,-31675.480914398384,0.24102090962452555,0.6238228942203636,-9.233193838599616,2.5882521777558063,5380.3071140332795,-32188.7524682196,-32164.688523124652,0.2545219482905313,0.6134659437282014,-9.23486489705517,2.4102673574851914,5383.3408240272665,-32176.068755267443,-32152.004810172493,-3.3798699960646994,-0.37610028370076654,0.13714082577061712,-9.285128373186504,0.5209544828848792,2.658865316878148,5224.554205817678,-32845.741443409584,-32805.634868251334,-497.2289237579207,-489.2076087262685,-484.5452108057616,-476.5238957741094,-1154.2178989479034,-1130.1539538529505
343,22600,-1.317314439440568,-0.14805003242701859,-8.89776528816324,6.754473360165936,5463.343442653401,-32085.490310638605,-32069.438900268084,0.2501103841893895,0.6977461021751984,-9.228668026967023,2.789752630369991,5294.391455922583,-32793.42207870389,-32769.344963148105,0.2639821044763703,0.6871946474933404,-9.234181465330185,2.603186488176712,5299.492746414117,-32771.65684664782,-32747.57973109204,-5.151761951240045,-0.5656921545122953,0.08211449413203725,-9.685194270800961,1.050139330531582,1.7677459233319897,5137.138840305062,-33470.85198491336,-33430.72345898706,-707.9317680652821,-699.9060628800216,-686.1665360092156,-678.1408308239552,-1385.3616742747545,-1361.2845587189731
344,22603,-1.3061012410681252,-0.14728748618750556,-8.867699998663717,6.7894430537496016,5352.684395612572,-32555.27001367175,-32539.218337832124,0.24193442541984492,0.7108769088737056,-9.208889335440107,2.938304078223153,5227.53054066712,-33088.038835498766,-33063.96132173933,0.25443064474378235,0.690591205610912,-9.215390728477761,2.7142611154656846,5231.367074317088,-33071.4563662612,-33047.37885250176,-4.449126943744236,-0.4962930702546143,0.10923837337413651,-9.719186705974185,0.9086294421657103,2.014938470704352,5070.38872408469,-33773.91649282248,-33733.78730322341,-532.7688218270159,-524.7429839072029,-516.1863525894478,-508.1605146696347,-1218.6464791507278,-1194.5689653912887
345,22614,-1.3877248932329436,-0.15598216699408068,-8.896689409922136,6.4109892769854175,5643.598969900389,-31385.29952284925,-31369.24687392426,0.24947137976914036,0.7303609595555477,-9.221533603560339,2.927634265026394,5541.801541963881,-31794.927267977335,-31770.84829458985,0.2632642676929931,0.7154255709647847,-9.228554279497668,2.7175187017749085,5544.464317575889,-31784.064095542035,-31759.98512215455,-3.608250486756057,-0.4148892392205248,0.14445687077798558,-9.768123249626896,0.7086869583126906,2.4102818426401105,5371.547622154443,-32496.564826715163,-32456.433204402685,-409.6277451280839,-401.6014206655891,-398.764572692784,-390.7382482302892,-1111.2653038659118,-1087.1863304784238
346,22657,-1.2460100736760544,-0.14028443905987295,-8.882026274804872,7.128374370682718,5556.842841385385,-31839.02558327092,-31822.969135003044,0.2352505548966986,0.6449661957795388,-9.23370980807588,2.741613919094692,5391.175214114763,-32522.778557078647,-32498.693884676835,0.2456379904099642,0.6152511770497859,-9.24047811963263,2.5047069308088123,5395.509819190471,-32504.569227301534,-32480.484554899722,-5.278125168161073,-0.5787216873116962,0.07572225619184604,-9.749734617563417,1.040491063218045,1.7279463029029458,5234.8575586793495,-33185.43274715399,-33145.2916264843,-683.7529738077283,-675.7247496737909,-665.5436440306148,-657.5154198966775,-1346.4071638830683,-1322.3224914812563
347,22462,-1.3868832713533057,-0.15624490820662348,-8.876342194263668,6.4002085666533635,5389.371418943042,-32058.174214458184,-32042.13505391514,0.2658729556317872,0.8391759641124478,-9.169734054412196,3.156304341366105,5271.737104274054,-32551.884245024376,-32527.825504209806,0.2842694802392445,0.8517089085583782,-9.175843246685242,2.9961320780604734,5275.964159581924,-32533.88067836407,-32509.8219375495,-5.165667752374665,-0.5805117141088826,0.11222540257404018,-10.03771049074324,1.0637032013821193,1.7226181241407936,5109.658956935253,-33249.31113618721,-33209.21323482959,-493.71003056619156,-485.69045029466724,-475.70646390588445,-467.68688363436013,-1191.136921729023,-1167.0781809144537
348,22328,-1.3695688141960753,-0.15382192775834938,-8.903599338240225,6.50102371341345,5503.419643021676,-31265.73533121132,-31249.708137660888,0.2585717252737397,0.782097778952318,-9.20920365567061,3.0246840721828416,5388.553144193469,-31734.69395802769,-31710.65316770204,0.27640709508257083,0.7954112676910856,-9.211714205021066,2.8776803556850563,5392.2183063573375,-31719.512160635342,-31695.471370309693,-4.152356502687176,-0.4772282603493743,0.14524872347767534,-9.953260144993385,0.8640697139752427,2.0954333242291843,5233.507082291702,-32382.566436776724,-32342.498452900643,-468.95862681636936,-460.94503004115177,-453.77682942402316,-445.76323264880557,-1116.8311055654049,-1092.7903152397557
349,22790,-1.2987741985458412,-0.14673722563014963,-8.851020543480864,6.814903278330303,5563.304037630936,-32132.854954136146,-32116.786799891666,0.2353821311463492,0.5929741128521402,-9.23849148486559,2.5191976551671953,5403.2803528118775,-32796.00255547985,-32771.90032411313,0.24657296615607552,0.5693578003763751,-9.240004404410897,2.309084443653014,5406.384429931686,-32782.9139128759,-32758.811681509178,-3.430404562095006,-0.3835071940504553,0.13461933066522985,-9.377564868196893,0.5350234846778811,2.607513015436256,5227.36381031025,-33546.33201173468,-33506.16162612348,-663.1476013437023,-655.1135242214623,-650.0589587397517,-642.0248816175117,-1413.4770575985349,-1389.374826231815
350,22605,-1.3512567425956015,-0.1523690961570846,-8.868312385357502,6.56301064468514,5483.002138020111,-32016.396948853097,-32000.34509605364,0.24233043764439086,0.6665770306377726,-9.218904739439429,2.750694618131069,5354.2767814215185,-32551.427243276623,-32527.349464077437,0.2553290544742738,0.6512176271150804,-9.223433489204993,2.5505034217744895,5357.985851258425,-32535.773495811914,-32511.69571661273,-3.3755021524921505,-0.38082043379378383,0.13901328852244632,-9.454714939211541,0.5959592749485314,2.6259095134099475,5187.068434728704,-33264.61497436123,-33224.48534236259,-535.0302944235264,-527.0043680237977,-519.3765469588179,-511.3506205590893,-1248.2180255081366,-1224.1402463089507
351,22645,-1.340273623936832,-0.1511990115521784,-8.864301493626543,6.613799850503007,5550.867916703566,-31834.525345094993,-31818.46995638301,0.24317443361538102,0.6896363664910443,-9.203273807589627,2.835973980643926,5423.99280149344,-32356.124698169926,-32332.041615101956,0.25515315463839966,0.6649863735666285,-9.209600763748401,2.6062243851503233,5427.054675097337,-32343.345078552542,-32319.261995484572,-5.002160607509069,-0.5588304525141872,0.10409766305357043,-9.912686093749222,1.008565076108939,1.7894515152153645,5258.1042479655425,-33055.51623398649,-33015.37776220654,-521.5993530749329,-513.5716587189454,-508.81973345754886,-500.7920391015614,-1220.990888891498,-1196.9078058235282
352,22526,-1.2900985887203582,-0.14544876720502656,-8.869780153597436,6.875273123424872,5526.188056490951,-31648.903131452887,-31632.858280499673,0.2401326475738079,0.65819075197894,-9.243982936103604,2.7409465502879464,5381.460940076235,-32244.706445647116,-32220.639169217295,0.2516427478542478,0.6338266086597409,-9.250786279240188,2.5187557124708206,5385.545056054967,-32227.61742368831,-32203.550147258487,-4.082510934484719,-0.4576243754353994,0.12621095786307154,-9.647653605484033,0.7534339577013313,2.185198284179172,5206.832358256164,-32983.79884845224,-32943.68672106921,-595.8033141942287,-587.7808887176216,-578.7142922354215,-570.6918667588143,-1334.8957169993555,-1310.828440569534
353,22292,-1.2664348093487252,-0.142737238616104,-8.872490610210269,7.005880243273652,5276.268291611365,-32118.967831122503,-32102.943864825123,0.23664087139446116,0.6052104939751864,-9.247441089346971,2.5575061924376943,5100.213759209412,-32873.48324211468,-32849.44729266861,0.24797248855870532,0.5826661476546446,-9.2505264984308,2.3497209349363106,5104.506357942602,-32854.72905473752,-32830.69310529145,-3.5719871838296386,-0.39508806185815915,0.12815316272186483,-9.267026881751077,0.5696746793481932,2.5310812867816055,4941.567836841561,-33573.905887787405,-33533.84597204396,-754.515410992175,-746.5034278434832,-735.7612236150198,-727.749240466328,-1454.9380566649015,-1430.9021072188334
354,22895,-1.2994331539529467,-0.14658309001747816,-8.8648230419894,6.82206931154721,5492.709446474906,-32678.541259515947,-32662.463911865765,0.2347195480621517,0.6621522249289163,-9.216676727673866,2.821035701524034,5372.541033669313,-33182.994010562936,-33158.87798908766,0.24676538653670446,0.6433751142833312,-9.221096887543448,2.607234034371486,5375.983642324934,-33168.32808565854,-33144.212064183266,-3.8621787533302987,-0.43282994862979496,0.12164317754964835,-9.551783751263887,0.7733533650619583,2.310376172364433,5216.980217895751,-33851.700739935644,-33811.50737081019,-504.45275104698885,-496.41407722189615,-489.7868261425938,-481.7481523175011,-1173.1594804196975,-1149.0434589444267
355,22567,-1.283142022867227,-0.14492211415123443,-8.85401120720745,6.900258154917912,5315.247447922465,-32625.83054587367,-32609.782057991324,0.23810086369376376,0.6509855448151342,-9.225201010222667,2.734074688836101,5163.717309695983,-33276.53223675888,-33252.45950493537,0.24947514321377268,0.6263383878338534,-9.230711053519546,2.510624424402677,5168.060247889841,-33257.56026577965,-33233.48753395613,-3.990852189155015,-0.44183100138887155,0.1108810612273462,-9.408120946566534,0.7466893895706512,2.263308814584207,4999.73546504068,-34000.80825340698,-33960.68703370112,-650.7016908852129,-642.6774469440425,-631.7297199059794,-623.705475964809,-1374.977707533315,-1350.9049757097964
356,22718,-1.2850601852128485,-0.14534601051629725,-8.84138601842641,6.880133802419522,5581.073362975362,-31886.993276566383,-31870.9314508848,0.23570325563857972,0.6801015142851948,-9.210795405311373,2.885414172335583,5457.5033884237,-32393.642175252433,-32369.54943673006,0.24666367333531303,0.6515413760507973,-9.219109952825164,2.6414160108817324,5461.0816425135345,-32378.751824700095,-32354.659086177722,-4.031337730919648,-0.4565943751436431,0.12631466199062302,-9.748733918500333,0.781338904188722,2.1901277248222852,5282.628686187996,-33129.5128951394,-33089.35833093544,-506.6488986860495,-498.6179858452597,-491.7585481337119,-483.72763529292206,-1242.5196185730165,-1218.4268800506434
357,22518,-1.4080734743035621,-0.1585124143280511,-8.88304856293128,6.308654146989642,5640.35337549146,-31169.20471747767,-31153.160576940943,0.24774058064985902,0.6493925241602183,-9.229900799771217,2.621260200717899,5512.809666474342,-31682.243264733628,-31658.17705392854,0.26047121155426006,0.6294610867679336,-9.235600295581978,2.416624405483703,5516.045558758289,-31669.029595127355,-31644.963384322265,-3.1726427037229694,-0.3565974142253452,0.14532601234246514,-9.361616250527888,0.4853868297180583,2.8042828133578905,5349.169722081463,-32356.779460032398,-32316.66910869058,-513.0385472559574,-505.0164769875955,-499.8248776496839,-491.80280738132205,-1187.574742554727,-1163.5085317496378
358,22512,-1.3559278709722982,-0.1527838436849107,-8.87481187977347,6.545194674263602,5601.451012482679,-31310.70587741818,-31294.66226985947,0.23841207056011468,0.6083305290148622,-9.25261201870091,2.5515928265950527,5474.448311348729,-31824.999866871596,-31800.934455533534,0.2503404932638075,0.5890853948753323,-9.255108670311326,2.35313667076048,5477.593047442616,-31812.071811074147,-31788.006399736085,-3.524568691219827,-0.39312216781604575,0.13479859705887506,-9.400157528155596,0.573852645992056,2.5437385165924593,5306.942129135763,-32520.576169738113,-32480.46715084134,-514.2939894534175,-506.27218567406453,-501.36593365596855,-493.3441298766156,-1209.8702923199344,-1185.804880981872
359,22373,-1.3745714675523604,-0.15482084649052272,-8.878465004623935,6.459078494065814,5429.590601668223,-31675.969757963718,-31659.938537656373,0.2480793249984058,0.7051292821768941,-9.202141623988053,2.8423540824348237,5308.510732965445,-32178.534695956943,-32154.487865495925,0.26167591971257087,0.6909160978769,-9.20727088662758,2.640350318194405,5312.417745450395,-32162.074441197426,-32138.027610736408,-3.844674985281278,-0.4308726069135907,0.12635077402743713,-9.494628403559009,0.7818487065687272,2.3208716078823386,5160.913017581407,-32805.40465888392,-32765.326608115553,-502.5649379932256,-494.54932783955155,-486.1046832337088,-478.0890730800347,-1129.4349009202015,-1105.3880704591793
360,22428,-1.3909406398086974,-0.15630214436636178,-8.8990502686158,6.397864879294726,5254.08794117219,-32545.840486865,-32529.804355950513,0.2614826634272102,0.7935015543725491,-9.200217411771687,3.034623955455612,5128.147397361081,-33087.987865462,-33063.933669090264,0.2781567311664955,0.7958710918671609,-9.206882115367568,2.8612325451537557,5132.769424666263,-33067.782490599326,-33043.72829422759,-4.770527288438184,-0.5356157276893445,0.11833736394698198,-9.908005287811793,0.9893899255267109,1.8670101498214349,4967.668446123016,-33797.06052018308,-33756.97019289686,-542.1473785969974,-534.1293131397506,-521.9420037343261,-513.9239382770793,-1251.2200333180772,-1227.165836946344
361,22368,-1.3511685032462504,-0.15187362227513954,-8.896663442967249,6.584421870101743,5384.864723452422,-31848.90830558059,-31832.877532290524,0.25233185386973156,0.7093171611642985,-9.227939402116808,2.8110488243410185,5247.819775373773,-32423.543710427042,-32399.497550491942,0.26631704527528766,0.6965934970286041,-9.23240353531536,2.615654947314944,5251.528499926431,-32407.74144307312,-32383.69528313802,-4.340677961761284,-0.4891101958985219,0.1323826582617179,-9.77646869746876,0.8694894072635565,2.044529041483067,5089.252041159214,-33105.835027731926,-33065.75809450676,-574.6354048464527,-566.6200182014181,-558.8331374925292,-550.8177508474946,-1256.9267221513364,-1232.8805622162363
362,22626,-1.277294074296553,-0.14441481226670325,-8.84461956670805,6.924497454964758,5489.019861501158,-32042.334636714615,-32026.28092678164,0.24453754180206008,0.7296638813083196,-9.207689314394795,2.9838521968088774,5357.635861236888,-32588.49249562725,-32564.41193072779,0.2591835429714948,0.7272464737455959,-9.211962983203495,2.8059130043822997,5362.322721916751,-32568.707919842393,-32544.62735494293,-3.9297429054768354,-0.444889789023867,0.1285133554580071,-9.713675189897163,0.715048438668716,2.2477476999283366,5172.159853111569,-33381.661666735585,-33341.52739190315,-546.1578589126366,-538.1310039461496,-526.3732831277775,-518.3464281612905,-1339.3270300209697,-1315.2464651215123
363,22794,-1.324750935613514,-0.14911036255360335,-8.884365331331566,6.706442012978892,5634.099441512102,-31854.262584423002,-31838.19407917817,0.23768941622067777,0.6232042267027305,-9.234816433664514,2.621926700026599,5484.005175185123,-32467.73737761817,-32443.634619750923,0.24976370436726647,0.6035684489375133,-9.236622097998223,2.4165578840470454,5487.2474730986,-32454.264906759912,-32430.162148892665,-4.785171907025782,-0.5290997497952774,0.09941879541758387,-9.66233085968515,0.9467908847713076,1.8900027837603897,5325.876040360445,-33130.65546025672,-33090.484197144644,-613.4747931951679,-605.4405405727521,-600.0023223369099,-591.968069714494,-1276.392875833717,-1252.2901179664732
364,22688,-1.2708764858061254,-0.14408645521093683,-8.820235628294228,6.940277616907432,5476.874434366311,-32242.49003827557,-32226.430855416907,0.2555631807864773,0.7099194208152376,-9.192802207348167,2.7778626742338695,5288.009462055448,-33036.6729358748,-33012.584161586805,0.26775102905341286,0.6863724113316286,-9.200038543137696,2.5634725429746386,5294.652696200806,-33008.18828544676,-32984.09951115877,-6.11385682712191,-0.6621784022462546,0.023165089507160723,-9.764762864421867,1.2135272779679949,1.510167043515434,5100.29534237062,-33852.69538359816,-33812.5474264515,-794.1828975992285,-786.1533061698974,-765.6982471711926,-757.6686557418616,-1610.2053453225926,-1586.1165710345922
365,22591,-1.2997807059139699,-0.14663635164293665,-8.863973300965439,6.819591382326711,5583.201749340484,-31573.455700452734,-31557.40508670102,0.2455775842901993,0.7557006167853247,-9.192114160076743,3.0772377656924603,5458.38619260686,-32082.220704572108,-32058.144783944535,0.25726868114681584,0.7289342203468637,-9.2030440315855,2.8333577841559423,5462.767116322215,-32064.096345328628,-32040.020424701055,-5.909534888679565,-0.6539687773173108,0.08003688835326048,-10.176557889021673,1.173992440299203,1.529124989884329,5300.367994117956,-32741.87483866017,-32701.74830428088,-508.76500411937377,-500.7396972435163,-490.6406448758935,-482.615338000036,-1168.419138207435,-1144.3432175798625
366,22636,-1.4368878267199474,-0.16113170110770395,-8.917474443837095,6.206103411839351,5612.320434850732,-31563.651774440164,-31547.597180763638,0.2530163813198238,0.6979534600925892,-9.237237021933,2.7585307182555323,5499.349030648938,-32021.944231654405,-31997.86234113962,0.267226754747639,0.6853559477944217,-9.242849968036587,2.564698091108622,5501.903586259595,-32011.43180659597,-31987.349916081184,-3.6834710251743545,-0.4236214827412542,0.1512353450783709,-9.751609714880837,0.6950985002009673,2.360597941183249,5332.688708932843,-32714.548298008067,-32674.411813816754,-458.29245721424013,-450.2651603759805,-447.7800321558061,-439.75273531754647,-1150.8965235679025,-1126.8146330531163
367,22350,-1.3187850067647529,-0.148279984124738,-8.893884191782401,6.743998563951606,5379.21139217149,-31828.759446890246,-31812.73028369016,0.2404579328763197,0.6957247851319597,-9.232613288789235,2.893332637479704,5259.425131364382,-32330.082606564723,-32306.0388617646,0.2533996653633968,0.6805802920480661,-9.238709969191778,2.685797911658864,5262.565921447316,-32316.739759172797,-32292.696014372672,-3.3748456045422297,-0.38789015290042317,0.14284985398960082,-9.6994857329058,0.6589960632466739,2.578049461999913,5102.238012787197,-33004.236602110745,-32964.16369411054,-501.3231596744772,-493.3085780744368,-487.9803122825506,-479.9657306825102,-1175.4771552204984,-1151.4334104203772
368,22683,-1.3124272626023579,-0.14793539211571533,-8.8716245911984,6.759707637897754,5387.459855671963,-32603.75931621875,-32587.7005741703,0.24159283398443143,0.7075319817288732,-9.213483959261014,2.9286132790448063,5258.614676942425,-33150.832664595924,-33126.74455152325,0.2543480267817335,0.691028954925911,-9.221126712276769,2.7168638328730235,5262.832039916137,-33132.648387845715,-33108.56027477304,-3.8785887769092153,-0.43534021558330965,0.12449032680001378,-9.582973331346826,0.7403786835606576,2.297054037748629,5098.2397612619425,-33849.377058686136,-33809.23020356501,-547.0733483771728,-539.043977352947,-528.8890716269634,-520.8597006027376,-1245.6177424673842,-1221.5296293947067
369,22624,-1.287824707612125,-0.14491508531510783,-8.886753955337632,6.900592839079308,5485.080200388868,-32053.745889583904,-32037.69235644651,0.24021899324649726,0.6389260358158478,-9.21993724847667,2.6597648553135973,5320.868180766894,-32739.407651700647,-32715.327351994558,0.25204423322131164,0.6174595826312964,-9.223924718096733,2.4498064277833556,5324.433681583489,-32724.252441536737,-32700.172141830648,-3.5352629185877076,-0.393336359471625,0.13216257211816493,-9.269917726827225,0.638727194667451,2.5423533215777865,5178.782848998752,-33347.75843929726,-33307.62460645378,-685.6617621167425,-677.6349955480473,-670.5065519528325,-662.4797853841374,-1294.0125497133522,-1269.9322500072667
370,22111,-1.351083835424281,-0.15209370150517923,-8.883233309817715,6.574894227069272,5425.116844206712,-31062.746241091747,-31046.738580089284,0.2514508599214514,0.6623124460399442,-9.234878759844813,2.633963734492053,5256.186232358261,-31760.1995214451,-31736.188029941404,0.2635838690134578,0.6368797900990145,-9.241475383410647,2.4162320421303827,5260.204135626221,-31743.304016357924,-31719.292524854227,-4.924004833113381,-0.5427358326816484,0.09457586780692351,-9.639655003313738,0.9780683936903041,1.8425170032702969,5093.959790981467,-32449.38445193769,-32409.36529943153,-697.4532803533548,-689.4494498521199,-680.5577752661775,-672.5539447649426,-1386.6382108459438,-1362.6267193422464
371,22147,-1.38565645885624,-0.1557644097508068,-8.895847652702082,6.41995178230899,5396.161254021203,-31267.879046537506,-31251.868131885265,0.24113502594108277,0.6073826187501121,-9.241093717140076,2.518848584437981,5257.013735777407,-31844.462494009407,-31820.446122031048,0.2530355904091386,0.5840831016070056,-9.244639693543027,2.3083041427594804,5259.638046335729,-31833.40943104874,-31809.393059070382,-3.284550512422229,-0.366838276904124,0.1439600293311528,-9.296995570831474,0.5525853898247749,2.72599688461997,5115.764738065536,-32443.66344707753,-32403.63616044693,-576.5834474719013,-568.5779901457827,-565.5303845112358,-557.5249271851171,-1175.7844005400257,-1151.7680285616661
372,22459,-1.3957025029477548,-0.15718528686679664,-8.879345712111805,6.361918598955314,5474.548874850164,-31698.71002474611,-31682.671131338702,0.2583231923020164,0.7484921051163598,-9.209230238376326,2.8975025372141827,5353.055915213126,-32200.741148122863,-32176.682808011752,0.27384596138178174,0.7435634958418876,-9.214884366019579,2.715261865064536,5357.002259571821,-32184.19017323241,-32160.1318331213,-4.126134340163795,-0.46509427546320264,0.1309147969456061,-9.690316727315718,0.7952859612220096,2.150101716483324,5173.327198989966,-32963.75095818513,-32923.653724666605,-502.0311233767534,-494.0116766730498,-485.4801484863019,-477.46070178259833,-1265.040933439017,-1240.9825933279026
373,22684,-1.4009438230748925,-0.15739993842270958,-8.900536030151109,6.353242637963577,5682.746800259287,-31395.76268370127,-31379.703853483,0.2496524820897233,0.6959371600308301,-9.223548453431624,2.7876236366867575,5569.577867778496,-31850.061395488694,-31825.97315016129,0.2616906735670068,0.6700769911078684,-9.23304304758855,2.5605688654253584,5572.575554546097,-31837.85558110084,-31813.76733577344,-3.017865291487389,-0.34622021282534793,0.15059514050816128,-9.518559403418553,0.5361644580035825,2.8883351201232546,5409.306780294093,-32508.39600457283,-32468.248929027162,-454.2987117874254,-446.26929667829245,-442.0928973995724,-434.0634822904394,-1112.6333208715623,-1088.5450755441634
374,22644,-1.3563413030767169,-0.15259054568509045,-8.888763697561403,6.553485968021605,5325.7306735998645,-32769.68014133837,-32753.62484094806,0.25221312315531214,0.7058425027875428,-9.213515427903495,2.798595465442482,5174.096344746442,-33421.75691245285,-33397.67396186738,0.2669971652293596,0.6975411049273506,-9.217995449634573,2.6125412392604956,5177.774793393097,-33405.66420929819,-33381.58125871272,-3.337263095342482,-0.3784098772086881,0.14541878364239044,-9.48154528834292,0.6229554081387572,2.6426371514835303,5011.351720557463,-34141.436991278526,-34101.298740302744,-652.0767711144799,-644.0491209193206,-635.9840679598201,-627.9564177646607,-1371.7568499401532,-1347.6738993546824
375,22345,-1.2890521591915052,-0.14485735609812458,-8.898769064363684,6.903342894941506,5598.537771062856,-30923.650393318287,-30907.62167759555,0.2375091959672784,0.6317711148631184,-9.254915881110954,2.6599859103988437,5439.231656570255,-31566.697810092555,-31542.65473650845,0.24961255796675616,0.6145511386674113,-9.258487923997192,2.4620201149865957,5443.059471751931,-31550.978228112348,-31526.935154528244,-3.786307237746037,-0.42244192939172776,0.13175666986595905,-9.481687717063872,0.6681668832823143,2.3671892641904546,5283.720104884535,-32210.8680813982,-32170.79629209136,-643.0474167742686,-635.0330589129007,-627.3278347940613,-619.3134769326934,-1287.2176880799125,-1263.1746144958088
376,22454,-1.292292075482405,-0.1457182196777337,-8.86843167821019,6.862559824101417,5556.59832898601,-31352.621700192994,-31336.583252090957,0.23703451181715904,0.63127210353662,-9.228501782208827,2.663207558667927,5402.7884093185385,-31980.926077338205,-31956.86840518515,0.24829196731811118,0.6058377342699784,-9.233352211219023,2.440021482828642,5406.264949548735,-31966.48221543302,-31942.424543279965,-4.022506267072827,-0.4473745854548427,0.11718943843603224,-9.466322416000969,0.7722710047105907,2.235263317390519,5243.98963406395,-32646.787349943148,-32606.691229688055,-628.3043771452103,-620.2851530941916,-613.8605152400269,-605.8412911890082,-1294.1656497501535,-1270.1079775970975
377,22702,-1.3065177007033586,-0.14691104356136722,-8.893257232616445,6.8068402194848145,5528.229988768218,-32064.512306894467,-32048.451890283835,0.24474080310465635,0.6352349270785018,-9.243340458558723,2.5955415648728666,5337.631885717919,-32859.02565299355,-32834.935028077605,0.25726043742100946,0.617715959302983,-9.24626501663845,2.4011307976285687,5342.561382543658,-32838.069207342465,-32813.97858242652,-4.779693150576704,-0.5217837060879136,0.0764703043959712,-9.412255240033172,0.9431752950087509,1.9165029270414078,5177.647768276072,-33545.875508386154,-33505.72446685958,-794.5133460990837,-786.4831377937699,-773.5569004479985,-765.5266921426846,-1481.3632014916875,-1457.272576575746
378,22459,-1.2161011073900416,-0.13748965231305396,-8.845037331399077,7.273274629592288,5470.1367671758,-31716.817722832187,-31700.77882942478,0.229223485085217,0.5998460619663839,-9.236157826809718,2.616861277296185,5300.140654815083,-32423.854201403483,-32399.795861292372,0.2386086472148797,0.5652296783498045,-9.24114149531584,2.368856640140059,5304.061509903767,-32407.245976271253,-32383.187636160143,-4.3796322166260895,-0.480930681710672,0.08916622908189319,-9.423144068603829,0.8320350713738957,2.0793017331375006,5134.851968936806,-33131.407959588265,-33091.31072606974,-707.0364785712954,-699.0170318675919,-690.4282534390659,-682.4088067353623,-1414.5902367560775,-1390.5318966449631
379,22512,-1.3347786141491211,-0.15074884695577542,-8.854320554376775,6.633549908964584,5482.935310951305,-31792.126692791746,-31776.083085233036,0.2557843041207989,0.8265468659921444,-9.162568883294481,3.231421368223565,5372.7893980862045,-32246.971344345486,-32222.905933007423,0.27127294732531876,0.8226286659903467,-9.169540228847293,3.032475866470479,5377.0012708034365,-32229.330501582524,-32205.265090244462,-6.6503664727549605,-0.7449193468110549,0.09126940938513667,-10.581153627188826,1.2036170632195045,1.3424272094434475,5205.8752713669965,-32953.435813980315,-32913.32679508354,-454.8446515537398,-446.8228477743869,-437.20380879077857,-429.18200501142564,-1161.3091211885694,-1137.243709850507
380,22279,-1.2706604651812798,-0.14317078530007632,-8.87513791670599,6.984665187831912,5385.534218281834,-31630.576361589105,-31614.553561969642,0.23517877802661663,0.5888936858537257,-9.257592032616513,2.5040256216786574,5207.009955920952,-32379.61758967686,-32355.583390247666,0.24455349832688367,0.5535292997590554,-9.264378098111965,2.2634282623067516,5211.441895211113,-32360.662915256456,-32336.628715827264,-3.7476553537067883,-0.4139473168453743,0.12649951117672362,-9.28672728622298,0.6125440449757784,2.4157663531215485,5047.503158730653,-33068.76382495375,-33028.706825905094,-749.0412280877536,-741.0298282780241,-730.0865536673518,-722.0751538576224,-1438.187463364644,-1414.1532639354518
381,22509,-1.3092814046549874,-0.14767717391705543,-8.865834644089007,6.771527200010351,5520.846765222613,-31629.7880330637,-31613.744692047276,0.24871336949223857,0.7343094764803298,-9.201373460348304,2.9524326656804227,5389.022774787425,-32171.76715333906,-32147.702141814418,0.2605213710405138,0.7073099246403897,-9.21174406640384,2.7149785133381457,5393.054014398516,-32154.93566931083,-32130.87065778619,-4.295662666302842,-0.4806745723335026,0.11665458042615057,-9.65606000475909,0.8934890715391058,2.0804096109044394,5233.875035849402,-32825.303139224874,-32785.1947866838,-541.9791202753586,-533.957449767142,-525.1476362471294,-517.1259657389128,-1195.5151061611723,-1171.450094636526
382,22585,-1.3565875717365679,-0.15307985625798953,-8.861960057306788,6.532538143455489,5508.290889925046,-31864.14817501953,-31848.098092523353,0.2571982040139779,0.7410748398060978,-9.198535096013877,2.8813375375118198,5359.579054154628,-32480.276010262816,-32456.20088651855,0.27302984790443763,0.7404047261554476,-9.20202666111255,2.7118087338736476,5365.043443591915,-32457.26107502443,-32433.185951280164,-4.7893068137384605,-0.5294962800195174,0.09866509436213938,-9.631982537542116,0.9060054146972938,1.8885873947275695,5177.458975720187,-33257.063098606915,-33216.93789236647,-616.1278352432855,-608.1027939951964,-593.1129000049004,-585.0878587568113,-1392.9149235873847,-1368.8397998431174
383,22454,-1.294459384372968,-0.14606124743110077,-8.862442346205372,6.846442965453343,5501.543153253259,-31576.207034527917,-31560.16858642588,0.24594096817183414,0.7250912752247682,-9.203909413980158,2.9482329870237853,5363.518247412956,-32144.72897726037,-32120.671305107313,0.2579450197164276,0.7001045861042613,-9.214817429417263,2.714162060092972,5367.5353922775885,-32127.91777157031,-32103.860099417256,-3.792201447871938,-0.4312786518490674,0.1351505156032401,-9.685489507522798,0.7379704850852812,2.318686528332883,5195.912761025362,-32853.59498043064,-32813.49886017554,-568.5219427324519,-560.5027186814332,-551.7107370423946,-543.6915129913759,-1277.3879459027194,-1253.3302737496597
384,22538,-1.3261864609120855,-0.14931083326873348,-8.882051167212904,6.697437674868334,5476.02779812086,-31883.27603564872,-31867.230119543696,0.2500256439719262,0.7717884241565072,-9.20218568231042,3.0868370615742373,5351.284082392306,-32400.629002059035,-32376.5601279015,0.26512576668611465,0.7694225687399883,-9.20988566409059,2.9021040782162686,5355.978280502426,-32380.86711705081,-32356.798242893274,-4.489071066721695,-0.5066012929865055,0.12379521456429454,-9.877390235303107,0.8862527777909943,1.9739389019416447,5189.915299476743,-33086.72386478914,-33046.60907452658,-517.3529664103153,-509.3300083578033,-497.5910814020899,-489.56812334957795,-1203.447829140423,-1179.378954982887
385,22380,-1.375418133300996,-0.15487521587576128,-8.880814954952749,6.456811016180833,5480.662853703274,-31483.354138946273,-31467.322292982542,0.27021141009511496,0.8567918164618752,-9.17154007511161,3.1708202705440263,5346.411843001318,-32036.3870909922,-32012.339322046602,0.289198006336646,0.8734838890526231,-9.176825078349173,3.0203662193847522,5351.268962446338,-32016.064491612757,-31992.01672266716,-6.4504677162876,-0.7139176234572052,0.07856512672707489,-10.368224299940033,1.3120789914680486,1.4007218300024828,5199.316639933097,-32656.754419757315,-32616.674804847986,-553.0329520459272,-545.0170290640599,-532.7103526664832,-524.6944296846159,-1173.4002808110417,-1149.3525118654434
386,22507,-1.3516052547391026,-0.1524339821014655,-8.866823762692402,6.560216995016009,5440.441019420539,-31955.18026739584,-31939.137104094003,0.24810406540370636,0.7505573077986988,-9.188978599890108,3.0251713392016284,5331.5147649015635,-32408.37834394325,-32384.31359899049,0.2616816973250767,0.7335981211526983,-9.197476133784077,2.8033986658278924,5334.667617283465,-32395.072505343538,-32371.00776039078,-3.5564048753380137,-0.4103816872036037,0.1424584652995007,-9.764039184339586,0.7711605165892419,2.4367559059814177,5175.884721450775,-33071.15066403929,-33031.0427557847,-453.19807654740725,-445.1764948964883,-439.89223794769714,-431.8706562967782,-1115.97039664345,-1091.9056516906967
387,22837,-1.2757745217457632,-0.14397640022709246,-8.860997494960962,6.945582737328552,5511.083892671755,-32461.55215647857,-32445.479881865307,0.2349003008821873,0.6332403010442936,-9.230903269403782,2.6957832691831722,5352.205401305014,-33127.59417189026,-33103.48575997037,0.24651266807139846,0.6134977708580225,-9.235073978139205,2.4887068711630373,5357.232886082453,-33106.15277128354,-33082.044359363645,-4.033119275591283,-0.4431244350126382,0.10103723721915199,-9.287009513774096,0.7125111998791477,2.256702454179669,5180.5783542674535,-33867.89765460373,-33827.71696807057,-666.042015411691,-658.0058781050611,-644.6006148049673,-636.5644774983375,-1406.3454981251598,-1382.237086205263
388,22572,-1.4481463525535714,-0.1627836758506524,-8.896139892320582,6.143122120656991,5444.814975029083,-32094.431905331123,-32078.382974372944,0.2761951547114438,0.8531776742529984,-9.170430617455562,3.0890392524965176,5331.542627971461,-32566.96656358958,-32542.893167152313,0.29844240223854956,0.8868240822576429,-9.171447636370095,2.9715083232334756,5335.201165756416,-32551.482828399687,-32527.40943196242,-5.033638033641241,-0.5702049324439946,0.1260624684903933,-10.084386635418841,1.0839952404582835,1.7537554361619272,5181.5611260641335,-33207.04127949519,-33166.918952099746,-472.53465825845706,-464.5101927793694,-457.05092306856386,-449.0264575894762,-1112.6093741640689,-1088.5359777268022
389,22648,-1.2334831690390298,-0.1391348606767038,-8.865378259911244,7.187271364892638,5449.47008909693,-32259.28031238442,-32243.224658730836,0.2356401501602244,0.6379037027991719,-9.236761208409924,2.707109558220137,5280.706024836027,-32969.75393747517,-32945.6704569948,0.2457915581947431,0.6076118335061714,-9.243489923326683,2.4720614408764785,5285.725044388209,-32948.23848677625,-32924.15500629588,-4.294462598414636,-0.47123678017345033,0.09416073067110871,-9.359103876165337,0.8103898756272299,2.1220754450277104,5121.7902721580485,-33657.78090634977,-33617.64177221581,-710.4736250907517,-702.4457982639615,-688.9581743918316,-680.9303475650413,-1398.5005939653493,-1374.4171134849712
390,22533,-1.2895612768337996,-0.1462230140492662,-8.819140305775083,6.838868741025096,5372.950446304412,-32299.392451323147,-32283.34697896244,0.24219016384820705,0.6927521533970572,-9.188516308737015,2.860364526741228,5246.293152160862,-32834.92681076159,-32810.858602220535,0.2544586681832428,0.671432370294801,-9.196027899692996,2.638669671143935,5250.204451525728,-32818.13391164508,-32794.065703104025,-3.4421592268533527,-0.38845967516139707,0.13107768675275455,-9.455511150529087,0.6467955156193835,2.57426977352159,5077.361511585352,-33568.43239169922,-33528.31871079745,-535.5343594384467,-527.5116232580949,-518.7414603219368,-510.71872414158497,-1269.0399403760748,-1244.9717318350122
391,22753,-1.3451137770765136,-0.1516018122904952,-8.872676102967976,6.5962272145126315,5548.428639866824,-32104.629623143817,-32088.564718576185,0.24523573908565555,0.6802962473710501,-9.214728510464603,2.774050184966871,5411.626506177988,-32670.6597232727,-32646.562366421247,0.25904084141461337,0.6700136758962023,-9.21740144525457,2.586517524562073,5415.437281522652,-32654.64308631595,-32630.5457294645,-3.7072164735088737,-0.4165510135108643,0.13427952933357734,-9.48689705012651,0.6752772163310776,2.400666347133779,5248.06260558347,-33364.96555658567,-33324.80329516658,-566.0301001288826,-557.9976478450626,-550.0134631721339,-541.9810108883139,-1260.3359334418492,-1236.2385765903964
392,22477,-1.3944655972852753,-0.15686906361002803,-8.889360114699713,6.374743222066852,5440.5234189905295,-31882.260854238808,-31866.220358552517,0.2573465275391543,0.7500551242042091,-9.20297582066996,2.9145725468943464,5313.082532987876,-32413.03524094383,-32388.974497414398,0.2735085965469047,0.7499248832022096,-9.208247925393081,2.7418695158768185,5316.884175381294,-32396.958140786475,-32372.897397257042,-3.4415340942818355,-0.39382343660103264,0.14867317463498675,-9.606449653122809,0.6894349568537497,2.539208962855762,5154.581256193886,-33089.780359967466,-33049.679120751745,-530.7743867050231,-522.7541388618811,-514.6972865476673,-506.67703870452533,-1207.5195057286583,-1183.4587621992287
393,22800,-1.382879321906433,-0.15533722267278915,-8.902433673733217,6.437607051250394,5665.99077270945,-31739.955798460665,-31723.88676683078,0.25441776849747433,0.7701914640000675,-9.196642193870609,3.0272707309266154,5555.396525372742,-32187.388728612863,-32163.285181168034,0.2715935561893143,0.7792375655930416,-9.199062894114732,2.86913127294476,5558.685636159941,-32173.89382601137,-32149.79027856654,-4.180585544173246,-0.47486900095692314,0.13405038084749596,-9.812073654831076,0.8629771708712212,2.1058439232396076,5399.8021803195525,-32831.07933244571,-32790.906753371,-447.4329301521975,-439.3984143372545,-433.9380275507028,-425.9035117357598,-1091.1235339850464,-1067.0199865402174
394,22279,-1.364395593898967,-0.1535320229637611,-8.88671670939301,6.51329918473122,5380.624047126004,-31650.89813432711,-31634.87533470765,0.24821093839736597,0.6725103638501551,-9.223739558569441,2.709430809908625,5234.854679168864,-32260.797037722776,-32236.762838293584,0.26170724928426825,0.6586083427197402,-9.226905270791338,2.5165842540508123,5239.061516203352,-32242.90036458104,-32218.86616515185,-3.8382945506871207,-0.42644150880576054,0.12486687083477106,-9.372611443606365,0.731296875509858,2.344987482106225,5083.009897312915,-32912.590516895674,-32872.53351784702,-609.8989033956641,-601.8875035859346,-592.0022302539292,-583.9908304441997,-1261.6923825685626,-1237.6581831393705
395,22396,-1.421979635459932,-0.15982162275372805,-8.897291936843148,6.256975638026887,5269.214488992796,-32403.03603908201,-32387.00276378107,0.2672128378336168,0.7738538097748074,-9.19419586796976,2.896020326151607,5122.965011211156,-33031.43692111064,-33007.38700815923,0.2835292409708375,0.7694549868019446,-9.199918194956858,2.713847023916264,5127.018127533896,-33013.72497043393,-32989.67505748252,-5.08571862970925,-0.5683230506096462,0.1126201912979385,-9.901498765076479,1.0567535278024598,1.7595626271489242,4965.464664948984,-33726.78547990914,-33686.702291656795,-628.400882028629,-620.3842443781614,-610.6889313519168,-602.6722937014492,-1323.7494408271268,-1299.699527875724
396,22577,-1.2792192403646878,-0.1443921389775152,-8.859341300871568,6.925584779623774,5488.061600576762,-31927.928371206028,-31911.878997270152,0.23951236318735825,0.6499899185687963,-9.230361238308195,2.7138052913800634,5338.347985197957,-32550.382812732852,-32526.308751829038,0.25116659849889766,0.626104663368851,-9.23575589141541,2.4927863303113487,5341.712433934043,-32536.15833110142,-32512.084270197603,-3.2382390517295145,-0.3676256598324009,0.14236612275696117,-9.496927530484921,0.5797850665058563,2.7201583275114585,5177.256928246046,-33238.161815151456,-33198.038380311766,-622.4544415268247,-614.4297545588852,-608.2299598953905,-600.205272927451,-1310.233443945428,-1286.1593830416132
397,22121,-1.4034994956165736,-0.15778394682795874,-8.895071544552584,6.3377803642493475,5362.07047610229,-31345.376846493215,-31329.368281168074,0.25702597955536394,0.766322787793745,-9.199254352558057,2.981499337613369,5262.943167687323,-31756.149740320427,-31732.136892332714,0.2716197559671473,0.7528811401230573,-9.207188278729278,2.771820250858774,5265.598103178252,-31744.99343143988,-31720.98058345217,-3.7260071743693928,-0.42802477388214893,0.14575753129798316,-9.771039660013708,0.8118203996178724,2.3363133655327553,5117.137540292962,-32373.643644042862,-32333.62223073001,-410.7728938272121,-402.7686111646399,-399.616584946667,-391.61230228409477,-1028.266797549648,-1004.2539495619349
398,22418,-1.3067952093218251,-0.1474499647514499,-8.862634938737585,6.781961607692869,5466.70704982984,-31632.00752426077,-31615.972285287608,0.23962147217839558,0.6628899803332032,-9.212386839690723,2.766404756246923,5324.939662593335,-32219.041656493013,-32194.98879803327,0.25235511633797075,0.648083133517821,-9.216271589924704,2.568139465220372,5329.39668164517,-32200.285451375355,-32176.232592915614,-3.9821897605588155,-0.4412649089355047,0.10973883180791624,-9.37070930436109,0.8068889479463427,2.266212381157551,5182.052357898298,-32824.815620666435,-32784.72752323353,-587.034132232242,-579.0165127456639,-568.2779271145846,-560.2603076280066,-1192.8080964056644,-1168.755237945923
399,22533,-1.3206107544050973,-0.14907120197050025,-8.858926049757306,6.708203776326231,5323.812375722451,-32506.415071405074,-32490.369599044367,0.25637290901381315,0.7600698019343706,-9.200611049832352,2.964704051056419,5183.323396646548,-33107.02017786259,-33082.95196932153,0.2721837412575297,0.7580813739658973,-9.207634779795233,2.785182430307731,5187.793944963745,-33087.594137610125,-33063.52592906907,-2.9242877041129605,-0.3388299813760718,0.1474470688867149,-9.578968748982936,0.5282193295392406,2.951332688856973,5002.387323787776,-33903.64402399131,-33863.530343089544,-600.6051064575186,-592.5823702771668,-581.1790662050516,-573.1563300246999,-1397.2289525862398,-1373.1607440451771
400,22481,-1.2705338787133167,-0.14304942431762158,-8.881782536169254,6.990590872841525,5434.013795676268,-31918.850453938994,-31902.809602364985,0.2311376214115794,0.6030438893399376,-9.259926733152568,2.609025245034068,5276.090114697333,-32579.87662823163,-32555.815350870616,0.2403867062869722,0.5667751248011906,-9.268816742594431,2.357764010978951,5279.641426231313,-32564.74986277761,-32540.6885854166,-4.204210966085458,-0.46638993163499937,0.11512148000653906,-9.54707779450533,0.751841377889104,2.1441286189312687,5107.383114083734,-33306.46759527916,-33266.36546634414,-661.0261742926341,-653.0057485056313,-645.8994088386171,-637.8789830516143,-1387.6171413401644,-1363.5558639791561
401,22685,-1.3162523295899546,-0.1482891104866513,-8.87625750313231,6.74358350871636,5559.877549222805,-31894.009792177458,-31877.950873793263,0.23858461006595683,0.6372474602626303,-9.237335333756093,2.670949564125125,5426.950064481556,-32440.95936083184,-32416.870983255543,0.24947966533711344,0.6079667731593938,-9.245326985665212,2.4369391883617806,5429.937044790353,-32428.477026009212,-32404.388648432916,-3.1560272161182,-0.36371147005383525,0.150204025837535,-9.598685700350375,0.5944718771037764,2.7494321250082754,5261.051667299798,-33141.24581542105,-33101.09851946056,-546.9495686543814,-538.9201094622804,-534.4672338317541,-526.4377746396531,-1247.2360232435894,-1223.1476456672972
402,22367,-1.2862064077879403,-0.14475083543456319,-8.885657923331223,6.908422994574461,5627.928940622969,-30858.99636268724,-30842.96567881262,0.24051020562460693,0.6567892837231348,-9.237480838191232,2.730816690366414,5487.107381578113,-31423.782518685937,-31399.736492874006,0.2524735536163617,0.636662017680643,-9.243900314851517,2.521697851364119,5490.386065263443,-31410.421668957264,-31386.375643145333,-3.9204649916260514,-0.4390368713323898,0.1290994409198075,-9.552406372506535,0.7272585133476779,2.277713024341665,5327.4021651511175,-32080.447945881682,-32040.37123619513,-564.7861559986959,-556.7708140613868,-551.4253062700227,-543.4099643327136,-1221.451583194441,-1197.4055573825099
403,22517,-1.362737022642883,-0.1535182322641998,-8.87671127099521,6.513884281047694,5502.225761864829,-31725.107419385506,-31709.063367668587,0.2491454834984156,0.748282784838822,-9.187934744309425,3.003396948368043,5399.319337912068,-32148.223814305395,-32124.157736730016,0.26629997084185114,0.7589794948066715,-9.189384330233764,2.850092294067168,5402.278500850089,-32135.88647782296,-32111.820400247583,-3.7958011681036328,-0.4323327706057799,0.1347239544436849,-9.707672758832157,0.791135402284605,2.3130330800480636,5243.941713817974,-32801.70774176834,-32761.597612476042,-423.116394919889,-415.09436906142946,-410.7790584374561,-402.7570325789966,-1076.6003223828338,-1052.5342448074553
404,22509,-1.3417898701779094,-0.15119967352037947,-8.874290790033063,6.613770894586058,5517.176383978609,-31644.75749151646,-31628.714150500033,0.24023185267733627,0.6372411459149921,-9.220989694028683,2.652608881016677,5376.485237797318,-32224.195250065455,-32200.130238540813,0.25207665972675186,0.6139089365182246,-9.224832745711815,2.4354057102458224,5379.644319697124,-32210.973435257965,-32186.908423733323,-4.480544185340498,-0.49520457820818264,0.09801334349006405,-9.529699004701813,0.8891276776298777,2.0193674372283423,5216.566643022477,-32899.863618551586,-32859.755266010514,-579.4377585489965,-571.4160880407799,-566.2159437415066,-558.19427323329,-1255.1061270351274,-1231.0411155104812
405,22588,-1.268703385860687,-0.1431395819005135,-8.863400109289655,6.986187794617364,5441.411624316586,-32147.31364809284,-32131.263299951253,0.23008723356895763,0.5865456049628504,-9.253390060165714,2.549231419165468,5290.0967515641005,-32782.340011787375,-32758.264489574998,0.23840440415170153,0.5422319055703703,-9.261507996358798,2.2744206739794,5293.115924792572,-32769.45222642006,-32745.37670420768,-4.418833712303033,-0.4925675185376944,0.11768736614516283,-9.659766414510534,0.81579837986202,2.0301785285573466,5118.975838459246,-33521.08196475941,-33480.95609440545,-635.0263636945347,-627.0011896237447,-622.1385783272162,-614.1134042564263,-1373.7683166665702,-1349.692794454193
406,22672,-1.3113281711446305,-0.1477965378846926,-8.872522928566148,6.766058355035194,5582.553330144959,-31770.454887413216,-31754.397115489355,0.24890234964561608,0.704755050594842,-9.222725425544786,2.831451979454043,5430.836645172687,-32393.137804841637,-32369.051146955844,0.25840314612133525,0.6611797850869885,-9.23801671460878,2.5587141449761077,5435.018074169024,-32375.68839743959,-32351.601739553797,-2.9254464181650044,-0.336012636551198,0.14562879963201963,-9.524255426609864,0.48953736843775625,2.9760785494971427,5254.855948412615,-33135.96728563138,-33095.82285582172,-622.6829174284212,-614.654031466489,-605.2335100263736,-597.2046240644413,-1365.5123982181613,-1341.4257403323682
407,22558,-1.3647691054093392,-0.1539754590051146,-8.86354951774494,6.494541444859618,5533.71102240545,-31695.203352119075,-31679.155662020676,0.2519109486231752,0.7086575963034172,-9.196051905017317,2.8131274173536354,5402.205230865331,-32235.75517468082,-32211.68363953322,0.2641518934087495,0.6822007045910177,-9.202958360787475,2.5826076648081338,5405.725986657868,-32221.058335780028,-32196.98680063243,-4.000808490652412,-0.4494649353142118,0.12745330442472866,-9.572541159718641,0.8151810457571306,2.224867662481658,5246.205096539359,-32892.7557772432,-32852.636551997195,-540.5518225617452,-532.5279775125455,-525.8549836609527,-517.831138611753,-1197.5524251241222,-1173.4808899765194
408,22422,-1.285306875680037,-0.14510173082414043,-8.857970669128653,6.891716551692786,5514.129073108443,-31447.987376752775,-31431.951780955347,0.23616678104890682,0.6316745736815328,-9.241555657912466,2.674696969980388,5373.671070672166,-32024.529233560253,-32000.475839864113,0.24631985384335064,0.5981663681459929,-9.249719731355274,2.4284131336258516,5376.894551099351,-32011.08307959083,-31987.02968589469,-3.8093788521373173,-0.427164546012406,0.12812216902166906,-9.556952882477479,0.7055879468616083,2.3410182547569325,5208.502152888306,-32720.521225429413,-32680.432235935845,-576.5418568074783,-568.5240589087662,-563.0957028380544,-555.0779049393423,-1272.5338486766377,-1248.4804549804976
409,22386,-1.3397026578228604,-0.15083433641897329,-8.881947503660982,6.629790164106235,5478.01572972678,-31508.61149525435,-31492.579113169453,0.24519975679213546,0.7001092736887873,-9.21165373964464,2.855260881364963,5357.449193829911,-32004.81141347472,-31980.762840347372,0.259302179708979,0.6921402885757325,-9.215074579667515,2.669242076377985,5361.488018896537,-31987.9416174444,-31963.893044317054,-4.386741882522733,-0.4877839059011605,0.11102730341317844,-9.608872647633259,0.890205137807449,2.0500881392397345,5207.230633025856,-32637.464755111487,-32597.383799899242,-496.199918220369,-488.1837271779186,-479.33012219005104,-471.31393114760067,-1128.8532598571364,-1104.804686729789
410,22560,-1.3297763434075387,-0.15027567097872055,-8.848913032608177,6.654437098747692,5499.1379139561195,-31841.404741239665,-31825.35687382844,0.26162343103688007,0.8409863493989274,-9.154032649146753,3.2144917069005823,5376.700511097433,-32347.37560282961,-32323.303801712773,0.27550530771506876,0.8211650888081325,-9.165729975511063,2.980578107981108,5380.736116415647,-32330.449031304754,-32306.377230187918,-7.893893063831222,-0.8750028333535078,0.06681760752523025,-10.946031263113065,1.4467677697884773,1.1428534421625036,5229.720870905265,-32968.670947919396,-32928.55127939134,-505.9708615899435,-497.94692788433167,-489.0442900650887,-481.02035635947686,-1127.266206679731,-1103.1944055628956
411,22393,-1.3256766168716987,-0.14936959515513032,-8.875143669599524,6.69480290792402,5335.820919167454,-32114.406708160077,-32098.373700782067,0.25304746608491335,0.7421315482846828,-9.195876920682963,2.932776050939198,5191.170864814415,-32727.84417018687,-32703.794659119852,0.26864229405135875,0.7418419855099828,-9.197746535064478,2.761448967407039,5196.0261976595575,-32706.909653268398,-32682.86014220138,-5.521939328318234,-0.6054435826897484,0.0659537242021046,-9.849403999396932,1.1441726388816833,1.65168155810223,5038.926077322526,-33390.40075609314,-33350.31823764812,-613.4374620267918,-605.4209583377851,-592.502945108321,-584.4864414193144,-1275.9940479330653,-1251.9445368660527
412,22304,-1.4343983338683144,-0.1607224790428083,-8.92469020146375,6.221905025081468,5421.015142575104,-31544.627515754884,-31528.602473127765,0.24989785274799592,0.661355804630345,-9.238754982956452,2.6465045511906617,5291.588703344151,-32081.594103238607,-32057.556539297926,0.2657147974069767,0.6626542484478691,-9.239937547056527,2.4938552723239127,5294.892716958479,-32067.672060754256,-32043.634496813575,-3.5352408342050183,-0.3972431782233572,0.14586761093059492,-9.436754998033292,0.6556741061352739,2.5173497112585577,5146.591257004698,-32697.28663464482,-32657.22402807702,-536.9665874837228,-528.9540661701612,-523.0445449993713,-515.0320236858097,-1152.6591188899365,-1128.6215549492554
413,22423,-1.2709557309412107,-0.14384957387469915,-8.835311059372916,6.951706376767266,5404.72948795531,-31899.73178291288,-31883.69609791933,0.25426416570510874,0.7858649696604676,-9.16670744310456,3.090742132227553,5256.310942997356,-32522.099372515622,-32498.045845025303,0.2694876936360306,0.7841825658130421,-9.173060206836977,2.909901210079586,5261.626708618335,-32499.434202476405,-32475.380674986085,-6.789842063375331,-0.7393647242389249,0.03152481968065709,-10.24257200541678,1.3383090563301958,1.3525124572711575,5096.6810865986,-33209.62196819596,-33169.5327557121,-622.3675896027416,-614.3497471059709,-599.702419563524,-591.6845770667533,-1309.8901852830822,-1285.8366577927663
414,22580,-1.2662193052137445,-0.14333931644794767,-8.833719432962136,6.976452970341467,5544.864601590767,-31702.663405827076,-31686.61376615167,0.23495138432863721,0.7065507789119707,-9.201507397210705,3.0072211786745036,5439.30859041585,-32134.65658209051,-32110.582122577398,0.24561485223214002,0.6766060786115445,-9.21101727531672,2.754744155178605,5443.171052651769,-32118.628176100377,-32094.553716587267,-3.7957903563386655,-0.428123890425398,0.12100344235488968,-9.643719476291079,0.7327659403735963,2.3357724769957757,5277.757265276407,-32811.45957601605,-32771.33547682753,-431.99317626343327,-423.9683564257284,-415.96477027330184,-407.939950435597,-1108.7961701889762,-1084.7217106758617
415,22589,-1.2390395437177486,-0.14023986054798415,-8.835145292331502,7.130640290802645,5415.477488856423,-32257.65512796527,-32241.604691283057,0.23779877767116486,0.7042402733297117,-9.203913636879582,2.961496607453365,5274.217862073094,-32852.697300163294,-32828.621645139974,0.24986959469000147,0.6835558275103555,-9.21190104090113,2.735650283334405,5278.679586917446,-32833.59621271284,-32809.52055768952,-3.501470711722766,-0.39692397634553345,0.13144146597114004,-9.573596380412464,0.6853063022545639,2.5193741360926807,5108.886354972707,-33568.13322627036,-33528.007134564825,-595.0421721980238,-587.0169538569171,-575.9410847475665,-567.9158664064598,-1310.4780983050878,-1286.4024432817678
416,22611,-1.2614187828009582,-0.14232756320986442,-8.862786338447842,7.0260459565761195,5495.998353988768,-31977.366011944807,-31961.313628359785,0.23629396899576743,0.6452530707919649,-9.214790617792344,2.730721708786071,5339.437787916681,-32628.821450955624,-32604.74287557809,0.24684568846528498,0.6151300124035964,-9.219824364178344,2.4919617443109803,5343.552816896727,-32611.402185450002,-32587.323610072468,-5.605371969409872,-0.6092074078124892,0.040422861939594754,-9.736246411045043,1.1656347036259997,1.6414770851043143,5190.0126968693785,-33266.61706481176,-33226.4861058492,-651.4554390108169,-643.4292472183042,-634.0361735051956,-626.0099817126829,-1289.2510528669554,-1265.1724774894174
417,22588,-1.4038057946385223,-0.15807103049202645,-8.880854323963773,6.326269885679292,5430.6254848955905,-32192.13273668283,-32176.082388541243,0.2541516321549966,0.6738902843521131,-9.23081844848766,2.6515284542463027,5294.860296094241,-32762.009470883662,-32737.933948671285,0.268358400117742,0.661415709894673,-9.235873358432015,2.4646730253440086,5298.298074801924,-32747.348584025112,-32723.273061812735,-3.172201334345576,-0.35907572580991237,0.14844503392344485,-9.433391264625042,0.5008621041727107,2.784927880447648,5119.753619174266,-33517.6501891866,-33477.524318832635,-569.8767342008323,-561.8515601300423,-555.2158473422824,-547.1906732714924,-1325.5174525037692,-1301.441930291392
418,22438,-1.257235096715085,-0.1421190580936812,-8.846351176112835,7.03635397963886,5270.785145908067,-32499.162078916394,-32483.125056458182,0.24094098944927073,0.673310606080742,-9.211738421891617,2.7945041963169377,5104.1496247679825,-33217.99347999337,-33193.937946306054,0.2530070024933878,0.6531503573230101,-9.219493731096401,2.5815505139628687,5109.2088316607,-33195.76406465896,-33171.70853097164,-3.9460065794571633,-0.4359742632045821,0.10520208005787988,-9.318966377993934,0.7651046542117875,2.2937133780549503,4945.811811211675,-33921.07636520773,-33880.98380906221,-718.8314010769755,-710.8128898478717,-696.6019857425636,-688.5834745134598,-1421.9142862913359,-1397.8587526040246
419,22295,-1.319870745095922,-0.14847638870053148,-8.889431893161323,6.735077602250575,5395.315079344303,-31628.84693187928,-31612.822696445157,0.24176574333965753,0.6780778159292095,-9.23749454466019,2.8046893929739896,5254.6229945513805,-32215.941910991318,-32191.905557840135,0.2534316598681101,0.65336142858023,-9.244914139029756,2.578057646468676,5258.495599377578,-32199.516769824346,-32175.480416673163,-4.014123380170899,-0.4507211439914969,0.12833075427670096,-9.64609121603037,0.733856144528468,2.2186667151760373,5081.317526053568,-32959.6643981626,-32919.60380957729,-587.0949791120365,-579.082861394978,-570.6698379450645,-562.6577202280059,-1330.8174662833153,-1306.7811131321323
420,22430,-1.3160739017345842,-0.1481827405713818,-8.88142503411598,6.7484242506520875,5348.95812721085,-32149.3500278026,-32133.31371854757,0.25892241924528825,0.7581867655835609,-9.20056248351156,2.9282391528456184,5184.183622011571,-32849.1717190825,-32825.117255199955,0.2753032851435086,0.7601636117029172,-9.20422468302708,2.7611861271712153,5188.845843917647,-32829.00911475588,-32804.95465087333,-6.709879509744784,-0.7340886953238559,0.055091514000327836,-10.284402749630505,1.312661512781561,1.3622332101965318,5024.9507377808995,-33544.91434752433,-33504.82357438676,-699.8216912798998,-691.8035366523836,-679.6590869532774,-671.6409323257612,-1395.5643197217323,-1371.509855839191
421,22572,-1.32674977262435,-0.14997242577031553,-8.84662474324635,6.6678924133127735,5516.670317314938,-31798.49718928706,-31782.44825832888,0.24402110462401086,0.6747899462002486,-9.215052657788767,2.765293384111054,5378.495554467289,-32369.05349761284,-32344.980101175574,0.25509237436577886,0.6439268623818001,-9.22194132559597,2.524288952120805,5382.467867761011,-32352.38899347498,-32328.315597037712,-4.563869621490843,-0.5083744415783692,0.1092928428795169,-9.697163530345922,0.870729285228435,1.967054041692699,5202.836482710973,-33114.55098005846,-33074.42865266302,-570.5563083257803,-562.5318428466926,-553.8918041879188,-545.8673387088311,-1316.0537907714024,-1291.9803943341358
422,22465,-1.2961839898361993,-0.14597980146620262,-8.879200936139737,6.850262775782175,5338.951101769089,-32276.617437386467,-32260.578009743458,0.23202582559748583,0.6410801155697572,-9.244423091188867,2.7629687941802277,5203.159796371259,-32853.38585179726,-32829.32671033275,0.24486558219642995,0.6301140802437123,-9.246743596745269,2.5733060342397893,5206.804297550476,-32837.65597576744,-32813.59683430293,-3.5587346121105075,-0.4035827522575693,0.13588432684138066,-9.628348910423712,0.6361472901423066,2.4778065821846447,5032.940108937102,-33596.61142814557,-33556.51285903805,-576.7684144107952,-568.7487005892945,-561.0385383809735,-553.0188245594727,-1319.9939907590997,-1295.93484929459
423,22550,-1.3219936398654446,-0.1485666397938849,-8.898320926552037,6.730986184969639,5559.198674055836,-31572.338612067157,-31556.291631377295,0.24796351477680295,0.6690036923343761,-9.24793432700365,2.697992456416663,5393.224089643667,-32253.84280142444,-32229.772330389646,0.25951371903913356,0.6423672373607552,-9.256259863291218,2.475272751433572,5397.843306513498,-32234.537325338933,-32210.46685430414,-3.7478169699733717,-0.4194625728191601,0.13797894272093936,-9.491762322053361,0.6566511230033883,2.3840029237390934,5222.375122937903,-32975.75130887501,-32935.63385715036,-681.5041893572816,-673.4806990123507,-662.1987132717768,-654.1752229268459,-1403.4126968078563,-1379.3422257730635
424,22442,-1.2717616950314112,-0.1430598586150591,-8.889717264808901,6.990081003021037,5453.600180940361,-31743.759975175053,-31727.722596210602,0.22744674096343576,0.5568208402315995,-9.267770467130754,2.448137255662475,5282.098079558624,-32458.84004263159,-32434.783974184917,0.23768188804744084,0.5312020829899373,-9.270781500051609,2.2349287417470802,5285.664132300113,-32443.6941002726,-32419.63803182593,-4.028788142499869,-0.4432335763687265,0.11039237001997718,-9.332939302701554,0.7186784147885741,2.2561467662100103,5128.0490415550485,-33119.0805867752,-33078.98713936407,-715.0800674565362,-707.0613779743144,-699.9341250975485,-691.9154356153267,-1375.3206116001456,-1351.2645431534693
425,22433,-1.3344763439766312,-0.14996699822819165,-8.89846672763347,6.6681337348527014,5485.43048542778,-31591.478757356435,-31575.442180620408,0.2491412549154226,0.6710521445837442,-9.24100003419295,2.6934605624088634,5322.57134382247,-32265.58813068581,-32241.53326558177,0.2609278015812658,0.6428495954510802,-9.248953818301148,2.463706786150441,5326.122531311628,-32250.62595920607,-32226.57109410203,-4.781306418625856,-0.5301759346761838,0.10769403271655181,-9.701368816927063,0.9694298713153037,1.886166335729235,5172.908028263598,-32901.411169310064,-32861.31972747,-674.1093733293746,-666.091084961361,-659.1472018496352,-651.1289134816216,-1309.9324119536286,-1285.8775468495915
426,22744,-1.2428201487125214,-0.14073489094257183,-8.830931266502105,7.10555849585345,5440.43795706811,-32529.96852453291,-32513.90441122625,0.23667324248583035,0.6615540547927806,-9.215655071264797,2.795221157425043,5288.994660740984,-33170.06307356959,-33145.966903609595,0.2479388483001991,0.6379945225368383,-9.222770371848437,2.5731930551051363,5294.267012972121,-33147.401933221336,-33123.30576326134,-4.515023317452037,-0.4960430449370772,0.08380959005162836,-9.447422194497166,0.8898916056416953,2.015954079402221,5121.283216110278,-33898.94632404331,-33858.78604077666,-640.0945490366794,-632.0624923833457,-617.4334086884264,-609.4013520350927,-1368.9777995104014,-1344.8816295504075
427,22413,-1.3616411226294551,-0.15317436371500612,-8.88948443855072,6.528507615416538,5494.054206789128,-31508.110805281525,-31492.07601242824,0.2453020879668456,0.6417004771858786,-9.244243825629068,2.6159601106722303,5350.349982368743,-32100.15567370484,-32076.103484424908,0.2584495518508116,0.6265398514465553,-9.245678918207185,2.4242249481950027,5353.779692466862,-32085.7929749344,-32061.740785654467,-4.27468031016671,-0.47453430359222387,0.11797097379289424,-9.558087793837451,0.7719790144068153,2.107329211882053,5175.157855526826,-32842.33226999485,-32802.24528786163,-592.0448684233161,-584.0274719966692,-577.682169652875,-569.6647732262281,-1334.2214647133223,-1310.1692754333926
428,22679,-1.3167327357791017,-0.1488460910253414,-8.846270175512535,6.718349088722441,5494.400256355273,-32148.243906114272,-32132.185516783953,0.2553149566881077,0.7925108922952132,-9.166776443780499,3.1040519622332314,5367.779237932225,-32675.008536015117,-32650.920952019642,0.2707256558603284,0.7879011027759766,-9.173777448786597,2.910330386945178,5371.503278006254,-32659.27983009853,-32635.192246103055,-3.9511516883287445,-0.4493635675924308,0.12869750118598697,-9.721378491518267,0.8118140737826154,2.2253695495559,5199.853584765566,-33391.83344591544,-33351.68747258965,-526.7646299008447,-518.7354352356888,-511.03592398425826,-503.0067293191023,-1243.5895398011708,-1219.5019558056956
429,22424,-1.308576614200108,-0.14739230519166394,-8.878188128603318,6.784614696809538,5418.209787771926,-31846.295042046953,-31830.259267861264,0.2540700621537898,0.7411215965556796,-9.200819499163543,2.916996950656371,5262.045561871886,-32500.098874060222,-32476.04521278169,0.266486073006537,0.7152300870926172,-9.210826676271665,2.683930454688611,5265.9211333204885,-32483.589357910485,-32459.535696631952,-6.638221467405834,-0.7289265246230097,0.060257155430981174,-10.318820411387701,1.330487172787487,1.3718803833036335,5108.4644639601165,-33160.31969534388,-33120.23025987966,-653.8038320132691,-645.7859449204261,-637.2943158635317,-629.2764287706887,-1314.0246532969286,-1289.970992018396
430,22770,-1.3190603380116896,-0.14834242134363318,-8.891996814290259,6.741160019786341,5518.641710763357,-32268.19690310554,-32252.130504787427,0.23351860605097888,0.615584550948179,-9.253585141733074,2.63612635137858,5382.00367620989,-32837.064205153794,-32812.96460767662,0.24488078414861558,0.5923536344563425,-9.25787964133355,2.4189469848187404,5384.899581582396,-32824.815601197166,-32800.716003719994,-3.0707446285574136,-0.34655422899497085,0.1409277170418515,-9.444838023553482,0.4619207270456351,2.885551282695534,5215.615501243648,-33548.12483079087,-33507.95883499558,-568.8673020482529,-560.8341028891955,-556.6186980916245,-548.5854989325671,-1279.9279276853267,-1255.8283302081545
431,22508,-1.32986782310406,-0.15023979094338477,-8.851635207647469,6.656026301160339,5412.403479952117,-32073.89609743617,-32057.85284527506,0.2411587989044898,0.6184523003263187,-9.22727099641754,2.564502324342952,5256.96478729093,-32727.7665410003,-32703.701662758638,0.25167187272152397,0.5870891267045252,-9.234026279835406,2.332756220851672,5261.007332914125,-32710.46479873907,-32686.39992049741,-3.3172826952670555,-0.3689924691889927,0.13626467860983932,-9.258822741644941,0.4832740930287228,2.710082409535069,5092.696598021908,-33438.31338196435,-33398.20525156158,-653.8704435641303,-645.8488174835766,-636.5687013029019,-628.5470752223482,-1364.4172845281792,-1340.352406286518
432,22743,-1.3073710953325406,-0.14764324713337723,-8.854933230718599,6.773083221995416,5594.050286911709,-31894.281563868968,-31878.21753849952,0.24307796851186192,0.6483755669523249,-9.230829978236452,2.6673563668551266,5438.778909359636,-32532.474582357983,-32508.37854430381,0.25436078717111626,0.6212803761911829,-9.238000112547684,2.4425163292690577,5443.466279947657,-32512.882140904632,-32488.78610285046,-3.744085770937136,-0.41593738637017597,0.12546935011176685,-9.36824257392032,0.6350819756276097,2.4042080196898192,5262.480226856781,-33277.90484870183,-33237.744785278206,-638.1930184890152,-630.1610058042897,-618.6005770356642,-610.5685643509387,-1383.6232848328618,-1359.5272467786854
433,22595,-1.3094805678348544,-0.14765373741141444,-8.868590736624487,6.772602018285888,5398.953734571058,-32341.272599549207,-32325.221631705517,0.24363761657200717,0.6933330831885971,-9.220608583256665,2.845755482851238,5256.161477718486,-32944.913016845196,-32920.83656507966,0.25590317113916206,0.6715328864865684,-9.227924181070726,2.6241678971667914,5260.148591026627,-32927.779853420936,-32903.7034016554,-4.06824300205638,-0.4553582402056768,0.12207832084580933,-9.605397733517336,0.7684415834784493,2.196073139136164,5083.900155913832,-33693.830137007644,-33653.70271739842,-603.6404172959883,-595.614933374145,-586.5072538717286,-578.4817699498853,-1352.5575374584369,-1328.4810856928998
434,22476,-1.3229846964811214,-0.1495671138154117,-8.845425058571921,6.6859617364426125,5491.244927441148,-31671.271281713423,-31655.230875008958,0.24968137838273616,0.7249875687149354,-9.204373729318364,2.9036509386919644,5366.222843025273,-32186.909580568197,-32162.848970511503,0.2621460134841793,0.7013080505835557,-9.214960477990807,2.6752573547180036,5369.8339317218215,-32171.789907804312,-32147.729297747617,-3.1642992742720373,-0.3629878720869346,0.13915399994710576,-9.583197581772154,0.547546724063003,2.7549129789121514,5183.094919972968,-32963.31961389884,-32923.21859713768,-515.6382988547739,-507.61809550254475,-500.5186260908886,-492.49842273865943,-1292.048332185419,-1267.9877221287243
435,22583,-1.248903294759159,-0.14085551692184117,-8.866555759063086,7.099473431025683,5453.907926425881,-32083.394484645476,-32067.344579265842,0.2340081853168251,0.6369131385101161,-9.234993612306416,2.721755812292615,5310.6721783011235,-32682.418174394257,-32658.343316324805,0.2432965295983711,0.5985826472981662,-9.244392563767954,2.460300803658376,5314.308425614256,-32666.960757700585,-32642.885899631132,-4.0625256956840605,-0.4498822115582711,0.11051093248900236,-9.433570866571545,0.7750661805014011,2.22280404583295,5156.0677769738195,-33345.614487084495,-33305.48972363541,-599.0236897487812,-590.9987370589624,-583.5662730551085,-575.5413203652897,-1262.2200024390186,-1238.145144369566
436,22647,-1.3070647860693458,-0.14763252314237196,-8.853501642106702,6.773575217133103,5472.921652563814,-32159.604485682514,-32143.548920338897,0.2529415081562633,0.7506822950596679,-9.196543690570085,2.9678098329195857,5341.52911372175,-32707.940942300964,-32683.857594285542,0.26698428701854676,0.7397530816040042,-9.20229035528075,2.770773852892007,5346.469123587232,-32687.00598162708,-32662.92263361166,-4.610019522061009,-0.5135448761890761,0.1083082083163257,-9.71361576404631,0.8922455872230749,1.9472494934051716,5163.270180277363,-33472.62152652021,-33432.48261316117,-548.33645661845,-540.3086739466453,-527.4014959445667,-519.373713272762,-1313.017040837698,-1288.9336928222729
437,22855,-1.2253510072629306,-0.13889391164082066,-8.822208207597216,7.199739629955831,5591.454483742975,-32174.250768193568,-32158.176917812038,0.2324473833333514,0.6532194199056482,-9.21172539650536,2.8101818593882393,5452.266822149757,-32748.379478480798,-32724.2687029085,0.24329755641167525,0.6281185582688759,-9.215329915469056,2.5816887252499097,5456.800437610408,-32729.38320962462,-32705.27243405232,-4.229583503905746,-0.4672140094262723,0.098066834481502,-9.461680006355698,0.8065277357325978,2.1403467786164554,5282.884178711213,-33465.66632741793,-33425.4817014641,-574.1287102872302,-566.0917850964615,-555.1324414310511,-547.0955162402824,-1291.4155592243624,-1267.3047836520636
438,22396,-1.348654279611392,-0.1521607786786935,-8.863350275429678,6.571995810507944,5451.508160420805,-31641.325706498537,-31625.2924311976,0.23890337741211032,0.6323867322686038,-9.239816107284856,2.6470397326268493,5326.103137680367,-32160.53538315075,-32136.485470199343,0.25031817497095593,0.6076101355936185,-9.245676054904395,2.4273512527171417,5329.881188269601,-32144.65449932928,-32120.604586377875,-4.023152311067035,-0.4523959828040564,0.12908029270982097,-9.641266868224855,0.7131610833188912,2.2104528731704587,5145.5768559196495,-32928.802528966946,-32888.719340714604,-519.2096766522118,-511.1930390017442,-503.3287928307436,-495.312155180276,-1287.4768224684085,-1263.4269095170057
439,22366,-1.3801536874177205,-0.15506263945400023,-8.900620370435181,6.449006695108223,5383.133370773014,-31851.252634848035,-31835.22204039286,0.24483008832066172,0.6241263765450303,-9.25396715423834,2.5492225274517413,5235.24706971735,-32472.292827313668,-32448.246935630905,0.25642879314292016,0.5974395367569386,-9.258323004023984,2.3298457612127694,5238.059294966951,-32460.28167644038,-32436.235784757617,-3.6410398054228574,-0.4075634493850427,0.1394919037935282,-9.4574771590119,0.6050002035308731,2.453605693810038,5058.142376511074,-33238.012954139595,-33197.93646800165,-621.0401924656326,-613.0248952380462,-609.0290415923446,-601.0137443647582,-1386.7603192915594,-1362.714427608793
440,22515,-1.2793562142802022,-0.1440915344576207,-8.878774308954828,6.94003297115358,5356.689250353619,-32323.83958510807,-32307.7957110426,0.23788095171032578,0.6191189343989073,-9.252787980961553,2.602641909524667,5192.188679156312,-33024.10017615952,-33000.034365061314,0.2476946867045804,0.5843171792453,-9.260600264841356,2.3590218547651016,5196.2405119211235,-33006.53697817303,-32982.47116707483,-4.764520794662388,-0.5262038925582766,0.10366800106872563,-9.619747952502136,0.8753395205626487,1.9004040337638721,5016.942322927716,-33793.145271069734,-33753.03558590606,-700.2605910514467,-692.2386540187144,-682.697393064962,-674.6754560322297,-1469.3056859616627,-1445.2398748634587
441,22856,-1.3562753225170603,-0.1524586589496322,-8.896020284194767,6.559155163042397,5524.80205176185,-32450.74851633373,-32434.67457844591,0.24079553269066198,0.6232082109667204,-9.242234051884035,2.58812198051583,5370.402799246118,-33096.590503146144,-33072.47959631441,0.2520306880784096,0.5977001148683195,-9.247314674020464,2.371537051402122,5374.4699469270345,-33079.28760267806,-33055.17669584633,-4.096100896397308,-0.45280877589065316,0.1168556405206195,-9.384507766916212,0.7315872614796276,2.2084377627908114,5203.776906537013,-33812.97104824712,-33772.78620352757,-645.8419868124147,-637.8050178685044,-628.5390863443281,-620.5021174004178,-1362.2225319133904,-1338.1116250816594
442,22376,-1.4461105312369742,-0.16236417328419556,-8.906586360685383,6.158994190483397,5504.196046428762,-31377.853031165243,-31361.82154269548,0.24621826488676776,0.6891682552402388,-9.23291657912085,2.7990135319862537,5422.508555658414,-31710.42295205543,-31686.375719350784,0.2613308395240837,0.6845246714257387,-9.236384586860755,2.619379605837352,5424.081738745474,-31703.93214820879,-31679.884915504146,-3.091140591700153,-0.3631090283755972,0.15676026523351083,-9.751953213695948,0.6399354130190631,2.753993764554947,5266.3595973822585,-32360.23168519951,-32320.1529640251,-332.56992089018604,-324.5541766553033,-326.07911704354774,-318.063372808665,-982.3786540342662,-958.331421329618
443,22653,-1.3689824144008211,-0.15430126705298153,-8.872139811598316,6.480828181771416,5472.87447660482,-32174.32183630773,-32158.265741162784,0.2538168921804603,0.6787518033739159,-9.208294660138407,2.6741790018110096,5309.7589371660615,-32857.74590231865,-32833.66175960124,0.26688111199415515,0.6591317328302166,-9.21375912105163,2.469757892962661,5314.131225211474,-32839.10010587858,-32815.01596316116,-4.081600291318393,-0.4515940174430207,0.11354987167268028,-9.32171635361227,0.7693418567030653,2.2143783163074646,5142.923673655227,-33576.93636848175,-33536.79613061939,-683.4240660109244,-675.3960184384523,-664.7782695708484,-656.7502219983762,-1402.6145321740223,-1378.530389456606
444,22473,-1.3598011647222548,-0.1534634529454006,-8.860749179194126,6.516209434931594,5408.243780347584,-32006.320361922877,-31990.280222187645,0.24988367114748056,0.7480482254566134,-9.185295928287776,2.9935858634601127,5296.322775614662,-32474.267908712325,-32450.207699109476,0.26653468498710603,0.7543736383130937,-9.188075528267305,2.8303019486922967,5299.74295290987,-32459.76032655991,-32435.70011695706,-3.4522549289931335,-0.3957447653733346,0.14074311299903328,-9.644878053015395,0.7090494647429529,2.5268811807444322,5137.463148602783,-33154.64620190798,-33114.5458525699,-467.9475467894481,-459.92747692183184,-453.439964637033,-445.4198947694167,-1148.3258399851002,-1124.265630382255
445,22611,-1.345912729423423,-0.1508277777471689,-8.92350699272095,6.630078457273898,5674.141332098419,-31256.097963237622,-31240.0455796526,0.23824320684952283,0.6045953990998373,-9.25312402893528,2.5377235602847925,5513.455188207896,-31903.660943602445,-31879.58236822491,0.25029127330498524,0.5847907455751679,-9.256555102534135,2.336440810953037,5516.145012349829,-31892.632508523555,-31868.55393314602,-3.517748627511006,-0.3904508104744395,0.13697478684082023,-9.285323491549494,0.6012718704610421,2.561142077755948,5373.916747417556,-32479.28226576081,-32439.151306798252,-647.5629803648226,-639.5367885723099,-636.5345452859328,-628.5083534934201,-1223.1843025231865,-1199.105727145652
446,22440,-1.2997458107937934,-0.146679797709337,-8.861109921690716,6.817571442126036,5198.461440409595,-32814.10451051978,-32798.067309800506,0.23642158515282918,0.6364771864287851,-9.224930447662025,2.692128072897191,5045.141861597454,-33483.889271474836,-33459.833470395926,0.24759290958177113,0.6098246457136552,-9.231680746637135,2.463013366351074,5048.7646592121055,-33467.78141832683,-33443.72561724792,-3.7115120655219482,-0.41574559137631867,0.12869476901225288,-9.46783077649778,0.6710950126032207,2.4053171476563757,4878.107577309149,-34235.40860588612,-34195.31560408794,-669.784760955059,-661.7661605954199,-653.6769078070502,-645.6583074474111,-1421.304095366344,-1397.248294287434
447,22571,-1.2991439117034995,-0.14625799583592072,-8.88254966354757,6.8372330297883215,5366.113003432984,-32420.642832081787,-32404.59398973092,0.24308872224470873,0.6454079056466709,-9.23188089690991,2.655030228004415,5193.522881927225,-33156.52406408123,-33132.450800554936,0.2549449664855934,0.622498441355533,-9.237402473230429,2.441697319765321,5197.756251967073,-33138.13337334442,-33114.06010981812,-4.0557748921084995,-0.44816024143370425,0.11295049055629133,-9.366165620266598,0.7766593200526555,2.231344745800992,5039.799966258408,-33830.68911355111,-33790.567007673955,-735.8812319994468,-727.8568108240142,-717.4905412626322,-709.4661200871997,-1410.0462814693237,-1385.9730179430335
448,22643,-1.2840708845734075,-0.14498569756089502,-8.856534859475284,6.897232049940602,5451.947261288709,-32236.867581360355,-32220.81236929561,0.24284725679855954,0.6978758446467426,-9.231025924143275,2.873723400654374,5318.912609895815,-32794.23922726967,-32770.15640917255,0.2559683784285002,0.6853849107029116,-9.236198872449851,2.6776155512285698,5323.535232410777,-32774.568931537,-32750.486113439878,-3.7150218619345448,-0.4223725385207306,0.13240672946466117,-9.713777427623427,0.649407339984824,2.3675781657166586,5129.191149869454,-33612.653584813685,-33572.51555465182,-557.3716459093121,-549.3440398769417,-537.7013501766414,-529.6737441442674,-1375.7860034533296,-1351.7031853562112
449,22932,-1.2664024216019374,-0.14308664636866242,-8.850598247575489,6.988772365406499,5353.27218358423,-33358.05419245723,-33341.97361526918,0.24020430874274598,0.7387059400164271,-9.187436551118626,3.075323435632316,5228.2236412392485,-33898.08468151736,-33873.963815735275,0.25287986787781325,0.7204166537233934,-9.194594531619549,2.8488493756706843,5231.951779142311,-33881.738175158294,-33857.61730937621,-3.7865916628773193,-0.4295381228868501,0.12773038105788903,-9.678193386097199,0.7985616865018508,2.3280820647051677,5073.3177147770475,-34583.800979994136,-34543.59953702399,-540.0304890601255,-531.990200466098,-523.6839827010626,-515.6436941070351,-1225.7467875369039,-1201.625921754814
450,22861,-1.3150769304015373,-0.14841292784122073,-8.86093246410764,6.7379574983511406,5695.7733511655315,-31766.115033804937,-31750.04065844309,0.24121084077263905,0.7302217333939921,-9.196712119916754,3.0273172261038046,5573.376627068575,-32260.731291503165,-32236.619728460395,0.25361153299281786,0.7099615231403557,-9.206074843488988,2.799405511106868,5577.753613662041,-32242.784716852544,-32218.673153809774,-4.7277976089269815,-0.5265121237622077,0.1001830154041207,-9.799028033443697,0.9266067460634553,1.89929149751476,5406.2015499935815,-32952.94835067452,-32912.7624122699,-494.61625769822786,-486.57907001730564,-476.66968304760667,-468.63249536668445,-1186.833316869579,-1162.7217538268087
451,22608,-1.3580902801438144,-0.15273261394839532,-8.891946814991854,6.54739007045264,5546.986799726524,-31761.346991357823,-31745.294873147974,0.24223042531478323,0.621248071601736,-9.23272390588055,2.564698760671422,5410.156949116741,-32324.02153602718,-32299.943358712408,0.25415951049625646,0.5990376368932293,-9.235132892942435,2.356935751582086,5413.064895865293,-32311.873053326777,-32287.794876012005,-3.610766343534854,-0.40331919523642357,0.13700205216035488,-9.36659973243467,0.642268838676254,2.4794257546155354,5259.364461425134,-32959.10241680522,-32918.972121280596,-562.6745446693567,-554.6484855644339,-550.5260619689543,-542.5000028640316,-1197.7554254473944,-1173.6772481326225
452,22667,-1.2906435734665958,-0.14554050630167764,-8.867933788764885,6.87093940656762,5551.388622097149,-31885.3414898378,-31869.28415903527,0.2376118886091615,0.6221878251258092,-9.24026325952515,2.6185046075250114,5387.876189644148,-32561.012692151144,-32536.92669594735,0.24735660731028172,0.5848027346590388,-9.247533156614733,2.3642090705321968,5391.248973541621,-32546.827701450766,-32522.741705246972,-4.603437598590684,-0.5106452904477489,0.10604591238476783,-9.652429544445983,0.8838816816316283,1.958306516688268,5217.163228533105,-33286.83269953266,-33246.689372526336,-675.6712023133441,-667.6425369120807,-661.4862116129661,-653.4575462117027,-1401.4912096948574,-1377.4052134910671
453,22404,-1.3199525522461228,-0.14901237999450626,-8.858005974367945,6.710851810009797,5530.028738959701,-31340.237828752994,-31324.203839166334,0.25843728918523834,0.7531593096488802,-9.201489793539698,2.91428265643602,5377.883883424661,-31963.265648171364,-31939.214663791376,0.2724079359640158,0.7388532894499222,-9.210109737333958,2.7123045693776056,5382.777611874836,-31942.887886115695,-31918.836901735707,-3.8451290027437293,-0.4331824967995849,0.13414800945839253,-9.557362870984111,0.7363944401608503,2.3084958588773667,5204.151416454624,-32694.97514958603,-32654.89017561938,-623.0278194183702,-615.010824625042,-602.6500573627018,-594.6330625693736,-1354.7373208330355,-1330.6863364530473
454,22590,-1.3221024166611937,-0.14926872195909233,-8.85719660025977,6.699327138836587,5477.857537352957,-32001.359885761216,-31985.30936054229,0.26027134996719986,0.7896617736341178,-9.19172089007845,3.0339942284605406,5342.401627035399,-32564.985686944292,-32540.909899115904,0.27575594639285905,0.7842714031874302,-9.199177558868609,2.8440779371992524,5346.788265561541,-32546.44468040139,-32522.368892573002,-6.764749144980899,-0.7536607512988772,0.09204394457032838,-10.493817050035753,1.2069172812121038,1.3268569423000678,5160.497784176945,-33343.55411707182,-33303.42780402451,-563.625801183076,-555.6005385736134,-545.0847946401736,-537.0595320307111,-1342.1942313106047,-1318.1184434822208
455,22677,-1.3260827769573282,-0.14990979518595712,-8.845871447642066,6.6706781818995875,5514.611493703576,-32060.14392637622,-32044.0857134283,0.24605039519521163,0.6382636434393627,-9.233107910603117,2.594036245838893,5345.766052434886,-32763.315839809642,-32739.22852038776,0.25761308801860666,0.6125180913368912,-9.238643912944756,2.3776668182815723,5350.7165787042195,-32742.325184077916,-32718.237864656036,-4.402873098819479,-0.487597202397688,0.11218868478291162,-9.505932169751812,0.792485503366175,2.0508731286452138,5161.655095833316,-33554.08964036291,-33513.944107993106,-703.1719134334235,-695.1428069594622,-682.1812577016972,-674.1521512277359,-1493.94571398669,-1469.858394564806
456,22731,-1.2706691690478078,-0.14315851515330327,-8.875959405468087,6.985263844970285,5456.585112867038,-32431.011077128744,-32414.948107307544,0.23754838395999067,0.5955802456070826,-9.25247745302747,2.507195526564364,5275.462620439451,-33196.336461758,-33172.2420070262,0.24828340625721282,0.5687009321185161,-9.256287297604164,2.2905313757833743,5279.538352566573,-33178.78166061242,-33154.68720588062,-4.050174757349829,-0.4470693609493108,0.11697789504863099,-9.362409088332692,0.682166246152571,2.236789382919446,5101.373798574142,-33955.10927117701,-33914.95184662401,-765.3253846292573,-757.2938997186575,-747.7705834836743,-739.7390985730744,-1524.098194048267,-1500.0037393164675
457,22562,-1.3744459622667846,-0.15509732368054455,-8.86182900936282,6.4475645115560445,5474.117656321302,-31949.11598064392,-31933.067935935593,0.2570984930243062,0.7394686136433727,-9.192686198912321,2.876207499098266,5337.527209748598,-32517.226758031044,-32493.15469096855,0.27355352979145847,0.7424100513796225,-9.195833739788506,2.7139479865077716,5342.432213848582,-32496.5025762443,-32472.430509181806,-4.418061443278115,-0.4935404539811905,0.1152909470401168,-9.646327671555353,0.9286346979663954,2.0261763588646198,5177.022909441172,-33202.096809397684,-33161.97669762686,-568.1107773871227,-560.0867550329567,-547.3865956003792,-539.3625732462133,-1252.9808287537635,-1228.9087616912657
458,22345,-1.2777112306631089,-0.14397711221123005,-8.874405181766445,6.945548390586494,5230.737273254898,-32442.06494146869,-32426.036225745953,0.23530803450028878,0.627465785782548,-9.25329238954575,2.6665718708460755,5065.550649271769,-33157.102357450945,-33133.059283866845,0.24475970056239144,0.5905020531238605,-9.260327144681147,2.4125787528218368,5070.214972499116,-33136.53670631781,-33112.49363273371,-4.928876515301227,-0.5418368418508778,0.09201702697707762,-9.658077802374153,0.8886129408210384,1.84557402295508,4889.009639348989,-33945.748622681036,-33905.6768333742,-715.0374159822568,-707.0230581208925,-694.4717648491242,-686.4574069877599,-1503.6836812123474,-1479.6406076282474
459,22629,-1.3450234263353462,-0.15218755590298688,-8.837933025172845,6.57083947545263,5477.492533173106,-32097.15634966853,-32081.10237457149,0.2566899819061829,0.7573359303271411,-9.188850526434182,2.9503914593906444,5353.098806916697,-32614.985660646205,-32590.90469800064,0.27192320007641385,0.7517636749432114,-9.195300640222298,2.7646176373768636,5357.776957003445,-32595.218488030645,-32571.13752538508,-4.304546893792183,-0.4833682356000697,0.12071806864220834,-9.688605355480458,0.8136887263489022,2.0688161247471424,5159.780518220487,-33443.31572021293,-33403.18078247032,-517.829310977675,-509.8023234291504,-498.06213836211464,-490.03515081359,-1346.1593705443993,-1322.0784078988327
460,22366,-1.3905450475791967,-0.15635324276360404,-8.893611817706976,6.395773968768496,5357.7253417214015,-31957.068576193844,-31941.037981738667,0.23927504610865571,0.6460334934943904,-9.244032993889236,2.699961838899925,5250.59923294068,-32406.801360419573,-32382.75546873681,0.24845991683730206,0.6016235638345601,-9.254370312725758,2.4214109522886087,5252.963589537733,-32396.732167434944,-32372.68627575218,-3.737280033558911,-0.42804661789712106,0.1410791108924292,-9.766124650986947,0.6946550527255105,2.3361941391167473,5075.351573527212,-33162.04680221099,-33121.97031607305,-449.7327842257291,-441.7174869981427,-439.6635912411002,-431.6482940135138,-1204.9782260171487,-1180.9323343343822
461,22585,-1.344833242234187,-0.15124799584523907,-8.891577271610632,6.611657856433525,5429.599914165683,-32189.12241049743,-32173.072328001253,0.2395494750304564,0.6214903389961647,-9.245883305827592,2.594413278998621,5283.867083509548,-32801.59744656254,-32777.52232281827,0.25088733753266496,0.594897576166978,-9.252130941739045,2.3711741772919237,5286.912656008757,-32788.58341004057,-32764.508286296303,-3.6270304977805328,-0.4065991162150752,0.13737251581885476,-9.465518387864462,0.6084865890979774,2.459424922780793,5111.986142881695,-33544.48848845809,-33504.363282217644,-612.4750360651087,-604.4499948170196,-599.4609995431383,-591.4359582950492,-1355.366077960658,-1331.2909542163907
462,22537,-1.3950666067290174,-0.15714773897426498,-8.877420800546663,6.363438675778614,5520.106176239504,-31700.179600796517,-31684.13377343248,0.25836421060637654,0.7129654998051671,-9.209445615014676,2.7595366174434486,5375.4192960890105,-32296.773936007947,-32272.70519496189,0.27230138289922406,0.6981689432177804,-9.214595594214135,2.5639566563500176,5379.665752228473,-32278.977259076386,-32254.90851803033,-4.408466071373967,-0.4893169183303909,0.11209502517156156,-9.528902575147896,0.8642123057268665,2.043665286318164,5206.461477107387,-33012.51857861995,-32972.40401020986,-596.59433521143,-588.5714215294101,-578.7976582798692,-570.7747445978493,-1312.338977823434,-1288.2702367773782
463,22610,-1.313251641411861,-0.14786769077370418,-8.881261582840658,6.762802575515932,5401.228460076388,-32368.226229930588,-32352.173934800045,0.25215856957869426,0.69489133632579,-9.22215734338449,2.755771249364288,5236.764593117854,-33065.38523759725,-33041.30679490144,0.26535303548859146,0.675883813759097,-9.229024834761397,2.5471116714930355,5240.525647469065,-33049.152520820135,-33025.07407812432,-3.4644340473437456,-0.3922090098952728,0.14492235858967534,-9.501329787982339,0.6771497025782537,2.5496609582401457,5082.985676649373,-33735.27725997857,-33695.14652215221,-697.1590076666616,-689.132860101392,-680.9262908895471,-672.9001433242775,-1367.05103004798,-1342.9725873521638
464,22519,-1.4403726268169461,-0.1614697602407722,-8.920386236216398,6.193110081472043,5446.640165761255,-31958.578245750698,-31942.53401639811,0.2571517095900142,0.7356873977071624,-9.220454800398203,2.860908056493554,5337.478114845031,-32412.49019441612,-32388.423850387237,0.27326312031979766,0.7339723390207348,-9.225465437680233,2.685954614591873,5339.961322174842,-32402.015895367545,-32377.94955133866,-3.4233802045348702,-0.3975917509921776,0.15760697907701846,-9.751445799160269,0.7199269887971534,2.5151427249296088,5189.274630758155,-33042.61068112397,-33002.500107742504,-453.91194866542355,-445.8898339891275,-443.4376496168479,-435.4155349405519,-1084.0324353732758,-1059.966091344395
465,22568,-1.2238408482984615,-0.13896391383538179,-8.806896801627486,7.196112806556465,5263.971751947992,-32847.04479007844,-32830.996213573075,0.23708837784730463,0.7154809720981409,-9.190277928343777,3.017781717494993,5126.613880790507,-33441.75283669459,-33417.679971936544,0.2480905253101623,0.6866374827551549,-9.198916715347071,2.7676892613965087,5131.104166543966,-33421.99468485434,-33397.92182009629,-6.178390544894102,-0.688034481878648,0.08298002374443347,-10.363771071381654,1.123271386684949,1.453415528346114,4941.087362637631,-34269.60837220235,-34229.48693093894,-594.7080466161497,-586.6837583634697,-574.9498947758984,-566.9256065232184,-1422.5635821239048,-1398.4907173658648
466,22671,-1.2631930329558925,-0.1433913946310706,-8.809406144670964,6.9739191990766525,5638.727805203639,-31541.06647990024,-31525.008796192862,0.24803252315918373,0.7381152124787599,-9.17803003139648,2.975880755787208,5495.164504857814,-32123.75041403115,-32099.663888470084,0.2606316194769014,0.7187101304320583,-9.186277309274795,2.7575707501435924,5500.154585061186,-32103.1725453704,-32079.086019809332,-4.104992618319365,-0.4598499073506573,0.11678471025237985,-9.57267336045974,0.7619706029264663,2.1746225975369238,5308.08543738612,-32905.01292098253,-32864.86871171409,-582.6839341309096,-574.6550922772221,-562.1060654701578,-554.0772236164703,-1363.9464410822911,-1339.859915521225
467,22632,-1.3425470622336968,-0.15113239432043174,-8.883251458236154,6.616715129119138,5512.742269434637,-31959.233463637192,-31943.17922341123,0.25549227605891683,0.7624248868511035,-9.19548817674116,2.984140650401844,5382.157362010431,-32499.78810155642,-32475.706741217477,0.2701885318421904,0.7538145373710554,-9.202422616612356,2.789957561231124,5386.452178024262,-32481.73557939609,-32457.654219057145,-5.3498531135939755,-0.5981408947661232,0.10701226010012367,-10.030429217663093,1.0631740901827982,1.6718468988665391,5220.2388301994215,-33187.10826718228,-33146.972666617374,-540.5546379192274,-532.5275178062475,-522.5021157588963,-514.4749956459164,-1227.874803545088,-1203.7934432061447
468,22502,-1.4469280699812668,-0.16213113673619464,-8.924430551150575,6.167846720442792,5442.810340001745,-31933.28346863232,-31917.240749686058,0.26105904230117727,0.7762502337304062,-9.215030123867464,2.9734661817799277,5323.5216817673545,-32429.938578018446,-32405.874499599053,0.2792802139254122,0.7885997816882675,-9.21878700057965,2.8236865426452304,5327.309346932722,-32413.934184574522,-32389.87010615513,-3.5770110618217275,-0.4103897505096807,0.15095715790245215,-9.710973142600617,0.7151065430506158,2.436708028789844,5166.771387473849,-33098.456999843125,-33058.35020247747,-496.65510938612715,-488.633749912995,-480.65071594220353,-472.62935646907135,-1165.1735312108067,-1141.1094527914138
469,22966,-1.368819963689576,-0.15390879626484608,-8.893708461822495,6.497354435020083,5583.693851165917,-32473.69785298502,-32457.614312704347,0.2460356720514105,0.6682575116356736,-9.208811968975287,2.7161000925753465,5441.730992861426,-33063.1488390763,-33039.023528655285,0.25994418704541444,0.6570746014507644,-9.213302261195373,2.5277526261280383,5445.027675942238,-33049.2399010257,-33025.11459060469,-3.1229684450778215,-0.3522179378623363,0.1488650589745125,-9.321707409108269,0.5633714535326189,2.8391512541046335,5299.633130535638,-33666.820241474255,-33626.611390772574,-589.4509860912767,-581.4092159509382,-575.5420480406792,-567.5002779003407,-1193.1223884892352,-1168.997078068227
470,22597,-1.3262512460444953,-0.14976252547126015,-8.855694986921188,6.677237826040152,5482.782585852323,-31997.97107255394,-31981.91992768777,0.2540184218770346,0.7559507281778445,-9.189822304919309,2.975968130940462,5337.233049377952,-32603.951946510693,-32579.875229211433,0.2674975731260635,0.7402308273882082,-9.198708215675193,2.7672431519195873,5342.691587113832,-32580.853171536823,-32556.776454237563,-5.819930612799718,-0.639972745252692,0.07104456795448374,-9.970234770860344,1.1357556809176892,1.5625665427441788,5169.8552920789525,-33319.95258602467,-33279.82472385924,-605.9808739567525,-597.9553015236634,-582.8820989828819,-574.8565265497928,-1321.9815134707314,-1297.9047961714678
471,22277,-1.3186554747882122,-0.14828764770648933,-8.892551032964464,6.743650030644044,5346.754022735604,-31786.72932245548,-31770.706702385352,0.24917081191418242,0.7229318865599419,-9.210434675465747,2.901350607666394,5201.129569747517,-32399.882504314406,-32375.848574209213,0.2626579205441674,0.7069774361125688,-9.21531820122042,2.6916280866302165,5204.976344241686,-32383.412443367808,-32359.378513262614,-5.725041172469439,-0.6293414062296917,0.07203316607380283,-10.005174135257901,1.1699796784474803,1.5889626681182145,5052.503354028408,-33041.73712832266,-33001.68057814734,-613.1531818589247,-605.1418718238601,-596.6831209123266,-588.671810877262,-1255.0078058671788,-1230.9738757619853
472,22807,-1.3404961802101143,-0.1513562967196842,-8.856560376161609,6.606926977422194,5539.199780068462,-32272.864612245892,-32256.79496667516,0.24271879899929022,0.6641101823389858,-9.199659760225765,2.736129978712229,5401.464395928131,-32845.14361917623,-32821.039150820136,0.2554041460719227,0.6456816761390614,-9.205194272027596,2.5280782871756324,5404.995562038209,-32830.238588546,-32806.134120189905,-3.59444322790586,-0.40231213365768953,0.1286033482448037,-9.366088442410618,0.6642849583888735,2.485632215236287,5242.034912717445,-33524.449006164316,-33484.27489223748,-572.279006930341,-564.2441841449763,-557.3739763001104,-549.3391535147457,-1251.5843939184233,-1227.479925562322
473,22477,-1.2928180538280705,-0.14596163593456246,-8.857245573814113,6.851115319427635,5517.688066690427,-31565.702179098967,-31549.661683412676,0.24484154508281736,0.704063791795935,-9.205195939655983,2.875589563682039,5382.081244710818,-32123.01526699125,-32098.954523461816,0.25788073146670126,0.6875831664838282,-9.209793295358487,2.6662836054992813,5385.406251780675,-32109.133442413495,-32085.07269888406,-4.108198172409187,-0.4624475810932432,0.12513369084810108,-9.67483277479053,0.8433939227218871,2.1624072454567997,5226.027156964346,-32780.37366514852,-32740.2724259328,-557.313087892282,-549.2928400491401,-543.4312633145273,-535.4110154713853,-1214.6714860495558,-1190.6107425201226
474,22516,-1.2936760797633875,-0.14598926777753884,-8.861446457384218,6.8498185875130115,5540.496605242156,-31566.62996829828,-31550.58600540511,0.23719552629306154,0.6582276231623654,-9.228550811161837,2.775042318248057,5403.232423490654,-32129.483574710608,-32105.417630370855,0.24910361488544766,0.6390506477978855,-9.234066185624119,2.5654009400536326,5407.728830367715,-32110.754231277722,-32086.68828693797,-4.622539291904468,-0.5127689591747859,0.10406994488182036,-9.674571949012122,0.8571219097309569,1.9501960524469524,5231.883565447419,-32851.08445704108,-32810.97454980816,-562.8536064123291,-554.8316249657437,-544.1242629794433,-536.1022815328579,-1284.4544887427983,-1260.3885444030493
475,22517,-1.3931982082172811,-0.15679082697505514,-8.885712481374526,6.3779241381199965,5469.750643559191,-31858.400519414605,-31842.356467697686,0.24875865424859506,0.6448405716334743,-9.248992666157866,2.5922337197927505,5327.84693873117,-32448.278420637613,-32424.212343062234,0.26268104787551066,0.6341215677173859,-9.251673930590089,2.414036234612204,5331.427816256158,-32433.149694881555,-32409.083617306176,-3.1865070404791895,-0.36337648475765627,0.15155387034863863,-9.5266697897997,0.5191444270924362,2.7519667395839384,5143.970755278238,-33235.11831951695,-33195.00819022465,-589.8779012230079,-581.8558753645484,-574.74917546695,-566.7271496084904,-1376.7178001023458,-1352.6517225269672
476,22588,-1.2172033250487826,-0.13787156114514698,-8.828530807505313,7.253127415792663,5468.737726467496,-32034.163357248504,-32018.113009106917,0.23868357221914208,0.6959105913533578,-9.207661007845111,2.9156199770398223,5320.482915454353,-32652.96639266051,-32628.890870448133,0.2488865449518113,0.6621653115646766,-9.217361294309486,2.6605106824592832,5324.830151884336,-32634.517826363233,-32610.442304150856,-5.054565946979404,-0.5617460385220054,0.09464505597064757,-9.887966108028595,0.963913289828745,1.7801638666310358,5141.526214137884,-33421.794677773556,-33381.66880741959,-618.8030354120056,-610.7778613412156,-600.354469114729,-592.329295043939,-1387.6313205250517,-1363.5557983126746
477,22642,-1.2361899998530341,-0.1398038535512385,-8.842317063885273,7.152878655333325,5347.00061903725,-32674.537836623695,-32658.482712888417,0.23380829732398956,0.6201238585307954,-9.231429847421435,2.65227481500148,5175.4535127546305,-33410.8663114201,-33386.78362581718,0.2446102149820451,0.594167792044864,-9.236065935239253,2.429039163750693,5180.058478500665,-33390.72908568322,-33366.6464000803,-4.774970151693364,-0.5263024918214781,0.09025932956440692,-9.612652911837227,0.9312476405172714,1.9000480057373548,5002.558150562198,-34176.1862004439,-34136.04839110571,-736.3284747964026,-728.3009129287639,-716.1912490595241,-708.1636871918854,-1501.648363820208,-1477.5656782172919
478,22413,-1.3307808865520492,-0.14994664354471066,-8.87502951111567,6.669038908508965,5273.016602329556,-32428.474764825514,-32412.439971972228,0.2513634060054508,0.7307969287815324,-9.205549654775684,2.90733221830104,5129.320454945962,-33045.733036254336,-33021.68084697441,0.26396255237099947,0.7081091018220657,-9.215327564712135,2.6826119669687767,5133.735251963444,-33026.450503940025,-33002.398314660095,-4.640900025064181,-0.5156748449194848,0.10318893085758177,-9.69104684681345,0.9443456578109414,1.939206478369399,4968.673471651576,-33754.92115378649,-33714.834171653274,-617.2582714288219,-609.2408750021787,-597.9757391145104,-589.9583426878671,-1326.446388960976,-1302.3941996810463
479,22534,-1.371268434495412,-0.1549219894179031,-8.851347956786213,6.454861596842093,5578.805318149422,-31454.604827953754,-31438.559266836306,0.2536298085014588,0.7043182879313101,-9.19285307907695,2.7769539081099737,5457.2521874775975,-31949.01199408251,-31924.94365240634,0.267730938673857,0.6936689615126809,-9.197189899987382,2.590918199251117,5461.524268153616,-31931.378686677253,-31907.310345001082,-4.140418155093809,-0.46213769613336336,0.11947613371012733,-9.49009728832493,0.8189128138095553,2.163857240746318,5300.61329588992,-32601.26676112815,-32561.15285833453,-494.4071661287562,-486.38438557003246,-476.77385872349987,-468.7510781647761,-1146.6619331743968,-1122.5935914982256
480,22489,-1.223252678542737,-0.13834181857796096,-8.8422480716009,7.228472274538312,5502.3931516467665,-31656.985380567352,-31640.943817407835,0.2281136696325189,0.6076240936986756,-9.228228237008922,2.663689969467991,5340.900637137205,-32324.906124138488,-32300.843779399213,0.23940018395447712,0.5893131395068368,-9.230598340335295,2.4616235868009904,5345.679005684592,-32304.79478056263,-32280.732435823356,-3.7527387261190497,-0.4139830407214572,0.10918334044901044,-9.259087272546223,0.6682409778746071,2.415557889176519,5183.177916523371,-32995.034855144986,-32954.93094724619,-667.920743571136,-659.8999619913775,-647.8093999952798,-639.7886184155213,-1338.049474577634,-1313.987129838355
481,22427,-1.3223303521467578,-0.14967442806574718,-8.834711241160717,6.681168005270292,5401.485717198192,-31922.887503497626,-31906.851461759376,0.2560644890432859,0.7321372965118124,-9.185968394369697,2.8591910547504686,5240.826967381057,-32598.065037483135,-32574.010974875757,0.2685286527117552,0.7068586103071138,-9.194957015343894,2.632339615042392,5246.048917166409,-32575.729943827984,-32551.675881220606,-5.3527768820188655,-0.5859155478231501,0.05743395638137169,-9.695467126860137,1.1247426035112047,1.7067306094117083,5067.466244412281,-33348.47267071302,-33308.382566367385,-675.1775339855085,-667.1595131163813,-652.8424403303579,-644.8244194612307,-1425.5851672153913,-1401.5311046080096
482,22516,-1.377406037393851,-0.15502734702085996,-8.884922975612245,6.450474830517762,5515.715119791308,-31667.565238842104,-31651.521275948937,0.2529764756857534,0.7446966679015363,-9.203858225864183,2.9437388037083587,5397.073185848039,-32155.164590565444,-32131.09864622569,0.2661798542112883,0.7250048633075747,-9.21326261754214,2.723740553002483,5400.46113291276,-32141.03487977025,-32116.968935430497,-4.460290995842114,-0.504219771267927,0.12705772419423605,-9.846015286440185,0.8623253399263946,1.9832621745184014,5223.604023101576,-32886.744623599065,-32846.63471636615,-487.5993517233401,-479.57737027675466,-473.46964092814596,-465.44765948156055,-1219.1793847569606,-1195.1134404172117
483,22659,-1.268823690180253,-0.1431170080381227,-8.865638735560143,6.987289726834044,5579.696829921145,-31750.836520566558,-31734.779895760596,0.24141244853523058,0.6743021291096105,-9.224298749129085,2.793153928891973,5424.00376493634,-32390.090720611595,-32366.005783402652,0.2513194915512262,0.6370923065444668,-9.232824120144697,2.5349896365463915,5428.0692011392475,-32373.11355440215,-32349.028617193206,-5.732674257067625,-0.6291449720081893,0.07098708036076816,-9.940830018918485,1.092500118917768,1.5894587805542908,5247.66805114654,-33134.980812128066,-33094.83925011316,-639.2542000450376,-631.2258876420565,-622.2770338355913,-614.2487214326102,-1384.144291561508,-1360.0593543525647
484,22690,-1.3507291699973272,-0.15230743453091172,-8.868438853017306,6.565667677877168,5571.738906772607,-31857.6860455843,-31841.626686428754,0.2474543159527779,0.6766140627247891,-9.214063928784675,2.7342988952106557,5428.700900052365,-32445.792507192502,-32421.70346845918,0.2598312060420164,0.6543101279223515,-9.219354659334252,2.5182122574474186,5432.811172694799,-32428.619559248593,-32404.530520515273,-3.832334137812292,-0.429502315146195,0.13063478304589113,-9.483987820028164,0.7142628231843253,2.3282761576258735,5256.352579211126,-33173.8286363492,-33133.68023846033,-588.1064616082003,-580.0767820304281,-570.9335136642912,-562.903834086519,-1316.142590764899,-1292.0535520315752
485,22904,-1.2763381461789887,-0.14459741392482123,-8.826839371017932,6.915753005928016,5418.185635547028,-33013.274071495056,-32997.1959378015,0.23817274588555143,0.7188349220020885,-9.189168595009956,3.0181241742390985,5311.516138918825,-33466.69001794225,-33442.57281740192,0.24910061082700263,0.6871047429342934,-9.200505066799614,2.7583422644092965,5314.540553838124,-33453.65202968658,-33429.53482914624,-3.21856383226929,-0.36951399883368335,0.13277894117206368,-9.613036359604669,0.6171923316573394,2.7062574169215594,5132.291239532853,-34248.872677783635,-34208.677343549745,-453.4159464471959,-445.3768796004151,-440.37795819152234,-432.33889134474157,-1235.5986062885786,-1211.4814057482436
486,22579,-1.3121380805846075,-0.14782188319756007,-8.87648061438217,6.764898257070141,5497.104516954025,-31895.583396442846,-31879.533845343358,0.24503501108760226,0.7120563580467246,-9.210438112537137,2.905937216425607,5358.5013379665525,-32470.187096681715,-32446.112770032487,0.25663414764558223,0.6839513446218202,-9.220294878886945,2.665083157859308,5362.068606997702,-32455.16077423047,-32431.08644758124,-5.834079077953276,-0.653285055930715,0.10393738630552936,-10.25096769726214,1.1013629556971052,1.5307253562923324,5188.021040447824,-33196.211614062544,-33156.08773631383,-574.6037002388694,-566.578924689129,-559.5773777876238,-551.5526022378835,-1300.6282176196983,-1276.55389097047
487,22474,-1.3287137182936963,-0.15009576094894736,-8.852440001590963,6.662413339841981,5550.983841229898,-31423.279875296066,-31407.23964656713,0.2427087571311134,0.6657096289667946,-9.214146381095293,2.7428331669432615,5429.3106980337725,-31919.371095093877,-31895.310752000474,0.2547233044613201,0.643351309238843,-9.220748588150103,2.5256868844387044,5432.923087650924,-31904.42300083433,-31880.362657740927,-4.03097678128844,-0.45184510748500073,0.12409189040392583,-9.57026492138035,0.7480376955985112,2.2131477876701267,5257.599983610799,-32637.63009876482,-32597.529526942482,-496.0912197978105,-488.0711054333442,-481.1431255382631,-473.12301117379684,-1214.3502234687548,-1190.2898803753524
488,22797,-1.3702082238072077,-0.15406673860562817,-8.893601800156189,6.490693637383646,5398.729582704295,-32834.287100463735,-32818.218332009055,0.2503176896065978,0.6941099852146438,-9.226619466936917,2.772916234188304,5258.245100449286,-33433.36017593488,-33409.25702325287,0.26400196004986537,0.6802296039474285,-9.233139182818466,2.5766081578293774,5262.148454337272,-33416.44355352826,-33392.340400846246,-3.434309928373502,-0.3895189434591908,0.1463258151601792,-9.522425922833994,0.6221654979238078,2.567269235019293,5091.016543182737,-34166.15501167674,-34125.98309054005,-599.0730754711476,-591.0386912438116,-582.1564530645264,-574.1220688371905,-1331.8679112130048,-1307.764758530997
489,22742,-1.4252732962717507,-0.16027922092376862,-8.892439631645289,6.23911193376474,5601.201359443747,-31862.825694281964,-31846.761756853593,0.25762548520922,0.7295336305242417,-9.218265164410177,2.8317603358680947,5486.9039986927655,-32329.6961760356,-32305.600269893046,0.2726903221664415,0.7213015603120372,-9.224029556627947,2.645130764383261,5490.3423262736915,-32315.44953419342,-32291.353628050867,-3.6705217754734623,-0.41988342280620483,0.14630177136372152,-9.695428789775045,0.6982242164430955,2.3816134328826437,5312.118906866248,-33061.93124938828,-33021.77140581736,-466.8704817536345,-458.83851303945266,-452.62383991145543,-444.5918711972736,-1199.1055551063182,-1175.0096489637654
490,22491,-1.4330126643269798,-0.16079079502242263,-8.912280483016103,6.219261493548482,5507.4116366703665,-31641.29747634571,-31625.255735329367,0.25015660995488637,0.7112860305484155,-9.22301600980401,2.843362926435124,5401.147976036468,-32077.494942904676,-32053.43233138016,0.26587006577038175,0.7105409237830105,-9.226458057373623,2.6725119344449557,5403.978934567123,-32065.709595023687,-32041.646983499173,-3.4745175949774563,-0.4023522328930084,0.15153641240483215,-9.764681411227894,0.7046145360914928,2.485384492114687,5239.393910605955,-32757.349393236756,-32717.2450406959,-436.19746655896597,-428.1765960507946,-424.41211867797756,-416.3912481698062,-1116.0519168910469,-1091.9893053665328
491,22444,-1.3429056107151291,-0.1512657255160994,-8.877791754432844,6.610882912094774,5448.564288753846,-31769.323900501855,-31753.286343308115,0.23603087255303098,0.6165115519982761,-9.237508396389444,2.611995394203186,5312.026232832479,-32336.92546646405,-32312.869130673436,0.24742059657154944,0.5937626339417337,-9.240765658334084,2.3998108571774805,5315.994800659045,-32320.16401291432,-32296.107677123706,-4.122209243585807,-0.4540608014954728,0.10634404014872274,-9.358429913803413,0.742585552264302,2.2023482245251036,5149.922405820563,-33028.50324501595,-32988.409352031595,-567.6015659621953,-559.5827873653216,-550.8401124124648,-542.8213338155911,-1259.1793445140938,-1235.1230087234799
492,22731,-1.2958247332080757,-0.14633951028099024,-8.854920525016993,6.833424535040977,5511.856088169248,-32201.921974897603,-32185.859005076403,0.23953649262144605,0.6940391064719541,-9.211925123884512,2.8974253520894035,5379.463962964246,-32752.573742079945,-32728.479287348146,0.2498966818689106,0.660463878797404,-9.222417617501742,2.6429477728874624,5383.729237832118,-32734.55790490447,-32710.463450172672,-5.107224573197321,-0.5660413168576037,0.09218307710911011,-9.850859563397057,1.0021739909815275,1.7666554900118099,5209.105723753553,-33480.06957757114,-33439.912153018144,-550.6517671823422,-542.6202822717423,-532.6359300068689,-524.604445096269,-1278.14760267354,-1254.0531479417405
493,22441,-1.2791329364149546,-0.14341294516607297,-8.919229257398708,6.972871234476041,5499.858334259336,-31551.800568749964,-31535.763278906117,0.24143267029490087,0.6442129171086752,-9.256437330037361,2.6682922254133774,5318.003039602562,-32304.3673024862,-32280.31136772043,0.2537982727936778,0.6265895082728168,-9.26146847778676,2.4688485913463842,5321.9167464215325,-32287.85824970163,-32263.80231493586,-5.564617903422705,-0.6095561586351671,0.0783253156280811,-9.82665077196297,1.0644018754233917,1.6405379321227107,5156.655488370308,-32991.76679753386,-32951.67357292424,-752.5667337362356,-744.5480888143138,-736.0576809516642,-728.0390360297424,-1439.9662287838983,-1415.9102940181256
494,22614,-1.3813119814161774,-0.15535778472777392,-8.89116682396434,6.436755015220206,5633.4431161435405,-31426.030866617257,-31409.978217692267,0.2519634057756026,0.7215360636399375,-9.207536792077956,2.863654193825805,5513.650867151939,-31910.09229469714,-31886.013321309656,0.26597902104242205,0.708354199442845,-9.213664368922446,2.6631957538104736,5516.462008290593,-31898.565459422865,-31874.48648603538,-3.5420829894650363,-0.40850589534862514,0.15100659306227582,-9.712400574564326,0.7310344894376508,2.447945088152485,5358.547729088962,-32551.360187985665,-32511.228565673187,-484.0614280798836,-476.0351036173888,-472.53459280560855,-464.50826834311374,-1125.3293213684083,-1101.2503479809202
495,22615,-1.2247316112032574,-0.13894303450180415,-8.814631230667086,7.197194185268893,5530.574762099535,-31845.1942847301,-31829.141547366275,0.23330162773060176,0.6473819628700865,-9.222380892854728,2.7748711792856926,5384.454948044353,-32448.72575948114,-32424.646653435408,0.24391285170527532,0.6189564447477838,-9.229349145079942,2.537613087709216,5388.752153780904,-32430.684462777648,-32406.605356731914,-3.63847807978972,-0.4069947413398071,0.12308610017423606,-9.471113119986208,0.6301259884504985,2.4570342032136536,5206.668251409901,-33204.045386336395,-33163.913542926835,-603.531474751042,-595.505106069133,-585.4901780475484,-577.4638093656395,-1358.8511016062948,-1334.7719955605608
496,22433,-1.3219641111527014,-0.14905938810169614,-8.868707486245604,6.708735442532124,5458.43046851641,-31702.169602356706,-31686.13302562068,0.24731289233685594,0.7001300451688448,-9.222988646678985,2.830948433594893,5330.294427854925,-32233.06130116094,-32209.006436056898,0.2601441277362868,0.6810130064371793,-9.230770233920117,2.617829632993044,5333.899253155714,-32217.895213321277,-32193.840348217236,-3.193546846782236,-0.3640905147327169,0.14511024126610025,-9.530460581110598,0.5891566510451731,2.746569766405784,5172.12412108594,-32904.81094409978,-32864.719502259715,-530.8916988042329,-522.8734104362193,-515.7256109645714,-507.7073225965578,-1202.641341743074,-1178.5864766390368
497,22394,-1.3327403583427946,-0.1497589779115604,-8.899235137207196,6.677395999527629,5354.130768053518,-32040.12765728389,-32024.09456059425,0.2390776643324035,0.6609953261343071,-9.237212433760277,2.764772393021571,5220.254363044058,-32605.193897731177,-32581.144252696715,0.25287994442858014,0.654066220166047,-9.239756823902262,2.5864693289300065,5223.852610057847,-32589.763349763307,-32565.713704728845,-3.373117881886285,-0.37944736984123767,0.13919641845994024,-9.459414663668094,0.5888655398401202,2.635411599817925,5059.647676533816,-33300.99021869798,-33260.90747697388,-565.066240447286,-557.0496921024642,-549.6356924794163,-541.6191441345945,-1260.862561414091,-1236.8129163796293
498,22498,-1.2699528753123654,-0.14325103898106875,-8.865226279302556,6.980752161470566,5500.851863965003,-31684.96061788275,-31668.918254492044,0.24132417869966316,0.6733398164454875,-9.228162122615505,2.790187954119109,5331.392651330674,-32386.933727263007,-32362.87018217695,0.2535440118266025,0.6549752674380512,-9.232642744482362,2.583280365090955,5336.279468671759,-32366.32124067857,-32342.257695592514,-5.773195679220493,-0.6323576907988485,0.06985837737753572,-9.88716501877877,1.0546799436465395,1.581383471017351,5147.616901188127,-33172.13250945753,-33132.02660098077,-701.9731093802584,-693.951927684906,-681.3606227958226,-673.3394411004701,-1487.1718915747806,-1463.1083464887233
499,22594,-1.2760368066952206,-0.14396550637311806,-8.86348986532991,6.946108308807538,5447.712370777334,-32135.70770472147,-32119.656825394897,0.22919402964311514,0.5432845914316357,-9.255280151928035,2.3704133666902245,5272.7326635499185,-32871.3342922668,-32847.257973276945,0.23845673534502299,0.5101282820528923,-9.257215428810287,2.1392907242262953,5276.126289134967,-32856.79706516809,-32832.72074617823,-3.593349299836066,-0.39408121801852597,0.12264303339573618,-9.14885559537415,0.49816353588034157,2.5375479832002283,5108.834925678399,-33580.79363437327,-33540.66643605684,-735.6265875453319,-727.6011478820474,-721.0893604466182,-713.0639207833337,-1445.0859296518029,-1421.0096106619421
