x,b,D_raw_interp,D_smooth,D_final,D_var_source,p_emp,p_closed,ratio_pemp_over_pclosed,J_raw,J_smooth,S_raw,S_smooth
-11.419570474419746,0.6748844289097212,0.0897138464947929,0.08971403328199777,0.08971403328199777,D_mean_resid2,0.5122663500082268,0.023064865538242618,22.20981297978371,0.8198730684577382,0.6838454571101593,-7.63943150768346,-7.972864626373376
-11.41110578435169,0.6694699296413414,0.0897138464947929,0.08971492408080287,0.08971492408080287,D_mean_resid2,0.4675245169058455,0.02457479791310361,19.024551842054223,0.750251312839719,0.6191800371014766,-8.290036597848278,-7.947052155358872
-11.402641094283634,0.6640590069663339,0.0897138464947929,0.08971868599981854,0.08971868599981854,D_mean_resid2,0.4297318668702351,0.02616932889509201,16.421203179987938,0.6032203577021482,0.5435002762029042,-9.245048886539202,-7.776345404482091
-11.394176404215576,0.6586517953648703,0.0897138464947929,0.08973129159168217,0.08973129159168217,D_mean_resid2,0.4074706931583594,0.027850199304938268,14.630799898301214,0.42010299081868163,0.462667090124297,-9.42398754959649,-7.401166476493378
-11.38571171414752,0.6532484306558427,0.0897138464947929,0.08976511205184864,0.08976511205184864,D_mean_resid2,0.40089544242273745,0.029616449011663607,13.53624272325342,0.27846111942050594,0.3839580085777803,-8.756671188889381,-6.788133610206236
-11.377247024079464,0.6478490499891811,0.0897138464947929,0.08983856710395938,0.08983856710395938,D_mean_resid2,0.40386036632436084,0.03146363895433258,12.83578059456307,0.2048823254495568,0.3144220748406478,-7.358079445811491,-5.946404863748698
-11.368782334011408,0.6424537918376892,0.0897138464947929,0.08996969014707087,0.08996969014707087,D_mean_resid2,0.41066392345876007,0.03338533928251394,12.300726375240142,0.16902203521961118,0.2593902845679244,-5.485340825276637,-4.9321990478524285
-11.36031764394335,0.6370627959883506,0.09004143897580998,0.0901661595849764,0.0901661595849764,D_mean_resid2,0.420194458753207,0.03537697201267428,11.877626457195564,0.13255645636353813,0.22155865483339857,-3.464681087314119,-3.8389607569746884
-11.351852953875294,0.6316762035331348,0.09036903145682697,0.09042029701388268,0.09042029701388268,D_mean_resid2,0.4339184753856452,0.03743915286373483,11.58996510858442,0.09810821651408597,0.20073538139037567,-1.6190415240482707,-2.776372500361396
-11.343388263807238,0.6262941568592619,0.09069662393784396,0.09071406903473322,0.09071406903473322,D_mean_resid2,0.45049995800190007,0.03957750100291891,11.382728736932505,0.10634758605281303,0.1941492854166351,-0.20836263650963893,-1.8452696890215508
-11.334923573739182,0.6209167996389591,0.09102421641886096,0.0910290559238866,0.0910290559238866,D_mean_resid2,0.4637111366461511,0.041799484068275536,11.093704790440055,0.17663862952430542,0.19720793111074142,0.6176648289968494,-1.1161843417264827
-11.326458883671126,0.61554427681867,0.09135180889987796,0.09135288648588795,0.09135288648588795,D_mean_resid2,0.4679732926369389,0.04411147632727278,10.60887849603903,0.26199643558749547,0.20460596810342943,0.848901272864385,-0.6172080084186464
-11.317994193603068,0.6101767346077362,0.09167940138089502,0.09167958816809987,0.09167958816809987,D_mean_resid2,0.4652333059876548,0.04651787093586423,10.001173669987772,0.2935554900681935,0.21157930345709344,0.6112625606331434,-0.3334666873053629
-11.309529503535012,0.6048143204665326,0.09200699386191201,0.09200701578318533,0.09200701578318533,D_mean_resid2,0.46286490465499164,0.0490216293162094,9.442054683032364,0.2623893847835911,0.21495426435536302,0.1221145354334876,-0.2170351144831661
-11.301064813466956,0.5994571830940563,0.09233458634292901,0.09233458634292901,0.09233458634292901,D_mean_resid2,0.4651522750338585,0.05162502906109403,9.01020848789041,0.2206555119333567,0.21364662684759167,-0.3823271161861044,-0.20346449895039792
-11.2926001233989,0.5941054724149621,0.092662178823946,0.09266217882394603,0.09266217882394603,D_mean_resid2,0.47022234281275616,0.054330084972269294,8.654916388457023,0.20700640649483176,0.20848170326910498,-0.7176501009647644,-0.2298107398088385
-11.284135433330844,0.5887593395660499,0.092989771304963,0.09298977130496303,0.09298977130496303,D_mean_resid2,0.4750476530237846,0.057138699222592466,8.313938880077833,0.20548650345939273,0.20149725548363995,-0.7939409402364319,-0.2491444075837203
-11.275670743262786,0.5834189368821878,0.09331736378598007,0.09331736378598005,0.09331736378598005,D_mean_resid2,0.4803824594796512,0.060052690271281926,7.999349526383785,0.18261793932703663,0.19504077528621888,-0.6228469288252416,-0.23803959007933037
-11.26720605319473,0.5780844178816761,0.09364495626699706,0.09364495626699706,0.09364495626699706,D_mean_resid2,0.4893767428521228,0.06307379842928097,7.75879612515833,0.1444004722954345,0.19095284305894583,-0.29613090551210597,-0.19588295852613719
-11.258741363126674,0.5727559372510407,0.09397254874801406,0.09397254874801408,0.09397254874801408,D_mean_resid2,0.5019844051861719,0.06620368009775743,7.582424488260073,0.13591663591959663,0.19002746261675335,0.053013115086368856,-0.13720145171601003
-11.250276673058618,0.5674336508292606,0.09430014122903106,0.09430014122903109,0.09430014122903109,D_mean_resid2,0.5131924697172466,0.06944390205230958,7.3900292833584915,0.17850971942308846,0.19185032223644244,0.29537274470875907,-0.08014765908612355
-11.24181198299056,0.5621177155914274,0.09462773371004812,0.0946277337100481,0.0946277337100481,D_mean_resid2,0.5186700978106599,0.07279593579088078,7.124987022635874,0.22966582818127562,0.19502794009377555,0.346664641790456,-0.03522501980347574
-11.233347292922504,0.5568082896318252,0.09495532619106511,0.09495532619106511,0.09495532619106511,D_mean_resid2,0.5206853246211005,0.07626115196348185,6.827661413643923,0.23419099358870177,0.1977191397370629,0.19386341058040912,0.0018673339215628906
-11.224882602854448,0.5515055321464344,0.09528291867208212,0.09528291867208212,0.09528291867208212,D_mean_resid2,0.5250055978702637,0.07984081490188445,6.575654300565915,0.20305985850529262,0.19830992746597448,-0.09713333133787216,0.05068240966614437
-11.216417912786392,0.5462096034148568,0.09561051115309911,0.09561051115309914,0.09561051115309914,D_mean_resid2,0.5324305720064461,0.08353607726739175,6.3736602127267945,0.19750649389385821,0.19607473264695713,-0.39129073822685356,0.13929865590032509
-11.207953222718336,0.5409206647816669,0.0959381036341161,0.09593810363411615,0.09593810363411615,D_mean_resid2,0.5378862140850277,0.08734797483471529,6.157970062876053,0.2314366223163684,0.19168561781479215,-0.51363025874657,0.29242188178347883
-11.199488532650278,0.5356388786371676,0.09626569611513318,0.09626569611513315,0.09626569611513315,D_mean_resid2,0.539273589974775,0.0912774214297936,5.908072133584092,0.23939114895443575,0.18737929074722595,-0.3048519914823302,0.5184298517115508
-11.191023842582222,0.5303644083975821,0.09659328859615017,0.09659328859615017,0.09659328859615017,D_mean_resid2,0.542907190585861,0.09532520403913702,5.69531632329854,0.16907577515765543,0.18652466256573566,0.30032202533907615,0.8003911616829771
-11.182559152514166,0.5250974184846395,0.09692088107716716,0.09692088107716718,0.09692088107716718,D_mean_resid2,0.556390137444699,0.09949197810797385,5.59231154134734,0.06845841918174855,0.1924635564774383,1.2054666002311532,1.0951745990211241
-11.17409446244611,0.5198380743045936,0.09724847355818417,0.09724847355818418,0.09724847355818418,D_mean_resid2,0.5781921450669696,0.10377826304404539,5.5714186006521835,0.04234337654385312,0.20693246488243555,2.149802217797811,1.342017751244906
-11.165629772378054,0.5145865422266519,0.09757606603920116,0.09757606603920119,0.09757606603920119,D_mean_resid2,0.5974556937314257,0.10818443794345856,5.5225659539284155,0.1391782402545767,0.22885837543999432,2.80180309289889,1.4782606048585818
-11.157165082309996,0.5093429895608138,0.09790365852021822,0.09790365940467341,0.09790365940467341,D_mean_resid2,0.6034188732915008,0.11271073651380797,5.353694705185226,0.3046940715140266,0.25436525450866126,2.91419055017408,1.4569745534222993
-11.14870039224194,0.5041075845351397,0.09823125100123523,0.09823126487574083,0.09823126487574083,D_mean_resid2,0.5939279277569618,0.11735723151166522,5.0608549648508525,0.43149426674811603,0.27819381505296253,2.4471704302726014,1.260434119019087
-11.140235702173884,0.4988804962724155,0.09855884348225222,0.09855894096634651,0.09855894096634651,D_mean_resid2,0.5767178677622481,0.12212378155632671,4.722404272228097,0.44349498759542966,0.2957943329805992,1.5744175005327534,0.9052545728575927
-11.131771012105828,0.4936618947662565,0.09888643596326921,0.09888694279083642,0.09888694279083642,D_mean_resid2,0.5633201163118338,0.1270098184282433,4.435248575920865,0.3539049208732376,0.30484772741242905,0.5660289913834298,0.4385570842904508
-11.12330632203777,0.4884519508566149,0.09921402844428627,0.09921613157338723,0.09921613157338723,D_mean_resid2,0.5599613319028306,0.13201372988407303,4.241690105980316,0.2538975897884429,0.30537685294378863,-0.365678709570048,-0.07222112683799253
-11.114841631969714,0.4832508362047225,0.09954162092530328,0.09954873333147704,0.09954873333147704,D_mean_resid2,0.5629112433153028,0.13713160728055257,4.1048978749564515,0.23261457259783658,0.2986570135304356,-1.1451516228673206,-0.5519541469588805
-11.106376941901658,0.4780587232674392,0.09986921340632027,0.09988906819798624,0.09988906819798624,D_mean_resid2,0.562868707581506,0.14235576028918664,3.953958072634884,0.29579787258903617,0.28599014580678206,-1.7885400317948008,-0.9299303502159044
-11.097912251833602,0.4728757852710478,0.10019680588733726,0.10024318956426038,0.10024318956426038,D_mean_resid2,0.5545000831875317,0.14767459157943208,3.754878054897304,0.3647027506328896,0.2683781394435274,-2.287847780725931,-1.1504522842251967
-11.089447561765546,0.4677021961844612,0.10053761570613037,0.10061662132955965,0.10061662132955965,D_mean_resid2,0.5415535280739605,0.15307552887977502,3.537819088636269,0.35634666403015625,0.24725830103331228,-2.5338150917962032,-1.182165399910022
-11.080982871697488,0.4625381306918707,0.1009731442078329,0.10101127379486431,0.10101127379486431,D_mean_resid2,0.5330108011955784,0.1585500741168359,3.3617821004788784,0.25709063083799316,0.22548222055988704,-2.3525866202989327,-1.025795111662032
-11.072518181629432,0.4573837641648346,0.10140867270953535,0.1014241992679144,0.1014241992679144,D_mean_resid2,0.5354800343839858,0.16409693857694901,3.263193323578589,0.12360536585096066,0.2074304678351354,-1.6364774628280347,-0.7182444608947567
-11.064053491561376,0.4522392726337915,0.10184420121123779,0.10184944047060004,0.10184944047060004,D_mean_resid2,0.5487892632239506,0.16972040485419934,3.2334901846091846,0.034524090431023446,0.19777767150749095,-0.47128210486574496,-0.32983539349506463
-11.05558880149332,0.4471048327590367,0.10227972971294023,0.10228117246388121,0.10228117246388121,D_mean_resid2,0.5663580414040519,0.17542580437728134,3.22847624050797,0.04080290970947509,0.19945195393051618,0.8391863423013302,0.047580343268682004
-11.047124111425264,0.4419806218011352,0.10271525821464267,0.10271557731951605,0.10271557731951605,D_mean_resid2,0.5791720653522683,0.18121616340138363,3.1960287343101657,0.13531516778466446,0.21198457610134366,1.8792966276019474,0.32071381303605007
-11.038659421357206,0.436866817590798,0.10315078671634521,0.1031508416076505,0.1031508416076505,D_mean_resid2,0.58138733810658,0.18709162992041278,3.1075005244964586,0.25998098664392916,0.23126728092770782,2.2989134872330244,0.4182519887254502
-11.03019473128915,0.4317635984982162,0.10358631521804765,0.10358632155627046,0.10358632155627046,D_mean_resid2,0.5733242456611624,0.19305045706605115,2.969815530998731,0.35142987922948005,0.25090375642675067,1.9608396182058723,0.31023701661785374
-11.021730041221094,0.4266711434018611,0.1040218437197501,0.10402184371975012,0.10402184371975012,D_mean_resid2,0.5596114144709111,0.19909000922036288,2.8108462934044316,0.38206504187608614,0.264463080210264,0.984264351308564,0.016641920022960298
-11.013265351153038,0.4215896316567578,0.10445737222145254,0.10445737222145259,0.10445737222145259,D_mean_resid2,0.5453196163410179,0.20520728412567288,2.657408671746046,0.36179137167143177,0.26756674178447715,-0.32285190142049736,-0.3980385287829292
-11.00480066108498,0.4165192430622439,0.10489290072315507,0.10489290072315505,0.10489290072315505,D_mean_resid2,0.5336775902281381,0.21139909491609488,2.5245027205057657,0.3154694707696452,0.2589973976434468,-1.5919598948381672,-0.8423801938426186
-10.996335971016924,0.4114601578292122,0.10532842922485751,0.10532842922485751,0.10532842922485751,D_mean_resid2,0.5258327010414948,0.2176621137374509,2.4158209805670015,0.26378175039799767,0.24061584756331594,-2.516705590860452,-1.2218526298760124
-10.987871280948868,0.4064125565468485,0.10576395772655996,0.10576395772655997,0.10576395772655997,D_mean_resid2,0.5216914854324592,0.22399288790766847,2.329053794098607,0.2144325512980844,0.21639113200509158,-2.9277489635638734,-1.4612830071784528
-10.979406590880812,0.4013766201488749,0.1061994862282624,0.10619948622826242,0.10619948622826242,D_mean_resid2,0.521135504131711,0.2303878447488936,2.2619921840916204,0.1644699940989454,0.19105087241603486,-2.811386738838184,-1.5196662571174682
-10.970941900812756,0.3963525298793058,0.10663501472996484,0.10663501472996488,0.10663501472996488,D_mean_resid2,0.5245268353514082,0.2368432966818929,2.2146577196816617,0.11417829755940118,0.1687960971936754,-2.283732236389973,-1.394403767542863
-10.962477210744698,0.3913404672577273,0.10707054323166737,0.10707054323166734,0.10707054323166734,D_mean_resid2,0.5317142299490014,0.24335544656861394,2.1849284141626346,0.07791611683883717,0.15238870125709275,-1.5344705367611233,-1.1159353849901388
-10.954012520676642,0.3863406140441039,0.10750607173336982,0.1075060717333698,0.1075060717333698,D_mean_resid2,0.5407745038162732,0.24992039328811244,2.1637870231456433,0.07831866904815679,0.14281846216917818,-0.7537404471063311,-0.7365443229069928
-10.945547830608586,0.3813531522031281,0.10794160023507227,0.10794158719014735,0.10794158719014735,D_mean_resid2,0.547907307601368,0.2565341689966485,2.135806351817898,0.12376676622301791,0.13962834270406657,-0.06479804807430334,-0.3179048023226803
-10.93708314054053,0.3763782638681193,0.1083771287367747,0.10837701671849162,0.10837701671849162,D_mean_resid2,0.5497344276421416,0.2631928647779315,2.088713263963212,0.18215910341013447,0.14172147138125024,0.5041064837623264,0.07929629137983532
-10.928618450472474,0.3714161313044907,0.10881265723847715,0.10881200861880311,0.10881200861880311,D_mean_resid2,0.5473749649923934,0.2698932077808378,2.028116859602039,0.192805910158812,0.14816255299675782,0.9850866500092685,0.40267172226487047
-10.920153760404416,0.3664669368727792,0.10924818574017968,0.10924526333163782,0.10924526333163782,D_mean_resid2,0.5469921510185491,0.276634378787037,1.97731082238207,0.13344907911862436,0.15839837774626894,1.3895339734207077,0.6133904288768666
-10.91168907033636,0.3615308629912745,0.10968371424188213,0.10967314207480393,0.10967314207480393,D_mean_resid2,0.5534201824269431,0.28342198096946924,1.9526367733861778,0.06726819778853949,0.1716865018448411,1.6419121117488285,0.6908493003926179
-10.903224380268304,0.3566080920982243,0.11011924274358456,0.11008804736067591,0.11008804736067591,D_mean_resid2,0.5632282409694744,0.29027316148701326,1.9403386730077459,0.09006292626745743,0.18619493203615148,1.5949162198401687,0.6369245753715322
-10.894759690200248,0.3516988066136699,0.11055477124528701,0.11047852990066506,0.11047852990066506,D_mean_resid2,0.5663626809283303,0.29721768694507283,1.9055483768467543,0.22153051107492536,0.19868744481576628,1.1369562629583037,0.47791169488866825
-10.88629500013219,0.3468031889008859,0.11099029974698954,0.11083313167410883,0.11083313167410883,D_mean_resid2,0.5560293184841384,0.30428867067809434,1.8273086449293388,0.365857561947613,0.20544289680990688,0.3214573050237437,0.26118774611117523
-10.877830310064134,0.3419214212274689,0.11123088431193581,0.11114657195861312,0.11114657195861312,D_mean_resid2,0.5366041647340818,0.31150520187816594,1.7226170269347707,0.39633901382382264,0.20412951773004562,-0.5900322378195284,0.04483219823750814
-10.869365619996078,0.3370536857260627,0.11145854470842849,0.11142311709531932,0.11142311709531932,D_mean_resid2,0.5207432808325683,0.31886053781530893,1.6331380621774974,0.27992731615962785,0.19545401676329918,-1.2294189913559421,-0.11826022629884647
-10.860900929928022,0.3322001643547511,0.11168620510492118,0.11167380133867073,0.11167380133867073,D_mean_resid2,0.5182427319297829,0.3263268273951267,1.588109491538305,0.1083628018097817,0.18331621627882536,-1.320103936598155,-0.19663715264766451
-10.852436239859966,0.3273610388571296,0.11191386550141386,0.11191029736233785,0.11191029736233785,D_mean_resid2,0.528127378795765,0.3338709443875261,1.581830907042825,0.005748449920794152,0.17310547540145096,-0.8432345927683453,-0.19025256892873105
-10.843971549791908,0.3225364907220598,0.11214152589790659,0.11214069371935258,0.11214069371935258,D_mean_resid2,0.5413174147461763,0.3414671052208889,1.5852695807873145,0.022049013260028755,0.16904077731393014,-0.057530952098392873,-0.12941160738325375
-10.835506859723852,0.3177267011431445,0.11236918629439928,0.11236903262806355,0.11236903262806355,D_mean_resid2,0.5489536851622439,0.34909960753567726,1.5724843950337066,0.12001007391311905,0.17213151204378319,0.6430746437725041,-0.06270490933347421
-10.827042169655796,0.3129318509779038,0.11259684669089196,0.112596826276844,0.112596826276844,D_mean_resid2,0.5473048584512651,0.3567594926305936,1.534100338622164,0.23154234794510015,0.17992763241424975,0.941336640895237,-0.03900325986911894
-10.81857747958774,0.3081521207067093,0.11282450708738465,0.11282450622254728,0.11282450622254728,D_mean_resid2,0.5376935228275741,0.36444077707348393,1.475393415482583,0.298978451399478,0.1880677578735495,0.746576330838149,-0.09117490469357765
-10.810112789519682,0.3033876903914551,0.11305216748387738,0.11305216748387736,0.11305216748387736,D_mean_resid2,0.5251409523360234,0.3721383943791749,1.411144241679489,0.29107921649184054,0.19256670691963315,0.20264237459548973,-0.22790180197457882
-10.801648099451626,0.2986387396340152,0.11327982788037005,0.11327982788037005,0.11327982788037005,D_mean_resid2,0.5158414120360427,0.37984745088106436,1.3580225715337497,0.2237136632439945,0.19149836766476253,-0.42960838745315577,-0.4356212243290558
-10.79318340938357,0.2939054475344675,0.11350748827686274,0.11350748827686274,0.11350748827686274,D_mean_resid2,0.5126442759150333,0.38756305396789986,1.322737734328756,0.15643851326337993,0.18529370321877653,-0.9279338618445436,-0.6876817932101232
-10.784718719315514,0.2891879926491413,0.11373514867335542,0.11373514867335545,0.11373514867335545,D_mean_resid2,0.5129175267351626,0.39528026883720396,1.2976046799502847,0.13560147450553742,0.1757890225764257,-1.210289655735238,-0.9548979689240831
-10.776254029247458,0.2844865529484713,0.11396280906984811,0.11396280906984813,0.11396280906984813,D_mean_resid2,0.5124868693577437,0.4029941226288585,1.271698123075913,0.1486764072688734,0.16480424956203044,-1.3404341633561305,-1.2121066430557847
-10.7677893391794,0.279801305774698,0.11419046946634084,0.1141904669503176,0.1141904669503176,D_mean_resid2,0.5104452483936077,0.41069962053737263,1.242867591953761,0.1568212155538507,0.15309630307753583,-1.45658690502089,-1.43847757309472
-10.759324649111344,0.2751324277994287,0.11441812986283352,0.11441810266847421,0.11441810266847421,D_mean_resid2,0.5083764278248573,0.41839180776877244,1.2150726146765654,0.1515221191574917,0.14014513614564644,-1.6751444734372205,-1.6132658287503423
-10.750859959043288,0.2704800949810584,0.11464579025932621,0.1146456175349809,0.1146456175349809,D_mean_resid2,0.5066982375399006,0.42606601538974254,1.1892481898055165,0.1507281628261171,0.12473714550380977,-2.018149380008209,-1.71131003822267
-10.742395268975232,0.2658444825221032,0.11487345065581889,0.11487261226220273,0.11487261226220273,D_mean_resid2,0.5043494059546741,0.4337187413819476,1.1628490028991547,0.15506934432824485,0.10597911812002847,-2.3907233716338956,-1.7026688215444143
-10.733930578907176,0.2612257648264321,0.11510111105231158,0.11509783809472966,0.11509783809472966,D_mean_resid2,0.5016199386113094,0.4413498929712932,1.1365584235996096,0.13747619088319646,0.08426368074513191,-2.6122194500359104,-1.5584971316408431
-10.725465888839118,0.2566241154564398,0.11532877144880431,0.1153183069343649,0.1153183069343649,D_mean_resid2,0.5014546929699223,0.44896660037976394,1.1169086799458148,0.078246692122586,0.06175586205142002,-2.4882537694796683,-1.2618430245687717
-10.717001198771062,0.252039707090166,0.11555643184529699,0.1155286563946841,0.1155286563946841,D_mean_resid2,0.5071405468457556,0.4565863882914431,1.1107220010291752,-0.004566940492320648,0.042139086806491685,-1.8973496616375798,-0.8191510578678847
-10.708536508703006,0.247472711478385,0.11578409224178968,0.1157219802921165,0.1157219802921165,D_mean_resid2,0.5190727582695049,0.46423469089521424,1.1181257421080335,-0.06872712938047712,0.029634908378433737,-0.8572859271676623,-0.2672051403647624
-10.70007181863495,0.2429232994016864,0.11597415307563821,0.115892662377652,0.115892662377652,D_mean_resid2,0.5343518620539401,0.4719338075359907,1.1322601888680952,-0.08519755154960415,0.027625767460131005,0.4595968604930878,0.32850702973141366
-10.691607128566892,0.2383916406275692,0.11607819926976518,0.11603956785567403,0.11603956785567403,D_mean_resid2,0.549019737779909,0.47968916069751816,1.1445322987527526,-0.05330112270763718,0.0374155983390882,1.7721723163388805,0.8849830951780602
-10.683142438498836,0.2338779038675599,0.11618224546389211,0.11616678260461687,0.11616678260461687,D_mean_resid2,0.5599325364183478,0.4874844981358725,1.1486160863771353,0.011315008890788847,0.0576275462701272,2.7793288845313335,1.319805323146589
-10.67467774843078,0.2293822567343894,0.11628629165801906,0.11628115571292352,0.11628115571292352,D_mean_resid2,0.5652976009484237,0.4952904289118897,1.1413456993108746,0.08783607377474278,0.0844679135485956,3.255260137421016,1.5707292862070126
-10.666213058362723,0.2249048656992331,0.116390337852146,0.116388943482402,0.116388943482402,D_mean_resid2,0.5649486010242374,0.5030779497555297,1.1229842240129462,0.15522187176179347,0.11273708257846016,3.1163794562706286,1.6104775340446997
-10.657748368294667,0.2204458960490465,0.11649438404627294,0.11649407967027106,0.11649407967027106,D_mean_resid2,0.560171729339054,0.5108263109685732,1.0965992105553792,0.2019603400952909,0.13722628601217146,2.441842073769264,1.4518546611557945
-10.64928367822661,0.2160055118440149,0.1165984302403999,0.11659837868041181,0.11659837868041181,D_mean_resid2,0.5525400608445287,0.5185230116196552,1.0656037407455032,0.2299820355457438,0.1540759552776551,1.4470834886994712,1.1414967752765628
-10.640818988158554,0.2115838758751342,0.11670247643452684,0.11670247067874631,0.11670247067874631,D_mean_resid2,0.5431229233643428,0.5261603767658437,1.032238358013127,0.24101966105418138,0.1617245124810606,0.4185656661102861,0.7444472117389321
-10.632354298090496,0.2071811496219454,0.1168065226286538,0.1168065226286538,0.1168065226286538,D_mean_resid2,0.5332786040948684,0.533732698353783,0.9991492103438384,0.22379330033504333,0.16116201255116017,-0.37755625571455376,0.32491813352955645
-10.62388960802244,0.2027974932104439,0.11691056882278075,0.1169105889349464,0.1169105889349464,D_mean_resid2,0.5257483770548296,0.5412347821591421,0.9713868997063847,0.16593510640979403,0.1553327191053022,-0.7900433861839655,-0.07015657163776955
-10.615424917954384,0.19843306537119,0.11701461501690769,0.11701487437324849,0.11701487437324849,D_mean_resid2,0.5237475948966135,0.5486607550258797,0.9545927790514357,0.08416960184246719,0.14778706774243058,-0.8430148463134,-0.41941390166291204
-10.606960227886328,0.1940880233976274,0.11711866121103463,0.11712039956415843,0.11712039956415843,D_mean_resid2,0.5276626812193321,0.5560008364787146,0.9490321715361892,0.03538610806528715,0.1410610003116765,-0.7228849657496834,-0.7251679855770481
-10.598495537818271,0.1897625231046544,0.11722270740516157,0.11723147256598364,0.11723147256598364,D_mean_resid2,0.532459257758819,0.5632291030682541,0.945368864744714,0.07337258059667046,0.13554907336257382,-0.6812136432403229,-1.0033751397763349
-10.590030847750215,0.1854567187874358,0.11732675359928851,0.11736218305260675,0.11736218305260675,D_mean_resid2,0.5305667332563605,0.5702706106000743,0.9303771286724123,0.17937594023945458,0.12952847559135522,-0.8958764613135273,-1.270533767340357
-10.58156615768216,0.1811707631805114,0.11743079979341546,0.11754785296345775,0.11754785296345775,D_mean_resid2,0.5193634836191009,0.5769417584669354,0.9002008885596477,0.25754237081352427,0.12038244019400218,-1.3726516369783903,-1.533198209139194
-10.573101467614102,0.1769048074172008,0.11753484598754242,0.11785503547882839,0.11785503547882839,D_mean_resid2,0.5048692353348818,0.5828952470234929,0.8661405937223805,0.22521524104647095,0.10629033423448803,-1.9546063709173849,-1.7837821465403567
-10.564636777546044,0.1726590009893296,0.11763889218166938,0.11837420598341383,0.11837420598341383,D_mean_resid2,0.49630183092027347,0.587653889950107,0.8445478527546384,0.09954255697876702,0.08729216592426826,-2.4352963275224804,-2.0029269232860303
-10.55617208747799,0.1684334917073005,0.1180434954715692,0.1191847888685698,0.1191847888685698,D_mean_resid2,0.497268850870287,0.5907945378376693,0.8416950716746808,-0.022008563062719963,0.06506227696178353,-2.69399671216653,-2.1658441846059775
-10.547707397409932,0.1642284256605282,0.11976293877576119,0.12031055779901768,0.12031055779901768,D_mean_resid2,0.5031967027927913,0.5921888426281651,0.8497233763466026,-0.056755508610887795,0.04168447149856438,-2.752411131213403,-2.2491761491641893
-10.539242707341876,0.1600439471782642,0.12148238207995282,0.12170414923774224,0.12170414923774224,D_mean_resid2,0.5063652261471736,0.5920859501669284,0.8552224993759988,-0.0026331210696858565,0.018465662630600545,-2.714199983943705,-2.236127254072569
-10.53077801727382,0.1558801987908198,0.12320182538414445,0.12327628392770733,0.12327628392770733,D_mean_resid2,0.5025818411158464,0.5909516498137354,0.8504618631224015,0.06899083481504958,-0.004265251795048008,-2.6441308951994604,-2.119619851824579
-10.522313327205763,0.1517373211912285,0.12492126868833608,0.12494168140036756,0.12494168140036756,D_mean_resid2,0.49451125696586384,0.5892242936819544,0.8392580928321095,0.0724594234454698,-0.02629783442386955,-2.493486476886005,-1.9043630205018947
-10.513848637137707,0.1476154531973387,0.12664071199252772,0.12664520841265312,0.12664520841265312,D_mean_resid2,0.4895569220884546,0.5871836518365594,0.833737316352808,-0.01946883147906174,-0.04647843222650613,-2.1393816716914182,-1.6082412203493126
-10.505383947069651,0.1435147317143906,0.12836015529671935,0.12836092510646782,0.12836092510646782,D_mean_resid2,0.4934374267236862,0.5849616576722955,0.8435380682679162,-0.1491930110647108,-0.06251624000016458,-1.509121139448522,-1.262023956594987
-10.496919257001595,0.1394352916980691,0.13007959860091098,0.13007967859563055,0.13007967859563055,D_mean_resid2,0.5052645234831658,0.5826076033815083,0.8672467035283505,-0.22516993075162745,-0.07202691766767283,-0.6865460603827569,-0.9056252453586896
-10.488454566933536,0.1353772661180713,0.13179904190510333,0.1317989393914479,0.1317989393914479,D_mean_resid2,0.5185381305848142,0.5801388622063025,0.8938172640474092,-0.19581423508539963,-0.07413903923733378,0.09312540471750896,-0.5801262521668463
-10.47998987686548,0.1313407859221986,0.13351848520929496,0.13351779904083466,0.13351779904083466,D_mean_resid2,0.5259828593688958,0.5775649256957381,0.9106904452954682,-0.08316211234636897,-0.07045036229088293,0.5677811449895196,-0.317220072272701
-10.471525186797424,0.1273259800009919,0.1352379285134866,0.1352344718889918,0.1352344718889918,D_mean_resid2,0.5244239140459189,0.574898630528728,0.912202406124384,0.032339968907425756,-0.06452685639968922,0.6072972094142424,-0.13003607872006206
-10.46306049672937,0.123332975152941,0.1369573718176779,0.13694341123914977,0.13694341123914977,D_mean_resid2,0.5170821974739741,0.572167962599142,0.9037244852456712,0.06814820841279384,-0.06016919697710989,0.29504719463630247,-0.009676853935299056
-10.454595806661311,0.1193618960502694,0.13867681512186988,0.1386307258335761,0.1386307258335761,D_mean_resid2,0.5110420212273217,0.5694337250377655,0.8974565410459818,0.00729413980066692,-0.059531890283599356,-0.12238168065831401,0.07036488697317059
-10.446131116593255,0.1154128652053303,0.14039625842606152,0.14027026818154475,0.14027026818154475,D_mean_resid2,0.5113000067565013,0.5668028326851666,0.9020773667172292,-0.08871396995788722,-0.06224104297067028,-0.37815630875158135,0.14339350977097653
-10.4376664265252,0.1114860029376198,0.14211570173025315,0.14182652982861296,0.14182652982861296,D_mean_resid2,0.5171600250114837,0.5644134916939765,0.9162786372439987,-0.14284280097296026,-0.06593384218532386,-0.3239962099716118,0.2368565958636639
-10.429201736457143,0.1075814273414306,0.14371574965402736,0.14326838322001662,0.14326838322001662,D_mean_resid2,0.5242923076329674,0.5623796594515117,0.9322746632485057,-0.13167505923892,-0.06772609797193929,0.016476468256535703,0.36315820926852416
-10.420737046389087,0.1036992542541619,0.1448011754080048,0.1445865646789176,0.1445865646789176,D_mean_resid2,0.5293097302393778,0.560725819458618,0.943972458322728,-0.09034270288459266,-0.06565490579090838,0.49420238889451173,0.5173486423723377
-10.41227235632103,0.0998395972253084,0.14588660116198246,0.14579970888625318,0.14579970888625318,D_mean_resid2,0.5320531498937272,0.5593695252179864,0.9511657784474153,-0.06099373529589692,-0.05935955786616763,0.9329573437745267,0.6817249703314701
-10.403807666252971,0.0960025674861365,0.14697202691596012,0.1469428582118207,0.1469428582118207,D_mean_resid2,0.533969128095115,0.5581700442325654,0.9566423952924157,-0.0486683908647679,-0.04986051626736867,1.21450303642834,0.8343872096361964
-10.395342976184915,0.0921882739200697,0.14805745266993756,0.1480494574456256,0.1480494574456256,D_mean_resid2,0.5353951456682233,0.5569979760077229,0.961215603520972,-0.03267139382110967,-0.03879877428600802,1.3124264863276327,0.9576092258479421
-10.38687828611686,0.0883968230337985,0.149142878423915,0.1491411157150492,0.1491411157150492,D_mean_resid2,0.5354099838279456,0.5557724842468921,0.9633618054219812,-0.008713979908247245,-0.02764194937962623,1.2754406069321897,1.0427733779019754
-10.378413596048803,0.0846283189291307,0.1502283041778924,0.15022792486771963,0.15022792486771963,D_mean_resid2,0.533946841481564,0.5544580041226079,0.9630068238017387,0.003018018040657919,-0.017206355410219417,1.1842544996417406,1.0907664671772468
-10.369948905980747,0.0808828632755983,0.15131372993186984,0.15131307465909513,0.15131307465909513,D_mean_resid2,0.5324426700041011,0.5530454856243414,0.9627466164071812,-0.006086130115676325,-0.00759325477728995,1.1082535359988501,1.1088718334411363
-10.361484215912691,0.0771605552838323,0.15239915568584728,0.15239568891534588,0.15239568891534588,D_mean_resid2,0.5318118444442163,0.5515410085803241,0.9642290168288827,-0.014964074253582621,0.0015556899878955296,1.079094186475882,1.1063325185579505
-10.353019525844635,0.0734614916797234,0.1534845814398247,0.15346936974252784,0.15346936974252784,D_mean_resid2,0.5311389855196805,0.5499703467220128,0.9657593153620503,-0.004320221077000905,0.010675140908228912,1.0876640358952185,1.0906283072699718
-10.34455483577658,0.0697857666793797,0.15457000719380193,0.1545161423378895,0.1545161423378895,D_mean_resid2,0.5292620229019199,0.5483995873378259,0.9651028832300765,0.017211667553610067,0.01996916791194161,1.101475168695361,1.065515665633253
-10.33609014570852,0.0661334719649009,0.15565543294778003,0.15549930441125276,0.15549930441125276,D_mean_resid2,0.5263526336123626,0.5469585451678172,0.962326374206052,0.03382680688714091,0.029322432749564864,1.0913238218637422,1.0307631456617767
-10.327625455640463,0.0625046966609736,0.15674085870175747,0.15636499257808706,0.15636499257808706,D_mean_resid2,0.5231104581711898,0.5458330325336402,0.9583708331887187,0.04699341294426898,0.03844460374387357,1.0512446210172768,0.9828973257447688
-10.31916076557241,0.058899527312305,0.15779895982601885,0.15706130532014853,0.15706130532014853,D_mean_resid2,0.5195769668702617,0.5451979175878205,0.9530061471420939,0.06250982388997517,0.04711935255480768,0.9985743885228278,0.9163504257079425
-10.310696075504351,0.0553180478619058,0.157925858932459,0.15756705675568577,0.15756705675568577,D_mean_resid2,0.5156915353068026,0.5451205761709212,0.9460137038472544,0.07036788916470318,0.05534984916136204,0.95269141671921,0.8248930976483191
-10.302231385436295,0.0517603396302377,0.15805275803889912,0.1579055773989827,0.1579055773989827,D_mean_resid2,0.5123131080968931,0.5455170723247824,0.9391330429194693,0.057303104836773804,0.06324782770086014,0.9067706629923484,0.7036170255784058
-10.29376669536824,0.0482264812952259,0.15817965714533924,0.15812966470639084,0.15812966470639084,D_mean_resid2,0.5105608512040408,0.5462048570331118,0.934742422426115,0.037728903466884595,0.07070091441143392,0.8161033592927938,0.5515878499378273
-10.285302005300183,0.0447165488731643,0.15830655625177936,0.1582927097756034,0.1582927097756034,D_mean_resid2,0.5096584351483353,0.5470006212025544,0.9317328269717059,0.05078943090518332,0.07706395170068593,0.6191708997453294,0.37461674151691
-10.276837315232129,0.0412306157004992,0.15843345535821945,0.1584303838043726,0.1584303838043726,D_mean_resid2,0.5065998332654537,0.5477821238488371,0.924819944298241,0.10769154171483551,0.08118309394244053,0.28426009283214615,0.18684688544177985
-10.268372625164073,0.0377687524165256,0.15856035446465958,0.1585598901126061,0.1585598901126061,D_mean_resid2,0.49953159516530377,0.5484905808042272,0.9107386938766805,0.15909760436362427,0.08187629886976663,-0.14924987080513752,0.00964924062663255
-10.259907935096017,0.0343310269469901,0.1586872535710997,0.15868760713057495,0.15868760713057495,D_mean_resid2,0.4908183120881622,0.5491044777652132,0.8938523213027356,0.14700021001722952,0.07865638614431474,-0.568526880084053,-0.13294551992884007
-10.251443245027955,0.0309175044886077,0.1588141526775399,0.1588161038506889,0.1588161038506889,D_mean_resid2,0.48485207490244087,0.5496154663758446,0.8821659952540046,0.07975807362170287,0.07225149119922082,-0.832772515402592,-0.2215545189180226
-10.2429785549599,0.0275282474945132,0.15894105178398002,0.15894841918298253,0.15894841918298253,D_mean_resid2,0.48311463292852314,0.5500136099690299,0.878368506109742,0.02168259082265612,0.06455806366415436,-0.8415758217684055,-0.2491936282856364
-10.234513864891843,0.0241633156606328,0.15906795089042014,0.15909072836064603,0.15909072836064603,D_mean_resid2,0.48312302257325823,0.5502781794379108,0.8779614395518116,0.011803572641269302,0.05800413419914255,-0.5859487480129433,-0.2263703016521673
-10.226049174823787,0.0208227659130065,0.15919484999686026,0.15925334930824114,0.15925334930824114,D_mean_resid2,0.48217580017729245,0.5503742369752693,0.8760871563088057,0.027233945123035654,0.054638314568764265,-0.15624213265619202,-0.180889516907063
-10.217584484755733,0.0175066523960458,0.15932174910330035,0.15944858914096044,0.15944858914096044,D_mean_resid2,0.4802131839913506,0.5502602445548628,0.8727019419326263,0.0323346285560318,0.05535905174212843,0.29045103022615315,-0.15139742798854994
-10.209119794687677,0.0142150264617476,0.15955522106910283,0.15968525119342666,0.15968525119342666,D_mean_resid2,0.47833490806665696,0.549907254072968,0.8698465141599786,0.03084034880464677,0.05955547047038843,0.5824746113069561,-0.17588342703875637
-10.20065510461962,0.0109479366598582,0.15990323587711766,0.159963522273183,0.159963522273183,D_mean_resid2,0.4761230414166325,0.5493165950619764,0.8667552476963019,0.05094616727713787,0.06521998585657804,0.584982715008846,-0.2782631182726052
-10.192190414551565,0.0077054287289959,0.16025125068513246,0.1602748509718244,0.1602748509718244,D_mean_resid2,0.47174455599936566,0.5485199948983912,0.8600316495057805,0.09752766603479712,0.06945886522582811,0.2393664588724147,-0.457115120624843
-10.183725724483509,0.0044875455887343,0.16059926549314726,0.16060693957303174,0.16060693957303174,D_mean_resid2,0.4643185045597993,0.5475619545819679,0.847974371985504,0.13783783051042062,0.06927231163066419,-0.4148552440060418,-0.6803786133580019
-10.175261034415447,0.0012943273326508,0.1609472803011623,0.16094931269998447,0.16094931269998447,D_mean_resid2,0.4554884582019207,0.5464803933562907,0.8334946024403007,0.1362617158488288,0.06243562309858388,-1.240158683044395,-0.888453826425376
-10.166796344347391,-0.0018741887776565,0.1612952951091771,0.16129563778785722,0.16129563778785722,D_mean_resid2,0.4480959891156439,0.5452987636907177,0.8217440033841609,0.09566574418180789,0.048277193856303455,-2.0245693702108984,-1.0060438499773903
-10.158331654279335,-0.0050179683175949,0.1616433099171919,0.16164281548370737,0.16164281548370737,D_mean_resid2,0.44342691479539725,0.5440293251565423,0.8150790670480913,0.0493071178809522,0.02816091861835448,-2.524203559981708,-0.9606965795832054
-10.14986696421128,-0.008136979703622,0.16199132472520664,0.1619887089942541,0.1619887089942541,D_mean_resid2,0.4407931901843253,0.5426809562800382,0.8122510751176313,0.012339035578541201,0.005543992248450646,-2.5176210996600803,-0.7038585407005417
-10.141402274143225,-0.0112311941963331,0.16233933953322144,0.16232957272775916,0.16232957272775916,D_mean_resid2,0.43989003673193916,0.5412677822400022,0.8127031594444478,-0.032413525147605655,-0.014460846016482603,-1.8666678329172286,-0.22888672017344341
-10.132937584075169,-0.0143005859025744,0.16268735434123624,0.16265760601329066,0.16265760601329066,D_mean_resid2,0.44183990543801155,0.5398171437683364,0.8184992094797715,-0.09556604086835704,-0.026057537082857733,-0.5766522308312756,0.419575276537844
-10.124472894007113,-0.0173451317765923,0.16303536914925104,0.1629601305410221,0.1629601305410221,D_mean_resid2,0.44745954630990087,0.5383719719272354,0.8311345494233456,-0.15565254946483714,-0.02422321083856234,1.1632469055033778,1.1487978965280716
-10.116008203939057,-0.0203648116202186,0.16338338395726587,0.1632226928279612,0.1632226928279612,D_mean_resid2,0.45564944485782305,0.5369802260391965,0.8485404541219796,-0.17364577946594226,-0.006364488027434961,2.9908343887325457,1.834433008104842
-10.107543513871,-0.0233596080820927,0.16357750669099352,0.16343582928698996,0.16343582928698996,D_mean_resid2,0.4631829535689997,0.535672700892578,0.8646753004161114,-0.11262304451999249,0.026409761452447444,4.456305908517419,2.346865791022541
-10.09907882380294,-0.026329506655922,0.16366524046885597,0.16360065333842733,0.16360065333842733,D_mean_resid2,0.46513136786159204,0.5344452486034748,0.8703068631950561,0.03587874368242128,0.06907800870068885,5.167894794762914,2.580565342899237
-10.090614133734883,-0.0292744956777883,0.16375297424671836,0.1637281301135192,0.1637281301135192,D_mean_resid2,0.4573799046863485,0.5332618154214399,0.8577023358120598,0.21551077632351184,0.1138990169364501,4.937267176130454,2.4781171718488966
-10.082149443666829,-0.0321945663225028,0.16384070802458076,0.16383276911492733,0.16383276911492733,D_mean_resid2,0.44081934982424076,0.5320753863310786,0.8284904003244857,0.3274058675240902,0.1526628815589426,3.848141532951007,2.042121916418
-10.073684753598773,-0.0350897125990132,0.16392844180244315,0.1639263683128948,0.1639263683128948,D_mean_resid2,0.4215485117533524,0.5308483449316379,0.7941034681150583,0.32482987377584227,0.17904566776532949,2.2075260635302154,1.3321975498253416
-10.065220063530717,-0.0379599313448676,0.16401617558030557,0.16401578356162927,0.16401578356162927,D_mean_resid2,0.40527237831054164,0.5295595181918751,0.7653009045976574,0.2584067794886555,0.19003492944882078,0.4070224851847506,0.44931408815728857
-10.05675537346266,-0.0408052222197433,0.16410390935816796,0.1641041244418184,0.1641041244418184,D_mean_resid2,0.3928469607007689,0.5282000886627544,0.7437464876148367,0.20480667977185613,0.18593630614096718,-1.2270050130672914,-0.4865016661743651
-10.048290683394605,-0.0436255876980463,0.16419164313603035,0.1641930096323589,0.1641930096323589,D_mean_resid2,0.38206520004564654,0.5267661766937328,0.7253032122215833,0.18398159166723943,0.1692624951536894,-2.5177564660836786,-1.3579803144708538
-10.039825993326549,-0.0464210330605879,0.16427937691389277,0.16428468443897415,0.16428468443897415,D_mean_resid2,0.37173846477873074,0.5252520016984662,0.7077335518506721,0.16676948219500015,0.14331224983648233,-3.4297392513845253,-2.0666723464241157
-10.03136130325849,-0.0491915663853473,0.1643671106917552,0.16438390931510152,0.16438390931510152,D_mean_resid2,0.3626692526685638,0.5236439244486395,0.6925875308310494,0.13169865732636604,0.11119913559924882,-3.9975783077671405,-2.541510203015171
-10.022896613190431,-0.0519371985373241,0.16445484446961764,0.1644990020949228,0.1644990020949228,D_mean_resid2,0.35586437797205844,0.5219173390594759,0.6818404972200116,0.08680579557338299,0.07563572704039459,-4.248161331818519,-2.741417614181571
-10.014431923122377,-0.0546579431574955,0.16454257824748,0.16464045050507642,0.16464045050507642,D_mean_resid2,0.35127772131022117,0.5200413723418197,0.6754803367439172,0.045668299410276975,0.03928039753335377,-4.161482607366331,-2.6550529830637593
-10.00596723305432,-0.0573538166508838,0.16469610416028563,0.16481651862044755,0.16481651862044755,D_mean_resid2,0.34851575221851633,0.5179929678081152,0.6728194664365021,0.0027697789591582048,0.0051844060504788615,-3.6848399749486918,-2.3001475921136043
-9.997502542986265,-0.0600248381737446,0.16497174073062806,0.16502852648463473,0.16502852648463473,D_mean_resid2,0.34811699786854394,0.5157715654505901,0.6749441442442078,-0.057180133127285565,-0.023101659143294484,-2.7854522002814543,-1.7228926348207507
-9.989037852918209,-0.0626710296198832,0.16524737730097053,0.16526999021634242,0.16526999021634242,D_mean_resid2,0.35127627476863255,0.513401167885478,0.6842140157479932,-0.12732721705889818,-0.041971573099055776,-1.5090805788676611,-0.9958513079164988
-9.980573162850153,-0.0652924156061168,0.16552301387131296,0.1655304885044671,0.1655304885044671,D_mean_resid2,0.3578320157414832,0.510917558315027,0.7003713415557492,-0.16944144228540284,-0.04864945791896924,-0.01013847976602289,-0.21214104822454985
-9.972108472782097,-0.0678890234568867,0.16579865044165543,0.16580067079274213,0.16580067079274213,D_mean_resid2,0.36506747259152494,0.5083524210082518,0.7181385540909994,-0.14963641568735905,-0.04214321127701706,1.4674177884887285,0.5254382867792855
-9.96364378271404,-0.0704608831880317,0.16607428701199786,0.16607470600011065,0.16607470600011065,D_mean_resid2,0.36938666095207173,0.5057259212107064,0.7304087954751481,-0.07787326476045066,-0.023806984359150588,2.653752680087308,1.1195698526852196
-9.955179092645984,-0.0730080274897473,0.16634992358234033,0.16634981237686516,0.16634981237686516,D_mean_resid2,0.36913868932770516,0.50304847881872,0.7338034103483078,0.003625425530621916,0.0027831766314073097,3.332630016631586,1.4949515781271814
-9.946714402577928,-0.0755304917087221,0.16662556015268276,0.1666244635578976,0.1666244635578976,D_mean_resid2,0.3650613801530393,0.5003264801465757,0.7296463302243985,0.06641878006621009,0.03261237604542317,3.4008768616482388,1.6120647976732854
-9.938249712509869,-0.0780283138294864,0.16690119672302534,0.16689609211587592,0.16689609211587592,D_mean_resid2,0.3583961965941169,0.4975692504195112,0.7202941023625263,0.11090752000595028,0.060357913818369524,2.8867747059371274,1.4743470549216848
-9.929785022441813,-0.0805015344549661,0.1671768332933678,0.1671578602858811,0.1671578602858811,D_mean_resid2,0.3498317697432599,0.4947984635406348,0.7070187066466717,0.1432244473561301,0.08148368240955911,1.93053266993042,1.1265910973144149
-9.921320332373757,-0.0829501967862767,0.16745246986371023,0.1673947828641067,0.1673947828641067,D_mean_resid2,0.3399954135163666,0.4920590084780343,0.6909647169513087,0.16165941532192066,0.09304063525280507,0.7446087010149229,0.6447629346544335
-9.9128556423057,-0.0853743466017504,0.1677281064340527,0.16758247592662734,0.16758247592662734,D_mean_resid2,0.3297652817830139,0.4894217432060032,0.6737855159904735,0.16317955677153703,0.0940894461616974,-0.4312189827740234,0.11971623305901877
-9.904390952237645,-0.0877740322352284,0.16800374300439513,0.16769328725904065,0.16769328725904065,D_mean_resid2,0.32007428158737966,0.4869649325942539,0.6572840468865344,0.14431760855862633,0.08574036517151604,-1.3760993802535069,-0.3611896330443697
-9.895926262169588,-0.0901493045536208,0.16797754903128798,0.16770933680623212,0.16770933680623212,D_mean_resid2,0.3121117653380022,0.48473681338155883,0.6438788157241208,0.09829217590936257,0.07079293664831748,-1.9353665719282356,-0.7301721739507154
-9.88746157210153,-0.0925002169337574,0.1677550640087296,0.16763309829668457,0.16763309829668457,D_mean_resid2,0.307421071200874,0.4827265485606394,0.6368430990951727,0.02890336029017131,0.052975808772614735,-2.059558758974703,-0.9492406184845883
-9.878996882033476,-0.0948268252385415,0.16753257898617133,0.16748578782349813,0.16748578782349813,D_mean_resid2,0.3067324653809672,0.4808704109377878,0.6378692853710445,-0.03328402037769501,0.03592588350497511,-1.8153678367841135,-1.0127740705946908
-9.87053219196542,-0.0971291877924236,0.167310093963613,0.16729518206211597,0.16729518206211597,D_mean_resid2,0.30846679507780084,0.4790873818374052,0.6438633259234735,-0.0490735777243599,0.02224275657682888,-1.3531660140187474,-0.942917159976441
-9.86206750189736,-0.09940736535621,0.1670876089410546,0.16708371630015106,0.16708371630015106,D_mean_resid2,0.30940711438196355,0.4773130371726414,0.6482268245064774,-0.013796857105022237,0.013017621666381183,-0.8396647264930526,-0.7801486308967793
-9.853602811829305,-0.1016614211012214,0.16686512391849626,0.16686430613851705,0.16686430613851705,D_mean_resid2,0.3075425731563669,0.4755109831467917,0.6467622916323419,0.031435460769608244,0.00802775323513862,-0.39111474887456715,-0.5722812698942659
-9.845138121761249,-0.1038914205828273,0.16664263889593794,0.16664251293220989,0.16664251293220989,D_mean_resid2,0.30385647728281173,0.47366622124137703,0.6414991478312924,0.040343721069337764,0.006396291405843607,-0.04702852465177643,-0.36478835132080434
-9.836673431693193,-0.1060974317133584,0.1664201538733796,0.1664202042332198,0.1664202042332198,D_mean_resid2,0.30104791707112866,0.47177444050396306,0.6381183277956741,0.006327304676847174,0.007231589464068178,0.2029801692401459,-0.19405328942339128
-9.828208741625136,-0.1082795247344283,0.1661976688508213,0.16619806555691002,0.16619806555691002,D_mean_resid2,0.30077099919894684,0.46983475244517053,0.6401633715548674,-0.034077707540847726,0.009832619851002408,0.36696454646484655,-0.08368239880397273
-9.81974405155708,-0.1104377721886714,0.16597518382826296,0.1659770857632042,0.1659770857632042,D_mean_resid2,0.3020056966560955,0.4678454551768593,0.6455244853066457,-0.035700242714358066,0.013444071767647543,0.41996540225466306,-0.04316807574991659
-9.811279361489024,-0.1125722488909223,0.16575269880570465,0.16576003610208168,0.16576003610208168,D_mean_resid2,0.30180554706648854,0.46579990916042263,0.6479295962304406,0.012553271739131143,0.016942373789786837,0.3215288439998758,-0.06821397584683841
-9.802814671420968,-0.1146830318988501,0.1655302137831463,0.16555340020544357,0.16555340020544357,D_mean_resid2,0.29802064925003263,0.46368126204713095,0.6427273941031938,0.07284536122664495,0.01888735579244613,0.06448150016729004,-0.1425756047144517
-9.79434998135291,-0.1167702004830682,0.16530772876058794,0.16536858475306318,0.16536858475306318,D_mean_resid2,0.2915636049013784,0.46145934389559423,0.6318294531432113,0.09193863837782099,0.018034005617865195,-0.29065232793591544,-0.2416478607691338
-9.785885291284853,-0.1188338360967337,0.16508524373802957,0.16521993620698586,0.16521993620698586,D_mean_resid2,0.28571304450129886,0.4590965816079428,0.6223375558594134,0.05302650212164703,0.013966792045372066,-0.6294629795878968,-0.33777581040873905
-9.777420601216797,-0.1208740223446606,0.16495474224565979,0.16511869879214636,0.16511869879214636,D_mean_resid2,0.2830870309649788,0.45656504598345876,0.6200365828601669,-0.009530289274842507,0.007377587554811318,-0.8385027269940645,-0.40646977918610494
-9.76895591114874,-0.1228908449519605,0.16498933646525327,0.16506658617685638,0.16506658617685638,D_mean_resid2,0.28344649673193256,0.4538640148104394,0.6245185506727531,-0.045975555628855004,-0.0002285393650770897,-0.8607631792552783,-0.4319376009397467
-9.760491221080684,-0.1248843917322328,0.16502393068484678,0.16505466516692774,0.16505466516692774,D_mean_resid2,0.28433973106843,0.4510222185245436,0.6304339772852163,-0.038054839986845806,-0.007194599513969705,-0.714199005880031,-0.41020735765131533
-9.752026531012628,-0.1268547525553191,0.16505852490444026,0.1650686755203442,0.1650686755203442,D_mean_resid2,0.2837039484473121,0.448082283667357,0.6331514518389786,-0.011907251899644207,-0.012319485828453509,-0.4683601547926357,-0.34880532989820046
-9.743561840944572,-0.1288020193146433,0.16509311912403374,0.16509586064511583,0.16509586064511583,D_mean_resid2,0.2817993532248077,0.44508164483123985,0.6331408102251815,-0.005382033809622114,-0.015123646615062547,-0.20460663034774218,-0.26316388623671005
-9.735097150876516,-0.1307262858941583,0.16512771334362722,0.1651283088584431,0.1651283088584431,D_mean_resid2,0.2804320805472006,0.4420436743208768,0.6343990352945005,-0.024682798725788845,-0.015783349251979408,0.011913554661601045,-0.1710776049044284
-9.726632460808458,-0.1326276481349096,0.16516230756322073,0.1651624061122591,0.1651624061122591,D_mean_resid2,0.280458149540206,0.4389796209091779,0.6388864908109959,-0.0407429367093319,-0.014921957519423615,0.14118563819350605,-0.08711426387980199
-9.718167770740402,-0.1345062038012489,0.1651969017828142,0.1651968929672062,0.1651968929672062,D_mean_resid2,0.28067909312302963,0.43589418835464516,0.6439156580235662,-0.02765949680231583,-0.013393163913241843,0.16970025352921403,-0.018754622297813127
-9.709703080672346,-0.1363620525466997,0.1652314960024077,0.16523136756621915,0.16523136756621915,D_mean_resid2,0.27930692202422364,0.4327897064443917,0.6453640598776839,0.006118061285252552,-0.012049037418232949,0.11434117577959346,0.034673657340220265
-9.701238390604288,-0.1381952958795086,0.1652660902220012,0.16526545862121664,0.16526545862121664,D_mean_resid2,0.27603440235720467,0.42966837029733923,0.6424359376655612,0.027606768397800942,-0.011457438683259045,0.023616511781668237,0.08018110466392891
-9.692773700536232,-0.1400060371278894,0.16530068444159468,0.1652981884920173,0.1652981884920173,D_mean_resid2,0.2724597310614028,0.4265338805905188,0.6387762929505,0.013985979033791437,-0.01164922451279191,-0.03628700105796878,0.12725525494190465
-9.684309010468176,-0.1417943814049907,0.16533527866118816,0.16532720409012036,0.16532720409012036,D_mean_resid2,0.2705930347907044,0.4233933348532754,0.6391055609897045,-0.024443862763278847,-0.0120717551181689,-0.011464956255305858,0.18337917390352934
-9.67584432040012,-0.1435604355735927,0.16536987288078164,0.1653482035104834,0.1653482035104834,D_mean_resid2,0.27095161806826623,0.42025851967612554,0.6447260564213583,-0.05332887634970422,-0.011843319115481879,0.11149389660379594,0.2504483930860656
-9.667379630332064,-0.1453043082105634,0.16540446710037515,0.16535552735495196,0.16535552735495196,D_mean_resid2,0.2720241502966885,0.41714420350209497,0.652110584332553,-0.04619908994583421,-0.010184232559706859,0.3005965041485192,0.323196650625193
-9.658914940264006,-0.147026109571086,0.16541304829184392,0.16534442714464329,0.16534442714464329,D_mean_resid2,0.2716410258338557,0.41406233552929406,0.6560389644873595,-0.010045432249332659,-0.006754406629164291,0.5005093076557213,0.39002071210939915
-9.65045025019595,-0.1487259515526758,0.16534644524099734,0.165313750360927,0.165313750360927,D_mean_resid2,0.26903163598757773,0.41101551649967977,0.6545534783667646,0.02102414232709765,-0.001710920228740313,0.6622675373141176,0.4358645739883592
-9.641985560127894,-0.1504039476590136,0.16527984219015077,0.16526669121108448,0.16526669121108448,D_mean_resid2,0.26551645503650556,0.4079955570412086,0.6507827118560698,0.020482333539694045,0.00445737226183322,0.7563715702172134,0.44632996703233563
-9.633520870059838,-0.1520602129636001,0.1652132391393042,0.16520885110644212,0.16520885110644212,D_mean_resid2,0.26301136472331665,0.4049886746327847,0.6494289376407795,-0.002029682465363586,0.011093981607614909,0.7637981376562092,0.411980629965809
-9.62505617999178,-0.1536948640732641,0.16514663608845762,0.16514543982841984,0.16514543982841984,D_mean_resid2,0.2618196484670218,0.40198252212556335,0.6513209755553496,-0.010780729790833395,0.01738800128147096,0.663335457193494,0.33179589043200014
-9.616591489923724,-0.155308019091528,0.16508003303761104,0.16507977089365636,0.16507977089365636,D_mean_resid2,0.2601958574410215,0.39896976120494915,0.6521693690649402,0.01589387992807141,0.022323839720206757,0.43791701018498985,0.2148046230887363
-9.608126799855668,-0.1568997975818649,0.16501342998676446,0.16501338537739763,0.16501338537739763,D_mean_resid2,0.2562526827740664,0.3959475653196325,0.6471884290214133,0.06075728639580555,0.024801664814962335,0.10166720592225009,0.07914934811417393
-9.599662109787612,-0.1584703205308479,0.1649468269359179,0.16494682190486737,0.16494682190486737,D_mean_resid2,0.25004317332681986,0.3929156061229291,0.6363788290165049,0.08553456739364845,0.02404500249664092,-0.2768013906236342,-0.05163734354434594
-9.591197419719556,-0.1600197103112239,0.16488022388507131,0.16488023185835676,0.16488023185835676,D_mean_resid2,0.24360869788916437,0.3898744986499435,0.6248387589666213,0.06746892024661433,0.020115588850890372,-0.5842242748724562,-0.15445830397328472
-9.582732729651498,-0.1615480906449191,0.16481362083422474,0.16481369358101092,0.16481369358101092,D_mean_resid2,0.23931066985839156,0.38682502562633686,0.6186535358484266,0.016408080603294864,0.014154447662579193,-0.7115024951217739,-0.2128870879045813
-9.574268039583442,-0.1630555865659987,0.16474701778337816,0.16474745069382174,0.16474745069382174,D_mean_resid2,0.2381462467432012,0.38376757669643646,0.6205481161103326,-0.03518217218728704,0.008070292643180366,-0.6144698085327998,-0.22156707781763801
-9.565803349515386,-0.1645423243835972,0.1646804147325316,0.16468241131550093,0.16468241131550093,D_mean_resid2,0.23912633668184147,0.38070101691561525,0.6281210873015485,-0.055640288486790215,0.0037518546917633963,-0.3453754405242581,-0.18693627495373338
-9.55733865944733,-0.1660084316448344,0.164613811681685,0.16462121829590304,0.16462121829590304,D_mean_resid2,0.24000449534483595,0.37762031422434994,0.6355709327709675,-0.037217881571333294,0.0022233005208680194,-0.03065012429442454,-0.12385539229297032
-9.548873969379272,-0.1674540370977355,0.16454720863083844,0.16456968125594226,0.16456968125594226,D_mean_resid2,0.23902011416659721,0.37451348520807237,0.6382149738448064,-0.00023933937708994074,0.003232967086364477,0.19445305943762178,-0.04955699724049546
-9.540409279311216,-0.1688792706541678,0.16448060557999186,0.16453721318569456,0.16453721318569456,D_mean_resid2,0.23603346060881508,0.37136097299296683,0.6355903764106232,0.02986147727271387,0.0055152702827176,0.25619849242021187,0.022361910849827346
-9.53194458924316,-0.1702842633528195,0.1644140025291453,0.16453441314771994,0.16453441314771994,D_mean_resid2,0.231897402276601,0.3681414710453625,0.6299138252968695,0.04352342068635289,0.007570248754845082,0.17730824900213582,0.08519296185327749
-9.523479899175104,-0.1716691473222224,0.16446655260975976,0.1645680291176676,0.1645680291176676,D_mean_resid2,0.22744969380587002,0.3648432420215991,0.6234175876345401,0.04054571788266539,0.008516989031343179,0.05798563600857243,0.13832853857784122
-9.515015209107048,-0.1730340557438488,0.1645909516093796,0.1646369523373536,0.1646369523373536,D_mean_resid2,0.22356866071428622,0.3614724688828085,0.6184942975194287,0.019280794359546063,0.008551909629268436,0.014975417506730149,0.18327857515854065
-9.506550519038992,-0.1743791228152851,0.16471535060899942,0.16473293957429488,0.16473293957429488,D_mean_resid2,0.22126493397962707,0.3580507156105054,0.6179709307446921,-0.01402966908601589,0.008770513567011601,0.11252113469007041,0.2190342113484508
-9.498085828970934,-0.1757044837135081,0.16483974960861927,0.1648453359808287,0.1648453359808287,D_mean_resid2,0.22076435084970544,0.35460385039079834,0.6225661413614308,-0.03772104579271804,0.010456822691783819,0.3225805698223104,0.23963869779921146
-9.489621138902878,-0.1770102745582685,0.1649641486082391,0.16496560197173096,0.16496560197173096,D_mean_resid2,0.22084324195047125,0.3511520910045463,0.6289105137284005,-0.03109882468202675,0.014231602658057283,0.53624957146994,0.23556570055958284
-9.481156448834822,-0.1782966323756074,0.16508854760785893,0.16508885188734063,0.16508885188734063,D_mean_resid2,0.21961908237657185,0.34770703759103316,0.6316210448259144,0.00552703268463671,0.019535195535025657,0.621451902248474,0.19833920024359308
-9.472691758766766,-0.1795636950615075,0.16521294660747876,0.1652129955476958,0.1652129955476958,D_mean_resid2,0.21593373725156223,0.34427393284287733,0.6272148909691397,0.05216251870446301,0.02475239814753169,0.4965554812252406,0.12594376597272872
-9.464227068698708,-0.1808116013457055,0.16533734560709862,0.16533735041496167,0.16533735041496167,D_mean_resid2,0.20997775491091966,0.3408548793709068,0.6160327095755873,0.08419475650419,0.027941572035358297,0.1793916292329938,0.026016542390374403
-9.455762378630652,-0.1820404907556669,0.16546174460671845,0.16546173825098728,0.16546173825098728,D_mean_resid2,0.20311007868731804,0.3374508590461069,0.6018952782086903,0.08473390208141837,0.02778938723205454,-0.21678515417912347,-0.0850934605797994
-9.447297688562596,-0.183250503580749,0.1655861436063383,0.16558607457341906,0.16558607457341906,D_mean_resid2,0.19721901139753772,0.3340626237013936,0.5903653908131447,0.052936242047637506,0.024271533752394242,-0.5397988453125273,-0.1871571823347777
-9.43883299849454,-0.1844417808365545,0.16571054260595813,0.1657101034134739,0.1657101034134739,D_mean_resid2,0.19370534609819662,0.33069123458137845,0.5857589371650807,0.005836735924925361,0.018650927382724385,-0.6768437759389703,-0.26251341338742845
-9.430368308426484,-0.1856144642294936,0.16583494160557796,0.16583280716229798,0.16583280716229798,D_mean_resid2,0.19268242582685163,0.32733920045742204,0.588632298110334,-0.03159328051670886,0.012812988176761918,-0.6105704237518144,-0.30106621225388347
-9.421903618358426,-0.1867686961215683,0.16595934060519782,0.1659509983389384,0.1659509983389384,D_mean_resid2,0.19299862390243744,0.32401311905117636,0.5956506467009881,-0.04103784311166175,0.008314348579162058,-0.4210440592727274,-0.3016380011091377
-9.41343892829037,-0.1879046194953845,0.16608373960481765,0.16605703683233877,0.16605703683233877,D_mean_resid2,0.19293114745903325,0.3207277984310592,0.6015417073381746,-0.019548679796845193,0.0056849732432810544,-0.2329121397972974,-0.2695064713359031
-9.404974238222314,-0.1890223779194133,0.16620813860443748,0.16613718641278802,0.16613718641278802,D_mean_resid2,0.19108019747734292,0.31750885596035283,0.6018106074534281,0.01863008180912234,0.004371290426218323,-0.13952795025898088,-0.21196942933819168
-9.396509548154258,-0.1901221155135018,0.1663325376040573,0.16617371802255748,0.16617371802255748,D_mean_resid2,0.18721803065938977,0.31438809843901483,0.5954997392997892,0.04726282338808513,0.0033228515337342243,-0.14974150808008607,-0.13466517085478577
-9.3880448580862,-0.1912039769146553,0.16636195627510791,0.16615216705261077,0.16615216705261077,D_mean_resid2,0.18262059044912268,0.3113896818267123,0.5864696266678183,0.04349254869013417,0.0018362595137754842,-0.189182922418275,-0.0406774280944767
-9.379580168018144,-0.1922681072430907,0.1661690541383368,0.16606954878359198,0.16606954878359198,D_mean_resid2,0.17934219812836907,0.30851546902219795,0.5813069882582298,0.006177947042943235,0.00012010192485435213,-0.15371158993292977,0.06735625810006943
-9.371115477950088,-0.1933146520685833,0.16597615200156568,0.16593630267092171,0.16593630267092171,D_mean_resid2,0.17870991648319226,0.305742724917265,0.5845107730087503,-0.03945549610477545,-0.0007659824235252681,0.020227911410033918,0.18374999512874318
-9.362650787882032,-0.1943437573771054,0.16578324986479454,0.16577000760173366,0.16577000760173366,D_mean_resid2,0.18016752243883055,0.30303675994203494,0.5945401557002296,-0.05850901511334771,0.00046254792647441596,0.3131779574868155,0.29732399761262207
-9.354186097813976,-0.1953555695377761,0.16559034772802342,0.16558675096616737,0.16558675096616737,D_mean_resid2,0.181489227391072,0.30036701689489353,0.6042248888285225,-0.03471480100350139,0.004535926269020191,0.6325420623082246,0.3918414296055411
-9.345721407745918,-0.1963502352701246,0.16539744559125225,0.16539666013090984,0.16539666013090984,D_mean_resid2,0.18049845499972159,0.2977148397628801,0.6062796706522341,0.012889727383922786,0.011171092951372327,0.8637124991054419,0.4495651590262808
-9.337256717677862,-0.1973279016116791,0.16520454345448113,0.16520441033551614,0.16520441033551614,D_mean_resid2,0.17695655725949533,0.29507200679312956,0.5997063536547431,0.047021318576088586,0.019158043494688862,0.9269395607700807,0.4565203210816966
-9.328792027609806,-0.1982887158858931,0.16501164131771,0.16501162644082645,0.16501162644082645,D_mean_resid2,0.1725130069095629,0.29243600821438354,0.589917117125653,0.051105400961593044,0.02686360513884982,0.8070868484329492,0.40721212197748197
-9.32032733754175,-0.1992328256704086,0.16481873918093887,0.16481873918093887,0.16481873918093887,D_mean_resid2,0.1686077159159314,0.28980653048436994,0.5817940528604647,0.043275155044239164,0.03282152355466696,0.5471316456331501,0.3068611125025959
-9.311862647473692,-0.2001603787656754,0.16462583704416772,0.16462583704416775,0.16462583704416775,D_mean_resid2,0.16501258737683194,0.28718387326781264,0.5745886267887677,0.04622041583122516,0.03612620475227042,0.21982007175087714,0.17037978516904925
-9.303397957405636,-0.2010715231639228,0.16443293490739658,0.1644329349073966,0.1644329349073966,D_mean_resid2,0.1608441033242835,0.2845684570750115,0.5652211245671738,0.05624493238142413,0.036542941110886,-0.10149000592429624,0.01865807928693936
-9.29493326733758,-0.2019664070185032,0.16424003277062546,0.1642400351148798,0.1642400351148798,D_mean_resid2,0.1562690090714159,0.28196071259936034,0.5542226348869371,0.053880471502551985,0.03440804186196174,-0.36114916965234567,-0.12637304736954255
-9.286468577269524,-0.2028451786136013,0.16404713063385434,0.1640471669756483,0.1640471669756483,D_mean_resid2,0.15240491959763122,0.2793610128022774,0.5455482784403365,0.034984823171554595,0.03042890953200019,-0.5288403202537848,-0.24626245325705554
-9.278003887201468,-0.2037079863343285,0.1638542284970832,0.16385448319257567,0.16385448319257567,D_mean_resid2,0.14982800970827292,0.2767695133180713,0.5413457859286921,0.015259842470591273,0.025455103049082144,-0.600346966674173,-0.328978979011928
-9.269539197133412,-0.2045549786371978,0.16366132636031208,0.16366264844109563,0.16366264844109563,D_mean_resid2,0.1480273690643405,0.2741855156583417,0.5398803387148834,0.007386301619794651,0.020265407519611284,-0.5925060200363366,-0.3698848247043417
-9.261074507065354,-0.2053863040209947,0.1634684242235409,0.16347390306059192,0.16347390306059192,D_mean_resid2,0.14627612110135824,0.27160575358846284,0.5385604655599302,0.008962136443644131,0.015424343402951162,-0.5321618381905505,-0.3710664070989087
-9.252609816997298,-0.2062021109980401,0.1632755220867698,0.1632940292408646,0.1632940292408646,D_mean_resid2,0.14431768691254368,0.2690213078018995,0.5364544841883513,0.012197097256569221,0.011256237466950179,-0.4427269905012846,-0.3397282532695698
-9.244145126929242,-0.2070025480658617,0.16308261994999868,0.16313423334417138,0.16313423334417138,D_mean_resid2,0.14222670385999903,0.26641486108711204,0.5338542425134981,0.012144100657567915,0.007929249884238015,-0.33603756867150986,-0.28633502511138376
-9.235680436861184,-0.207787763679268,0.1628897178132275,0.16301019636198064,0.16301019636198064,D_mean_resid2,0.14025013286668878,0.26376273038377956,0.5317283934035043,0.0058172614375194,0.005567329726894915,-0.2152322203425021,-0.2228777147941751
-9.227215746793128,-0.2085579062228363,0.16273184831730456,0.16293620348864213,0.16293620348864213,D_mean_resid2,0.1387672031051528,0.2610446963893978,0.531584073626055,-0.005670264289956109,0.004285501808519744,-0.08628137804253258,-0.16127535510216565
-9.218751056725072,-0.2093131239838192,0.1628185654066757,0.16291716643579504,0.16291716643579504,D_mean_resid2,0.13791206356104002,0.258256545764536,0.5340118801355789,-0.013725459619337632,0.0041066394793452836,0.031747870727484806,-0.1117405247617705
-9.210286366657016,-0.2100535651254685,0.1629052824960468,0.16294542387937927,0.16294542387937927,D_mean_resid2,0.13718622543155173,0.2554141761554148,0.5371128082885911,-0.008874499404620519,0.00482297358057748,0.1076016967325791,-0.08105117029903373
-9.20182167658896,-0.2107793776607874,0.1629919995854179,0.16300554195154898,0.16300554195154898,D_mean_resid2,0.1357661671394603,0.2525448539902985,0.5375922929899642,0.007562851840686488,0.005928269506621769,0.11169167637328609,-0.07100514905422883
-9.193356986520904,-0.211490709426707,0.16307871667478901,0.1630824451751765,0.1630824451751765,D_mean_resid2,0.13331520817355869,0.24967393102980695,0.5339572602701683,0.02283984271855186,0.006713844427940453,0.034755770571293754,-0.07765113907661417
-9.184892296452846,-0.2121877080586985,0.16316543376416015,0.16316625828470704,0.16316625828470704,D_mean_resid2,0.1303373065236895,0.24681756036130437,0.528071448129116,0.02591885360712761,0.006516663158546555,-0.10078462119589038,-0.09192967414968524
-9.17642760638479,-0.2128705209658147,0.16325215085353129,0.16325229265655608,0.16325229265655608,D_mean_resid2,0.12762075901543435,0.24398327763832864,0.5230717459440578,0.018164631776448885,0.005007623263841257,-0.2444511333220404,-0.10199667648298441
-9.167962916316734,-0.2135392953061731,0.1633388679429024,0.16333888430972918,0.16333888430972918,D_mean_resid2,0.12550115915342216,0.24117374246780354,0.5203765462576277,0.007769618255833319,0.0023782569978343096,-0.3352591738361695,-0.096840797336431
-9.159498226248678,-0.2141941779628746,0.1634255850322735,0.16342558503227353,0.16342558503227353,D_mean_resid2,0.1239043993781763,0.23838969078844477,0.5197556948388902,-0.0022323773267790177,-0.0006681067341501501,-0.32536393875860986,-0.0701379936322481
-9.15103353618062,-0.2148353155203659,0.16351230212164464,0.16351230212164464,0.16351230212164464,D_mean_resid2,0.12285138687381764,0.23563129841456343,0.5213712596773803,-0.01365150199759695,-0.0031299528039933537,-0.20024248660149768,-0.02295478332667556
-9.142568846112564,-0.2154628542412427,0.16359901921101577,0.16359901921101577,0.16359901921101577,D_mean_resid2,0.12245456297402241,0.23289861428303493,0.5257848499914514,-0.0245533178152715,-0.004058087909227919,0.012094813648981129,0.03586355923207843
-9.134104156044508,-0.2160769400434992,0.16368573630038688,0.16368573630038688,0.16368573630038688,D_mean_resid2,0.12253183624979115,0.23019165266048924,0.5323035602447059,-0.028276346329777262,-0.002925195106054315,0.24697261754830796,0.09202087056055824
-9.125639465976452,-0.2166777184782228,0.163772453389758,0.16377245338975802,0.16377245338975802,D_mean_resid2,0.12251095701425106,0.22751041777668984,0.5384850426256095,-0.019455883661518996,0.00012300541645802088,0.42396803558570506,0.1301850450808202
-9.117174775908396,-0.2172653347077348,0.1638591704791291,0.16385917047912912,0.16385917047912912,D_mean_resid2,0.12166967983489634,0.22485490415318798,0.5411030739716749,0.0014512697370075989,0.0042523209339367955,0.47728217477474594,0.13898632532684374
-9.108710085840338,-0.21783993348418,0.16394588756850023,0.16394588756850026,0.16394588756850026,D_mean_resid2,0.11950180474701139,0.22222509692687117,0.5377511649205693,0.026516476562403697,0.008203096785410806,0.38402573926565675,0.1147737773745664
-9.100245395772282,-0.2184016591285621,0.16403260465787137,0.16403260465787137,0.16403260465787137,D_mean_resid2,0.1161176171347736,0.2196209721683124,0.5287182548567528,0.04299160287636779,0.01075363865601755,0.17655807154156272,0.06272510398425038
-9.091780705704226,-0.2189506555102297,0.16411932174724247,0.1641193225930494,0.1641193225930494,D_mean_resid2,0.11232482648471426,0.21704249608259116,0.5175245793430763,0.04151561829231717,0.0111921154946368,-0.06970043028239825,-0.005066273457908847
-9.08331601563617,-0.2194870660268084,0.16420603883661358,0.1642060464275602,0.1642060464275602,D_mean_resid2,0.10917921467168312,0.21448962103128835,0.5090186375766722,0.022933189854113616,0.00957365357611625,-0.2693821018483255,-0.07369192236006593
-9.074851325568112,-0.2200110335845821,0.16429275592598472,0.16429280077520636,0.16429280077520636,D_mean_resid2,0.10737380896423689,0.21196226653576689,0.506570394434419,-0.00230735405142906,0.0066316434905808715,-0.36521980184721886,-0.13002806860325036
-9.066386635500056,-0.2205227005793202,0.16437947301535585,0.16437967861733274,0.16437967861733274,D_mean_resid2,0.10686855888802327,0.2094602595522492,0.5102092354724942,-0.020050793863248147,0.0033907087174085545,-0.35099418676949173,-0.16604197844366458
-9.057921945432,-0.221022208877554,0.16446619010472696,0.16446694797363876,0.16446694797363876,D_mean_resid2,0.10689818101626716,0.2069832075487787,0.5164582300285158,-0.020807825051677182,0.0006895294771946114,-0.26746357607023474,-0.17970104015278943
-9.049457255363944,-0.2215096997982956,0.16455290719409807,0.1645551907892044,0.1645551907892044,D_mean_resid2,0.1064645518704139,0.20453034295833017,0.5205318210027369,-0.00726014559368271,-0.0011372838344483897,-0.1750374278047413,-0.17351758132673573
-9.040992565295888,-0.2219853140952046,0.1646396242834692,0.16464533446491833,0.16464533446491833,D_mean_resid2,0.10510399820427083,0.20210051282569313,0.5200580480214838,0.007261139573398176,-0.002273745676159134,-0.11997759756019241,-0.15179388148585088
-9.032527875227832,-0.222449191939196,0.1647263413728403,0.1647383974434449,0.1647383974434449,D_mean_resid2,0.10320228761875058,0.1996925154728499,0.5168059873169454,0.010973364811886821,-0.0031684301913623646,-0.11292951369855078,-0.1180782677802796
-9.024063185159774,-0.2229014729014905,0.16482569823810017,0.16483499186500122,0.16483499186500122,D_mean_resid2,0.10149822079680479,0.19730569883649474,0.5144211312462665,0.0038559655122501167,-0.004185572342148407,-0.12925656885188588,-0.07404042080585685
-9.015598495091718,-0.2233422959371052,0.16493079330218777,0.1649349559642888,0.1649349559642888,D_mean_resid2,0.10036131051565407,0.19494035472109428,0.5148308602353953,-0.005591847690101754,-0.0053566637805456865,-0.12735231924684648,-0.020134684134807727
-9.007133805023662,-0.223771799368782,0.1650358883662754,0.16503745944651765,0.16503745944651765,D_mean_resid2,0.099648008245944,0.1925975277077205,0.5173898618115516,-0.0115784035276357,-0.006341568165893778,-0.07265383059832126,0.04250576630601009
-8.998669114955604,-0.2241901208713529,0.16514098343036301,0.16514147573010374,0.16514147573010374,D_mean_resid2,0.09913684689958942,0.19027841673661916,0.5210094166213991,-0.01559572139914921,-0.006586648097089335,0.04485470944592529,0.11007311319362048
-8.990204424887548,-0.2245973974565369,0.16524607849445064,0.1652462048419407,0.1652462048419407,D_mean_resid2,0.09884291179146706,0.18798388206061054,0.5258052483435667,-0.019623577000311535,-0.005582205738789032,0.20598312789243553,0.17511479177908668
-8.981739734819492,-0.2249937654581715,0.16535117355853823,0.16535119964079498,0.16535119964079498,D_mean_resid2,0.09874733503499933,0.18571432618306866,0.5317163035535489,-0.01935949686008723,-0.003099481423372896,0.3701300353295033,0.2272118396687809
-8.973275044751436,-0.2253793605178698,0.16545626862262586,0.16545627274024816,0.16545627274024816,D_mean_resid2,0.09842498546395957,0.1834698282255471,0.536464150077917,-0.00901205453346,0.0006838663290967373,0.49054923138855455,0.25520244265288783
-8.96481035468338,-0.2257543175711055,0.16556136368671345,0.16556136407069244,0.16556136407069244,D_mean_resid2,0.09727520143119701,0.1812503109185011,0.5366898458725218,0.008594639909447487,0.005205212990281566,0.5302400306929282,0.25022693002567714
-8.956345664615323,-0.2261187708337197,0.16566645875080108,0.1656664587508011,0.1656664587508011,D_mean_resid2,0.09517771564089651,0.1790556399577687,0.5315538547869518,0.022304267822083827,0.009660501372081076,0.47247546623572034,0.20857791757589614
-8.947880974547266,-0.2264728537888492,0.1657715538148887,0.16577155381488873,0.16577155381488873,D_mean_resid2,0.09267616875732887,0.1768856633232832,0.5239326184844628,0.02522140564604923,0.01320392976317353,0.323385090950991,0.13342525042790093
-8.93941628447921,-0.2268166991742695,0.16587664887897632,0.16587664887897632,0.16587664887897632,D_mean_resid2,0.0903409119686613,0.1747402222580492,0.5170012421939669,0.023027184639012335,0.015135210507142503,0.10829900970274386,0.03485524550030787
-8.930951594411153,-0.2271504389701523,0.16598174394306392,0.16598174394306395,0.16598174394306395,D_mean_resid2,0.08812017020410841,0.17261915396113817,0.5104889473849868,0.02500286546903371,0.015037364866795775,-0.13429895145524018,-0.07184165998878905
-8.922486904343096,-0.2274742043872336,0.16608683900715157,0.16608683900715157,0.16608683900715157,D_mean_resid2,0.08563771379594969,0.1705222922146215,0.5022083194152995,0.029327105927731155,0.012861612506074802,-0.3589928707338774,-0.16922859113556504
-8.91402221427504,-0.227788125855386,0.16619193407123917,0.16619193407123917,0.16619193407123917,D_mean_resid2,0.0830368770720418,0.16844946758211157,0.4929482904513488,0.024829483527777786,0.00895983809198753,-0.5208440944873498,-0.2413711234993092
-8.905557524206984,-0.2280923330125959,0.1662970291353268,0.1662970291353268,0.1662970291353268,D_mean_resid2,0.08107621286076802,0.1664005076017682,0.48723536982712,0.00750356776276577,0.00404404483884936,-0.585632922227684,-0.27716375263171833
-8.897092834138927,-0.228386954694337,0.1664021241994144,0.16640212419941441,0.16640212419941441,D_mean_resid2,0.08028717069137682,0.16437523697385004,0.48843835707533895,-0.012855679813599925,-0.000954564268627116,-0.5411485144170949,-0.2724903832264214
-8.888628144070871,-0.228672118923341,0.166507219263502,0.166507219263502,0.166507219263502,D_mean_resid2,0.08041660767058031,0.16237347774287902,0.495257038208674,-0.024451749897314773,-0.0051172640718099875,-0.40366671077198646,-0.2306832538548021
-8.880163454002815,-0.2289479528997567,0.16661231432758963,0.16661231432758963,0.16661231432758963,D_mean_resid2,0.08080191305385909,0.16039504947449607,0.50376812325936,-0.025012107838996434,-0.007788391463580098,-0.21389415104798293,-0.16123250085944918
-8.871698763934758,-0.2292145829916972,0.16671740939167726,0.16671740939167726,0.16671740939167726,D_mean_resid2,0.08097655385952794,0.1584397694270868,0.511087299308353,-0.01938866838056764,-0.008738359463792294,-0.022100924564037172,-0.07722142603518861
-8.863234073866701,-0.2294721347261681,0.16682250445576485,0.16682250445576488,0.16682250445576488,D_mean_resid2,0.08078409788701944,0.1565074527182591,0.516167738238287,-0.011670450176819166,-0.00816254641688458,0.1309487593667768,0.007676829110200218
-8.854769383798645,-0.2297207327803751,0.16692759951985248,0.16692759951985248,0.16692759951985248,D_mean_resid2,0.08017813139909356,0.15459791248624852,0.5186236354014508,-0.0034562131225670673,-0.0065214781381198565,0.22747767048268513,0.08176563325840383
-8.84630469373059,-0.2299605009734031,0.1670326945839401,0.1670326945839401,0.1670326945839401,D_mean_resid2,0.07916595000348256,0.1527109600463435,0.5184038524769795,0.0029404952669270443,-0.004311490460805953,0.27359669074331877,0.1368799722610153
-8.837840003662532,-0.2301915622582662,0.16713778964802772,0.16713778964802772,0.16713778964802772,D_mean_resid2,0.07793546992199091,0.15084640504240818,0.5166544731382928,0.003924612504496713,-0.0018896557565433762,0.2877576349607534,0.16884531086447205
-8.829375313594475,-0.230414038714321,0.16724288471211532,0.1672428866313054,0.1672428866313054,D_mean_resid2,0.07685317078673867,0.14900405389367244,0.5157790595521663,-0.0013550850229786075,0.0005600679285137325,0.2843206363444959,0.17717520879254306
-8.82091062352642,-0.2306280515400388,0.16734797977620294,0.16734800297374458,0.16734800297374458,D_mean_resid2,0.07618326122770375,0.1471836981726163,0.5176066519157332,-0.007174776355213134,0.00292371637667389,0.26317421036927874,0.16447873251960682
-8.812445933458363,-0.2308337210461355,0.16745307484029057,0.16745322750258307,0.16745322750258307,D_mean_resid2,0.075705686146971,0.14538506754593955,0.5207253222415645,-0.0038917730077609736,0.0050154441778763915,0.2129016348446642,0.13586380116712565
-8.803981243390307,-0.2310311666490483,0.16755816990437816,0.16755893005344374,0.16755893005344374,D_mean_resid2,0.0747149305038749,0.14360765593436775,0.5202712210414566,0.011646365924938465,0.006528009084558943,0.12573644894475045,0.09828770670520902
-8.795516553322251,-0.2312205068647605,0.16766326496846579,0.16766630330954538,0.16766630330954538,D_mean_resid2,0.07269063236772205,0.1418502838947989,0.512446153591289,0.028325711864765003,0.007144084319026925,0.013161229440155575,0.059592958644023766
-8.787051863254193,-0.2314018593029651,0.1677683600325534,0.1677782951669361,0.1677782951669361,D_mean_resid2,0.07006314734621731,0.14011037660502432,0.5000568055264571,0.029385721955828913,0.006750820540809738,-0.09112944968698955,0.027063802663414377
-8.778587173186137,-0.231575340661565,0.16787345509664103,0.16790038091118817,0.16790038091118817,D_mean_resid2,0.06799160200166122,0.13838344072139944,0.4913275869368313,0.011483864715039937,0.005601319223681171,-0.14599967219713206,0.005711254665976636
-8.770122483118081,-0.2317410667215026,0.16797855016072863,0.16803989053500462,0.16803989053500462,D_mean_resid2,0.06721085426952159,0.13666376484170303,0.49179718082091173,-0.01027309136829381,0.00427913659043673,-0.1271719095125086,-0.0031102181823550396
-8.761657793050023,-0.2318991523419167,0.16811232568597603,0.1682031268375182,0.1682031268375182,D_mean_resid2,0.06733554447771763,0.1349468323419112,0.4989783258276959,-0.018957813965855254,0.003448377624908539,-0.04468955507979738,-0.002043188431629657
-8.753193102981967,-0.2320497114556176,0.1683483852807826,0.16839181500553468,0.16839181500553468,D_mean_resid2,0.06740645570837077,0.13323204661314733,0.5059327498292675,-0.012053411853425268,0.00352257012437685,0.05908932382524018,0.0033531612544749198
-8.744728412913911,-0.23219285706488,0.16858444487558916,0.16860197880435884,0.16860197880435884,D_mean_resid2,0.0668159566363938,0.1315233070780531,0.5080160932749476,0.0013547063674397668,0.004448723249931856,0.13071472688175134,0.006833590787643556
-8.736263722845855,-0.2323287012375441,0.1688205044703957,0.16882637504084852,0.16882637504084852,D_mean_resid2,0.06554139123192178,0.12982677983337096,0.5048372247701308,0.01323073422069073,0.005735489425146092,0.13350629114249185,0.003960394343217205
-8.7277990327778,-0.2324573551034232,0.16905656406520228,0.16905816944372243,0.16905816944372243,D_mean_resid2,0.06378590435969214,0.12814792148473395,0.49775215719976273,0.020975169790352077,0.006708902003245559,0.06603619607954697,-0.006244366773813246
-8.719334342709743,-0.2325789288510107,0.16929262366000883,0.16929297646732974,0.16929297646732974,D_mean_resid2,0.06178046286349388,0.12648999940562505,0.48842171834769166,0.022835674365729874,0.00685344129131958,-0.038346845383803674,-0.02125097655871261
-8.710869652641685,-0.2326935317244825,0.16952868325481543,0.16952874349449987,0.16952874349449987,D_mean_resid2,0.05989355406788507,0.12485434065380631,0.4797074235004512,0.016445154881326793,0.0060597136807221666,-0.1295888388907055,-0.03659127080352161
-8.70240496257363,-0.2328012720209881,0.16976474284962198,0.16976474969409241,0.16976474969409241,D_mean_resid2,0.05857900464351282,0.12324120577990688,0.4753199570939567,0.0033961217787492008,0.004659582576341334,-0.16641096275368764,-0.04827851526364502
-8.693940272505573,-0.232902257088227,0.17000080244442856,0.17000080244442856,0.17000080244442856,D_mean_resid2,0.058030986398471394,0.12165044483404897,0.47703061404859737,-0.00921660853139511,0.0032424792334485937,-0.13623109457403113,-0.05490320852548972
-8.685475582437515,-0.2329965933223042,0.17023686203923516,0.17023686203923516,0.17023686203923516,D_mean_resid2,0.057989036961736365,0.12008179333231439,0.4829128159441914,-0.013986278345226564,0.0023532745899387895,-0.06018553641246921,-0.058397103994630106
-8.67701089236946,-0.2330843861658594,0.1704729216340417,0.1704729216340417,0.1704729216340417,D_mean_resid2,0.057917445937930266,0.1185349645903073,0.48861064866480947,-0.00872735053118423,0.002223575408825819,0.018345773861641018,-0.06310818656787842
-8.668546202301403,-0.2331657401064654,0.17070898122884828,0.1707089812288483,0.1707089812288483,D_mean_resid2,0.05735538636107812,0.11700966945745728,0.4901764668426105,0.002503303097130682,0.00266385716953366,0.05525094785617385,-0.07363395943918132
-8.660081512233347,-0.2332407586752898,0.17094504082365483,0.17094504082365486,0.17094504082365486,D_mean_resid2,0.056185163015885074,0.11550562135221648,0.4864279535327301,0.012545629560051688,0.003158939707963495,0.02631598326462256,-0.09242935691615195
-8.651616822165291,-0.233309544446016,0.17118110041846138,0.1711811004184614,0.1711811004184614,D_mean_resid2,0.05466044953643501,0.11402253629649343,0.4793828598436114,0.016405954368178773,0.00310937045387602,-0.06266961964472478,-0.11828279987007462
-8.643152132097235,-0.2333721990340162,0.17141716001326796,0.17141716001326798,0.17141716001326798,D_mean_resid2,0.05315066047173172,0.1125601329470479,0.4721979183938561,0.013964827249859807,0.0020979818940123894,-0.17999248995100312,-0.14633052730394164
-8.634687442029177,-0.2334288230957737,0.17165321960807456,0.17165321960807456,0.17165321960807456,D_mean_resid2,0.0519094832147272,0.11111813262396161,0.4671558276667205,0.007262296731652167,6.220916984961343e-05,-0.2829001214672982,-0.16957872820116807
-8.626222751961121,-0.2334795163285476,0.1718892792028811,0.1718892792028811,0.1718892792028811,D_mean_resid2,0.05109599016119216,0.10969625933630128,0.4657951918355268,-0.002163488264722504,-0.0026913418028601446,-0.33557805517789036,-0.18125754241482953
-8.617758061893065,-0.2335243774702751,0.17212533879768765,0.17212533879768768,0.17212533879768768,D_mean_resid2,0.05080652996096273,0.10829423980508034,0.46915265347824414,-0.011907107947826975,-0.0056189192915940996,-0.3224143509463201,-0.1770210058451412
-8.609293371825009,-0.2335635042997077,0.17236139839249423,0.17236139839249426,0.17236139839249426,D_mean_resid2,0.05096021067204493,0.10691180348363216,0.47665654316500955,-0.018358582277689356,-0.008149616911368257,-0.2518805787079838,-0.15614058035523107
-8.600828681756951,-0.2335969936367729,0.17259745798730083,0.17259745798730083,0.17259745798730083,D_mean_resid2,0.05130081104087935,0.10554868257549599,0.48603933075323164,-0.01980465989557284,-0.009883101357445745,-0.15061613824444364,-0.12132264724804649
-8.592363991688895,-0.233624941343161,0.17283351758210738,0.17283351758210738,0.17283351758210738,D_mean_resid2,0.05158708243519022,0.10420461204991953,0.49505565464297563,-0.017355695664225942,-0.010699454770342117,-0.050968419424957334,-0.07737646717921154
-8.58389930162084,-0.2336474423231267,0.17306957717691393,0.17306957717691396,0.17306957717691396,D_mean_resid2,0.051679662662176315,0.10287932965507357,0.5023328090826814,-0.012438261196664852,-0.010745965104827648,0.022595035388310647,-0.029405885865853347
-8.575434611552783,-0.2336645905245063,0.1733056367717205,0.1733056367717205,0.1733056367717205,D_mean_resid2,0.05148205160834531,0.10157257592907976,0.5068499163031095,-0.0065287876100373655,-0.0103169348270645,0.06257016200228593,0.018680529283185678
-8.566969921484727,-0.2336764789399391,0.17354169636652705,0.17354169636652708,0.17354169636652708,D_mean_resid2,0.05100245848397164,0.10028409420894058,0.5085797392526545,-0.0029777278823374595,-0.009686691047112832,0.07927789592002776,0.06477293501390709
-8.558505231416671,-0.233683199608294,0.1737777559613336,0.17377775596133366,0.17377775596133366,D_mean_resid2,0.050471219140221256,0.09901363063746395,0.5097401116925044,-0.004925908360788558,-0.008974809190643218,0.09342116761556818,0.1081566004345615
-8.550040541348613,-0.2336848436162919,0.1740138155561402,0.1740138155561402,0.1740138155561402,D_mean_resid2,0.05019587628700361,0.09776093416826942,0.5134553665434985,-0.010856829688785773,-0.008105128587789234,0.12420963809210606,0.1484371933644654
-8.541575851280557,-0.2336815011003225,0.17424987515094678,0.1742498751509468,0.1742498751509468,D_mean_resid2,0.05024963547722805,0.09652575656896226,0.5205826637714825,-0.01519083038010872,-0.0068720170108128985,0.1791005290143058,0.18439910238895382
-8.533111161212501,-0.2336732612484474,0.17448593474575333,0.17448593474575336,0.17448593474575336,D_mean_resid2,0.05039463831845573,0.09530785242255506,0.5287564144770258,-0.01378211426008099,-0.005073067649527273,0.25009175286831187,0.21338171984118254
-8.524646471144443,-0.2336602123025874,0.17472199434055993,0.17472199434055993,0.17472199434055993,D_mean_resid2,0.050308245694008,0.09410697912722041,0.5345857040634339,-0.0073704837192924595,-0.0026381186575980616,0.31763504783613977,0.23148653034086464
-8.516181781076387,-0.2336424415608878,0.1749580539353665,0.1749580539353665,0.1749580539353665,D_mean_resid2,0.049834389646213395,0.09292289689445049,0.5362982785913295,9.986479552393304e-05,0.00030429681984335126,0.35919263746308805,0.23454308308800367
-8.507717091008331,-0.2336200353802572,0.17519411353017306,0.17519411353017306,0.17519411353017306,D_mean_resid2,0.04903789385708808,0.0917553687456963,0.5344416847476094,0.005566194348268704,0.0034427900441072615,0.357870355042904,0.21943828076450492
-8.499252400940275,-0.2335930791790755,0.1754301731249796,0.17543017312497963,0.17543017312497963,D_mean_resid2,0.048057574775212226,0.09060416050756318,0.5304124502229743,0.00936235044079836,0.00636282009981008,0.30786629355061745,0.1852803077798144
-8.490787710872219,-0.2335616574400658,0.17566623271978615,0.17566623271978618,0.17566623271978618,D_mean_resid2,0.046921958833064256,0.08946904080562992,0.5244491101117477,0.013715323087176549,0.008654775558721546,0.21581778494159493,0.1339625935633031
-8.482323020804163,-0.233525853713327,0.17590229231459273,0.17590229231459276,0.17590229231459276,D_mean_resid2,0.04555383944209533,0.08834978105695995,0.5156078362291168,0.018688051351393446,0.010016481421220035,0.09847914947039815,0.06995478233441761
-8.473858330736105,-0.23348575061952,0.17613835190939933,0.17613835190939933,0.17613835190939933,D_mean_resid2,0.043977542639740796,0.08724615546137052,0.5040628140825355,0.02062049835391276,0.010321966515586874,-0.022635133057217982,-0.0005453737634019459
-8.465393640668049,-0.2334414298532067,0.17637441150420588,0.1763744115042059,0.1763744115042059,D_mean_resid2,0.04246704152822585,0.08615794099152405,0.4928975906283975,0.016037928809366053,0.00963328264926308,-0.12851552882105244,-0.07074492452957698
-8.456928950599993,-0.2333929721863326,0.17661047109901246,0.17661047109901248,0.17661047109901248,D_mean_resid2,0.041372343894583344,0.08508491738190006,0.48624768252268874,0.007021653652585731,0.008146278274781805,-0.2091781411844253,-0.13427421684076304
-8.448464260531935,-0.2333404574718546,0.17684653069381906,0.17684653069381906,0.17684653069381906,D_mean_resid2,0.04075712907061834,0.08402686711671056,0.4850487762920879,0.0004207467091537666,0.006092026380986127,-0.2656873078278753,-0.1858301867886881
-8.439999570463879,-0.2332839646475032,0.1770825902886256,0.1770825902886256,0.1770825902886256,D_mean_resid2,0.04031261846145848,0.08298357541681463,0.48579032970047337,0.000666093888035001,0.0036483568432230775,-0.30554520188174666,-0.22142519066123081
-8.431534880395823,-0.2332235717396801,0.17731864988343216,0.17731864988343216,0.17731864988343216,D_mean_resid2,0.03968714835043359,0.08195483022568464,0.4842563670883628,0.005015853709290476,0.0009193355095649181,-0.3337546620810113,-0.2384320967101326
-8.423070190327767,-0.2331593558674841,0.17755470947823873,0.17755470947823876,0.17755470947823876,D_mean_resid2,0.03884464482069523,0.08094042219448233,0.47991650855687346,0.0065927849196005806,-0.002001902703346007,-0.34588828467667526,-0.23567467883073814
-8.41460550025971,-0.2330913932468611,0.17779076907304528,0.1777907690730453,0.1777907690730453,D_mean_resid2,0.038091575675329205,0.07994014466629192,0.4765012101784593,0.0008081447429266128,-0.004936338746354281,-0.3291010676043641,-0.21368542868108878
-8.406140810191655,-0.233019759194877,0.17802682866785183,0.17802684904333263,0.17802684904333263,D_mean_resid2,0.03782044888133647,0.07895378467322245,0.4790200879903285,-0.01099885298965815,-0.007573379780020619,-0.2714895695497764,-0.17502266004610498
-8.397676120123597,-0.2329445281341047,0.17826288826265843,0.1782630897894949,0.1782630897894949,D_mean_resid2,0.03819824491080381,0.07798108027935959,0.48983990442248726,-0.022409168072828153,-0.009532488872252234,-0.17349187744709405,-0.12436029580259847
-8.389211430055541,-0.2328657735971263,0.178498947857465,0.17850018728182265,0.17850018728182265,D_mean_resid2,0.03900158273740206,0.07702153776393109,0.5063724234764158,-0.026194393963739113,-0.010510489723850762,-0.05271813168626993,-0.06806925174613232
-8.380746739987485,-0.2327835682311417,0.17873500745227155,0.1787408777225383,0.1787408777225383,D_mean_resid2,0.03971691988524822,0.07607382184318458,0.522083930095152,-0.01985177751121351,-0.010424974163634715,0.0620263179905407,-0.01321895163913445
-8.372282049919429,-0.2326979838026837,0.1789710670470781,0.1789934438450668,0.1789934438450668,D_mean_resid2,0.039897262614326766,0.07513435949589403,0.5310122144117977,-0.00839380669543481,-0.009460422608145528,0.14397200064720322,0.03377060958860344
-8.363817359851371,-0.2326090912024336,0.1792071266418847,0.17927698897732927,0.17927698897732927,D_mean_resid2,0.03951408670734453,0.07419535232912944,0.5325682197998151,-0.0004940489132788557,-0.00798761743572127,0.18026142364369113,0.06837810208607333
-8.355352669783315,-0.2325169604501342,0.17944318623669128,0.1796243854700353,0.1796243854700353,D_mean_resid2,0.038937412318441465,0.07324394705291075,0.5316126981839665,-0.0003150980654022164,-0.0064087084434044355,0.17536740278998342,0.08868038077501528
-8.346887979715259,-0.2324216606995953,0.17967924583149783,0.1800758478215696,0.1800758478215696,D_mean_resid2,0.03851726370646245,0.07226530577771932,0.5329980035639454,-0.003965832201733806,-0.005018756010406952,0.1453686831695309,0.09526977459342692
-8.338423289647203,-0.2323232602437912,0.18021979751473363,0.1806614738400824,0.1806614738400824,D_mean_resid2,0.038246626196543135,0.07124980346280281,0.5367962343434456,-0.005287806735190652,-0.0039477067461414035,0.10828878262037064,0.09048178222292173
-8.329958599579147,-0.2322218265200422,0.18117745317347186,0.1813839030230926,0.1813839030230926,D_mean_resid2,0.037903698822161394,0.0701994189117402,0.5399431990999338,-0.003167548879614103,-0.0031854940449498868,0.0767259086258659,0.07729660353868811
-8.321493909511089,-0.23211742611528,0.18213510883221032,0.18221659715439664,0.18221659715439664,D_mean_resid2,0.037396719505040796,0.06912730370434786,0.5409833380017782,-0.0008785492459558227,-0.002648784672725428,0.055440001228156094,0.0583772908422531
-8.313029219443033,-0.2320101247713921,0.18309276449094855,0.18311947453701122,0.18311947453701122,D_mean_resid2,0.03682317153147437,0.06805072158116163,0.5411136087301692,-0.0007204920126195821,-0.0022469291894117826,0.042415966943013514,0.03561065305032997
-8.304564529374977,-0.2318999873906424,0.18405042014968678,0.18405758360225755,0.18405758360225755,D_mean_resid2,0.03630313257889619,0.06698365811761578,0.5419699908767593,-0.0023096815154741226,-0.0019307086445063868,0.030799911946707212,0.010282266281273733
-8.29609983930692,-0.2317870780411634,0.18500807580842502,0.18500962145023359,0.18500962145023359,D_mean_resid2,0.03588796053596329,0.06593402389472444,0.5443010818400056,-0.0040524746575900245,-0.0017255057719071953,0.011030093983236858,-0.016258829012853394
-8.287635149238863,-0.2316714599625177,0.18596573146716344,0.18596598966765612,0.18596598966765612,D_mean_resid2,0.035542240727056224,0.06490493397150984,0.5476046049543408,-0.003748714981786151,-0.0017439759905271543,-0.02555878700809168,-0.041809965200025515
-8.279170459170807,-0.2315531955713269,0.18692338712590167,0.18692341503695206,0.18692341503695206,D_mean_resid2,0.03511428901547235,0.06389704155220344,0.5495448327882947,0.00013960028238993102,-0.002158200192985065,-0.08106928273796822,-0.06285066925987243
-8.27070576910275,-0.2314323464669601,0.18788104278463993,0.1878810427846399,0.1878810427846399,D_mean_resid2,0.03443473960092444,0.06291010273523809,0.5473642245641474,0.005386385506066661,-0.0031164286953601706,-0.14566707060395695,-0.07476634237282935
-8.262241079034695,-0.2313089734372853,0.18883869844337817,0.18883869844337817,0.18883869844337817,D_mean_resid2,0.03356080708894629,0.06194364077214128,0.5417958432956693,0.006111873575311195,-0.004624253404553335,-0.19698095196008175,-0.07286196652761481
-8.253776388966639,-0.2311831364644751,0.1897963541021164,0.18979635410211648,0.18979635410211648,D_mean_resid2,0.03284964682009168,0.0609971427688674,0.5385440256532468,-0.0012819614373463014,-0.006451194110665633,-0.2072788822411306,-0.05391507183382209
-8.245311698898583,-0.2310548947308666,0.19075400976085463,0.19075400976085474,0.19075400976085474,D_mean_resid2,0.03266361437171313,0.060070101868502514,0.5437582650220234,-0.013314320928896919,-0.008133356396201854,-0.1565722043222269,-0.01771227127676163
-8.236847008830525,-0.2309243066248716,0.19171166541959306,0.191711665419593,0.191711665419593,D_mean_resid2,0.033030743669449594,0.05916202630862103,0.5583098776425173,-0.02266548377723103,-0.009101864476385758,-0.04496982724964088,0.03208848399214431
-8.228382318762469,-0.2307914297469351,0.1926693210783313,0.19266932107833132,0.19266932107833132,D_mean_resid2,0.033660249605711484,0.05827243890807611,0.5776358470049626,-0.02492087034595638,-0.008894667696366643,0.10333246314719552,0.08824101458264283
-8.219917628694413,-0.2306563209155369,0.19362697673706952,0.19362697673706963,0.19362697673706963,D_mean_resid2,0.03420369432449591,0.05740087657336331,0.5958740766054437,-0.019975995016519227,-0.0073525099273660886,0.24789358713767667,0.14138303695734328
-8.211452938626355,-0.2305190361732374,0.19458463239580798,0.19458463239580792,0.19458463239580792,D_mean_resid2,0.03438050394774583,0.0565468898237332,0.6079999104268339,-0.009324336805461853,-0.004697982926407809,0.3484024126554619,0.1822540097622108
-8.202988248558299,-0.230379630792761,0.1955422880545462,0.19554228805454618,0.19554228805454618,D_mean_resid2,0.03398979213569838,0.05571004233426178,0.610119660863991,0.0037847885934039274,-0.0014542730431826804,0.38120877446417156,0.20390053687989276
-8.194523558490243,-0.2302381592831166,0.19649994371328444,0.19649994371328444,0.19649994371328444,D_mean_resid2,0.03304467685603358,0.0548899104961266,0.6020173208037101,0.013436161472840833,0.0017556453277175815,0.3474221143167217,0.2031268203229522
-8.186058868422187,-0.2300946753957521,0.19745759937202267,0.19745759937202267,0.19745759937202267,D_mean_resid2,0.03185582459743302,0.054086082993372114,0.5889837613372138,0.015250487050325848,0.004427367997776902,0.2687853816782939,0.1807873886399609
-8.17759417835413,-0.2299492321307402,0.1984152550307609,0.19841525503076096,0.19841525503076096,D_mean_resid2,0.030799073068316658,0.05329816039547817,0.5778637168672272,0.011007763170810436,0.006306015229179404,0.1744336656259966,0.14101021439436068
-8.169129488286075,-0.2298018817429935,0.19937291068949914,0.19937291068949925,0.19937291068949925,D_mean_resid2,0.030013718385119546,0.05252575476507803,0.5714095593553336,0.00627308799530304,0.007380421831694871,0.08650832196053237,0.08983461925047251
-8.160664798218017,-0.2296526757485054,0.2003305663482376,0.2003305663482375,0.2003305663482375,D_mean_resid2,0.029391625457760324,0.05176848928020224,0.5677512685115292,0.00476832440024356,0.007770547496586442,0.012562058732606629,0.03386633517326657
-8.15220010814996,-0.2295016649306155,0.20128822200697583,0.20128822200697583,0.20128822200697583,D_mean_resid2,0.028759390505834072,0.05102599787045286,0.5636223044348829,0.006796245607334989,0.007593089699271475,-0.05202082268761876,-0.020633125540723378
-8.143735418081905,-0.2293488993462966,0.20224587766571406,0.2022458776657141,0.2022458776657141,D_mean_resid2,0.02799189457906689,0.05029792486653745,0.5565218575784532,0.010602196516880618,0.006889867214314458,-0.11461252259000071,-0.0681565897347005
-8.135270728013849,-0.2291944283324613,0.2032035333244523,0.20320353332445237,0.20320353332445237,D_mean_resid2,0.0270701634730162,0.04958392466262129,0.5459463658273701,0.013034553164236733,0.005652770735986615,-0.17578665120893688,-0.10409909882102131
-8.12680603794579,-0.2290383005122856,0.20416118898319074,0.20416118898319066,0.20416118898319066,D_mean_resid2,0.026133972553213477,0.04888366139097743,0.5346156938652938,0.01096394333980321,0.003913908173143795,-0.22571867181456845,-0.1249755157564381
-8.118341347877735,-0.2288805638015471,0.20511884464192898,0.20511884464192895,0.20511884464192895,D_mean_resid2,0.025418465312854695,0.04819680860843898,0.5273889713188202,0.004175564276695337,0.0018314935370191217,-0.24827576335600823,-0.12889198971998106
-8.109876657809679,-0.2287212654149778,0.2060765003006672,0.20607650030066724,0.20607650030066724,D_mean_resid2,0.025070115045450786,0.04752304899417802,0.5275359131212749,-0.0038939656012039817,-0.00028924660329348326,-0.22974235126176018,-0.11617292680030844
-8.101411967741623,-0.2285604518726249,0.20703415595940544,0.2070341559594055,0.2070341559594055,D_mean_resid2,0.025032847421360666,0.04686207405836017,0.5341813806658611,-0.009233714823319986,-0.002057902060855414,-0.16696856252653886,-0.08980278082889781
-8.092947277673566,-0.2283981690062233,0.20799181161814367,0.20799181161814376,0.20799181161814376,D_mean_resid2,0.025125127905922695,0.04621358386123948,0.5436740846882422,-0.010672657523862194,-0.003115920869085464,-0.07097788987538255,-0.055285503922694476
-8.084482587605509,-0.228234461965573,0.2089494672768821,0.20894946727688207,0.20894946727688207,D_mean_resid2,0.025203156399130528,0.04557728674227967,0.5529762344486135,-0.009829477238339667,-0.003259513739814803,0.035007474722893006,-0.019699910350423754
-8.076017897537453,-0.2280693752249225,0.20990712293562036,0.2099071229356203,0.2099071229356203,D_mean_resid2,0.025224709310837777,0.044952899058906204,0.5611364303286281,-0.008200043369968924,-0.0025232660218963946,0.12196187366784737,0.009932802790519387
-8.067553207469397,-0.2279029525893539,0.2108647785943586,0.21086477859435862,0.21086477859435862,D_mean_resid2,0.025170696320962548,0.04434014493450817,0.5676728472164555,-0.005190251962005925,-0.0011947748183793322,0.1640555110467286,0.028501889302507154
-8.05908851740134,-0.227735237201171,0.21182243425309683,0.2118224342530969,0.2118224342530969,D_mean_resid2,0.024952970361284393,0.04373875601532917,0.5705002298771162,0.0008271664668337763,0.0002540920880378144,0.14823289319422744,0.034214281938662494
-8.050623827333283,-0.2275662715462852,0.21278008991183525,0.2127800899118352,0.2127800899118352,D_mean_resid2,0.02442618480987819,0.04314847123589831,0.5660961816314894,0.009498321632575276,0.0013147161791816327,0.08136584152550026,0.02895995779267079
-8.042159137265227,-0.2273960974606001,0.21373774557057348,0.21373774557057346,0.21373774557057346,D_mean_resid2,0.023536764505245413,0.04256903659267029,0.5529080850586613,0.016200816758736573,0.0016315653493179651,-0.009122502847899866,0.017388671874741267
-8.03369444719717,-0.2272247561363918,0.21469540122931172,0.21469540122931174,0.21469540122931174,D_mean_resid2,0.02250875935691834,0.04200020492555502,0.5359202269801995,0.014278998828246259,0.0011602778606767704,-0.08418674639389198,0.004966531455903567
-8.025229757129114,-0.2270522881286827,0.21565305688804998,0.21565305688805,0.21565305688805,D_mean_resid2,0.021805275268046116,0.04144173570703338,0.52616703658832,0.0020769115041989515,0.00020633591719330184,-0.11009383566323092,-0.004250707800882842
-8.016765067061058,-0.2268787333616105,0.2166107125467882,0.2166107125467883,0.2166107125467883,D_mean_resid2,0.021760465750461096,0.040893394838566875,0.5321266633979391,-0.012887829944491619,-0.0007035425339087227,-0.07586028232169534,-0.009198303648253112
-8.008300376993002,-0.2267041311347848,0.21756836820552644,0.21756836820552655,0.21756836820552655,D_mean_resid2,0.022231986901044005,0.04035495445402157,0.5509109650061439,-0.019541523244787782,-0.0010779316394634642,-0.0010672059804459066,-0.01202377652519641
-7.999835686924944,-0.2265285201296377,0.21852602386426498,0.21852602386426487,0.21852602386426487,D_mean_resid2,0.022693179941019312,0.03982619272983868,0.5698054065815101,-0.013430240533326025,-0.0007216096696349966,0.07207695105086595,-0.01680651278760764
-7.991370996856888,-0.2263519384157581,0.2194836795230032,0.21948367952300313,0.21948367952300313,D_mean_resid2,0.022677379522501935,0.03930689370169621,0.5769313569930696,0.00010746379167694397,0.00014228646392862331,0.09960352702705527,-0.027317141961259055
-7.982906306788832,-0.2261744234572168,0.22044133518174133,0.22044133518174142,0.22044133518174142,D_mean_resid2,0.022093548874351776,0.038796847087413676,0.569467638042146,0.012125895429080283,0.000964616302303455,0.05869839116826461,-0.04482575027689603
-7.974441616720776,-0.2259960121188751,0.2213989908404796,0.2213989908404797,0.2213989908404797,D_mean_resid2,0.021171888585171796,0.03829584811586708,0.5528507560692897,0.01721330636930983,0.0011360138413942606,-0.039870293940785714,-0.06697352015642305
-7.9659769266527185,-0.225816740672677,0.22235664649921802,0.222356646499218,0.222356646499218,D_mean_resid2,0.020228393507933876,0.037803697361686324,0.5350903461743177,0.01472333773900542,0.0002896369400410818,-0.15655644846915867,-0.08824310902606086
-7.9575122365846624,-0.2256366448039267,0.22331430215795625,0.22331430215795625,0.22331430215795625,D_mean_resid2,0.01952783973250035,0.037320200585519395,0.5232511997826009,0.005916525425502213,-0.0015143897874998515,-0.24235605592561055,-0.1018264663548349
-7.949047546516606,-0.2254557596175443,0.22427195781669448,0.22427195781669454,0.22427195781669454,D_mean_resid2,0.019276420054939663,0.03684516857965496,0.5231736153755489,-0.0071779437873191725,-0.0038133008590124267,-0.2623088127280907,-0.10206014034752006
-7.94058285644855,-0.2252741196443055,0.22522961347543272,0.2252296134754328,0.2252296134754328,D_mean_resid2,0.01957464308188476,0.03637841701880533,0.5380839708271504,-0.01978665254148753,-0.005955115391225943,-0.21096061471225666,-0.08638691480774535
-7.932118166380493,-0.2250917588470573,0.22618726913417106,0.2261872691341711,0.2261872691341711,D_mean_resid2,0.02026410870423182,0.03591976631585773,0.564149235438809,-0.02458761474675475,-0.007384733299224219,-0.11212122944010844,-0.05609607259194257
-7.923653476312436,-0.2249087106269143,0.2271449247929094,0.22714492479290935,0.22714492479290935,D_mean_resid2,0.020902173657326037,0.035469041482411236,0.5893075421192656,-0.01782135974803266,-0.007853258305745982,-0.0038751059633246876,-0.01571407383537224
-7.91518878624438,-0.2247250078294302,0.22810258045164764,0.22810258045164766,0.22810258045164766,D_mean_resid2,0.02106772131816026,0.03502607199392324,0.601486838770141,-0.004955067086635432,-0.007450336441145153,0.08202770599913756,0.02847696819188044
-7.906724096176324,-0.2245406827507467,0.22906023611038587,0.22906023611038592,0.22906023611038592,D_mean_resid2,0.020743703747655027,0.03459069165929648,0.5996903430544737,0.0033095571492656062,-0.006464580089193338,0.13431322962752745,0.07003279976927479
-7.898259406108267,-0.2243557671437156,0.2300178917691242,0.2300178917691242,0.2300178917691242,D_mean_resid2,0.020305894692224085,0.03416273849474525,0.5943872062641419,0.0016111328306304146,-0.005176496719471672,0.16215039954308613,0.10344109371806817
-7.889794716040211,-0.2241702922239968,0.23097554742786244,0.2309755474278625,0.2309755474278625,D_mean_resid2,0.020119689369868136,0.03374205460178479,0.596279319896658,-0.00567806569160329,-0.0037194743361058454,0.18243116083168043,0.12454508444448814
-7.881330025972154,-0.2239842886761277,0.2319332030866008,0.23193320308660076,0.23193320308660076,D_mean_resid2,0.020223450747995586,0.03332848604919439,0.6067917612022591,-0.010451931629267063,-0.0020880502490797665,0.20381597471086443,0.13056554252425762
-7.872865335904098,-0.2237977866595656,0.23289085874533902,0.23289085874533905,0.23289085874533905,D_mean_resid2,0.020384721864728644,0.0329218827588115,0.6191845713706243,-0.008558779399095277,-0.00026899622241324654,0.2184085131635467,0.12016427970606665
-7.864400645836042,-0.2236108158147007,0.23384851440407725,0.23384851440407733,0.23384851440407733,D_mean_resid2,0.020347154128703825,0.032522098395018365,0.6256408759842058,-0.0013195342273787563,0.0016094704952289629,0.2062007868305653,0.09381882853340223
-7.855935955767985,-0.22342340526884,0.2348061700628156,0.23480617006281562,0.23480617006281562,D_mean_resid2,0.019985540590809002,0.03212899025778935,0.6220407311419851,0.007680452915779668,0.0032218552822069696,0.14893672515999212,0.05439414735837307
-7.847471265699928,-0.2232355836421599,0.2357638257215539,0.23576382572155385,0.23576382572155385,D_mean_resid2,0.019309717004970643,0.0317424191791719,0.6083253105560682,0.015101633220721469,0.0041308769316903875,0.04445919721747538,0.007466878188883527
-7.839006575631872,-0.2230473790536285,0.23672148138029214,0.23672148138029214,0.23672148138029214,D_mean_resid2,0.018435550807992914,0.03136224942307859,0.5878261651227962,0.018023782576560687,0.0039745219324481395,-0.08711413448490385,-0.039093258513387664
-7.830541885563816,-0.2228588191268956,0.2376791370390304,0.23767913703903043,0.23767913703903043,D_mean_resid2,0.017577426891840435,0.030988348588273432,0.5672269640884335,0.01435905320951063,0.0026560886337670567,-0.2089685842208,-0.0764970017783572
-7.82207719549576,-0.2226699309961489,0.23863679269776863,0.23863679269776872,0.23863679269776872,D_mean_resid2,0.016991025487779185,0.03062058751443924,0.554888944562772,0.0047290551164084135,0.000436813333669056,-0.2821179032742275,-0.09710229553740524
-7.813612505427703,-0.222480741311939,0.23959444835650695,0.23959444835650698,0.23959444835650698,D_mean_resid2,0.01683543694529876,0.03025884019121793,0.5563807746400319,-0.006932693611496344,-0.0021199925939655345,-0.28174030333197597,-0.09650467234156386
-7.805147815359646,-0.2222912762469673,0.2405521040152453,0.24055210401524527,0.24055210401524527,D_mean_resid2,0.017080041897764124,0.02990298367011932,0.5711818621909435,-0.015845645562546837,-0.004332875361102001,-0.20762623502331856,-0.07486450868037407
-7.79668312529159,-0.2221015615018428,0.24150975967398353,0.24150975967398355,0.24150975967398355,D_mean_resid2,0.017546527572907818,0.029552897979198196,0.5937328916189043,-0.01921466477032174,-0.005634976052905329,-0.08406366055892556,-0.03693088741629304
-7.788218435223534,-0.2219116223108002,0.24246741533272176,0.24246741533272181,0.24246741533272181,D_mean_resid2,0.01801461320808095,0.02920846604040338,0.616759989489409,-0.01666236396721024,-0.005756021026337146,0.05049319092836069,0.009280317571561062
-7.779753745155477,-0.221721483447384,0.2434250709914601,0.2434250709914601,0.2434250709914601,D_mean_resid2,0.018289255751693427,0.028869573589505926,0.6335131932236631,-0.009404137090583785,-0.004780157629393664,0.15891737124638533,0.05468101012253696
-7.771289055087421,-0.2215311692300955,0.24438272665019833,0.2443827266501984,0.2443827266501984,D_mean_resid2,0.018243974490597347,0.028536109098517504,0.6393294344233198,-0.0002973225055923111,-0.0030656484382753715,0.2188013656090671,0.0914048810873339
-7.762824365019364,-0.2213407035280035,0.24534038230893668,0.24534038230893665,0.24534038230893665,D_mean_resid2,0.017888106674600023,0.02820796370051285,0.6341509392354613,0.006309060489604064,-0.0010759861366970956,0.22788545205170338,0.11446110164469471
-7.754359674951308,-0.2211501097663164,0.2462980379676749,0.24629803796767494,0.24629803796767494,D_mean_resid2,0.017396298277060438,0.027885031116773918,0.6238579474489414,0.007253927066208424,0.0007923110069978805,0.20001797387974002,0.1223293508479989
-7.745894984883252,-0.2209594109319176,0.24725569362641314,0.2472556936264132,0.2472556936264132,D_mean_resid2,0.01698945647135959,0.02756720758617631,0.6162922529693948,0.003956397654627625,0.0023101941771679676,0.15511818058832366,0.1165148916721025
-7.737430294815195,-0.2207686295788616,0.24821334928515149,0.2482133492851515,0.2482133492851515,D_mean_resid2,0.016736175657834015,0.027254391796741273,0.614072615622819,0.0014119670842302218,0.0034183656521997938,0.10931201241886904,0.1004333480498802
-7.728965604747138,-0.220577787833831,0.24917100494388983,0.24917100494388977,0.24917100494388977,D_mean_resid2,0.016511893355536742,0.026946484819280157,0.6127661350367494,0.002745467718877359,0.004160778788850604,0.07023460064495499,0.07812973717993292
-7.720500914679082,-0.2203869074015567,0.25012866060262806,0.25012866060262806,0.25012866060262806,D_mean_resid2,0.016175690058909124,0.02664339004305974,0.6071183146276343,0.0061997993549485625,0.004607393905226355,0.03843448599864835,0.053248415759901684
-7.712036224611026,-0.220196009570194,0.2510863162613663,0.25108631626136635,0.25108631626136635,D_mean_resid2,0.01572755790891454,0.026345013113420804,0.5969842505374398,0.008128760885448042,0.0048114508126578005,0.011880971817072594,0.02845583596225482
-7.70357153454297,-0.2200051152166646,0.2520439719201045,0.25204397192010464,0.25204397192010464,D_mean_resid2,0.01527415978198997,0.02605126187128395,0.5863117056462638,0.0071623249763104555,0.004808531393504012,-0.010529961134289334,0.0053043201593112555
-7.695106844474913,-0.2198142448119518,0.25300162757884287,0.2530016275788429,0.2530016275788429,D_mean_resid2,0.014904376377934545,0.025762046294479552,0.5785400820868933,0.004741288493602291,0.004633185097796902,-0.02855937891134952,-0.015600343299964537
-7.686642154406856,-0.2196234184263617,0.2539592832375812,0.25395928323758116,0.25395928323758116,D_mean_resid2,0.014624505310263004,0.025477278440840592,0.5740214891563781,0.0030362963196701575,0.004325038811462461,-0.04235379520820676,-0.03428785551317584
-7.6781774643388,-0.219432655734738,0.25491693889631944,0.2549169388963195,0.2549169388963195,D_mean_resid2,0.014377442630129952,0.025196872393000027,0.5706042561903106,0.002919120147171823,0.0039161615985101,-0.05383795359254756,-0.051091343039933595
-7.669712774270744,-0.2192419760216393,0.2558745945550577,0.2558745945550578,0.2558745945550578,D_mean_resid2,0.01411316284856805,0.024920744204835782,0.5663218855971982,0.003571955314642714,0.00341359562934386,-0.06612726163285026,-0.06636852951998795
-7.661248084202687,-0.2190513981864731,0.256832250213796,0.256832250213796,0.256832250213796,D_mean_resid2,0.013830816896473811,0.02464881184950908,0.5611149527578253,0.004010478761547625,0.002796668048967365,-0.08138229898864426,-0.08031672634382583
-7.652783394134631,-0.2188609407485894,0.25778990587253425,0.2577899058725343,0.2577899058725343,D_mean_resid2,0.013545971198444496,0.024380995169043417,0.5555954998770449,0.004107257930998736,0.0020358437534143117,-0.09897175272908147,-0.09289728144438197
-7.644318704066574,-0.218670621852331,0.2587475615312726,0.25874756153127254,0.25874756153127254,D_mean_resid2,0.013265733645005728,0.024117215825393664,0.550052449712619,0.0034947604980432906,0.0011211376242793493,-0.11559551066368436,-0.10385458238842873
-7.635854013998518,-0.2184804592720437,0.25970521719001083,0.2597052171900109,0.2597052171900109,D_mean_resid2,0.013029161901231143,0.023857397252956384,0.5461267112705088,0.0011433888836161776,7.888341136070816e-05,-0.127479978887846,-0.11277983593817774
-7.627389323930462,-0.2182904704170423,0.26066287284874906,0.2606628728487491,0.2606628728487491,D_mean_resid2,0.012909118451624143,0.02360146461247428,0.5469626001430936,-0.002553790162108224,-0.0010370193980565427,-0.13310656518879765,-0.11915194794774997
-7.618924633862405,-0.2181006723365365,0.2616205285074874,0.2616205285074874,0.2616205285074874,D_mean_resid2,0.012916683141334422,0.023349344746289556,0.5531925320254227,-0.0049934914586153385,-0.0021745282293327557,-0.13438053013818851,-0.12230999356878097
-7.610459943794348,-0.2179110817245115,0.26257818416622575,0.2625781841662257,0.2625781841662257,D_mean_resid2,0.012955273643886787,0.02310096613490233,0.5608109015108758,-0.004497976347240253,-0.003311998475658445,-0.13513801823498756,-0.12137424248244422
-7.601995253726292,-0.2177217149245688,0.263535839824964,0.263535839824964,0.263535839824964,D_mean_resid2,0.012930401154049111,0.022856258854791745,0.5657269300368591,-0.002814538998433802,-0.004462331110873829,-0.13778279865244686,-0.11520342920284626
-7.593530563658236,-0.2175325879347231,0.2644934954837022,0.26449349548370227,0.26449349548370227,D_mean_resid2,0.012861414755549349,0.022615154537459405,0.5687077987570632,-0.0028381225906762737,-0.005644575850263114,-0.1402849200595177,-0.10250612829157385
-7.58506587359018,-0.2173437164121552,0.26545115114244044,0.26545115114244056,0.26545115114244056,D_mean_resid2,0.012839677437263166,0.022377586329655592,0.5737740097665295,-0.005214646101418825,-0.006837267849925504,-0.13569281652710657,-0.08217967613006542
-7.576601183522123,-0.2171551156779244,0.2664088068011788,0.26640880680117884,0.26640880680117884,D_mean_resid2,0.01292298776401996,0.022143488854750544,0.5836021527044747,-0.008482701686005512,-0.00794177112299033,-0.11479832888348085,-0.0538381507492372
-7.568136493454066,-0.2169668007216364,0.26736646245991713,0.26736646245991713,0.26736646245991713,D_mean_resid2,0.013107123480916603,0.02191279817521418,0.5981492357166062,-0.011295332787798913,-0.008780732398584574,-0.07076526098916558,-0.01836239164083918
-7.55967180338601,-0.2167787862060687,0.26832411811865536,0.26832411811865536,0.26832411811865536,D_mean_resid2,0.013363974907246806,0.02168545175616894,0.6162645379727958,-0.013339733850630843,-0.009139783126707213,-0.003504325344719228,0.021769751446190883
-7.551207113317954,-0.2165910864717526,0.2692817737773936,0.26928177377739365,0.26928177377739365,D_mean_resid2,0.01367041576168957,0.02146138842998183,0.6369772303543898,-0.014619662819026106,-0.008840058454465938,0.07832320809441667,0.0625844046718681
-7.542742423249897,-0.2164037155415124,0.27023942943613194,0.2702394294361319,0.2702394294361319,D_mean_resid2,0.013999632041072194,0.02124054836186271,0.6590993698735413,-0.01442428369286549,-0.007813819763396873,0.15886678191975928,0.09921811066479089
-7.534277733181841,-0.2162166871249629,0.27119708509487017,0.2711970850948702,0.2711970850948702,D_mean_resid2,0.014285180102198008,0.02102287301643725,0.6795065589288767,-0.011259303455049587,-0.006150542312345434,0.22000541210529548,0.12691313024227877
-7.525813043113784,-0.2160300146229605,0.27215474075360846,0.27215474075360846,0.27215474075360846,D_mean_resid2,0.014409361057915673,0.020808305125263653,0.6924812458858587,-0.0046587222865011185,-0.004089264509864087,0.2478387225271396,0.14212491664053672
-7.517348353045728,-0.2158437111320153,0.27311239641234675,0.27311239641234675,0.27311239641234675,D_mean_resid2,0.014280822982558077,0.020596788655263945,0.6933519210970934,0.0028376514875260253,-0.001954786366234862,0.23783785315299993,0.14340872326594492
-7.508883662977672,-0.2156577894486581,0.274070052071085,0.27407005207108504,0.27407005207108504,D_mean_resid2,0.01394297791718499,0.020388268778040983,0.6838725773618484,0.007078156513117204,-6.281708308013975e-05,0.1960062245886517,0.1318233660677634
-7.500418972909615,-0.2154722620737635,0.27502770772982327,0.2750277077298233,0.2750277077298233,D_mean_resid2,0.013560582179842816,0.02018269184005374,0.6718916528731337,0.006419075590713147,0.0013634775188707134,0.13545679809312397,0.11075080020945932
-7.491954282841558,-0.2152871412168332,0.2759853633885616,0.27598536338856156,0.27598536338856156,D_mean_resid2,0.013273222955993803,0.01998000533362432,0.6643252959325449,0.0033803205971910757,0.0022303825438591833,0.07064404860103389,0.08520355999714088
-7.483489592773502,-0.2151024388002332,0.27694301904729984,0.2769430190472999,0.2769430190472999,D_mean_resid2,0.013085480510631492,0.01978015786875076,0.6615458075440488,0.0017314477212193166,0.0025594374719917143,0.012969186519116077,0.06080744043419421
-7.475024902705446,-0.2149181664633908,0.2779006747060381,0.27790061062327476,0.27790061062327476,D_mean_resid2,0.01290479884912879,0.01958310364670402,0.6589761807904623,0.0028249239892246484,0.00244994283249744,-0.029873094705471087,0.042678645019984716
-7.46656021263739,-0.2147343355669473,0.27885833036477636,0.27885778432714103,0.27885778432714103,D_mean_resid2,0.012655752286776532,0.0193888177409624,0.6527346048562288,0.00494167712308854,0.0020537044958807158,-0.051780259497066536,0.034390043273491364
-7.458095522569333,-0.2145509571968697,0.27981598602351465,0.27981283590133543,0.27981283590133543,D_mean_resid2,0.012353201164864156,0.019197367163770518,0.6434841329793001,0.0051120689184189615,0.0015733351359250164,-0.04684628402802532,0.037189378449245546
-7.449630832501276,-0.2143680421685181,0.280773641682253,0.28075949428986197,0.28075949428986197,D_mean_resid2,0.01210196439929023,0.019009121290503195,0.6366398643232539,0.001430477050493199,0.0012606259456059146,-0.011466564938145005,0.04961968685830568
-7.44116614243322,-0.2141856010306729,0.2817312973409912,0.281680299846478,0.281680299846478,D_mean_resid2,0.012029409599251296,0.018825171258689894,0.6390066488079569,-0.0048350783352076095,0.0013792132992316891,0.050821238518758,0.06767865035932114
-7.432701452365164,-0.2140036440695171,0.28268895299972946,0.282539087683345,0.282539087683345,D_mean_resid2,0.01216106882190571,0.018647774072369533,0.6521458687085235,-0.00870022369371903,0.002120998011477992,0.12585320819413826,0.0855902266666863
-7.424236762297107,-0.2138221813125805,0.2836466086584678,0.2832820111660017,0.2832820111660017,D_mean_resid2,0.01232580265183814,0.018480211105751907,0.6669730438307478,-0.0051883309767840665,0.0035098301020996957,0.190791118598512,0.09711863582469935
-7.415772072229051,-0.2136412225326375,0.28460426431720603,0.28385635300802214,0.28385635300802214,D_mean_resid2,0.012256884833876594,0.018325528219050397,0.6688421030688155,0.004678723969049139,0.005350973384826374,0.2219367870074561,0.09716002460078094
-7.407307382160994,-0.2134607772515664,0.28460426431720603,0.28423966682474,0.28423966682474,D_mean_resid2,0.011849645896698839,0.01818472097527158,0.6516264897774638,0.013884087947364721,0.007267082335536473,0.20449653240085713,0.08318587139918515
-7.398842692092938,-0.2132808547441668,0.28460426431720603,0.2844543990008216,0.2844543990008216,D_mean_resid2,0.011254260354059218,0.01805594056897622,0.6232995900194935,0.017145140231988536,0.008812972918357472,0.13892639708207527,0.05607990911968503
-7.390378002024881,-0.2131014640419326,0.28460426431720603,0.28455326682269283,0.28455326682269283,D_mean_resid2,0.010673737605280615,0.017935541007424637,0.5951165677613008,0.016041776878643884,0.009619020122679428,0.04084701068199659,0.02005324955731943
-7.381913311956825,-0.2129226139367883,0.28460426431720603,0.284590116924815,0.284590116924815,D_mean_resid2,0.010159309725553062,0.01781995078493033,0.5701087420591763,0.0147769603915856,0.009504487489616957,-0.0646336329288214,-0.01839567393587503
-7.373448621888769,-0.2127443129847803,0.28460426431720603,0.28460111419502676,0.28460111419502676,D_mean_resid2,0.00966426782506717,0.017706817601862886,0.5457936057380757,0.013784701276676088,0.008524812781249476,-0.15105903116273917,-0.05219337580325574
-7.364983931820712,-0.2125665695097303,0.28460426431720603,0.28460371827957065,0.28460371827957065,D_mean_resid2,0.009216554161491499,0.017595017387660672,0.5238161439928464,0.010241445618250248,0.006947151728069943,-0.19827468540576482,-0.07556528394352273
-7.356519241752656,-0.2123893916068448,0.28460426431720603,0.28460420023444266,0.28460420023444266,D_mean_resid2,0.008938424606014503,0.01748414632644884,0.5112302562060497,0.003333033167356651,0.005168145260647088,-0.1978540668387106,-0.08550869828759708
-7.348054551684599,-0.2122127871462875,0.28460426431720603,0.2846042643172061,0.2846042643172061,D_mean_resid2,0.008905348694290422,0.017374090915708226,0.5125648724583879,-0.0035937741500218145,0.0035976050190815235,-0.15522962477570446,-0.08244146731398158
-7.339589861616543,-0.2120367637767093,0.28460426431720603,0.2846042643172061,0.2846042643172061,D_mean_resid2,0.009039779955341169,0.01726482269272159,0.5235952964146054,-0.006245182309512666,0.002540203934432948,-0.08767009598697907,-0.06987837703934249
-7.331125171548486,-0.2118613289287386,0.28460426431720603,0.2846042643172061,0.2846042643172061,D_mean_resid2,0.009162819925672201,0.017156331341551343,0.5340780463641747,-0.00361128039576015,0.002113404637548506,-0.018184542572225876,-0.05329558992469592
-7.32266048148043,-0.211686489818432,0.28460426431720603,0.2846042643172061,0.2846042643172061,D_mean_resid2,0.009139120092686024,0.01704861054961987,0.5360624589368544,0.0015192015025710633,0.002232350900626349,0.03261218989488132,-0.03857521069510372
-7.314195791412374,-0.2115122534506848,0.28460426431720603,0.2846042643172061,0.2846042643172061,D_mean_resid2,0.008957372558295464,0.016941654058115627,0.5287188917663312,0.005691939373249784,0.002665508797350026,0.05307466905997324,-0.03050236467595916
-7.305731101344317,-0.2113386266226041,0.28460426431720603,0.2846042643172061,0.2846042643172061,D_mean_resid2,0.008687843269315314,0.016835455661639707,0.5160444388274521,0.007322938801467267,0.003130872148741035,0.04249224575788982,-0.031704748145285025
-7.297266411276261,-0.2111656159268386,0.28460426431720603,0.2846042643172061,0.2846042643172061,D_mean_resid2,0.008412558311538875,0.0167300092078506,0.5028424196916318,0.006494810977690486,0.0033848761786225,0.008143843594165728,-0.042233617000847185
-7.288801721208204,-0.2109932277548744,0.28460426431720603,0.2846042643172061,0.2846042643172061,D_mean_resid2,0.008195836573287953,0.016625308597107136,0.4929735003363522,0.00430248719013568,0.0032687423727156767,-0.039856398077695476,-0.05977558539712806
-7.280337031140148,-0.2108214683002883,0.28460426431720603,0.2846042643172061,0.2846042643172061,D_mean_resid2,0.008053765926246114,0.016521347782110056,0.48747632653596445,0.002801444770991475,0.0027101320647089956,-0.09228975749654791,-0.08033755382021167
-7.271872341072091,-0.2106503435619644,0.28460426431720603,0.2846042643172061,0.2846042643172061,D_mean_resid2,0.007928197461900594,0.016418120767542062,0.4828931139046259,0.0033882094791947877,0.001706333985386886,-0.14132213656160866,-0.09919143421656063
-7.263407651004035,-0.2104798593472716,0.28460426431720603,0.2846042643172061,0.2846042643172061,D_mean_resid2,0.007752879136519238,0.016315621609706774,0.4751813520795775,0.004471160064327589,0.000317635893209889,-0.17897707582679284,-0.11187772896345559
-7.254942960935979,-0.2103100212752051,0.28460426431720603,0.2846042643172061,0.2846042643172061,D_mean_resid2,0.0075651679308903,0.01621384441616647,0.4665869325443407,0.0027082234104958015,-0.001323636966934653,-0.1965363322485501,-0.11510024360533735
-7.246478270867922,-0.2101408347794866,0.28460426431720603,0.2846042643172061,0.2846042643172061,D_mean_resid2,0.007497142610215166,0.01611278334537902,0.4652915917450891,-0.002847051321438471,-0.0030096023859832255,-0.18678343719677562,-0.10736518423168313
-7.238013580799866,-0.2099723051116314,0.28460426431720603,0.2846042643172061,0.2846042643172061,D_mean_resid2,0.007640807429483899,0.016012432606333924,0.47717967765007047,-0.009356221837807967,-0.004485764778368678,-0.1481456074442731,-0.08923642595306205
-7.229548890731809,-0.2098044373439738,0.28460426431720603,0.2846042643172061,0.2846042643172061,D_mean_resid2,0.007958253939147184,0.01591278645818767,0.5001169317553678,-0.013055933260363297,-0.005517615689902651,-0.08756801042132101,-0.06312996104257429
-7.221084200663753,-0.2096372363726594,0.28460426431720603,0.2846042643172061,0.2846042643172061,D_mean_resid2,0.008318106700426294,0.01581383920989865,0.5260017248195863,-0.012353707628715497,-0.005968236914554388,-0.01934412502732613,-0.03267668289534958
-7.212619510595696,-0.2094707069205988,0.28460426431720603,0.2846042643172061,0.2846042643172061,D_mean_resid2,0.00858937384000726,0.015715585219861484,0.5465513195876371,-0.008428592120385072,-0.005845099735890692,0.04011690817393454,-0.001820334487813183
-7.20415482052764,-0.2093048535403847,0.28460426431720603,0.2846042643172061,0.2846042643172061,D_mean_resid2,0.008712447676098174,0.01561801889554119,0.5578458916185267,-0.003947424460757349,-0.005289082526192356,0.07871654513194354,0.02607930504385885
-7.1956901304595835,-0.2091396806171744,0.28460426431720603,0.2846042643172061,0.2846042643172061,D_mean_resid2,0.008715709788582854,0.01552113469310702,0.5615381839610943,-0.0019324812243006863,-0.004512477420350594,0.09174643130437873,0.04886596306311272
